header_seq,header_stamp,header_frame_id,t,is_single_rotor_thrust,collective_thrust,bodyrates_x,bodyrates_y,bodyrates_z,thrusts_0,thrusts_1,thrusts_2,thrusts_3
9609,96.102,,96.10200000000353,False,8.361814469274755,3.9756936216392473e-16,1.3878096517822746e-14,-1.241353906769145e-16,nan,nan,nan,nan
9610,96.111,,96.11100000000353,False,8.361814469274755,4.4396376211148017e-16,9.91473865920055e-15,-1.270751229000651e-16,nan,nan,nan,nan
9611,96.12,,96.12000000000353,False,8.361814469274755,4.764905555308294e-16,5.8958335404337484e-15,-1.3056168924869998e-16,nan,nan,nan,nan
9612,96.132,,96.13200000000353,False,8.361814469274755,5.245469312122037e-16,5.308264345527918e-16,-1.3488561249932842e-16,nan,nan,nan,nan
9613,96.141,,96.14100000000353,False,8.361814469274755,5.515761806060062e-16,-3.453856976460344e-15,-1.375347154831904e-16,nan,nan,nan,nan
9614,96.15,,96.15000000000353,False,8.361814469274755,5.595748610212556e-16,-7.318847462110095e-15,-1.3949819568531042e-16,nan,nan,nan,nan
9615,96.162,,96.16200000000353,False,8.361814469274753,5.672251003268881e-16,-1.219587705462201e-14,-1.4196007072348623e-16,nan,nan,nan,nan
9616,96.171,,96.17100000000353,False,8.361814469274753,5.717870992985339e-16,-1.559906641513782e-14,-1.438192464272689e-16,nan,nan,nan,nan
9617,96.18,,96.18000000000353,False,8.361814469274753,5.75408320321375e-16,-1.875790724861903e-14,-1.456986464720455e-16,nan,nan,nan,nan
9618,96.192,,96.19200000000353,False,8.361814469274753,5.787782121050838e-16,-2.2550424532843222e-14,-1.4823597328440488e-16,nan,nan,nan,nan
9619,96.201,,96.20100000000353,False,8.361814469274753,5.802162738726257e-16,-2.505047157671761e-14,-1.5016256345816733e-16,nan,nan,nan,nan
9620,96.21,,96.21000000000353,False,8.361814469274751,5.807249879866151e-16,-2.7229315110464172e-14,-1.521093779729237e-16,nan,nan,nan,nan
9621,96.222,,96.22200000000353,False,8.361814469274751,5.79965412151236e-16,-2.9593531141855756e-14,-1.5473659074525607e-16,nan,nan,nan,nan
9622,96.231,,96.23100000000353,False,8.361814469274751,5.783238502490732e-16,-3.092955911326814e-14,-1.5673059538899823e-16,nan,nan,nan,nan
9623,96.24,,96.24000000000353,False,8.361814469274751,5.757696960316606e-16,-3.18635056095939e-14,-1.5874482437373438e-16,nan,nan,nan,nan
9624,96.252,,96.25200000000353,False,8.361814469274751,5.70955120747428e-16,-3.243996276611375e-14,-1.614619231060397e-16,nan,nan,nan,nan
9625,96.261,,96.26100000000353,False,8.361814469274751,5.662959988534628e-16,-3.233768496969162e-14,-1.6352334221976156e-16,nan,nan,nan,nan
9626,96.27,,96.27000000000353,False,8.361814469274751,5.6074636502560145e-16,-3.174842475135848e-14,-1.6560498567447732e-16,nan,nan,nan,nan
9627,96.282,,96.28200000000353,False,8.36181446927475,5.519749253207551e-16,-3.015978549156489e-14,-1.6841197036675554e-16,nan,nan,nan,nan
9628,96.291,,96.29100000000354,False,8.36181446927475,5.443780572563928e-16,-2.8331505292383776e-14,-1.7054080395045716e-16,nan,nan,nan,nan
9629,96.3,,96.30000000000354,False,8.36181446927475,5.359088783084053e-16,-2.59275221137493e-14,-1.7268854967644457e-16,nan,nan,nan,nan
9630,96.312,,96.31200000000354,False,8.36181446927475,5.219914132373822e-16,-2.1860770168975812e-14,-1.7555897051944168e-16,nan,nan,nan,nan
9631,96.321,,96.32100000000354,False,8.36181446927475,5.094112261798284e-16,-1.83209105288442e-14,-1.7767039521839685e-16,nan,nan,nan,nan
9632,96.33,,96.33000000000354,False,8.36181446927475,4.960465082757766e-16,-1.4492091394556865e-14,-1.797724876256799e-16,nan,nan,nan,nan
9633,96.342,,96.34200000000354,False,8.361814469274751,4.771268851344721e-16,-9.099887776631237e-15,-1.825941644945439e-16,nan,nan,nan,nan
9634,96.351,,96.35100000000354,False,8.361814469274751,4.598130843605305e-16,-4.997127910413655e-15,-1.8469928253899897e-16,nan,nan,nan,nan
9635,96.36,,96.36000000000354,False,8.361814469274751,4.4013366989709945e-16,-9.59115167098879e-16,-1.8696562839445268e-16,nan,nan,nan,nan
9636,96.372,,96.37200000000354,False,8.361814469274751,4.1443296935503055e-16,4.234150369244307e-15,-1.9001943613618974e-16,nan,nan,nan,nan
9637,96.381,,96.38100000000354,False,8.361814469274751,3.9568989030869374e-16,7.930572494326096e-15,-1.923234329506088e-16,nan,nan,nan,nan
9638,96.39,,96.39000000000354,False,8.361814469274751,3.775145267138763e-16,1.1415769110555497e-14,-1.9439917255653593e-16,nan,nan,nan,nan
9639,96.402,,96.40200000000354,False,8.361814469274751,3.543406430726388e-16,1.5695302329456207e-14,-1.9680925712754788e-16,nan,nan,nan,nan
9640,96.411,,96.41100000000354,False,8.361814469274751,3.3789033036775847e-16,1.8599889983383868e-14,-1.9834864437813864e-16,nan,nan,nan,nan
9641,96.42,,96.42000000000354,False,8.361814469274751,3.223552595313774e-16,2.1217254409807446e-14,-1.996581663335853e-16,nan,nan,nan,nan
9642,96.432,,96.43200000000354,False,8.361814469274751,3.0325275464421495e-16,2.4219499103967227e-14,-2.010466273706232e-16,nan,nan,nan,nan
9643,96.441,,96.44100000000354,False,8.361814469274751,2.902770111326543e-16,2.607439863142145e-14,-2.0181979697073358e-16,nan,nan,nan,nan
9644,96.45,,96.45000000000354,False,8.361814469274751,2.7858407715965557e-16,2.7562095563869637e-14,-2.0236310127569984e-16,nan,nan,nan,nan
9645,96.462,,96.46200000000354,False,8.361814469274751,2.6518658511573595e-16,2.893158787772426e-14,-2.02729938778764e-16,nan,nan,nan,nan
9646,96.471,,96.47100000000354,False,8.361814469274753,2.5693401782630066e-16,2.946543879952827e-14,-2.0273689072839396e-16,nan,nan,nan,nan
9647,96.48,,96.48000000000354,False,8.361814469274753,2.503518689985734e-16,2.954802554096406e-14,-2.025139773828797e-16,nan,nan,nan,nan
9648,96.492,,96.49200000000354,False,8.361814469274753,2.443820961229892e-16,2.891115842845937e-14,-2.0185919135196992e-16,nan,nan,nan,nan
9649,96.501,,96.50100000000354,False,8.361814469274753,2.421681162614288e-16,2.7838992872568955e-14,-2.0109992565111937e-16,nan,nan,nan,nan
9650,96.51,,96.51000000000354,False,8.361814469274753,2.420322050378051e-16,2.6227419333087896e-14,-2.0011079465512482e-16,nan,nan,nan,nan
9651,96.522,,96.52200000000354,False,8.361814469274753,2.452017566566836e-16,2.3194688576057625e-14,-1.9844881927603056e-16,nan,nan,nan,nan
9652,96.531,,96.53100000000354,False,8.361814469274753,2.477143348223104e-16,2.0296431627389264e-14,-1.9718904973074972e-16,nan,nan,nan,nan
9653,96.54,,96.54000000000354,False,8.361814469274753,2.5143201842782764e-16,1.701542745990573e-14,-1.9595456678324372e-16,nan,nan,nan,nan
9654,96.552,,96.55200000000355,False,8.361814469274753,2.537483157010866e-16,1.2231061345647493e-14,-1.9447105720926792e-16,nan,nan,nan,nan
9655,96.561,,96.56100000000355,False,8.361814469274753,2.373291790598264e-16,8.486969649936975e-15,-1.9389944287872577e-16,nan,nan,nan,nan
9656,96.57,,96.57000000000355,False,8.361814469274753,2.213290154441969e-16,4.683438993989582e-15,-1.932014790070099e-16,nan,nan,nan,nan
9657,96.582,,96.58200000000355,False,8.361814469274753,2.036087459768983e-16,-3.7795782215180304e-16,-1.9192791514245455e-16,nan,nan,nan,nan
9658,96.591,,96.59100000000355,False,8.361814469274753,1.9083908021921925e-16,-4.1205823673339065e-15,-1.907738231423035e-16,nan,nan,nan,nan
9659,96.6,,96.60000000000355,False,8.361814469274753,1.7512610088057507e-16,-7.742030658367254e-15,-1.8961737794655046e-16,nan,nan,nan,nan
9660,96.612,,96.61200000000355,False,8.361814469274753,1.5034849657475243e-16,-1.2317233711545889e-14,-1.8821788194856009e-16,nan,nan,nan,nan
9661,96.621,,96.62100000000355,False,8.361814469274753,1.2874566754015017e-16,-1.5513420261374345e-14,-1.872757392466815e-16,nan,nan,nan,nan
9662,96.63,,96.63000000000355,False,8.361814469274753,1.0442062767552588e-16,-1.8483527638279226e-14,-1.8642572165618646e-16,nan,nan,nan,nan
9663,96.642,,96.64200000000355,False,8.361814469274753,6.754100181494936e-17,-2.2055448388956438e-14,-1.854356705976787e-16,nan,nan,nan,nan
9664,96.651,,96.65100000000355,False,8.361814469274753,3.638553307450594e-17,-2.441533899359729e-14,-1.8480061160041212e-16,nan,nan,nan,nan
9665,96.66,,96.66000000000355,False,8.361814469274753,2.0936739818036396e-18,-2.64774509109629e-14,-1.8425767771452908e-16,nan,nan,nan,nan
9666,96.672,,96.67200000000355,False,8.361814469274753,-4.872877131013386e-17,-2.872522825298688e-14,-1.836770715955041e-16,nan,nan,nan,nan
9667,96.681,,96.68100000000355,False,8.361814469274753,-9.083873587237431e-17,-3.0005436540646785e-14,-1.8334909630284952e-16,nan,nan,nan,nan
9668,96.69,,96.69000000000355,False,8.361814469274753,-1.3651749120211033e-16,-3.091240549186167e-14,-1.831132461215785e-16,nan,nan,nan,nan
9669,96.702,,96.70200000000355,False,8.361814469274753,-2.032045355486835e-16,-3.150065876225564e-14,-1.8294208494203617e-16,nan,nan,nan,nan
9670,96.711,,96.71100000000355,False,8.361814469274753,-2.577315883586772e-16,-3.144526124508086e-14,-1.8292119335399358e-16,nan,nan,nan,nan
9671,96.72,,96.72000000000355,False,8.361814469274755,-3.1627805324440336e-16,-3.093740260747317e-14,-1.8299242687733458e-16,nan,nan,nan,nan
9672,96.732,,96.73200000000355,False,8.361814469274755,-4.008324580155541e-16,-2.951403498851314e-14,-1.8323071063727491e-16,nan,nan,nan,nan
9673,96.741,,96.74100000000355,False,8.361814469274755,-4.692999278092575e-16,-2.785457106258957e-14,-1.835169027538443e-16,nan,nan,nan,nan
9674,96.75,,96.75000000000355,False,8.361814469274755,-5.422556518799305e-16,-2.5659663097427075e-14,-1.838952199817974e-16,nan,nan,nan,nan
9675,96.762,,96.76200000000355,False,8.361814469274755,-6.365505873911696e-16,-2.1875758167380656e-14,-1.847411807390007e-16,nan,nan,nan,nan
9676,96.771,,96.77100000000355,False,8.361814469274755,-6.779175107404299e-16,-1.8485015825439382e-14,-1.8549285309541627e-16,nan,nan,nan,nan
9677,96.78,,96.78000000000355,False,8.361814469274753,-7.026778661340337e-16,-1.4776063028385954e-14,-1.8632376657295857e-16,nan,nan,nan,nan
9678,96.792,,96.79200000000355,False,8.361814469274753,-7.301307027492092e-16,-9.483844765360658e-15,-1.8751851524112659e-16,nan,nan,nan,nan
9679,96.801,,96.80100000000355,False,8.361814469274753,-7.314233475601628e-16,-5.423209803307224e-15,-1.8909110644627999e-16,nan,nan,nan,nan
9680,96.81,,96.81000000000355,False,8.361814469274753,-7.310434226675779e-16,-1.3615790424732711e-15,-1.90882199076634e-16,nan,nan,nan,nan
9681,96.822,,96.82200000000356,False,8.361814469274753,-7.293942270385138e-16,3.996101184280948e-15,-1.9353908480084359e-16,nan,nan,nan,nan
9682,96.831,,96.83100000000356,False,8.361814469274753,-7.271053769916411e-16,7.853132780130645e-15,-1.955231952901444e-16,nan,nan,nan,nan
9683,96.84,,96.84000000000356,False,8.361814469274753,-7.210025066371457e-16,1.1508537703881766e-14,-1.9728137708042551e-16,nan,nan,nan,nan
9684,96.852,,96.85200000000356,False,8.361814469274753,-7.066615482976729e-16,1.6029388861411675e-14,-1.9926805123057609e-16,nan,nan,nan,nan
9685,96.861,,96.86100000000356,False,8.361814469274753,-6.910486923988242e-16,1.912591650964239e-14,-2.0048988066552085e-16,nan,nan,nan,nan
9686,96.87,,96.87000000000356,False,8.361814469274753,-6.710953003170423e-16,2.1944754873979412e-14,-2.014818448053216e-16,nan,nan,nan,nan
9687,96.882,,96.88200000000356,False,8.361814469274755,-6.37459432937122e-16,2.5230690589481252e-14,-2.0244689542149835e-16,nan,nan,nan,nan
9688,96.891,,96.89100000000356,False,8.361814469274755,-6.067469413842456e-16,2.7309824104916086e-14,-2.0290250720596272e-16,nan,nan,nan,nan
9689,96.9,,96.90000000000356,False,8.361814469274755,-5.711485584818625e-16,2.903172969607778e-14,-2.0312825369528298e-16,nan,nan,nan,nan
9690,96.912,,96.91200000000356,False,8.361814469274755,-5.157939813211685e-16,3.0729244901198437e-14,-2.0307168077748578e-16,nan,nan,nan,nan
9691,96.921,,96.92100000000356,False,8.361814469274755,-4.681406220970888e-16,3.1521092895068953e-14,-2.027610749114698e-16,nan,nan,nan,nan
9692,96.93,,96.93000000000356,False,8.361814469274755,-4.150359751038462e-16,3.1872092106426654e-14,-2.022206037503097e-16,nan,nan,nan,nan
9693,96.942,,96.94200000000356,False,8.361814469274755,-3.3544981518612753e-16,3.16095385423231e-14,-2.0114240729853864e-16,nan,nan,nan,nan
9694,96.951,,96.95100000000356,False,8.361814469274755,-2.6894755209672687e-16,3.083060223299344e-14,-2.0006558378204222e-16,nan,nan,nan,nan
9695,96.96,,96.96000000000356,False,8.361814469274755,-1.964085635654237e-16,2.952311406505104e-14,-1.987588949704017e-16,nan,nan,nan,nan
9696,96.972,,96.97200000000356,False,8.361814469274755,-8.99888756785052e-17,2.6910700282390327e-14,-1.9665907498465675e-16,nan,nan,nan,nan
9697,96.981,,96.98100000000356,False,8.361814469274755,-9.152692118947624e-18,2.4276485649789827e-14,-1.951129252077413e-16,nan,nan,nan,nan
9698,96.99,,96.99000000000356,False,8.361814469274755,6.188312245145529e-17,2.1129244689020143e-14,-1.9391704990864798e-16,nan,nan,nan,nan
9699,97.002,,97.00200000000356,False,8.361814469274755,1.5310728715888277e-16,1.6345310972036528e-14,-1.9229508930091357e-16,nan,nan,nan,nan
9700,97.011,,97.01100000000356,False,8.361814469274755,2.1664533180635405e-16,1.248323340646904e-14,-1.9122291046136742e-16,nan,nan,nan,nan
9701,97.02,,97.02000000000356,False,8.361814469274755,2.733564810009025e-16,8.533092317351502e-15,-1.9026701662706632e-16,nan,nan,nan,nan
9702,97.032,,97.03200000000356,False,8.361814469274755,3.5125183205293103e-16,3.209078557008196e-15,-1.8890526408515112e-16,nan,nan,nan,nan
9703,97.041,,97.04100000000356,False,8.361814469274755,3.8472866058574415e-16,-7.576294515312711e-16,-1.8801277632563583e-16,nan,nan,nan,nan
9704,97.05,,97.05000000000356,False,8.361814469274755,3.8515746287113036e-16,-4.639581376517906e-15,-1.869914497068094e-16,nan,nan,nan,nan
9705,97.062,,97.06200000000356,False,8.361814469274755,3.7994308220224707e-16,-9.596179533414292e-15,-1.8567564376518457e-16,nan,nan,nan,nan
9706,97.071,,97.07100000000356,False,8.361814469274753,3.734554107299616e-16,-1.309354310466987e-14,-1.8460769793240568e-16,nan,nan,nan,nan
9707,97.08,,97.08000000000357,False,8.361814469274753,3.655132328228336e-16,-1.636103254495856e-14,-1.8355932034126664e-16,nan,nan,nan,nan
9708,97.092,,97.09200000000357,False,8.361814469274753,3.526603996518654e-16,-2.0321198293487522e-14,-1.8219294363907188e-16,nan,nan,nan,nan
9709,97.101,,97.10100000000357,False,8.361814469274753,3.413181323687003e-16,-2.296438848573537e-14,-1.8119175617691866e-16,nan,nan,nan,nan
9710,97.11,,97.11000000000357,False,8.361814469274753,3.2851258096053066e-16,-2.5301568761171394e-14,-1.8021079305575934e-16,nan,nan,nan,nan
9711,97.122,,97.12200000000357,False,8.361814469274751,3.091572291862439e-16,-2.7900960338272215e-14,-1.7893430231353753e-16,nan,nan,nan,nan
9712,97.131,,97.13100000000357,False,8.361814469274751,2.9292662834921806e-16,-2.9431733945282794e-14,-1.7800052932136408e-16,nan,nan,nan,nan
9713,97.14,,97.14000000000357,False,8.361814469274751,2.752247087432191e-16,-3.0576440107241075e-14,-1.7708698067018456e-16,nan,nan,nan,nan
9714,97.152,,97.15200000000357,False,8.361814469274751,2.493311288368653e-16,-3.145924627628943e-14,-1.7590037588793569e-16,nan,nan,nan,nan
9715,97.161,,97.16100000000357,False,8.361814469274751,2.281916248496434e-16,-3.1606051391751306e-14,-1.7503401736574196e-16,nan,nan,nan,nan
9716,97.17,,97.17000000000357,False,8.361814469274751,2.0557809249253104e-16,-3.1282708552054825e-14,-1.7418788318454205e-16,nan,nan,nan,nan
9717,97.182,,97.18200000000357,False,8.36181446927475,1.73134241783366e-16,-3.007523815702376e-14,-1.7309116436226611e-16,nan,nan,nan,nan
9718,97.191,,97.19100000000357,False,8.36181446927475,1.470830151931161e-16,-2.855311293507356e-14,-1.72292220310052e-16,nan,nan,nan,nan
9719,97.2,,97.20000000000357,False,8.36181446927475,1.1956037567510928e-16,-2.6472736265993348e-14,-1.7151350059883187e-16,nan,nan,nan,nan
9720,97.212,,97.21200000000357,False,8.36181446927475,8.045163877013045e-17,-2.281186926335973e-14,-1.7045262316032444e-16,nan,nan,nan,nan
9721,97.221,,97.22100000000357,False,8.36181446927475,4.9359870584826606e-17,-1.9514292325275344e-14,-1.6954565775669027e-16,nan,nan,nan,nan
9722,97.23,,97.23000000000357,False,8.36181446927475,1.5872462180022803e-17,-1.5898237164048888e-14,-1.6865033594367417e-16,nan,nan,nan,nan
9723,97.242,,97.24200000000357,False,8.361814469274751,-3.0740706183049077e-17,-1.0787521319213504e-14,-1.6751386591628973e-16,nan,nan,nan,nan
9724,97.251,,97.25100000000357,False,8.361814469274751,-6.863395987779362e-17,-6.835086693910934e-15,-1.6661323985158757e-16,nan,nan,nan,nan
9725,97.26,,97.26000000000357,False,8.361814469274751,-1.101326168793475e-16,-2.8664909461947066e-15,-1.6569930630500938e-16,nan,nan,nan,nan
9726,97.272,,97.27200000000357,False,8.361814469274751,-1.676375149366998e-16,2.3222171109727884e-15,-1.6515494699609545e-16,nan,nan,nan,nan
9727,97.281,,97.28100000000357,False,8.361814469274751,-2.009225734213898e-16,6.095224406187811e-15,-1.6556168599239823e-16,nan,nan,nan,nan
9728,97.29,,97.29000000000357,False,8.361814469274751,-2.3005394245968846e-16,9.725677980322053e-15,-1.662889884575385e-16,nan,nan,nan,nan
9729,97.302,,97.30200000000357,False,8.361814469274751,-2.727022640625482e-16,1.4290303642033655e-14,-1.6733370213263795e-16,nan,nan,nan,nan
9730,97.311,,97.31100000000357,False,8.361814469274751,-3.0291203417451446e-16,1.7460841549542275e-14,-1.6804589101751418e-16,nan,nan,nan,nan
9731,97.32,,97.32000000000357,False,8.361814469274751,-3.310623648527251e-16,2.0389496118640324e-14,-1.6868764675028426e-16,nan,nan,nan,nan
9732,97.332,,97.33200000000357,False,8.361814469274751,-3.6507726121425825e-16,2.388060232346871e-14,-1.6943375837959042e-16,nan,nan,nan,nan
9733,97.341,,97.34100000000358,False,8.361814469274751,-3.8770877504661203e-16,2.6159996304132612e-14,-1.6991117009077962e-16,nan,nan,nan,nan
9734,97.35,,97.35000000000358,False,8.361814469274751,-4.0766242079217536e-16,2.8123936427150073e-14,-1.7031814864986267e-16,nan,nan,nan,nan
9735,97.362,,97.36200000000358,False,8.361814469274751,-4.2976990752043933e-16,3.0212331847694084e-14,-1.7075122404758608e-16,nan,nan,nan,nan
9736,97.371,,97.37100000000358,False,8.361814469274751,-4.4272461963843855e-16,3.135088772832118e-14,-1.7099385858508817e-16,nan,nan,nan,nan
9737,97.38,,97.38000000000358,False,8.361814469274751,-4.523512207955042e-16,3.209659713857525e-14,-1.7116605997048418e-16,nan,nan,nan,nan
9738,97.392,,97.39200000000358,False,8.361814469274751,-4.596613295609741e-16,3.2438314607161146e-14,-1.712860991366248e-16,nan,nan,nan,nan
9739,97.401,,97.40100000000358,False,8.361814469274751,-4.607346471261817e-16,3.2173597902923653e-14,-1.7129395650043984e-16,nan,nan,nan,nan
9740,97.41,,97.41000000000358,False,8.361814469274751,-4.577977966352045e-16,3.143482002209583e-14,-1.7123138071214874e-16,nan,nan,nan,nan
9741,97.422,,97.42200000000358,False,8.361814469274751,-4.472791625700953e-16,2.9668905288868964e-14,-1.710383836467066e-16,nan,nan,nan,nan
9742,97.431,,97.43100000000358,False,8.361814469274751,-4.3416044534037973e-16,2.7725741203303392e-14,-1.7081146383683455e-16,nan,nan,nan,nan
9743,97.44,,97.44000000000358,False,8.361814469274751,-4.16317688738119e-16,2.522347914143947e-14,-1.7051411087485634e-16,nan,nan,nan,nan
9744,97.452,,97.45200000000358,False,8.361814469274751,-3.894907747356164e-16,2.103882049093435e-14,-1.7013248559358624e-16,nan,nan,nan,nan
9745,97.461,,97.46100000000358,False,8.361814469274751,-3.6609075099479414e-16,1.7436887304159835e-14,-1.6978529724435148e-16,nan,nan,nan,nan
9746,97.47,,97.47000000000358,False,8.361814469274753,-3.3937544773862656e-16,1.3573766784351689e-14,-1.6941706330027046e-16,nan,nan,nan,nan
9747,97.482,,97.48200000000358,False,8.361814469274753,-3.015411095801732e-16,8.211538427060622e-15,-1.68820842419914e-16,nan,nan,nan,nan
9748,97.491,,97.49100000000358,False,8.361814469274751,-2.6774396679972725e-16,4.156297762276175e-15,-1.6815603470502142e-16,nan,nan,nan,nan
9749,97.5,,97.50000000000358,False,8.361814469274753,-2.2853231118994517e-16,1.1463768620096803e-16,-1.6742529648064858e-16,nan,nan,nan,nan
9750,97.512,,97.51200000000358,False,8.361814469274753,-1.695303733827671e-16,-5.173043798369536e-15,-1.6665930702472019e-16,nan,nan,nan,nan
9751,97.521,,97.52100000000358,False,8.361814469274753,-1.2391317048702845e-16,-8.972344945483173e-15,-1.662526907478685e-16,nan,nan,nan,nan
9752,97.53,,97.53000000000358,False,8.361814469274753,-7.744123129271779e-17,-1.2565566815465334e-14,-1.6612956189400292e-16,nan,nan,nan,nan
9753,97.542,,97.54200000000358,False,8.361814469274753,-1.4277198901992767e-17,-1.699647333024688e-14,-1.6641262419491888e-16,nan,nan,nan,nan
9754,97.551,,97.55100000000358,False,8.361814469274753,3.389850032176211e-17,-2.0020281675619e-14,-1.6696034650015836e-16,nan,nan,nan,nan
9755,97.56,,97.56000000000358,False,8.361814469274753,8.267588112631851e-17,-2.2761906107731875e-14,-1.677955764450143e-16,nan,nan,nan,nan
9756,97.572,,97.57200000000358,False,8.361814469274753,1.4851074712150516e-16,-2.59379246096224e-14,-1.6935645047755892e-16,nan,nan,nan,nan
9757,97.581,,97.58100000000358,False,8.361814469274753,1.9838016923887342e-16,-2.7929418472182437e-14,-1.708625315815199e-16,nan,nan,nan,nan
9758,97.59,,97.59000000000358,False,8.361814469274753,2.4857999732627196e-16,-2.955924695763571e-14,-1.7265612032509736e-16,nan,nan,nan,nan
9759,97.602,,97.60200000000359,False,8.361814469274753,3.158800275447158e-16,-3.112712649620197e-14,-1.754948060892706e-16,nan,nan,nan,nan
9760,97.611,,97.61100000000359,False,8.361814469274753,3.665176628112941e-16,-3.181662795909026e-14,-1.7795924599195307e-16,nan,nan,nan,nan
9761,97.62,,97.62000000000359,False,8.361814469274753,4.1719620754413154e-16,-3.2060919977566035e-14,-1.8071119353425203e-16,nan,nan,nan,nan
9762,97.632,,97.63200000000359,False,8.361814469274753,4.846747508579608e-16,-3.1649353587004544e-14,-1.8482769103005393e-16,nan,nan,nan,nan
9763,97.641,,97.64100000000359,False,8.361814469274753,5.35094353219345e-16,-3.075364272183385e-14,-1.882504897314579e-16,nan,nan,nan,nan
9764,97.65,,97.65000000000359,False,8.361814469274753,5.852471476502174e-16,-2.932511574148656e-14,-1.9196079607247839e-16,nan,nan,nan,nan
9765,97.662,,97.66200000000359,False,8.361814469274755,6.515365711848929e-16,-2.6544740440623678e-14,-1.9735510529990895e-16,nan,nan,nan,nan
9766,97.671,,97.67100000000359,False,8.361814469274755,6.936774236714202e-16,-2.3784770439169083e-14,-2.0154892070506222e-16,nan,nan,nan,nan
9767,97.68,,97.68000000000359,False,8.361814469274755,7.08436305756347e-16,-2.053413309733373e-14,-2.0565188668997406e-16,nan,nan,nan,nan
9768,97.692,,97.69200000000359,False,8.361814469274755,7.204891831096981e-16,-1.5636461273588713e-14,-2.1094812227713092e-16,nan,nan,nan,nan
9769,97.701,,97.70100000000359,False,8.361814469274753,7.25016408338302e-16,-1.1699092946975126e-14,-2.1477904102884924e-16,nan,nan,nan,nan
9770,97.71,,97.71000000000359,False,8.361814469274753,7.213908947002869e-16,-7.703177037194327e-15,-2.184937090235691e-16,nan,nan,nan,nan
9771,97.722,,97.72200000000359,False,8.361814469274753,7.124602401805974e-16,-2.367954924014652e-15,-2.2376907199444745e-16,nan,nan,nan,nan
9772,97.731,,97.73100000000359,False,8.361814469274753,7.017431079126178e-16,1.5935719890287967e-15,-2.279117250373757e-16,nan,nan,nan,nan
9773,97.74,,97.74000000000359,False,8.361814469274753,6.859146073003168e-16,5.44524573697212e-15,-2.3214198125202175e-16,nan,nan,nan,nan
9774,97.752,,97.75200000000359,False,8.361814469274753,6.589049037022869e-16,1.0344876993369014e-14,-2.378551558109262e-16,nan,nan,nan,nan
9775,97.761,,97.76100000000359,False,8.361814469274753,6.384039779378009e-16,1.3786868573551544e-14,-2.420030804232496e-16,nan,nan,nan,nan
9776,97.77,,97.77000000000359,False,8.361814469274753,6.174259530337719e-16,1.698765283989405e-14,-2.459217958397829e-16,nan,nan,nan,nan
9777,97.782,,97.78200000000359,False,8.361814469274753,5.88848900595608e-16,2.0840471236029007e-14,-2.507891814916031e-16,nan,nan,nan,nan
9778,97.791,,97.79100000000359,False,8.361814469274755,5.670710767353074e-16,2.338875479319653e-14,-2.541715445528001e-16,nan,nan,nan,nan
9779,97.8,,97.80000000000359,False,8.361814469274755,5.450937343203908e-16,2.5618176100987754e-14,-2.57324042318853e-16,nan,nan,nan,nan
9780,97.812,,97.8120000000036,False,8.361814469274755,5.156335698668995e-16,2.8053088097394188e-14,-2.6116980443669937e-16,nan,nan,nan,nan
9781,97.821,,97.8210000000036,False,8.361814469274755,4.935381893151388e-16,2.944428748435232e-14,-2.63785949847416e-16,nan,nan,nan,nan
9782,97.83,,97.8300000000036,False,8.361814469274755,4.715454940436296e-16,3.043498870800771e-14,-2.6617222996298846e-16,nan,nan,nan,nan
9783,97.842,,97.8420000000036,False,8.361814469274755,4.425453457297777e-16,3.108916802056807e-14,-2.6899636854686087e-16,nan,nan,nan,nan
9784,97.851,,97.8510000000036,False,8.361814469274755,4.211631360647122e-16,3.1046400936725065e-14,-2.7084629630709694e-16,nan,nan,nan,nan
9785,97.86,,97.8600000000036,False,8.361814469274755,4.002058567678482e-16,3.0517417557792644e-14,-2.724663587721891e-16,nan,nan,nan,nan
9786,97.872,,97.8720000000036,False,8.361814469274755,3.7309792498452636e-16,2.900989471189949e-14,-2.7426887382208766e-16,nan,nan,nan,nan
9787,97.881,,97.8810000000036,False,8.361814469274755,3.5352641796125383e-16,2.724267146379615e-14,-2.753525839318434e-16,nan,nan,nan,nan
9788,97.89,,97.8900000000036,False,8.361814469274755,3.347060968067922e-16,2.4900348438337195e-14,-2.762123336406416e-16,nan,nan,nan,nan
9789,97.902,,97.9020000000036,False,8.361814469274755,3.0692370151681193e-16,2.092905322384277e-14,-2.773741937491472e-16,nan,nan,nan,nan
9790,97.911,,97.9110000000036,False,8.361814469274755,2.861304704962279e-16,1.7482855466962113e-14,-2.7829456432664963e-16,nan,nan,nan,nan
9791,97.92,,97.9200000000036,False,8.361814469274755,2.6604571824082025e-16,1.3782426398795584e-14,-2.792438622101074e-16,nan,nan,nan,nan
9792,97.932,,97.9320000000036,False,8.361814469274755,2.3962404769031565e-16,8.641862850656131e-15,-2.8069977095993934e-16,nan,nan,nan,nan
9793,97.941,,97.9410000000036,False,8.361814469274755,2.221822095338818e-16,4.736863560890798e-15,-2.815942033610926e-16,nan,nan,nan,nan
9794,97.95,,97.9500000000036,False,8.361814469274755,2.0714611175303136e-16,8.340832893151927e-16,-2.822651127608577e-16,nan,nan,nan,nan
9795,97.962,,97.9620000000036,False,8.361814469274755,1.8906679839111983e-16,-4.307642283908152e-15,-2.82923082830026e-16,nan,nan,nan,nan
9796,97.971,,97.9710000000036,False,8.361814469274755,1.7372474957584135e-16,-8.0079047767159e-15,-2.834007927013244e-16,nan,nan,nan,nan
9797,97.98,,97.9800000000036,False,8.361814469274753,1.572679327471421e-16,-1.1529929501951943e-14,-2.8374024675787684e-16,nan,nan,nan,nan
9798,97.992,,97.9920000000036,False,8.361814469274753,1.335246307822729e-16,-1.5913312441822498e-14,-2.8397630669676714e-16,nan,nan,nan,nan
9799,98.001,,98.0010000000036,False,8.361814469274753,1.1431023709196669e-16,-1.893946119756323e-14,-2.8399094254855003e-16,nan,nan,nan,nan
9800,98.01,,98.0100000000036,False,8.361814469274753,9.384099505786407e-17,-2.1718097129273205e-14,-2.8386637059828895e-16,nan,nan,nan,nan
9801,98.022,,98.0220000000036,False,8.361814469274753,6.451941916381151e-17,-2.50007401844985e-14,-2.83483729194761e-16,nan,nan,nan,nan
9802,98.031,,98.0310000000036,False,8.361814469274753,4.0947532258754526e-17,-2.7117704573326718e-14,-2.8303433903973026e-16,nan,nan,nan,nan
9803,98.04,,98.0400000000036,False,8.361814469274753,1.596968675769346e-17,-2.891421946363909e-14,-2.8244574108265545e-16,nan,nan,nan,nan
9804,98.052,,98.0520000000036,False,8.361814469274753,-1.9601764186465387e-17,-3.0771959636507654e-14,-2.8144439833670945e-16,nan,nan,nan,nan
9805,98.061,,98.0610000000036,False,8.361814469274753,-4.804236772610224e-17,-3.1732227409727694e-14,-2.8053098217486503e-16,nan,nan,nan,nan
9806,98.07,,98.0700000000036,False,8.361814469274753,-7.804648803892544e-17,-3.2295346152450744e-14,-2.7947835821097663e-16,nan,nan,nan,nan
9807,98.082,,98.0820000000036,False,8.361814469274753,-1.2056807259844482e-16,-3.2387296634157515e-14,-2.778583141226124e-16,nan,nan,nan,nan
9808,98.091,,98.0910000000036,False,8.361814469274753,-1.5441010927573932e-16,-3.193081268475348e-14,-2.764808719539544e-16,nan,nan,nan,nan
9809,98.1,,98.1000000000036,False,8.361814469274753,-1.8997966882837707e-16,-3.099671731537528e-14,-2.7496422198325244e-16,nan,nan,nan,nan
9810,98.112,,98.1120000000036,False,8.361814469274753,-2.401803030128427e-16,-2.896526748602158e-14,-2.727254765524701e-16,nan,nan,nan,nan
9811,98.121,,98.1210000000036,False,8.361814469274753,-2.799779824141214e-16,-2.681943384865742e-14,-2.7088400837699855e-16,nan,nan,nan,nan
9812,98.13,,98.1300000000036,False,8.361814469274751,-3.218594668112651e-16,-2.411586942618697e-14,-2.689414118914051e-16,nan,nan,nan,nan
9813,98.142,,98.1420000000036,False,8.361814469274753,-3.783550552851921e-16,-1.969946414545648e-14,-2.662734041581711e-16,nan,nan,nan,nan
9814,98.151,,98.1510000000036,False,8.361814469274753,-4.073966351486351e-16,-1.5964678390012616e-14,-2.6396676501818967e-16,nan,nan,nan,nan
9815,98.16,,98.1600000000036,False,8.361814469274753,-4.013797859098666e-16,-1.2010415816875319e-14,-2.6122413603599503e-16,nan,nan,nan,nan
9816,98.172,,98.1720000000036,False,8.361814469274751,-3.846705093803157e-16,-6.596994909305377e-15,-2.5740313052165545e-16,nan,nan,nan,nan
9817,98.181,,98.1810000000036,False,8.361814469274751,-3.702051976757112e-16,-2.5229264080531745e-15,-2.5474458760859295e-16,nan,nan,nan,nan
9818,98.19,,98.19000000000361,False,8.361814469274751,-3.551004659873394e-16,1.5237108445117916e-15,-2.5231716638477683e-16,nan,nan,nan,nan
9819,98.202,,98.20200000000361,False,8.361814469274753,-3.3416813611683343e-16,6.768437637580437e-15,-2.4932350893672686e-16,nan,nan,nan,nan
9820,98.211,,98.21100000000361,False,8.361814469274753,-3.1411067799293445e-16,1.0484261562643455e-14,-2.468514046352875e-16,nan,nan,nan,nan
9821,98.22,,98.22000000000361,False,8.361814469274753,-2.899089816887032e-16,1.3981599213279748e-14,-2.44149435038704e-16,nan,nan,nan,nan
9822,98.232,,98.23200000000361,False,8.361814469274753,-2.5092075168941387e-16,1.8265938772562995e-14,-2.401892406730352e-16,nan,nan,nan,nan
9823,98.241,,98.24100000000361,False,8.361814469274753,-2.1643303835148672e-16,2.116541218619603e-14,-2.3695091872111543e-16,nan,nan,nan,nan
9824,98.25,,98.25000000000361,False,8.361814469274753,-1.7726863489350804e-16,2.37700323334309e-14,-2.334827314740516e-16,nan,nan,nan,nan
9825,98.262,,98.26200000000361,False,8.361814469274753,-1.1749147835546738e-16,2.6743172083999542e-14,-2.2850091357440893e-16,nan,nan,nan,nan
9826,98.271,,98.27100000000361,False,8.361814469274753,-6.677528854251752e-17,2.856697575879421e-14,-2.2449637397200874e-16,nan,nan,nan,nan
9827,98.28,,98.28000000000361,False,8.361814469274753,-1.0829915416713895e-17,3.001547695735906e-14,-2.2026196907446445e-16,nan,nan,nan,nan
9828,98.292,,98.29200000000361,False,8.361814469274753,7.219169296142154e-17,3.131986485551682e-14,-2.1425852764084779e-16,nan,nan,nan,nan
9829,98.301,,98.30100000000361,False,8.361814469274753,1.410013846873319e-16,3.179507217119733e-14,-2.094877703879672e-16,nan,nan,nan,nan
9830,98.31,,98.31000000000361,False,8.361814469274753,2.1561279417198135e-16,3.181044558295613e-14,-2.0448714783994256e-16,nan,nan,nan,nan
9831,98.322,,98.32200000000361,False,8.361814469274753,3.2442345192747924e-16,3.1070386394516836e-14,-1.9746208287235206e-16,nan,nan,nan,nan
9832,98.331,,98.33100000000361,False,8.361814469274753,4.1325847518123085e-16,2.991046333793994e-14,-1.9192510796899106e-16,nan,nan,nan,nan
9833,98.34,,98.34000000000361,False,8.361814469274753,5.084877918926897e-16,2.820209273188921e-14,-1.8615826777048593e-16,nan,nan,nan,nan
9834,98.352,,98.35200000000361,False,8.361814469274755,6.435376984126127e-16,2.5025859484049402e-14,-1.7820441089517526e-16,nan,nan,nan,nan
9835,98.361,,98.36100000000361,False,8.361814469274755,7.284325944102303e-16,2.199761760931198e-14,-1.7258259038522436e-16,nan,nan,nan,nan
9836,98.37,,98.37000000000361,False,8.361814469274755,7.768666770708202e-16,1.855943494257259e-14,-1.6707199262373775e-16,nan,nan,nan,nan
9837,98.382,,98.38200000000361,False,8.361814469274755,8.110930754316669e-16,1.3525598617654826e-14,-1.6056282184811984e-16,nan,nan,nan,nan
9838,98.391,,98.39100000000361,False,8.361814469274753,8.162270797373722e-16,9.601356027938285e-15,-1.5496639328775543e-16,nan,nan,nan,nan
9839,98.4,,98.40000000000362,False,8.361814469274753,8.166169675327406e-16,5.644118615099522e-15,-1.4898008837801416e-16,nan,nan,nan,nan
9840,98.412,,98.41200000000362,False,8.361814469274753,8.002928657140441e-16,3.8223330095652e-16,-1.4071513818826241e-16,nan,nan,nan,nan
9841,98.421,,98.42100000000362,False,8.361814469274753,7.472639276006766e-16,-3.482914560740504e-15,-1.3470400042253172e-16,nan,nan,nan,nan
9842,98.43,,98.43000000000362,False,8.361814469274753,6.786175281314677e-16,-7.225358405811839e-15,-1.290069037261775e-16,nan,nan,nan,nan
9843,98.442,,98.44200000000362,False,8.361814469274753,5.751931046195687e-16,-1.1971077416085871e-14,-1.2155622464206027e-16,nan,nan,nan,nan
9844,98.451,,98.45100000000362,False,8.361814469274753,4.884970768688463e-16,-1.5290207489427214e-14,-1.161560989581927e-16,nan,nan,nan,nan
9845,98.46,,98.46000000000362,False,8.361814469274753,3.9374983773410628e-16,-1.835927054360499e-14,-1.1104267687061555e-16,nan,nan,nan,nan
9846,98.472,,98.47200000000362,False,8.361814469274753,2.545389457608075e-16,-2.2022563856525042e-14,-1.0467201485991598e-16,nan,nan,nan,nan
9847,98.481,,98.48100000000362,False,8.361814469274753,1.4019969411996501e-16,-2.441821597559019e-14,-1.0022944393144384e-16,nan,nan,nan,nan
9848,98.49,,98.49000000000362,False,8.361814469274755,1.7114552426330387e-17,-2.6485962840627565e-14,-9.607438064258815e-17,nan,nan,nan,nan
9849,98.502,,98.50200000000362,False,8.361814469274755,-1.6097026875847703e-16,-2.8691162181685364e-14,-9.098153036351726e-17,nan,nan,nan,nan
9850,98.511,,98.51100000000362,False,8.361814469274755,-3.052895975605217e-16,-2.9899409630752685e-14,-8.749731823376662e-17,nan,nan,nan,nan
9851,98.52,,98.52000000000362,False,8.361814469274755,-4.590677159771328e-16,-3.069796831798132e-14,-8.430061374363242e-17,nan,nan,nan,nan
9852,98.532,,98.53200000000362,False,8.361814469274755,-6.791949088702256e-16,-3.108159143023957e-14,-8.048557519619017e-17,nan,nan,nan,nan
9853,98.541,,98.54100000000362,False,8.361814469274755,-8.558919044145545e-16,-3.0825082812571396e-14,-7.795972186516105e-17,nan,nan,nan,nan
9854,98.55,,98.55000000000362,False,8.361814469274755,-1.0427788100282248e-15,-3.007303932179534e-14,-7.572137617374831e-17,nan,nan,nan,nan
9855,98.562,,98.56200000000362,False,8.361814469274755,-1.308197798873046e-15,-2.8253547932946537e-14,-7.318414935793469e-17,nan,nan,nan,nan
9856,98.571,,98.57100000000362,False,8.361814469274755,-1.5197307870507423e-15,-2.624138984027756e-14,-7.161665482562702e-17,nan,nan,nan,nan
9857,98.58,,98.58000000000362,False,8.361814469274755,-1.7262383124081858e-15,-2.366005839986698e-14,-7.083521338917329e-17,nan,nan,nan,nan
9858,98.592,,98.59200000000362,False,8.361814469274755,-1.9156955279356157e-15,-1.9446000653886643e-14,-7.102703861740912e-17,nan,nan,nan,nan
9859,98.601,,98.60100000000362,False,8.361814469274755,-1.976024415925135e-15,-1.588122194202797e-14,-7.11337330084952e-17,nan,nan,nan,nan
9860,98.61,,98.61000000000362,False,8.361814469274755,-1.9733064667691878e-15,-1.2117835418061704e-14,-7.15113524496411e-17,nan,nan,nan,nan
9861,98.622,,98.62200000000362,False,8.361814469274755,-1.9145700029482405e-15,-6.936946567886751e-15,-7.034390097338368e-17,nan,nan,nan,nan
9862,98.631,,98.63100000000362,False,8.361814469274755,-1.8435783195480365e-15,-3.027057090571159e-15,-6.896917152693813e-17,nan,nan,nan,nan
9863,98.64,,98.64000000000362,False,8.361814469274755,-1.7640238133013509e-15,8.592836516904786e-16,-6.771043763014028e-17,nan,nan,nan,nan
9864,98.652,,98.65200000000362,False,8.361814469274755,-1.6458129139323303e-15,5.929158810884692e-15,-6.607843599793718e-17,nan,nan,nan,nan
9865,98.661,,98.66100000000363,False,8.361814469274755,-1.5498074456164292e-15,9.55662511261065e-15,-6.486833950811208e-17,nan,nan,nan,nan
9866,98.67,,98.67000000000363,False,8.361814469274753,-1.4476920193163671e-15,1.2991375886471269e-14,-6.35526635243121e-17,nan,nan,nan,nan
9867,98.682,,98.68200000000363,False,8.361814469274753,-1.3021016569452151e-15,1.7235011951476326e-14,-6.163294337677729e-17,nan,nan,nan,nan
9868,98.691,,98.69100000000363,False,8.361814469274753,-1.1858862694158715e-15,2.013816081061548e-14,-6.006903913927507e-17,nan,nan,nan,nan
9869,98.7,,98.70000000000363,False,8.361814469274753,-1.0637016574869065e-15,2.2777639235573545e-14,-5.839875136447188e-17,nan,nan,nan,nan
9870,98.712,,98.71200000000363,False,8.361814469274753,-8.915868522255527e-16,2.5848713377663286e-14,-5.600621549559928e-17,nan,nan,nan,nan
9871,98.721,,98.72100000000363,False,8.361814469274753,-7.556656502690957e-16,2.7786806001571517e-14,-5.408769946709376e-17,nan,nan,nan,nan
9872,98.73,,98.73000000000363,False,8.361814469274753,-6.139459513585841e-16,2.938655348318011e-14,-5.20627999012873e-17,nan,nan,nan,nan
9873,98.742,,98.74200000000363,False,8.361814469274753,-4.1606549185398686e-16,3.0953178110716564e-14,-4.919744831107718e-17,nan,nan,nan,nan
9874,98.751,,98.75100000000363,False,8.361814469274753,-2.610425597935002e-16,3.167284170638382e-14,-4.692432049156842e-17,nan,nan,nan,nan
9875,98.76,,98.76000000000363,False,8.361814469274753,-1.0042185208554961e-16,3.197566508082013e-14,-4.454480913475871e-17,nan,nan,nan,nan
9876,98.772,,98.77200000000363,False,8.361814469274753,1.223321669663284e-16,3.1688973176330806e-14,-4.120664182321094e-17,nan,nan,nan,nan
9877,98.781,,98.78100000000363,False,8.361814469274753,2.957527652710103e-16,3.092410038137116e-14,-3.8578902212699e-17,nan,nan,nan,nan
9878,98.79,,98.79000000000363,False,8.361814469274753,4.745404240555384e-16,2.966007191543648e-14,-3.584477906488611e-17,nan,nan,nan,nan
9879,98.802,,98.80200000000363,False,8.361814469274753,7.211426019097317e-16,2.7154217035614364e-14,-3.203379603200072e-17,nan,nan,nan,nan
9880,98.811,,98.81100000000363,False,8.361814469274753,9.088390403099395e-16,2.4628878762923548e-14,-2.891395322172909e-17,nan,nan,nan,nan
9881,98.82,,98.82000000000363,False,8.361814469274751,1.0702742724606027e-15,2.1560747339206e-14,-2.5311518218065834e-17,nan,nan,nan,nan
9882,98.832,,98.83200000000363,False,8.361814469274751,1.2263712116608843e-15,1.681556587533976e-14,-2.063021330813146e-17,nan,nan,nan,nan
9883,98.841,,98.84100000000363,False,8.361814469274753,1.3378081423523261e-15,1.2939033746687573e-14,-1.746199629654017e-17,nan,nan,nan,nan
9884,98.85,,98.85000000000363,False,8.361814469274753,1.4187836053133997e-15,8.949094510759166e-15,-1.4970662594163606e-17,nan,nan,nan,nan
9885,98.862,,98.86200000000363,False,8.361814469274751,1.471162457043224e-15,3.559090532625759e-15,-1.1802837730899696e-17,nan,nan,nan,nan
9886,98.871,,98.87100000000363,False,8.361814469274751,1.4859778546209923e-15,-4.696539279693148e-16,-9.159973241386288e-18,nan,nan,nan,nan
9887,98.88,,98.88000000000363,False,8.361814469274751,1.4638014308673671e-15,-4.4164290599528995e-15,-6.376948962530734e-18,nan,nan,nan,nan
9888,98.892,,98.89200000000363,False,8.361814469274751,1.4213064501364513e-15,-9.463518307421579e-15,-2.8074115373394436e-18,nan,nan,nan,nan
9889,98.901,,98.90100000000363,False,8.361814469274751,1.3799971220177382e-15,-1.3030329239570475e-14,-3.1814209766629065e-19,nan,nan,nan,nan
9890,98.91,,98.91000000000363,False,8.361814469274753,1.330350596997989e-15,-1.6365954451578115e-14,1.884423745716483e-18,nan,nan,nan,nan
9891,98.922,,98.92200000000364,False,8.361814469274753,1.2507981010633658e-15,-2.041453488623629e-14,4.373944097490135e-18,nan,nan,nan,nan
9892,98.931,,98.93100000000364,False,8.361814469274753,1.1808224620494189e-15,-2.3121930531359893e-14,5.905658781767857e-18,nan,nan,nan,nan
9893,98.94,,98.94000000000364,False,8.361814469274753,1.1017551172241885e-15,-2.5521266510486483e-14,7.149865826429125e-18,nan,nan,nan,nan
9894,98.952,,98.95200000000364,False,8.361814469274753,9.817917331514301e-16,-2.8199955586752606e-14,8.361574446574116e-18,nan,nan,nan,nan
9895,98.961,,98.96100000000364,False,8.361814469274753,8.806134958329268e-16,-2.978722352582425e-14,8.93493033213034e-18,nan,nan,nan,nan
9896,98.97,,98.97000000000364,False,8.361814469274753,7.695708228998937e-16,-3.09856125800965e-14,9.220778578070117e-18,nan,nan,nan,nan
9897,98.982,,98.98200000000364,False,8.361814469274753,6.057621960079031e-16,-3.1935213769959916e-14,9.15467546658645e-18,nan,nan,nan,nan
9898,98.991,,98.99100000000364,False,8.361814469274753,4.707843366655216e-16,-3.212821690293696e-14,8.769672553421176e-18,nan,nan,nan,nan
9899,99.0,,99.00000000000364,False,8.361814469274753,3.25151091012363e-16,-3.184745932885393e-14,8.09716200063945e-18,nan,nan,nan,nan
9900,99.012,,99.01200000000364,False,8.361814469274753,1.1398188487337756e-16,-3.0690720088933815e-14,6.7532471575271186e-18,nan,nan,nan,nan
9901,99.021,,99.02100000000364,False,8.361814469274753,-5.745335652220576e-17,-2.9201779304245974e-14,5.409885445640349e-18,nan,nan,nan,nan
9902,99.03,,99.03000000000364,False,8.361814469274753,-2.4035315581781203e-16,-2.715013338677907e-14,3.779016094137134e-18,nan,nan,nan,nan
9903,99.042,,99.04200000000364,False,8.361814469274753,-4.825841856872465e-16,-2.351836955354438e-14,1.0152504415874896e-18,nan,nan,nan,nan
9904,99.051,,99.05100000000364,False,8.361814469274753,-6.280184264193216e-16,-2.0222141150585545e-14,-1.289416083767479e-18,nan,nan,nan,nan
9905,99.06,,99.06000000000364,False,8.361814469274753,-7.415287703909008e-16,-1.6590540361411006e-14,-3.0684065581471577e-18,nan,nan,nan,nan
9906,99.072,,99.07200000000364,False,8.361814469274753,-8.26124294216753e-16,-1.1391363375126083e-14,-5.306630544209439e-18,nan,nan,nan,nan
9907,99.081,,99.08100000000364,False,8.361814469274753,-8.792660094030645e-16,-7.380989895596734e-15,-6.910155469722101e-18,nan,nan,nan,nan
9908,99.09,,99.09000000000364,False,8.361814469274753,-9.250886815397011e-16,-3.372077298168926e-15,-8.378081139638035e-18,nan,nan,nan,nan
9909,99.102,,99.10200000000364,False,8.361814469274753,-9.581440229805659e-16,1.912853065674708e-15,-9.960019582048766e-18,nan,nan,nan,nan
9910,99.111,,99.11100000000364,False,8.361814469274753,-9.712647836612301e-16,5.763521484652559e-15,-1.1761059620044445e-17,nan,nan,nan,nan
9911,99.12,,99.12000000000364,False,8.361814469274753,-9.822720787482323e-16,9.459968286447255e-15,-1.3595137233478153e-17,nan,nan,nan,nan
9912,99.132,,99.13200000000364,False,8.361814469274753,-9.88955364930481e-16,1.4080446234660415e-14,-1.5866276234067954e-17,nan,nan,nan,nan
9913,99.141,,99.14100000000364,False,8.361814469274755,-9.885759556835465e-16,1.7266753632152875e-14,-1.7312279946184252e-17,nan,nan,nan,nan
9914,99.15,,99.15000000000364,False,8.361814469274755,-9.834463009245218e-16,2.0187077097921616e-14,-1.852841836315643e-17,nan,nan,nan,nan
9915,99.162,,99.16200000000364,False,8.361814469274755,-9.689136691239092e-16,2.3626874633437167e-14,-1.9792368015561797e-17,nan,nan,nan,nan
9916,99.171,,99.17100000000364,False,8.361814469274755,-9.52013977196309e-16,2.5835570796841113e-14,-2.0472154077197684e-17,nan,nan,nan,nan
9917,99.18,,99.18000000000364,False,8.361814469274755,-9.29771585221947e-16,2.7699400152262558e-14,-2.092207484368944e-17,nan,nan,nan,nan
9918,99.192,,99.19200000000365,False,8.361814469274755,-8.91489982763871e-16,2.9605715472022005e-14,-2.1164400962120926e-17,nan,nan,nan,nan
9919,99.201,,99.20100000000365,False,8.361814469274755,-8.560717782447697e-16,3.056909489297123e-14,-2.1077969373276398e-17,nan,nan,nan,nan
9920,99.21,,99.21000000000365,False,8.361814469274755,-8.14698377891152e-16,3.110464241181894e-14,-2.076167248928774e-17,nan,nan,nan,nan
9921,99.222,,99.22200000000365,False,8.361814469274755,-7.499456012744808e-16,3.110874176418223e-14,-1.9982375073745347e-17,nan,nan,nan,nan
9922,99.231,,99.23100000000365,False,8.361814469274755,-6.939438500760991e-16,3.0545491541443086e-14,-1.912972583442041e-17,nan,nan,nan,nan
9923,99.24,,99.24000000000365,False,8.361814469274755,-6.313543660023638e-16,2.946736210462319e-14,-1.804721129995134e-17,nan,nan,nan,nan
9924,99.252,,99.25200000000365,False,8.361814469274755,-5.373191394900418e-16,2.7182368547460368e-14,-1.624629035043507e-17,nan,nan,nan,nan
9925,99.261,,99.26100000000365,False,8.361814469274755,-4.58618034188083e-16,2.4798485254312487e-14,-1.4633328354816316e-17,nan,nan,nan,nan
9926,99.27,,99.27000000000365,False,8.361814469274755,-3.7501037841113926e-16,2.1861982124752288e-14,-1.2997596895460343e-17,nan,nan,nan,nan
9927,99.282,,99.28200000000365,False,8.361814469274755,-2.5787284758330757e-16,1.729534642084203e-14,-1.1074403817729278e-17,nan,nan,nan,nan
9928,99.291,,99.29100000000365,False,8.361814469274755,-1.8048717630160917e-16,1.3574806083099562e-14,-1.0435823596233784e-17,nan,nan,nan,nan
9929,99.3,,99.30000000000365,False,8.361814469274755,-9.905246433133337e-17,9.734182121609628e-15,-9.93550770834459e-18,nan,nan,nan,nan
9930,99.312,,99.31200000000365,False,8.361814469274755,1.3788090424816014e-17,4.548362059571713e-15,-8.661480263501363e-18,nan,nan,nan,nan
9931,99.321,,99.32100000000365,False,8.361814469274755,8.60038902380305e-17,6.517398146267286e-16,-7.117280575826294e-18,nan,nan,nan,nan
9932,99.33,,99.33000000000365,False,8.361814469274755,1.5317160309388396e-16,-3.2028476662389017e-15,-5.82641347023677e-18,nan,nan,nan,nan
9933,99.342,,99.34200000000365,False,8.361814469274753,2.338900529787772e-16,-8.188081093745039e-15,-4.627008026864582e-18,nan,nan,nan,nan
9934,99.351,,99.35100000000365,False,8.361814469274753,2.7187737713753357e-16,-1.1723136585077178e-14,-4.6810183844438176e-18,nan,nan,nan,nan
9935,99.36,,99.36000000000365,False,8.361814469274753,3.0251033117334816e-16,-1.504196416496635e-14,-4.9884256475746865e-18,nan,nan,nan,nan
9936,99.372,,99.37200000000365,False,8.361814469274753,3.444388756122444e-16,-1.9081213978542294e-14,-5.431906199942543e-18,nan,nan,nan,nan
9937,99.381,,99.38100000000365,False,8.361814469274753,3.767910722364216e-16,-2.179179492408962e-14,-5.788111678711339e-18,nan,nan,nan,nan
9938,99.39,,99.39000000000365,False,8.361814469274751,4.0995028631392163e-16,-2.420342091083835e-14,-6.164541498474049e-18,nan,nan,nan,nan
9939,99.402,,99.40200000000365,False,8.361814469274751,4.554665413865098e-16,-2.6913251921933757e-14,-6.697908010814876e-18,nan,nan,nan,nan
9940,99.411,,99.41100000000365,False,8.361814469274751,4.906188398088974e-16,-2.8535392048458016e-14,-7.12152795956339e-18,nan,nan,nan,nan
9941,99.42,,99.42000000000365,False,8.361814469274751,5.266736325471933e-16,-2.977891332180332e-14,-7.565372249305832e-18,nan,nan,nan,nan
9942,99.432,,99.43200000000365,False,8.361814469274751,5.762019398649651e-16,-3.080526377761665e-14,-8.18862472161962e-18,nan,nan,nan,nan
9943,99.441,,99.44100000000365,False,8.361814469274751,6.144788088444074e-16,-3.1068723291673485e-14,-8.679659140347874e-18,nan,nan,nan,nan
9944,99.45,,99.45000000000366,False,8.361814469274751,6.537589740453948e-16,-3.0869877076305426e-14,-9.190917900070037e-18,nan,nan,nan,nan
9945,99.462,,99.46200000000366,False,8.36181446927475,7.077473420778458e-16,-2.9840805304632525e-14,-9.904056332356809e-18,nan,nan,nan,nan
9946,99.471,,99.47100000000366,False,8.36181446927475,7.494910005166914e-16,-2.846193447322565e-14,-1.0462505221064794e-17,nan,nan,nan,nan
9947,99.48,,99.48000000000366,False,8.36181446927475,7.923440821257695e-16,-2.653304805428236e-14,-1.10411784507667e-17,nan,nan,nan,nan
9948,99.492,,99.49200000000366,False,8.36181446927475,8.470117173070395e-16,-2.308319336362835e-14,-1.1964500589298403e-17,nan,nan,nan,nan
9949,99.501,,99.50100000000366,False,8.36181446927475,8.636936523000133e-16,-1.992450232286725e-14,-1.3003899511445865e-17,nan,nan,nan,nan
9950,99.51,,99.51000000000366,False,8.36181446927475,8.654371977529311e-16,-1.6399280350694295e-14,-1.4154058053101722e-17,nan,nan,nan,nan
9951,99.522,,99.52200000000366,False,8.361814469274751,8.326982763986875e-16,-1.1313165087865507e-14,-1.554582904655579e-17,nan,nan,nan,nan
9952,99.531,,99.53100000000366,False,8.361814469274751,7.937406947699059e-16,-7.368581535473501e-15,-1.6531257625834185e-17,nan,nan,nan,nan
9953,99.54,,99.54000000000366,False,8.361814469274751,7.490607368083936e-16,-3.4058845158602394e-15,-1.7503378723236436e-17,nan,nan,nan,nan
9954,99.552,,99.55200000000366,False,8.361814469274751,6.781055025417134e-16,1.7831978443510553e-15,-1.9232545941811505e-17,nan,nan,nan,nan
9955,99.561,,99.56100000000366,False,8.361814469274751,6.160064810786122e-16,5.5730490376618655e-15,-2.078079546216219e-17,nan,nan,nan,nan
9956,99.57,,99.57000000000366,False,8.361814469274751,5.484656271818212e-16,9.220701273669569e-15,-2.2353238081364253e-17,nan,nan,nan,nan
9957,99.582,,99.58200000000366,False,8.361814469274751,4.553478851524545e-16,1.3783760024351326e-14,-2.434114035838512e-17,nan,nan,nan,nan
9958,99.591,,99.59100000000366,False,8.361814469274751,3.833887690269474e-16,1.695341058308714e-14,-2.5749895055360304e-17,nan,nan,nan,nan
9959,99.6,,99.60000000000366,False,8.361814469274751,3.097460519575753e-16,1.988288105848799e-14,-2.7088216600229356e-17,nan,nan,nan,nan
9960,99.612,,99.61200000000366,False,8.361814469274751,2.0915141275856703e-16,2.337777913293639e-14,-2.8763082645667453e-17,nan,nan,nan,nan
9961,99.621,,99.62100000000366,False,8.361814469274751,1.3206713076477431e-16,2.5662085876718217e-14,-2.9937060168955546e-17,nan,nan,nan,nan
9962,99.63,,99.63000000000366,False,8.361814469274751,5.3723430003725506e-17,2.7632747099333806e-14,-3.1040604540137526e-17,nan,nan,nan,nan
9963,99.642,,99.64200000000366,False,8.361814469274751,-5.246285224666417e-17,2.973297144052102e-14,-3.2402434353992855e-17,nan,nan,nan,nan
9964,99.651,,99.65100000000366,False,8.361814469274751,-1.3322124292875394e-16,3.088259046750549e-14,-3.3341634703593876e-17,nan,nan,nan,nan
9965,99.66,,99.66000000000366,False,8.361814469274751,-2.1478305598038253e-16,3.1641276442001746e-14,-3.421040190108877e-17,nan,nan,nan,nan
9966,99.672,,99.67200000000366,False,8.361814469274751,-3.2453433062563265e-16,3.200332691071902e-14,-3.525919548336133e-17,nan,nan,nan,nan
9967,99.681,,99.68100000000366,False,8.361814469274751,-4.0740972541233537e-16,3.1756174007427065e-14,-3.596361865927528e-17,nan,nan,nan,nan
9968,99.69,,99.69000000000366,False,8.361814469274751,-4.906007319497517e-16,3.103697842683423e-14,-3.65976086830831e-17,nan,nan,nan,nan
9969,99.702,,99.70200000000366,False,8.361814469274753,-6.017489517950813e-16,2.9300367801691856e-14,-3.73333660337729e-17,nan,nan,nan,nan
9970,99.711,,99.71100000000366,False,8.361814469274753,-6.850781986990186e-16,2.7381618443008726e-14,-3.7803012035999774e-17,nan,nan,nan,nan
9971,99.72,,99.72000000000367,False,8.361814469274753,-7.680016067401204e-16,2.4906249074267548e-14,-3.8190968279555665e-17,nan,nan,nan,nan
9972,99.732,,99.73200000000367,False,8.361814469274753,-8.666778306786463e-16,2.0759481965161135e-14,-3.8454218661545063e-17,nan,nan,nan,nan
9973,99.741,,99.74100000000367,False,8.361814469274753,-9.138681956775214e-16,1.7175879200796042e-14,-3.8160631622117865e-17,nan,nan,nan,nan
9974,99.75,,99.75000000000367,False,8.361814469274753,-9.464324888537617e-16,1.333015790461547e-14,-3.7717512864339973e-17,nan,nan,nan,nan
9975,99.762,,99.76200000000367,False,8.361814469274753,-9.363006903036147e-16,8.010513398146956e-15,-3.6042678264617805e-17,nan,nan,nan,nan
9976,99.771,,99.77100000000367,False,8.361814469274753,-9.093005002257e-16,3.98756820078692e-15,-3.4041943480473835e-17,nan,nan,nan,nan
9977,99.78,,99.78000000000367,False,8.361814469274753,-8.749169877289827e-16,-1.9844589782617044e-17,-3.1973014000843505e-17,nan,nan,nan,nan
9978,99.792,,99.79200000000367,False,8.361814469274753,-8.193038791270686e-16,-5.258700797486861e-15,-2.9422769537905e-17,nan,nan,nan,nan
9979,99.801,,99.80100000000367,False,8.361814469274753,-7.738907251135856e-16,-9.028179005415568e-15,-2.7616050669689027e-17,nan,nan,nan,nan
9980,99.81,,99.81000000000367,False,8.361814469274753,-7.255754420864433e-16,-1.260693299271217e-14,-2.5981861245462783e-17,nan,nan,nan,nan
9981,99.822,,99.82200000000367,False,8.361814469274753,-6.567007157228174e-16,-1.7017958751867072e-14,-2.424910406146308e-17,nan,nan,nan,nan
9982,99.831,,99.83100000000367,False,8.361814469274753,-6.017512675599664e-16,-2.0026292675797703e-14,-2.3284961753015806e-17,nan,nan,nan,nan
9983,99.84,,99.84000000000367,False,8.361814469274753,-5.440214690117459e-16,-2.2751956090843085e-14,-2.2608327084185e-17,nan,nan,nan,nan
9984,99.852,,99.85200000000367,False,8.361814469274753,-4.6279293657891135e-16,-2.590593118988036e-14,-2.2153381631813955e-17,nan,nan,nan,nan
9985,99.861,,99.86100000000367,False,8.361814469274753,-3.987343807361588e-16,-2.788031712505253e-14,-2.2147598122088198e-17,nan,nan,nan,nan
9986,99.87,,99.87000000000367,False,8.361814469274753,-3.3203547402932706e-16,-2.9492541212755034e-14,-2.2429322251978878e-17,nan,nan,nan,nan
9987,99.882,,99.88200000000367,False,8.361814469274753,-2.3907535562190617e-16,-3.103617081352178e-14,-2.3252188531236507e-17,nan,nan,nan,nan
9988,99.891,,99.89100000000367,False,8.361814469274753,-1.6639561487871915e-16,-3.1706897927286104e-14,-2.4204763820232237e-17,nan,nan,nan,nan
9989,99.9,,99.90000000000367,False,8.361814469274753,-9.123374368574301e-17,-3.193190925153809e-14,-2.5444846748844418e-17,nan,nan,nan,nan
9990,99.912,,99.91200000000367,False,8.361814469274753,1.2754758854974435e-17,-3.149384250051116e-14,-2.7545524759730703e-17,nan,nan,nan,nan
9991,99.921,,99.92100000000367,False,8.361814469274753,9.35070254091283e-17,-3.057765794869066e-14,-2.945645884744793e-17,nan,nan,nan,nan
9992,99.93,,99.93000000000367,False,8.361814469274755,1.7656498110578113e-16,-2.912814106185679e-14,-3.1654900574781626e-17,nan,nan,nan,nan
9993,99.942,,99.94200000000367,False,8.361814469274755,2.90797684191838e-16,-2.631897109014293e-14,-3.503339031729657e-17,nan,nan,nan,nan
9994,99.951,,99.95100000000367,False,8.361814469274755,3.719993465522323e-16,-2.353679514872294e-14,-3.7715341108763046e-17,nan,nan,nan,nan
9995,99.96,,99.96000000000367,False,8.361814469274755,4.2825946822953356e-16,-2.0263165613471322e-14,-4.0428895062373894e-17,nan,nan,nan,nan
9996,99.972,,99.97200000000367,False,8.361814469274753,4.906778908408296e-16,-1.5359097776648716e-14,-4.4106019709347076e-17,nan,nan,nan,nan
9997,99.981,,99.98100000000368,False,8.361814469274753,5.023751239588718e-16,-1.145018100912653e-14,-4.69744412741698e-17,nan,nan,nan,nan
9998,99.99,,99.99000000000368,False,8.361814469274753,5.108588720402552e-16,-7.46492735704663e-15,-4.988581266055425e-17,nan,nan,nan,nan
9999,100.002,,100.00200000000368,False,8.361814469274753,5.190867768005062e-16,-2.1452582342038406e-15,-5.408689731368104e-17,nan,nan,nan,nan
10000,100.011,,100.01100000000368,False,8.361814469274753,5.219493433775973e-16,1.802951010510174e-15,-5.742384161829567e-17,nan,nan,nan,nan
10001,100.02,,100.02000000000368,False,8.361814469274753,5.203169781735591e-16,5.639863116092764e-15,-6.084838909462813e-17,nan,nan,nan,nan
10002,100.032,,100.03200000000368,False,8.361814469274753,5.132055519141026e-16,1.0517523719791502e-14,-6.548728533578106e-17,nan,nan,nan,nan
10003,100.041,,100.04100000000368,False,8.361814469274753,5.083643033544897e-16,1.3941289252494459e-14,-6.882950120979079e-17,nan,nan,nan,nan
10004,100.05,,100.05000000000368,False,8.361814469274753,5.036839834892352e-16,1.71223219552868e-14,-7.194250788801048e-17,nan,nan,nan,nan
10005,100.062,,100.06200000000368,False,8.361814469274755,4.978408876514306e-16,2.094638962729877e-14,-7.573561522207915e-17,nan,nan,nan,nan
10006,100.071,,100.07100000000368,False,8.361814469274755,4.938746902581701e-16,2.347126695103891e-14,-7.83122695449625e-17,nan,nan,nan,nan
10007,100.08,,100.08000000000368,False,8.361814469274755,4.903685934149049e-16,2.5675674967292877e-14,-8.065905857270176e-17,nan,nan,nan,nan
10008,100.092,,100.09200000000368,False,8.361814469274755,4.865740260267119e-16,2.807469375908794e-14,-8.343054237279656e-17,nan,nan,nan,nan
10009,100.101,,100.10100000000368,False,8.361814469274755,4.845141921065233e-16,2.943703491987323e-14,-8.524097904519949e-17,nan,nan,nan,nan
10010,100.11,,100.11000000000368,False,8.361814469274755,4.832382538419069e-16,3.0397189317206596e-14,-8.68215504224583e-17,nan,nan,nan,nan
9809,98.1,,98.1000000000036,False,8.361814469274753,-1.8997966882837707e-16,-3.099671731537528e-14,-2.7496422198325244e-16,nan,nan,nan,nan
9810,98.112,,98.1120000000036,False,8.361814469274753,-2.401803030128427e-16,-2.896526748602158e-14,-2.727254765524701e-16,nan,nan,nan,nan
9811,98.121,,98.1210000000036,False,8.361814469274753,-2.799779824141214e-16,-2.681943384865742e-14,-2.7088400837699855e-16,nan,nan,nan,nan
9812,98.13,,98.1300000000036,False,8.361814469274751,-3.218594668112651e-16,-2.411586942618697e-14,-2.689414118914051e-16,nan,nan,nan,nan
9813,98.142,,98.1420000000036,False,8.361814469274753,-3.783550552851921e-16,-1.969946414545648e-14,-2.662734041581711e-16,nan,nan,nan,nan
9814,98.151,,98.1510000000036,False,8.361814469274753,-4.073966351486351e-16,-1.5964678390012616e-14,-2.6396676501818967e-16,nan,nan,nan,nan
9815,98.16,,98.1600000000036,False,8.361814469274753,-4.013797859098666e-16,-1.2010415816875319e-14,-2.6122413603599503e-16,nan,nan,nan,nan
9816,98.172,,98.1720000000036,False,8.361814469274751,-3.846705093803157e-16,-6.596994909305377e-15,-2.5740313052165545e-16,nan,nan,nan,nan
9817,98.181,,98.1810000000036,False,8.361814469274751,-3.702051976757112e-16,-2.5229264080531745e-15,-2.5474458760859295e-16,nan,nan,nan,nan
9818,98.19,,98.19000000000361,False,8.361814469274751,-3.551004659873394e-16,1.5237108445117916e-15,-2.5231716638477683e-16,nan,nan,nan,nan
9819,98.202,,98.20200000000361,False,8.361814469274753,-3.3416813611683343e-16,6.768437637580437e-15,-2.4932350893672686e-16,nan,nan,nan,nan
9820,98.211,,98.21100000000361,False,8.361814469274753,-3.1411067799293445e-16,1.0484261562643455e-14,-2.468514046352875e-16,nan,nan,nan,nan
9821,98.22,,98.22000000000361,False,8.361814469274753,-2.899089816887032e-16,1.3981599213279748e-14,-2.44149435038704e-16,nan,nan,nan,nan
9822,98.232,,98.23200000000361,False,8.361814469274753,-2.5092075168941387e-16,1.8265938772562995e-14,-2.401892406730352e-16,nan,nan,nan,nan
9823,98.241,,98.24100000000361,False,8.361814469274753,-2.1643303835148672e-16,2.116541218619603e-14,-2.3695091872111543e-16,nan,nan,nan,nan
9824,98.25,,98.25000000000361,False,8.361814469274753,-1.7726863489350804e-16,2.37700323334309e-14,-2.334827314740516e-16,nan,nan,nan,nan
9825,98.262,,98.26200000000361,False,8.361814469274753,-1.1749147835546738e-16,2.6743172083999542e-14,-2.2850091357440893e-16,nan,nan,nan,nan
9826,98.271,,98.27100000000361,False,8.361814469274753,-6.677528854251752e-17,2.856697575879421e-14,-2.2449637397200874e-16,nan,nan,nan,nan
9827,98.28,,98.28000000000361,False,8.361814469274753,-1.0829915416713895e-17,3.001547695735906e-14,-2.2026196907446445e-16,nan,nan,nan,nan
9828,98.292,,98.29200000000361,False,8.361814469274753,7.219169296142154e-17,3.131986485551682e-14,-2.1425852764084779e-16,nan,nan,nan,nan
9829,98.301,,98.30100000000361,False,8.361814469274753,1.410013846873319e-16,3.179507217119733e-14,-2.094877703879672e-16,nan,nan,nan,nan
9830,98.31,,98.31000000000361,False,8.361814469274753,2.1561279417198135e-16,3.181044558295613e-14,-2.0448714783994256e-16,nan,nan,nan,nan
9831,98.322,,98.32200000000361,False,8.361814469274753,3.2442345192747924e-16,3.1070386394516836e-14,-1.9746208287235206e-16,nan,nan,nan,nan
9832,98.331,,98.33100000000361,False,8.361814469274753,4.1325847518123085e-16,2.991046333793994e-14,-1.9192510796899106e-16,nan,nan,nan,nan
9833,98.34,,98.34000000000361,False,8.361814469274753,5.084877918926897e-16,2.820209273188921e-14,-1.8615826777048593e-16,nan,nan,nan,nan
9834,98.352,,98.35200000000361,False,8.361814469274755,6.435376984126127e-16,2.5025859484049402e-14,-1.7820441089517526e-16,nan,nan,nan,nan
9835,98.361,,98.36100000000361,False,8.361814469274755,7.284325944102303e-16,2.199761760931198e-14,-1.7258259038522436e-16,nan,nan,nan,nan
9836,98.37,,98.37000000000361,False,8.361814469274755,7.768666770708202e-16,1.855943494257259e-14,-1.6707199262373775e-16,nan,nan,nan,nan
9837,98.382,,98.38200000000361,False,8.361814469274755,8.110930754316669e-16,1.3525598617654826e-14,-1.6056282184811984e-16,nan,nan,nan,nan
9838,98.391,,98.39100000000361,False,8.361814469274753,8.162270797373722e-16,9.601356027938285e-15,-1.5496639328775543e-16,nan,nan,nan,nan
9839,98.4,,98.40000000000362,False,8.361814469274753,8.166169675327406e-16,5.644118615099522e-15,-1.4898008837801416e-16,nan,nan,nan,nan
9840,98.412,,98.41200000000362,False,8.361814469274753,8.002928657140441e-16,3.8223330095652e-16,-1.4071513818826241e-16,nan,nan,nan,nan
9841,98.421,,98.42100000000362,False,8.361814469274753,7.472639276006766e-16,-3.482914560740504e-15,-1.3470400042253172e-16,nan,nan,nan,nan
9842,98.43,,98.43000000000362,False,8.361814469274753,6.786175281314677e-16,-7.225358405811839e-15,-1.290069037261775e-16,nan,nan,nan,nan
9843,98.442,,98.44200000000362,False,8.361814469274753,5.751931046195687e-16,-1.1971077416085871e-14,-1.2155622464206027e-16,nan,nan,nan,nan
9844,98.451,,98.45100000000362,False,8.361814469274753,4.884970768688463e-16,-1.5290207489427214e-14,-1.161560989581927e-16,nan,nan,nan,nan
9845,98.46,,98.46000000000362,False,8.361814469274753,3.9374983773410628e-16,-1.835927054360499e-14,-1.1104267687061555e-16,nan,nan,nan,nan
9846,98.472,,98.47200000000362,False,8.361814469274753,2.545389457608075e-16,-2.2022563856525042e-14,-1.0467201485991598e-16,nan,nan,nan,nan
9847,98.481,,98.48100000000362,False,8.361814469274753,1.4019969411996501e-16,-2.441821597559019e-14,-1.0022944393144384e-16,nan,nan,nan,nan
9848,98.49,,98.49000000000362,False,8.361814469274755,1.7114552426330387e-17,-2.6485962840627565e-14,-9.607438064258815e-17,nan,nan,nan,nan
9849,98.502,,98.50200000000362,False,8.361814469274755,-1.6097026875847703e-16,-2.8691162181685364e-14,-9.098153036351726e-17,nan,nan,nan,nan
9850,98.511,,98.51100000000362,False,8.361814469274755,-3.052895975605217e-16,-2.9899409630752685e-14,-8.749731823376662e-17,nan,nan,nan,nan
9851,98.52,,98.52000000000362,False,8.361814469274755,-4.590677159771328e-16,-3.069796831798132e-14,-8.430061374363242e-17,nan,nan,nan,nan
9852,98.532,,98.53200000000362,False,8.361814469274755,-6.791949088702256e-16,-3.108159143023957e-14,-8.048557519619017e-17,nan,nan,nan,nan
9853,98.541,,98.54100000000362,False,8.361814469274755,-8.558919044145545e-16,-3.0825082812571396e-14,-7.795972186516105e-17,nan,nan,nan,nan
9854,98.55,,98.55000000000362,False,8.361814469274755,-1.0427788100282248e-15,-3.007303932179534e-14,-7.572137617374831e-17,nan,nan,nan,nan
9855,98.562,,98.56200000000362,False,8.361814469274755,-1.308197798873046e-15,-2.8253547932946537e-14,-7.318414935793469e-17,nan,nan,nan,nan
9856,98.571,,98.57100000000362,False,8.361814469274755,-1.5197307870507423e-15,-2.624138984027756e-14,-7.161665482562702e-17,nan,nan,nan,nan
9857,98.58,,98.58000000000362,False,8.361814469274755,-1.7262383124081858e-15,-2.366005839986698e-14,-7.083521338917329e-17,nan,nan,nan,nan
9858,98.592,,98.59200000000362,False,8.361814469274755,-1.9156955279356157e-15,-1.9446000653886643e-14,-7.102703861740912e-17,nan,nan,nan,nan
9859,98.601,,98.60100000000362,False,8.361814469274755,-1.976024415925135e-15,-1.588122194202797e-14,-7.11337330084952e-17,nan,nan,nan,nan
9860,98.61,,98.61000000000362,False,8.361814469274755,-1.9733064667691878e-15,-1.2117835418061704e-14,-7.15113524496411e-17,nan,nan,nan,nan
9861,98.622,,98.62200000000362,False,8.361814469274755,-1.9145700029482405e-15,-6.936946567886751e-15,-7.034390097338368e-17,nan,nan,nan,nan
9862,98.631,,98.63100000000362,False,8.361814469274755,-1.8435783195480365e-15,-3.027057090571159e-15,-6.896917152693813e-17,nan,nan,nan,nan
9863,98.64,,98.64000000000362,False,8.361814469274755,-1.7640238133013509e-15,8.592836516904786e-16,-6.771043763014028e-17,nan,nan,nan,nan
9864,98.652,,98.65200000000362,False,8.361814469274755,-1.6458129139323303e-15,5.929158810884692e-15,-6.607843599793718e-17,nan,nan,nan,nan
9865,98.661,,98.66100000000363,False,8.361814469274755,-1.5498074456164292e-15,9.55662511261065e-15,-6.486833950811208e-17,nan,nan,nan,nan
9866,98.67,,98.67000000000363,False,8.361814469274753,-1.4476920193163671e-15,1.2991375886471269e-14,-6.35526635243121e-17,nan,nan,nan,nan
9867,98.682,,98.68200000000363,False,8.361814469274753,-1.3021016569452151e-15,1.7235011951476326e-14,-6.163294337677729e-17,nan,nan,nan,nan
9868,98.691,,98.69100000000363,False,8.361814469274753,-1.1858862694158715e-15,2.013816081061548e-14,-6.006903913927507e-17,nan,nan,nan,nan
9869,98.7,,98.70000000000363,False,8.361814469274753,-1.0637016574869065e-15,2.2777639235573545e-14,-5.839875136447188e-17,nan,nan,nan,nan
9870,98.712,,98.71200000000363,False,8.361814469274753,-8.915868522255527e-16,2.5848713377663286e-14,-5.600621549559928e-17,nan,nan,nan,nan
9871,98.721,,98.72100000000363,False,8.361814469274753,-7.556656502690957e-16,2.7786806001571517e-14,-5.408769946709376e-17,nan,nan,nan,nan
9872,98.73,,98.73000000000363,False,8.361814469274753,-6.139459513585841e-16,2.938655348318011e-14,-5.20627999012873e-17,nan,nan,nan,nan
9873,98.742,,98.74200000000363,False,8.361814469274753,-4.1606549185398686e-16,3.0953178110716564e-14,-4.919744831107718e-17,nan,nan,nan,nan
9874,98.751,,98.75100000000363,False,8.361814469274753,-2.610425597935002e-16,3.167284170638382e-14,-4.692432049156842e-17,nan,nan,nan,nan
9875,98.76,,98.76000000000363,False,8.361814469274753,-1.0042185208554961e-16,3.197566508082013e-14,-4.454480913475871e-17,nan,nan,nan,nan
9876,98.772,,98.77200000000363,False,8.361814469274753,1.223321669663284e-16,3.1688973176330806e-14,-4.120664182321094e-17,nan,nan,nan,nan
9877,98.781,,98.78100000000363,False,8.361814469274753,2.957527652710103e-16,3.092410038137116e-14,-3.8578902212699e-17,nan,nan,nan,nan
9878,98.79,,98.79000000000363,False,8.361814469274753,4.745404240555384e-16,2.966007191543648e-14,-3.584477906488611e-17,nan,nan,nan,nan
9879,98.802,,98.80200000000363,False,8.361814469274753,7.211426019097317e-16,2.7154217035614364e-14,-3.203379603200072e-17,nan,nan,nan,nan
9880,98.811,,98.81100000000363,False,8.361814469274753,9.088390403099395e-16,2.4628878762923548e-14,-2.891395322172909e-17,nan,nan,nan,nan
9881,98.82,,98.82000000000363,False,8.361814469274751,1.0702742724606027e-15,2.1560747339206e-14,-2.5311518218065834e-17,nan,nan,nan,nan
9882,98.832,,98.83200000000363,False,8.361814469274751,1.2263712116608843e-15,1.681556587533976e-14,-2.063021330813146e-17,nan,nan,nan,nan
9883,98.841,,98.84100000000363,False,8.361814469274753,1.3378081423523261e-15,1.2939033746687573e-14,-1.746199629654017e-17,nan,nan,nan,nan
9884,98.85,,98.85000000000363,False,8.361814469274753,1.4187836053133997e-15,8.949094510759166e-15,-1.4970662594163606e-17,nan,nan,nan,nan
9885,98.862,,98.86200000000363,False,8.361814469274751,1.471162457043224e-15,3.559090532625759e-15,-1.1802837730899696e-17,nan,nan,nan,nan
9886,98.871,,98.87100000000363,False,8.361814469274751,1.4859778546209923e-15,-4.696539279693148e-16,-9.159973241386288e-18,nan,nan,nan,nan
9887,98.88,,98.88000000000363,False,8.361814469274751,1.4638014308673671e-15,-4.4164290599528995e-15,-6.376948962530734e-18,nan,nan,nan,nan
9888,98.892,,98.89200000000363,False,8.361814469274751,1.4213064501364513e-15,-9.463518307421579e-15,-2.8074115373394436e-18,nan,nan,nan,nan
9889,98.901,,98.90100000000363,False,8.361814469274751,1.3799971220177382e-15,-1.3030329239570475e-14,-3.1814209766629065e-19,nan,nan,nan,nan
9890,98.91,,98.91000000000363,False,8.361814469274753,1.330350596997989e-15,-1.6365954451578115e-14,1.884423745716483e-18,nan,nan,nan,nan
9891,98.922,,98.92200000000364,False,8.361814469274753,1.2507981010633658e-15,-2.041453488623629e-14,4.373944097490135e-18,nan,nan,nan,nan
9892,98.931,,98.93100000000364,False,8.361814469274753,1.1808224620494189e-15,-2.3121930531359893e-14,5.905658781767857e-18,nan,nan,nan,nan
9893,98.94,,98.94000000000364,False,8.361814469274753,1.1017551172241885e-15,-2.5521266510486483e-14,7.149865826429125e-18,nan,nan,nan,nan
9894,98.952,,98.95200000000364,False,8.361814469274753,9.817917331514301e-16,-2.8199955586752606e-14,8.361574446574116e-18,nan,nan,nan,nan
9895,98.961,,98.96100000000364,False,8.361814469274753,8.806134958329268e-16,-2.978722352582425e-14,8.93493033213034e-18,nan,nan,nan,nan
9896,98.97,,98.97000000000364,False,8.361814469274753,7.695708228998937e-16,-3.09856125800965e-14,9.220778578070117e-18,nan,nan,nan,nan
9897,98.982,,98.98200000000364,False,8.361814469274753,6.057621960079031e-16,-3.1935213769959916e-14,9.15467546658645e-18,nan,nan,nan,nan
9898,98.991,,98.99100000000364,False,8.361814469274753,4.707843366655216e-16,-3.212821690293696e-14,8.769672553421176e-18,nan,nan,nan,nan
9899,99.0,,99.00000000000364,False,8.361814469274753,3.25151091012363e-16,-3.184745932885393e-14,8.09716200063945e-18,nan,nan,nan,nan
9900,99.012,,99.01200000000364,False,8.361814469274753,1.1398188487337756e-16,-3.0690720088933815e-14,6.7532471575271186e-18,nan,nan,nan,nan
9901,99.021,,99.02100000000364,False,8.361814469274753,-5.745335652220576e-17,-2.9201779304245974e-14,5.409885445640349e-18,nan,nan,nan,nan
9902,99.03,,99.03000000000364,False,8.361814469274753,-2.4035315581781203e-16,-2.715013338677907e-14,3.779016094137134e-18,nan,nan,nan,nan
9903,99.042,,99.04200000000364,False,8.361814469274753,-4.825841856872465e-16,-2.351836955354438e-14,1.0152504415874896e-18,nan,nan,nan,nan
9904,99.051,,99.05100000000364,False,8.361814469274753,-6.280184264193216e-16,-2.0222141150585545e-14,-1.289416083767479e-18,nan,nan,nan,nan
9905,99.06,,99.06000000000364,False,8.361814469274753,-7.415287703909008e-16,-1.6590540361411006e-14,-3.0684065581471577e-18,nan,nan,nan,nan
9906,99.072,,99.07200000000364,False,8.361814469274753,-8.26124294216753e-16,-1.1391363375126083e-14,-5.306630544209439e-18,nan,nan,nan,nan
9907,99.081,,99.08100000000364,False,8.361814469274753,-8.792660094030645e-16,-7.380989895596734e-15,-6.910155469722101e-18,nan,nan,nan,nan
9908,99.09,,99.09000000000364,False,8.361814469274753,-9.250886815397011e-16,-3.372077298168926e-15,-8.378081139638035e-18,nan,nan,nan,nan
9909,99.102,,99.10200000000364,False,8.361814469274753,-9.581440229805659e-16,1.912853065674708e-15,-9.960019582048766e-18,nan,nan,nan,nan
9910,99.111,,99.11100000000364,False,8.361814469274753,-9.712647836612301e-16,5.763521484652559e-15,-1.1761059620044445e-17,nan,nan,nan,nan
9911,99.12,,99.12000000000364,False,8.361814469274753,-9.822720787482323e-16,9.459968286447255e-15,-1.3595137233478153e-17,nan,nan,nan,nan
9912,99.132,,99.13200000000364,False,8.361814469274753,-9.88955364930481e-16,1.4080446234660415e-14,-1.5866276234067954e-17,nan,nan,nan,nan
9913,99.141,,99.14100000000364,False,8.361814469274755,-9.885759556835465e-16,1.7266753632152875e-14,-1.7312279946184252e-17,nan,nan,nan,nan
9914,99.15,,99.15000000000364,False,8.361814469274755,-9.834463009245218e-16,2.0187077097921616e-14,-1.852841836315643e-17,nan,nan,nan,nan
9915,99.162,,99.16200000000364,False,8.361814469274755,-9.689136691239092e-16,2.3626874633437167e-14,-1.9792368015561797e-17,nan,nan,nan,nan
9916,99.171,,99.17100000000364,False,8.361814469274755,-9.52013977196309e-16,2.5835570796841113e-14,-2.0472154077197684e-17,nan,nan,nan,nan
9917,99.18,,99.18000000000364,False,8.361814469274755,-9.29771585221947e-16,2.7699400152262558e-14,-2.092207484368944e-17,nan,nan,nan,nan
9918,99.192,,99.19200000000365,False,8.361814469274755,-8.91489982763871e-16,2.9605715472022005e-14,-2.1164400962120926e-17,nan,nan,nan,nan
9919,99.201,,99.20100000000365,False,8.361814469274755,-8.560717782447697e-16,3.056909489297123e-14,-2.1077969373276398e-17,nan,nan,nan,nan
9920,99.21,,99.21000000000365,False,8.361814469274755,-8.14698377891152e-16,3.110464241181894e-14,-2.076167248928774e-17,nan,nan,nan,nan
9921,99.222,,99.22200000000365,False,8.361814469274755,-7.499456012744808e-16,3.110874176418223e-14,-1.9982375073745347e-17,nan,nan,nan,nan
9922,99.231,,99.23100000000365,False,8.361814469274755,-6.939438500760991e-16,3.0545491541443086e-14,-1.912972583442041e-17,nan,nan,nan,nan
9923,99.24,,99.24000000000365,False,8.361814469274755,-6.313543660023638e-16,2.946736210462319e-14,-1.804721129995134e-17,nan,nan,nan,nan
9924,99.252,,99.25200000000365,False,8.361814469274755,-5.373191394900418e-16,2.7182368547460368e-14,-1.624629035043507e-17,nan,nan,nan,nan
9925,99.261,,99.26100000000365,False,8.361814469274755,-4.58618034188083e-16,2.4798485254312487e-14,-1.4633328354816316e-17,nan,nan,nan,nan
9926,99.27,,99.27000000000365,False,8.361814469274755,-3.7501037841113926e-16,2.1861982124752288e-14,-1.2997596895460343e-17,nan,nan,nan,nan
9927,99.282,,99.28200000000365,False,8.361814469274755,-2.5787284758330757e-16,1.729534642084203e-14,-1.1074403817729278e-17,nan,nan,nan,nan
9928,99.291,,99.29100000000365,False,8.361814469274755,-1.8048717630160917e-16,1.3574806083099562e-14,-1.0435823596233784e-17,nan,nan,nan,nan
9929,99.3,,99.30000000000365,False,8.361814469274755,-9.905246433133337e-17,9.734182121609628e-15,-9.93550770834459e-18,nan,nan,nan,nan
9930,99.312,,99.31200000000365,False,8.361814469274755,1.3788090424816014e-17,4.548362059571713e-15,-8.661480263501363e-18,nan,nan,nan,nan
9931,99.321,,99.32100000000365,False,8.361814469274755,8.60038902380305e-17,6.517398146267286e-16,-7.117280575826294e-18,nan,nan,nan,nan
9932,99.33,,99.33000000000365,False,8.361814469274755,1.5317160309388396e-16,-3.2028476662389017e-15,-5.82641347023677e-18,nan,nan,nan,nan
9933,99.342,,99.34200000000365,False,8.361814469274753,2.338900529787772e-16,-8.188081093745039e-15,-4.627008026864582e-18,nan,nan,nan,nan
9934,99.351,,99.35100000000365,False,8.361814469274753,2.7187737713753357e-16,-1.1723136585077178e-14,-4.6810183844438176e-18,nan,nan,nan,nan
9935,99.36,,99.36000000000365,False,8.361814469274753,3.0251033117334816e-16,-1.504196416496635e-14,-4.9884256475746865e-18,nan,nan,nan,nan
9936,99.372,,99.37200000000365,False,8.361814469274753,3.444388756122444e-16,-1.9081213978542294e-14,-5.431906199942543e-18,nan,nan,nan,nan
9937,99.381,,99.38100000000365,False,8.361814469274753,3.767910722364216e-16,-2.179179492408962e-14,-5.788111678711339e-18,nan,nan,nan,nan
9938,99.39,,99.39000000000365,False,8.361814469274751,4.0995028631392163e-16,-2.420342091083835e-14,-6.164541498474049e-18,nan,nan,nan,nan
9939,99.402,,99.40200000000365,False,8.361814469274751,4.554665413865098e-16,-2.6913251921933757e-14,-6.697908010814876e-18,nan,nan,nan,nan
9940,99.411,,99.41100000000365,False,8.361814469274751,4.906188398088974e-16,-2.8535392048458016e-14,-7.12152795956339e-18,nan,nan,nan,nan
9941,99.42,,99.42000000000365,False,8.361814469274751,5.266736325471933e-16,-2.977891332180332e-14,-7.565372249305832e-18,nan,nan,nan,nan
9942,99.432,,99.43200000000365,False,8.361814469274751,5.762019398649651e-16,-3.080526377761665e-14,-8.18862472161962e-18,nan,nan,nan,nan
9943,99.441,,99.44100000000365,False,8.361814469274751,6.144788088444074e-16,-3.1068723291673485e-14,-8.679659140347874e-18,nan,nan,nan,nan
9944,99.45,,99.45000000000366,False,8.361814469274751,6.537589740453948e-16,-3.0869877076305426e-14,-9.190917900070037e-18,nan,nan,nan,nan
9945,99.462,,99.46200000000366,False,8.36181446927475,7.077473420778458e-16,-2.9840805304632525e-14,-9.904056332356809e-18,nan,nan,nan,nan
9946,99.471,,99.47100000000366,False,8.36181446927475,7.494910005166914e-16,-2.846193447322565e-14,-1.0462505221064794e-17,nan,nan,nan,nan
9947,99.48,,99.48000000000366,False,8.36181446927475,7.923440821257695e-16,-2.653304805428236e-14,-1.10411784507667e-17,nan,nan,nan,nan
9948,99.492,,99.49200000000366,False,8.36181446927475,8.470117173070395e-16,-2.308319336362835e-14,-1.1964500589298403e-17,nan,nan,nan,nan
9949,99.501,,99.50100000000366,False,8.36181446927475,8.636936523000133e-16,-1.992450232286725e-14,-1.3003899511445865e-17,nan,nan,nan,nan
9950,99.51,,99.51000000000366,False,8.36181446927475,8.654371977529311e-16,-1.6399280350694295e-14,-1.4154058053101722e-17,nan,nan,nan,nan
9951,99.522,,99.52200000000366,False,8.361814469274751,8.326982763986875e-16,-1.1313165087865507e-14,-1.554582904655579e-17,nan,nan,nan,nan
9952,99.531,,99.53100000000366,False,8.361814469274751,7.937406947699059e-16,-7.368581535473501e-15,-1.6531257625834185e-17,nan,nan,nan,nan
9953,99.54,,99.54000000000366,False,8.361814469274751,7.490607368083936e-16,-3.4058845158602394e-15,-1.7503378723236436e-17,nan,nan,nan,nan
9954,99.552,,99.55200000000366,False,8.361814469274751,6.781055025417134e-16,1.7831978443510553e-15,-1.9232545941811505e-17,nan,nan,nan,nan
9955,99.561,,99.56100000000366,False,8.361814469274751,6.160064810786122e-16,5.5730490376618655e-15,-2.078079546216219e-17,nan,nan,nan,nan
9956,99.57,,99.57000000000366,False,8.361814469274751,5.484656271818212e-16,9.220701273669569e-15,-2.2353238081364253e-17,nan,nan,nan,nan
9957,99.582,,99.58200000000366,False,8.361814469274751,4.553478851524545e-16,1.3783760024351326e-14,-2.434114035838512e-17,nan,nan,nan,nan
9958,99.591,,99.59100000000366,False,8.361814469274751,3.833887690269474e-16,1.695341058308714e-14,-2.5749895055360304e-17,nan,nan,nan,nan
9959,99.6,,99.60000000000366,False,8.361814469274751,3.097460519575753e-16,1.988288105848799e-14,-2.7088216600229356e-17,nan,nan,nan,nan
9960,99.612,,99.61200000000366,False,8.361814469274751,2.0915141275856703e-16,2.337777913293639e-14,-2.8763082645667453e-17,nan,nan,nan,nan
9961,99.621,,99.62100000000366,False,8.361814469274751,1.3206713076477431e-16,2.5662085876718217e-14,-2.9937060168955546e-17,nan,nan,nan,nan
9962,99.63,,99.63000000000366,False,8.361814469274751,5.3723430003725506e-17,2.7632747099333806e-14,-3.1040604540137526e-17,nan,nan,nan,nan
9963,99.642,,99.64200000000366,False,8.361814469274751,-5.246285224666417e-17,2.973297144052102e-14,-3.2402434353992855e-17,nan,nan,nan,nan
9964,99.651,,99.65100000000366,False,8.361814469274751,-1.3322124292875394e-16,3.088259046750549e-14,-3.3341634703593876e-17,nan,nan,nan,nan
9965,99.66,,99.66000000000366,False,8.361814469274751,-2.1478305598038253e-16,3.1641276442001746e-14,-3.421040190108877e-17,nan,nan,nan,nan
9966,99.672,,99.67200000000366,False,8.361814469274751,-3.2453433062563265e-16,3.200332691071902e-14,-3.525919548336133e-17,nan,nan,nan,nan
9967,99.681,,99.68100000000366,False,8.361814469274751,-4.0740972541233537e-16,3.1756174007427065e-14,-3.596361865927528e-17,nan,nan,nan,nan
9968,99.69,,99.69000000000366,False,8.361814469274751,-4.906007319497517e-16,3.103697842683423e-14,-3.65976086830831e-17,nan,nan,nan,nan
9969,99.702,,99.70200000000366,False,8.361814469274753,-6.017489517950813e-16,2.9300367801691856e-14,-3.73333660337729e-17,nan,nan,nan,nan
9970,99.711,,99.71100000000366,False,8.361814469274753,-6.850781986990186e-16,2.7381618443008726e-14,-3.7803012035999774e-17,nan,nan,nan,nan
9971,99.72,,99.72000000000367,False,8.361814469274753,-7.680016067401204e-16,2.4906249074267548e-14,-3.8190968279555665e-17,nan,nan,nan,nan
9972,99.732,,99.73200000000367,False,8.361814469274753,-8.666778306786463e-16,2.0759481965161135e-14,-3.8454218661545063e-17,nan,nan,nan,nan
9973,99.741,,99.74100000000367,False,8.361814469274753,-9.138681956775214e-16,1.7175879200796042e-14,-3.8160631622117865e-17,nan,nan,nan,nan
9974,99.75,,99.75000000000367,False,8.361814469274753,-9.464324888537617e-16,1.333015790461547e-14,-3.7717512864339973e-17,nan,nan,nan,nan
9975,99.762,,99.76200000000367,False,8.361814469274753,-9.363006903036147e-16,8.010513398146956e-15,-3.6042678264617805e-17,nan,nan,nan,nan
9976,99.771,,99.77100000000367,False,8.361814469274753,-9.093005002257e-16,3.98756820078692e-15,-3.4041943480473835e-17,nan,nan,nan,nan
9977,99.78,,99.78000000000367,False,8.361814469274753,-8.749169877289827e-16,-1.9844589782617044e-17,-3.1973014000843505e-17,nan,nan,nan,nan
9978,99.792,,99.79200000000367,False,8.361814469274753,-8.193038791270686e-16,-5.258700797486861e-15,-2.9422769537905e-17,nan,nan,nan,nan
9979,99.801,,99.80100000000367,False,8.361814469274753,-7.738907251135856e-16,-9.028179005415568e-15,-2.7616050669689027e-17,nan,nan,nan,nan
9980,99.81,,99.81000000000367,False,8.361814469274753,-7.255754420864433e-16,-1.260693299271217e-14,-2.5981861245462783e-17,nan,nan,nan,nan
9981,99.822,,99.82200000000367,False,8.361814469274753,-6.567007157228174e-16,-1.7017958751867072e-14,-2.424910406146308e-17,nan,nan,nan,nan
9982,99.831,,99.83100000000367,False,8.361814469274753,-6.017512675599664e-16,-2.0026292675797703e-14,-2.3284961753015806e-17,nan,nan,nan,nan
9983,99.84,,99.84000000000367,False,8.361814469274753,-5.440214690117459e-16,-2.2751956090843085e-14,-2.2608327084185e-17,nan,nan,nan,nan
9984,99.852,,99.85200000000367,False,8.361814469274753,-4.6279293657891135e-16,-2.590593118988036e-14,-2.2153381631813955e-17,nan,nan,nan,nan
9985,99.861,,99.86100000000367,False,8.361814469274753,-3.987343807361588e-16,-2.788031712505253e-14,-2.2147598122088198e-17,nan,nan,nan,nan
9986,99.87,,99.87000000000367,False,8.361814469274753,-3.3203547402932706e-16,-2.9492541212755034e-14,-2.2429322251978878e-17,nan,nan,nan,nan
9987,99.882,,99.88200000000367,False,8.361814469274753,-2.3907535562190617e-16,-3.103617081352178e-14,-2.3252188531236507e-17,nan,nan,nan,nan
9988,99.891,,99.89100000000367,False,8.361814469274753,-1.6639561487871915e-16,-3.1706897927286104e-14,-2.4204763820232237e-17,nan,nan,nan,nan
9989,99.9,,99.90000000000367,False,8.361814469274753,-9.123374368574301e-17,-3.193190925153809e-14,-2.5444846748844418e-17,nan,nan,nan,nan
9990,99.912,,99.91200000000367,False,8.361814469274753,1.2754758854974435e-17,-3.149384250051116e-14,-2.7545524759730703e-17,nan,nan,nan,nan
9991,99.921,,99.92100000000367,False,8.361814469274753,9.35070254091283e-17,-3.057765794869066e-14,-2.945645884744793e-17,nan,nan,nan,nan
9992,99.93,,99.93000000000367,False,8.361814469274755,1.7656498110578113e-16,-2.912814106185679e-14,-3.1654900574781626e-17,nan,nan,nan,nan
9993,99.942,,99.94200000000367,False,8.361814469274755,2.90797684191838e-16,-2.631897109014293e-14,-3.503339031729657e-17,nan,nan,nan,nan
9994,99.951,,99.95100000000367,False,8.361814469274755,3.719993465522323e-16,-2.353679514872294e-14,-3.7715341108763046e-17,nan,nan,nan,nan
9995,99.96,,99.96000000000367,False,8.361814469274755,4.2825946822953356e-16,-2.0263165613471322e-14,-4.0428895062373894e-17,nan,nan,nan,nan
9996,99.972,,99.97200000000367,False,8.361814469274753,4.906778908408296e-16,-1.5359097776648716e-14,-4.4106019709347076e-17,nan,nan,nan,nan
9997,99.981,,99.98100000000368,False,8.361814469274753,5.023751239588718e-16,-1.145018100912653e-14,-4.69744412741698e-17,nan,nan,nan,nan
9998,99.99,,99.99000000000368,False,8.361814469274753,5.108588720402552e-16,-7.46492735704663e-15,-4.988581266055425e-17,nan,nan,nan,nan
9999,100.002,,100.00200000000368,False,8.361814469274753,5.190867768005062e-16,-2.1452582342038406e-15,-5.408689731368104e-17,nan,nan,nan,nan
10000,100.011,,100.01100000000368,False,8.361814469274753,5.219493433775973e-16,1.802951010510174e-15,-5.742384161829567e-17,nan,nan,nan,nan
10001,100.02,,100.02000000000368,False,8.361814469274753,5.203169781735591e-16,5.639863116092764e-15,-6.084838909462813e-17,nan,nan,nan,nan
10002,100.032,,100.03200000000368,False,8.361814469274753,5.132055519141026e-16,1.0517523719791502e-14,-6.548728533578106e-17,nan,nan,nan,nan
10003,100.041,,100.04100000000368,False,8.361814469274753,5.083643033544897e-16,1.3941289252494459e-14,-6.882950120979079e-17,nan,nan,nan,nan
10004,100.05,,100.05000000000368,False,8.361814469274753,5.036839834892352e-16,1.71223219552868e-14,-7.194250788801048e-17,nan,nan,nan,nan
10005,100.062,,100.06200000000368,False,8.361814469274755,4.978408876514306e-16,2.094638962729877e-14,-7.573561522207915e-17,nan,nan,nan,nan
10006,100.071,,100.07100000000368,False,8.361814469274755,4.938746902581701e-16,2.347126695103891e-14,-7.83122695449625e-17,nan,nan,nan,nan
10007,100.08,,100.08000000000368,False,8.361814469274755,4.903685934149049e-16,2.5675674967292877e-14,-8.065905857270176e-17,nan,nan,nan,nan
10008,100.092,,100.09200000000368,False,8.361814469274755,4.865740260267119e-16,2.807469375908794e-14,-8.343054237279656e-17,nan,nan,nan,nan
10009,100.101,,100.10100000000368,False,8.361814469274755,4.845141921065233e-16,2.943703491987323e-14,-8.524097904519949e-17,nan,nan,nan,nan
10010,100.11,,100.11000000000368,False,8.361814469274755,4.832382538419069e-16,3.0397189317206596e-14,-8.68215504224583e-17,nan,nan,nan,nan
10011,100.122,,100.12200000000368,False,8.361814469274755,4.829313042614453e-16,3.100797053560366e-14,-8.857141068857921e-17,nan,nan,nan,nan
10012,100.131,,100.13100000000368,False,8.361814469274755,4.838805322948484e-16,3.093062142604468e-14,-8.961562971050174e-17,nan,nan,nan,nan
10013,100.14,,100.14000000000368,False,8.361814469274755,4.859574923424834e-16,3.0365285879207805e-14,-9.04299834372801e-17,nan,nan,nan,nan
10014,100.152,,100.15200000000368,False,8.361814469274755,4.906663221637969e-16,2.880649764053588e-14,-9.115822016942712e-17,nan,nan,nan,nan
10015,100.161,,100.16100000000368,False,8.361814469274755,4.957941148082547e-16,2.6998696760375772e-14,-9.143622154086921e-17,nan,nan,nan,nan
10016,100.17,,100.17000000000368,False,8.361814469274755,5.003451013692309e-16,2.4615240015283636e-14,-9.157397307011668e-17,nan,nan,nan,nan
10017,100.182,,100.18200000000368,False,8.361814469274755,4.964741479741443e-16,2.059539187954489e-14,-9.208608973703095e-17,nan,nan,nan,nan
10018,100.191,,100.19100000000368,False,8.361814469274755,4.941144504933966e-16,1.712709942356922e-14,-9.24550093729602e-17,nan,nan,nan,nan
10019,100.2,,100.20000000000368,False,8.361814469274755,4.927053863481721e-16,1.3404148095863577e-14,-9.28528563148446e-17,nan,nan,nan,nan
10020,100.212,,100.21200000000368,False,8.361814469274755,4.915599485389941e-16,8.23288566439748e-15,-9.35734971425788e-17,nan,nan,nan,nan
10021,100.221,,100.22100000000368,False,8.361814469274755,4.888633945713853e-16,4.300413172086907e-15,-9.379265592994533e-17,nan,nan,nan,nan
10022,100.23,,100.23000000000368,False,8.361814469274755,4.778387294061047e-16,3.7258301082422325e-16,-9.363198569333747e-17,nan,nan,nan,nan
10023,100.242,,100.24200000000369,False,8.361814469274755,4.57049688538517e-16,-4.7716303184888475e-15,-9.337564990490737e-17,nan,nan,nan,nan
10024,100.251,,100.25100000000369,False,8.361814469274755,4.3807142602924056e-16,-8.469789974323793e-15,-9.318485299105123e-17,nan,nan,nan,nan
10025,100.26,,100.26000000000369,False,8.361814469274753,4.1734934941606e-16,-1.197820630425612e-14,-9.292141019785565e-17,nan,nan,nan,nan
10026,100.272,,100.27200000000369,False,8.361814469274753,3.8802035665490926e-16,-1.6300893010672412e-14,-9.260073842711335e-17,nan,nan,nan,nan
10027,100.281,,100.28100000000369,False,8.361814469274753,3.6476524763926415e-16,-1.9247406258042246e-14,-9.238382966354951e-17,nan,nan,nan,nan
10028,100.29,,100.29000000000369,False,8.361814469274753,3.404421644215068e-16,-2.191533994640983e-14,-9.218714524097962e-17,nan,nan,nan,nan
10029,100.302,,100.30200000000369,False,8.361814469274753,3.063675860476694e-16,-2.499916518277384e-14,-9.195635943021028e-17,nan,nan,nan,nan
10030,100.311,,100.31100000000369,False,8.361814469274751,2.7959259407078925e-16,-2.692640561315232e-14,-9.180686513662618e-17,nan,nan,nan,nan
10031,100.32,,100.32000000000369,False,8.361814469274751,2.5178509397610133e-16,-2.849647402104294e-14,-9.1677595184036e-17,nan,nan,nan,nan
10032,100.332,,100.33200000000369,False,8.361814469274751,2.131225570309307e-16,-2.9992137949640874e-14,-9.153669533323963e-17,nan,nan,nan,nan
10033,100.341,,100.34100000000369,False,8.361814469274751,1.8295211492405664e-16,-3.0633437205899465e-14,-9.145461550963527e-17,nan,nan,nan,nan
10034,100.35,,100.35000000000369,False,8.361814469274751,1.5178995582673038e-16,-3.0834948994319013e-14,-9.139276002702487e-17,nan,nan,nan,nan
10035,100.362,,100.36200000000369,False,8.361814469274751,1.0872075420958442e-16,-3.037527185803446e-14,-9.134174613620144e-17,nan,nan,nan,nan
10036,100.371,,100.37100000000369,False,8.36181446927475,7.529704494746115e-17,-2.9450551643492683e-14,-9.13270807825768e-17,nan,nan,nan,nan
10037,100.38,,100.38000000000369,False,8.36181446927475,4.0927734865291876e-17,-2.799940553389509e-14,-9.133263976994609e-17,nan,nan,nan,nan
10038,100.392,,100.39200000000369,False,8.36181446927475,-6.343170666467171e-18,-2.5199327656209066e-14,-9.13715118390957e-17,nan,nan,nan,nan
10039,100.401,,100.40100000000369,False,8.36181446927475,-4.2986453545854865e-17,-2.2443550766540883e-14,-9.137021637924626e-17,nan,nan,nan,nan
10040,100.41,,100.41000000000369,False,8.36181446927475,-8.033900664563945e-17,-1.922941189548139e-14,-9.129435820076802e-17,nan,nan,nan,nan
10041,100.422,,100.42200000000369,False,8.36181446927475,-1.3348082661567603e-16,-1.4420639737791425e-14,-9.117480835376314e-17,nan,nan,nan,nan
10042,100.431,,100.43100000000369,False,8.361814469274751,-1.7445141548878716e-16,-1.0593439414779675e-14,-9.111462180588915e-17,nan,nan,nan,nan
10043,100.44,,100.44000000000369,False,8.361814469274751,-2.174738208752124e-16,-6.67378919079261e-15,-9.100599429896345e-17,nan,nan,nan,nan
10044,100.452,,100.4520000000037,False,8.361814469274751,-2.790442807203e-16,-1.4046874903367115e-15,-9.075014337579059e-17,nan,nan,nan,nan
10045,100.461,,100.4610000000037,False,8.361814469274751,-3.2000653114167557e-16,2.4712419104001922e-15,-9.121117335112518e-17,nan,nan,nan,nan
10046,100.47,,100.4700000000037,False,8.361814469274751,-3.470135090230025e-16,6.2310276015330615e-15,-9.247760492091211e-17,nan,nan,nan,nan
10047,100.482,,100.4820000000037,False,8.361814469274751,-3.8751813280214484e-16,1.1007418929049853e-14,-9.431963203083069e-17,nan,nan,nan,nan
10048,100.491,,100.4910000000037,False,8.361814469274751,-4.1938807790654144e-16,1.4376896420133467e-14,-9.573937458395024e-17,nan,nan,nan,nan
10049,100.5,,100.5000000000037,False,8.361814469274751,-4.486737000755768e-16,1.752530353421888e-14,-9.708934008431778e-17,nan,nan,nan,nan
10050,100.512,,100.5120000000037,False,8.361814469274751,-4.833297235883152e-16,2.1342215464396154e-14,-9.877973140375385e-17,nan,nan,nan,nan
10051,100.521,,100.5210000000037,False,8.361814469274751,-5.057736193451891e-16,2.389100356152098e-14,-9.99653528825404e-17,nan,nan,nan,nan
10052,100.53,,100.5300000000037,False,8.361814469274751,-5.249546635149756e-16,2.6146175997462936e-14,-1.0108054120922083e-16,nan,nan,nan,nan
10053,100.542,,100.5420000000037,False,8.361814469274751,-5.45103350726458e-16,2.8657435794305095e-14,-1.0245789629707412e-16,nan,nan,nan,nan
10054,100.557,,100.5570000000037,False,8.361814469274751,-5.608809128664766e-16,3.092349417967005e-14,-1.040035072766254e-16,nan,nan,nan,nan
10055,100.56,,100.5600000000037,False,8.361814469274751,-5.627044059643192e-16,3.125167040606642e-14,-1.04289151755167e-16,nan,nan,nan,nan
10056,100.572,,100.5720000000037,False,8.361814469274751,-5.652955906997314e-16,3.211831745532754e-14,-1.053534706114375e-16,nan,nan,nan,nan
10057,100.581,,100.5810000000037,False,8.361814469274751,-5.620771479347355e-16,3.2274966199595314e-14,-1.0606953774284992e-16,nan,nan,nan,nan
10058,100.59,,100.5900000000037,False,8.361814469274751,-5.541914645828774e-16,3.198164491277885e-14,-1.0671517172215618e-16,nan,nan,nan,nan
10059,100.602,,100.6020000000037,False,8.361814469274751,-5.360335841291456e-16,3.08477315180321e-14,-1.0746645434684395e-16,nan,nan,nan,nan
10060,100.611,,100.6110000000037,False,8.361814469274751,-5.16390812865914e-16,2.940755091960026e-14,-1.0794774430456931e-16,nan,nan,nan,nan
10061,100.62,,100.6200000000037,False,8.361814469274751,-4.913308851842702e-16,2.7433489964897447e-14,-1.0835860111018852e-16,nan,nan,nan,nan
10062,100.632,,100.6320000000037,False,8.361814469274751,-4.497236398096001e-16,2.3928743946874166e-14,-1.0881390608649918e-16,nan,nan,nan,nan
10063,100.641,,100.6410000000037,False,8.361814469274751,-4.160884868037488e-16,2.0680355934884877e-14,-1.0917064356202055e-16,nan,nan,nan,nan
10064,100.65,,100.6500000000037,False,8.361814469274751,-3.781485734755278e-16,1.7059082745896053e-14,-1.0944039102526551e-16,nan,nan,nan,nan
10065,100.662,,100.6620000000037,False,8.361814469274751,-3.1930987672294655e-16,1.18082375842369e-14,-1.0977051645269435e-16,nan,nan,nan,nan
10066,100.671,,100.6710000000037,False,8.361814469274751,-2.698618996650225e-16,7.745926718905673e-15,-1.0989412986760704e-16,nan,nan,nan,nan
10067,100.68,,100.6800000000037,False,8.361814469274751,-2.1403466293705901e-16,3.669428268975226e-15,-1.0979832411826773e-16,nan,nan,nan,nan
10068,100.692,,100.6920000000037,False,8.361814469274751,-1.3167042635837046e-16,-1.7368807558456035e-15,-1.0938348767170044e-16,nan,nan,nan,nan
10069,100.701,,100.7010000000037,False,8.361814469274751,-6.810890848159086e-17,-5.671783639587101e-15,-1.0904861976257601e-16,nan,nan,nan,nan
10070,100.71,,100.7100000000037,False,8.361814469274751,-2.7224761449341952e-18,-9.43480717036891e-15,-1.0888562519808717e-16,nan,nan,nan,nan
10071,100.722,,100.7220000000037,False,8.361814469274753,8.1819775697015e-17,-1.4116017656167821e-14,-1.093408797610229e-16,nan,nan,nan,nan
10072,100.731,,100.7310000000037,False,8.361814469274753,1.323378007491682e-16,-1.7335292139582122e-14,-1.1062228392642936e-16,nan,nan,nan,nan
10073,100.74,,100.7400000000037,False,8.361814469274753,1.7007618693931128e-16,-2.027775220187488e-14,-1.1274139293095602e-16,nan,nan,nan,nan
10074,100.752,,100.7520000000037,False,8.361814469274753,1.9894307025599303e-16,-2.372902826703593e-14,-1.168699680200673e-16,nan,nan,nan,nan
10075,100.761,,100.7610000000037,False,8.361814469274753,2.0330694941016727e-16,-2.593189943182216e-14,-1.209437216492076e-16,nan,nan,nan,nan
10076,100.77,,100.7700000000037,False,8.361814469274753,1.918104649376601e-16,-2.7776743079497296e-14,-1.2585518011746806e-16,nan,nan,nan,nan
10077,100.782,,100.7820000000037,False,8.361814469274753,1.5015896587190809e-16,-2.963602468778635e-14,-1.33706887824891e-16,nan,nan,nan,nan
10078,100.791,,100.7910000000037,False,8.361814469274753,9.792040488302286e-17,-3.054688976583364e-14,-1.405729909177651e-16,nan,nan,nan,nan
10079,100.8,,100.8000000000037,False,8.361814469274753,2.658714547749103e-17,-3.1014320703798245e-14,-1.482767988497594e-16,nan,nan,nan,nan
10080,100.812,,100.8120000000037,False,8.361814469274753,-9.995755725942937e-17,-3.09020228642305e-14,-1.598516391754941e-16,nan,nan,nan,nan
10081,100.821,,100.8210000000037,False,8.361814469274753,-2.1975888605410123e-16,-3.0231300664154555e-14,-1.6951009173210184e-16,nan,nan,nan,nan
10082,100.83,,100.83000000000371,False,8.361814469274753,-3.6204285808067917e-16,-2.902754417404232e-14,-1.8000624912782976e-16,nan,nan,nan,nan
10083,100.842,,100.84200000000371,False,8.361814469274753,-5.884324466984926e-16,-2.6545546356923324e-14,-1.9529969369986384e-16,nan,nan,nan,nan
10084,100.851,,100.85100000000371,False,8.361814469274753,-7.64738273295266e-16,-2.4014202791651344e-14,-2.0748998568256165e-16,nan,nan,nan,nan
10085,100.86,,100.86000000000371,False,8.361814469274753,-9.054509434226217e-16,-2.0974970311192664e-14,-2.1878976534699733e-16,nan,nan,nan,nan
10086,100.872,,100.87200000000371,False,8.361814469274753,-1.0147106054150714e-15,-1.6340350396430565e-14,-2.3133398030060297e-16,nan,nan,nan,nan
10087,100.881,,100.88100000000371,False,8.361814469274753,-1.0518003437346525e-15,-1.2594026390816265e-14,-2.3867678860085377e-16,nan,nan,nan,nan
10088,100.89,,100.89000000000371,False,8.361814469274753,-1.0599483663601377e-15,-8.74262631423642e-15,-2.449398192162342e-16,nan,nan,nan,nan
10089,100.902,,100.90200000000371,False,8.361814469274753,-1.0284049826112337e-15,-3.558118223083486e-15,-2.5297083641157917e-16,nan,nan,nan,nan
10090,100.911,,100.91100000000371,False,8.361814469274753,-9.937011934156793e-16,3.063299955521806e-16,-2.584356860029247e-16,nan,nan,nan,nan
10091,100.92,,100.92000000000371,False,8.361814469274753,-9.544835126839261e-16,4.088587490155123e-15,-2.627692090836796e-16,nan,nan,nan,nan
10092,100.932,,100.93200000000371,False,8.361814469274753,-9.164080295450566e-16,8.923039295996635e-15,-2.6822255377699115e-16,nan,nan,nan,nan
10093,100.941,,100.94100000000371,False,8.361814469274753,-8.882824308936365e-16,1.2358333319874674e-14,-2.72389861023302e-16,nan,nan,nan,nan
10094,100.95,,100.95000000000371,False,8.361814469274753,-8.598636734172272e-16,1.5608239247639226e-14,-2.7664616726054464e-16,nan,nan,nan,nan
10095,100.962,,100.96200000000371,False,8.361814469274753,-8.217416878801941e-16,1.9619195827171022e-14,-2.8245968511831796e-16,nan,nan,nan,nan
10096,100.974,,100.97400000000371,False,8.361814469274753,-7.836470923915083e-16,2.3218473293362384e-14,-2.884314234044145e-16,nan,nan,nan,nan
10097,100.98,,100.98000000000371,False,8.361814469274753,-7.647113003960432e-16,2.4848682417311045e-14,-2.9147662520808403e-16,nan,nan,nan,nan
10098,100.992,,100.99200000000371,False,8.361814469274753,-7.272698625760798e-16,2.7739587479540102e-14,-2.9768569413666554e-16,nan,nan,nan,nan
10099,101.001,,101.00100000000371,False,8.361814469274753,-6.997316924675474e-16,2.955989706545743e-14,-3.02446327989189e-16,nan,nan,nan,nan
10100,101.01,,101.01000000000371,False,8.361814469274753,-6.728204720190612e-16,3.105830048972572e-14,-3.0729596083264433e-16,nan,nan,nan,nan
10101,101.022,,101.02200000000371,False,8.361814469274753,-6.381709204629706e-16,3.251786506874818e-14,-3.1390058083203425e-16,nan,nan,nan,nan
10102,101.031,,101.03100000000371,False,8.361814469274753,-6.133042199794548e-16,3.318018551828321e-14,-3.189578779876639e-16,nan,nan,nan,nan
10103,101.04,,101.04000000000372,False,8.361814469274753,-5.895695141900411e-16,3.3446997819719645e-14,-3.241041741342254e-16,nan,nan,nan,nan
10104,101.052,,101.05200000000372,False,8.361814469274751,-5.599564934936307e-16,3.314810197575971e-14,-3.3110434520442384e-16,nan,nan,nan,nan
10105,101.061,,101.06100000000372,False,8.361814469274751,-5.394797389198493e-16,3.24029377034392e-14,-3.364583056631598e-16,nan,nan,nan,nan
10106,101.07,,101.07000000000372,False,8.361814469274751,-5.206700179352523e-16,3.118510132744934e-14,-3.4190126511282753e-16,nan,nan,nan,nan
10107,101.082,,101.08200000000372,False,8.361814469274751,-4.984714787433315e-16,2.878479414685925e-14,-3.4929698725383435e-16,nan,nan,nan,nan
10108,101.091,,101.09100000000372,False,8.361814469274751,-4.842031259007551e-16,2.637077633680599e-14,-3.549476110156767e-16,nan,nan,nan,nan
10109,101.1,,101.10000000000372,False,8.361814469274751,-4.711278594892041e-16,2.3404542494435747e-14,-3.606405992555393e-16,nan,nan,nan,nan
10110,101.112,,101.11200000000372,False,8.361814469274751,-4.2677179083536446e-16,1.8676629671038477e-14,-3.667955478136209e-16,nan,nan,nan,nan
10111,101.121,,101.12100000000372,False,8.361814469274751,-3.8225791863973786e-16,1.474537714226606e-14,-3.692425319599349e-16,nan,nan,nan,nan
10112,101.13,,101.13000000000372,False,8.361814469274751,-3.525015474189696e-16,1.0637887264059295e-14,-3.7039342503728163e-16,nan,nan,nan,nan
10113,101.142,,101.14200000000372,False,8.361814469274751,-3.093074195465171e-16,5.021810191422881e-15,-3.7167977582229036e-16,nan,nan,nan,nan
10114,101.151,,101.15100000000372,False,8.361814469274751,-2.717914773497567e-16,8.067132029121682e-16,-3.7243899931656545e-16,nan,nan,nan,nan
10115,101.16,,101.16000000000372,False,8.361814469274751,-2.315827414869869e-16,-3.3284360409179296e-15,-3.730940455684263e-16,nan,nan,nan,nan
10116,101.172,,101.17200000000372,False,8.361814469274751,-1.7801559109618934e-16,-8.602786676050914e-15,-3.741859018375002e-16,nan,nan,nan,nan
10117,101.181,,101.18100000000372,False,8.361814469274751,-1.3799177287272773e-16,-1.232856769070851e-14,-3.7532695290397807e-16,nan,nan,nan,nan
10118,101.19,,101.19000000000372,False,8.361814469274751,-9.820008352886701e-17,-1.5831019819240702e-14,-3.7675551161007246e-16,nan,nan,nan,nan
10119,101.202,,101.20200000000372,False,8.361814469274753,-4.5667923802063947e-17,-2.0114623037431282e-14,-3.791074906576015e-16,nan,nan,nan,nan
10120,101.211,,101.21100000000372,False,8.361814469274753,-6.7854289966977896e-18,-2.300786292050494e-14,-3.812069005228009e-16,nan,nan,nan,nan
10121,101.22,,101.22000000000372,False,8.361814469274753,3.1545937223695484e-17,-2.5601369534275958e-14,-3.835938180276167e-16,nan,nan,nan,nan
10122,101.232,,101.23200000000372,False,8.361814469274753,8.162532981818615e-17,-2.8552087601605015e-14,-3.8722360880677457e-16,nan,nan,nan,nan
10123,101.241,,101.24100000000372,False,8.361814469274753,1.1828191114571789e-16,-3.0353365371802626e-14,-3.902813774706954e-16,nan,nan,nan,nan
10124,101.25,,101.25000000000372,False,8.361814469274753,1.5405014328990504e-16,-3.1774442886062114e-14,-3.936266537742327e-16,nan,nan,nan,nan
10125,101.262,,101.26200000000372,False,8.361814469274753,2.001780105370984e-16,-3.3034644750816203e-14,-3.9853425628501913e-16,nan,nan,nan,nan
10126,101.271,,101.27100000000372,False,8.361814469274753,2.3346335201705653e-16,-3.3470997415318074e-14,-4.0255038374766155e-16,nan,nan,nan,nan
10127,101.28,,101.28000000000372,False,8.361814469274753,2.655049028222984e-16,-3.344262023378797e-14,-4.0685401884992024e-16,nan,nan,nan,nan
10128,101.292,,101.29200000000372,False,8.361814469274753,3.0610150476054177e-16,-3.263661882888353e-14,-4.1303943309233545e-16,nan,nan,nan,nan
10129,101.301,,101.30100000000373,False,8.361814469274753,3.348095437131868e-16,-3.142154138334225e-14,-4.180139193536993e-16,nan,nan,nan,nan
10130,101.31,,101.31000000000373,False,8.361814469274753,3.619001296067436e-16,-2.965314189821691e-14,-4.2327591325467956e-16,nan,nan,nan,nan
10131,101.322,,101.32200000000373,False,8.361814469274753,3.9403408779364176e-16,-2.6388427841757488e-14,-4.3067964002259484e-16,nan,nan,nan,nan
10132,101.331,,101.33100000000373,False,8.361814469274753,4.0643486852791045e-16,-2.3283296120281367e-14,-4.3545153657270054e-16,nan,nan,nan,nan
10133,101.34,,101.34000000000373,False,8.361814469274753,4.1639371984202155e-16,-1.9756179933274966e-14,-4.384570024374796e-16,nan,nan,nan,nan
10134,101.352,,101.35200000000373,False,8.361814469274753,3.9223539124115103e-16,-1.4584821836776515e-14,-4.40675138959109e-16,nan,nan,nan,nan
10135,101.361,,101.36100000000373,False,8.361814469274753,3.482381293351217e-16,-1.0540647721580497e-14,-4.409118937133827e-16,nan,nan,nan,nan
10136,101.37,,101.37000000000373,False,8.361814469274753,2.9488037450737047e-16,-6.4468103878849395e-15,-4.4009032909107196e-16,nan,nan,nan,nan
10137,101.382,,101.38200000000373,False,8.361814469274753,2.3610677702979896e-16,-9.981366095833453e-16,-4.3922293361654133e-16,nan,nan,nan,nan
10138,101.391,,101.39100000000373,False,8.361814469274753,2.255348700515778e-16,3.0045140426632773e-15,-4.3867996279245674e-16,nan,nan,nan,nan
10139,101.4,,101.40000000000373,False,8.361814469274753,2.1366107625044266e-16,6.869404139908814e-15,-4.381603810238973e-16,nan,nan,nan,nan
10140,101.412,,101.41200000000373,False,8.361814469274753,1.999411019005633e-16,1.1740247470512528e-14,-4.372933075151632e-16,nan,nan,nan,nan
10141,101.421,,101.42100000000373,False,8.361814469274753,1.9053923024895627e-16,1.5134000438931125e-14,-4.363856518452864e-16,nan,nan,nan,nan
10142,101.43,,101.43000000000373,False,8.361814469274753,1.8194773656596994e-16,1.8278922898704028e-14,-4.3524813088026564e-16,nan,nan,nan,nan
10143,101.442,,101.44200000000373,False,8.361814469274755,1.71933157783533e-16,2.204532325251246e-14,-4.33373868023347e-16,nan,nan,nan,nan
10144,101.451,,101.45100000000373,False,8.361814469274755,1.6564043491734053e-16,2.451966544214271e-14,-4.316999947029898e-16,nan,nan,nan,nan
10145,101.46,,101.46000000000373,False,8.361814469274755,1.6051205133985174e-16,2.6667170571188565e-14,-4.2979625608748862e-16,nan,nan,nan,nan
10146,101.472,,101.47200000000373,False,8.361814469274755,1.556759509568427e-16,2.8980220919899125e-14,-4.2690036969659604e-16,nan,nan,nan,nan
10147,101.481,,101.48100000000373,False,8.361814469274755,1.5369562940493802e-16,3.0270367903441756e-14,-4.2446027872575835e-16,nan,nan,nan,nan
10148,101.49,,101.49000000000373,False,8.361814469274755,1.5325364971490321e-16,3.1151589056601057e-14,-4.2179032245977666e-16,nan,nan,nan,nan
10149,101.502,,101.50200000000373,False,8.361814469274755,1.5525826138983755e-16,3.1646450423329606e-14,-4.1787281253491026e-16,nan,nan,nan,nan
10150,101.511,,101.51100000000373,False,8.361814469274755,1.588603978580374e-16,3.1474010380617903e-14,-4.146665039135923e-16,nan,nan,nan,nan
10151,101.52,,101.52000000000373,False,8.361814469274755,1.6439492001435576e-16,3.080647351986372e-14,-4.112303299971302e-16,nan,nan,nan,nan
10152,101.532,,101.53200000000373,False,8.361814469274755,1.7499154964167258e-16,2.9100163737236206e-14,-4.0629119653828983e-16,nan,nan,nan,nan
10153,101.541,,101.54100000000373,False,8.361814469274755,1.8551300501273641e-16,2.717313745523602e-14,-4.0231867026649135e-16,nan,nan,nan,nan
10154,101.55,,101.55000000000373,False,8.361814469274755,1.9813729554792604e-16,2.466495627115777e-14,-3.981431787730655e-16,nan,nan,nan,nan
10155,101.562,,101.56200000000374,False,8.361814469274755,2.1415586498607958e-16,2.0492316374793706e-14,-3.92572247714112e-16,nan,nan,nan,nan
10156,101.571,,101.57100000000374,False,8.361814469274755,2.281644185055525e-16,1.69208001486776e-14,-3.882961181599157e-16,nan,nan,nan,nan
10157,101.58,,101.58000000000374,False,8.361814469274755,2.4302204907565014e-16,1.3126087257555188e-14,-3.8399428599192866e-16,nan,nan,nan,nan
10158,101.592,,101.59200000000374,False,8.361814469274755,2.6576299979618063e-16,7.915407356188366e-15,-3.7804115811065823e-16,nan,nan,nan,nan
10159,101.601,,101.60100000000374,False,8.361814469274755,2.8703132002335054e-16,3.962008869434039e-15,-3.7334444018629523e-16,nan,nan,nan,nan
10160,101.61,,101.61000000000374,False,8.361814469274755,2.9401836447235327e-16,2.8110536353869357e-17,-3.6850334285321514e-16,nan,nan,nan,nan
10161,101.622,,101.62200000000374,False,8.361814469274755,2.4895283784133466e-16,-5.0985546679510915e-15,-3.621780268809501e-16,nan,nan,nan,nan
10162,101.631,,101.63100000000374,False,8.361814469274755,2.0662629329340203e-16,-8.779596073867902e-15,-3.5744632046855985e-16,nan,nan,nan,nan
10163,101.64,,101.64000000000374,False,8.361814469274755,1.6118367107691104e-16,-1.2268505826331795e-14,-3.526419681768302e-16,nan,nan,nan,nan
10164,101.652,,101.65200000000374,False,8.361814469274753,9.672461234041376e-17,-1.6561399430032498e-14,-3.4626675040804244e-16,nan,nan,nan,nan
10165,101.661,,101.66100000000374,False,8.361814469274753,4.546892024562253e-17,-1.9482677733371136e-14,-3.415089321459445e-16,nan,nan,nan,nan
10166,101.67,,101.67000000000374,False,8.361814469274753,-8.293943180200499e-18,-2.2122854776775463e-14,-3.367713382248405e-16,nan,nan,nan,nan
10167,101.682,,101.68200000000374,False,8.361814469274753,-8.389501921347094e-17,-2.5165679350725833e-14,-3.304860064160256e-16,nan,nan,nan,nan
10168,101.691,,101.69100000000374,False,8.361814469274753,-1.435460071908717e-16,-2.7059123565020854e-14,-3.2579560262390736e-16,nan,nan,nan,nan
10169,101.7,,101.70000000000374,False,8.361814469274751,-2.0573563397926503e-16,-2.8592740682514194e-14,-3.2112542317278307e-16,nan,nan,nan,nan
10170,101.712,,101.71200000000374,False,8.361814469274751,-2.9261858277580117e-16,-3.00356036184148e-14,-3.149299773239412e-16,nan,nan,nan,nan
10171,101.721,,101.72100000000374,False,8.361814469274751,-3.6076354568545477e-16,-3.0634100808598456e-14,-3.1030698800180276e-16,nan,nan,nan,nan
10172,101.73,,101.73000000000374,False,8.361814469274751,-4.3147328984301105e-16,-3.079002208324748e-14,-3.057042230206582e-16,nan,nan,nan,nan
10173,101.742,,101.74200000000374,False,8.361814469274751,-5.297543000113014e-16,-3.0265150853396324e-14,-2.9959866313178925e-16,nan,nan,nan,nan
10174,101.751,,101.75100000000374,False,8.361814469274751,-6.064741667593482e-16,-2.928817814484892e-14,-2.9504308827963044e-16,nan,nan,nan,nan
10175,101.76,,101.76000000000374,False,8.36181446927475,-6.857796321491563e-16,-2.7781857720168345e-14,-2.905077377684656e-16,nan,nan,nan,nan
10176,101.772,,101.77200000000374,False,8.36181446927475,-7.950740157136938e-16,-2.4904061347135876e-14,-2.84471686165514e-16,nan,nan,nan,nan
10177,101.781,,101.78100000000374,False,8.36181446927475,-8.659592198624739e-16,-2.209138338708756e-14,-2.795229054427011e-16,nan,nan,nan,nan
10178,101.79,,101.79000000000374,False,8.36181446927475,-9.103404868856843e-16,-1.8820235436443885e-14,-2.7472527304375126e-16,nan,nan,nan,nan
10179,101.802,,101.80200000000374,False,8.36181446927475,-9.336172734931515e-16,-1.3946572113783691e-14,-2.692078940580411e-16,nan,nan,nan,nan
10180,101.811,,101.81100000000374,False,8.361814469274751,-9.195494731516001e-16,-1.0096792390690966e-14,-2.660546742067775e-16,nan,nan,nan,nan
10181,101.82,,101.82000000000374,False,8.361814469274751,-8.937845259331827e-16,-6.178532646864613e-15,-2.6319633989669037e-16,nan,nan,nan,nan
10182,101.832,,101.83200000000375,False,8.361814469274751,-8.553881828114793e-16,-9.141222418022268e-16,-2.5927314117820074e-16,nan,nan,nan,nan
10183,101.841,,101.84100000000375,False,8.361814469274751,-8.254806045982843e-16,2.955488304842999e-15,-2.5653822030440993e-16,nan,nan,nan,nan
10184,101.85,,101.85000000000375,False,8.361814469274751,-7.949019078722131e-16,6.706067674040931e-15,-2.5389310246487706e-16,nan,nan,nan,nan
10185,101.862,,101.86200000000375,False,8.361814469274751,-7.50842655549595e-16,1.145706752962052e-14,-2.5043911161820955e-16,nan,nan,nan,nan
10186,101.871,,101.87100000000375,False,8.361814469274751,-7.110204095515793e-16,1.4777024183715864e-14,-2.4771166217635397e-16,nan,nan,nan,nan
10187,101.88,,101.88000000000375,False,8.361814469274751,-6.655480712286063e-16,1.7846564741901866e-14,-2.4475500353870836e-16,nan,nan,nan,nan
10188,101.892,,101.89200000000375,False,8.361814469274751,-5.958242056816754e-16,2.150982381691152e-14,-2.4045522378495663e-16,nan,nan,nan,nan
10189,101.901,,101.90100000000375,False,8.361814469274751,-5.364740805714342e-16,2.390482989694094e-14,-2.369622127919747e-16,nan,nan,nan,nan
10190,101.91,,101.91000000000375,False,8.361814469274751,-4.708698777001326e-16,2.5971296421964856e-14,-2.332393365038486e-16,nan,nan,nan,nan
10191,101.922,,101.92200000000375,False,8.361814469274751,-3.7334647387663376e-16,2.8173638850005043e-14,-2.2791793321612294e-16,nan,nan,nan,nan
10192,101.931,,101.93100000000375,False,8.361814469274751,-2.9242111207922576e-16,2.9378756463574483e-14,-2.2365870457266064e-16,nan,nan,nan,nan
10193,101.94,,101.94000000000375,False,8.361814469274751,-2.046130638347142e-16,3.0173230084652075e-14,-2.1916961063405414e-16,nan,nan,nan,nan
10194,101.952,,101.95200000000375,False,8.361814469274751,-7.649630535223207e-17,3.054974725467232e-14,-2.128265838123547e-16,nan,nan,nan,nan
10195,101.961,,101.96100000000375,False,8.361814469274751,2.812303688108393e-17,3.0286532355990336e-14,-2.0780113751841188e-16,nan,nan,nan,nan
10196,101.97,,101.97000000000375,False,8.361814469274751,1.402737155006302e-16,2.9526486809469906e-14,-2.0254582592932496e-16,nan,nan,nan,nan
10197,101.982,,101.98200000000375,False,8.361814469274751,3.018667172604352e-16,2.7694126919929843e-14,-1.9518117557365155e-16,nan,nan,nan,nan
10198,101.991,,101.99100000000375,False,8.361814469274751,4.3236558785534424e-16,2.5670528070337538e-14,-1.893895116292283e-16,nan,nan,nan,nan
10199,102.0,,102.00000000000375,False,8.361814469274751,5.653002928297619e-16,2.3069317091655164e-14,-1.8358937089523198e-16,nan,nan,nan,nan
10200,102.012,,102.01200000000375,False,8.361814469274751,7.067663500030312e-16,1.8822135353885646e-14,-1.7605850905166117e-16,nan,nan,nan,nan
10201,102.021,,102.02100000000375,False,8.361814469274751,7.657543435675092e-16,1.5246716783665807e-14,-1.7032106040197707e-16,nan,nan,nan,nan
10202,102.03,,102.03000000000375,False,8.361814469274751,7.832571236106553e-16,1.1465224914894221e-14,-1.644766878978769e-16,nan,nan,nan,nan
