header_seq,header_stamp,header_frame_id,t,is_single_rotor_thrust,collective_thrust,bodyrates_x,bodyrates_y,bodyrates_z,thrusts_0,thrusts_1,thrusts_2,thrusts_3
2828,1756792692.380045,,1756792692.380045,False,9.421679223610818,0.011061864859129219,0.00519821618888482,-0.003739848055142816,nan,nan,nan,nan
2829,1756792692.390021,,1756792692.390021,False,9.419636452832732,0.01804339196924546,0.000727693405919843,-0.003821167646766175,nan,nan,nan,nan
2830,1756792692.4000318,,1756792692.4000318,False,9.417662148054958,0.01720446448504593,-0.0008412315326577392,-0.004233527307527967,nan,nan,nan,nan
2831,1756792692.4100199,,1756792692.4100199,False,9.415732090481228,0.019815312726043945,-0.002639226991003191,-0.004530128861099018,nan,nan,nan,nan
2832,1756792692.4200242,,1756792692.4200242,False,9.41267244814603,0.02216040130759826,-0.002079934087118941,-0.004199531378204133,nan,nan,nan,nan
2833,1756792692.4299817,,1756792692.4299817,False,9.41359984527113,0.021396987274939726,-0.00015034789225628795,-0.004409037192945275,nan,nan,nan,nan
2834,1756792692.4400125,,1756792692.4400125,False,9.409555201745452,0.025875604940455155,-0.0001156568758172319,-0.0045383459964265065,nan,nan,nan,nan
2835,1756792692.4500086,,1756792692.4500086,False,9.410327208584874,0.024540174067284985,0.0005318916863689228,-0.0044337751157606,nan,nan,nan,nan
2836,1756792692.4600189,,1756792692.4600189,False,9.408957049251917,0.023876452728429122,0.002224502031696594,-0.00404865175812435,nan,nan,nan,nan
2837,1756792692.4700115,,1756792692.4700115,False,9.409109211349158,0.024192673943374238,0.003532799691779812,-0.004231360542220014,nan,nan,nan,nan
2838,1756792692.4800034,,1756792692.4800034,False,9.410138649614382,0.019503848837672647,0.006454148629123935,-0.0041035417447619045,nan,nan,nan,nan
2839,1756792692.4900217,,1756792692.4900217,False,9.406927124252428,0.027612297871307367,0.006509323844653269,-0.0043763412888208385,nan,nan,nan,nan
2840,1756792692.5000317,,1756792692.5000317,False,9.40910495240519,0.023707978295595632,0.00999361529212129,-0.004411673017048795,nan,nan,nan,nan
2841,1756792692.5100684,,1756792692.5100684,False,9.406513719921467,0.027483581833186783,0.010142417329805965,-0.0046637373935861865,nan,nan,nan,nan
2842,1756792692.5200157,,1756792692.5200157,False,9.401794096062805,0.025547807597524338,0.013098139517164242,-0.004256354788496441,nan,nan,nan,nan
2843,1756792692.5300262,,1756792692.5300262,False,9.399545820580403,0.02134627262662169,0.01687145492773772,-0.00440689939144828,nan,nan,nan,nan
2844,1756792692.5399992,,1756792692.5399992,False,9.39853523065047,0.015624208274421195,0.015640467755052494,-0.004317200010522583,nan,nan,nan,nan
2845,1756792692.5500698,,1756792692.5500698,False,9.402574059487305,0.02048595451601361,0.018442417288306385,-0.004988271423519271,nan,nan,nan,nan
2846,1756792692.5600126,,1756792692.5600126,False,9.404804425699945,0.02004003580016821,0.017312445145034102,-0.0051900955285581205,nan,nan,nan,nan
2847,1756792692.570017,,1756792692.570017,False,9.40384933832503,0.012080937395588645,0.021668324974825005,-0.004722562336014481,nan,nan,nan,nan
2848,1756792692.5800207,,1756792692.5800207,False,9.394296795337391,0.006552151493328773,0.01890830788623826,-0.004759103962129216,nan,nan,nan,nan
2849,1756792692.5900114,,1756792692.5900114,False,9.391841248896256,0.005060497712525411,0.020384529808018137,-0.004472921563900021,nan,nan,nan,nan
2850,1756792692.6000135,,1756792692.6000135,False,9.390412531219143,0.0073126732123064845,0.022538576859982177,-0.0045062233412314955,nan,nan,nan,nan
2851,1756792692.610048,,1756792692.610048,False,9.387768454037529,0.015193483701676778,0.017920331616689524,-0.004710002947837065,nan,nan,nan,nan
2852,1756792692.6200302,,1756792692.6200302,False,9.398046564579804,0.013173740410422309,0.019223240790656532,-0.004692344159348953,nan,nan,nan,nan
2853,1756792692.630024,,1756792692.630024,False,9.400303137852438,0.01604576848308014,0.016821288404104007,-0.004531747108700189,nan,nan,nan,nan
2854,1756792692.6400154,,1756792692.6400154,False,9.40455508724134,0.013400391589367056,0.01649125289610595,-0.004307418675076942,nan,nan,nan,nan
2855,1756792692.650029,,1756792692.650029,False,9.404045144266046,0.01942588295499158,0.01593561726409029,-0.004375486587728918,nan,nan,nan,nan
2856,1756792692.6600962,,1756792692.6600962,False,9.403979852631853,0.01776076001450362,0.01713229326656613,-0.004433466560336688,nan,nan,nan,nan
2857,1756792692.6700263,,1756792692.6700263,False,9.40207520510598,0.01501792704545567,0.019734723317923596,-0.0040560741472080285,nan,nan,nan,nan
2858,1756792692.6800354,,1756792692.6800354,False,9.399314552446095,0.021445748883298955,0.016986064584980816,-0.0038300955213545896,nan,nan,nan,nan
2859,1756792692.6900382,,1756792692.6900382,False,9.403429998517744,0.016031154006544902,0.019830597951319605,-0.003588781003032072,nan,nan,nan,nan
2860,1756792692.7000425,,1756792692.7000425,False,9.40579562534098,0.014332757598139267,0.021293068819641037,-0.0033345271451208436,nan,nan,nan,nan
2861,1756792692.7100205,,1756792692.7100205,False,9.404319446962267,0.022499003778712293,0.0208788727126637,-0.003677892601749871,nan,nan,nan,nan
2862,1756792692.7200215,,1756792692.7200215,False,9.404673679358444,0.02640381403596028,0.019542521753092953,-0.004001284931531955,nan,nan,nan,nan
2863,1756792692.7300417,,1756792692.7300417,False,9.404313496268502,0.025082398085928867,0.021266906759988345,-0.003917166981837353,nan,nan,nan,nan
2864,1756792692.7400298,,1756792692.7400298,False,9.398882533157133,0.02829486952589969,0.022203982496397105,-0.0043555083146531405,nan,nan,nan,nan
2865,1756792692.7500732,,1756792692.7500732,False,9.397187202462183,0.0312193285650373,0.02149801213591442,-0.0040421780232275245,nan,nan,nan,nan
2866,1756792692.7600262,,1756792692.7600262,False,9.400889489658379,0.024195005486060774,0.02248513445831306,-0.003853317414661258,nan,nan,nan,nan
2867,1756792692.7699971,,1756792692.7699971,False,9.403677595017562,0.024830279645315666,0.022084001443935734,-0.004191712956516667,nan,nan,nan,nan
2868,1756792692.7800498,,1756792692.7800498,False,9.404074228569373,0.02981788700020794,0.01824636979080331,-0.004407426825911344,nan,nan,nan,nan
2869,1756792692.7900825,,1756792692.7900825,False,9.411724667588617,0.016183366495696024,0.020741302015537838,-0.0040846834658599535,nan,nan,nan,nan
2870,1756792692.800042,,1756792692.800042,False,9.415230553015808,0.014217907104579302,0.016773577930907217,-0.004435014105161642,nan,nan,nan,nan
2871,1756792692.8100457,,1756792692.8100457,False,9.413042103210227,0.01476862351019003,0.013505872374877114,-0.004552055115223893,nan,nan,nan,nan
2872,1756792692.8200145,,1756792692.8200145,False,9.413027601903375,0.004679861409437746,0.016014944692135744,-0.0039885477954296825,nan,nan,nan,nan
2873,1756792692.8300874,,1756792692.8300874,False,9.40915920502297,0.010153414496933374,0.012587129779622423,-0.004332899522440211,nan,nan,nan,nan
2874,1756792692.8421743,,1756792692.8421743,False,9.40732785690771,0.0054795526466045906,0.012744434684665469,-0.004378370848282809,nan,nan,nan,nan
2875,1756792692.8501582,,1756792692.8501582,False,9.401866401274097,0.0074351452143287325,0.009059838465967515,-0.004166887168404435,nan,nan,nan,nan
2876,1756792692.8600395,,1756792692.8600395,False,9.402069510266093,0.0015950423778987681,0.007999213301331343,-0.004048191685597424,nan,nan,nan,nan
2877,1756792692.8700337,,1756792692.8700337,False,9.40335065227938,0.001990541021944188,0.010233117826267384,-0.004290236425754478,nan,nan,nan,nan
2878,1756792692.8800318,,1756792692.8800318,False,9.407301622255273,0.0038737857175727888,0.010827575154643186,-0.004219216757358083,nan,nan,nan,nan
2879,1756792692.8900366,,1756792692.8900366,False,9.407410828218506,0.01054267768956163,0.00875345955777548,-0.004355343498527625,nan,nan,nan,nan
2880,1756792692.9000325,,1756792692.9000325,False,9.40827649044886,0.007716029747770363,0.011694793650894283,-0.0039040161684920655,nan,nan,nan,nan
2881,1756792692.9100454,,1756792692.9100454,False,9.401118328844152,0.015078437182541463,0.008179560736364689,-0.004518558934069214,nan,nan,nan,nan
2882,1756792692.9200385,,1756792692.9200385,False,9.397858354134568,0.013589356046631569,0.010604458002285337,-0.004123514146262714,nan,nan,nan,nan
2883,1756792692.930032,,1756792692.930032,False,9.398774668736829,0.010713787496548869,0.012294975356148928,-0.0036019337524220486,nan,nan,nan,nan
2884,1756792692.9400847,,1756792692.9400847,False,9.396388463356814,0.015661769164890517,0.008035420648894507,-0.004016385529765638,nan,nan,nan,nan
2885,1756792692.950368,,1756792692.950368,False,9.402778302181195,0.006987287414436868,0.012029292545855306,-0.003462400798698227,nan,nan,nan,nan
2886,1756792692.9600344,,1756792692.9600344,False,9.403091113923727,0.014942113706576634,0.01088170902032927,-0.0035244830692343506,nan,nan,nan,nan
2887,1756792692.9700391,,1756792692.9700391,False,9.40391250014599,0.018231893349161286,0.0090013976664634,-0.003907220002643097,nan,nan,nan,nan
2888,1756792692.9800348,,1756792692.9800348,False,9.40467974584678,0.019789709910785738,0.008170068420611118,-0.003951730173936826,nan,nan,nan,nan
2889,1756792692.9900355,,1756792692.9900355,False,9.401202715135621,0.02637425546653446,0.003363757390487795,-0.0037529433782795287,nan,nan,nan,nan
2890,1756792693.0000343,,1756792693.0000343,False,9.40555038381808,0.02510379385249115,0.0038446084549310505,-0.003409846741084673,nan,nan,nan,nan
2891,1756792693.0100777,,1756792693.0100777,False,9.407110627934765,0.022880807096888337,0.001831021451076246,-0.0031831716247225244,nan,nan,nan,nan
2892,1756792693.0200353,,1756792693.0200353,False,9.410659759611185,0.01855445942522924,0.001935973624522589,-0.0029414542322325206,nan,nan,nan,nan
2893,1756792693.0300348,,1756792693.0300348,False,9.407939957189816,0.02059103517317767,-0.0013673479488841224,-0.003134047462163955,nan,nan,nan,nan
2894,1756792693.0400171,,1756792693.0400171,False,9.40572961529605,0.019186955733811687,-0.0009112487430470204,-0.0028568920435607876,nan,nan,nan,nan
2895,1756792693.0500576,,1756792693.0500576,False,9.406740813512094,0.016728929140702908,0.0013292991854639243,-0.0027008087983334964,nan,nan,nan,nan
2896,1756792693.0600302,,1756792693.0600302,False,9.411943123834167,0.0227518024775929,-0.00048819229801978575,-0.002717148967247033,nan,nan,nan,nan
2897,1756792693.0700798,,1756792693.0700798,False,9.41775355154556,0.018644578564640517,-0.0010434892547357677,-0.002648959953543977,nan,nan,nan,nan
2898,1756792693.0800385,,1756792693.0800385,False,9.415892902154317,0.019251549040093567,-0.000740414097179737,-0.002732024900935765,nan,nan,nan,nan
2899,1756792693.0900352,,1756792693.0900352,False,9.417506728133578,0.02138290503423706,-0.000938901611134207,-0.002577457295815697,nan,nan,nan,nan
2900,1756792693.1000297,,1756792693.1000297,False,9.41410013426278,0.017573530837046453,0.0012325716269688358,-0.0026018451893589697,nan,nan,nan,nan
2901,1756792693.1100318,,1756792693.1100318,False,9.414022313904024,0.02141729786226453,0.0045047834856514965,-0.0025200623516295237,nan,nan,nan,nan
2902,1756792693.120035,,1756792693.120035,False,9.409719786984232,0.0275161799487755,0.008156532874498058,-0.0030997688790906286,nan,nan,nan,nan
2903,1756792693.1300335,,1756792693.1300335,False,9.409078266328804,0.021169520318494405,0.012229338393906015,-0.0026587160193826845,nan,nan,nan,nan
2904,1756792693.1400285,,1756792693.1400285,False,9.405703583102506,0.022863370025667837,0.012907272126537483,-0.0026570889356689513,nan,nan,nan,nan
2905,1756792693.1500847,,1756792693.1500847,False,9.404446560504539,0.02340803457084972,0.018142250297019658,-0.0028048982845204806,nan,nan,nan,nan
2906,1756792693.1600385,,1756792693.1600385,False,9.402166668227062,0.035271581910865366,0.01591987430935234,-0.0025968369526149318,nan,nan,nan,nan
2907,1756792693.1700275,,1756792693.1700275,False,9.398101511152563,0.034811130829381504,0.017001740012462838,-0.0026815211041643842,nan,nan,nan,nan
2908,1756792693.1800282,,1756792693.1800282,False,9.398663398814163,0.031208158251190506,0.018027505645978305,-0.002151458235801588,nan,nan,nan,nan
2909,1756792693.1900208,,1756792693.1900208,False,9.398525570679888,0.02929655319310196,0.016087752961398482,-0.0023944934854369664,nan,nan,nan,nan
2910,1756792693.2000248,,1756792693.2000248,False,9.39990518165222,0.022459107972641897,0.019268320679481213,-0.0022445956496703087,nan,nan,nan,nan
2911,1756792693.2100248,,1756792693.2100248,False,9.399750312970253,0.025091800189049055,0.01780204183142075,-0.002044316610450705,nan,nan,nan,nan
2912,1756792693.220025,,1756792693.220025,False,9.399080731083396,0.025761255067469912,0.01765477342759435,-0.0017738902771230844,nan,nan,nan,nan
2913,1756792693.2300234,,1756792693.2300234,False,9.394665389399913,0.025392794854628187,0.01840885505011516,-0.002043396682753041,nan,nan,nan,nan
2914,1756792693.2402577,,1756792693.2402577,False,9.392040032360761,0.01820336777744918,0.018601754833594965,-0.0018320561486561385,nan,nan,nan,nan
2915,1756792693.2500165,,1756792693.2500165,False,9.384375097143558,0.025897628010213777,0.013593287942230544,-0.0020614144786639524,nan,nan,nan,nan
2916,1756792693.2600818,,1756792693.2600818,False,9.391001443345633,0.01738788677922527,0.01246189985409588,-0.0014279909606659564,nan,nan,nan,nan
2917,1756792693.2700408,,1756792693.2700408,False,9.396011576387108,0.013972905826723192,0.01182817433942464,-0.0014532834577431716,nan,nan,nan,nan
2918,1756792693.28004,,1756792693.28004,False,9.396234479036954,0.006414835384599057,0.01331305099711043,-0.001402810086275247,nan,nan,nan,nan
2919,1756792693.290127,,1756792693.290127,False,9.398379038793648,0.009227485376661588,0.011823172821995685,-0.0013673805059791445,nan,nan,nan,nan
2920,1756792693.3000596,,1756792693.3000596,False,9.396044930088287,0.00939381511332945,0.01009070075334764,-0.0017504870179266964,nan,nan,nan,nan
2921,1756792693.3100226,,1756792693.3100226,False,9.399386073933714,0.005084748268274916,0.01226131297583453,-0.0017144987120089486,nan,nan,nan,nan
2922,1756792693.3200755,,1756792693.3200755,False,9.399351063122277,0.013357590344227031,0.008489897894736913,-0.0021785926605774122,nan,nan,nan,nan
2923,1756792693.3301046,,1756792693.3301046,False,9.408999534424467,0.008733226895021694,0.011051694533947826,-0.0016110909396818336,nan,nan,nan,nan
2924,1756792693.340052,,1756792693.340052,False,9.411282985431614,0.014368347299354337,0.010120716768839947,-0.0023642786625809823,nan,nan,nan,nan
2925,1756792693.3500865,,1756792693.3500865,False,9.415916857510677,0.011662138444551882,0.010639504998735283,-0.002350177878780327,nan,nan,nan,nan
2926,1756792693.3600357,,1756792693.3600357,False,9.419167587973314,0.01627420841340945,0.010975791193489336,-0.0020939340890686864,nan,nan,nan,nan
2927,1756792693.3700204,,1756792693.3700204,False,9.41475413343539,0.026469094526193514,0.008823404657004916,-0.002355335049682315,nan,nan,nan,nan
2928,1756792693.3800204,,1756792693.3800204,False,9.411574240392005,0.022875359102919466,0.01036271862158791,-0.0025163633657309227,nan,nan,nan,nan
2929,1756792693.3900204,,1756792693.3900204,False,9.40819201330246,0.023823537815967268,0.01185312786937572,-0.0025327687149030247,nan,nan,nan,nan
2930,1756792693.4000432,,1756792693.4000432,False,9.405023330623372,0.022693291258741772,0.010693781160314152,-0.0024517605527993513,nan,nan,nan,nan
2931,1756792693.4100125,,1756792693.4100125,False,9.405644935968391,0.02709644937773925,0.011353080504653765,-0.002701369062969824,nan,nan,nan,nan
2932,1756792693.420083,,1756792693.420083,False,9.405879484423023,0.029788927968962604,0.010421116512384936,-0.0029072294993995993,nan,nan,nan,nan
2933,1756792693.4300246,,1756792693.4300246,False,9.410316202452524,0.020240498622555392,0.012763720374868327,-0.002372509460546049,nan,nan,nan,nan
2934,1756792693.4400282,,1756792693.4400282,False,9.409770970144612,0.021380287122093805,0.012362239423834348,-0.0023316751577930487,nan,nan,nan,nan
2935,1756792693.450071,,1756792693.450071,False,9.408385140511669,0.020534345194522016,0.015720070936310407,-0.002596925952270835,nan,nan,nan,nan
2936,1756792693.460039,,1756792693.460039,False,9.403518298265736,0.026222126639244257,0.017885625386693596,-0.0028493941064780056,nan,nan,nan,nan
2937,1756792693.4701366,,1756792693.4701366,False,9.402406444313018,0.02616624415759997,0.016238050999622243,-0.0026451278633909704,nan,nan,nan,nan
2938,1756792693.4800434,,1756792693.4800434,False,9.403601379630366,0.021070066096642415,0.0173833295732212,-0.002530312521007781,nan,nan,nan,nan
2939,1756792693.4901392,,1756792693.4901392,False,9.402505921358078,0.015630568196777998,0.017572042943211727,-0.0028088919820740623,nan,nan,nan,nan
2940,1756792693.5000648,,1756792693.5000648,False,9.405591277401493,0.01404916007680992,0.017792663055856524,-0.002966540759264759,nan,nan,nan,nan
2941,1756792693.5101035,,1756792693.5101035,False,9.404595849500142,0.0158384899430949,0.01580955392442663,-0.003162474395409868,nan,nan,nan,nan
2942,1756792693.5200229,,1756792693.5200229,False,9.406175793455985,0.013544160567333558,0.016043487873220817,-0.0031065185347036142,nan,nan,nan,nan
2943,1756792693.530036,,1756792693.530036,False,9.406091171525519,0.01367461655343753,0.015240358020771127,-0.003497495983678658,nan,nan,nan,nan
2944,1756792693.5400536,,1756792693.5400536,False,9.40483226979262,0.013120638048612514,0.016771375957103787,-0.0030639978274807377,nan,nan,nan,nan
2945,1756792693.5500715,,1756792693.5500715,False,9.400789906916062,0.01724716339683396,0.017077690535841288,-0.0034650753017585025,nan,nan,nan,nan
2946,1756792693.5600498,,1756792693.5600498,False,9.400601100653462,0.013185598344018053,0.02245500022378592,-0.003097942990151204,nan,nan,nan,nan
2947,1756792693.5700366,,1756792693.5700366,False,9.398025403749738,0.013694719465274886,0.02570901146565012,-0.0029898525299968033,nan,nan,nan,nan
2948,1756792693.580032,,1756792693.580032,False,9.395459228559767,0.017448648282166055,0.02503639112366621,-0.0029399803280838284,nan,nan,nan,nan
2949,1756792693.5900335,,1756792693.5900335,False,9.395227184109824,0.02344932273908412,0.021007284638545787,-0.003370114167653821,nan,nan,nan,nan
2950,1756792693.6000466,,1756792693.6000466,False,9.395351985613713,0.02607613943488408,0.01526756009950801,-0.0037531263733714443,nan,nan,nan,nan
2951,1756792693.610071,,1756792693.610071,False,9.402183183587033,0.014556226450155325,0.016796231384982055,-0.0030900466872415366,nan,nan,nan,nan
2952,1756792693.620049,,1756792693.620049,False,9.40420203664051,0.013722496189668093,0.015299038406900218,-0.00289640729578672,nan,nan,nan,nan
2953,1756792693.6300344,,1756792693.6300344,False,9.40407486527233,0.019312041693618887,0.01800632755496595,-0.002747504337510743,nan,nan,nan,nan
2954,1756792693.6400251,,1756792693.6400251,False,9.400950068857744,0.022409778635847435,0.018646035275907837,-0.002920023812456897,nan,nan,nan,nan
2955,1756792693.6500714,,1756792693.6500714,False,9.396927737808422,0.02840908065817605,0.01378444821539089,-0.0028560277507228855,nan,nan,nan,nan
2956,1756792693.6600206,,1756792693.6600206,False,9.393499621422608,0.03003672814741614,0.01218393746440478,-0.0032032531348574348,nan,nan,nan,nan
2957,1756792693.6700804,,1756792693.6700804,False,9.394396644899473,0.019937705143724938,0.012368695202470636,-0.003355424850242451,nan,nan,nan,nan
2958,1756792693.6800303,,1756792693.6800303,False,9.399131488976357,0.01727701318507044,0.009481669143752694,-0.0034216731817561883,nan,nan,nan,nan
2959,1756792693.6900969,,1756792693.6900969,False,9.403980090011197,0.022161256300436073,0.007878525814804697,-0.0038558123580356356,nan,nan,nan,nan
2960,1756792693.700161,,1756792693.700161,False,9.404565514384442,0.02494536895929236,0.007994788037319544,-0.003970332025871899,nan,nan,nan,nan
2961,1756792693.7100313,,1756792693.7100313,False,9.401824171701387,0.016379535375545526,0.01229035451930637,-0.003815500429625036,nan,nan,nan,nan
2962,1756792693.7201133,,1756792693.7201133,False,9.395887182110437,0.015135286321123508,0.012294069809905904,-0.004059164087662349,nan,nan,nan,nan
2963,1756792693.730025,,1756792693.730025,False,9.394728317495577,0.017620653425808378,0.011143133728800016,-0.004060535968731967,nan,nan,nan,nan
2964,1756792693.7400215,,1756792693.7400215,False,9.390752638640935,0.013718278702774651,0.01225818191353666,-0.00417710521525717,nan,nan,nan,nan
2896,1756792693.0600302,,1756792693.0600302,False,9.411943123834167,0.0227518024775929,-0.00048819229801978575,-0.002717148967247033,nan,nan,nan,nan
2897,1756792693.0700798,,1756792693.0700798,False,9.41775355154556,0.018644578564640517,-0.0010434892547357677,-0.002648959953543977,nan,nan,nan,nan
2898,1756792693.0800385,,1756792693.0800385,False,9.415892902154317,0.019251549040093567,-0.000740414097179737,-0.002732024900935765,nan,nan,nan,nan
2899,1756792693.0900352,,1756792693.0900352,False,9.417506728133578,0.02138290503423706,-0.000938901611134207,-0.002577457295815697,nan,nan,nan,nan
2900,1756792693.1000297,,1756792693.1000297,False,9.41410013426278,0.017573530837046453,0.0012325716269688358,-0.0026018451893589697,nan,nan,nan,nan
2901,1756792693.1100318,,1756792693.1100318,False,9.414022313904024,0.02141729786226453,0.0045047834856514965,-0.0025200623516295237,nan,nan,nan,nan
2902,1756792693.120035,,1756792693.120035,False,9.409719786984232,0.0275161799487755,0.008156532874498058,-0.0030997688790906286,nan,nan,nan,nan
2903,1756792693.1300335,,1756792693.1300335,False,9.409078266328804,0.021169520318494405,0.012229338393906015,-0.0026587160193826845,nan,nan,nan,nan
2904,1756792693.1400285,,1756792693.1400285,False,9.405703583102506,0.022863370025667837,0.012907272126537483,-0.0026570889356689513,nan,nan,nan,nan
2905,1756792693.1500847,,1756792693.1500847,False,9.404446560504539,0.02340803457084972,0.018142250297019658,-0.0028048982845204806,nan,nan,nan,nan
2906,1756792693.1600385,,1756792693.1600385,False,9.402166668227062,0.035271581910865366,0.01591987430935234,-0.0025968369526149318,nan,nan,nan,nan
2907,1756792693.1700275,,1756792693.1700275,False,9.398101511152563,0.034811130829381504,0.017001740012462838,-0.0026815211041643842,nan,nan,nan,nan
2908,1756792693.1800282,,1756792693.1800282,False,9.398663398814163,0.031208158251190506,0.018027505645978305,-0.002151458235801588,nan,nan,nan,nan
2909,1756792693.1900208,,1756792693.1900208,False,9.398525570679888,0.02929655319310196,0.016087752961398482,-0.0023944934854369664,nan,nan,nan,nan
2910,1756792693.2000248,,1756792693.2000248,False,9.39990518165222,0.022459107972641897,0.019268320679481213,-0.0022445956496703087,nan,nan,nan,nan
2911,1756792693.2100248,,1756792693.2100248,False,9.399750312970253,0.025091800189049055,0.01780204183142075,-0.002044316610450705,nan,nan,nan,nan
2912,1756792693.220025,,1756792693.220025,False,9.399080731083396,0.025761255067469912,0.01765477342759435,-0.0017738902771230844,nan,nan,nan,nan
2913,1756792693.2300234,,1756792693.2300234,False,9.394665389399913,0.025392794854628187,0.01840885505011516,-0.002043396682753041,nan,nan,nan,nan
2914,1756792693.2402577,,1756792693.2402577,False,9.392040032360761,0.01820336777744918,0.018601754833594965,-0.0018320561486561385,nan,nan,nan,nan
2915,1756792693.2500165,,1756792693.2500165,False,9.384375097143558,0.025897628010213777,0.013593287942230544,-0.0020614144786639524,nan,nan,nan,nan
2916,1756792693.2600818,,1756792693.2600818,False,9.391001443345633,0.01738788677922527,0.01246189985409588,-0.0014279909606659564,nan,nan,nan,nan
2917,1756792693.2700408,,1756792693.2700408,False,9.396011576387108,0.013972905826723192,0.01182817433942464,-0.0014532834577431716,nan,nan,nan,nan
2918,1756792693.28004,,1756792693.28004,False,9.396234479036954,0.006414835384599057,0.01331305099711043,-0.001402810086275247,nan,nan,nan,nan
2919,1756792693.290127,,1756792693.290127,False,9.398379038793648,0.009227485376661588,0.011823172821995685,-0.0013673805059791445,nan,nan,nan,nan
2920,1756792693.3000596,,1756792693.3000596,False,9.396044930088287,0.00939381511332945,0.01009070075334764,-0.0017504870179266964,nan,nan,nan,nan
2921,1756792693.3100226,,1756792693.3100226,False,9.399386073933714,0.005084748268274916,0.01226131297583453,-0.0017144987120089486,nan,nan,nan,nan
2922,1756792693.3200755,,1756792693.3200755,False,9.399351063122277,0.013357590344227031,0.008489897894736913,-0.0021785926605774122,nan,nan,nan,nan
2923,1756792693.3301046,,1756792693.3301046,False,9.408999534424467,0.008733226895021694,0.011051694533947826,-0.0016110909396818336,nan,nan,nan,nan
2924,1756792693.340052,,1756792693.340052,False,9.411282985431614,0.014368347299354337,0.010120716768839947,-0.0023642786625809823,nan,nan,nan,nan
2925,1756792693.3500865,,1756792693.3500865,False,9.415916857510677,0.011662138444551882,0.010639504998735283,-0.002350177878780327,nan,nan,nan,nan
2926,1756792693.3600357,,1756792693.3600357,False,9.419167587973314,0.01627420841340945,0.010975791193489336,-0.0020939340890686864,nan,nan,nan,nan
2927,1756792693.3700204,,1756792693.3700204,False,9.41475413343539,0.026469094526193514,0.008823404657004916,-0.002355335049682315,nan,nan,nan,nan
2928,1756792693.3800204,,1756792693.3800204,False,9.411574240392005,0.022875359102919466,0.01036271862158791,-0.0025163633657309227,nan,nan,nan,nan
2929,1756792693.3900204,,1756792693.3900204,False,9.40819201330246,0.023823537815967268,0.01185312786937572,-0.0025327687149030247,nan,nan,nan,nan
2930,1756792693.4000432,,1756792693.4000432,False,9.405023330623372,0.022693291258741772,0.010693781160314152,-0.0024517605527993513,nan,nan,nan,nan
2931,1756792693.4100125,,1756792693.4100125,False,9.405644935968391,0.02709644937773925,0.011353080504653765,-0.002701369062969824,nan,nan,nan,nan
2932,1756792693.420083,,1756792693.420083,False,9.405879484423023,0.029788927968962604,0.010421116512384936,-0.0029072294993995993,nan,nan,nan,nan
2933,1756792693.4300246,,1756792693.4300246,False,9.410316202452524,0.020240498622555392,0.012763720374868327,-0.002372509460546049,nan,nan,nan,nan
2934,1756792693.4400282,,1756792693.4400282,False,9.409770970144612,0.021380287122093805,0.012362239423834348,-0.0023316751577930487,nan,nan,nan,nan
2935,1756792693.450071,,1756792693.450071,False,9.408385140511669,0.020534345194522016,0.015720070936310407,-0.002596925952270835,nan,nan,nan,nan
2936,1756792693.460039,,1756792693.460039,False,9.403518298265736,0.026222126639244257,0.017885625386693596,-0.0028493941064780056,nan,nan,nan,nan
2937,1756792693.4701366,,1756792693.4701366,False,9.402406444313018,0.02616624415759997,0.016238050999622243,-0.0026451278633909704,nan,nan,nan,nan
2938,1756792693.4800434,,1756792693.4800434,False,9.403601379630366,0.021070066096642415,0.0173833295732212,-0.002530312521007781,nan,nan,nan,nan
2939,1756792693.4901392,,1756792693.4901392,False,9.402505921358078,0.015630568196777998,0.017572042943211727,-0.0028088919820740623,nan,nan,nan,nan
2940,1756792693.5000648,,1756792693.5000648,False,9.405591277401493,0.01404916007680992,0.017792663055856524,-0.002966540759264759,nan,nan,nan,nan
2941,1756792693.5101035,,1756792693.5101035,False,9.404595849500142,0.0158384899430949,0.01580955392442663,-0.003162474395409868,nan,nan,nan,nan
2942,1756792693.5200229,,1756792693.5200229,False,9.406175793455985,0.013544160567333558,0.016043487873220817,-0.0031065185347036142,nan,nan,nan,nan
2943,1756792693.530036,,1756792693.530036,False,9.406091171525519,0.01367461655343753,0.015240358020771127,-0.003497495983678658,nan,nan,nan,nan
2944,1756792693.5400536,,1756792693.5400536,False,9.40483226979262,0.013120638048612514,0.016771375957103787,-0.0030639978274807377,nan,nan,nan,nan
2945,1756792693.5500715,,1756792693.5500715,False,9.400789906916062,0.01724716339683396,0.017077690535841288,-0.0034650753017585025,nan,nan,nan,nan
2946,1756792693.5600498,,1756792693.5600498,False,9.400601100653462,0.013185598344018053,0.02245500022378592,-0.003097942990151204,nan,nan,nan,nan
2947,1756792693.5700366,,1756792693.5700366,False,9.398025403749738,0.013694719465274886,0.02570901146565012,-0.0029898525299968033,nan,nan,nan,nan
2948,1756792693.580032,,1756792693.580032,False,9.395459228559767,0.017448648282166055,0.02503639112366621,-0.0029399803280838284,nan,nan,nan,nan
2949,1756792693.5900335,,1756792693.5900335,False,9.395227184109824,0.02344932273908412,0.021007284638545787,-0.003370114167653821,nan,nan,nan,nan
2950,1756792693.6000466,,1756792693.6000466,False,9.395351985613713,0.02607613943488408,0.01526756009950801,-0.0037531263733714443,nan,nan,nan,nan
2951,1756792693.610071,,1756792693.610071,False,9.402183183587033,0.014556226450155325,0.016796231384982055,-0.0030900466872415366,nan,nan,nan,nan
2952,1756792693.620049,,1756792693.620049,False,9.40420203664051,0.013722496189668093,0.015299038406900218,-0.00289640729578672,nan,nan,nan,nan
2953,1756792693.6300344,,1756792693.6300344,False,9.40407486527233,0.019312041693618887,0.01800632755496595,-0.002747504337510743,nan,nan,nan,nan
2954,1756792693.6400251,,1756792693.6400251,False,9.400950068857744,0.022409778635847435,0.018646035275907837,-0.002920023812456897,nan,nan,nan,nan
2955,1756792693.6500714,,1756792693.6500714,False,9.396927737808422,0.02840908065817605,0.01378444821539089,-0.0028560277507228855,nan,nan,nan,nan
2956,1756792693.6600206,,1756792693.6600206,False,9.393499621422608,0.03003672814741614,0.01218393746440478,-0.0032032531348574348,nan,nan,nan,nan
2957,1756792693.6700804,,1756792693.6700804,False,9.394396644899473,0.019937705143724938,0.012368695202470636,-0.003355424850242451,nan,nan,nan,nan
2958,1756792693.6800303,,1756792693.6800303,False,9.399131488976357,0.01727701318507044,0.009481669143752694,-0.0034216731817561883,nan,nan,nan,nan
2959,1756792693.6900969,,1756792693.6900969,False,9.403980090011197,0.022161256300436073,0.007878525814804697,-0.0038558123580356356,nan,nan,nan,nan
2960,1756792693.700161,,1756792693.700161,False,9.404565514384442,0.02494536895929236,0.007994788037319544,-0.003970332025871899,nan,nan,nan,nan
2961,1756792693.7100313,,1756792693.7100313,False,9.401824171701387,0.016379535375545526,0.01229035451930637,-0.003815500429625036,nan,nan,nan,nan
2962,1756792693.7201133,,1756792693.7201133,False,9.395887182110437,0.015135286321123508,0.012294069809905904,-0.004059164087662349,nan,nan,nan,nan
2963,1756792693.730025,,1756792693.730025,False,9.394728317495577,0.017620653425808378,0.011143133728800016,-0.004060535968731967,nan,nan,nan,nan
2964,1756792693.7400215,,1756792693.7400215,False,9.390752638640935,0.013718278702774651,0.01225818191353666,-0.00417710521525717,nan,nan,nan,nan
2969,1756792693.7900283,,1756792693.7900283,False,9.396939384934582,0.020636507564040413,0.013643415468335284,-0.004706804715238579,nan,nan,nan,nan
2970,1756792693.8000274,,1756792693.8000274,False,9.393875620816367,0.030615618659776887,0.008620449297337523,-0.005133535679895235,nan,nan,nan,nan
2971,1756792693.8101428,,1756792693.8101428,False,9.392035530418545,0.027259441174219013,0.007708652079139429,-0.004994209442870054,nan,nan,nan,nan
2972,1756792693.8200312,,1756792693.8200312,False,9.394250700555803,0.017361349234998328,0.006574978209675228,-0.004429423651485081,nan,nan,nan,nan
2973,1756792693.830033,,1756792693.830033,False,9.390407145764955,0.023699864916277673,-0.00021230426586299944,-0.004471739592279356,nan,nan,nan,nan
2974,1756792693.8400104,,1756792693.8400104,False,9.394602229376703,0.016463983611770882,0.0001291559212199395,-0.004238484665747199,nan,nan,nan,nan
2975,1756792693.850262,,1756792693.850262,False,9.39416713892561,0.02129667518169475,-0.0021224888445568993,-0.004288269535336592,nan,nan,nan,nan
2976,1756792693.8600748,,1756792693.8600748,False,9.394197773152817,0.01955038289733621,0.00199482749929306,-0.003764722928454679,nan,nan,nan,nan
2977,1756792693.8700624,,1756792693.8700624,False,9.39213726091505,0.01650344567165892,0.002366897648826467,-0.0037794198233121867,nan,nan,nan,nan
2978,1756792693.880093,,1756792693.880093,False,9.385485741273227,0.022863116883761157,0.00024583970740265504,-0.003980780617244343,nan,nan,nan,nan
2979,1756792693.8901317,,1756792693.8901317,False,9.383997616229793,0.026358289407503916,0.0030758011041349723,-0.0037526371067444545,nan,nan,nan,nan
2980,1756792693.9001257,,1756792693.9001257,False,9.383917039968596,0.029142047682029777,0.00472989894465215,-0.0035206481922132426,nan,nan,nan,nan
2981,1756792693.9100351,,1756792693.9100351,False,9.384493499767979,0.029765745214675208,0.008498930070056167,-0.003747250252327174,nan,nan,nan,nan
2982,1756792693.9201307,,1756792693.9201307,False,9.386075320339405,0.03055314576836296,0.008382596167503042,-0.004036653650441507,nan,nan,nan,nan
2983,1756792693.9300344,,1756792693.9300344,False,9.388423267298485,0.028270573856211872,0.012044001714225901,-0.0037200429008444787,nan,nan,nan,nan
2984,1756792693.9400244,,1756792693.9400244,False,9.389158044380222,0.02446773870389435,0.009939495843509907,-0.00402306886833385,nan,nan,nan,nan
2985,1756792693.950028,,1756792693.950028,False,9.389624759196,0.023265394831757883,0.009845638549034958,-0.0038781036900536726,nan,nan,nan,nan
2986,1756792693.960026,,1756792693.960026,False,9.389886777596244,0.020822063314118844,0.008992549976671057,-0.0036879507793825773,nan,nan,nan,nan
2987,1756792693.9700541,,1756792693.9700541,False,9.390331993346535,0.01580481260380804,0.007775944674389597,-0.003873990322919557,nan,nan,nan,nan
2988,1756792693.9800692,,1756792693.9800692,False,9.391351942513815,0.01778966908806999,0.005032944821830038,-0.0037568407887481415,nan,nan,nan,nan
2989,1756792693.9900546,,1756792693.9900546,False,9.392797829162824,0.018436795618899382,0.0036721050982958746,-0.003897525895273539,nan,nan,nan,nan
2990,1756792694.0000317,,1756792694.0000317,False,9.39166974951417,0.02460370846284425,-0.0018155567508050948,-0.00403291637475458,nan,nan,nan,nan
2991,1756792694.0100377,,1756792694.0100377,False,9.389399412519875,0.022612647051652338,-0.0039450306544089354,-0.004402965495404565,nan,nan,nan,nan
2992,1756792694.0200315,,1756792694.0200315,False,9.389229749250822,0.01608828457286463,-0.0016630609732769348,-0.0034924822319232014,nan,nan,nan,nan
2993,1756792694.0300765,,1756792694.0300765,False,9.386232593872197,0.018289204835586593,-0.0059918630695439,-0.003559784186758757,nan,nan,nan,nan
2994,1756792694.0400746,,1756792694.0400746,False,9.383214577772799,0.020198888329031047,-0.006040174736811096,-0.003472547175376008,nan,nan,nan,nan
2995,1756792694.0501077,,1756792694.0501077,False,9.383407148533008,0.015131410853007229,-0.0040210980643440785,-0.0030076975466118575,nan,nan,nan,nan
2996,1756792694.0600362,,1756792694.0600362,False,9.382284359101048,0.017667415076812056,-0.005248380543445909,-0.0034494857533714073,nan,nan,nan,nan
2997,1756792694.070076,,1756792694.070076,False,9.383278074904585,0.014035819502230056,-0.0029963898864081677,-0.0031297160656850757,nan,nan,nan,nan
2998,1756792694.080023,,1756792694.080023,False,9.382378034821295,0.01834532031719353,-0.0017684459714614994,-0.0031611330633639243,nan,nan,nan,nan
2999,1756792694.0900366,,1756792694.0900366,False,9.381108368259687,0.020590363825770456,-0.0002603213353425265,-0.0031240044951109315,nan,nan,nan,nan
3000,1756792694.1000311,,1756792694.1000311,False,9.383081246164704,0.014681035802273661,0.006419971078640969,-0.002441066048369939,nan,nan,nan,nan
3001,1756792694.109982,,1756792694.109982,False,9.38007825660137,0.01599740778755658,0.007836921221401822,-0.0025818506353505353,nan,nan,nan,nan
3002,1756792694.1200235,,1756792694.1200235,False,9.374970858553148,0.01891203911021425,0.008927744687294861,-0.002907032834197016,nan,nan,nan,nan
3003,1756792694.1300285,,1756792694.1300285,False,9.3769329594101,0.02896012041885419,0.011544267068433771,-0.003100769972601647,nan,nan,nan,nan
3004,1756792694.1400335,,1756792694.1400335,False,9.379757350538618,0.027471635224953127,0.01709930921037086,-0.003112671995570438,nan,nan,nan,nan
3005,1756792694.150106,,1756792694.150106,False,9.387514783340633,0.02289282007795823,0.02039330450472591,-0.003064559955701803,nan,nan,nan,nan
3006,1756792694.160028,,1756792694.160028,False,9.3932936803662,0.021939955244382903,0.02131592686532371,-0.003101737201965036,nan,nan,nan,nan
3007,1756792694.1701634,,1756792694.1701634,False,9.401671911430629,0.02057074094223251,0.02543204186706917,-0.0028428286386313786,nan,nan,nan,nan
3008,1756792694.1800292,,1756792694.1800292,False,9.401805011388898,0.020450438044515164,0.026300577048830213,-0.003165504158903946,nan,nan,nan,nan
3009,1756792694.1900234,,1756792694.1900234,False,9.404938234343655,0.021468301226634606,0.030599050946922036,-0.0030081654995273766,nan,nan,nan,nan
3010,1756792694.2001224,,1756792694.2001224,False,9.402432170804136,0.021667445737236637,0.030669071360761153,-0.003017432803795215,nan,nan,nan,nan
3011,1756792694.2100313,,1756792694.2100313,False,9.398299749595273,0.013515204309205915,0.031679873662932526,-0.0024156644108871196,nan,nan,nan,nan
3012,1756792694.2200315,,1756792694.2200315,False,9.399005050528045,0.012070022799528868,0.0313411108631737,-0.0023287584274339977,nan,nan,nan,nan
3013,1756792694.2300432,,1756792694.2300432,False,9.401150138555131,0.008299649281241744,0.03024722462313352,-0.002410977135803028,nan,nan,nan,nan
3014,1756792694.2400131,,1756792694.2400131,False,9.400158093828328,0.019305505492662474,0.023814717906831536,-0.0027964958755405346,nan,nan,nan,nan
3015,1756792694.2500217,,1756792694.2500217,False,9.407994490703153,0.015078237537217449,0.025233796720341834,-0.0025788824099808516,nan,nan,nan,nan
3016,1756792694.260022,,1756792694.260022,False,9.407839270101595,0.020078166770598798,0.01730512625364918,-0.0026113093605768614,nan,nan,nan,nan
3017,1756792694.2700372,,1756792694.2700372,False,9.410416369459194,0.018114388251408393,0.011390431529921943,-0.0026359159208434613,nan,nan,nan,nan
3018,1756792694.280059,,1756792694.280059,False,9.411528957583712,0.02373215975279488,0.007985603419859329,-0.0023106916522059404,nan,nan,nan,nan
3019,1756792694.2900243,,1756792694.2900243,False,9.407806767086443,0.02256151052974191,0.005891686936644223,-0.0020685109349215954,nan,nan,nan,nan
3020,1756792694.3000188,,1756792694.3000188,False,9.40385585873122,0.02066192035515151,0.005761944098882728,-0.0025069649716484873,nan,nan,nan,nan
3021,1756792694.310027,,1756792694.310027,False,9.39483265868095,0.0268722544773156,0.002729037656950503,-0.0022808637311009417,nan,nan,nan,nan
3022,1756792694.3200226,,1756792694.3200226,False,9.391265233699636,0.02373967738047983,0.004124653265335194,-0.002022578118359088,nan,nan,nan,nan
3023,1756792694.3300755,,1756792694.3300755,False,9.3874975717991,0.028202496913630744,0.00441436768480644,-0.0019456604785731697,nan,nan,nan,nan
3024,1756792694.3406985,,1756792694.3406985,False,9.382525124141422,0.0294141531953415,0.004331647173482333,-0.001601728426058876,nan,nan,nan,nan
3025,1756792694.3500335,,1756792694.3500335,False,9.382632410041813,0.02976199161266306,0.0044207556458034,-0.0017747750674819416,nan,nan,nan,nan
3026,1756792694.3600082,,1756792694.3600082,False,9.38324231159765,0.03281966282064616,0.0033872205133162287,-0.0018811507648907396,nan,nan,nan,nan
3027,1756792694.370145,,1756792694.370145,False,9.384622348279661,0.03259993356433906,0.0034900905293175416,-0.0017661895433329533,nan,nan,nan,nan
3028,1756792694.3800602,,1756792694.3800602,False,9.386139776827983,0.02960092536953334,0.005804688056986993,-0.0019924881460079884,nan,nan,nan,nan
3029,1756792694.390035,,1756792694.390035,False,9.389854151753706,0.026441775774593872,0.006718472943637847,-0.0018855744932996048,nan,nan,nan,nan
3030,1756792694.4000263,,1756792694.4000263,False,9.393442437245112,0.022937547269127445,0.007559068764539322,-0.002059275114346431,nan,nan,nan,nan
3031,1756792694.4100194,,1756792694.4100194,False,9.39481227040052,0.02130377968394187,0.005644047622658518,-0.0022520272672222627,nan,nan,nan,nan
3032,1756792694.4201698,,1756792694.4201698,False,9.39743263560019,0.02116406515116047,0.0023380950267883134,-0.002384168005610752,nan,nan,nan,nan
3033,1756792694.430026,,1756792694.430026,False,9.398829581420497,0.01552543718543776,0.0013183080246807525,-0.0021465891904211437,nan,nan,nan,nan
3034,1756792694.4400373,,1756792694.4400373,False,9.397652622263976,0.01655701270809788,0.0008312623842024808,-0.0023831357614156018,nan,nan,nan,nan
3035,1756792694.4500206,,1756792694.4500206,False,9.395210812639007,0.014574178092357762,0.0018828801307572743,-0.0027387568106209854,nan,nan,nan,nan
3036,1756792694.4600477,,1756792694.4600477,False,9.395066030631726,0.0059577462749923265,0.006321688233804698,-0.0017332235149647103,nan,nan,nan,nan
3037,1756792694.4701293,,1756792694.4701293,False,9.390461233316676,0.009633328252764608,0.008910444104646703,-0.00209658592109219,nan,nan,nan,nan
3038,1756792694.48006,,1756792694.48006,False,9.389298520537428,0.006828921239198819,0.0105877060014385,-0.0017810729307012742,nan,nan,nan,nan
3039,1756792694.4900274,,1756792694.4900274,False,9.38957987731015,0.007522423533587518,0.015140780318206608,-0.001485811744247955,nan,nan,nan,nan
3040,1756792694.500054,,1756792694.500054,False,9.385613307132886,0.008120408987015786,0.012585176815835581,-0.001680015216873085,nan,nan,nan,nan
3041,1756792694.5100183,,1756792694.5100183,False,9.384324647210773,0.016201239986186014,0.0070147210709172025,-0.002097638015323583,nan,nan,nan,nan
3042,1756792694.520187,,1756792694.520187,False,9.387921699129935,0.014422688522742007,0.004918002536707562,-0.0018718853533702205,nan,nan,nan,nan
3043,1756792694.5300665,,1756792694.5300665,False,9.389811130301602,0.01521304185898868,0.0020782808298145526,-0.0020540181372562987,nan,nan,nan,nan
3044,1756792694.5400183,,1756792694.5400183,False,9.396150618432161,0.020132520851272564,-0.0021421652417958036,-0.0021913664489003875,nan,nan,nan,nan
3045,1756792694.5501704,,1756792694.5501704,False,9.398109648430218,0.019845998336281003,-0.006988304056979514,-0.002810839396695283,nan,nan,nan,nan
3046,1756792694.5600338,,1756792694.5600338,False,9.401735725446143,0.026777362543075504,-0.012259330211112867,-0.0030530269126647,nan,nan,nan,nan
3047,1756792694.5702481,,1756792694.5702481,False,9.405057217632992,0.023388736097791792,-0.012732451199984868,-0.0029542983543784066,nan,nan,nan,nan
3048,1756792694.580028,,1756792694.580028,False,9.402981183911118,0.02054121978294567,-0.013326949182348393,-0.003205382778046338,nan,nan,nan,nan
3049,1756792694.590088,,1756792694.590088,False,9.397154727738783,0.022449516624188728,-0.014253508602888928,-0.003231435096093605,nan,nan,nan,nan
3050,1756792694.6000264,,1756792694.6000264,False,9.3980229214305,0.01747962522019315,-0.010238484865302893,-0.003015002476593374,nan,nan,nan,nan
3051,1756792694.6100216,,1756792694.6100216,False,9.392942552990169,0.015807522824019402,-0.008614432118521628,-0.0031633721817592515,nan,nan,nan,nan
3052,1756792694.6201441,,1756792694.6201441,False,9.387417692369523,0.01825000361697026,-0.009875750680320839,-0.0034775222994789866,nan,nan,nan,nan
3053,1756792694.6300242,,1756792694.6300242,False,9.386747640967757,0.02031349149338229,-0.0024861812804184012,-0.0036182431393906975,nan,nan,nan,nan
3054,1756792694.64003,,1756792694.64003,False,9.385032442314328,0.0185524391813575,-0.003592665545899201,-0.003668484978886504,nan,nan,nan,nan
3055,1756792694.6501715,,1756792694.6501715,False,9.388273215510745,0.01811577483134116,0.0052295085988472234,-0.003985255288890966,nan,nan,nan,nan
3056,1756792694.6600866,,1756792694.6600866,False,9.38670321880246,0.019821477395104755,0.006597588072644728,-0.00440529004757422,nan,nan,nan,nan
3057,1756792694.6700268,,1756792694.6700268,False,9.386577951445172,0.020902174993138817,0.007265820576497054,-0.004715273422286495,nan,nan,nan,nan
3058,1756792694.680032,,1756792694.680032,False,9.391094879034993,0.0188735189453136,0.014287031990510337,-0.005161453912798199,nan,nan,nan,nan
3059,1756792694.690104,,1756792694.690104,False,9.391305241336012,0.018884601625674676,0.01744838870397592,-0.0055532849242781014,nan,nan,nan,nan
3060,1756792694.700236,,1756792694.700236,False,9.388967537895585,0.02484028213395492,0.018599516532838332,-0.005949209749485748,nan,nan,nan,nan
3061,1756792694.710006,,1756792694.710006,False,9.391651710147036,0.02259699584967114,0.026583778944723673,-0.005920790535792891,nan,nan,nan,nan
3062,1756792694.720027,,1756792694.720027,False,9.397684878568153,0.02755893297003956,0.03497901383368873,-0.006312683386232725,nan,nan,nan,nan
3063,1756792694.7300346,,1756792694.7300346,False,9.38848634891433,0.03884925183421458,0.03455122007665111,-0.007341066631450762,nan,nan,nan,nan
3064,1756792694.7400293,,1756792694.7400293,False,9.383231964670744,0.028450812619536036,0.03429312544297148,-0.006874254491652451,nan,nan,nan,nan
3065,1756792694.750047,,1756792694.750047,False,9.38109534954959,0.030483632527771747,0.03222666207628494,-0.007085426436736465,nan,nan,nan,nan
3066,1756792694.7600615,,1756792694.7600615,False,9.390132945939849,0.02730892862799153,0.04067576882915255,-0.006886412111063022,nan,nan,nan,nan
3067,1756792694.7702389,,1756792694.7702389,False,9.385987942426995,0.026220416291904136,0.03836682892584127,-0.0071139736113959426,nan,nan,nan,nan
3068,1756792694.7800395,,1756792694.7800395,False,9.380693904752968,0.023177213711510825,0.03541833432204174,-0.007441442945895751,nan,nan,nan,nan
3069,1756792694.790033,,1756792694.790033,False,9.386960839314627,0.019013931712216072,0.033258483499408145,-0.007796276503736132,nan,nan,nan,nan
3070,1756792694.8000412,,1756792694.8000412,False,9.38466294666106,0.017663217577149753,0.021637532657739354,-0.007980100795798008,nan,nan,nan,nan
3071,1756792694.8100367,,1756792694.8100367,False,9.387500572743871,0.017772045932575763,0.013259148642046754,-0.008343119236050968,nan,nan,nan,nan
3072,1756792694.8200388,,1756792694.8200388,False,9.39289003292565,0.01676794434592972,0.007872366979633666,-0.00830846519961727,nan,nan,nan,nan
3073,1756792694.8300421,,1756792694.8300421,False,9.39416208284354,0.022020048401057934,0.0006731428103324066,-0.008503848604145303,nan,nan,nan,nan
3074,1756792694.840025,,1756792694.840025,False,9.396399915107036,0.014945070720676268,-0.001801217610644199,-0.008306069267305188,nan,nan,nan,nan
3075,1756792694.8500462,,1756792694.8500462,False,9.396894513692212,0.014453752257813555,-0.0036309281528825493,-0.00831931725220143,nan,nan,nan,nan
3076,1756792694.8600342,,1756792694.8600342,False,9.39435293909516,0.010834257906921333,-0.006554369846284302,-0.008310551024999842,nan,nan,nan,nan
3077,1756792694.871807,,1756792694.871807,False,9.394752870429489,0.011675257663790541,-0.005923615136049679,-0.008277578181765905,nan,nan,nan,nan
3078,1756792694.8800662,,1756792694.8800662,False,9.395037798872197,0.012262995009763111,-0.0054808197637713435,-0.008254444396830788,nan,nan,nan,nan
3079,1756792694.8901749,,1756792694.8901749,False,9.398141886886844,-0.0041588897145492625,-0.0038491973220887874,-0.007673312771767393,nan,nan,nan,nan
3080,1756792694.9001114,,1756792694.9001114,False,9.397167944057085,-0.004776880990667959,-0.0021780638854296992,-0.007871915845968792,nan,nan,nan,nan
3081,1756792694.9100974,,1756792694.9100974,False,9.39828263973715,0.00182018346619762,-0.0025397287927177025,-0.007895784180587243,nan,nan,nan,nan
3082,1756792694.9200537,,1756792694.9200537,False,9.399807270587758,0.00040559092629515977,0.003818547470723228,-0.0073864845677461205,nan,nan,nan,nan
3083,1756792694.9300568,,1756792694.9300568,False,9.400470223596278,0.000290600829429653,0.008000571729362912,-0.00700073658078279,nan,nan,nan,nan
3084,1756792694.9400673,,1756792694.9400673,False,9.397395438131635,0.0033639728148674238,0.010093844615602195,-0.007352484067456221,nan,nan,nan,nan
3085,1756792694.9500318,,1756792694.9500318,False,9.39939972283929,0.002674965534883409,0.017463514044854193,-0.006645070836152677,nan,nan,nan,nan
3086,1756792694.9600165,,1756792694.9600165,False,9.388172149427369,0.01806377370514918,0.017557242934333833,-0.007534109321666377,nan,nan,nan,nan
3087,1756792694.9700124,,1756792694.9700124,False,9.387011844602009,0.019272354468808338,0.015973152417514368,-0.008172001257642208,nan,nan,nan,nan
3088,1756792694.9800153,,1756792694.9800153,False,9.387779716934942,0.01966675204075987,0.017679148772733643,-0.008017198928373796,nan,nan,nan,nan
3089,1756792694.9905236,,1756792694.9905236,False,9.387618579995696,0.019616501571875906,0.013132956205675598,-0.008454186522110718,nan,nan,nan,nan
3090,1756792695.0000038,,1756792695.0000038,False,9.395115107856924,0.029471116675376007,0.016700766408719224,-0.009077973521149063,nan,nan,nan,nan
3091,1756792695.0166104,,1756792695.0166104,False,9.401671120208398,0.02320751037869219,0.02744709130312776,-0.00779410177227948,nan,nan,nan,nan
3092,1756792695.0201576,,1756792695.0201576,False,9.400411915859921,0.02595178842397566,0.022707077568195917,-0.007999834688849738,nan,nan,nan,nan
3093,1756792695.0300417,,1756792695.0300417,False,9.397435404213056,0.026845688711763956,0.019517976169589425,-0.008148789375253894,nan,nan,nan,nan
3094,1756792695.0400043,,1756792695.0400043,False,9.39470580211424,0.03070326326458005,0.0135851303352145,-0.008274904981884785,nan,nan,nan,nan
3095,1756792695.0500124,,1756792695.0500124,False,9.401981316580118,0.03319492149729482,0.011300281530681456,-0.008390125255198168,nan,nan,nan,nan
3096,1756792695.0600035,,1756792695.0600035,False,9.399761772456964,0.026443722331620626,0.004092188471376267,-0.008477203689657377,nan,nan,nan,nan
3097,1756792695.0701246,,1756792695.0701246,False,9.399815989028193,0.027191438020085456,0.002734732130377122,-0.00821720336883823,nan,nan,nan,nan
3098,1756792695.0800164,,1756792695.0800164,False,9.406435691936641,0.027150681376565507,0.009358617224646693,-0.008087073994418407,nan,nan,nan,nan
3099,1756792695.0900543,,1756792695.0900543,False,9.402767840526828,0.02931705583744598,0.005521183085276097,-0.008057856753940806,nan,nan,nan,nan
3100,1756792695.1000483,,1756792695.1000483,False,9.404416616121104,0.02366627714711633,0.009243096695467598,-0.007869799603330419,nan,nan,nan,nan
3101,1756792695.1100092,,1756792695.1100092,False,9.398590350927336,0.023393437438505957,0.006782063251646041,-0.007857870758046346,nan,nan,nan,nan
3102,1756792695.1200397,,1756792695.1200397,False,9.391142722391166,0.022141272329119367,0.004489173552471739,-0.007401680811210127,nan,nan,nan,nan
3103,1756792695.1300242,,1756792695.1300242,False,9.390892589828045,0.01747246485378923,0.008359813911797865,-0.007327176337878732,nan,nan,nan,nan
3104,1756792695.1400156,,1756792695.1400156,False,9.385441463886897,0.01107110753637307,0.00789763969946241,-0.006894445693704579,nan,nan,nan,nan
3105,1756792695.1500134,,1756792695.1500134,False,9.378878911888139,0.014264233872907522,0.0032381175470097673,-0.007062088409094079,nan,nan,nan,nan
3106,1756792695.1600225,,1756792695.1600225,False,9.384936530756915,0.008131919459867241,0.009124881292957973,-0.006598325141211778,nan,nan,nan,nan
3107,1756792695.1703944,,1756792695.1703944,False,9.383059085213553,0.008565545148319238,0.006814597401797509,-0.006283154296855795,nan,nan,nan,nan
3108,1756792695.1800296,,1756792695.1800296,False,9.386132036889768,0.006367911498255402,0.004925881077464943,-0.006634507668670679,nan,nan,nan,nan
3109,1756792695.1900303,,1756792695.1900303,False,9.384672356636491,0.007843573826514613,0.001017911518159263,-0.006713059569695053,nan,nan,nan,nan
3110,1756792695.2002845,,1756792695.2002845,False,9.384299768188052,0.0093872905118799,-0.004217989303885738,-0.006796279379955187,nan,nan,nan,nan
3111,1756792695.2100413,,1756792695.2100413,False,9.384830573088024,0.01627757572708676,-0.009186075445869737,-0.007484994991917653,nan,nan,nan,nan
3112,1756792695.2200353,,1756792695.2200353,False,9.387863709179767,0.008091178802478631,-0.007923925170093412,-0.006768403213300512,nan,nan,nan,nan
3113,1756792695.230066,,1756792695.230066,False,9.387601752555351,0.008193842454643527,-0.007755507104873546,-0.006639081423923769,nan,nan,nan,nan
3041,1756792694.5100183,,1756792694.5100183,False,9.384324647210773,0.016201239986186014,0.0070147210709172025,-0.002097638015323583,nan,nan,nan,nan
3042,1756792694.520187,,1756792694.520187,False,9.387921699129935,0.014422688522742007,0.004918002536707562,-0.0018718853533702205,nan,nan,nan,nan
3043,1756792694.5300665,,1756792694.5300665,False,9.389811130301602,0.01521304185898868,0.0020782808298145526,-0.0020540181372562987,nan,nan,nan,nan
3044,1756792694.5400183,,1756792694.5400183,False,9.396150618432161,0.020132520851272564,-0.0021421652417958036,-0.0021913664489003875,nan,nan,nan,nan
3045,1756792694.5501704,,1756792694.5501704,False,9.398109648430218,0.019845998336281003,-0.006988304056979514,-0.002810839396695283,nan,nan,nan,nan
3046,1756792694.5600338,,1756792694.5600338,False,9.401735725446143,0.026777362543075504,-0.012259330211112867,-0.0030530269126647,nan,nan,nan,nan
3047,1756792694.5702481,,1756792694.5702481,False,9.405057217632992,0.023388736097791792,-0.012732451199984868,-0.0029542983543784066,nan,nan,nan,nan
3048,1756792694.580028,,1756792694.580028,False,9.402981183911118,0.02054121978294567,-0.013326949182348393,-0.003205382778046338,nan,nan,nan,nan
3049,1756792694.590088,,1756792694.590088,False,9.397154727738783,0.022449516624188728,-0.014253508602888928,-0.003231435096093605,nan,nan,nan,nan
3050,1756792694.6000264,,1756792694.6000264,False,9.3980229214305,0.01747962522019315,-0.010238484865302893,-0.003015002476593374,nan,nan,nan,nan
3051,1756792694.6100216,,1756792694.6100216,False,9.392942552990169,0.015807522824019402,-0.008614432118521628,-0.0031633721817592515,nan,nan,nan,nan
3052,1756792694.6201441,,1756792694.6201441,False,9.387417692369523,0.01825000361697026,-0.009875750680320839,-0.0034775222994789866,nan,nan,nan,nan
3053,1756792694.6300242,,1756792694.6300242,False,9.386747640967757,0.02031349149338229,-0.0024861812804184012,-0.0036182431393906975,nan,nan,nan,nan
3054,1756792694.64003,,1756792694.64003,False,9.385032442314328,0.0185524391813575,-0.003592665545899201,-0.003668484978886504,nan,nan,nan,nan
3055,1756792694.6501715,,1756792694.6501715,False,9.388273215510745,0.01811577483134116,0.0052295085988472234,-0.003985255288890966,nan,nan,nan,nan
3056,1756792694.6600866,,1756792694.6600866,False,9.38670321880246,0.019821477395104755,0.006597588072644728,-0.00440529004757422,nan,nan,nan,nan
3057,1756792694.6700268,,1756792694.6700268,False,9.386577951445172,0.020902174993138817,0.007265820576497054,-0.004715273422286495,nan,nan,nan,nan
3058,1756792694.680032,,1756792694.680032,False,9.391094879034993,0.0188735189453136,0.014287031990510337,-0.005161453912798199,nan,nan,nan,nan
3059,1756792694.690104,,1756792694.690104,False,9.391305241336012,0.018884601625674676,0.01744838870397592,-0.0055532849242781014,nan,nan,nan,nan
3060,1756792694.700236,,1756792694.700236,False,9.388967537895585,0.02484028213395492,0.018599516532838332,-0.005949209749485748,nan,nan,nan,nan
3061,1756792694.710006,,1756792694.710006,False,9.391651710147036,0.02259699584967114,0.026583778944723673,-0.005920790535792891,nan,nan,nan,nan
3062,1756792694.720027,,1756792694.720027,False,9.397684878568153,0.02755893297003956,0.03497901383368873,-0.006312683386232725,nan,nan,nan,nan
3063,1756792694.7300346,,1756792694.7300346,False,9.38848634891433,0.03884925183421458,0.03455122007665111,-0.007341066631450762,nan,nan,nan,nan
3064,1756792694.7400293,,1756792694.7400293,False,9.383231964670744,0.028450812619536036,0.03429312544297148,-0.006874254491652451,nan,nan,nan,nan
3065,1756792694.750047,,1756792694.750047,False,9.38109534954959,0.030483632527771747,0.03222666207628494,-0.007085426436736465,nan,nan,nan,nan
3066,1756792694.7600615,,1756792694.7600615,False,9.390132945939849,0.02730892862799153,0.04067576882915255,-0.006886412111063022,nan,nan,nan,nan
3067,1756792694.7702389,,1756792694.7702389,False,9.385987942426995,0.026220416291904136,0.03836682892584127,-0.0071139736113959426,nan,nan,nan,nan
3068,1756792694.7800395,,1756792694.7800395,False,9.380693904752968,0.023177213711510825,0.03541833432204174,-0.007441442945895751,nan,nan,nan,nan
3069,1756792694.790033,,1756792694.790033,False,9.386960839314627,0.019013931712216072,0.033258483499408145,-0.007796276503736132,nan,nan,nan,nan
3070,1756792694.8000412,,1756792694.8000412,False,9.38466294666106,0.017663217577149753,0.021637532657739354,-0.007980100795798008,nan,nan,nan,nan
3071,1756792694.8100367,,1756792694.8100367,False,9.387500572743871,0.017772045932575763,0.013259148642046754,-0.008343119236050968,nan,nan,nan,nan
3072,1756792694.8200388,,1756792694.8200388,False,9.39289003292565,0.01676794434592972,0.007872366979633666,-0.00830846519961727,nan,nan,nan,nan
3073,1756792694.8300421,,1756792694.8300421,False,9.39416208284354,0.022020048401057934,0.0006731428103324066,-0.008503848604145303,nan,nan,nan,nan
3074,1756792694.840025,,1756792694.840025,False,9.396399915107036,0.014945070720676268,-0.001801217610644199,-0.008306069267305188,nan,nan,nan,nan
3075,1756792694.8500462,,1756792694.8500462,False,9.396894513692212,0.014453752257813555,-0.0036309281528825493,-0.00831931725220143,nan,nan,nan,nan
3076,1756792694.8600342,,1756792694.8600342,False,9.39435293909516,0.010834257906921333,-0.006554369846284302,-0.008310551024999842,nan,nan,nan,nan
3077,1756792694.871807,,1756792694.871807,False,9.394752870429489,0.011675257663790541,-0.005923615136049679,-0.008277578181765905,nan,nan,nan,nan
3078,1756792694.8800662,,1756792694.8800662,False,9.395037798872197,0.012262995009763111,-0.0054808197637713435,-0.008254444396830788,nan,nan,nan,nan
3079,1756792694.8901749,,1756792694.8901749,False,9.398141886886844,-0.0041588897145492625,-0.0038491973220887874,-0.007673312771767393,nan,nan,nan,nan
3080,1756792694.9001114,,1756792694.9001114,False,9.397167944057085,-0.004776880990667959,-0.0021780638854296992,-0.007871915845968792,nan,nan,nan,nan
3081,1756792694.9100974,,1756792694.9100974,False,9.39828263973715,0.00182018346619762,-0.0025397287927177025,-0.007895784180587243,nan,nan,nan,nan
3082,1756792694.9200537,,1756792694.9200537,False,9.399807270587758,0.00040559092629515977,0.003818547470723228,-0.0073864845677461205,nan,nan,nan,nan
3083,1756792694.9300568,,1756792694.9300568,False,9.400470223596278,0.000290600829429653,0.008000571729362912,-0.00700073658078279,nan,nan,nan,nan
3084,1756792694.9400673,,1756792694.9400673,False,9.397395438131635,0.0033639728148674238,0.010093844615602195,-0.007352484067456221,nan,nan,nan,nan
3085,1756792694.9500318,,1756792694.9500318,False,9.39939972283929,0.002674965534883409,0.017463514044854193,-0.006645070836152677,nan,nan,nan,nan
3086,1756792694.9600165,,1756792694.9600165,False,9.388172149427369,0.01806377370514918,0.017557242934333833,-0.007534109321666377,nan,nan,nan,nan
3087,1756792694.9700124,,1756792694.9700124,False,9.387011844602009,0.019272354468808338,0.015973152417514368,-0.008172001257642208,nan,nan,nan,nan
3088,1756792694.9800153,,1756792694.9800153,False,9.387779716934942,0.01966675204075987,0.017679148772733643,-0.008017198928373796,nan,nan,nan,nan
3089,1756792694.9905236,,1756792694.9905236,False,9.387618579995696,0.019616501571875906,0.013132956205675598,-0.008454186522110718,nan,nan,nan,nan
3090,1756792695.0000038,,1756792695.0000038,False,9.395115107856924,0.029471116675376007,0.016700766408719224,-0.009077973521149063,nan,nan,nan,nan
3091,1756792695.0166104,,1756792695.0166104,False,9.401671120208398,0.02320751037869219,0.02744709130312776,-0.00779410177227948,nan,nan,nan,nan
3092,1756792695.0201576,,1756792695.0201576,False,9.400411915859921,0.02595178842397566,0.022707077568195917,-0.007999834688849738,nan,nan,nan,nan
3093,1756792695.0300417,,1756792695.0300417,False,9.397435404213056,0.026845688711763956,0.019517976169589425,-0.008148789375253894,nan,nan,nan,nan
3094,1756792695.0400043,,1756792695.0400043,False,9.39470580211424,0.03070326326458005,0.0135851303352145,-0.008274904981884785,nan,nan,nan,nan
3095,1756792695.0500124,,1756792695.0500124,False,9.401981316580118,0.03319492149729482,0.011300281530681456,-0.008390125255198168,nan,nan,nan,nan
3096,1756792695.0600035,,1756792695.0600035,False,9.399761772456964,0.026443722331620626,0.004092188471376267,-0.008477203689657377,nan,nan,nan,nan
3097,1756792695.0701246,,1756792695.0701246,False,9.399815989028193,0.027191438020085456,0.002734732130377122,-0.00821720336883823,nan,nan,nan,nan
3098,1756792695.0800164,,1756792695.0800164,False,9.406435691936641,0.027150681376565507,0.009358617224646693,-0.008087073994418407,nan,nan,nan,nan
3099,1756792695.0900543,,1756792695.0900543,False,9.402767840526828,0.02931705583744598,0.005521183085276097,-0.008057856753940806,nan,nan,nan,nan
3100,1756792695.1000483,,1756792695.1000483,False,9.404416616121104,0.02366627714711633,0.009243096695467598,-0.007869799603330419,nan,nan,nan,nan
3101,1756792695.1100092,,1756792695.1100092,False,9.398590350927336,0.023393437438505957,0.006782063251646041,-0.007857870758046346,nan,nan,nan,nan
3102,1756792695.1200397,,1756792695.1200397,False,9.391142722391166,0.022141272329119367,0.004489173552471739,-0.007401680811210127,nan,nan,nan,nan
3103,1756792695.1300242,,1756792695.1300242,False,9.390892589828045,0.01747246485378923,0.008359813911797865,-0.007327176337878732,nan,nan,nan,nan
3104,1756792695.1400156,,1756792695.1400156,False,9.385441463886897,0.01107110753637307,0.00789763969946241,-0.006894445693704579,nan,nan,nan,nan
3105,1756792695.1500134,,1756792695.1500134,False,9.378878911888139,0.014264233872907522,0.0032381175470097673,-0.007062088409094079,nan,nan,nan,nan
3106,1756792695.1600225,,1756792695.1600225,False,9.384936530756915,0.008131919459867241,0.009124881292957973,-0.006598325141211778,nan,nan,nan,nan
3107,1756792695.1703944,,1756792695.1703944,False,9.383059085213553,0.008565545148319238,0.006814597401797509,-0.006283154296855795,nan,nan,nan,nan
3108,1756792695.1800296,,1756792695.1800296,False,9.386132036889768,0.006367911498255402,0.004925881077464943,-0.006634507668670679,nan,nan,nan,nan
3109,1756792695.1900303,,1756792695.1900303,False,9.384672356636491,0.007843573826514613,0.001017911518159263,-0.006713059569695053,nan,nan,nan,nan
3110,1756792695.2002845,,1756792695.2002845,False,9.384299768188052,0.0093872905118799,-0.004217989303885738,-0.006796279379955187,nan,nan,nan,nan
3111,1756792695.2100413,,1756792695.2100413,False,9.384830573088024,0.01627757572708676,-0.009186075445869737,-0.007484994991917653,nan,nan,nan,nan
3115,1756792695.250138,,1756792695.250138,False,9.387406389603804,0.0025132196567026048,-0.00014101681373662696,-0.00637454739009424,nan,nan,nan,nan
3116,1756792695.2600274,,1756792695.2600274,False,9.384218095931791,0.011315893751025732,0.0017593996171566444,-0.0065219137059667484,nan,nan,nan,nan
3117,1756792695.2708392,,1756792695.2708392,False,9.38698472808832,0.004166381713648159,0.011713830687777255,-0.005600852007139813,nan,nan,nan,nan
3118,1756792695.2800272,,1756792695.2800272,False,9.383315982955885,0.013396409255531825,0.010035612085516949,-0.006198780835093137,nan,nan,nan,nan
3119,1756792695.2900193,,1756792695.2900193,False,9.380983135174583,0.019286274395060938,0.014205419657216651,-0.0059084131470224805,nan,nan,nan,nan
3120,1756792695.300032,,1756792695.300032,False,9.382286377489086,0.014912017547416731,0.01708496388833255,-0.005195433730437929,nan,nan,nan,nan
3121,1756792695.310065,,1756792695.310065,False,9.373752471010539,0.020976055809473832,0.01977350652091627,-0.0055747145293902995,nan,nan,nan,nan
3122,1756792695.3200333,,1756792695.3200333,False,9.37211554112042,0.013304638341006217,0.0266477013443499,-0.004673350218020423,nan,nan,nan,nan
3123,1756792695.3300726,,1756792695.3300726,False,9.372557792437885,0.00949304791663004,0.024398353712477547,-0.004352996880294017,nan,nan,nan,nan
3124,1756792695.3400683,,1756792695.3400683,False,9.373690979814683,0.014943051825994667,0.021887202674114446,-0.004663544263509072,nan,nan,nan,nan
3125,1756792695.3500302,,1756792695.3500302,False,9.379738148709169,0.010700763897790493,0.019734929043926517,-0.004057263979083808,nan,nan,nan,nan
3126,1756792695.3600285,,1756792695.3600285,False,9.379210035609635,0.009654425770486951,0.01289003981211688,-0.004086484542402831,nan,nan,nan,nan
3127,1756792695.370118,,1756792695.370118,False,9.387078733495178,0.009767776731170652,0.009906598294660219,-0.0042486813431891575,nan,nan,nan,nan
3128,1756792695.3800807,,1756792695.3800807,False,9.392754805996956,0.013271391757007894,0.005850925908344095,-0.004211937756163073,nan,nan,nan,nan
3129,1756792695.3900201,,1756792695.3900201,False,9.39813618574285,0.018809411896406482,0.002504843638265681,-0.0041372853872064805,nan,nan,nan,nan
3130,1756792695.4001005,,1756792695.4001005,False,9.399752810715915,0.01692563065182518,0.0034810709454582834,-0.0041908632039286365,nan,nan,nan,nan
3131,1756792695.4100986,,1756792695.4100986,False,9.399599250030747,0.014230447581464734,0.0023714003629349244,-0.003913887203253485,nan,nan,nan,nan
3132,1756792695.4202046,,1756792695.4202046,False,9.39802060003272,0.013227032697042979,0.002571581975697643,-0.0038139665905763285,nan,nan,nan,nan
3133,1756792695.430045,,1756792695.430045,False,9.395165669235388,0.014608188826569462,0.0037856759594615515,-0.003749507536150272,nan,nan,nan,nan
3134,1756792695.4400344,,1756792695.4400344,False,9.3918955609253,0.01684127385446709,0.0035068632559446234,-0.003620235598951215,nan,nan,nan,nan
3135,1756792695.4502795,,1756792695.4502795,False,9.383624166552664,0.022454107250179083,0.003938947225059382,-0.004436297170443334,nan,nan,nan,nan
3136,1756792695.4600406,,1756792695.4600406,False,9.379496801599036,0.024307830387045256,0.006222821200688231,-0.0041651903702350215,nan,nan,nan,nan
3137,1756792695.4702399,,1756792695.4702399,False,9.373349249934002,0.02278968489697494,0.009488237823843807,-0.004174107363899063,nan,nan,nan,nan
3138,1756792695.4800193,,1756792695.4800193,False,9.369778906023397,0.01904156406087486,0.012005963981069774,-0.0037346910662331813,nan,nan,nan,nan
3139,1756792695.4900422,,1756792695.4900422,False,9.367644650704989,0.018916522960991257,0.015167127686071017,-0.003741297796512639,nan,nan,nan,nan
3140,1756792695.5001857,,1756792695.5001857,False,9.363632038170142,0.01612678720036183,0.01441947762410129,-0.003711533563076654,nan,nan,nan,nan
3141,1756792695.5100381,,1756792695.5100381,False,9.365813915944674,0.012831029447159211,0.0137686189934044,-0.0031285895779334287,nan,nan,nan,nan
3142,1756792695.5205646,,1756792695.5205646,False,9.369356743139827,0.010421551594058632,0.013735090027655475,-0.0030353646625867156,nan,nan,nan,nan
3143,1756792695.530045,,1756792695.530045,False,9.371154352883742,0.008872714115337063,0.009819201465729524,-0.003435699183514305,nan,nan,nan,nan
3144,1756792695.5400622,,1756792695.5400622,False,9.374950351460711,0.011130020851874095,0.0051431955041819095,-0.003362586869173988,nan,nan,nan,nan
3145,1756792695.5504947,,1756792695.5504947,False,9.370597942349374,0.01634358463601609,0.0010985583653040968,-0.003542030247714862,nan,nan,nan,nan
3146,1756792695.5600429,,1756792695.5600429,False,9.374549368454984,0.007707439222660307,0.0005631311124580045,-0.0031599854360796656,nan,nan,nan,nan
3147,1756792695.5701804,,1756792695.5701804,False,9.37568476468649,0.014365450895906968,-0.005935993401210931,-0.0035581476138834786,nan,nan,nan,nan
3148,1756792695.5801594,,1756792695.5801594,False,9.375355940598133,0.007209572093805472,-0.003256335870569823,-0.0030098169762835603,nan,nan,nan,nan
3149,1756792695.5900168,,1756792695.5900168,False,9.368938553324872,0.0061828493835323255,-0.005664211351622966,-0.0029406813483826614,nan,nan,nan,nan
3150,1756792695.6000795,,1756792695.6000795,False,9.364006692676138,0.0025181469677865893,-0.003761786739596161,-0.003154899057588084,nan,nan,nan,nan
3151,1756792695.6100183,,1756792695.6100183,False,9.35930631132972,0.0007750184451019999,-0.00023920537381816965,-0.003006821753119139,nan,nan,nan,nan
3152,1756792695.6200552,,1756792695.6200552,False,9.351180260371613,-0.004249828376971324,0.004325388542723582,-0.0029484602580377977,nan,nan,nan,nan
3153,1756792695.6302202,,1756792695.6302202,False,9.345726956263942,-0.01326794316540807,0.00904953201798592,-0.0026114086194989937,nan,nan,nan,nan
3154,1756792695.6400304,,1756792695.6400304,False,9.34308432525389,-0.025242316770838515,0.014560199123229721,-0.0023214195680819607,nan,nan,nan,nan
3155,1756792695.6500578,,1756792695.6500578,False,9.33837253003571,-0.028229316815431678,0.019444650150868197,-0.002363715300750129,nan,nan,nan,nan
3156,1756792695.6601539,,1756792695.6601539,False,9.330676555358284,-0.02668594275463295,0.023867461042949917,-0.0021691675020248523,nan,nan,nan,nan
3157,1756792695.6700232,,1756792695.6700232,False,9.321382375109637,-0.02071033047039621,0.024357390255525604,-0.0018751481787158714,nan,nan,nan,nan
3158,1756792695.6800432,,1756792695.6800432,False,9.31283364050453,-0.015662141499790557,0.025516224406469216,-0.002383715282631358,nan,nan,nan,nan
3159,1756792695.6901727,,1756792695.6901727,False,9.30198854467567,-0.010398763557018792,0.02773362095477037,-0.0022860084947721924,nan,nan,nan,nan
3160,1756792695.7000465,,1756792695.7000465,False,9.295560837591301,-0.006482336341217632,0.029645021937335064,-0.0019294501391309991,nan,nan,nan,nan
3161,1756792695.7100267,,1756792695.7100267,False,9.290471636350993,-0.00247560590553384,0.03011331060618756,-0.0022128640950438427,nan,nan,nan,nan
3162,1756792695.7200882,,1756792695.7200882,False,9.287630843047966,-0.00038626560989123507,0.029899293983657555,-0.001816500697703989,nan,nan,nan,nan
3163,1756792695.7300339,,1756792695.7300339,False,9.279444420933197,0.007708382309681876,0.026871285776008162,-0.0017930252190678701,nan,nan,nan,nan
3164,1756792695.7400386,,1756792695.7400386,False,9.27727267803396,0.01289690064414685,0.023749563160220775,-0.0018388167436291431,nan,nan,nan,nan
3165,1756792695.7500353,,1756792695.7500353,False,9.275894320739717,0.013351042662551748,0.021295635887562923,-0.0018158314280674226,nan,nan,nan,nan
3166,1756792695.7600865,,1756792695.7600865,False,9.277020600805827,0.008818149266459971,0.015982094307831547,-0.0016521063326774986,nan,nan,nan,nan
3167,1756792695.7700748,,1756792695.7700748,False,9.284193515560872,0.004651199302501285,0.012022671347477398,-0.0012603680639284344,nan,nan,nan,nan
3168,1756792695.7800834,,1756792695.7800834,False,9.280198850535394,0.004526593905922027,0.00356244892532074,-0.0017634008856621541,nan,nan,nan,nan
3169,1756792695.7900352,,1756792695.7900352,False,9.279848396987333,0.00406558673868712,-0.006708400596109108,-0.0019229342045163232,nan,nan,nan,nan
3170,1756792695.8000493,,1756792695.8000493,False,9.280660069429429,0.011870190830338495,-0.018853446613552798,-0.002110244106039115,nan,nan,nan,nan
3171,1756792695.8100483,,1756792695.8100483,False,9.278847253968904,0.014114312547969538,-0.02805389901356117,-0.002646346908425713,nan,nan,nan,nan
3172,1756792695.8200111,,1756792695.8200111,False,9.285825221329125,0.007797782126600126,-0.03330022071712075,-0.0025806831533171266,nan,nan,nan,nan
3173,1756792695.8300755,,1756792695.8300755,False,9.284697079933844,0.008866851525293568,-0.037894720492512746,-0.0032662883630865448,nan,nan,nan,nan
3174,1756792695.8401334,,1756792695.8401334,False,9.28367799921034,-0.006032403669851111,-0.03267143671133534,-0.0027015181176908523,nan,nan,nan,nan
3175,1756792695.8500333,,1756792695.8500333,False,9.282090009770517,-0.006802133116274088,-0.030286546272537664,-0.0028495615803331496,nan,nan,nan,nan
3176,1756792695.8600485,,1756792695.8600485,False,9.277486838734234,-0.011463360281984749,-0.028224399828926255,-0.0034376079659187023,nan,nan,nan,nan
3177,1756792695.8700366,,1756792695.8700366,False,9.273600765571143,-0.022921456605039123,-0.026323633102616935,-0.0028687925467176497,nan,nan,nan,nan
3178,1756792695.8800402,,1756792695.8800402,False,9.261954563827587,-0.01731085625918938,-0.02460399398869903,-0.0036156180173106773,nan,nan,nan,nan
3179,1756792695.890399,,1756792695.890399,False,9.254189481701772,-0.013734168332111574,-0.019687994833596196,-0.004074307683310965,nan,nan,nan,nan
3180,1756792695.9000266,,1756792695.9000266,False,9.250615866532138,-0.017098808299014712,-0.0115401586230118,-0.0036898156766285166,nan,nan,nan,nan
3181,1756792695.9100242,,1756792695.9100242,False,9.238419772540778,-0.02026861859968372,0.003859217869361749,-0.004012013798299869,nan,nan,nan,nan
3182,1756792695.9200668,,1756792695.9200668,False,9.231338560216992,-0.018433511115746343,0.017354650713781478,-0.0044105318038698115,nan,nan,nan,nan
3183,1756792695.930001,,1756792695.930001,False,9.223594890525208,-0.01990877385999922,0.02112329236759084,-0.004521998127668225,nan,nan,nan,nan
3184,1756792695.9401224,,1756792695.9401224,False,9.214409373382159,-0.008131195417672045,0.027077653841282003,-0.005008308527388028,nan,nan,nan,nan
3185,1756792695.950049,,1756792695.950049,False,9.206607226194407,-0.003436411858774655,0.0252104821252609,-0.004623987311838499,nan,nan,nan,nan
3186,1756792695.960039,,1756792695.960039,False,9.203968890162795,-0.00814135426943459,0.0203394945298065,-0.0043067423427561365,nan,nan,nan,nan
3187,1756792695.9700437,,1756792695.9700437,False,9.20519715479517,-0.007015581415449996,0.022043374538905647,-0.00442983851100442,nan,nan,nan,nan
3188,1756792695.980057,,1756792695.980057,False,9.199912220109066,0.003615146375846622,0.024328278708411834,-0.004443390886778677,nan,nan,nan,nan
3189,1756792695.9900098,,1756792695.9900098,False,9.19117298277961,0.009249993497891547,0.031341051967076074,-0.004355461653911246,nan,nan,nan,nan
3190,1756792696.0002668,,1756792696.0002668,False,9.180479120454379,0.009201373012977434,0.03490077865404918,-0.004108391383940433,nan,nan,nan,nan
3191,1756792696.0100353,,1756792696.0100353,False,9.173024681948318,0.00136907029899053,0.040955582659997346,-0.0036021192773505895,nan,nan,nan,nan
3192,1756792696.0203855,,1756792696.0203855,False,9.170885890444108,-0.009406855738750408,0.038889837523421775,-0.0037902565081730784,nan,nan,nan,nan
3193,1756792696.0300252,,1756792696.0300252,False,9.158728223301818,-0.004822196343630522,0.030484409019891686,-0.004473873407954798,nan,nan,nan,nan
3194,1756792696.040021,,1756792696.040021,False,9.148137403167956,-0.004680806155315377,0.023069779417228264,-0.004710837236473747,nan,nan,nan,nan
3195,1756792696.0500686,,1756792696.0500686,False,9.139345074228887,7.630922551075412e-05,0.01638947007494543,-0.004821675432519436,nan,nan,nan,nan
3196,1756792696.0600197,,1756792696.0600197,False,9.149278114936552,-0.007667683041740797,0.009851095082147559,-0.004705672536053724,nan,nan,nan,nan
3197,1756792696.0700607,,1756792696.0700607,False,9.15642900394956,-0.01755817018039278,0.007558527749273813,-0.004941309347107163,nan,nan,nan,nan
3198,1756792696.0800245,,1756792696.0800245,False,9.151813042628534,-0.025233105604956802,0.0010848048607158703,-0.0053140329343261935,nan,nan,nan,nan
3199,1756792696.0901039,,1756792696.0901039,False,9.141971789892326,-0.03131025448331858,0.0032235402078506724,-0.004966363909308175,nan,nan,nan,nan
3200,1756792696.1000211,,1756792696.1000211,False,9.131604223112602,-0.04315845761567451,0.010778869159336603,-0.0044895752991587125,nan,nan,nan,nan
3201,1756792696.1100197,,1756792696.1100197,False,9.122680084552034,-0.04856491643258574,0.005402850842274465,-0.004426983780353216,nan,nan,nan,nan
3202,1756792696.1200101,,1756792696.1200101,False,9.11707822496136,-0.041506222078108515,-0.011956994788670865,-0.0050403031316573164,nan,nan,nan,nan
3203,1756792696.130019,,1756792696.130019,False,9.114517832494945,-0.01469991585523087,-0.021497392626024247,-0.006259365726209934,nan,nan,nan,nan
3204,1756792696.1400144,,1756792696.1400144,False,9.118246570471454,-0.02480122125426157,-0.016041835349863098,-0.005670456144582517,nan,nan,nan,nan
3205,1756792696.1500187,,1756792696.1500187,False,9.111442921532117,-0.02413521625642971,-0.013676180028937371,-0.006157910438728021,nan,nan,nan,nan
3206,1756792696.1600125,,1756792696.1600125,False,9.09845787933883,-0.02532126519227176,-0.007229511690766153,-0.006142228710541108,nan,nan,nan,nan
3207,1756792696.1700332,,1756792696.1700332,False,9.093953357399927,-0.013802676906058289,-0.01277546790860504,-0.006431683515184585,nan,nan,nan,nan
3208,1756792696.1800377,,1756792696.1800377,False,9.093005840640922,0.0017645009005139046,-0.01290869038460155,-0.007210911745307874,nan,nan,nan,nan
3209,1756792696.190058,,1756792696.190058,False,9.083620563940178,0.000545861565151163,-0.013325637966931259,-0.007251014911598262,nan,nan,nan,nan
3210,1756792696.2001276,,1756792696.2001276,False,9.07718533350774,-0.0006523674778366611,0.0013405312600105821,-0.006475743614159171,nan,nan,nan,nan
3211,1756792696.2100632,,1756792696.2100632,False,9.083045326961013,-0.014344123966537725,0.021735747635333126,-0.006206870765617394,nan,nan,nan,nan
3212,1756792696.2200563,,1756792696.2200563,False,9.084914366360383,-0.004222436578303263,0.010466156346294539,-0.006550376184350327,nan,nan,nan,nan
3213,1756792696.2300215,,1756792696.2300215,False,9.08699275934181,-0.019169305249898613,0.0047610907523502775,-0.00712677769184834,nan,nan,nan,nan
3214,1756792696.2400177,,1756792696.2400177,False,9.089370273341572,-0.05098863900551832,0.012616535786870695,-0.006889475436209633,nan,nan,nan,nan
3215,1756792696.2500463,,1756792696.2500463,False,9.084222500810736,-0.03782674411044981,0.014647422259023064,-0.007167754935108072,nan,nan,nan,nan
3216,1756792696.2600377,,1756792696.2600377,False,9.072007563001462,-0.012168845422301256,0.022818083345809405,-0.0064509085416373695,nan,nan,nan,nan
3217,1756792696.2700903,,1756792696.2700903,False,9.066258214036887,0.007619424729090253,0.02276135961957117,-0.0074496116438336245,nan,nan,nan,nan
3218,1756792696.2800946,,1756792696.2800946,False,9.055802336129856,0.023338031598120864,0.01400527289915282,-0.00910182989172135,nan,nan,nan,nan
3219,1756792696.290148,,1756792696.290148,False,9.06123627276933,0.0012799584990688525,0.022647477697779785,-0.007408856206271441,nan,nan,nan,nan
3220,1756792696.3000536,,1756792696.3000536,False,9.079333336655797,-0.01902790044836401,0.019722776552135703,-0.007277745331387414,nan,nan,nan,nan
3221,1756792696.3102462,,1756792696.3102462,False,9.078646211360507,-0.014233354174190482,0.019391712076358356,-0.008333446569162843,nan,nan,nan,nan
3222,1756792696.3202567,,1756792696.3202567,False,9.069890615638883,-0.01936989400940812,0.023385248620903284,-0.007555741661575435,nan,nan,nan,nan
3223,1756792696.3300471,,1756792696.3300471,False,9.072839946871095,-0.02612338763017261,0.025144946446517213,-0.007201104910292954,nan,nan,nan,nan
3224,1756792696.3421848,,1756792696.3421848,False,9.058713159078817,-0.01893676269929101,0.019489715634619945,-0.008512543849157676,nan,nan,nan,nan
3225,1756792696.3500545,,1756792696.3500545,False,9.052759596712438,-0.008319650314593181,0.01576009937007897,-0.009078617169149665,nan,nan,nan,nan
3226,1756792696.360029,,1756792696.360029,False,9.058992156172604,-0.0005112317827875523,0.018659802830432556,-0.008936329184247622,nan,nan,nan,nan
3227,1756792696.3700287,,1756792696.3700287,False,9.063849675158822,-0.0017998396658648501,0.0046587857868534725,-0.009651030279995164,nan,nan,nan,nan
3228,1756792696.3800616,,1756792696.3800616,False,9.05969810580387,-0.02570400279014168,0.0025331887008405965,-0.009258664138861181,nan,nan,nan,nan
3229,1756792696.3902535,,1756792696.3902535,False,9.063034089794487,-0.008807540857618177,0.0024536497748363843,-0.010933948999758105,nan,nan,nan,nan
3230,1756792696.4000401,,1756792696.4000401,False,9.069202629727947,-0.005703137869383355,0.01420146550748607,-0.009524392879552354,nan,nan,nan,nan
3231,1756792696.4100423,,1756792696.4100423,False,9.063080357958942,-0.024617092185476794,0.011903242324627068,-0.009890242017576075,nan,nan,nan,nan
3232,1756792696.4200313,,1756792696.4200313,False,9.070028923142859,-0.038327040715128595,0.01581852891046064,-0.009716120590344851,nan,nan,nan,nan
3233,1756792696.4300714,,1756792696.4300714,False,9.071438570718461,-0.017935501921858277,0.00943492040437507,-0.010588064337846606,nan,nan,nan,nan
3234,1756792696.4400313,,1756792696.4400313,False,9.071389695176718,0.003224267106384049,0.0029029500330117453,-0.011501162423340367,nan,nan,nan,nan
3235,1756792696.450024,,1756792696.450024,False,9.073644519927884,0.009965239764675629,0.003858744102912677,-0.011471355762861584,nan,nan,nan,nan
3236,1756792696.460038,,1756792696.460038,False,9.088139895036194,0.0036312914071270227,0.01899385330823052,-0.010428119404722712,nan,nan,nan,nan
3237,1756792696.4700391,,1756792696.4700391,False,9.088449392482305,-0.016359756712402567,0.01920075382333582,-0.011139591280271297,nan,nan,nan,nan
3238,1756792696.4800224,,1756792696.4800224,False,9.095877377500251,-0.032938316234084865,0.019837738464179962,-0.011476845879903741,nan,nan,nan,nan
3239,1756792696.4900234,,1756792696.4900234,False,9.095896394424248,0.013774140260278582,0.011358389417937152,-0.012398687868767815,nan,nan,nan,nan
3240,1756792696.5000718,,1756792696.5000718,False,9.07687879057379,0.05616479249967907,-0.004645902148549187,-0.015303019372340635,nan,nan,nan,nan
3241,1756792696.5100183,,1756792696.5100183,False,9.09412834161437,0.0036224666987911183,0.018984753036481342,-0.012130498934201503,nan,nan,nan,nan
3242,1756792696.52004,,1756792696.52004,False,9.098722507167592,-0.004260015702876059,0.015649764508141945,-0.012419709936849179,nan,nan,nan,nan
3243,1756792696.5302687,,1756792696.5302687,False,9.09836804884945,-0.025606494663866646,0.024852083944055074,-0.012713047367030649,nan,nan,nan,nan
3244,1756792696.5400264,,1756792696.5400264,False,9.106786161328051,-0.002516467542778982,0.02580959578897987,-0.01295356112425369,nan,nan,nan,nan
3245,1756792696.550061,,1756792696.550061,False,9.09331523917975,0.030115822462975974,0.023767680964024457,-0.014303123490786595,nan,nan,nan,nan
3246,1756792696.5600033,,1756792696.5600033,False,9.097859272675686,0.02983306238534777,0.03514931398676501,-0.013269581966319045,nan,nan,nan,nan
3247,1756792696.570197,,1756792696.570197,False,9.11131545353108,-0.0002938486947180514,0.03552575950993579,-0.013355468560553235,nan,nan,nan,nan
3248,1756792696.5801501,,1756792696.5801501,False,9.121020103319289,0.0031541732792330795,0.028546848636061373,-0.013589820391745921,nan,nan,nan,nan
3249,1756792696.5900145,,1756792696.5900145,False,9.11347500752935,0.012727899141896235,0.04370982214417515,-0.012367711059561616,nan,nan,nan,nan
3250,1756792696.6000354,,1756792696.6000354,False,9.115453363382763,0.02304169610559837,0.04856595231623548,-0.013065454946744109,nan,nan,nan,nan
3251,1756792696.6100402,,1756792696.6100402,False,9.117482706261777,0.03269299857561404,0.05136432964635314,-0.012339759728079472,nan,nan,nan,nan
3252,1756792696.6200235,,1756792696.6200235,False,9.121793836036618,-0.013930058133267184,0.049769231325084026,-0.01187854651671602,nan,nan,nan,nan
3253,1756792696.630137,,1756792696.630137,False,9.127295942024539,-0.010127265415845424,0.05377103857604351,-0.011302577541263717,nan,nan,nan,nan
3254,1756792696.6400285,,1756792696.6400285,False,9.118958452246256,0.02935558947294983,0.07070311238085863,-0.011061408873052436,nan,nan,nan,nan
3255,1756792696.6500175,,1756792696.6500175,False,9.127891826770286,0.036842537382853716,0.07562771815097996,-0.010612121928264818,nan,nan,nan,nan
3256,1756792696.6600506,,1756792696.6600506,False,9.121968399137693,0.013011610499010203,0.06101957757925864,-0.010749823577693834,nan,nan,nan,nan
3257,1756792696.6703594,,1756792696.6703594,False,9.140577172060146,0.009025175516009652,0.05454926726567943,-0.010288163830179798,nan,nan,nan,nan
3258,1756792696.6800106,,1756792696.6800106,False,9.14044687629711,0.0029144134946151963,0.06204832620985077,-0.0093058298766608,nan,nan,nan,nan
3259,1756792696.6900067,,1756792696.6900067,False,9.141894636793781,0.04200385367389206,0.06748729142398546,-0.009748165419933095,nan,nan,nan,nan
3260,1756792696.7000113,,1756792696.7000113,False,9.149727659311228,0.03395315392480772,0.07374727335287866,-0.00860152111563942,nan,nan,nan,nan
3261,1756792696.710021,,1756792696.710021,False,9.156684950301832,0.012691443329373662,0.06127637457694113,-0.009292398051430232,nan,nan,nan,nan
3262,1756792696.720276,,1756792696.720276,False,9.163097232904573,0.013427789579871445,0.06482866574885975,-0.009351405412770311,nan,nan,nan,nan
3263,1756792696.7301202,,1756792696.7301202,False,9.184776826515877,0.03583382478808155,0.07066258816899111,-0.008072636096563677,nan,nan,nan,nan
3264,1756792696.7400262,,1756792696.7400262,False,9.184588359740486,0.038332431577712774,0.07322861844483904,-0.008427490468441708,nan,nan,nan,nan
3265,1756792696.7500598,,1756792696.7500598,False,9.192802665805507,0.04329636787105101,0.06561973810089107,-0.0093427814329892,nan,nan,nan,nan
3266,1756792696.76003,,1756792696.76003,False,9.20544792129906,0.014824580646068645,0.07460421380734181,-0.009025141043341837,nan,nan,nan,nan
3267,1756792696.7700646,,1756792696.7700646,False,9.21549011314027,0.025237529359004106,0.07616475747803587,-0.009433207961609218,nan,nan,nan,nan
3268,1756792696.7803087,,1756792696.7803087,False,9.235514200169387,0.018073240497150134,0.09433941282976245,-0.008217009312486374,nan,nan,nan,nan
3269,1756792696.7900288,,1756792696.7900288,False,9.239305759913565,0.01749842978354739,0.10099033447785624,-0.008333011957156107,nan,nan,nan,nan
3270,1756792696.8000414,,1756792696.8000414,False,9.249722736485873,0.031034678818386684,0.10424580213349981,-0.009007810412184512,nan,nan,nan,nan
3271,1756792696.8100266,,1756792696.8100266,False,9.263505724955518,0.050138987812711366,0.10023053136476963,-0.00962676664597298,nan,nan,nan,nan
3272,1756792696.8200014,,1756792696.8200014,False,9.27173099654558,0.04438822010690613,0.10825613301390367,-0.009169680039868238,nan,nan,nan,nan
3273,1756792696.830029,,1756792696.830029,False,9.296164986596292,0.05682661441312678,0.11911785555822604,-0.009258407814076563,nan,nan,nan,nan
3274,1756792696.8400316,,1756792696.8400316,False,9.302891998227585,0.06035647677031376,0.1269936268585257,-0.010186195174279726,nan,nan,nan,nan
3275,1756792696.85002,,1756792696.85002,False,9.314209681166322,0.05574586081831513,0.13301331974666122,-0.00946058698077491,nan,nan,nan,nan
3276,1756792696.860014,,1756792696.860014,False,9.331370732802593,0.059371315067997005,0.13634548351788264,-0.010787834376229592,nan,nan,nan,nan
3277,1756792696.8700442,,1756792696.8700442,False,9.344119437585592,0.06226685544502122,0.15042749500001742,-0.010235414822695266,nan,nan,nan,nan
3278,1756792696.880059,,1756792696.880059,False,9.35838726773844,0.09398483701310127,0.1572339399705144,-0.01064868298997856,nan,nan,nan,nan
3279,1756792696.8900242,,1756792696.8900242,False,9.36819227662801,0.0610510700713408,0.1586623281849607,-0.009783822375200922,nan,nan,nan,nan
3280,1756792696.9000525,,1756792696.9000525,False,9.378964115681107,0.06205523561673909,0.17026965959815604,-0.009441447097678557,nan,nan,nan,nan
3281,1756792696.9100356,,1756792696.9100356,False,9.389695116958292,0.07758589176655836,0.173003930985361,-0.011214200589212303,nan,nan,nan,nan
3282,1756792696.920075,,1756792696.920075,False,9.415584360722098,0.08063520881662686,0.17319813675762694,-0.011152932955734779,nan,nan,nan,nan
3283,1756792696.930017,,1756792696.930017,False,9.43003575091903,0.07560105048840014,0.1778110143890082,-0.010095432974524428,nan,nan,nan,nan
3284,1756792696.9400215,,1756792696.9400215,False,9.44204098102294,0.06301173691562525,0.1893972301108484,-0.01001726728959788,nan,nan,nan,nan
3285,1756792696.9500964,,1756792696.9500964,False,9.461961015860327,0.08710478639983807,0.19408868199856796,-0.010978921129890637,nan,nan,nan,nan
3286,1756792696.9600267,,1756792696.9600267,False,9.470139642312946,0.06487005471335765,0.19882877788338063,-0.010589824596439465,nan,nan,nan,nan
3287,1756792696.9700353,,1756792696.9700353,False,9.47654902026935,0.08433907021342976,0.20267762552129945,-0.010377145147374076,nan,nan,nan,nan
3288,1756792696.9801655,,1756792696.9801655,False,9.49741128461469,0.10638020520278649,0.2111113628143603,-0.011752904502471863,nan,nan,nan,nan
3289,1756792696.990016,,1756792696.990016,False,9.507763817926612,0.0960696088452583,0.21046398861701937,-0.011627138125910744,nan,nan,nan,nan
3290,1756792697.000066,,1756792697.000066,False,9.54240009155317,0.08203838205601736,0.21638204810448639,-0.011810278035629559,nan,nan,nan,nan
3291,1756792697.0100243,,1756792697.0100243,False,9.549361123109371,0.09865293749636195,0.21939164370433722,-0.013128819370347959,nan,nan,nan,nan
3292,1756792697.0201218,,1756792697.0201218,False,9.560355772607952,0.09668068228345987,0.24414826070967288,-0.011608382311428767,nan,nan,nan,nan
3293,1756792697.030045,,1756792697.030045,False,9.582647004264622,0.09410265260640077,0.2493437591364693,-0.012550001514246093,nan,nan,nan,nan
3294,1756792697.0400238,,1756792697.0400238,False,9.595809494854022,0.08316986321427683,0.2532019056039373,-0.011750022189423696,nan,nan,nan,nan
3295,1756792697.0500343,,1756792697.0500343,False,9.615063494472288,0.08590717091904897,0.26219244608544295,-0.011178400415056074,nan,nan,nan,nan
3296,1756792697.0600193,,1756792697.0600193,False,9.621398460683446,0.11460004380634813,0.2670072901810088,-0.012785149360512905,nan,nan,nan,nan
3297,1756792697.0701134,,1756792697.0701134,False,9.632461818543026,0.0897156405466836,0.2708829580490646,-0.012454298680693017,nan,nan,nan,nan
3298,1756792697.0800266,,1756792697.0800266,False,9.656588923192235,0.10185647041034677,0.2845200880864312,-0.012084507633530639,nan,nan,nan,nan
3299,1756792697.0899675,,1756792697.0899675,False,9.662631958662312,0.0954385853343918,0.292652490844101,-0.012438262563063865,nan,nan,nan,nan
3300,1756792697.1000438,,1756792697.1000438,False,9.683272733369138,0.10089045452278841,0.3145890638706279,-0.011613582226381279,nan,nan,nan,nan
3301,1756792697.1100283,,1756792697.1100283,False,9.707745106792688,0.11223228390767502,0.3126377360457079,-0.01141281709719508,nan,nan,nan,nan
3302,1756792697.1200237,,1756792697.1200237,False,9.720477649432226,0.11118931032746336,0.31620701363455456,-0.011047263389725016,nan,nan,nan,nan
3303,1756792697.13003,,1756792697.13003,False,9.751076889667395,0.10416543327377112,0.31924706879159925,-0.0102769495249973,nan,nan,nan,nan
3304,1756792697.1400185,,1756792697.1400185,False,9.759268574000892,0.11102269764606458,0.32484714903188483,-0.010287573556942832,nan,nan,nan,nan
3305,1756792697.1500335,,1756792697.1500335,False,9.778247686788207,0.11680497130014524,0.3275542515506958,-0.010022350748120376,nan,nan,nan,nan
3306,1756792697.1600435,,1756792697.1600435,False,9.785143059743804,0.13427884224970918,0.32561657245530307,-0.010556389834415933,nan,nan,nan,nan
3307,1756792697.1700315,,1756792697.1700315,False,9.810299329581344,0.10988082732522222,0.3341755616588365,-0.008613550722817442,nan,nan,nan,nan
3308,1756792697.1800756,,1756792697.1800756,False,9.833550474473565,0.12148720860685601,0.32340371777637755,-0.009065437933778515,nan,nan,nan,nan
3309,1756792697.1900353,,1756792697.1900353,False,9.853285848155156,0.11988261156920003,0.30981509002545227,-0.008955005996307712,nan,nan,nan,nan
3310,1756792697.200031,,1756792697.200031,False,9.897896859061092,0.12812259762913714,0.3068754990265865,-0.008692324697369719,nan,nan,nan,nan
3311,1756792697.2100208,,1756792697.2100208,False,9.914283761671069,0.12422242543644395,0.3197982066518375,-0.00923249490283284,nan,nan,nan,nan
3312,1756792697.2200484,,1756792697.2200484,False,9.944915317837236,0.12835632716307066,0.3229180771293318,-0.008693599807435157,nan,nan,nan,nan
3313,1756792697.2300475,,1756792697.2300475,False,9.971315441565288,0.11509464632953431,0.3208565828428757,-0.007864667328503841,nan,nan,nan,nan
3314,1756792697.2400491,,1756792697.2400491,False,10.00809491031296,0.12954684663348906,0.32191630772847446,-0.008036816040732272,nan,nan,nan,nan
3315,1756792697.2500935,,1756792697.2500935,False,10.035566570065898,0.1245270589310659,0.330907457515396,-0.008315981244553235,nan,nan,nan,nan
3316,1756792697.2600393,,1756792697.2600393,False,10.049656891173123,0.10650254459697521,0.3280866923534317,-0.00762422200650705,nan,nan,nan,nan
3317,1756792697.2700403,,1756792697.2700403,False,10.074807980251837,0.1067635271029767,0.3282554580580287,-0.008727466903058726,nan,nan,nan,nan
3318,1756792697.280066,,1756792697.280066,False,10.103657704336202,0.1153756225892638,0.33635299191881707,-0.007731435168660035,nan,nan,nan,nan
3319,1756792697.2903392,,1756792697.2903392,False,10.120160699408565,0.1087440182785692,0.34666414938006607,-0.008279547973342113,nan,nan,nan,nan
3320,1756792697.300054,,1756792697.300054,False,10.139126796325996,0.10439598895519185,0.35253795395148263,-0.007068106295022806,nan,nan,nan,nan
3321,1756792697.3100457,,1756792697.3100457,False,10.144398364402312,0.10738990319720558,0.3559898810512908,-0.008035581440585195,nan,nan,nan,nan
3322,1756792697.3200603,,1756792697.3200603,False,10.163986091833884,0.11164215913029206,0.3640905204188914,-0.007023076461224687,nan,nan,nan,nan
3323,1756792697.330054,,1756792697.330054,False,10.186843194627007,0.11465819410515964,0.36809499626334374,-0.006561666729221449,nan,nan,nan,nan
3324,1756792697.3400395,,1756792697.3400395,False,10.200971804135694,0.11920984672293422,0.37605146277466595,-0.006648467041793805,nan,nan,nan,nan
3325,1756792697.3500624,,1756792697.3500624,False,10.224092149211526,0.13379204537666697,0.3763668755168478,-0.00696531582918139,nan,nan,nan,nan
3326,1756792697.3600426,,1756792697.3600426,False,10.246972979848573,0.1397818184147663,0.37765891101997634,-0.006124171127899671,nan,nan,nan,nan
3327,1756792697.3700347,,1756792697.3700347,False,10.27372963735529,0.13650690525259826,0.37673360945953754,-0.007011153593172865,nan,nan,nan,nan
3328,1756792697.3804264,,1756792697.3804264,False,10.307025762451328,0.13509861588770045,0.38515408563148235,-0.0053424162810279145,nan,nan,nan,nan
3329,1756792697.39003,,1756792697.39003,False,10.324165840169488,0.1473964454495917,0.37321982610723897,-0.007040428920931763,nan,nan,nan,nan
3330,1756792697.4000318,,1756792697.4000318,False,10.357167321766127,0.14980085473940835,0.3841705934746987,-0.0070340759145308025,nan,nan,nan,nan
3331,1756792697.4100852,,1756792697.4100852,False,10.369695796347878,0.13857678721160216,0.3813903245944839,-0.007466440313889671,nan,nan,nan,nan
3332,1756792697.4200294,,1756792697.4200294,False,10.394457433711867,0.15717108130345311,0.38410361148127187,-0.007447062751565769,nan,nan,nan,nan
3333,1756792697.4300642,,1756792697.4300642,False,10.420885053277916,0.15026096967433752,0.3626876504435383,-0.007922871675469005,nan,nan,nan,nan
3334,1756792697.440151,,1756792697.440151,False,10.440374512736177,0.12923471907425074,0.37010834829667005,-0.007773689547310325,nan,nan,nan,nan
3335,1756792697.4500477,,1756792697.4500477,False,10.458180133569492,0.1343603547793438,0.36244956966001984,-0.008202257620871714,nan,nan,nan,nan
3262,1756792696.720276,,1756792696.720276,False,9.163097232904573,0.013427789579871445,0.06482866574885975,-0.009351405412770311,nan,nan,nan,nan
3263,1756792696.7301202,,1756792696.7301202,False,9.184776826515877,0.03583382478808155,0.07066258816899111,-0.008072636096563677,nan,nan,nan,nan
3264,1756792696.7400262,,1756792696.7400262,False,9.184588359740486,0.038332431577712774,0.07322861844483904,-0.008427490468441708,nan,nan,nan,nan
3265,1756792696.7500598,,1756792696.7500598,False,9.192802665805507,0.04329636787105101,0.06561973810089107,-0.0093427814329892,nan,nan,nan,nan
3266,1756792696.76003,,1756792696.76003,False,9.20544792129906,0.014824580646068645,0.07460421380734181,-0.009025141043341837,nan,nan,nan,nan
3267,1756792696.7700646,,1756792696.7700646,False,9.21549011314027,0.025237529359004106,0.07616475747803587,-0.009433207961609218,nan,nan,nan,nan
3268,1756792696.7803087,,1756792696.7803087,False,9.235514200169387,0.018073240497150134,0.09433941282976245,-0.008217009312486374,nan,nan,nan,nan
3269,1756792696.7900288,,1756792696.7900288,False,9.239305759913565,0.01749842978354739,0.10099033447785624,-0.008333011957156107,nan,nan,nan,nan
3270,1756792696.8000414,,1756792696.8000414,False,9.249722736485873,0.031034678818386684,0.10424580213349981,-0.009007810412184512,nan,nan,nan,nan
3271,1756792696.8100266,,1756792696.8100266,False,9.263505724955518,0.050138987812711366,0.10023053136476963,-0.00962676664597298,nan,nan,nan,nan
3272,1756792696.8200014,,1756792696.8200014,False,9.27173099654558,0.04438822010690613,0.10825613301390367,-0.009169680039868238,nan,nan,nan,nan
3273,1756792696.830029,,1756792696.830029,False,9.296164986596292,0.05682661441312678,0.11911785555822604,-0.009258407814076563,nan,nan,nan,nan
3274,1756792696.8400316,,1756792696.8400316,False,9.302891998227585,0.06035647677031376,0.1269936268585257,-0.010186195174279726,nan,nan,nan,nan
3275,1756792696.85002,,1756792696.85002,False,9.314209681166322,0.05574586081831513,0.13301331974666122,-0.00946058698077491,nan,nan,nan,nan
3276,1756792696.860014,,1756792696.860014,False,9.331370732802593,0.059371315067997005,0.13634548351788264,-0.010787834376229592,nan,nan,nan,nan
3277,1756792696.8700442,,1756792696.8700442,False,9.344119437585592,0.06226685544502122,0.15042749500001742,-0.010235414822695266,nan,nan,nan,nan
3278,1756792696.880059,,1756792696.880059,False,9.35838726773844,0.09398483701310127,0.1572339399705144,-0.01064868298997856,nan,nan,nan,nan
3279,1756792696.8900242,,1756792696.8900242,False,9.36819227662801,0.0610510700713408,0.1586623281849607,-0.009783822375200922,nan,nan,nan,nan
3280,1756792696.9000525,,1756792696.9000525,False,9.378964115681107,0.06205523561673909,0.17026965959815604,-0.009441447097678557,nan,nan,nan,nan
3281,1756792696.9100356,,1756792696.9100356,False,9.389695116958292,0.07758589176655836,0.173003930985361,-0.011214200589212303,nan,nan,nan,nan
3282,1756792696.920075,,1756792696.920075,False,9.415584360722098,0.08063520881662686,0.17319813675762694,-0.011152932955734779,nan,nan,nan,nan
3283,1756792696.930017,,1756792696.930017,False,9.43003575091903,0.07560105048840014,0.1778110143890082,-0.010095432974524428,nan,nan,nan,nan
3284,1756792696.9400215,,1756792696.9400215,False,9.44204098102294,0.06301173691562525,0.1893972301108484,-0.01001726728959788,nan,nan,nan,nan
3285,1756792696.9500964,,1756792696.9500964,False,9.461961015860327,0.08710478639983807,0.19408868199856796,-0.010978921129890637,nan,nan,nan,nan
3286,1756792696.9600267,,1756792696.9600267,False,9.470139642312946,0.06487005471335765,0.19882877788338063,-0.010589824596439465,nan,nan,nan,nan
3287,1756792696.9700353,,1756792696.9700353,False,9.47654902026935,0.08433907021342976,0.20267762552129945,-0.010377145147374076,nan,nan,nan,nan
3288,1756792696.9801655,,1756792696.9801655,False,9.49741128461469,0.10638020520278649,0.2111113628143603,-0.011752904502471863,nan,nan,nan,nan
3289,1756792696.990016,,1756792696.990016,False,9.507763817926612,0.0960696088452583,0.21046398861701937,-0.011627138125910744,nan,nan,nan,nan
3290,1756792697.000066,,1756792697.000066,False,9.54240009155317,0.08203838205601736,0.21638204810448639,-0.011810278035629559,nan,nan,nan,nan
3291,1756792697.0100243,,1756792697.0100243,False,9.549361123109371,0.09865293749636195,0.21939164370433722,-0.013128819370347959,nan,nan,nan,nan
3292,1756792697.0201218,,1756792697.0201218,False,9.560355772607952,0.09668068228345987,0.24414826070967288,-0.011608382311428767,nan,nan,nan,nan
3293,1756792697.030045,,1756792697.030045,False,9.582647004264622,0.09410265260640077,0.2493437591364693,-0.012550001514246093,nan,nan,nan,nan
3294,1756792697.0400238,,1756792697.0400238,False,9.595809494854022,0.08316986321427683,0.2532019056039373,-0.011750022189423696,nan,nan,nan,nan
3295,1756792697.0500343,,1756792697.0500343,False,9.615063494472288,0.08590717091904897,0.26219244608544295,-0.011178400415056074,nan,nan,nan,nan
3296,1756792697.0600193,,1756792697.0600193,False,9.621398460683446,0.11460004380634813,0.2670072901810088,-0.012785149360512905,nan,nan,nan,nan
3297,1756792697.0701134,,1756792697.0701134,False,9.632461818543026,0.0897156405466836,0.2708829580490646,-0.012454298680693017,nan,nan,nan,nan
3298,1756792697.0800266,,1756792697.0800266,False,9.656588923192235,0.10185647041034677,0.2845200880864312,-0.012084507633530639,nan,nan,nan,nan
3299,1756792697.0899675,,1756792697.0899675,False,9.662631958662312,0.0954385853343918,0.292652490844101,-0.012438262563063865,nan,nan,nan,nan
3300,1756792697.1000438,,1756792697.1000438,False,9.683272733369138,0.10089045452278841,0.3145890638706279,-0.011613582226381279,nan,nan,nan,nan
3301,1756792697.1100283,,1756792697.1100283,False,9.707745106792688,0.11223228390767502,0.3126377360457079,-0.01141281709719508,nan,nan,nan,nan
3302,1756792697.1200237,,1756792697.1200237,False,9.720477649432226,0.11118931032746336,0.31620701363455456,-0.011047263389725016,nan,nan,nan,nan
3303,1756792697.13003,,1756792697.13003,False,9.751076889667395,0.10416543327377112,0.31924706879159925,-0.0102769495249973,nan,nan,nan,nan
3304,1756792697.1400185,,1756792697.1400185,False,9.759268574000892,0.11102269764606458,0.32484714903188483,-0.010287573556942832,nan,nan,nan,nan
3305,1756792697.1500335,,1756792697.1500335,False,9.778247686788207,0.11680497130014524,0.3275542515506958,-0.010022350748120376,nan,nan,nan,nan
3306,1756792697.1600435,,1756792697.1600435,False,9.785143059743804,0.13427884224970918,0.32561657245530307,-0.010556389834415933,nan,nan,nan,nan
3307,1756792697.1700315,,1756792697.1700315,False,9.810299329581344,0.10988082732522222,0.3341755616588365,-0.008613550722817442,nan,nan,nan,nan
3308,1756792697.1800756,,1756792697.1800756,False,9.833550474473565,0.12148720860685601,0.32340371777637755,-0.009065437933778515,nan,nan,nan,nan
3309,1756792697.1900353,,1756792697.1900353,False,9.853285848155156,0.11988261156920003,0.30981509002545227,-0.008955005996307712,nan,nan,nan,nan
3310,1756792697.200031,,1756792697.200031,False,9.897896859061092,0.12812259762913714,0.3068754990265865,-0.008692324697369719,nan,nan,nan,nan
3311,1756792697.2100208,,1756792697.2100208,False,9.914283761671069,0.12422242543644395,0.3197982066518375,-0.00923249490283284,nan,nan,nan,nan
3312,1756792697.2200484,,1756792697.2200484,False,9.944915317837236,0.12835632716307066,0.3229180771293318,-0.008693599807435157,nan,nan,nan,nan
3313,1756792697.2300475,,1756792697.2300475,False,9.971315441565288,0.11509464632953431,0.3208565828428757,-0.007864667328503841,nan,nan,nan,nan
3314,1756792697.2400491,,1756792697.2400491,False,10.00809491031296,0.12954684663348906,0.32191630772847446,-0.008036816040732272,nan,nan,nan,nan
3315,1756792697.2500935,,1756792697.2500935,False,10.035566570065898,0.1245270589310659,0.330907457515396,-0.008315981244553235,nan,nan,nan,nan
3316,1756792697.2600393,,1756792697.2600393,False,10.049656891173123,0.10650254459697521,0.3280866923534317,-0.00762422200650705,nan,nan,nan,nan
3317,1756792697.2700403,,1756792697.2700403,False,10.074807980251837,0.1067635271029767,0.3282554580580287,-0.008727466903058726,nan,nan,nan,nan
3318,1756792697.280066,,1756792697.280066,False,10.103657704336202,0.1153756225892638,0.33635299191881707,-0.007731435168660035,nan,nan,nan,nan
3319,1756792697.2903392,,1756792697.2903392,False,10.120160699408565,0.1087440182785692,0.34666414938006607,-0.008279547973342113,nan,nan,nan,nan
3320,1756792697.300054,,1756792697.300054,False,10.139126796325996,0.10439598895519185,0.35253795395148263,-0.007068106295022806,nan,nan,nan,nan
3321,1756792697.3100457,,1756792697.3100457,False,10.144398364402312,0.10738990319720558,0.3559898810512908,-0.008035581440585195,nan,nan,nan,nan
3322,1756792697.3200603,,1756792697.3200603,False,10.163986091833884,0.11164215913029206,0.3640905204188914,-0.007023076461224687,nan,nan,nan,nan
3323,1756792697.330054,,1756792697.330054,False,10.186843194627007,0.11465819410515964,0.36809499626334374,-0.006561666729221449,nan,nan,nan,nan
3324,1756792697.3400395,,1756792697.3400395,False,10.200971804135694,0.11920984672293422,0.37605146277466595,-0.006648467041793805,nan,nan,nan,nan
3325,1756792697.3500624,,1756792697.3500624,False,10.224092149211526,0.13379204537666697,0.3763668755168478,-0.00696531582918139,nan,nan,nan,nan
3326,1756792697.3600426,,1756792697.3600426,False,10.246972979848573,0.1397818184147663,0.37765891101997634,-0.006124171127899671,nan,nan,nan,nan
3327,1756792697.3700347,,1756792697.3700347,False,10.27372963735529,0.13650690525259826,0.37673360945953754,-0.007011153593172865,nan,nan,nan,nan
3328,1756792697.3804264,,1756792697.3804264,False,10.307025762451328,0.13509861588770045,0.38515408563148235,-0.0053424162810279145,nan,nan,nan,nan
3329,1756792697.39003,,1756792697.39003,False,10.324165840169488,0.1473964454495917,0.37321982610723897,-0.007040428920931763,nan,nan,nan,nan
3330,1756792697.4000318,,1756792697.4000318,False,10.357167321766127,0.14980085473940835,0.3841705934746987,-0.0070340759145308025,nan,nan,nan,nan
3331,1756792697.4100852,,1756792697.4100852,False,10.369695796347878,0.13857678721160216,0.3813903245944839,-0.007466440313889671,nan,nan,nan,nan
3332,1756792697.4200294,,1756792697.4200294,False,10.394457433711867,0.15717108130345311,0.38410361148127187,-0.007447062751565769,nan,nan,nan,nan
3333,1756792697.4300642,,1756792697.4300642,False,10.420885053277916,0.15026096967433752,0.3626876504435383,-0.007922871675469005,nan,nan,nan,nan
3334,1756792697.440151,,1756792697.440151,False,10.440374512736177,0.12923471907425074,0.37010834829667005,-0.007773689547310325,nan,nan,nan,nan
3335,1756792697.4500477,,1756792697.4500477,False,10.458180133569492,0.1343603547793438,0.36244956966001984,-0.008202257620871714,nan,nan,nan,nan
3338,1756792697.4800491,,1756792697.4800491,False,10.477374118983509,0.13580978269699515,0.33244363930410686,-0.008805778504115708,nan,nan,nan,nan
3339,1756792697.490037,,1756792697.490037,False,10.487391888077566,0.13137950711803453,0.32413560470222486,-0.008207824845595358,nan,nan,nan,nan
3340,1756792697.500039,,1756792697.500039,False,10.504339608743635,0.1292677235669585,0.3169674094955524,-0.00799282552229552,nan,nan,nan,nan
3341,1756792697.5100462,,1756792697.5100462,False,10.51928301922999,0.12723519914462872,0.31674416841781283,-0.008836058898315239,nan,nan,nan,nan
3342,1756792697.5200493,,1756792697.5200493,False,10.533107119929225,0.12953463590713926,0.3033772268287379,-0.008556023773235324,nan,nan,nan,nan
3343,1756792697.5301464,,1756792697.5301464,False,10.552397252959077,0.12584650737296077,0.28363122814890546,-0.008616000986109802,nan,nan,nan,nan
3344,1756792697.540167,,1756792697.540167,False,10.55340080691542,0.12837654949946398,0.27473820009822114,-0.009729127885237793,nan,nan,nan,nan
3345,1756792697.550051,,1756792697.550051,False,10.591455918151098,0.1104496422535431,0.31175029406382754,-0.009325206801400166,nan,nan,nan,nan
3346,1756792697.5600336,,1756792697.5600336,False,10.583520451995057,0.12343860323557658,0.2513270534160412,-0.009063346310027823,nan,nan,nan,nan
3347,1756792697.5701132,,1756792697.5701132,False,10.574609460450334,0.13871306125620755,0.19696478772186943,-0.008592548144135287,nan,nan,nan,nan
3348,1756792697.580062,,1756792697.580062,False,10.581014554884689,0.13692540343282253,0.1987930645972655,-0.008989351154703902,nan,nan,nan,nan
3349,1756792697.5900278,,1756792697.5900278,False,10.585900728617979,0.1337539701741812,0.20084670726973783,-0.008726003073758535,nan,nan,nan,nan
3350,1756792697.6000504,,1756792697.6000504,False,10.594935954157348,0.13428627077228947,0.20712805670406614,-0.008449464905783865,nan,nan,nan,nan
3351,1756792697.6100569,,1756792697.6100569,False,10.592307199402317,0.1309907788687754,0.20961203801270462,-0.009059709635606334,nan,nan,nan,nan
3352,1756792697.6200547,,1756792697.6200547,False,10.573695238999303,0.13367176374862336,0.17454620292637987,-0.00823573888173845,nan,nan,nan,nan
3353,1756792697.6300375,,1756792697.6300375,False,10.566013588408872,0.13900142630032916,0.16328092938204566,-0.00784391035795328,nan,nan,nan,nan
3354,1756792697.6400247,,1756792697.6400247,False,10.559164731701173,0.13652608654332526,0.16645938312788797,-0.007575167345145079,nan,nan,nan,nan
3355,1756792697.6500459,,1756792697.6500459,False,10.571411178141684,0.1400229606221979,0.17965772887841863,-0.007976527575785973,nan,nan,nan,nan
3356,1756792697.6600385,,1756792697.6600385,False,10.573101136865969,0.12507493628062005,0.18474728773605592,-0.00822460279150205,nan,nan,nan,nan
3357,1756792697.6700249,,1756792697.6700249,False,10.551105341663174,0.139580451643729,0.12670689630593177,-0.007530517720672397,nan,nan,nan,nan
3358,1756792697.6800723,,1756792697.6800723,False,10.55018919062734,0.1364387400015294,0.11737357680440222,-0.00796501459933376,nan,nan,nan,nan
3359,1756792697.6900249,,1756792697.6900249,False,10.521552603978229,0.1352268395353893,0.05042053678729714,-0.0065738037519965115,nan,nan,nan,nan
3360,1756792697.7000453,,1756792697.7000453,False,10.516931447897456,0.13100736362581053,0.04193014958146855,-0.0074017281766539005,nan,nan,nan,nan
3361,1756792697.7100248,,1756792697.7100248,False,10.527130646283661,0.11341610438619387,0.0500744964558131,-0.006993851946442489,nan,nan,nan,nan
3362,1756792697.7200122,,1756792697.7200122,False,10.506440127288085,0.11634904465573621,0.015480295361008624,-0.006416335159185525,nan,nan,nan,nan
3363,1756792697.7300305,,1756792697.7300305,False,10.496817197797737,0.10487750520170401,-0.011487807017439825,-0.006952712673816996,nan,nan,nan,nan
3364,1756792697.740024,,1756792697.740024,False,10.483053325713257,0.10597214447216537,-0.018442998299293988,-0.00671731810282385,nan,nan,nan,nan
3365,1756792697.7500393,,1756792697.7500393,False,10.44477068712042,0.10062291116607151,-0.08762782425590412,-0.006007008401677733,nan,nan,nan,nan
3366,1756792697.7600393,,1756792697.7600393,False,10.429587356765651,0.08733368904286153,-0.13582428580103564,-0.004474876458143015,nan,nan,nan,nan
3367,1756792697.7703235,,1756792697.7703235,False,10.420925400713346,0.08822597155110208,-0.15043545009478201,-0.004308966439942712,nan,nan,nan,nan
3368,1756792697.7800353,,1756792697.7800353,False,10.425817902742438,0.08291181967280753,-0.13296246498485886,-0.00534433778371595,nan,nan,nan,nan
3369,1756792697.7901938,,1756792697.7901938,False,10.393721249933423,0.0808390115299948,-0.1880220054679919,-0.004098171409710265,nan,nan,nan,nan
3370,1756792697.800035,,1756792697.800035,False,10.356439735215815,0.07428122920384536,-0.2544173026008621,-0.0025396880438549275,nan,nan,nan,nan
3371,1756792697.8106406,,1756792697.8106406,False,10.344705680463063,0.06785595625006785,-0.2544299750236542,-0.0027046700563897073,nan,nan,nan,nan
3372,1756792697.820107,,1756792697.820107,False,10.322150290896227,0.06167627475145419,-0.2712733463393643,-0.002316753568734748,nan,nan,nan,nan
3373,1756792697.830038,,1756792697.830038,False,10.255663935820152,0.07317981991425887,-0.3914155855066413,9.879052455252061e-05,nan,nan,nan,nan
3374,1756792697.8401465,,1756792697.8401465,False,10.24032840688226,0.06172883968562008,-0.39005591633280495,7.15820124624033e-05,nan,nan,nan,nan
3375,1756792697.8515563,,1756792697.8515563,False,10.198966160124934,0.0686579822305534,-0.44343063400962773,0.002040706949044838,nan,nan,nan,nan
3376,1756792697.8601394,,1756792697.8601394,False,10.183241913883068,0.06083474708604853,-0.4600778136971179,0.0017930285940120731,nan,nan,nan,nan
3377,1756792697.8701665,,1756792697.8701665,False,10.192552615750547,0.05488615709913712,-0.45317342234970415,0.0015179301596925958,nan,nan,nan,nan
3378,1756792697.8800123,,1756792697.8800123,False,10.174272419898376,0.049599467512742225,-0.4706636250032985,0.001969277328282115,nan,nan,nan,nan
3379,1756792697.8900156,,1756792697.8900156,False,10.131197350887948,0.05133071015503594,-0.5552025818397864,0.0035503092618821633,nan,nan,nan,nan
3380,1756792697.900088,,1756792697.900088,False,10.117599772197542,0.05269529256451864,-0.590979118086253,0.0040222209914128285,nan,nan,nan,nan
3381,1756792697.9100244,,1756792697.9100244,False,10.083695505251638,0.04417426254417949,-0.6394576167944139,0.004614600504275998,nan,nan,nan,nan
3382,1756792697.920025,,1756792697.920025,False,10.07271334737225,0.030852958102787983,-0.6538036288422738,0.004618692241041503,nan,nan,nan,nan
3383,1756792697.9300199,,1756792697.9300199,False,10.031406072290203,0.028815248703638965,-0.7379772659855212,0.005423722665367551,nan,nan,nan,nan
3384,1756792697.94004,,1756792697.94004,False,10.00204808396479,0.02172964686751857,-0.8091176054710897,0.006244486648379628,nan,nan,nan,nan
3385,1756792697.9500325,,1756792697.9500325,False,9.983047583218585,0.006250415186842019,-0.8158537453707927,0.006615046093868363,nan,nan,nan,nan
3386,1756792697.9600267,,1756792697.9600267,False,9.950962190122661,-0.007857825742708687,-0.8352289631957911,0.006785689810746953,nan,nan,nan,nan
3387,1756792697.9703496,,1756792697.9703496,False,9.928531929172062,-0.003750715279934105,-0.8688134117280772,0.006661692449953994,nan,nan,nan,nan
3388,1756792697.9800441,,1756792697.9800441,False,9.905750178031537,-0.01128076498179909,-0.8563977419155427,0.006203635004039867,nan,nan,nan,nan
3389,1756792697.9903224,,1756792697.9903224,False,9.877034103298035,-0.016926898841114674,-0.9003125488369711,0.006329523654951124,nan,nan,nan,nan
3390,1756792698.0000436,,1756792698.0000436,False,9.831470964091128,-0.025981024208093024,-1.0192556073793655,0.008996851074493445,nan,nan,nan,nan
3391,1756792698.0101824,,1756792698.0101824,False,9.810989703539924,-0.027829381631347093,-0.9744278466010527,0.0077381577695618,nan,nan,nan,nan
3392,1756792698.020161,,1756792698.020161,False,9.847559416550077,-0.02502667405903685,-0.7008324624874176,0.001533667181718527,nan,nan,nan,nan
3393,1756792698.0300589,,1756792698.0300589,False,9.755102710160164,-0.04586215174129071,-1.0285511512763554,0.007921827582333776,nan,nan,nan,nan
3394,1756792698.0400279,,1756792698.0400279,False,9.709716603079038,-0.056482022490500626,-1.2465814189617859,0.011873826470070513,nan,nan,nan,nan
3395,1756792698.050027,,1756792698.050027,False,9.702643971182638,-0.06353420111837299,-1.2046994785306364,0.010434413622348052,nan,nan,nan,nan
3396,1756792698.060042,,1756792698.060042,False,9.669619096241854,-0.08073981549512319,-1.33625892527992,0.011148647285188348,nan,nan,nan,nan
3397,1756792698.0700834,,1756792698.0700834,False,9.66407830770284,-0.0921106499103969,-1.4246854158695899,0.012718387701627728,nan,nan,nan,nan
3398,1756792698.0800261,,1756792698.0800261,False,9.662736756412409,-0.09767404572043581,-1.4160642627437314,0.012019635314691017,nan,nan,nan,nan
3399,1756792698.0900245,,1756792698.0900245,False,9.66081373433883,-0.09534933690068717,-1.4501299135847374,0.011242289605769194,nan,nan,nan,nan
3400,1756792698.1000488,,1756792698.1000488,False,9.660270872967056,-0.10215915332910067,-1.4710676830425669,0.009445421352244212,nan,nan,nan,nan
3401,1756792698.1100688,,1756792698.1100688,False,9.650037045271322,-0.10999903159414562,-1.5100575753464964,0.00995606528599207,nan,nan,nan,nan
3402,1756792698.12,,1756792698.12,False,9.645352500645963,-0.12313531059506282,-1.4968306080382527,0.008365472952685747,nan,nan,nan,nan
3403,1756792698.1300054,,1756792698.1300054,False,9.647926017518529,-0.12786160267627256,-1.4450539332289842,0.007227187291796206,nan,nan,nan,nan
3404,1756792698.1400921,,1756792698.1400921,False,9.64099618028199,-0.1422213873050255,-1.5211543863089987,0.007215355252703254,nan,nan,nan,nan
3405,1756792698.1501703,,1756792698.1501703,False,9.641626662660402,-0.1567482401394718,-1.5809465146763952,0.006695897528789316,nan,nan,nan,nan
3406,1756792698.159977,,1756792698.159977,False,9.646776047270135,-0.16879198316871655,-1.5335037620400638,0.005115972348459353,nan,nan,nan,nan
3407,1756792698.1700587,,1756792698.1700587,False,9.648392595959256,-0.18068823954723492,-1.6103235038089552,0.005100305732100472,nan,nan,nan,nan
3408,1756792698.1800227,,1756792698.1800227,False,9.660455020985577,-0.1975519714964414,-1.641130842169731,0.003728446187805986,nan,nan,nan,nan
3409,1756792698.1900134,,1756792698.1900134,False,9.674571227986723,-0.20250566543191337,-1.6448779738730077,0.0021055673453642594,nan,nan,nan,nan
3410,1756792698.1999989,,1756792698.1999989,False,9.707053060389711,-0.21085171988762139,-1.6715112010688291,0.001346805749579692,nan,nan,nan,nan
3411,1756792698.210041,,1756792698.210041,False,9.729348801235046,-0.20891459533428425,-1.612508144506584,-0.0010666720440087884,nan,nan,nan,nan
3412,1756792698.2203581,,1756792698.2203581,False,9.74164737501848,-0.21308140176420923,-1.5494016564761652,-0.0030784386303242327,nan,nan,nan,nan
3413,1756792698.2300327,,1756792698.2300327,False,9.777273515634494,-0.2158195471001546,-1.5626282298060703,-0.004616660822534642,nan,nan,nan,nan
3414,1756792698.240058,,1756792698.240058,False,9.798800007673195,-0.21962369192384676,-1.513361141767635,-0.006684242832336629,nan,nan,nan,nan
3415,1756792698.2500205,,1756792698.2500205,False,9.826280595958334,-0.22582473072922893,-1.5111107075667713,-0.009096938365148046,nan,nan,nan,nan
3416,1756792698.2600973,,1756792698.2600973,False,9.843910431175644,-0.23003670868977624,-1.5325237722896565,-0.00875834507795066,nan,nan,nan,nan
3417,1756792698.270099,,1756792698.270099,False,9.865546015152889,-0.22362266741494008,-1.4975316563958365,-0.010397474266115396,nan,nan,nan,nan
3418,1756792698.2800214,,1756792698.2800214,False,9.900973194968685,-0.22327159354981585,-1.4968728345276925,-0.011093835629061303,nan,nan,nan,nan
3419,1756792698.2900212,,1756792698.2900212,False,9.939264235539245,-0.23063925785934478,-1.498951501225667,-0.013054116992320204,nan,nan,nan,nan
3420,1756792698.300052,,1756792698.300052,False,9.986455604593045,-0.24646200646528393,-1.5189774934532765,-0.015246240625688924,nan,nan,nan,nan
3421,1756792698.3100278,,1756792698.3100278,False,10.01806566526139,-0.24537740790847615,-1.473607616481967,-0.016926520337705094,nan,nan,nan,nan
3422,1756792698.3200595,,1756792698.3200595,False,10.052987560693337,-0.24685646016748033,-1.4268244057031638,-0.01812339534731391,nan,nan,nan,nan
3423,1756792698.330083,,1756792698.330083,False,10.095034711379475,-0.24149929114118343,-1.39597423590168,-0.019357753693031055,nan,nan,nan,nan
3424,1756792698.3400369,,1756792698.3400369,False,10.118493120499982,-0.24231317222151827,-1.328992818503965,-0.02090113427028673,nan,nan,nan,nan
3425,1756792698.3501353,,1756792698.3501353,False,10.179453012678277,-0.2381046844295589,-1.3505080995390693,-0.022430860096922415,nan,nan,nan,nan
3426,1756792698.3600245,,1756792698.3600245,False,10.214603124389894,-0.24154706075690874,-1.3225856714703774,-0.023754172285462116,nan,nan,nan,nan
3427,1756792698.3701975,,1756792698.3701975,False,10.249562066736184,-0.23451661107701868,-1.2771847522447664,-0.025014779366779517,nan,nan,nan,nan
3428,1756792698.3800862,,1756792698.3800862,False,10.278924203414437,-0.2342776465417762,-1.2152362676716608,-0.025150976394909322,nan,nan,nan,nan
3429,1756792698.3900216,,1756792698.3900216,False,10.292861109825052,-0.22209797589646596,-1.1492907210834382,-0.02574692607558699,nan,nan,nan,nan
3430,1756792698.4000876,,1756792698.4000876,False,10.325999351193984,-0.22427641844246343,-1.10290256644798,-0.02681538446942447,nan,nan,nan,nan
3431,1756792698.4100618,,1756792698.4100618,False,10.355558763182332,-0.22696719400783377,-1.0391801356687531,-0.026877038458859203,nan,nan,nan,nan
3432,1756792698.4200113,,1756792698.4200113,False,10.38810609469713,-0.22516904161374696,-0.9841602970077413,-0.027387681511835644,nan,nan,nan,nan
3433,1756792698.430028,,1756792698.430028,False,10.41459603086901,-0.21974321466548305,-0.8960833763182304,-0.026720510428387252,nan,nan,nan,nan
3434,1756792698.4400406,,1756792698.4400406,False,10.42983332225913,-0.2302035830587351,-0.8248578241781702,-0.026939476511109388,nan,nan,nan,nan
3435,1756792698.4500365,,1756792698.4500365,False,10.453346822338137,-0.23154721167592218,-0.7714508174905177,-0.026090233391162964,nan,nan,nan,nan
3436,1756792698.460066,,1756792698.460066,False,10.471474929673569,-0.24795141472906554,-0.7202960681503724,-0.025833888732918017,nan,nan,nan,nan
3437,1756792698.4700515,,1756792698.4700515,False,10.450663995714269,-0.24732446669847663,-0.5992409527289397,-0.025136252991080712,nan,nan,nan,nan
3438,1756792698.4800432,,1756792698.4800432,False,10.449139357024025,-0.2535269748674926,-0.528212978976775,-0.024131691877022805,nan,nan,nan,nan
3439,1756792698.4900334,,1756792698.4900334,False,10.44996057263965,-0.24420116923520718,-0.41688856701462346,-0.022621470886871706,nan,nan,nan,nan
3440,1756792698.50002,,1756792698.50002,False,10.442152172111868,-0.2548399240229152,-0.34680554193402346,-0.020814215865998454,nan,nan,nan,nan
3441,1756792698.5100312,,1756792698.5100312,False,10.417023529524318,-0.2620917540499196,-0.2531478110880627,-0.01906820277932463,nan,nan,nan,nan
3442,1756792698.5200803,,1756792698.5200803,False,10.40811929554853,-0.2715152668441052,-0.18011593995940597,-0.01872706602233595,nan,nan,nan,nan
3443,1756792698.530029,,1756792698.530029,False,10.38786464009402,-0.26685275669767133,-0.08352079894127921,-0.01606835532746795,nan,nan,nan,nan
3444,1756792698.5400152,,1756792698.5400152,False,10.368541376112015,-0.25993907584343007,0.009162133061790086,-0.014982322532020217,nan,nan,nan,nan
3445,1756792698.5500274,,1756792698.5500274,False,10.340407320418198,-0.2702719646066041,0.08162993703116223,-0.012368782765527902,nan,nan,nan,nan
3446,1756792698.5600226,,1756792698.5600226,False,10.32119863170863,-0.26973795951620483,0.17901356151538197,-0.010663344467194292,nan,nan,nan,nan
3447,1756792698.5700321,,1756792698.5700321,False,10.299780049915281,-0.2677379019181559,0.2681576833098228,-0.009160921546094953,nan,nan,nan,nan
3448,1756792698.5800614,,1756792698.5800614,False,10.265642528298892,-0.2796937421909382,0.3515899900170766,-0.006325978291959942,nan,nan,nan,nan
3449,1756792698.5900156,,1756792698.5900156,False,10.246080798595983,-0.2762825800277929,0.43617889984772173,-0.0038622220077878535,nan,nan,nan,nan
3450,1756792698.6000264,,1756792698.6000264,False,10.218664023394247,-0.27138048687740746,0.5174936788830388,-0.0014691522742076215,nan,nan,nan,nan
3451,1756792698.6100256,,1756792698.6100256,False,10.193512564161054,-0.2770187440208319,0.6114226693696972,0.0014859026089217254,nan,nan,nan,nan
3452,1756792698.6200233,,1756792698.6200233,False,10.16920303046782,-0.27413313197385536,0.6939710037397075,0.004869221709762578,nan,nan,nan,nan
3453,1756792698.6300159,,1756792698.6300159,False,10.139981904806056,-0.26987170648135633,0.7577869648816982,0.006935748718003653,nan,nan,nan,nan
3454,1756792698.640074,,1756792698.640074,False,10.0802965150261,-0.2824185012662931,0.8679188826799655,0.011471183955655426,nan,nan,nan,nan
3455,1756792698.6500328,,1756792698.6500328,False,10.057941404482024,-0.2785297310016533,0.9481956989403373,0.014763481585658414,nan,nan,nan,nan
3456,1756792698.6600268,,1756792698.6600268,False,10.032041337339653,-0.2626179239781677,1.0044624474653703,0.016801529499507452,nan,nan,nan,nan
3457,1756792698.6700568,,1756792698.6700568,False,10.009193115703784,-0.26541021230880557,1.0804718291303426,0.020180707345247264,nan,nan,nan,nan
3458,1756792698.680027,,1756792698.680027,False,9.968791705127686,-0.27795988690518414,1.1646966784384978,0.024120778889285564,nan,nan,nan,nan
3459,1756792698.6900227,,1756792698.6900227,False,9.93082999562515,-0.27849293485706966,1.2499783491100942,0.02756702886260528,nan,nan,nan,nan
3460,1756792698.7000327,,1756792698.7000327,False,9.90230019532604,-0.2871101976325496,1.3496077817603764,0.03156561349858176,nan,nan,nan,nan
3461,1756792698.7100184,,1756792698.7100184,False,9.882021930731336,-0.2875570750723718,1.4156784856570441,0.034039885064044616,nan,nan,nan,nan
3462,1756792698.7200027,,1756792698.7200027,False,9.865134838551167,-0.28089008924550785,1.4412129068058057,0.0360085433195586,nan,nan,nan,nan
3463,1756792698.7301512,,1756792698.7301512,False,9.83354695053467,-0.2907629965972598,1.525312022553373,0.04032442467283305,nan,nan,nan,nan
3464,1756792698.740125,,1756792698.740125,False,9.82096536593277,-0.280576414358699,1.5287643129095314,0.04141642102157986,nan,nan,nan,nan
3465,1756792698.750026,,1756792698.750026,False,9.780566509519307,-0.29361124015360074,1.6360389824165564,0.04699109099439766,nan,nan,nan,nan
3466,1756792698.7600377,,1756792698.7600377,False,9.750684955269078,-0.28822589456839404,1.7098722845196046,0.0502271134512452,nan,nan,nan,nan
3467,1756792698.7700248,,1756792698.7700248,False,9.726523315844878,-0.2789079183640702,1.7548990798070896,0.05316951719334533,nan,nan,nan,nan
3468,1756792698.7800312,,1756792698.7800312,False,9.701182660645676,-0.27322567655376745,1.8291098106746804,0.05716335974966519,nan,nan,nan,nan
3469,1756792698.7900274,,1756792698.7900274,False,9.691335446897728,-0.2640628688940793,1.8579404352720574,0.059158983623733556,nan,nan,nan,nan
3470,1756792698.80007,,1756792698.80007,False,9.693087694773823,-0.26896662498447466,1.8910843929131629,0.06101759133444411,nan,nan,nan,nan
3471,1756792698.8100348,,1756792698.8100348,False,9.686614809446782,-0.2552578686007616,1.8921714934479945,0.06240998757217249,nan,nan,nan,nan
3472,1756792698.8200126,,1756792698.8200126,False,9.6759903556584,-0.2478834871285473,1.9626844263061793,0.06610127317564507,nan,nan,nan,nan
3473,1756792698.8300169,,1756792698.8300169,False,9.685662719976587,-0.24922622586316756,1.9650303021479214,0.06827505441106559,nan,nan,nan,nan
3474,1756792698.8400304,,1756792698.8400304,False,9.680305432047811,-0.24259978996480075,1.9769678811588927,0.06950720471720331,nan,nan,nan,nan
3475,1756792698.850046,,1756792698.850046,False,9.685581416187178,-0.2310525579128218,2.060630070664111,0.0739714533003964,nan,nan,nan,nan
3476,1756792698.860012,,1756792698.860012,False,9.694172211250024,-0.2238897986906012,2.058443170491805,0.07578138991811377,nan,nan,nan,nan
3477,1756792698.8700585,,1756792698.8700585,False,9.704618166333978,-0.21070438471843048,2.0455446877506307,0.07585890646053262,nan,nan,nan,nan
3478,1756792698.8800263,,1756792698.8800263,False,9.718137743586984,-0.1986272710741281,2.010773234646739,0.0766577022481203,nan,nan,nan,nan
3479,1756792698.8900151,,1756792698.8900151,False,9.730143249979697,-0.17781445779652388,2.007229342236263,0.07834520308727444,nan,nan,nan,nan
3480,1756792698.9000664,,1756792698.9000664,False,9.761280409313855,-0.17336095413148803,1.9865837330639935,0.07956985637826346,nan,nan,nan,nan
3481,1756792698.9100144,,1756792698.9100144,False,9.775531586509299,-0.15850951635339566,1.876359868095547,0.07608407500809224,nan,nan,nan,nan
3482,1756792698.9200156,,1756792698.9200156,False,9.805592812773863,-0.13708678507198813,1.8771789148466815,0.07792854133003632,nan,nan,nan,nan
3483,1756792698.93008,,1756792698.93008,False,9.814642655608436,-0.11951567582630622,1.7962626887609785,0.07544778543804143,nan,nan,nan,nan
3484,1756792698.940031,,1756792698.940031,False,9.820390447139904,-0.0827950075378712,1.7193785070199834,0.07300588871356632,nan,nan,nan,nan
3485,1756792698.950029,,1756792698.950029,False,9.844377969744006,-0.06477710823590417,1.6626731109963744,0.0723951318927514,nan,nan,nan,nan
3486,1756792698.9600174,,1756792698.9600174,False,9.855404466440035,-0.04012973284464975,1.6031606828601785,0.07053288587648587,nan,nan,nan,nan
3487,1756792698.9700155,,1756792698.9700155,False,9.866813315352035,-0.02653181844463245,1.5207147832764507,0.067772895957999,nan,nan,nan,nan
3488,1756792698.9800303,,1756792698.9800303,False,9.88630613122347,-0.014102711965052145,1.4377534759064448,0.06509644398248705,nan,nan,nan,nan
3489,1756792698.9900491,,1756792698.9900491,False,9.895546225616497,-0.012008038477482781,1.2784875200755903,0.05977480381928129,nan,nan,nan,nan
3490,1756792699.000102,,1756792699.000102,False,9.892631306440284,0.015809975399170118,1.1656925888815357,0.053876436255883176,nan,nan,nan,nan
3491,1756792699.010024,,1756792699.010024,False,9.90319645599167,0.04104477896823983,1.0678681398792944,0.04980318066970721,nan,nan,nan,nan
3492,1756792699.0200574,,1756792699.0200574,False,9.91883803822009,0.06248502004811248,1.0053836766283946,0.04717231136817472,nan,nan,nan,nan
3493,1756792699.0300333,,1756792699.0300333,False,9.906399964030442,0.0991280181478701,0.8990591141055518,0.04228424466405872,nan,nan,nan,nan
3494,1756792699.0400498,,1756792699.0400498,False,9.894777568660865,0.11836520769734096,0.7336088471859602,0.03493864408125177,nan,nan,nan,nan
3495,1756792699.0500252,,1756792699.0500252,False,9.901343977527947,0.1542208025245041,0.6721613644344542,0.031024254799988882,nan,nan,nan,nan
3496,1756792699.0600173,,1756792699.0600173,False,9.881974841466565,0.1585509740996053,0.4945458918281489,0.025192117352844552,nan,nan,nan,nan
3497,1756792699.0706804,,1756792699.0706804,False,9.872663331384382,0.18637268163170098,0.3561984185759484,0.018729799772763824,nan,nan,nan,nan
3498,1756792699.0800164,,1756792699.0800164,False,9.886822242189988,0.21706511214461285,0.28760665125480744,0.014729805875441291,nan,nan,nan,nan
3499,1756792699.0900176,,1756792699.0900176,False,9.897788495158993,0.23858150942093334,0.16673440507177412,0.009488486133588828,nan,nan,nan,nan
3500,1756792699.1000893,,1756792699.1000893,False,9.892930444425527,0.26265440449343674,0.055250430989330135,0.004069884882212831,nan,nan,nan,nan
3501,1756792699.1100109,,1756792699.1100109,False,9.882933100284683,0.2882067827718824,-0.07277103729866666,-0.0015229361731194308,nan,nan,nan,nan
3502,1756792699.1200147,,1756792699.1200147,False,9.886854115716524,0.289893628023932,-0.1861041947110754,-0.005946890712297675,nan,nan,nan,nan
3503,1756792699.1300135,,1756792699.1300135,False,9.882122490490236,0.3063761803376764,-0.31067663440480336,-0.010095312250543425,nan,nan,nan,nan
3504,1756792699.140011,,1756792699.140011,False,9.88109774321144,0.32709850578360505,-0.4174260088858227,-0.013749738830112048,nan,nan,nan,nan
3505,1756792699.1502614,,1756792699.1502614,False,9.887294817576382,0.3506992410777017,-0.4988495293691064,-0.01647339108535379,nan,nan,nan,nan
3506,1756792699.160015,,1756792699.160015,False,9.899619544711733,0.361451405121212,-0.6011398285601944,-0.01991044809443001,nan,nan,nan,nan
3507,1756792699.170015,,1756792699.170015,False,9.910749279729595,0.3782174043600928,-0.66388605159803,-0.021742619439195792,nan,nan,nan,nan
3508,1756792699.1800234,,1756792699.1800234,False,9.930045221402448,0.39224486711238893,-0.7644684990674122,-0.024277263891186146,nan,nan,nan,nan
3509,1756792699.190167,,1756792699.190167,False,9.938630313232077,0.41105948811513504,-0.8383627658309911,-0.02688374997573682,nan,nan,nan,nan
3510,1756792699.200219,,1756792699.200219,False,9.952639541769134,0.4336857142635781,-0.9040419868267011,-0.02789728766973601,nan,nan,nan,nan
3511,1756792699.2100117,,1756792699.2100117,False,9.96559433425372,0.47161582188825,-0.935073928498728,-0.02860267612690501,nan,nan,nan,nan
3512,1756792699.22009,,1756792699.22009,False,9.979165690682265,0.48621373310624694,-0.9694330799399662,-0.028809390298721607,nan,nan,nan,nan
3513,1756792699.2300386,,1756792699.2300386,False,10.000167919815297,0.5189427118655472,-1.0100008139644083,-0.028877649156814626,nan,nan,nan,nan
3514,1756792699.2400165,,1756792699.2400165,False,10.019961804382216,0.5350453752759056,-1.0420138546559208,-0.02831839051039562,nan,nan,nan,nan
3515,1756792699.2500358,,1756792699.2500358,False,10.048985536276724,0.5389581111028113,-1.0763563191847019,-0.027188459221283448,nan,nan,nan,nan
3516,1756792699.260013,,1756792699.260013,False,10.073641493534556,0.5575487322696749,-1.0830247708327037,-0.026936848398011835,nan,nan,nan,nan
3517,1756792699.2701657,,1756792699.2701657,False,10.09929427739576,0.5750520774332283,-1.1044140478866136,-0.026194741837832627,nan,nan,nan,nan
3518,1756792699.2800143,,1756792699.2800143,False,10.128861249195095,0.6104305997914817,-1.1061183185522254,-0.023310602328020572,nan,nan,nan,nan
3519,1756792699.2900403,,1756792699.2900403,False,10.144625039102083,0.6559189914164183,-1.093829910029126,-0.021676486410938143,nan,nan,nan,nan
3520,1756792699.3000264,,1756792699.3000264,False,10.175419994127022,0.6658041920711304,-1.0805594121679996,-0.01887687905004256,nan,nan,nan,nan
3521,1756792699.3100245,,1756792699.3100245,False,10.206816289526394,0.7001433945878643,-1.048082583648954,-0.01810141396323246,nan,nan,nan,nan
3522,1756792699.3204513,,1756792699.3204513,False,10.244854029375947,0.7040953801838401,-1.0331153956846308,-0.01592491407764017,nan,nan,nan,nan
3523,1756792699.3300776,,1756792699.3300776,False,10.262225959681949,0.7693839439379399,-1.0164123030384222,-0.015908420702201984,nan,nan,nan,nan
3524,1756792699.3400068,,1756792699.3400068,False,10.30674018994001,0.7463135923203031,-0.9965791901258166,-0.012278939133886026,nan,nan,nan,nan
3525,1756792699.352939,,1756792699.352939,False,10.366742905996484,0.7793323855709363,-1.0065931315516201,-0.008921886734685525,nan,nan,nan,nan
3526,1756792699.3600197,,1756792699.3600197,False,10.384891879782218,0.7750569747880698,-0.9415738014878323,-0.007905796946067606,nan,nan,nan,nan
3527,1756792699.3699932,,1756792699.3699932,False,10.421780151830871,0.8046735271058654,-0.9204896635938091,-0.007279491619334366,nan,nan,nan,nan
3528,1756792699.380019,,1756792699.380019,False,10.458003106118207,0.8287343496675843,-0.9018187049814157,-0.004581648640482289,nan,nan,nan,nan
3529,1756792699.390003,,1756792699.390003,False,10.480229370322826,0.8512949596720457,-0.8221694730618213,-0.0030595504455238434,nan,nan,nan,nan
3530,1756792699.400042,,1756792699.400042,False,10.51026531460024,0.8782164503799639,-0.7883321164717056,-0.0020305672516415,nan,nan,nan,nan
3531,1756792699.4100301,,1756792699.4100301,False,10.525047534768104,0.8861472208890435,-0.7219825888730914,-0.0008899419443350521,nan,nan,nan,nan
3532,1756792699.4200492,,1756792699.4200492,False,10.541354671654284,0.8980441674677527,-0.675161117290209,-0.0010139724683791756,nan,nan,nan,nan
3533,1756792699.4300225,,1756792699.4300225,False,10.568159883816763,0.9251262685487882,-0.6259646193037728,-0.0003315764863392641,nan,nan,nan,nan
3534,1756792699.440053,,1756792699.440053,False,10.592508366702006,0.923346307549687,-0.5620619029722203,-1.1537024461105989e-05,nan,nan,nan,nan
3535,1756792699.450032,,1756792699.450032,False,10.62891285625111,0.900803988131218,-0.5404630593384863,0.0018073064200379927,nan,nan,nan,nan
3536,1756792699.460035,,1756792699.460035,False,10.615642669199273,0.9398369605780461,-0.4583618625097814,0.000654592732502784,nan,nan,nan,nan
3537,1756792699.4700572,,1756792699.4700572,False,10.613440007281408,0.9895906552476551,-0.36458451333469527,-0.0010026760180254458,nan,nan,nan,nan
3482,1756792698.9200156,,1756792698.9200156,False,9.805592812773863,-0.13708678507198813,1.8771789148466815,0.07792854133003632,nan,nan,nan,nan
3483,1756792698.93008,,1756792698.93008,False,9.814642655608436,-0.11951567582630622,1.7962626887609785,0.07544778543804143,nan,nan,nan,nan
3484,1756792698.940031,,1756792698.940031,False,9.820390447139904,-0.0827950075378712,1.7193785070199834,0.07300588871356632,nan,nan,nan,nan
3485,1756792698.950029,,1756792698.950029,False,9.844377969744006,-0.06477710823590417,1.6626731109963744,0.0723951318927514,nan,nan,nan,nan
3486,1756792698.9600174,,1756792698.9600174,False,9.855404466440035,-0.04012973284464975,1.6031606828601785,0.07053288587648587,nan,nan,nan,nan
3487,1756792698.9700155,,1756792698.9700155,False,9.866813315352035,-0.02653181844463245,1.5207147832764507,0.067772895957999,nan,nan,nan,nan
3488,1756792698.9800303,,1756792698.9800303,False,9.88630613122347,-0.014102711965052145,1.4377534759064448,0.06509644398248705,nan,nan,nan,nan
3489,1756792698.9900491,,1756792698.9900491,False,9.895546225616497,-0.012008038477482781,1.2784875200755903,0.05977480381928129,nan,nan,nan,nan
3490,1756792699.000102,,1756792699.000102,False,9.892631306440284,0.015809975399170118,1.1656925888815357,0.053876436255883176,nan,nan,nan,nan
3491,1756792699.010024,,1756792699.010024,False,9.90319645599167,0.04104477896823983,1.0678681398792944,0.04980318066970721,nan,nan,nan,nan
3492,1756792699.0200574,,1756792699.0200574,False,9.91883803822009,0.06248502004811248,1.0053836766283946,0.04717231136817472,nan,nan,nan,nan
3493,1756792699.0300333,,1756792699.0300333,False,9.906399964030442,0.0991280181478701,0.8990591141055518,0.04228424466405872,nan,nan,nan,nan
3494,1756792699.0400498,,1756792699.0400498,False,9.894777568660865,0.11836520769734096,0.7336088471859602,0.03493864408125177,nan,nan,nan,nan
3495,1756792699.0500252,,1756792699.0500252,False,9.901343977527947,0.1542208025245041,0.6721613644344542,0.031024254799988882,nan,nan,nan,nan
3496,1756792699.0600173,,1756792699.0600173,False,9.881974841466565,0.1585509740996053,0.4945458918281489,0.025192117352844552,nan,nan,nan,nan
3497,1756792699.0706804,,1756792699.0706804,False,9.872663331384382,0.18637268163170098,0.3561984185759484,0.018729799772763824,nan,nan,nan,nan
3498,1756792699.0800164,,1756792699.0800164,False,9.886822242189988,0.21706511214461285,0.28760665125480744,0.014729805875441291,nan,nan,nan,nan
3499,1756792699.0900176,,1756792699.0900176,False,9.897788495158993,0.23858150942093334,0.16673440507177412,0.009488486133588828,nan,nan,nan,nan
3500,1756792699.1000893,,1756792699.1000893,False,9.892930444425527,0.26265440449343674,0.055250430989330135,0.004069884882212831,nan,nan,nan,nan
3501,1756792699.1100109,,1756792699.1100109,False,9.882933100284683,0.2882067827718824,-0.07277103729866666,-0.0015229361731194308,nan,nan,nan,nan
3502,1756792699.1200147,,1756792699.1200147,False,9.886854115716524,0.289893628023932,-0.1861041947110754,-0.005946890712297675,nan,nan,nan,nan
3503,1756792699.1300135,,1756792699.1300135,False,9.882122490490236,0.3063761803376764,-0.31067663440480336,-0.010095312250543425,nan,nan,nan,nan
3504,1756792699.140011,,1756792699.140011,False,9.88109774321144,0.32709850578360505,-0.4174260088858227,-0.013749738830112048,nan,nan,nan,nan
3505,1756792699.1502614,,1756792699.1502614,False,9.887294817576382,0.3506992410777017,-0.4988495293691064,-0.01647339108535379,nan,nan,nan,nan
3506,1756792699.160015,,1756792699.160015,False,9.899619544711733,0.361451405121212,-0.6011398285601944,-0.01991044809443001,nan,nan,nan,nan
3507,1756792699.170015,,1756792699.170015,False,9.910749279729595,0.3782174043600928,-0.66388605159803,-0.021742619439195792,nan,nan,nan,nan
3508,1756792699.1800234,,1756792699.1800234,False,9.930045221402448,0.39224486711238893,-0.7644684990674122,-0.024277263891186146,nan,nan,nan,nan
3509,1756792699.190167,,1756792699.190167,False,9.938630313232077,0.41105948811513504,-0.8383627658309911,-0.02688374997573682,nan,nan,nan,nan
3510,1756792699.200219,,1756792699.200219,False,9.952639541769134,0.4336857142635781,-0.9040419868267011,-0.02789728766973601,nan,nan,nan,nan
3511,1756792699.2100117,,1756792699.2100117,False,9.96559433425372,0.47161582188825,-0.935073928498728,-0.02860267612690501,nan,nan,nan,nan
3512,1756792699.22009,,1756792699.22009,False,9.979165690682265,0.48621373310624694,-0.9694330799399662,-0.028809390298721607,nan,nan,nan,nan
3513,1756792699.2300386,,1756792699.2300386,False,10.000167919815297,0.5189427118655472,-1.0100008139644083,-0.028877649156814626,nan,nan,nan,nan
3514,1756792699.2400165,,1756792699.2400165,False,10.019961804382216,0.5350453752759056,-1.0420138546559208,-0.02831839051039562,nan,nan,nan,nan
3515,1756792699.2500358,,1756792699.2500358,False,10.048985536276724,0.5389581111028113,-1.0763563191847019,-0.027188459221283448,nan,nan,nan,nan
3516,1756792699.260013,,1756792699.260013,False,10.073641493534556,0.5575487322696749,-1.0830247708327037,-0.026936848398011835,nan,nan,nan,nan
3517,1756792699.2701657,,1756792699.2701657,False,10.09929427739576,0.5750520774332283,-1.1044140478866136,-0.026194741837832627,nan,nan,nan,nan
3518,1756792699.2800143,,1756792699.2800143,False,10.128861249195095,0.6104305997914817,-1.1061183185522254,-0.023310602328020572,nan,nan,nan,nan
3519,1756792699.2900403,,1756792699.2900403,False,10.144625039102083,0.6559189914164183,-1.093829910029126,-0.021676486410938143,nan,nan,nan,nan
3520,1756792699.3000264,,1756792699.3000264,False,10.175419994127022,0.6658041920711304,-1.0805594121679996,-0.01887687905004256,nan,nan,nan,nan
3521,1756792699.3100245,,1756792699.3100245,False,10.206816289526394,0.7001433945878643,-1.048082583648954,-0.01810141396323246,nan,nan,nan,nan
3522,1756792699.3204513,,1756792699.3204513,False,10.244854029375947,0.7040953801838401,-1.0331153956846308,-0.01592491407764017,nan,nan,nan,nan
3523,1756792699.3300776,,1756792699.3300776,False,10.262225959681949,0.7693839439379399,-1.0164123030384222,-0.015908420702201984,nan,nan,nan,nan
3524,1756792699.3400068,,1756792699.3400068,False,10.30674018994001,0.7463135923203031,-0.9965791901258166,-0.012278939133886026,nan,nan,nan,nan
3525,1756792699.352939,,1756792699.352939,False,10.366742905996484,0.7793323855709363,-1.0065931315516201,-0.008921886734685525,nan,nan,nan,nan
3526,1756792699.3600197,,1756792699.3600197,False,10.384891879782218,0.7750569747880698,-0.9415738014878323,-0.007905796946067606,nan,nan,nan,nan
3527,1756792699.3699932,,1756792699.3699932,False,10.421780151830871,0.8046735271058654,-0.9204896635938091,-0.007279491619334366,nan,nan,nan,nan
3528,1756792699.380019,,1756792699.380019,False,10.458003106118207,0.8287343496675843,-0.9018187049814157,-0.004581648640482289,nan,nan,nan,nan
3529,1756792699.390003,,1756792699.390003,False,10.480229370322826,0.8512949596720457,-0.8221694730618213,-0.0030595504455238434,nan,nan,nan,nan
3530,1756792699.400042,,1756792699.400042,False,10.51026531460024,0.8782164503799639,-0.7883321164717056,-0.0020305672516415,nan,nan,nan,nan
3531,1756792699.4100301,,1756792699.4100301,False,10.525047534768104,0.8861472208890435,-0.7219825888730914,-0.0008899419443350521,nan,nan,nan,nan
3532,1756792699.4200492,,1756792699.4200492,False,10.541354671654284,0.8980441674677527,-0.675161117290209,-0.0010139724683791756,nan,nan,nan,nan
3533,1756792699.4300225,,1756792699.4300225,False,10.568159883816763,0.9251262685487882,-0.6259646193037728,-0.0003315764863392641,nan,nan,nan,nan
3534,1756792699.440053,,1756792699.440053,False,10.592508366702006,0.923346307549687,-0.5620619029722203,-1.1537024461105989e-05,nan,nan,nan,nan
3535,1756792699.450032,,1756792699.450032,False,10.62891285625111,0.900803988131218,-0.5404630593384863,0.0018073064200379927,nan,nan,nan,nan
3536,1756792699.460035,,1756792699.460035,False,10.615642669199273,0.9398369605780461,-0.4583618625097814,0.000654592732502784,nan,nan,nan,nan
3537,1756792699.4700572,,1756792699.4700572,False,10.613440007281408,0.9895906552476551,-0.36458451333469527,-0.0010026760180254458,nan,nan,nan,nan
3538,1756792699.4800298,,1756792699.4800298,False,10.627107034264203,0.9757151250368,-0.3189079721115005,-0.0012299161811516388,nan,nan,nan,nan
3539,1756792699.4900117,,1756792699.4900117,False,10.624149246928331,1.0030511097421433,-0.2582894500853592,-0.00434305499659699,nan,nan,nan,nan
3540,1756792699.500028,,1756792699.500028,False,10.635311523162441,1.0286505902545724,-0.18203080603228483,-0.005856863105049405,nan,nan,nan,nan
3541,1756792699.510048,,1756792699.510048,False,10.642807281242918,1.0241664999061553,-0.12419743315884339,-0.008856679709761455,nan,nan,nan,nan
3542,1756792699.5200348,,1756792699.5200348,False,10.655739411100992,1.0576003339137572,-0.052096275565152415,-0.01243419819579365,nan,nan,nan,nan
3543,1756792699.5300326,,1756792699.5300326,False,10.65394397100739,1.0632836718508916,0.027126547626710202,-0.01676045823186454,nan,nan,nan,nan
3544,1756792699.5400243,,1756792699.5400243,False,10.68871352835707,1.0372074675581773,0.0438213379888185,-0.01845088998835753,nan,nan,nan,nan
3545,1756792699.550118,,1756792699.550118,False,10.692593587541664,1.0677851370623717,0.10413523336177861,-0.022429424340824445,nan,nan,nan,nan
3546,1756792699.560055,,1756792699.560055,False,10.694967047835249,1.0684359662149494,0.1654031792787535,-0.02657095272715111,nan,nan,nan,nan
3547,1756792699.5700703,,1756792699.5700703,False,10.77035394761637,1.0225360660432958,0.08760761821551659,-0.020982113991181602,nan,nan,nan,nan
3548,1756792699.5800624,,1756792699.5800624,False,10.728785109591083,1.0712546054434902,0.2620866639096825,-0.036417083057256876,nan,nan,nan,nan
3549,1756792699.590043,,1756792699.590043,False,10.722016545910046,1.1101588550049066,0.3479237264007095,-0.045477074802232655,nan,nan,nan,nan
3550,1756792699.6000369,,1756792699.6000369,False,10.739781942171142,1.1169039622905768,0.3989694563480312,-0.05161020857102809,nan,nan,nan,nan
3551,1756792699.610038,,1756792699.610038,False,10.758935085835791,1.1076570363420715,0.4326724913272226,-0.05635106116076651,nan,nan,nan,nan
3552,1756792699.620032,,1756792699.620032,False,10.763705339178612,1.0818452638724019,0.474318771973908,-0.06116809978040303,nan,nan,nan,nan
3482,1756792698.9200156,,1756792698.9200156,False,9.805592812773863,-0.13708678507198813,1.8771789148466815,0.07792854133003632,nan,nan,nan,nan
3483,1756792698.93008,,1756792698.93008,False,9.814642655608436,-0.11951567582630622,1.7962626887609785,0.07544778543804143,nan,nan,nan,nan
3484,1756792698.940031,,1756792698.940031,False,9.820390447139904,-0.0827950075378712,1.7193785070199834,0.07300588871356632,nan,nan,nan,nan
3485,1756792698.950029,,1756792698.950029,False,9.844377969744006,-0.06477710823590417,1.6626731109963744,0.0723951318927514,nan,nan,nan,nan
3486,1756792698.9600174,,1756792698.9600174,False,9.855404466440035,-0.04012973284464975,1.6031606828601785,0.07053288587648587,nan,nan,nan,nan
3487,1756792698.9700155,,1756792698.9700155,False,9.866813315352035,-0.02653181844463245,1.5207147832764507,0.067772895957999,nan,nan,nan,nan
3488,1756792698.9800303,,1756792698.9800303,False,9.88630613122347,-0.014102711965052145,1.4377534759064448,0.06509644398248705,nan,nan,nan,nan
3489,1756792698.9900491,,1756792698.9900491,False,9.895546225616497,-0.012008038477482781,1.2784875200755903,0.05977480381928129,nan,nan,nan,nan
3490,1756792699.000102,,1756792699.000102,False,9.892631306440284,0.015809975399170118,1.1656925888815357,0.053876436255883176,nan,nan,nan,nan
3491,1756792699.010024,,1756792699.010024,False,9.90319645599167,0.04104477896823983,1.0678681398792944,0.04980318066970721,nan,nan,nan,nan
3492,1756792699.0200574,,1756792699.0200574,False,9.91883803822009,0.06248502004811248,1.0053836766283946,0.04717231136817472,nan,nan,nan,nan
3493,1756792699.0300333,,1756792699.0300333,False,9.906399964030442,0.0991280181478701,0.8990591141055518,0.04228424466405872,nan,nan,nan,nan
3494,1756792699.0400498,,1756792699.0400498,False,9.894777568660865,0.11836520769734096,0.7336088471859602,0.03493864408125177,nan,nan,nan,nan
3495,1756792699.0500252,,1756792699.0500252,False,9.901343977527947,0.1542208025245041,0.6721613644344542,0.031024254799988882,nan,nan,nan,nan
3496,1756792699.0600173,,1756792699.0600173,False,9.881974841466565,0.1585509740996053,0.4945458918281489,0.025192117352844552,nan,nan,nan,nan
3497,1756792699.0706804,,1756792699.0706804,False,9.872663331384382,0.18637268163170098,0.3561984185759484,0.018729799772763824,nan,nan,nan,nan
3498,1756792699.0800164,,1756792699.0800164,False,9.886822242189988,0.21706511214461285,0.28760665125480744,0.014729805875441291,nan,nan,nan,nan
3499,1756792699.0900176,,1756792699.0900176,False,9.897788495158993,0.23858150942093334,0.16673440507177412,0.009488486133588828,nan,nan,nan,nan
3500,1756792699.1000893,,1756792699.1000893,False,9.892930444425527,0.26265440449343674,0.055250430989330135,0.004069884882212831,nan,nan,nan,nan
3501,1756792699.1100109,,1756792699.1100109,False,9.882933100284683,0.2882067827718824,-0.07277103729866666,-0.0015229361731194308,nan,nan,nan,nan
3502,1756792699.1200147,,1756792699.1200147,False,9.886854115716524,0.289893628023932,-0.1861041947110754,-0.005946890712297675,nan,nan,nan,nan
3503,1756792699.1300135,,1756792699.1300135,False,9.882122490490236,0.3063761803376764,-0.31067663440480336,-0.010095312250543425,nan,nan,nan,nan
3504,1756792699.140011,,1756792699.140011,False,9.88109774321144,0.32709850578360505,-0.4174260088858227,-0.013749738830112048,nan,nan,nan,nan
3505,1756792699.1502614,,1756792699.1502614,False,9.887294817576382,0.3506992410777017,-0.4988495293691064,-0.01647339108535379,nan,nan,nan,nan
3506,1756792699.160015,,1756792699.160015,False,9.899619544711733,0.361451405121212,-0.6011398285601944,-0.01991044809443001,nan,nan,nan,nan
3507,1756792699.170015,,1756792699.170015,False,9.910749279729595,0.3782174043600928,-0.66388605159803,-0.021742619439195792,nan,nan,nan,nan
3508,1756792699.1800234,,1756792699.1800234,False,9.930045221402448,0.39224486711238893,-0.7644684990674122,-0.024277263891186146,nan,nan,nan,nan
3509,1756792699.190167,,1756792699.190167,False,9.938630313232077,0.41105948811513504,-0.8383627658309911,-0.02688374997573682,nan,nan,nan,nan
3510,1756792699.200219,,1756792699.200219,False,9.952639541769134,0.4336857142635781,-0.9040419868267011,-0.02789728766973601,nan,nan,nan,nan
3511,1756792699.2100117,,1756792699.2100117,False,9.96559433425372,0.47161582188825,-0.935073928498728,-0.02860267612690501,nan,nan,nan,nan
3512,1756792699.22009,,1756792699.22009,False,9.979165690682265,0.48621373310624694,-0.9694330799399662,-0.028809390298721607,nan,nan,nan,nan
3513,1756792699.2300386,,1756792699.2300386,False,10.000167919815297,0.5189427118655472,-1.0100008139644083,-0.028877649156814626,nan,nan,nan,nan
3514,1756792699.2400165,,1756792699.2400165,False,10.019961804382216,0.5350453752759056,-1.0420138546559208,-0.02831839051039562,nan,nan,nan,nan
3515,1756792699.2500358,,1756792699.2500358,False,10.048985536276724,0.5389581111028113,-1.0763563191847019,-0.027188459221283448,nan,nan,nan,nan
3516,1756792699.260013,,1756792699.260013,False,10.073641493534556,0.5575487322696749,-1.0830247708327037,-0.026936848398011835,nan,nan,nan,nan
3517,1756792699.2701657,,1756792699.2701657,False,10.09929427739576,0.5750520774332283,-1.1044140478866136,-0.026194741837832627,nan,nan,nan,nan
3518,1756792699.2800143,,1756792699.2800143,False,10.128861249195095,0.6104305997914817,-1.1061183185522254,-0.023310602328020572,nan,nan,nan,nan
3519,1756792699.2900403,,1756792699.2900403,False,10.144625039102083,0.6559189914164183,-1.093829910029126,-0.021676486410938143,nan,nan,nan,nan
3520,1756792699.3000264,,1756792699.3000264,False,10.175419994127022,0.6658041920711304,-1.0805594121679996,-0.01887687905004256,nan,nan,nan,nan
3521,1756792699.3100245,,1756792699.3100245,False,10.206816289526394,0.7001433945878643,-1.048082583648954,-0.01810141396323246,nan,nan,nan,nan
3522,1756792699.3204513,,1756792699.3204513,False,10.244854029375947,0.7040953801838401,-1.0331153956846308,-0.01592491407764017,nan,nan,nan,nan
3523,1756792699.3300776,,1756792699.3300776,False,10.262225959681949,0.7693839439379399,-1.0164123030384222,-0.015908420702201984,nan,nan,nan,nan
3524,1756792699.3400068,,1756792699.3400068,False,10.30674018994001,0.7463135923203031,-0.9965791901258166,-0.012278939133886026,nan,nan,nan,nan
3525,1756792699.352939,,1756792699.352939,False,10.366742905996484,0.7793323855709363,-1.0065931315516201,-0.008921886734685525,nan,nan,nan,nan
3526,1756792699.3600197,,1756792699.3600197,False,10.384891879782218,0.7750569747880698,-0.9415738014878323,-0.007905796946067606,nan,nan,nan,nan
3527,1756792699.3699932,,1756792699.3699932,False,10.421780151830871,0.8046735271058654,-0.9204896635938091,-0.007279491619334366,nan,nan,nan,nan
3528,1756792699.380019,,1756792699.380019,False,10.458003106118207,0.8287343496675843,-0.9018187049814157,-0.004581648640482289,nan,nan,nan,nan
3529,1756792699.390003,,1756792699.390003,False,10.480229370322826,0.8512949596720457,-0.8221694730618213,-0.0030595504455238434,nan,nan,nan,nan
3530,1756792699.400042,,1756792699.400042,False,10.51026531460024,0.8782164503799639,-0.7883321164717056,-0.0020305672516415,nan,nan,nan,nan
3531,1756792699.4100301,,1756792699.4100301,False,10.525047534768104,0.8861472208890435,-0.7219825888730914,-0.0008899419443350521,nan,nan,nan,nan
3532,1756792699.4200492,,1756792699.4200492,False,10.541354671654284,0.8980441674677527,-0.675161117290209,-0.0010139724683791756,nan,nan,nan,nan
3533,1756792699.4300225,,1756792699.4300225,False,10.568159883816763,0.9251262685487882,-0.6259646193037728,-0.0003315764863392641,nan,nan,nan,nan
3534,1756792699.440053,,1756792699.440053,False,10.592508366702006,0.923346307549687,-0.5620619029722203,-1.1537024461105989e-05,nan,nan,nan,nan
3535,1756792699.450032,,1756792699.450032,False,10.62891285625111,0.900803988131218,-0.5404630593384863,0.0018073064200379927,nan,nan,nan,nan
3536,1756792699.460035,,1756792699.460035,False,10.615642669199273,0.9398369605780461,-0.4583618625097814,0.000654592732502784,nan,nan,nan,nan
3537,1756792699.4700572,,1756792699.4700572,False,10.613440007281408,0.9895906552476551,-0.36458451333469527,-0.0010026760180254458,nan,nan,nan,nan
3538,1756792699.4800298,,1756792699.4800298,False,10.627107034264203,0.9757151250368,-0.3189079721115005,-0.0012299161811516388,nan,nan,nan,nan
3539,1756792699.4900117,,1756792699.4900117,False,10.624149246928331,1.0030511097421433,-0.2582894500853592,-0.00434305499659699,nan,nan,nan,nan
3540,1756792699.500028,,1756792699.500028,False,10.635311523162441,1.0286505902545724,-0.18203080603228483,-0.005856863105049405,nan,nan,nan,nan
3541,1756792699.510048,,1756792699.510048,False,10.642807281242918,1.0241664999061553,-0.12419743315884339,-0.008856679709761455,nan,nan,nan,nan
3542,1756792699.5200348,,1756792699.5200348,False,10.655739411100992,1.0576003339137572,-0.052096275565152415,-0.01243419819579365,nan,nan,nan,nan
3543,1756792699.5300326,,1756792699.5300326,False,10.65394397100739,1.0632836718508916,0.027126547626710202,-0.01676045823186454,nan,nan,nan,nan
3544,1756792699.5400243,,1756792699.5400243,False,10.68871352835707,1.0372074675581773,0.0438213379888185,-0.01845088998835753,nan,nan,nan,nan
3545,1756792699.550118,,1756792699.550118,False,10.692593587541664,1.0677851370623717,0.10413523336177861,-0.022429424340824445,nan,nan,nan,nan
3546,1756792699.560055,,1756792699.560055,False,10.694967047835249,1.0684359662149494,0.1654031792787535,-0.02657095272715111,nan,nan,nan,nan
3547,1756792699.5700703,,1756792699.5700703,False,10.77035394761637,1.0225360660432958,0.08760761821551659,-0.020982113991181602,nan,nan,nan,nan
3548,1756792699.5800624,,1756792699.5800624,False,10.728785109591083,1.0712546054434902,0.2620866639096825,-0.036417083057256876,nan,nan,nan,nan
3549,1756792699.590043,,1756792699.590043,False,10.722016545910046,1.1101588550049066,0.3479237264007095,-0.045477074802232655,nan,nan,nan,nan
3550,1756792699.6000369,,1756792699.6000369,False,10.739781942171142,1.1169039622905768,0.3989694563480312,-0.05161020857102809,nan,nan,nan,nan
3551,1756792699.610038,,1756792699.610038,False,10.758935085835791,1.1076570363420715,0.4326724913272226,-0.05635106116076651,nan,nan,nan,nan
3552,1756792699.620032,,1756792699.620032,False,10.763705339178612,1.0818452638724019,0.474318771973908,-0.06116809978040303,nan,nan,nan,nan
3538,1756792699.4800298,,1756792699.4800298,False,10.627107034264203,0.9757151250368,-0.3189079721115005,-0.0012299161811516388,nan,nan,nan,nan
3539,1756792699.4900117,,1756792699.4900117,False,10.624149246928331,1.0030511097421433,-0.2582894500853592,-0.00434305499659699,nan,nan,nan,nan
3540,1756792699.500028,,1756792699.500028,False,10.635311523162441,1.0286505902545724,-0.18203080603228483,-0.005856863105049405,nan,nan,nan,nan
3541,1756792699.510048,,1756792699.510048,False,10.642807281242918,1.0241664999061553,-0.12419743315884339,-0.008856679709761455,nan,nan,nan,nan
3542,1756792699.5200348,,1756792699.5200348,False,10.655739411100992,1.0576003339137572,-0.052096275565152415,-0.01243419819579365,nan,nan,nan,nan
3543,1756792699.5300326,,1756792699.5300326,False,10.65394397100739,1.0632836718508916,0.027126547626710202,-0.01676045823186454,nan,nan,nan,nan
3544,1756792699.5400243,,1756792699.5400243,False,10.68871352835707,1.0372074675581773,0.0438213379888185,-0.01845088998835753,nan,nan,nan,nan
3545,1756792699.550118,,1756792699.550118,False,10.692593587541664,1.0677851370623717,0.10413523336177861,-0.022429424340824445,nan,nan,nan,nan
3546,1756792699.560055,,1756792699.560055,False,10.694967047835249,1.0684359662149494,0.1654031792787535,-0.02657095272715111,nan,nan,nan,nan
3547,1756792699.5700703,,1756792699.5700703,False,10.77035394761637,1.0225360660432958,0.08760761821551659,-0.020982113991181602,nan,nan,nan,nan
3548,1756792699.5800624,,1756792699.5800624,False,10.728785109591083,1.0712546054434902,0.2620866639096825,-0.036417083057256876,nan,nan,nan,nan
3549,1756792699.590043,,1756792699.590043,False,10.722016545910046,1.1101588550049066,0.3479237264007095,-0.045477074802232655,nan,nan,nan,nan
3550,1756792699.6000369,,1756792699.6000369,False,10.739781942171142,1.1169039622905768,0.3989694563480312,-0.05161020857102809,nan,nan,nan,nan
3551,1756792699.610038,,1756792699.610038,False,10.758935085835791,1.1076570363420715,0.4326724913272226,-0.05635106116076651,nan,nan,nan,nan
3552,1756792699.620032,,1756792699.620032,False,10.763705339178612,1.0818452638724019,0.474318771973908,-0.06116809978040303,nan,nan,nan,nan
3553,1756792699.6300325,,1756792699.6300325,False,10.805089879634883,1.0504022443208785,0.45477848938860405,-0.06030798911768549,nan,nan,nan,nan
3554,1756792699.6400275,,1756792699.6400275,False,10.80437023440117,1.0151006932422997,0.5168936727596952,-0.06737996305892628,nan,nan,nan,nan
3555,1756792699.6500413,,1756792699.6500413,False,10.824493200007428,0.9795438258540621,0.5545233967378862,-0.07247422542222602,nan,nan,nan,nan
3556,1756792699.6600294,,1756792699.6600294,False,10.834416059365434,0.9605687576431692,0.5887038518355278,-0.07858258674649748,nan,nan,nan,nan
3557,1756792699.6700397,,1756792699.6700397,False,10.836474576421141,0.9616580193758597,0.6462892833732685,-0.0875930010452652,nan,nan,nan,nan
3558,1756792699.680038,,1756792699.680038,False,10.841509674897214,0.931852271302755,0.675917733497958,-0.09432833761361595,nan,nan,nan,nan
3559,1756792699.690033,,1756792699.690033,False,10.852520821105406,0.8873400955278153,0.7068784321976433,-0.09894184812222503,nan,nan,nan,nan
3560,1756792699.7000916,,1756792699.7000916,False,10.855811096549727,0.8648692343620416,0.7756907092028203,-0.10848324197193315,nan,nan,nan,nan
3561,1756792699.7100434,,1756792699.7100434,False,10.886575365378281,0.8379956585452086,0.7156351735215347,-0.1040945169266896,nan,nan,nan,nan
3562,1756792699.7201896,,1756792699.7201896,False,10.876238699332239,0.8027164699847341,0.7608119217080754,-0.11087427753325499,nan,nan,nan,nan
3563,1756792699.730058,,1756792699.730058,False,10.875771171422803,0.7942589683297417,0.793676050475596,-0.11774149052742418,nan,nan,nan,nan
3564,1756792699.7400436,,1756792699.7400436,False,10.880515299980395,0.7512755159002642,0.7906838217442196,-0.11867373113826732,nan,nan,nan,nan
3565,1756792699.7501423,,1756792699.7501423,False,10.875658616991824,0.7067908739952242,0.7952590448882183,-0.12056932509270431,nan,nan,nan,nan
3566,1756792699.7604418,,1756792699.7604418,False,10.872847047137832,0.6859420652479691,0.8486997740268641,-0.12896611837476596,nan,nan,nan,nan
3567,1756792699.7700398,,1756792699.7700398,False,10.895004477426427,0.662340846503475,0.8155571004356318,-0.1251092526383685,nan,nan,nan,nan
3568,1756792699.7800305,,1756792699.7800305,False,10.855610651684929,0.6150384475877225,0.8693033248096054,-0.13229391754292646,nan,nan,nan,nan
3569,1756792699.790032,,1756792699.790032,False,10.864560481580147,0.5742896713589717,0.8291537152619436,-0.12634304975767952,nan,nan,nan,nan
3570,1756792699.8000457,,1756792699.8000457,False,10.85740644813198,0.5372512719844925,0.8653619894813874,-0.1311203105814724,nan,nan,nan,nan
3571,1756792699.810017,,1756792699.810017,False,10.85396601089338,0.4872209931800089,0.8654404240851757,-0.13064654027125655,nan,nan,nan,nan
3572,1756792699.8200302,,1756792699.8200302,False,10.822754239951015,0.43211724824674436,0.9019956131268486,-0.13440608514657976,nan,nan,nan,nan
3573,1756792699.8300416,,1756792699.8300416,False,10.816318284201243,0.39730216324724976,0.9170835036616047,-0.13563313898591914,nan,nan,nan,nan
3574,1756792699.840039,,1756792699.840039,False,10.814630649844561,0.3436921277923099,0.8874628455813155,-0.12949924819902717,nan,nan,nan,nan
3575,1756792699.8500476,,1756792699.8500476,False,10.791513868024792,0.30242411946849324,0.9122168163789443,-0.13106426779981617,nan,nan,nan,nan
3576,1756792699.8600435,,1756792699.8600435,False,10.741469513831548,0.23619820052824148,0.9755093976049979,-0.13772758022895445,nan,nan,nan,nan
3577,1756792699.8700705,,1756792699.8700705,False,10.730412753101612,0.1909349033167552,0.9924694123867741,-0.13858551935449734,nan,nan,nan,nan
3578,1756792699.880021,,1756792699.880021,False,10.7066542019284,0.12301498765150864,1.0052321681268483,-0.13877890320492592,nan,nan,nan,nan
3579,1756792699.8900394,,1756792699.8900394,False,10.679321814908047,0.05418581528124061,1.0187335213249349,-0.13754567402641923,nan,nan,nan,nan
3580,1756792699.9000812,,1756792699.9000812,False,10.675743367920818,0.008906943839650338,1.0073767055236096,-0.13351830735238013,nan,nan,nan,nan
3581,1756792699.9100375,,1756792699.9100375,False,10.659744707805523,-0.053375609760916994,0.9931398661330875,-0.12872424336948782,nan,nan,nan,nan
3582,1756792699.920029,,1756792699.920029,False,10.634383120634862,-0.120645148246306,0.9998759452172618,-0.12672805802632622,nan,nan,nan,nan
3583,1756792699.930043,,1756792699.930043,False,10.593325206646528,-0.18713222096068424,1.0289599346552556,-0.12783811023426733,nan,nan,nan,nan
3584,1756792699.9400206,,1756792699.9400206,False,10.547454193050443,-0.24062400322879096,1.0288818993252116,-0.12545095521440225,nan,nan,nan,nan
3585,1756792699.9501398,,1756792699.9501398,False,10.499442625872582,-0.3135537351156137,1.059591998499543,-0.1261243848215502,nan,nan,nan,nan
3586,1756792699.9600294,,1756792699.9600294,False,10.48187515115036,-0.38149158465016514,1.017155306112777,-0.11700187168195833,nan,nan,nan,nan
3587,1756792699.970032,,1756792699.970032,False,10.443991499431332,-0.47879841369910875,1.047066608744024,-0.11722625484076798,nan,nan,nan,nan
3588,1756792699.9800508,,1756792699.9800508,False,10.440774693692934,-0.5056257157688844,1.0183075979868321,-0.11137024850906334,nan,nan,nan,nan
3589,1756792699.9900467,,1756792699.9900467,False,10.413877570625138,-0.5424954733659935,1.0087926094782576,-0.1090566436659801,nan,nan,nan,nan
3590,1756792700.0000505,,1756792700.0000505,False,10.379415060338005,-0.5863899301583285,0.9785164898425885,-0.10275189452320428,nan,nan,nan,nan
3591,1756792700.0100362,,1756792700.0100362,False,10.332094460312273,-0.6981535378583085,1.012759626978646,-0.10118191402158135,nan,nan,nan,nan
3592,1756792700.0201707,,1756792700.0201707,False,10.31358089474107,-0.7724881966767385,1.0081977320550035,-0.09615148591277742,nan,nan,nan,nan
3593,1756792700.0300314,,1756792700.0300314,False,10.303091253052028,-0.8138806679891349,0.9881470833212849,-0.09033467521384571,nan,nan,nan,nan
3594,1756792700.0400183,,1756792700.0400183,False,10.245589237480676,-0.9312329042407751,1.0425200967520172,-0.08984577160095443,nan,nan,nan,nan
3595,1756792700.0500543,,1756792700.0500543,False,10.223763019599714,-0.9835683336250368,1.0341446598692756,-0.08415430860478035,nan,nan,nan,nan
3596,1756792700.0600474,,1756792700.0600474,False,10.235134399004687,-0.9524443676514034,0.927390348083317,-0.07005036764189912,nan,nan,nan,nan
3597,1756792700.0700564,,1756792700.0700564,False,10.158083284373008,-1.096735262429698,0.9972065942435105,-0.07117809323778729,nan,nan,nan,nan
3598,1756792700.0800714,,1756792700.0800714,False,10.130153271109279,-1.1905564341041603,1.0227015959020724,-0.06630843578304738,nan,nan,nan,nan
3599,1756792700.0900123,,1756792700.0900123,False,10.13124490439396,-1.1871879891398351,0.966797119645818,-0.05606294075885453,nan,nan,nan,nan
3600,1756792700.1000168,,1756792700.1000168,False,10.11320435209281,-1.2554741310663031,0.9824435835322938,-0.05211241847658434,nan,nan,nan,nan
3601,1756792700.110103,,1756792700.110103,False,10.109872757823135,-1.275692081490139,0.9496463359747975,-0.04500405170108055,nan,nan,nan,nan
3602,1756792700.1200294,,1756792700.1200294,False,10.10284894809454,-1.3227653954075695,0.9478340983004966,-0.03888626780004592,nan,nan,nan,nan
3603,1756792700.130093,,1756792700.130093,False,10.089533012589982,-1.346257552204294,0.9260210605096523,-0.03279252063854781,nan,nan,nan,nan
3604,1756792700.1400263,,1756792700.1400263,False,10.0647238362352,-1.382763279110479,0.9029237314337629,-0.027141323647424633,nan,nan,nan,nan
3605,1756792700.1500502,,1756792700.1500502,False,10.056468153351176,-1.4446884168894376,0.9086061997960457,-0.02172053548165452,nan,nan,nan,nan
3606,1756792700.1600566,,1756792700.1600566,False,10.051963841791014,-1.4157403486446143,0.8589237253423455,-0.01555788540335304,nan,nan,nan,nan
3607,1756792700.1700294,,1756792700.1700294,False,10.032110207909026,-1.4558892497993725,0.8410947799479166,-0.011062363049686892,nan,nan,nan,nan
3608,1756792700.1800318,,1756792700.1800318,False,10.04512489410105,-1.435809636420129,0.8045977328805578,-0.005782542709682313,nan,nan,nan,nan
3609,1756792700.1900454,,1756792700.1900454,False,10.033801398226228,-1.4678821403045834,0.7872460807541429,-0.0015808232147350833,nan,nan,nan,nan
3610,1756792700.2000206,,1756792700.2000206,False,10.037187003095193,-1.5477966564463974,0.7992600766256361,0.004325732396566907,nan,nan,nan,nan
3611,1756792700.210067,,1756792700.210067,False,10.021760454109689,-1.562375562086165,0.7852603184077779,0.0076509462527513845,nan,nan,nan,nan
3612,1756792700.2200296,,1756792700.2200296,False,10.031805320796456,-1.5478458175793648,0.7616948918604524,0.011539868785664606,nan,nan,nan,nan
3613,1756792700.230058,,1756792700.230058,False,10.01553632038103,-1.5033766974533165,0.7167304066155384,0.014999094348544592,nan,nan,nan,nan
3614,1756792700.2400339,,1756792700.2400339,False,10.01908505773894,-1.477979402075428,0.686277384429323,0.01980681688715765,nan,nan,nan,nan
3615,1756792700.250097,,1756792700.250097,False,10.009547882348523,-1.5676895962380901,0.7007904541167927,0.02223994339967273,nan,nan,nan,nan
3616,1756792700.2600336,,1756792700.2600336,False,10.01828025296103,-1.545370606110824,0.674297531016281,0.025342226700585842,nan,nan,nan,nan
3617,1756792700.270064,,1756792700.270064,False,10.023226745956434,-1.5091431694653377,0.6475716435931697,0.027012493758140015,nan,nan,nan,nan
3618,1756792700.280045,,1756792700.280045,False,10.018580487888995,-1.5160945761924647,0.6265620485341438,0.029979833899192183,nan,nan,nan,nan
3619,1756792700.2900822,,1756792700.2900822,False,10.028054259118344,-1.5357885880734656,0.6094190830240465,0.0324598835006327,nan,nan,nan,nan
3620,1756792700.3000593,,1756792700.3000593,False,10.01869130289051,-1.5084058565071936,0.5790848461105809,0.03390460367786883,nan,nan,nan,nan
3621,1756792700.3100495,,1756792700.3100495,False,10.01860081874034,-1.5088298704155345,0.5449687652078364,0.03617993948215878,nan,nan,nan,nan
3622,1756792700.3201149,,1756792700.3201149,False,10.0330373342109,-1.4390596486563656,0.5025193764049591,0.03502095638784783,nan,nan,nan,nan
3623,1756792700.3300447,,1756792700.3300447,False,10.029067773239793,-1.4693182569705578,0.47191274306765296,0.036636741747621805,nan,nan,nan,nan
3624,1756792700.3400517,,1756792700.3400517,False,10.042005606883938,-1.5200354532500089,0.4565995244256396,0.03921035485259819,nan,nan,nan,nan
3625,1756792700.3500245,,1756792700.3500245,False,10.037650844447446,-1.4298921847928938,0.4003693699797551,0.03785499740515005,nan,nan,nan,nan
3626,1756792700.3600338,,1756792700.3600338,False,10.027086607661333,-1.4078644778530145,0.3540471576261927,0.03672795662504984,nan,nan,nan,nan
3553,1756792699.6300325,,1756792699.6300325,False,10.805089879634883,1.0504022443208785,0.45477848938860405,-0.06030798911768549,nan,nan,nan,nan
3554,1756792699.6400275,,1756792699.6400275,False,10.80437023440117,1.0151006932422997,0.5168936727596952,-0.06737996305892628,nan,nan,nan,nan
3555,1756792699.6500413,,1756792699.6500413,False,10.824493200007428,0.9795438258540621,0.5545233967378862,-0.07247422542222602,nan,nan,nan,nan
3556,1756792699.6600294,,1756792699.6600294,False,10.834416059365434,0.9605687576431692,0.5887038518355278,-0.07858258674649748,nan,nan,nan,nan
3557,1756792699.6700397,,1756792699.6700397,False,10.836474576421141,0.9616580193758597,0.6462892833732685,-0.0875930010452652,nan,nan,nan,nan
3558,1756792699.680038,,1756792699.680038,False,10.841509674897214,0.931852271302755,0.675917733497958,-0.09432833761361595,nan,nan,nan,nan
3559,1756792699.690033,,1756792699.690033,False,10.852520821105406,0.8873400955278153,0.7068784321976433,-0.09894184812222503,nan,nan,nan,nan
3560,1756792699.7000916,,1756792699.7000916,False,10.855811096549727,0.8648692343620416,0.7756907092028203,-0.10848324197193315,nan,nan,nan,nan
3561,1756792699.7100434,,1756792699.7100434,False,10.886575365378281,0.8379956585452086,0.7156351735215347,-0.1040945169266896,nan,nan,nan,nan
3562,1756792699.7201896,,1756792699.7201896,False,10.876238699332239,0.8027164699847341,0.7608119217080754,-0.11087427753325499,nan,nan,nan,nan
3563,1756792699.730058,,1756792699.730058,False,10.875771171422803,0.7942589683297417,0.793676050475596,-0.11774149052742418,nan,nan,nan,nan
3564,1756792699.7400436,,1756792699.7400436,False,10.880515299980395,0.7512755159002642,0.7906838217442196,-0.11867373113826732,nan,nan,nan,nan
3565,1756792699.7501423,,1756792699.7501423,False,10.875658616991824,0.7067908739952242,0.7952590448882183,-0.12056932509270431,nan,nan,nan,nan
3566,1756792699.7604418,,1756792699.7604418,False,10.872847047137832,0.6859420652479691,0.8486997740268641,-0.12896611837476596,nan,nan,nan,nan
3567,1756792699.7700398,,1756792699.7700398,False,10.895004477426427,0.662340846503475,0.8155571004356318,-0.1251092526383685,nan,nan,nan,nan
3568,1756792699.7800305,,1756792699.7800305,False,10.855610651684929,0.6150384475877225,0.8693033248096054,-0.13229391754292646,nan,nan,nan,nan
3569,1756792699.790032,,1756792699.790032,False,10.864560481580147,0.5742896713589717,0.8291537152619436,-0.12634304975767952,nan,nan,nan,nan
3570,1756792699.8000457,,1756792699.8000457,False,10.85740644813198,0.5372512719844925,0.8653619894813874,-0.1311203105814724,nan,nan,nan,nan
3571,1756792699.810017,,1756792699.810017,False,10.85396601089338,0.4872209931800089,0.8654404240851757,-0.13064654027125655,nan,nan,nan,nan
3572,1756792699.8200302,,1756792699.8200302,False,10.822754239951015,0.43211724824674436,0.9019956131268486,-0.13440608514657976,nan,nan,nan,nan
3573,1756792699.8300416,,1756792699.8300416,False,10.816318284201243,0.39730216324724976,0.9170835036616047,-0.13563313898591914,nan,nan,nan,nan
3574,1756792699.840039,,1756792699.840039,False,10.814630649844561,0.3436921277923099,0.8874628455813155,-0.12949924819902717,nan,nan,nan,nan
3575,1756792699.8500476,,1756792699.8500476,False,10.791513868024792,0.30242411946849324,0.9122168163789443,-0.13106426779981617,nan,nan,nan,nan
3576,1756792699.8600435,,1756792699.8600435,False,10.741469513831548,0.23619820052824148,0.9755093976049979,-0.13772758022895445,nan,nan,nan,nan
3577,1756792699.8700705,,1756792699.8700705,False,10.730412753101612,0.1909349033167552,0.9924694123867741,-0.13858551935449734,nan,nan,nan,nan
3578,1756792699.880021,,1756792699.880021,False,10.7066542019284,0.12301498765150864,1.0052321681268483,-0.13877890320492592,nan,nan,nan,nan
3579,1756792699.8900394,,1756792699.8900394,False,10.679321814908047,0.05418581528124061,1.0187335213249349,-0.13754567402641923,nan,nan,nan,nan
3580,1756792699.9000812,,1756792699.9000812,False,10.675743367920818,0.008906943839650338,1.0073767055236096,-0.13351830735238013,nan,nan,nan,nan
3581,1756792699.9100375,,1756792699.9100375,False,10.659744707805523,-0.053375609760916994,0.9931398661330875,-0.12872424336948782,nan,nan,nan,nan
3582,1756792699.920029,,1756792699.920029,False,10.634383120634862,-0.120645148246306,0.9998759452172618,-0.12672805802632622,nan,nan,nan,nan
3583,1756792699.930043,,1756792699.930043,False,10.593325206646528,-0.18713222096068424,1.0289599346552556,-0.12783811023426733,nan,nan,nan,nan
3584,1756792699.9400206,,1756792699.9400206,False,10.547454193050443,-0.24062400322879096,1.0288818993252116,-0.12545095521440225,nan,nan,nan,nan
3585,1756792699.9501398,,1756792699.9501398,False,10.499442625872582,-0.3135537351156137,1.059591998499543,-0.1261243848215502,nan,nan,nan,nan
3586,1756792699.9600294,,1756792699.9600294,False,10.48187515115036,-0.38149158465016514,1.017155306112777,-0.11700187168195833,nan,nan,nan,nan
3587,1756792699.970032,,1756792699.970032,False,10.443991499431332,-0.47879841369910875,1.047066608744024,-0.11722625484076798,nan,nan,nan,nan
3588,1756792699.9800508,,1756792699.9800508,False,10.440774693692934,-0.5056257157688844,1.0183075979868321,-0.11137024850906334,nan,nan,nan,nan
3589,1756792699.9900467,,1756792699.9900467,False,10.413877570625138,-0.5424954733659935,1.0087926094782576,-0.1090566436659801,nan,nan,nan,nan
3590,1756792700.0000505,,1756792700.0000505,False,10.379415060338005,-0.5863899301583285,0.9785164898425885,-0.10275189452320428,nan,nan,nan,nan
3591,1756792700.0100362,,1756792700.0100362,False,10.332094460312273,-0.6981535378583085,1.012759626978646,-0.10118191402158135,nan,nan,nan,nan
3592,1756792700.0201707,,1756792700.0201707,False,10.31358089474107,-0.7724881966767385,1.0081977320550035,-0.09615148591277742,nan,nan,nan,nan
3593,1756792700.0300314,,1756792700.0300314,False,10.303091253052028,-0.8138806679891349,0.9881470833212849,-0.09033467521384571,nan,nan,nan,nan
3594,1756792700.0400183,,1756792700.0400183,False,10.245589237480676,-0.9312329042407751,1.0425200967520172,-0.08984577160095443,nan,nan,nan,nan
3595,1756792700.0500543,,1756792700.0500543,False,10.223763019599714,-0.9835683336250368,1.0341446598692756,-0.08415430860478035,nan,nan,nan,nan
3596,1756792700.0600474,,1756792700.0600474,False,10.235134399004687,-0.9524443676514034,0.927390348083317,-0.07005036764189912,nan,nan,nan,nan
3597,1756792700.0700564,,1756792700.0700564,False,10.158083284373008,-1.096735262429698,0.9972065942435105,-0.07117809323778729,nan,nan,nan,nan
3598,1756792700.0800714,,1756792700.0800714,False,10.130153271109279,-1.1905564341041603,1.0227015959020724,-0.06630843578304738,nan,nan,nan,nan
3599,1756792700.0900123,,1756792700.0900123,False,10.13124490439396,-1.1871879891398351,0.966797119645818,-0.05606294075885453,nan,nan,nan,nan
3600,1756792700.1000168,,1756792700.1000168,False,10.11320435209281,-1.2554741310663031,0.9824435835322938,-0.05211241847658434,nan,nan,nan,nan
3601,1756792700.110103,,1756792700.110103,False,10.109872757823135,-1.275692081490139,0.9496463359747975,-0.04500405170108055,nan,nan,nan,nan
3602,1756792700.1200294,,1756792700.1200294,False,10.10284894809454,-1.3227653954075695,0.9478340983004966,-0.03888626780004592,nan,nan,nan,nan
3603,1756792700.130093,,1756792700.130093,False,10.089533012589982,-1.346257552204294,0.9260210605096523,-0.03279252063854781,nan,nan,nan,nan
3604,1756792700.1400263,,1756792700.1400263,False,10.0647238362352,-1.382763279110479,0.9029237314337629,-0.027141323647424633,nan,nan,nan,nan
3605,1756792700.1500502,,1756792700.1500502,False,10.056468153351176,-1.4446884168894376,0.9086061997960457,-0.02172053548165452,nan,nan,nan,nan
3606,1756792700.1600566,,1756792700.1600566,False,10.051963841791014,-1.4157403486446143,0.8589237253423455,-0.01555788540335304,nan,nan,nan,nan
3607,1756792700.1700294,,1756792700.1700294,False,10.032110207909026,-1.4558892497993725,0.8410947799479166,-0.011062363049686892,nan,nan,nan,nan
3608,1756792700.1800318,,1756792700.1800318,False,10.04512489410105,-1.435809636420129,0.8045977328805578,-0.005782542709682313,nan,nan,nan,nan
3609,1756792700.1900454,,1756792700.1900454,False,10.033801398226228,-1.4678821403045834,0.7872460807541429,-0.0015808232147350833,nan,nan,nan,nan
3610,1756792700.2000206,,1756792700.2000206,False,10.037187003095193,-1.5477966564463974,0.7992600766256361,0.004325732396566907,nan,nan,nan,nan
3611,1756792700.210067,,1756792700.210067,False,10.021760454109689,-1.562375562086165,0.7852603184077779,0.0076509462527513845,nan,nan,nan,nan
3612,1756792700.2200296,,1756792700.2200296,False,10.031805320796456,-1.5478458175793648,0.7616948918604524,0.011539868785664606,nan,nan,nan,nan
3613,1756792700.230058,,1756792700.230058,False,10.01553632038103,-1.5033766974533165,0.7167304066155384,0.014999094348544592,nan,nan,nan,nan
3614,1756792700.2400339,,1756792700.2400339,False,10.01908505773894,-1.477979402075428,0.686277384429323,0.01980681688715765,nan,nan,nan,nan
3615,1756792700.250097,,1756792700.250097,False,10.009547882348523,-1.5676895962380901,0.7007904541167927,0.02223994339967273,nan,nan,nan,nan
3616,1756792700.2600336,,1756792700.2600336,False,10.01828025296103,-1.545370606110824,0.674297531016281,0.025342226700585842,nan,nan,nan,nan
3617,1756792700.270064,,1756792700.270064,False,10.023226745956434,-1.5091431694653377,0.6475716435931697,0.027012493758140015,nan,nan,nan,nan
3618,1756792700.280045,,1756792700.280045,False,10.018580487888995,-1.5160945761924647,0.6265620485341438,0.029979833899192183,nan,nan,nan,nan
3619,1756792700.2900822,,1756792700.2900822,False,10.028054259118344,-1.5357885880734656,0.6094190830240465,0.0324598835006327,nan,nan,nan,nan
3620,1756792700.3000593,,1756792700.3000593,False,10.01869130289051,-1.5084058565071936,0.5790848461105809,0.03390460367786883,nan,nan,nan,nan
3621,1756792700.3100495,,1756792700.3100495,False,10.01860081874034,-1.5088298704155345,0.5449687652078364,0.03617993948215878,nan,nan,nan,nan
3622,1756792700.3201149,,1756792700.3201149,False,10.0330373342109,-1.4390596486563656,0.5025193764049591,0.03502095638784783,nan,nan,nan,nan
3623,1756792700.3300447,,1756792700.3300447,False,10.029067773239793,-1.4693182569705578,0.47191274306765296,0.036636741747621805,nan,nan,nan,nan
3624,1756792700.3400517,,1756792700.3400517,False,10.042005606883938,-1.5200354532500089,0.4565995244256396,0.03921035485259819,nan,nan,nan,nan
3625,1756792700.3500245,,1756792700.3500245,False,10.037650844447446,-1.4298921847928938,0.4003693699797551,0.03785499740515005,nan,nan,nan,nan
3626,1756792700.3600338,,1756792700.3600338,False,10.027086607661333,-1.4078644778530145,0.3540471576261927,0.03672795662504984,nan,nan,nan,nan
3627,1756792700.3700914,,1756792700.3700914,False,10.038876654586238,-1.2776598523723133,0.3124929867219242,0.0359615371055211,nan,nan,nan,nan
3628,1756792700.3800368,,1756792700.3800368,False,10.048596594893079,-1.234265767962416,0.2873339775318878,0.0353404179677715,nan,nan,nan,nan
3629,1756792700.3900328,,1756792700.3900328,False,10.03767633121788,-1.300145432614088,0.24592585406570205,0.03397649584076191,nan,nan,nan,nan
3630,1756792700.4000266,,1756792700.4000266,False,10.036947155582954,-1.292682934916342,0.21436563509828455,0.03254949431298782,nan,nan,nan,nan
3631,1756792700.410036,,1756792700.410036,False,10.013510206906188,-1.2131974785105968,0.16803126419717404,0.029143702996241125,nan,nan,nan,nan
3632,1756792700.4200392,,1756792700.4200392,False,9.990871946997752,-1.1783792981628847,0.1191368260740993,0.025184577816044263,nan,nan,nan,nan
3633,1756792700.4300418,,1756792700.4300418,False,9.981999626523928,-1.1830924328890506,0.0760890405231317,0.02171722733438547,nan,nan,nan,nan
3634,1756792700.4400425,,1756792700.4400425,False,9.975839768596154,-1.1163944893470332,0.033109230725221254,0.02075271469967684,nan,nan,nan,nan
3635,1756792700.4507265,,1756792700.4507265,False,9.967877394805848,-1.0772675492540553,-0.012474767998406406,0.01681061188478257,nan,nan,nan,nan
3636,1756792700.4600248,,1756792700.4600248,False,9.966420232806867,-0.9904770146623304,-0.045237965612203966,0.013118705771691249,nan,nan,nan,nan
3637,1756792700.470026,,1756792700.470026,False,9.944498071810463,-0.9749434167076358,-0.09048645534798763,0.008963888333896107,nan,nan,nan,nan
3638,1756792700.4800203,,1756792700.4800203,False,9.933870453690513,-0.9414032256195506,-0.11758242482930419,0.0057071752876165244,nan,nan,nan,nan
3639,1756792700.4900277,,1756792700.4900277,False,9.90664734346671,-0.8961925940266054,-0.1642503682605575,0.0010253252138867506,nan,nan,nan,nan
3640,1756792700.5000172,,1756792700.5000172,False,9.88175910148453,-0.9443693853731167,-0.23221663266112086,-0.005818713363352826,nan,nan,nan,nan
3641,1756792700.510083,,1756792700.510083,False,9.85809127102419,-0.9092779346815685,-0.2867997677211746,-0.01164727042417345,nan,nan,nan,nan
3642,1756792700.5201273,,1756792700.5201273,False,9.844536208312864,-0.8509224683272832,-0.30844239030322584,-0.014827823360413685,nan,nan,nan,nan
3643,1756792700.5300345,,1756792700.5300345,False,9.817883445839161,-0.8540679403605681,-0.37230753564442076,-0.022748560481694977,nan,nan,nan,nan
3644,1756792700.5400374,,1756792700.5400374,False,9.804954722596898,-0.7360528571352871,-0.3864003835376562,-0.024413677615541307,nan,nan,nan,nan
3645,1756792700.5500402,,1756792700.5500402,False,9.785123018349577,-0.7360814396766221,-0.4361843715301668,-0.02983961220375809,nan,nan,nan,nan
3646,1756792700.5600398,,1756792700.5600398,False,9.758291869158578,-0.7021231360511098,-0.491067498514739,-0.03702084985415399,nan,nan,nan,nan
3647,1756792700.5700026,,1756792700.5700026,False,9.727773156729944,-0.6889635888216726,-0.5600005990070039,-0.04481150189833343,nan,nan,nan,nan
3648,1756792700.580029,,1756792700.580029,False,9.705139624979678,-0.7145849767793271,-0.6252819689351322,-0.05222649995053944,nan,nan,nan,nan
3649,1756792700.590789,,1756792700.590789,False,9.667412256445418,-0.6743067768299285,-0.7005879154980537,-0.061788354942292976,nan,nan,nan,nan
3650,1756792700.6000082,,1756792700.6000082,False,9.657052245957422,-0.5268687941681244,-0.6534671570955648,-0.05623134719376958,nan,nan,nan,nan
3651,1756792700.6100652,,1756792700.6100652,False,9.622519793335524,-0.5876622261525818,-0.7576924314898149,-0.06914749599506403,nan,nan,nan,nan
3652,1756792700.6200314,,1756792700.6200314,False,9.586509932751964,-0.5144073582794446,-0.8042596201894127,-0.07299072129666756,nan,nan,nan,nan
3653,1756792700.6300282,,1756792700.6300282,False,9.567670497074172,-0.4864082187183147,-0.8178349681402728,-0.07473935676133842,nan,nan,nan,nan
3654,1756792700.640043,,1756792700.640043,False,9.54476248379527,-0.425962578052388,-0.8552510357513865,-0.08261581256021623,nan,nan,nan,nan
3655,1756792700.6500378,,1756792700.6500378,False,9.521427155685805,-0.47194218770842056,-0.9486477334728766,-0.0936350610780816,nan,nan,nan,nan
3656,1756792700.6600344,,1756792700.6600344,False,9.487121349258697,-0.46162120708612564,-0.9864669215280613,-0.0982964069682101,nan,nan,nan,nan
3657,1756792700.670136,,1756792700.670136,False,9.484295466760573,-0.4096204506570715,-0.9866742440208293,-0.09530148091756001,nan,nan,nan,nan
3658,1756792700.6800125,,1756792700.6800125,False,9.451796585079686,-0.4213286179741904,-1.0512080391513345,-0.10350991525551687,nan,nan,nan,nan
3659,1756792700.6900246,,1756792700.6900246,False,9.43895433399248,-0.41805500661593714,-1.1101575414784262,-0.10860249963541338,nan,nan,nan,nan
3660,1756792700.7000318,,1756792700.7000318,False,9.426074511473582,-0.3751685082724285,-1.11064627090572,-0.10494904280526025,nan,nan,nan,nan
3661,1756792700.71003,,1756792700.71003,False,9.40799933582386,-0.3782384592409238,-1.1654022300854188,-0.10896423448324051,nan,nan,nan,nan
3662,1756792700.7200294,,1756792700.7200294,False,9.374276399328643,-0.33812766694772367,-1.188703005535219,-0.1100245410994419,nan,nan,nan,nan
3663,1756792700.7300777,,1756792700.7300777,False,9.344736868366171,-0.3166011501361337,-1.246735158616978,-0.11348639636138494,nan,nan,nan,nan
3664,1756792700.740015,,1756792700.740015,False,9.31729290782134,-0.3269626427817728,-1.3299204818210726,-0.12183120124880345,nan,nan,nan,nan
3665,1756792700.7500286,,1756792700.7500286,False,9.291350447704422,-0.3312569426109319,-1.37956845876225,-0.12359401331008014,nan,nan,nan,nan
3666,1756792700.7600434,,1756792700.7600434,False,9.259429043012316,-0.31594134564827947,-1.3785585094150816,-0.1217221738174531,nan,nan,nan,nan
3667,1756792700.7700293,,1756792700.7700293,False,9.243204757956871,-0.2801776627569638,-1.4383787517595252,-0.12427643996415175,nan,nan,nan,nan
3668,1756792700.7800379,,1756792700.7800379,False,9.230776198223738,-0.28634694412052,-1.5353669786049504,-0.13195383964213905,nan,nan,nan,nan
3669,1756792700.79002,,1756792700.79002,False,9.214420188344262,-0.28743894508146867,-1.5758879476213226,-0.1363711366088471,nan,nan,nan,nan
3670,1756792700.800032,,1756792700.800032,False,9.207426497071086,-0.2965117418606458,-1.6414724582316738,-0.14210636081533332,nan,nan,nan,nan
3671,1756792700.810046,,1756792700.810046,False,9.204207373941527,-0.2638890654561958,-1.6464319913877266,-0.13674396368587716,nan,nan,nan,nan
3672,1756792700.820019,,1756792700.820019,False,9.195051407263604,-0.24192202119176134,-1.682899330824495,-0.1378905356487037,nan,nan,nan,nan
3673,1756792700.8300378,,1756792700.8300378,False,9.199708811982529,-0.2243103476504855,-1.716192790638126,-0.1360929290956367,nan,nan,nan,nan
3674,1756792700.840074,,1756792700.840074,False,9.185494318725835,-0.2070875981092456,-1.7221926026151269,-0.13503881143598936,nan,nan,nan,nan
3675,1756792700.850033,,1756792700.850033,False,9.183263462954962,-0.2032312235936446,-1.7674600226521602,-0.13784771757746606,nan,nan,nan,nan
3676,1756792700.8613396,,1756792700.8613396,False,9.203232346557257,-0.1837084353252228,-1.8499827142909393,-0.1461340351527552,nan,nan,nan,nan
3677,1756792700.8700101,,1756792700.8700101,False,9.190786942610941,-0.1500682562931412,-1.7817158067810255,-0.1339650844916936,nan,nan,nan,nan
3678,1756792700.8800468,,1756792700.8800468,False,9.20350554528443,-0.14365935897406792,-1.818120021546636,-0.13720031227824123,nan,nan,nan,nan
3679,1756792700.8900235,,1756792700.8900235,False,9.239445585759135,-0.14398507988487316,-1.9365337075401652,-0.15101211633913922,nan,nan,nan,nan
3680,1756792700.9001446,,1756792700.9001446,False,9.253657956231036,-0.1442045320030478,-1.9232379305188274,-0.1461590530918436,nan,nan,nan,nan
3681,1756792700.9100282,,1756792700.9100282,False,9.261184621851983,-0.1273752389342831,-1.9362483967894744,-0.14568377129830362,nan,nan,nan,nan
3682,1756792700.9200628,,1756792700.9200628,False,9.302393363438076,-0.11370541422199214,-2.0130253326793848,-0.15167910757064115,nan,nan,nan,nan
3627,1756792700.3700914,,1756792700.3700914,False,10.038876654586238,-1.2776598523723133,0.3124929867219242,0.0359615371055211,nan,nan,nan,nan
3628,1756792700.3800368,,1756792700.3800368,False,10.048596594893079,-1.234265767962416,0.2873339775318878,0.0353404179677715,nan,nan,nan,nan
3629,1756792700.3900328,,1756792700.3900328,False,10.03767633121788,-1.300145432614088,0.24592585406570205,0.03397649584076191,nan,nan,nan,nan
3630,1756792700.4000266,,1756792700.4000266,False,10.036947155582954,-1.292682934916342,0.21436563509828455,0.03254949431298782,nan,nan,nan,nan
3631,1756792700.410036,,1756792700.410036,False,10.013510206906188,-1.2131974785105968,0.16803126419717404,0.029143702996241125,nan,nan,nan,nan
3632,1756792700.4200392,,1756792700.4200392,False,9.990871946997752,-1.1783792981628847,0.1191368260740993,0.025184577816044263,nan,nan,nan,nan
3633,1756792700.4300418,,1756792700.4300418,False,9.981999626523928,-1.1830924328890506,0.0760890405231317,0.02171722733438547,nan,nan,nan,nan
3634,1756792700.4400425,,1756792700.4400425,False,9.975839768596154,-1.1163944893470332,0.033109230725221254,0.02075271469967684,nan,nan,nan,nan
3635,1756792700.4507265,,1756792700.4507265,False,9.967877394805848,-1.0772675492540553,-0.012474767998406406,0.01681061188478257,nan,nan,nan,nan
3636,1756792700.4600248,,1756792700.4600248,False,9.966420232806867,-0.9904770146623304,-0.045237965612203966,0.013118705771691249,nan,nan,nan,nan
3637,1756792700.470026,,1756792700.470026,False,9.944498071810463,-0.9749434167076358,-0.09048645534798763,0.008963888333896107,nan,nan,nan,nan
3638,1756792700.4800203,,1756792700.4800203,False,9.933870453690513,-0.9414032256195506,-0.11758242482930419,0.0057071752876165244,nan,nan,nan,nan
3639,1756792700.4900277,,1756792700.4900277,False,9.90664734346671,-0.8961925940266054,-0.1642503682605575,0.0010253252138867506,nan,nan,nan,nan
3640,1756792700.5000172,,1756792700.5000172,False,9.88175910148453,-0.9443693853731167,-0.23221663266112086,-0.005818713363352826,nan,nan,nan,nan
3641,1756792700.510083,,1756792700.510083,False,9.85809127102419,-0.9092779346815685,-0.2867997677211746,-0.01164727042417345,nan,nan,nan,nan
3642,1756792700.5201273,,1756792700.5201273,False,9.844536208312864,-0.8509224683272832,-0.30844239030322584,-0.014827823360413685,nan,nan,nan,nan
3643,1756792700.5300345,,1756792700.5300345,False,9.817883445839161,-0.8540679403605681,-0.37230753564442076,-0.022748560481694977,nan,nan,nan,nan
3644,1756792700.5400374,,1756792700.5400374,False,9.804954722596898,-0.7360528571352871,-0.3864003835376562,-0.024413677615541307,nan,nan,nan,nan
3645,1756792700.5500402,,1756792700.5500402,False,9.785123018349577,-0.7360814396766221,-0.4361843715301668,-0.02983961220375809,nan,nan,nan,nan
3646,1756792700.5600398,,1756792700.5600398,False,9.758291869158578,-0.7021231360511098,-0.491067498514739,-0.03702084985415399,nan,nan,nan,nan
3647,1756792700.5700026,,1756792700.5700026,False,9.727773156729944,-0.6889635888216726,-0.5600005990070039,-0.04481150189833343,nan,nan,nan,nan
3648,1756792700.580029,,1756792700.580029,False,9.705139624979678,-0.7145849767793271,-0.6252819689351322,-0.05222649995053944,nan,nan,nan,nan
3649,1756792700.590789,,1756792700.590789,False,9.667412256445418,-0.6743067768299285,-0.7005879154980537,-0.061788354942292976,nan,nan,nan,nan
3650,1756792700.6000082,,1756792700.6000082,False,9.657052245957422,-0.5268687941681244,-0.6534671570955648,-0.05623134719376958,nan,nan,nan,nan
3651,1756792700.6100652,,1756792700.6100652,False,9.622519793335524,-0.5876622261525818,-0.7576924314898149,-0.06914749599506403,nan,nan,nan,nan
3652,1756792700.6200314,,1756792700.6200314,False,9.586509932751964,-0.5144073582794446,-0.8042596201894127,-0.07299072129666756,nan,nan,nan,nan
3653,1756792700.6300282,,1756792700.6300282,False,9.567670497074172,-0.4864082187183147,-0.8178349681402728,-0.07473935676133842,nan,nan,nan,nan
3654,1756792700.640043,,1756792700.640043,False,9.54476248379527,-0.425962578052388,-0.8552510357513865,-0.08261581256021623,nan,nan,nan,nan
3655,1756792700.6500378,,1756792700.6500378,False,9.521427155685805,-0.47194218770842056,-0.9486477334728766,-0.0936350610780816,nan,nan,nan,nan
3656,1756792700.6600344,,1756792700.6600344,False,9.487121349258697,-0.46162120708612564,-0.9864669215280613,-0.0982964069682101,nan,nan,nan,nan
3657,1756792700.670136,,1756792700.670136,False,9.484295466760573,-0.4096204506570715,-0.9866742440208293,-0.09530148091756001,nan,nan,nan,nan
3658,1756792700.6800125,,1756792700.6800125,False,9.451796585079686,-0.4213286179741904,-1.0512080391513345,-0.10350991525551687,nan,nan,nan,nan
3659,1756792700.6900246,,1756792700.6900246,False,9.43895433399248,-0.41805500661593714,-1.1101575414784262,-0.10860249963541338,nan,nan,nan,nan
3660,1756792700.7000318,,1756792700.7000318,False,9.426074511473582,-0.3751685082724285,-1.11064627090572,-0.10494904280526025,nan,nan,nan,nan
3661,1756792700.71003,,1756792700.71003,False,9.40799933582386,-0.3782384592409238,-1.1654022300854188,-0.10896423448324051,nan,nan,nan,nan
3662,1756792700.7200294,,1756792700.7200294,False,9.374276399328643,-0.33812766694772367,-1.188703005535219,-0.1100245410994419,nan,nan,nan,nan
3663,1756792700.7300777,,1756792700.7300777,False,9.344736868366171,-0.3166011501361337,-1.246735158616978,-0.11348639636138494,nan,nan,nan,nan
3664,1756792700.740015,,1756792700.740015,False,9.31729290782134,-0.3269626427817728,-1.3299204818210726,-0.12183120124880345,nan,nan,nan,nan
3665,1756792700.7500286,,1756792700.7500286,False,9.291350447704422,-0.3312569426109319,-1.37956845876225,-0.12359401331008014,nan,nan,nan,nan
3666,1756792700.7600434,,1756792700.7600434,False,9.259429043012316,-0.31594134564827947,-1.3785585094150816,-0.1217221738174531,nan,nan,nan,nan
3667,1756792700.7700293,,1756792700.7700293,False,9.243204757956871,-0.2801776627569638,-1.4383787517595252,-0.12427643996415175,nan,nan,nan,nan
3668,1756792700.7800379,,1756792700.7800379,False,9.230776198223738,-0.28634694412052,-1.5353669786049504,-0.13195383964213905,nan,nan,nan,nan
3669,1756792700.79002,,1756792700.79002,False,9.214420188344262,-0.28743894508146867,-1.5758879476213226,-0.1363711366088471,nan,nan,nan,nan
3670,1756792700.800032,,1756792700.800032,False,9.207426497071086,-0.2965117418606458,-1.6414724582316738,-0.14210636081533332,nan,nan,nan,nan
3671,1756792700.810046,,1756792700.810046,False,9.204207373941527,-0.2638890654561958,-1.6464319913877266,-0.13674396368587716,nan,nan,nan,nan
3672,1756792700.820019,,1756792700.820019,False,9.195051407263604,-0.24192202119176134,-1.682899330824495,-0.1378905356487037,nan,nan,nan,nan
3673,1756792700.8300378,,1756792700.8300378,False,9.199708811982529,-0.2243103476504855,-1.716192790638126,-0.1360929290956367,nan,nan,nan,nan
3674,1756792700.840074,,1756792700.840074,False,9.185494318725835,-0.2070875981092456,-1.7221926026151269,-0.13503881143598936,nan,nan,nan,nan
3675,1756792700.850033,,1756792700.850033,False,9.183263462954962,-0.2032312235936446,-1.7674600226521602,-0.13784771757746606,nan,nan,nan,nan
3676,1756792700.8613396,,1756792700.8613396,False,9.203232346557257,-0.1837084353252228,-1.8499827142909393,-0.1461340351527552,nan,nan,nan,nan
3677,1756792700.8700101,,1756792700.8700101,False,9.190786942610941,-0.1500682562931412,-1.7817158067810255,-0.1339650844916936,nan,nan,nan,nan
3678,1756792700.8800468,,1756792700.8800468,False,9.20350554528443,-0.14365935897406792,-1.818120021546636,-0.13720031227824123,nan,nan,nan,nan
3679,1756792700.8900235,,1756792700.8900235,False,9.239445585759135,-0.14398507988487316,-1.9365337075401652,-0.15101211633913922,nan,nan,nan,nan
3680,1756792700.9001446,,1756792700.9001446,False,9.253657956231036,-0.1442045320030478,-1.9232379305188274,-0.1461590530918436,nan,nan,nan,nan
3681,1756792700.9100282,,1756792700.9100282,False,9.261184621851983,-0.1273752389342831,-1.9362483967894744,-0.14568377129830362,nan,nan,nan,nan
3682,1756792700.9200628,,1756792700.9200628,False,9.302393363438076,-0.11370541422199214,-2.0130253326793848,-0.15167910757064115,nan,nan,nan,nan
3683,1756792700.9300268,,1756792700.9300268,False,9.32255778594529,-0.10101792819801757,-2.04041738766157,-0.15283716643677178,nan,nan,nan,nan
3684,1756792700.9400496,,1756792700.9400496,False,9.356424614308303,-0.08517715281299525,-2.048564309085568,-0.1488817178977676,nan,nan,nan,nan
3685,1756792700.9500554,,1756792700.9500554,False,9.396537959825896,-0.07218620695460541,-2.048149573929855,-0.14436519393746836,nan,nan,nan,nan
3686,1756792700.9600275,,1756792700.9600275,False,9.437723973919455,-0.048027847209779546,-2.1186808991172974,-0.15721961859095138,nan,nan,nan,nan
3687,1756792700.9700503,,1756792700.9700503,False,9.482031602583818,-0.05103830473421243,-2.0904609204385713,-0.1450652070475195,nan,nan,nan,nan
3688,1756792700.9800265,,1756792700.9800265,False,9.513358255121194,-0.04217478013676286,-2.0335269564768903,-0.13671043863827195,nan,nan,nan,nan
3689,1756792700.9900105,,1756792700.9900105,False,9.584826546812856,-0.025099634268031665,-2.0357626273643485,-0.1367257140937787,nan,nan,nan,nan
3690,1756792701.0000274,,1756792701.0000274,False,9.648903561049854,-0.015454888435379451,-2.0405708428051303,-0.13772280909901108,nan,nan,nan,nan
3691,1756792701.01004,,1756792701.01004,False,9.720486172876187,-0.0043749050928065195,-2.031753535268808,-0.1372600079933363,nan,nan,nan,nan
3692,1756792701.020056,,1756792701.020056,False,9.802970751306137,0.02014397497590121,-2.024588417282799,-0.13707575665532196,nan,nan,nan,nan
3693,1756792701.0304532,,1756792701.0304532,False,9.845545488148506,0.013230138324016627,-1.94011849948402,-0.12728206266049363,nan,nan,nan,nan
3694,1756792701.0400188,,1756792701.0400188,False,9.893236999770057,0.034622828894192915,-1.8892427378892225,-0.12256763799258585,nan,nan,nan,nan
3695,1756792701.050032,,1756792701.050032,False,9.986066963234098,0.06700716372478219,-1.915663589103938,-0.12796112406185411,nan,nan,nan,nan
3696,1756792701.0600486,,1756792701.0600486,False,9.95322798723873,0.04359617529949693,-1.7438227502816377,-0.10933863326781545,nan,nan,nan,nan
3697,1756792701.070036,,1756792701.070036,False,10.095180496207691,0.11683501854808274,-1.8437280302764913,-0.1248212104304061,nan,nan,nan,nan
3698,1756792701.0800073,,1756792701.0800073,False,10.19301388710765,0.14457140753103928,-1.8426937525522573,-0.12549153792101428,nan,nan,nan,nan
3699,1756792701.0900042,,1756792701.0900042,False,10.247386701259229,0.16345279313885525,-1.7657634882298743,-0.11715836196591799,nan,nan,nan,nan
3700,1756792701.1000147,,1756792701.1000147,False,10.320963043444827,0.17552908698503317,-1.7240165736201114,-0.11316169908818866,nan,nan,nan,nan
3683,1756792700.9300268,,1756792700.9300268,False,9.32255778594529,-0.10101792819801757,-2.04041738766157,-0.15283716643677178,nan,nan,nan,nan
3684,1756792700.9400496,,1756792700.9400496,False,9.356424614308303,-0.08517715281299525,-2.048564309085568,-0.1488817178977676,nan,nan,nan,nan
3685,1756792700.9500554,,1756792700.9500554,False,9.396537959825896,-0.07218620695460541,-2.048149573929855,-0.14436519393746836,nan,nan,nan,nan
3686,1756792700.9600275,,1756792700.9600275,False,9.437723973919455,-0.048027847209779546,-2.1186808991172974,-0.15721961859095138,nan,nan,nan,nan
3687,1756792700.9700503,,1756792700.9700503,False,9.482031602583818,-0.05103830473421243,-2.0904609204385713,-0.1450652070475195,nan,nan,nan,nan
3688,1756792700.9800265,,1756792700.9800265,False,9.513358255121194,-0.04217478013676286,-2.0335269564768903,-0.13671043863827195,nan,nan,nan,nan
3689,1756792700.9900105,,1756792700.9900105,False,9.584826546812856,-0.025099634268031665,-2.0357626273643485,-0.1367257140937787,nan,nan,nan,nan
3690,1756792701.0000274,,1756792701.0000274,False,9.648903561049854,-0.015454888435379451,-2.0405708428051303,-0.13772280909901108,nan,nan,nan,nan
3691,1756792701.01004,,1756792701.01004,False,9.720486172876187,-0.0043749050928065195,-2.031753535268808,-0.1372600079933363,nan,nan,nan,nan
3692,1756792701.020056,,1756792701.020056,False,9.802970751306137,0.02014397497590121,-2.024588417282799,-0.13707575665532196,nan,nan,nan,nan
3693,1756792701.0304532,,1756792701.0304532,False,9.845545488148506,0.013230138324016627,-1.94011849948402,-0.12728206266049363,nan,nan,nan,nan
3694,1756792701.0400188,,1756792701.0400188,False,9.893236999770057,0.034622828894192915,-1.8892427378892225,-0.12256763799258585,nan,nan,nan,nan
3695,1756792701.050032,,1756792701.050032,False,9.986066963234098,0.06700716372478219,-1.915663589103938,-0.12796112406185411,nan,nan,nan,nan
3696,1756792701.0600486,,1756792701.0600486,False,9.95322798723873,0.04359617529949693,-1.7438227502816377,-0.10933863326781545,nan,nan,nan,nan
3697,1756792701.070036,,1756792701.070036,False,10.095180496207691,0.11683501854808274,-1.8437280302764913,-0.1248212104304061,nan,nan,nan,nan
3698,1756792701.0800073,,1756792701.0800073,False,10.19301388710765,0.14457140753103928,-1.8426937525522573,-0.12549153792101428,nan,nan,nan,nan
3699,1756792701.0900042,,1756792701.0900042,False,10.247386701259229,0.16345279313885525,-1.7657634882298743,-0.11715836196591799,nan,nan,nan,nan
3700,1756792701.1000147,,1756792701.1000147,False,10.320963043444827,0.17552908698503317,-1.7240165736201114,-0.11316169908818866,nan,nan,nan,nan
3701,1756792701.1100752,,1756792701.1100752,False,10.39279089056323,0.2034881263352197,-1.6698918232025746,-0.10717629385321982,nan,nan,nan,nan
3702,1756792701.1200483,,1756792701.1200483,False,10.398994781238867,0.18277326103699792,-1.5234639449715393,-0.08849477843566475,nan,nan,nan,nan
3703,1756792701.1300123,,1756792701.1300123,False,10.476812388591256,0.2075330842701105,-1.4894275899804723,-0.08531100383275815,nan,nan,nan,nan
3704,1756792701.1400182,,1756792701.1400182,False,10.522504919637766,0.24170425947107446,-1.4272748425568678,-0.07792682733248066,nan,nan,nan,nan
3705,1756792701.1500652,,1756792701.1500652,False,10.579432912513838,0.25650491175016826,-1.3793566470094654,-0.07423627796999827,nan,nan,nan,nan
3706,1756792701.1600225,,1756792701.1600225,False,10.602160298767151,0.26450665528541717,-1.2931158339707773,-0.06268754475230437,nan,nan,nan,nan
3707,1756792701.1700127,,1756792701.1700127,False,10.640521932079263,0.28015301717395197,-1.2210231485153602,-0.056098797128902485,nan,nan,nan,nan
3708,1756792701.1800592,,1756792701.1800592,False,10.708168379670289,0.3098915454625601,-1.192549696036891,-0.053604460021447205,nan,nan,nan,nan
3709,1756792701.190016,,1756792701.190016,False,10.744285990765912,0.3315973871925362,-1.1222300785309998,-0.046080426077520976,nan,nan,nan,nan
3710,1756792701.200074,,1756792701.200074,False,10.809576169017848,0.3760732426882032,-1.0872188500676083,-0.043148365993769894,nan,nan,nan,nan
3711,1756792701.210027,,1756792701.210027,False,10.829274774705112,0.3780585850418219,-0.9971424708584055,-0.03217277781823896,nan,nan,nan,nan
3712,1756792701.2200124,,1756792701.2200124,False,10.862652104063862,0.40936195932639685,-0.9171641226958631,-0.02385206530329902,nan,nan,nan,nan
3713,1756792701.2300322,,1756792701.2300322,False,10.888677566412328,0.44804481379481614,-0.8656486178150139,-0.01797581911492312,nan,nan,nan,nan
3714,1756792701.2400422,,1756792701.2400422,False,10.876443816144432,0.44533348944066625,-0.7690636809440934,-0.008121903501846882,nan,nan,nan,nan
3715,1756792701.2501755,,1756792701.2501755,False,10.886422847352106,0.46516160913866594,-0.6971184336206628,-0.0025241603838461577,nan,nan,nan,nan
3716,1756792701.2600334,,1756792701.2600334,False,10.856515242065758,0.48684195417291276,-0.6012254297918889,0.007359043580798406,nan,nan,nan,nan
3717,1756792701.2701516,,1756792701.2701516,False,10.852978180139944,0.5191017544143558,-0.5170537545580227,0.013730253152263032,nan,nan,nan,nan
3718,1756792701.2800117,,1756792701.2800117,False,10.844863040899165,0.5436589281737676,-0.4482670841392724,0.018774506527858406,nan,nan,nan,nan
3719,1756792701.2900295,,1756792701.2900295,False,10.830604532615578,0.605469641225548,-0.34717333648518905,0.026599987763973335,nan,nan,nan,nan
3720,1756792701.300083,,1756792701.300083,False,10.797418054566812,0.6210551744179024,-0.2580184375242514,0.032651291249003435,nan,nan,nan,nan
3721,1756792701.3100405,,1756792701.3100405,False,10.76436580395057,0.6235261870458041,-0.16086203648933473,0.03899976578575683,nan,nan,nan,nan
3722,1756792701.3201597,,1756792701.3201597,False,10.734847403147336,0.6919619029737902,-0.07858356025894851,0.04388022083819331,nan,nan,nan,nan
3723,1756792701.3300154,,1756792701.3300154,False,10.688744319258667,0.7167562645266744,0.020025870473074258,0.051149443869619046,nan,nan,nan,nan
3724,1756792701.340043,,1756792701.340043,False,10.635185456455805,0.7513910243790807,0.12539835668143715,0.05692898678840521,nan,nan,nan,nan
3725,1756792701.3501983,,1756792701.3501983,False,10.586078040515531,0.7797675763168316,0.2204737107010746,0.061496461960493354,nan,nan,nan,nan
3726,1756792701.361798,,1756792701.361798,False,10.528380024565918,0.8791481141198323,0.33718636669902835,0.06693925689941739,nan,nan,nan,nan
3727,1756792701.370094,,1756792701.370094,False,10.470836280390081,0.8741261581048314,0.428738726062497,0.07165323538486193,nan,nan,nan,nan
3728,1756792701.3800175,,1756792701.3800175,False,10.408974919978485,0.9379159188350387,0.5268027486523077,0.07465762329163013,nan,nan,nan,nan
3729,1756792701.3900409,,1756792701.3900409,False,10.343186267082364,0.9534415174376415,0.6223355944091122,0.07774629477700172,nan,nan,nan,nan
3730,1756792701.4000301,,1756792701.4000301,False,10.29429904975866,1.0237962949105774,0.7032020656108279,0.07886495040134896,nan,nan,nan,nan
3731,1756792701.4100344,,1756792701.4100344,False,10.231827321104737,1.0899726783471404,0.8076783424641398,0.08106063731692298,nan,nan,nan,nan
3732,1756792701.4200227,,1756792701.4200227,False,10.175404608419296,1.1038950119645856,0.8884523649926818,0.08085564356566559,nan,nan,nan,nan
3733,1756792701.4300334,,1756792701.4300334,False,10.127713199026546,1.2090796786386206,1.0065643418846568,0.08139962917975868,nan,nan,nan,nan
3734,1756792701.4400177,,1756792701.4400177,False,10.065489717931191,1.269092691203899,1.1017497685206175,0.08082659102285322,nan,nan,nan,nan
3735,1756792701.4500794,,1756792701.4500794,False,10.007520839646578,1.353364550021475,1.2123438952532306,0.07940191163751448,nan,nan,nan,nan
3736,1756792701.46003,,1756792701.46003,False,9.950345722846652,1.367419068878985,1.3021657007048713,0.07696432401070061,nan,nan,nan,nan
3737,1756792701.470534,,1756792701.470534,False,9.872106077317843,1.1956835384320428,1.3018504981017667,0.07415095417664663,nan,nan,nan,nan
3738,1756792701.4800332,,1756792701.4800332,False,9.846275970527884,1.3870496879791785,1.4582273995362929,0.07014825976042377,nan,nan,nan,nan
3739,1756792701.490041,,1756792701.490041,False,9.82729729172041,1.5662197917514373,1.6114275406448266,0.0649060457942983,nan,nan,nan,nan
3740,1756792701.500033,,1756792701.500033,False,9.798521189515599,1.6248274081396543,1.7145358929976955,0.05840627862698986,nan,nan,nan,nan
3741,1756792701.5100625,,1756792701.5100625,False,9.776885164294066,1.7221234658514497,1.8112102584587702,0.049510966682308775,nan,nan,nan,nan
3742,1756792701.52004,,1756792701.52004,False,9.725913860921766,1.6661563853481696,1.834780702710195,0.0436184888272906,nan,nan,nan,nan
3743,1756792701.5300548,,1756792701.5300548,False,9.689328353810788,1.6790328886470187,1.887184680306514,0.03475326949991957,nan,nan,nan,nan
3744,1756792701.540064,,1756792701.540064,False,9.646832215699533,1.6312723676687118,1.8949964441172578,0.026625760285552563,nan,nan,nan,nan
3745,1756792701.550019,,1756792701.550019,False,9.659204742406558,1.7170098909955638,1.9809909637861889,0.014049825596955471,nan,nan,nan,nan
3746,1756792701.560023,,1756792701.560023,False,9.599604854416677,1.6294993178540336,1.9515652552382077,0.006896676543188824,nan,nan,nan,nan
3747,1756792701.5700948,,1756792701.5700948,False,9.612313945173502,1.710984171173974,2.0188340844055865,-0.007260365576660905,nan,nan,nan,nan
3748,1756792701.580032,,1756792701.580032,False,9.628301524010615,1.7753466146019636,2.093225309305137,-0.020712420974020686,nan,nan,nan,nan
3749,1756792701.590028,,1756792701.590028,False,9.60325180829534,1.7207595730769754,2.0870577083594997,-0.029318349829383385,nan,nan,nan,nan
3750,1756792701.6000376,,1756792701.6000376,False,9.63304207334408,1.7522577040747844,2.1253600052863337,-0.04205132272373208,nan,nan,nan,nan
3751,1756792701.6102939,,1756792701.6102939,False,9.643693919826031,1.7572872798696402,2.141373895613348,-0.05399572900776111,nan,nan,nan,nan
3752,1756792701.6200469,,1756792701.6200469,False,9.62801816597165,1.726060784248943,2.1288971245850496,-0.06326287471452664,nan,nan,nan,nan
3753,1756792701.6301017,,1756792701.6301017,False,9.58559751060163,1.6968438339768575,2.062668043324929,-0.07216424922720364,nan,nan,nan,nan
3754,1756792701.6400404,,1756792701.6400404,False,9.62985687614068,1.7411617994171504,2.0794560753227014,-0.08391276457098565,nan,nan,nan,nan
3755,1756792701.6500828,,1756792701.6500828,False,9.671943663855926,1.7324349582266438,2.0860515498572885,-0.09392094911209042,nan,nan,nan,nan
3756,1756792701.6601408,,1756792701.6601408,False,9.670156814606871,1.6664416496298784,2.03912360167082,-0.10024748415224952,nan,nan,nan,nan
3701,1756792701.1100752,,1756792701.1100752,False,10.39279089056323,0.2034881263352197,-1.6698918232025746,-0.10717629385321982,nan,nan,nan,nan
3702,1756792701.1200483,,1756792701.1200483,False,10.398994781238867,0.18277326103699792,-1.5234639449715393,-0.08849477843566475,nan,nan,nan,nan
3703,1756792701.1300123,,1756792701.1300123,False,10.476812388591256,0.2075330842701105,-1.4894275899804723,-0.08531100383275815,nan,nan,nan,nan
3704,1756792701.1400182,,1756792701.1400182,False,10.522504919637766,0.24170425947107446,-1.4272748425568678,-0.07792682733248066,nan,nan,nan,nan
3705,1756792701.1500652,,1756792701.1500652,False,10.579432912513838,0.25650491175016826,-1.3793566470094654,-0.07423627796999827,nan,nan,nan,nan
3706,1756792701.1600225,,1756792701.1600225,False,10.602160298767151,0.26450665528541717,-1.2931158339707773,-0.06268754475230437,nan,nan,nan,nan
3707,1756792701.1700127,,1756792701.1700127,False,10.640521932079263,0.28015301717395197,-1.2210231485153602,-0.056098797128902485,nan,nan,nan,nan
3708,1756792701.1800592,,1756792701.1800592,False,10.708168379670289,0.3098915454625601,-1.192549696036891,-0.053604460021447205,nan,nan,nan,nan
3709,1756792701.190016,,1756792701.190016,False,10.744285990765912,0.3315973871925362,-1.1222300785309998,-0.046080426077520976,nan,nan,nan,nan
3710,1756792701.200074,,1756792701.200074,False,10.809576169017848,0.3760732426882032,-1.0872188500676083,-0.043148365993769894,nan,nan,nan,nan
3711,1756792701.210027,,1756792701.210027,False,10.829274774705112,0.3780585850418219,-0.9971424708584055,-0.03217277781823896,nan,nan,nan,nan
3712,1756792701.2200124,,1756792701.2200124,False,10.862652104063862,0.40936195932639685,-0.9171641226958631,-0.02385206530329902,nan,nan,nan,nan
3713,1756792701.2300322,,1756792701.2300322,False,10.888677566412328,0.44804481379481614,-0.8656486178150139,-0.01797581911492312,nan,nan,nan,nan
3714,1756792701.2400422,,1756792701.2400422,False,10.876443816144432,0.44533348944066625,-0.7690636809440934,-0.008121903501846882,nan,nan,nan,nan
3715,1756792701.2501755,,1756792701.2501755,False,10.886422847352106,0.46516160913866594,-0.6971184336206628,-0.0025241603838461577,nan,nan,nan,nan
3716,1756792701.2600334,,1756792701.2600334,False,10.856515242065758,0.48684195417291276,-0.6012254297918889,0.007359043580798406,nan,nan,nan,nan
3717,1756792701.2701516,,1756792701.2701516,False,10.852978180139944,0.5191017544143558,-0.5170537545580227,0.013730253152263032,nan,nan,nan,nan
3718,1756792701.2800117,,1756792701.2800117,False,10.844863040899165,0.5436589281737676,-0.4482670841392724,0.018774506527858406,nan,nan,nan,nan
3719,1756792701.2900295,,1756792701.2900295,False,10.830604532615578,0.605469641225548,-0.34717333648518905,0.026599987763973335,nan,nan,nan,nan
3720,1756792701.300083,,1756792701.300083,False,10.797418054566812,0.6210551744179024,-0.2580184375242514,0.032651291249003435,nan,nan,nan,nan
3721,1756792701.3100405,,1756792701.3100405,False,10.76436580395057,0.6235261870458041,-0.16086203648933473,0.03899976578575683,nan,nan,nan,nan
3722,1756792701.3201597,,1756792701.3201597,False,10.734847403147336,0.6919619029737902,-0.07858356025894851,0.04388022083819331,nan,nan,nan,nan
3723,1756792701.3300154,,1756792701.3300154,False,10.688744319258667,0.7167562645266744,0.020025870473074258,0.051149443869619046,nan,nan,nan,nan
3724,1756792701.340043,,1756792701.340043,False,10.635185456455805,0.7513910243790807,0.12539835668143715,0.05692898678840521,nan,nan,nan,nan
3725,1756792701.3501983,,1756792701.3501983,False,10.586078040515531,0.7797675763168316,0.2204737107010746,0.061496461960493354,nan,nan,nan,nan
3726,1756792701.361798,,1756792701.361798,False,10.528380024565918,0.8791481141198323,0.33718636669902835,0.06693925689941739,nan,nan,nan,nan
3727,1756792701.370094,,1756792701.370094,False,10.470836280390081,0.8741261581048314,0.428738726062497,0.07165323538486193,nan,nan,nan,nan
3728,1756792701.3800175,,1756792701.3800175,False,10.408974919978485,0.9379159188350387,0.5268027486523077,0.07465762329163013,nan,nan,nan,nan
3729,1756792701.3900409,,1756792701.3900409,False,10.343186267082364,0.9534415174376415,0.6223355944091122,0.07774629477700172,nan,nan,nan,nan
3730,1756792701.4000301,,1756792701.4000301,False,10.29429904975866,1.0237962949105774,0.7032020656108279,0.07886495040134896,nan,nan,nan,nan
3731,1756792701.4100344,,1756792701.4100344,False,10.231827321104737,1.0899726783471404,0.8076783424641398,0.08106063731692298,nan,nan,nan,nan
3732,1756792701.4200227,,1756792701.4200227,False,10.175404608419296,1.1038950119645856,0.8884523649926818,0.08085564356566559,nan,nan,nan,nan
3733,1756792701.4300334,,1756792701.4300334,False,10.127713199026546,1.2090796786386206,1.0065643418846568,0.08139962917975868,nan,nan,nan,nan
3734,1756792701.4400177,,1756792701.4400177,False,10.065489717931191,1.269092691203899,1.1017497685206175,0.08082659102285322,nan,nan,nan,nan
3735,1756792701.4500794,,1756792701.4500794,False,10.007520839646578,1.353364550021475,1.2123438952532306,0.07940191163751448,nan,nan,nan,nan
3736,1756792701.46003,,1756792701.46003,False,9.950345722846652,1.367419068878985,1.3021657007048713,0.07696432401070061,nan,nan,nan,nan
3737,1756792701.470534,,1756792701.470534,False,9.872106077317843,1.1956835384320428,1.3018504981017667,0.07415095417664663,nan,nan,nan,nan
3738,1756792701.4800332,,1756792701.4800332,False,9.846275970527884,1.3870496879791785,1.4582273995362929,0.07014825976042377,nan,nan,nan,nan
3739,1756792701.490041,,1756792701.490041,False,9.82729729172041,1.5662197917514373,1.6114275406448266,0.0649060457942983,nan,nan,nan,nan
3740,1756792701.500033,,1756792701.500033,False,9.798521189515599,1.6248274081396543,1.7145358929976955,0.05840627862698986,nan,nan,nan,nan
3741,1756792701.5100625,,1756792701.5100625,False,9.776885164294066,1.7221234658514497,1.8112102584587702,0.049510966682308775,nan,nan,nan,nan
3742,1756792701.52004,,1756792701.52004,False,9.725913860921766,1.6661563853481696,1.834780702710195,0.0436184888272906,nan,nan,nan,nan
3743,1756792701.5300548,,1756792701.5300548,False,9.689328353810788,1.6790328886470187,1.887184680306514,0.03475326949991957,nan,nan,nan,nan
3744,1756792701.540064,,1756792701.540064,False,9.646832215699533,1.6312723676687118,1.8949964441172578,0.026625760285552563,nan,nan,nan,nan
3745,1756792701.550019,,1756792701.550019,False,9.659204742406558,1.7170098909955638,1.9809909637861889,0.014049825596955471,nan,nan,nan,nan
3746,1756792701.560023,,1756792701.560023,False,9.599604854416677,1.6294993178540336,1.9515652552382077,0.006896676543188824,nan,nan,nan,nan
3747,1756792701.5700948,,1756792701.5700948,False,9.612313945173502,1.710984171173974,2.0188340844055865,-0.007260365576660905,nan,nan,nan,nan
3748,1756792701.580032,,1756792701.580032,False,9.628301524010615,1.7753466146019636,2.093225309305137,-0.020712420974020686,nan,nan,nan,nan
3749,1756792701.590028,,1756792701.590028,False,9.60325180829534,1.7207595730769754,2.0870577083594997,-0.029318349829383385,nan,nan,nan,nan
3750,1756792701.6000376,,1756792701.6000376,False,9.63304207334408,1.7522577040747844,2.1253600052863337,-0.04205132272373208,nan,nan,nan,nan
3751,1756792701.6102939,,1756792701.6102939,False,9.643693919826031,1.7572872798696402,2.141373895613348,-0.05399572900776111,nan,nan,nan,nan
3752,1756792701.6200469,,1756792701.6200469,False,9.62801816597165,1.726060784248943,2.1288971245850496,-0.06326287471452664,nan,nan,nan,nan
3753,1756792701.6301017,,1756792701.6301017,False,9.58559751060163,1.6968438339768575,2.062668043324929,-0.07216424922720364,nan,nan,nan,nan
3754,1756792701.6400404,,1756792701.6400404,False,9.62985687614068,1.7411617994171504,2.0794560753227014,-0.08391276457098565,nan,nan,nan,nan
3755,1756792701.6500828,,1756792701.6500828,False,9.671943663855926,1.7324349582266438,2.0860515498572885,-0.09392094911209042,nan,nan,nan,nan
3756,1756792701.6601408,,1756792701.6601408,False,9.670156814606871,1.6664416496298784,2.03912360167082,-0.10024748415224952,nan,nan,nan,nan
3701,1756792701.1100752,,1756792701.1100752,False,10.39279089056323,0.2034881263352197,-1.6698918232025746,-0.10717629385321982,nan,nan,nan,nan
3702,1756792701.1200483,,1756792701.1200483,False,10.398994781238867,0.18277326103699792,-1.5234639449715393,-0.08849477843566475,nan,nan,nan,nan
3703,1756792701.1300123,,1756792701.1300123,False,10.476812388591256,0.2075330842701105,-1.4894275899804723,-0.08531100383275815,nan,nan,nan,nan
3704,1756792701.1400182,,1756792701.1400182,False,10.522504919637766,0.24170425947107446,-1.4272748425568678,-0.07792682733248066,nan,nan,nan,nan
3705,1756792701.1500652,,1756792701.1500652,False,10.579432912513838,0.25650491175016826,-1.3793566470094654,-0.07423627796999827,nan,nan,nan,nan
3706,1756792701.1600225,,1756792701.1600225,False,10.602160298767151,0.26450665528541717,-1.2931158339707773,-0.06268754475230437,nan,nan,nan,nan
3707,1756792701.1700127,,1756792701.1700127,False,10.640521932079263,0.28015301717395197,-1.2210231485153602,-0.056098797128902485,nan,nan,nan,nan
3708,1756792701.1800592,,1756792701.1800592,False,10.708168379670289,0.3098915454625601,-1.192549696036891,-0.053604460021447205,nan,nan,nan,nan
3709,1756792701.190016,,1756792701.190016,False,10.744285990765912,0.3315973871925362,-1.1222300785309998,-0.046080426077520976,nan,nan,nan,nan
3710,1756792701.200074,,1756792701.200074,False,10.809576169017848,0.3760732426882032,-1.0872188500676083,-0.043148365993769894,nan,nan,nan,nan
3711,1756792701.210027,,1756792701.210027,False,10.829274774705112,0.3780585850418219,-0.9971424708584055,-0.03217277781823896,nan,nan,nan,nan
3712,1756792701.2200124,,1756792701.2200124,False,10.862652104063862,0.40936195932639685,-0.9171641226958631,-0.02385206530329902,nan,nan,nan,nan
3713,1756792701.2300322,,1756792701.2300322,False,10.888677566412328,0.44804481379481614,-0.8656486178150139,-0.01797581911492312,nan,nan,nan,nan
3714,1756792701.2400422,,1756792701.2400422,False,10.876443816144432,0.44533348944066625,-0.7690636809440934,-0.008121903501846882,nan,nan,nan,nan
3715,1756792701.2501755,,1756792701.2501755,False,10.886422847352106,0.46516160913866594,-0.6971184336206628,-0.0025241603838461577,nan,nan,nan,nan
3716,1756792701.2600334,,1756792701.2600334,False,10.856515242065758,0.48684195417291276,-0.6012254297918889,0.007359043580798406,nan,nan,nan,nan
3717,1756792701.2701516,,1756792701.2701516,False,10.852978180139944,0.5191017544143558,-0.5170537545580227,0.013730253152263032,nan,nan,nan,nan
3718,1756792701.2800117,,1756792701.2800117,False,10.844863040899165,0.5436589281737676,-0.4482670841392724,0.018774506527858406,nan,nan,nan,nan
3719,1756792701.2900295,,1756792701.2900295,False,10.830604532615578,0.605469641225548,-0.34717333648518905,0.026599987763973335,nan,nan,nan,nan
3720,1756792701.300083,,1756792701.300083,False,10.797418054566812,0.6210551744179024,-0.2580184375242514,0.032651291249003435,nan,nan,nan,nan
3721,1756792701.3100405,,1756792701.3100405,False,10.76436580395057,0.6235261870458041,-0.16086203648933473,0.03899976578575683,nan,nan,nan,nan
3722,1756792701.3201597,,1756792701.3201597,False,10.734847403147336,0.6919619029737902,-0.07858356025894851,0.04388022083819331,nan,nan,nan,nan
3723,1756792701.3300154,,1756792701.3300154,False,10.688744319258667,0.7167562645266744,0.020025870473074258,0.051149443869619046,nan,nan,nan,nan
3724,1756792701.340043,,1756792701.340043,False,10.635185456455805,0.7513910243790807,0.12539835668143715,0.05692898678840521,nan,nan,nan,nan
3725,1756792701.3501983,,1756792701.3501983,False,10.586078040515531,0.7797675763168316,0.2204737107010746,0.061496461960493354,nan,nan,nan,nan
3726,1756792701.361798,,1756792701.361798,False,10.528380024565918,0.8791481141198323,0.33718636669902835,0.06693925689941739,nan,nan,nan,nan
3727,1756792701.370094,,1756792701.370094,False,10.470836280390081,0.8741261581048314,0.428738726062497,0.07165323538486193,nan,nan,nan,nan
3728,1756792701.3800175,,1756792701.3800175,False,10.408974919978485,0.9379159188350387,0.5268027486523077,0.07465762329163013,nan,nan,nan,nan
3729,1756792701.3900409,,1756792701.3900409,False,10.343186267082364,0.9534415174376415,0.6223355944091122,0.07774629477700172,nan,nan,nan,nan
3730,1756792701.4000301,,1756792701.4000301,False,10.29429904975866,1.0237962949105774,0.7032020656108279,0.07886495040134896,nan,nan,nan,nan
3731,1756792701.4100344,,1756792701.4100344,False,10.231827321104737,1.0899726783471404,0.8076783424641398,0.08106063731692298,nan,nan,nan,nan
3732,1756792701.4200227,,1756792701.4200227,False,10.175404608419296,1.1038950119645856,0.8884523649926818,0.08085564356566559,nan,nan,nan,nan
3733,1756792701.4300334,,1756792701.4300334,False,10.127713199026546,1.2090796786386206,1.0065643418846568,0.08139962917975868,nan,nan,nan,nan
3734,1756792701.4400177,,1756792701.4400177,False,10.065489717931191,1.269092691203899,1.1017497685206175,0.08082659102285322,nan,nan,nan,nan
3735,1756792701.4500794,,1756792701.4500794,False,10.007520839646578,1.353364550021475,1.2123438952532306,0.07940191163751448,nan,nan,nan,nan
3736,1756792701.46003,,1756792701.46003,False,9.950345722846652,1.367419068878985,1.3021657007048713,0.07696432401070061,nan,nan,nan,nan
3737,1756792701.470534,,1756792701.470534,False,9.872106077317843,1.1956835384320428,1.3018504981017667,0.07415095417664663,nan,nan,nan,nan
3738,1756792701.4800332,,1756792701.4800332,False,9.846275970527884,1.3870496879791785,1.4582273995362929,0.07014825976042377,nan,nan,nan,nan
3739,1756792701.490041,,1756792701.490041,False,9.82729729172041,1.5662197917514373,1.6114275406448266,0.0649060457942983,nan,nan,nan,nan
3740,1756792701.500033,,1756792701.500033,False,9.798521189515599,1.6248274081396543,1.7145358929976955,0.05840627862698986,nan,nan,nan,nan
3741,1756792701.5100625,,1756792701.5100625,False,9.776885164294066,1.7221234658514497,1.8112102584587702,0.049510966682308775,nan,nan,nan,nan
3742,1756792701.52004,,1756792701.52004,False,9.725913860921766,1.6661563853481696,1.834780702710195,0.0436184888272906,nan,nan,nan,nan
3743,1756792701.5300548,,1756792701.5300548,False,9.689328353810788,1.6790328886470187,1.887184680306514,0.03475326949991957,nan,nan,nan,nan
3744,1756792701.540064,,1756792701.540064,False,9.646832215699533,1.6312723676687118,1.8949964441172578,0.026625760285552563,nan,nan,nan,nan
3745,1756792701.550019,,1756792701.550019,False,9.659204742406558,1.7170098909955638,1.9809909637861889,0.014049825596955471,nan,nan,nan,nan
3746,1756792701.560023,,1756792701.560023,False,9.599604854416677,1.6294993178540336,1.9515652552382077,0.006896676543188824,nan,nan,nan,nan
3747,1756792701.5700948,,1756792701.5700948,False,9.612313945173502,1.710984171173974,2.0188340844055865,-0.007260365576660905,nan,nan,nan,nan
3748,1756792701.580032,,1756792701.580032,False,9.628301524010615,1.7753466146019636,2.093225309305137,-0.020712420974020686,nan,nan,nan,nan
3749,1756792701.590028,,1756792701.590028,False,9.60325180829534,1.7207595730769754,2.0870577083594997,-0.029318349829383385,nan,nan,nan,nan
3750,1756792701.6000376,,1756792701.6000376,False,9.63304207334408,1.7522577040747844,2.1253600052863337,-0.04205132272373208,nan,nan,nan,nan
3751,1756792701.6102939,,1756792701.6102939,False,9.643693919826031,1.7572872798696402,2.141373895613348,-0.05399572900776111,nan,nan,nan,nan
3752,1756792701.6200469,,1756792701.6200469,False,9.62801816597165,1.726060784248943,2.1288971245850496,-0.06326287471452664,nan,nan,nan,nan
3753,1756792701.6301017,,1756792701.6301017,False,9.58559751060163,1.6968438339768575,2.062668043324929,-0.07216424922720364,nan,nan,nan,nan
3754,1756792701.6400404,,1756792701.6400404,False,9.62985687614068,1.7411617994171504,2.0794560753227014,-0.08391276457098565,nan,nan,nan,nan
3755,1756792701.6500828,,1756792701.6500828,False,9.671943663855926,1.7324349582266438,2.0860515498572885,-0.09392094911209042,nan,nan,nan,nan
3756,1756792701.6601408,,1756792701.6601408,False,9.670156814606871,1.6664416496298784,2.03912360167082,-0.10024748415224952,nan,nan,nan,nan
3757,1756792701.6700342,,1756792701.6700342,False,9.71292913169926,1.676251471319193,2.034160377352071,-0.11181585147975506,nan,nan,nan,nan
3758,1756792701.6800294,,1756792701.6800294,False,9.686642676400984,1.5862049129883855,1.9607628416511325,-0.11321123781797847,nan,nan,nan,nan
3759,1756792701.690081,,1756792701.690081,False,9.693476272581282,1.5115662918896047,1.9002289642165815,-0.11615103418700187,nan,nan,nan,nan
3760,1756792701.7000089,,1756792701.7000089,False,9.75057637473979,1.5177378607373053,1.8837253688009867,-0.1259226636656683,nan,nan,nan,nan
3761,1756792701.7100265,,1756792701.7100265,False,9.724441700796579,1.438385915590666,1.8002415941754744,-0.12603938511862137,nan,nan,nan,nan
3762,1756792701.720019,,1756792701.720019,False,9.783591247682336,1.4318590110224165,1.7810718261814278,-0.13340269503358138,nan,nan,nan,nan
3763,1756792701.7300143,,1756792701.7300143,False,9.836002826491427,1.4084809557541917,1.7368536973230138,-0.13805150508718883,nan,nan,nan,nan
3764,1756792701.7400131,,1756792701.7400131,False,9.796206651167804,1.300741322997489,1.6207910967286132,-0.13103697538649586,nan,nan,nan,nan
3765,1756792701.7501633,,1756792701.7501633,False,9.824991389522822,1.2370199478045485,1.5692687532485838,-0.1313621856984412,nan,nan,nan,nan
3766,1756792701.7600243,,1756792701.7600243,False,9.810344882503953,1.155041557856772,1.464308760129016,-0.12567735588862886,nan,nan,nan,nan
3767,1756792701.7701066,,1756792701.7701066,False,9.870240415345819,1.1340434666804133,1.4300732707694077,-0.12866328754090517,nan,nan,nan,nan
3768,1756792701.7800205,,1756792701.7800205,False,9.855360502711841,1.0516152694128076,1.3198689317386372,-0.11970393507472345,nan,nan,nan,nan
3769,1756792701.7900238,,1756792701.7900238,False,9.86184402116859,0.9720297076329619,1.2205941948060832,-0.11126542637204442,nan,nan,nan,nan
3770,1756792701.8002944,,1756792701.8002944,False,9.876461027069348,0.9145769890964798,1.1543004671613206,-0.10739336118095756,nan,nan,nan,nan
3771,1756792701.8100271,,1756792701.8100271,False,9.850957947878268,0.8217892097574777,1.0362442842875086,-0.09568142167754888,nan,nan,nan,nan
3772,1756792701.8200207,,1756792701.8200207,False,9.807881942159904,0.7080964568829865,0.9055646268548686,-0.0800477215499387,nan,nan,nan,nan
3757,1756792701.6700342,,1756792701.6700342,False,9.71292913169926,1.676251471319193,2.034160377352071,-0.11181585147975506,nan,nan,nan,nan
3758,1756792701.6800294,,1756792701.6800294,False,9.686642676400984,1.5862049129883855,1.9607628416511325,-0.11321123781797847,nan,nan,nan,nan
3759,1756792701.690081,,1756792701.690081,False,9.693476272581282,1.5115662918896047,1.9002289642165815,-0.11615103418700187,nan,nan,nan,nan
3760,1756792701.7000089,,1756792701.7000089,False,9.75057637473979,1.5177378607373053,1.8837253688009867,-0.1259226636656683,nan,nan,nan,nan
3761,1756792701.7100265,,1756792701.7100265,False,9.724441700796579,1.438385915590666,1.8002415941754744,-0.12603938511862137,nan,nan,nan,nan
3762,1756792701.720019,,1756792701.720019,False,9.783591247682336,1.4318590110224165,1.7810718261814278,-0.13340269503358138,nan,nan,nan,nan
3763,1756792701.7300143,,1756792701.7300143,False,9.836002826491427,1.4084809557541917,1.7368536973230138,-0.13805150508718883,nan,nan,nan,nan
3764,1756792701.7400131,,1756792701.7400131,False,9.796206651167804,1.300741322997489,1.6207910967286132,-0.13103697538649586,nan,nan,nan,nan
3765,1756792701.7501633,,1756792701.7501633,False,9.824991389522822,1.2370199478045485,1.5692687532485838,-0.1313621856984412,nan,nan,nan,nan
3766,1756792701.7600243,,1756792701.7600243,False,9.810344882503953,1.155041557856772,1.464308760129016,-0.12567735588862886,nan,nan,nan,nan
3767,1756792701.7701066,,1756792701.7701066,False,9.870240415345819,1.1340434666804133,1.4300732707694077,-0.12866328754090517,nan,nan,nan,nan
3768,1756792701.7800205,,1756792701.7800205,False,9.855360502711841,1.0516152694128076,1.3198689317386372,-0.11970393507472345,nan,nan,nan,nan
3769,1756792701.7900238,,1756792701.7900238,False,9.86184402116859,0.9720297076329619,1.2205941948060832,-0.11126542637204442,nan,nan,nan,nan
3770,1756792701.8002944,,1756792701.8002944,False,9.876461027069348,0.9145769890964798,1.1543004671613206,-0.10739336118095756,nan,nan,nan,nan
3771,1756792701.8100271,,1756792701.8100271,False,9.850957947878268,0.8217892097574777,1.0362442842875086,-0.09568142167754888,nan,nan,nan,nan
3772,1756792701.8200207,,1756792701.8200207,False,9.807881942159904,0.7080964568829865,0.9055646268548686,-0.0800477215499387,nan,nan,nan,nan
3757,1756792701.6700342,,1756792701.6700342,False,9.71292913169926,1.676251471319193,2.034160377352071,-0.11181585147975506,nan,nan,nan,nan
3758,1756792701.6800294,,1756792701.6800294,False,9.686642676400984,1.5862049129883855,1.9607628416511325,-0.11321123781797847,nan,nan,nan,nan
3759,1756792701.690081,,1756792701.690081,False,9.693476272581282,1.5115662918896047,1.9002289642165815,-0.11615103418700187,nan,nan,nan,nan
3760,1756792701.7000089,,1756792701.7000089,False,9.75057637473979,1.5177378607373053,1.8837253688009867,-0.1259226636656683,nan,nan,nan,nan
3761,1756792701.7100265,,1756792701.7100265,False,9.724441700796579,1.438385915590666,1.8002415941754744,-0.12603938511862137,nan,nan,nan,nan
3762,1756792701.720019,,1756792701.720019,False,9.783591247682336,1.4318590110224165,1.7810718261814278,-0.13340269503358138,nan,nan,nan,nan
3763,1756792701.7300143,,1756792701.7300143,False,9.836002826491427,1.4084809557541917,1.7368536973230138,-0.13805150508718883,nan,nan,nan,nan
3764,1756792701.7400131,,1756792701.7400131,False,9.796206651167804,1.300741322997489,1.6207910967286132,-0.13103697538649586,nan,nan,nan,nan
3765,1756792701.7501633,,1756792701.7501633,False,9.824991389522822,1.2370199478045485,1.5692687532485838,-0.1313621856984412,nan,nan,nan,nan
3766,1756792701.7600243,,1756792701.7600243,False,9.810344882503953,1.155041557856772,1.464308760129016,-0.12567735588862886,nan,nan,nan,nan
3767,1756792701.7701066,,1756792701.7701066,False,9.870240415345819,1.1340434666804133,1.4300732707694077,-0.12866328754090517,nan,nan,nan,nan
3768,1756792701.7800205,,1756792701.7800205,False,9.855360502711841,1.0516152694128076,1.3198689317386372,-0.11970393507472345,nan,nan,nan,nan
3769,1756792701.7900238,,1756792701.7900238,False,9.86184402116859,0.9720297076329619,1.2205941948060832,-0.11126542637204442,nan,nan,nan,nan
3770,1756792701.8002944,,1756792701.8002944,False,9.876461027069348,0.9145769890964798,1.1543004671613206,-0.10739336118095756,nan,nan,nan,nan
3771,1756792701.8100271,,1756792701.8100271,False,9.850957947878268,0.8217892097574777,1.0362442842875086,-0.09568142167754888,nan,nan,nan,nan
3772,1756792701.8200207,,1756792701.8200207,False,9.807881942159904,0.7080964568829865,0.9055646268548686,-0.0800477215499387,nan,nan,nan,nan
3773,1756792701.8300807,,1756792701.8300807,False,9.8431847192996,0.6825446589492395,0.8495588915385934,-0.0761341876371219,nan,nan,nan,nan
3774,1756792701.8400424,,1756792701.8400424,False,9.803224804770327,0.5700829938425848,0.718999812216141,-0.06030552069161828,nan,nan,nan,nan
3775,1756792701.8500714,,1756792701.8500714,False,9.831764659717932,0.5283914964729866,0.6477396057489623,-0.051742112419146294,nan,nan,nan,nan
3776,1756792701.8600476,,1756792701.8600476,False,9.83083938718595,0.4540789434900888,0.5430435807862978,-0.037886441668907096,nan,nan,nan,nan
3777,1756792701.8701715,,1756792701.8701715,False,9.805753485315725,0.3695564168876937,0.44176619442356885,-0.02404219117123639,nan,nan,nan,nan
3778,1756792701.8800302,,1756792701.8800302,False,9.81129686826826,0.3067209414671688,0.3332366345764661,-0.010269927904666264,nan,nan,nan,nan
3779,1756792701.8900418,,1756792701.8900418,False,9.764656446765159,0.2154444059867991,0.19810774353900767,0.00778465384642877,nan,nan,nan,nan
3780,1756792701.9000537,,1756792701.9000537,False,9.740288621766808,0.14029163442745488,0.10155552679010034,0.021552721193258236,nan,nan,nan,nan
3781,1756792701.9100218,,1756792701.9100218,False,9.7211897527911,0.06664025886039444,-0.017182597834971895,0.03806622424543904,nan,nan,nan,nan
3782,1756792701.9200754,,1756792701.9200754,False,9.784924869242753,0.031272034539838074,-0.08562294954981443,0.050080049821296255,nan,nan,nan,nan
3783,1756792701.9301498,,1756792701.9301498,False,9.803041192139254,-0.013930428477239137,-0.14326158017866544,0.06053572661662741,nan,nan,nan,nan
3784,1756792701.940079,,1756792701.940079,False,9.774796191834781,-0.09696451354424651,-0.24889639233553784,0.07577418793282491,nan,nan,nan,nan
3785,1756792701.9501233,,1756792701.9501233,False,9.758683437582574,-0.15988851730721576,-0.3305624331716397,0.08944668276981582,nan,nan,nan,nan
3786,1756792701.960025,,1756792701.960025,False,9.734601254726972,-0.23298920353476135,-0.427304942545109,0.10350486435824582,nan,nan,nan,nan
3787,1756792701.9700363,,1756792701.9700363,False,9.756006759843405,-0.2866243723974351,-0.4795414898063718,0.11292577735664043,nan,nan,nan,nan
3788,1756792701.9800901,,1756792701.9800901,False,9.734079211928146,-0.35065534821322114,-0.5321245213821674,0.12243635492949044,nan,nan,nan,nan
3789,1756792701.9900358,,1756792701.9900358,False,9.723071183626496,-0.41385786577786166,-0.5800554567140521,0.13002814293440387,nan,nan,nan,nan
3790,1756792702.001876,,1756792702.001876,False,9.725261339457735,-0.4781949463752406,-0.6054692118245311,0.1368783135609726,nan,nan,nan,nan
3791,1756792702.0100358,,1756792702.0100358,False,9.712730033248487,-0.5309067025104836,-0.6261888178806756,0.14091778448160078,nan,nan,nan,nan
3792,1756792702.0201278,,1756792702.0201278,False,9.723179173907479,-0.5852619719440818,-0.6351552684046148,0.14422992903131693,nan,nan,nan,nan
3793,1756792702.0300949,,1756792702.0300949,False,9.730717018368575,-0.6452863558658571,-0.6482258454843816,0.14712376937420096,nan,nan,nan,nan
3794,1756792702.0400445,,1756792702.0400445,False,9.707386282777593,-0.7048938273526277,-0.6647779979185908,0.14913280138573765,nan,nan,nan,nan
3795,1756792702.0500407,,1756792702.0500407,False,9.715111142211589,-0.7586676734247358,-0.6635261897104032,0.14984164061501162,nan,nan,nan,nan
3796,1756792702.0600357,,1756792702.0600357,False,9.685278363113829,-0.8077097180838585,-0.6697624759332499,0.14942896000098643,nan,nan,nan,nan
3797,1756792702.0702558,,1756792702.0702558,False,9.66606305232041,-0.8758411390070326,-0.6598419277428895,0.14687993412700212,nan,nan,nan,nan
3798,1756792702.0800445,,1756792702.0800445,False,9.668875598435337,-0.919934325696724,-0.632938812085166,0.14290027224338978,nan,nan,nan,nan
3799,1756792702.0900497,,1756792702.0900497,False,9.683173095375363,-0.955694715051625,-0.601094472876289,0.13725790248869016,nan,nan,nan,nan
3800,1756792702.1000326,,1756792702.1000326,False,9.668834176896322,-1.0139790836460827,-0.5867083384468866,0.1321971709332319,nan,nan,nan,nan
3801,1756792702.1100488,,1756792702.1100488,False,9.663474251812517,-1.058887121613946,-0.5552528516676913,0.12647536020292802,nan,nan,nan,nan
3802,1756792702.1200209,,1756792702.1200209,False,9.64335399649801,-1.1240880770222759,-0.5423295820099129,0.12185381287337545,nan,nan,nan,nan
3803,1756792702.1300373,,1756792702.1300373,False,9.626662053936453,-1.154108319309213,-0.5102883040840641,0.1139963171082284,nan,nan,nan,nan
3804,1756792702.1400316,,1756792702.1400316,False,9.649594115297212,-1.1981501812944153,-0.4547678804793782,0.10718653006529623,nan,nan,nan,nan
3805,1756792702.1504865,,1756792702.1504865,False,9.653849174212079,-1.251191432489385,-0.4339428695173575,0.10123632379878532,nan,nan,nan,nan
3806,1756792702.1600258,,1756792702.1600258,False,9.65417016072116,-1.2826807956418433,-0.38623054595502293,0.09396670827539359,nan,nan,nan,nan
3807,1756792702.170063,,1756792702.170063,False,9.66128742164635,-1.315902935428073,-0.33323179772716544,0.08629968107342528,nan,nan,nan,nan
3808,1756792702.1800342,,1756792702.1800342,False,9.63461909692088,-1.3618628643762616,-0.3149611866395305,0.07934351254296608,nan,nan,nan,nan
3809,1756792702.190026,,1756792702.190026,False,9.6343062034809,-1.3912668568971578,-0.26388151632660806,0.07333670821975707,nan,nan,nan,nan
3810,1756792702.2000763,,1756792702.2000763,False,9.666751921617701,-1.4376322610942414,-0.21930985918734283,0.06714045562153277,nan,nan,nan,nan
3811,1756792702.2100234,,1756792702.2100234,False,9.690285662825476,-1.449745495520063,-0.14304508125990273,0.06259697188985465,nan,nan,nan,nan
3812,1756792702.2200592,,1756792702.2200592,False,9.73483661520902,-1.4821612097413084,-0.07875965489744596,0.05782832665222108,nan,nan,nan,nan
3813,1756792702.2300425,,1756792702.2300425,False,9.74892577356434,-1.5123624274337295,-0.010820735798411165,0.054702024905945425,nan,nan,nan,nan
3814,1756792702.2400272,,1756792702.2400272,False,9.734864327293858,-1.5365789120922106,0.05513186097150621,0.05223832399861342,nan,nan,nan,nan
3815,1756792702.2500303,,1756792702.2500303,False,9.786441576759277,-1.5686110289690764,0.11255964186915066,0.04920990867925856,nan,nan,nan,nan
3816,1756792702.2600377,,1756792702.2600377,False,9.801779595507377,-1.560049977020886,0.18187303082869394,0.047536663991188444,nan,nan,nan,nan
3817,1756792702.270027,,1756792702.270027,False,9.839267619163763,-1.5834592597389032,0.25650761124979327,0.046411647213577635,nan,nan,nan,nan
3818,1756792702.280014,,1756792702.280014,False,9.852057500836965,-1.5852736527100981,0.3394777636154655,0.047591544719636204,nan,nan,nan,nan
3819,1756792702.2900276,,1756792702.2900276,False,9.893650992313438,-1.5798569134227944,0.43462572183464826,0.051408345291281625,nan,nan,nan,nan
3820,1756792702.3000326,,1756792702.3000326,False,9.95977880325475,-1.6094755147353113,0.5245557581765726,0.054779054723933095,nan,nan,nan,nan
3821,1756792702.3100266,,1756792702.3100266,False,10.003090351474436,-1.6109054764725257,0.611515073007374,0.05778037612480316,nan,nan,nan,nan
3822,1756792702.320054,,1756792702.320054,False,10.058613825265246,-1.6267488512730228,0.6969531047082741,0.06235471718376877,nan,nan,nan,nan
3823,1756792702.3300247,,1756792702.3300247,False,10.127853997636985,-1.6158182602511084,0.7762400028892399,0.06835224783588584,nan,nan,nan,nan
3824,1756792702.3400395,,1756792702.3400395,False,10.218715782856266,-1.6102894201257,0.855212802870968,0.07524760919136057,nan,nan,nan,nan
3825,1756792702.3500185,,1756792702.3500185,False,10.297190829905674,-1.6176277675297208,0.9373157701712224,0.08438433036515833,nan,nan,nan,nan
3826,1756792702.3600643,,1756792702.3600643,False,10.39181201119918,-1.570236675880786,1.0108460966727462,0.09162949684784041,nan,nan,nan,nan
3827,1756792702.370008,,1756792702.370008,False,10.468386868884114,-1.5285864139327334,1.0844803160792813,0.10089736176162287,nan,nan,nan,nan
3828,1756792702.3800561,,1756792702.3800561,False,10.554056474593523,-1.519301668153613,1.1567883039556035,0.11200141070573649,nan,nan,nan,nan
3829,1756792702.3900204,,1756792702.3900204,False,10.648407422904965,-1.4738378781281536,1.2179280666664563,0.1232048379773892,nan,nan,nan,nan
3830,1756792702.4005773,,1756792702.4005773,False,10.770877430043589,-1.449286393355179,1.2809760263825076,0.1349154839773732,nan,nan,nan,nan
3831,1756792702.4100332,,1756792702.4100332,False,10.841523284033304,-1.3929671126202121,1.3296318164926972,0.14507415998724446,nan,nan,nan,nan
3832,1756792702.4200315,,1756792702.4200315,False,10.957073187666722,-1.3144466942848163,1.351675006736114,0.15516679666691563,nan,nan,nan,nan
3833,1756792702.4300976,,1756792702.4300976,False,11.080952220156554,-1.2536926712941552,1.3774133857611361,0.1658479214822009,nan,nan,nan,nan
3834,1756792702.440032,,1756792702.440032,False,11.219516989825278,-1.1887161363821555,1.3871788007401602,0.1757875605360465,nan,nan,nan,nan
3835,1756792702.4500334,,1756792702.4500334,False,11.305846616576083,-1.0926301440627813,1.3960617794917471,0.184746932630282,nan,nan,nan,nan
3836,1756792702.4600632,,1756792702.4600632,False,11.383843728182207,-1.000416179816733,1.389980958165391,0.1916271361257284,nan,nan,nan,nan
3837,1756792702.4702346,,1756792702.4702346,False,11.462107580519884,-0.8973766655125534,1.3637287055760563,0.19832541201570913,nan,nan,nan,nan
3838,1756792702.4800255,,1756792702.4800255,False,11.543015697300298,-0.8371131435755814,1.3797614578502737,0.20770853638432754,nan,nan,nan,nan
3839,1756792702.49007,,1756792702.49007,False,11.675173443824823,-0.7196394638464289,1.319650460455228,0.2115543721413073,nan,nan,nan,nan
3840,1756792702.5000398,,1756792702.5000398,False,11.744639672323286,-0.5876153486657134,1.2719933930730691,0.2114288576725351,nan,nan,nan,nan
3841,1756792702.5100377,,1756792702.5100377,False,11.78661454462384,-0.4960508452197393,1.243185283257989,0.21513945684793265,nan,nan,nan,nan
3842,1756792702.5200326,,1756792702.5200326,False,11.85289380228856,-0.39976331147937616,1.2095878423234914,0.2185516389950491,nan,nan,nan,nan
3843,1756792702.530035,,1756792702.530035,False,11.884746456348136,-0.27336450185174715,1.1427396393236933,0.21598532208179008,nan,nan,nan,nan
3844,1756792702.5400226,,1756792702.5400226,False,11.898059618677799,-0.15313345317160243,1.0851108905224311,0.21218457980891758,nan,nan,nan,nan
3845,1756792702.5500088,,1756792702.5500088,False,11.929681665680283,-0.033874699894014905,1.0360682100540695,0.21058638968160406,nan,nan,nan,nan
3846,1756792702.5600142,,1756792702.5600142,False,11.921933961952893,0.1214087698869778,0.9417364742607692,0.20162731877098694,nan,nan,nan,nan
3847,1756792702.5700276,,1756792702.5700276,False,11.925881218159782,0.23913093560844145,0.8981124687849963,0.19763894547407884,nan,nan,nan,nan
3848,1756792702.580044,,1756792702.580044,False,11.908008815172614,0.3855307362195188,0.8188464083432572,0.18811137472805162,nan,nan,nan,nan
3849,1756792702.5900674,,1756792702.5900674,False,11.891172129543786,0.5026380045585647,0.7493784877011783,0.18164100692071608,nan,nan,nan,nan
3850,1756792702.6000502,,1756792702.6000502,False,11.865745477508787,0.6717322327590166,0.6546369099283896,0.1708557370722693,nan,nan,nan,nan
3851,1756792702.6100817,,1756792702.6100817,False,11.802322830117573,0.867031845939918,0.5254796126276237,0.15478748575704257,nan,nan,nan,nan
3852,1756792702.620025,,1756792702.620025,False,11.751101290863861,1.0473313669035633,0.4179564562894853,0.1419291360567989,nan,nan,nan,nan
3853,1756792702.6300237,,1756792702.6300237,False,11.711339576321057,1.1941407572727003,0.3554182910623038,0.13348458917443004,nan,nan,nan,nan
3854,1756792702.6400447,,1756792702.6400447,False,11.667582384025456,1.368484036410607,0.2519118439084502,0.12461153084194218,nan,nan,nan,nan
3855,1756792702.6500616,,1756792702.6500616,False,11.612988202592502,1.5563385796773146,0.1282711322327543,0.11350240585448437,nan,nan,nan,nan
3856,1756792702.6600778,,1756792702.6600778,False,11.606625522215706,1.7611039190476894,0.06782694905293873,0.10843456396386494,nan,nan,nan,nan
3857,1756792702.6700346,,1756792702.6700346,False,11.54982210574589,1.9424247690843415,-0.1167662301294154,0.09289322255865388,nan,nan,nan,nan
3858,1756792702.6800396,,1756792702.6800396,False,11.531999237625351,2.123816865187244,-0.24337898439352193,0.08520438106253567,nan,nan,nan,nan
3859,1756792702.6900213,,1756792702.6900213,False,11.526462587073793,2.2987786520610847,-0.3854101951709295,0.07613469780368158,nan,nan,nan,nan
3860,1756792702.7002127,,1756792702.7002127,False,11.53687810797809,2.4428007277527914,-0.48417784735965835,0.0725158562916832,nan,nan,nan,nan
3861,1756792702.7100677,,1756792702.7100677,False,11.548336194333393,2.604137851686353,-0.6404672166009383,0.06966131064181363,nan,nan,nan,nan
3862,1756792702.7201312,,1756792702.7201312,False,11.58472943342475,2.7167869584708297,-0.7483928928360934,0.06885436461182907,nan,nan,nan,nan
3863,1756792702.7300277,,1756792702.7300277,False,11.63740280784538,2.8908829817997646,-0.9021171396691368,0.07045005851397905,nan,nan,nan,nan
3864,1756792702.7400775,,1756792702.7400775,False,11.706653241795639,2.982880136452265,-1.0170397151869583,0.07254324438796762,nan,nan,nan,nan
3865,1756792702.7500188,,1756792702.7500188,False,11.803355124062252,3.0587724023859963,-1.1014703921826228,0.0773556345563195,nan,nan,nan,nan
3866,1756792702.7600572,,1756792702.7600572,False,11.898169380866108,3.151696709620964,-1.2642907848588563,0.08759370106215762,nan,nan,nan,nan
3867,1756792702.7700672,,1756792702.7700672,False,11.958034082495896,3.1694401122683318,-1.3593876457022223,0.0971329591786345,nan,nan,nan,nan
3868,1756792702.780023,,1756792702.780023,False,12.079926755051181,3.2226339600187073,-1.4707994957892958,0.11109494806416335,nan,nan,nan,nan
3869,1756792702.7900226,,1756792702.7900226,False,12.202988964120022,3.216309412920434,-1.55831085840831,0.12338363780166631,nan,nan,nan,nan
3870,1756792702.8000433,,1756792702.8000433,False,12.355549073749083,3.2261860283782844,-1.664366276383876,0.14183167152688253,nan,nan,nan,nan
3871,1756792702.8100324,,1756792702.8100324,False,12.47484669712675,3.2034950597758263,-1.7508566911960763,0.1616790629629588,nan,nan,nan,nan
3872,1756792702.820011,,1756792702.820011,False,12.578612886978396,3.1362842810533267,-1.8178190092949018,0.18329100622893751,nan,nan,nan,nan
3873,1756792702.8300307,,1756792702.8300307,False,12.704762735389616,3.0648763251704825,-1.8507161995846693,0.2003005027174256,nan,nan,nan,nan
3874,1756792702.840043,,1756792702.840043,False,12.781741535159039,2.9625764786084092,-1.897147752648763,0.2204862897422652,nan,nan,nan,nan
3875,1756792702.8500295,,1756792702.8500295,False,12.886983423665328,2.876632348685738,-1.90462667477975,0.23575746685486065,nan,nan,nan,nan
3876,1756792702.860014,,1756792702.860014,False,12.979859276875393,2.781987601185352,-1.9803054055912186,0.2635907674034151,nan,nan,nan,nan
3877,1756792702.870026,,1756792702.870026,False,12.997384539707316,2.643869828678938,-1.9832166552227573,0.27651713222931684,nan,nan,nan,nan
3878,1756792702.8800118,,1756792702.8800118,False,13.105702136491578,2.550646117147128,-2.0061971526637734,0.29808716803358043,nan,nan,nan,nan
3879,1756792702.8900187,,1756792702.8900187,False,13.156676080026694,2.423108991401325,-2.0325637738194056,0.31553843792075387,nan,nan,nan,nan
3880,1756792702.9000196,,1756792702.9000196,False,13.242817291279863,2.308318258693445,-2.034514760094674,0.33054078550770283,nan,nan,nan,nan
3881,1756792702.91003,,1756792702.91003,False,13.196717809624648,2.1174172727190936,-1.9523250116471922,0.3212092270169383,nan,nan,nan,nan
3882,1756792702.920027,,1756792702.920027,False,13.306011503807428,2.0337431815625813,-2.049681683597155,0.3574248567482977,nan,nan,nan,nan
3883,1756792702.9300418,,1756792702.9300418,False,13.363690552198134,1.919652758177314,-2.169658343263731,0.39609912887626597,nan,nan,nan,nan
3884,1756792702.9400463,,1756792702.9400463,False,13.330249947133252,1.7419828175285668,-2.1253149961725817,0.39156058389913667,nan,nan,nan,nan
3885,1756792702.950049,,1756792702.950049,False,13.335543793258159,1.5919344857606683,-2.1082926444589853,0.39424807882820445,nan,nan,nan,nan
3886,1756792702.9600396,,1756792702.9600396,False,13.266158474647947,1.3883659247074829,-2.0522764064900882,0.38560934515485634,nan,nan,nan,nan
3887,1756792702.9702187,,1756792702.9702187,False,13.199383117623084,1.1866787799932246,-2.0201026062190364,0.3832254848830865,nan,nan,nan,nan
3888,1756792702.980037,,1756792702.980037,False,13.174955178777536,1.0197799112583028,-1.9961397278117545,0.3848808878581617,nan,nan,nan,nan
3889,1756792702.9900362,,1756792702.9900362,False,13.085902624144651,0.8145808672019492,-1.9640574427025717,0.38001406932508813,nan,nan,nan,nan
3890,1756792703.00004,,1756792703.00004,False,13.031037839147007,0.6360559074831585,-1.9659941347838206,0.3836504860590012,nan,nan,nan,nan
3891,1756792703.0101225,,1756792703.0101225,False,12.921592847662966,0.4128303182856125,-1.9420164085859821,0.3785265474025009,nan,nan,nan,nan
3892,1756792703.0200384,,1756792703.0200384,False,12.79169899422907,0.17696768159724818,-1.876460008157393,0.36373022314580367,nan,nan,nan,nan
3893,1756792703.03006,,1756792703.03006,False,12.699453980541634,-0.03569066874408715,-1.8537155275886208,0.35833827840469334,nan,nan,nan,nan
3894,1756792703.0400314,,1756792703.0400314,False,12.547925468032103,-0.2869482044485092,-1.7589690404188791,0.33459599297127895,nan,nan,nan,nan
3895,1756792703.050061,,1756792703.050061,False,12.441631235233938,-0.5125333878872302,-1.7706758536256388,0.3332675063585635,nan,nan,nan,nan
3896,1756792703.0600445,,1756792703.0600445,False,12.295907188342703,-0.7713251896264779,-1.6967032862360512,0.3104213404563712,nan,nan,nan,nan
3897,1756792703.070347,,1756792703.070347,False,12.133531605852239,-1.0368940099543833,-1.5658320268518016,0.27659906195889306,nan,nan,nan,nan
3898,1756792703.0800438,,1756792703.0800438,False,11.991689750704419,-1.2698498375445613,-1.3746189630349777,0.23409836120227,nan,nan,nan,nan
3899,1756792703.0900412,,1756792703.0900412,False,11.85725181207359,-1.517600749249005,-1.397358516317975,0.22996865036169495,nan,nan,nan,nan
3900,1756792703.1000388,,1756792703.1000388,False,11.747072012040348,-1.7527427473481672,-1.4094534201439617,0.2205653639574345,nan,nan,nan,nan
3901,1756792703.1100292,,1756792703.1100292,False,11.642742037313647,-1.9899754872032498,-1.3352829930146841,0.19592914657175395,nan,nan,nan,nan
3902,1756792703.120028,,1756792703.120028,False,11.544255082193695,-2.207698450161391,-1.208914125385844,0.16332188870594067,nan,nan,nan,nan
3903,1756792703.1300404,,1756792703.1300404,False,11.462105718994485,-2.4094713055432893,-1.1704565654042063,0.14545224417977173,nan,nan,nan,nan
3904,1756792703.1400278,,1756792703.1400278,False,11.389063094903046,-2.5867615343032706,-1.085888275612731,0.12170520441367305,nan,nan,nan,nan
3905,1756792703.1501198,,1756792703.1501198,False,11.345581573169788,-2.7298815408237083,-0.9543590202263563,0.09480314474343333,nan,nan,nan,nan
3906,1756792703.160043,,1756792703.160043,False,11.312760930545252,-2.8623720190327266,-0.8499333186560567,0.07345151593051914,nan,nan,nan,nan
3907,1756792703.170044,,1756792703.170044,False,11.310983996232956,-3.0129100580623134,-0.8826646450492721,0.06380197783266156,nan,nan,nan,nan
3908,1756792703.1800323,,1756792703.1800323,False,11.313305851932812,-3.09202540729176,-0.8132088875966569,0.04657663104250962,nan,nan,nan,nan
3909,1756792703.1900275,,1756792703.1900275,False,11.310058159671204,-3.1287408326339667,-0.7089557219590661,0.02875238021166195,nan,nan,nan,nan
3910,1756792703.2001247,,1756792703.2001247,False,11.331537855727744,-3.1650547168688576,-0.7152864988777083,0.018155996327066357,nan,nan,nan,nan
3911,1756792703.2100306,,1756792703.2100306,False,11.360785009409199,-3.197325840098943,-0.6896912658517224,0.0077676629178504404,nan,nan,nan,nan
3912,1756792703.2200143,,1756792703.2200143,False,11.366426081750186,-3.138786268945592,-0.6073348232910644,-0.0030616472848561233,nan,nan,nan,nan
3913,1756792703.2317572,,1756792703.2317572,False,11.487192994216175,-3.285265567416285,-0.6926162951549144,-0.014093039187951337,nan,nan,nan,nan
3914,1756792703.240531,,1756792703.240531,False,11.495890833145037,-3.2018172160915768,-0.6083123121711947,-0.02281003157901217,nan,nan,nan,nan
3915,1756792703.250058,,1756792703.250058,False,11.416653600128287,-2.947584714249993,-0.4942255821047305,-0.026380375129663566,nan,nan,nan,nan
3916,1756792703.2602048,,1756792703.2602048,False,11.419049283016392,-2.8399255713280103,-0.47030519896702877,-0.029682397067465185,nan,nan,nan,nan
3917,1756792703.2700431,,1756792703.2700431,False,11.424190265417757,-2.743325527389466,-0.45566842708028327,-0.03371425252260006,nan,nan,nan,nan
3918,1756792703.2801168,,1756792703.2801168,False,11.394755709015328,-2.6009956006569848,-0.45277853233931065,-0.0353210994060854,nan,nan,nan,nan
3919,1756792703.2900214,,1756792703.2900214,False,11.365710254833553,-2.4745299539117522,-0.4606787209340059,-0.038446781106945396,nan,nan,nan,nan
3920,1756792703.300028,,1756792703.300028,False,11.355634453543688,-2.3599267882010664,-0.46147558027539776,-0.0393475299261079,nan,nan,nan,nan
3921,1756792703.3100278,,1756792703.3100278,False,11.285371134373667,-2.1031744027142585,-0.3722886731847984,-0.03303761353374193,nan,nan,nan,nan
3922,1756792703.3200245,,1756792703.3200245,False,11.245423174093,-2.0122416965640846,-0.4278796813104183,-0.03501781204717666,nan,nan,nan,nan
3923,1756792703.330025,,1756792703.330025,False,11.224629577798222,-1.9280476395307278,-0.4498061654107078,-0.03535666083551753,nan,nan,nan,nan
3924,1756792703.3400214,,1756792703.3400214,False,11.15686166859632,-1.7899544965783447,-0.462981312353909,-0.03269240826645198,nan,nan,nan,nan
3925,1756792703.3500292,,1756792703.3500292,False,11.104951558542364,-1.6730287508173511,-0.45595340287384856,-0.028500612972101172,nan,nan,nan,nan
3926,1756792703.3614798,,1756792703.3614798,False,11.02660526511356,-1.5563262930648436,-0.4794694056027037,-0.02579395348757017,nan,nan,nan,nan
3927,1756792703.3700156,,1756792703.3700156,False,10.935933492620736,-1.394259518866195,-0.4728988949126605,-0.022200396631135558,nan,nan,nan,nan
3928,1756792703.3801033,,1756792703.3801033,False,10.888383533169737,-1.333743214800431,-0.4828781682100655,-0.020100924651818942,nan,nan,nan,nan
3929,1756792703.3900096,,1756792703.3900096,False,10.822401679384692,-1.211982131251619,-0.49020752514754196,-0.016936909009939247,nan,nan,nan,nan
3930,1756792703.4002452,,1756792703.4002452,False,10.780480410765,-1.111221102302588,-0.4599958550364806,-0.012010140494853825,nan,nan,nan,nan
3931,1756792703.410006,,1756792703.410006,False,10.704683981873718,-0.9888227836324127,-0.4481598047700122,-0.007945235198594415,nan,nan,nan,nan
3932,1756792703.4203453,,1756792703.4203453,False,10.633695216371782,-0.8714037910141232,-0.4316603112451585,-0.00388542726074846,nan,nan,nan,nan
3933,1756792703.4300127,,1756792703.4300127,False,10.58174187403865,-0.7684321054045865,-0.40262938334092335,2.4832094183216766e-05,nan,nan,nan,nan
3934,1756792703.440022,,1756792703.440022,False,10.512887000286247,-0.6582728979154524,-0.3692498836521591,0.004753218448658902,nan,nan,nan,nan
3935,1756792703.4500246,,1756792703.4500246,False,10.424986107427237,-0.6061886108682409,-0.36774289888462464,0.004892035279491772,nan,nan,nan,nan
3936,1756792703.4600222,,1756792703.4600222,False,10.379130526500903,-0.5270973042496254,-0.3421184078370833,0.007918151735847536,nan,nan,nan,nan
3937,1756792703.4700053,,1756792703.4700053,False,10.326994390494145,-0.3816497692328992,-0.2991432450972402,0.01366110619960704,nan,nan,nan,nan
3938,1756792703.480011,,1756792703.480011,False,10.249064391596002,-0.32068858895574387,-0.2581341012521914,0.01770577127875959,nan,nan,nan,nan
3939,1756792703.490023,,1756792703.490023,False,10.174978285761705,-0.20298974804639539,-0.21084017444374398,0.021353617744071695,nan,nan,nan,nan
3940,1756792703.5000224,,1756792703.5000224,False,10.10159431010278,-0.17491940902777647,-0.1755638745721551,0.022378770120986838,nan,nan,nan,nan
3941,1756792703.510011,,1756792703.510011,False,10.03788035691347,-0.09574882548724974,-0.12375708547535232,0.027212978717874124,nan,nan,nan,nan
3942,1756792703.5200257,,1756792703.5200257,False,9.976663619290303,-0.022919267608553045,-0.07979981671372553,0.03105327674308594,nan,nan,nan,nan
3943,1756792703.5300245,,1756792703.5300245,False,9.909905319627605,0.04580152526688296,-0.035108999847084245,0.03501866527735315,nan,nan,nan,nan
3944,1756792703.5400536,,1756792703.5400536,False,9.851997142624649,0.1380984279061939,0.012781751402808147,0.03843830328296472,nan,nan,nan,nan
3945,1756792703.550088,,1756792703.550088,False,9.849531575174192,0.2669897772983901,0.03768627531037919,0.03949687678014959,nan,nan,nan,nan
3946,1756792703.560013,,1756792703.560013,False,9.729465998412156,0.2799539568470679,0.11463171321645656,0.04493694846785137,nan,nan,nan,nan
3947,1756792703.570055,,1756792703.570055,False,9.628355271770284,0.31256006135812303,0.18523020211333383,0.050051680809121556,nan,nan,nan,nan
3948,1756792703.58006,,1756792703.58006,False,9.556248707640886,0.35755302110307213,0.25213737467204556,0.053004854162053576,nan,nan,nan,nan
3949,1756792703.5900245,,1756792703.5900245,False,9.476700659857004,0.40530434633693346,0.3309198936545125,0.05703783997866653,nan,nan,nan,nan
3950,1756792703.6000288,,1756792703.6000288,False,9.403915699885976,0.4713110044239508,0.38194233508070763,0.058080431081912715,nan,nan,nan,nan
3951,1756792703.610011,,1756792703.610011,False,9.349013449776876,0.535705533980747,0.4541956121994561,0.060947556353952485,nan,nan,nan,nan
3952,1756792703.6200037,,1756792703.6200037,False,9.281286562886311,0.5905422788541875,0.5179762142234496,0.06212441061838659,nan,nan,nan,nan
3953,1756792703.6300294,,1756792703.6300294,False,9.176507899114727,0.6227594156243439,0.6086341952506753,0.06511733978159003,nan,nan,nan,nan
3954,1756792703.6400104,,1756792703.6400104,False,9.114946207237134,0.6679142631668897,0.6913624604987589,0.06604372679654365,nan,nan,nan,nan
3955,1756792703.6500654,,1756792703.6500654,False,9.046336995275027,0.7281678956002011,0.7489520503237921,0.06516075660930686,nan,nan,nan,nan
3956,1756792703.660022,,1756792703.660022,False,8.962865321460534,0.7711607191042011,0.8616340551626267,0.0666937607980503,nan,nan,nan,nan
3957,1756792703.6700728,,1756792703.6700728,False,8.898607422713132,0.8297205497957075,0.9345106418967868,0.06616251069033652,nan,nan,nan,nan
3958,1756792703.6800232,,1756792703.6800232,False,8.84327420256572,0.8827779220180766,1.022875720912752,0.06500094482912729,nan,nan,nan,nan
3959,1756792703.6900475,,1756792703.6900475,False,8.768393433143627,0.9309519259878013,1.1302998225046155,0.06424297470111898,nan,nan,nan,nan
3960,1756792703.7000046,,1756792703.7000046,False,8.706735879198481,0.9784318767928422,1.2572032359665921,0.062108135920201354,nan,nan,nan,nan
3961,1756792703.7100239,,1756792703.7100239,False,8.647028069463214,1.0280827604088727,1.3829995911257764,0.0605193863657218,nan,nan,nan,nan
3962,1756792703.7200086,,1756792703.7200086,False,8.611438924467402,1.0775881147351725,1.4756114715588626,0.057004119874284755,nan,nan,nan,nan
3963,1756792703.72999,,1756792703.72999,False,8.577896167445159,1.1416077291463143,1.5807226902160048,0.05136038796440917,nan,nan,nan,nan
3964,1756792703.7400157,,1756792703.7400157,False,8.54053807613476,1.2019510577298864,1.6837156081465825,0.04522991390169933,nan,nan,nan,nan
3965,1756792703.7500038,,1756792703.7500038,False,8.504425530744978,1.2306241029222003,1.8183537960440441,0.03920116123412218,nan,nan,nan,nan
3966,1756792703.7600338,,1756792703.7600338,False,8.478643937149046,1.2811441062740214,1.9805106483763997,0.032822946166517215,nan,nan,nan,nan
3967,1756792703.7700086,,1756792703.7700086,False,8.477909561428623,1.3274938222898232,2.0323491805943803,0.024997027891070785,nan,nan,nan,nan
3968,1756792703.7800248,,1756792703.7800248,False,8.476543097556917,1.37991742239884,2.1944222310903387,0.016236101695879714,nan,nan,nan,nan
3969,1756792703.7900262,,1756792703.7900262,False,8.488203565599466,1.4121384630401712,2.285330170766128,0.005280612395845136,nan,nan,nan,nan
3970,1756792703.8000133,,1756792703.8000133,False,8.520213045062322,1.4377586913089475,2.3748903171463054,-0.006099475782189745,nan,nan,nan,nan
3971,1756792703.8100145,,1756792703.8100145,False,8.547794321086785,1.4308599860013902,2.4787802198767235,-0.017639510135600292,nan,nan,nan,nan
3972,1756792703.8199735,,1756792703.8199735,False,8.588979100986169,1.4638617142636299,2.510305647528876,-0.029646488763009255,nan,nan,nan,nan
3973,1756792703.8300302,,1756792703.8300302,False,8.630508511770381,1.476043669465115,2.585981682811841,-0.043327759442553036,nan,nan,nan,nan
3974,1756792703.8400333,,1756792703.8400333,False,8.671706751051127,1.4591137885252536,2.546844001578195,-0.05348710227533645,nan,nan,nan,nan
3919,1756792703.2900214,,1756792703.2900214,False,11.365710254833553,-2.4745299539117522,-0.4606787209340059,-0.038446781106945396,nan,nan,nan,nan
3920,1756792703.300028,,1756792703.300028,False,11.355634453543688,-2.3599267882010664,-0.46147558027539776,-0.0393475299261079,nan,nan,nan,nan
3921,1756792703.3100278,,1756792703.3100278,False,11.285371134373667,-2.1031744027142585,-0.3722886731847984,-0.03303761353374193,nan,nan,nan,nan
3922,1756792703.3200245,,1756792703.3200245,False,11.245423174093,-2.0122416965640846,-0.4278796813104183,-0.03501781204717666,nan,nan,nan,nan
3923,1756792703.330025,,1756792703.330025,False,11.224629577798222,-1.9280476395307278,-0.4498061654107078,-0.03535666083551753,nan,nan,nan,nan
3924,1756792703.3400214,,1756792703.3400214,False,11.15686166859632,-1.7899544965783447,-0.462981312353909,-0.03269240826645198,nan,nan,nan,nan
3925,1756792703.3500292,,1756792703.3500292,False,11.104951558542364,-1.6730287508173511,-0.45595340287384856,-0.028500612972101172,nan,nan,nan,nan
3926,1756792703.3614798,,1756792703.3614798,False,11.02660526511356,-1.5563262930648436,-0.4794694056027037,-0.02579395348757017,nan,nan,nan,nan
3927,1756792703.3700156,,1756792703.3700156,False,10.935933492620736,-1.394259518866195,-0.4728988949126605,-0.022200396631135558,nan,nan,nan,nan
3928,1756792703.3801033,,1756792703.3801033,False,10.888383533169737,-1.333743214800431,-0.4828781682100655,-0.020100924651818942,nan,nan,nan,nan
3929,1756792703.3900096,,1756792703.3900096,False,10.822401679384692,-1.211982131251619,-0.49020752514754196,-0.016936909009939247,nan,nan,nan,nan
3930,1756792703.4002452,,1756792703.4002452,False,10.780480410765,-1.111221102302588,-0.4599958550364806,-0.012010140494853825,nan,nan,nan,nan
3931,1756792703.410006,,1756792703.410006,False,10.704683981873718,-0.9888227836324127,-0.4481598047700122,-0.007945235198594415,nan,nan,nan,nan
3932,1756792703.4203453,,1756792703.4203453,False,10.633695216371782,-0.8714037910141232,-0.4316603112451585,-0.00388542726074846,nan,nan,nan,nan
3933,1756792703.4300127,,1756792703.4300127,False,10.58174187403865,-0.7684321054045865,-0.40262938334092335,2.4832094183216766e-05,nan,nan,nan,nan
3934,1756792703.440022,,1756792703.440022,False,10.512887000286247,-0.6582728979154524,-0.3692498836521591,0.004753218448658902,nan,nan,nan,nan
3935,1756792703.4500246,,1756792703.4500246,False,10.424986107427237,-0.6061886108682409,-0.36774289888462464,0.004892035279491772,nan,nan,nan,nan
3936,1756792703.4600222,,1756792703.4600222,False,10.379130526500903,-0.5270973042496254,-0.3421184078370833,0.007918151735847536,nan,nan,nan,nan
3937,1756792703.4700053,,1756792703.4700053,False,10.326994390494145,-0.3816497692328992,-0.2991432450972402,0.01366110619960704,nan,nan,nan,nan
3938,1756792703.480011,,1756792703.480011,False,10.249064391596002,-0.32068858895574387,-0.2581341012521914,0.01770577127875959,nan,nan,nan,nan
3939,1756792703.490023,,1756792703.490023,False,10.174978285761705,-0.20298974804639539,-0.21084017444374398,0.021353617744071695,nan,nan,nan,nan
3940,1756792703.5000224,,1756792703.5000224,False,10.10159431010278,-0.17491940902777647,-0.1755638745721551,0.022378770120986838,nan,nan,nan,nan
3941,1756792703.510011,,1756792703.510011,False,10.03788035691347,-0.09574882548724974,-0.12375708547535232,0.027212978717874124,nan,nan,nan,nan
3942,1756792703.5200257,,1756792703.5200257,False,9.976663619290303,-0.022919267608553045,-0.07979981671372553,0.03105327674308594,nan,nan,nan,nan
3943,1756792703.5300245,,1756792703.5300245,False,9.909905319627605,0.04580152526688296,-0.035108999847084245,0.03501866527735315,nan,nan,nan,nan
3944,1756792703.5400536,,1756792703.5400536,False,9.851997142624649,0.1380984279061939,0.012781751402808147,0.03843830328296472,nan,nan,nan,nan
3945,1756792703.550088,,1756792703.550088,False,9.849531575174192,0.2669897772983901,0.03768627531037919,0.03949687678014959,nan,nan,nan,nan
3946,1756792703.560013,,1756792703.560013,False,9.729465998412156,0.2799539568470679,0.11463171321645656,0.04493694846785137,nan,nan,nan,nan
3947,1756792703.570055,,1756792703.570055,False,9.628355271770284,0.31256006135812303,0.18523020211333383,0.050051680809121556,nan,nan,nan,nan
3948,1756792703.58006,,1756792703.58006,False,9.556248707640886,0.35755302110307213,0.25213737467204556,0.053004854162053576,nan,nan,nan,nan
3949,1756792703.5900245,,1756792703.5900245,False,9.476700659857004,0.40530434633693346,0.3309198936545125,0.05703783997866653,nan,nan,nan,nan
3950,1756792703.6000288,,1756792703.6000288,False,9.403915699885976,0.4713110044239508,0.38194233508070763,0.058080431081912715,nan,nan,nan,nan
3951,1756792703.610011,,1756792703.610011,False,9.349013449776876,0.535705533980747,0.4541956121994561,0.060947556353952485,nan,nan,nan,nan
3952,1756792703.6200037,,1756792703.6200037,False,9.281286562886311,0.5905422788541875,0.5179762142234496,0.06212441061838659,nan,nan,nan,nan
3953,1756792703.6300294,,1756792703.6300294,False,9.176507899114727,0.6227594156243439,0.6086341952506753,0.06511733978159003,nan,nan,nan,nan
3954,1756792703.6400104,,1756792703.6400104,False,9.114946207237134,0.6679142631668897,0.6913624604987589,0.06604372679654365,nan,nan,nan,nan
3955,1756792703.6500654,,1756792703.6500654,False,9.046336995275027,0.7281678956002011,0.7489520503237921,0.06516075660930686,nan,nan,nan,nan
3956,1756792703.660022,,1756792703.660022,False,8.962865321460534,0.7711607191042011,0.8616340551626267,0.0666937607980503,nan,nan,nan,nan
3957,1756792703.6700728,,1756792703.6700728,False,8.898607422713132,0.8297205497957075,0.9345106418967868,0.06616251069033652,nan,nan,nan,nan
3958,1756792703.6800232,,1756792703.6800232,False,8.84327420256572,0.8827779220180766,1.022875720912752,0.06500094482912729,nan,nan,nan,nan
3959,1756792703.6900475,,1756792703.6900475,False,8.768393433143627,0.9309519259878013,1.1302998225046155,0.06424297470111898,nan,nan,nan,nan
3960,1756792703.7000046,,1756792703.7000046,False,8.706735879198481,0.9784318767928422,1.2572032359665921,0.062108135920201354,nan,nan,nan,nan
3961,1756792703.7100239,,1756792703.7100239,False,8.647028069463214,1.0280827604088727,1.3829995911257764,0.0605193863657218,nan,nan,nan,nan
3962,1756792703.7200086,,1756792703.7200086,False,8.611438924467402,1.0775881147351725,1.4756114715588626,0.057004119874284755,nan,nan,nan,nan
3963,1756792703.72999,,1756792703.72999,False,8.577896167445159,1.1416077291463143,1.5807226902160048,0.05136038796440917,nan,nan,nan,nan
3964,1756792703.7400157,,1756792703.7400157,False,8.54053807613476,1.2019510577298864,1.6837156081465825,0.04522991390169933,nan,nan,nan,nan
3965,1756792703.7500038,,1756792703.7500038,False,8.504425530744978,1.2306241029222003,1.8183537960440441,0.03920116123412218,nan,nan,nan,nan
3966,1756792703.7600338,,1756792703.7600338,False,8.478643937149046,1.2811441062740214,1.9805106483763997,0.032822946166517215,nan,nan,nan,nan
3967,1756792703.7700086,,1756792703.7700086,False,8.477909561428623,1.3274938222898232,2.0323491805943803,0.024997027891070785,nan,nan,nan,nan
3968,1756792703.7800248,,1756792703.7800248,False,8.476543097556917,1.37991742239884,2.1944222310903387,0.016236101695879714,nan,nan,nan,nan
3969,1756792703.7900262,,1756792703.7900262,False,8.488203565599466,1.4121384630401712,2.285330170766128,0.005280612395845136,nan,nan,nan,nan
3970,1756792703.8000133,,1756792703.8000133,False,8.520213045062322,1.4377586913089475,2.3748903171463054,-0.006099475782189745,nan,nan,nan,nan
3971,1756792703.8100145,,1756792703.8100145,False,8.547794321086785,1.4308599860013902,2.4787802198767235,-0.017639510135600292,nan,nan,nan,nan
3972,1756792703.8199735,,1756792703.8199735,False,8.588979100986169,1.4638617142636299,2.510305647528876,-0.029646488763009255,nan,nan,nan,nan
3973,1756792703.8300302,,1756792703.8300302,False,8.630508511770381,1.476043669465115,2.585981682811841,-0.043327759442553036,nan,nan,nan,nan
3974,1756792703.8400333,,1756792703.8400333,False,8.671706751051127,1.4591137885252536,2.546844001578195,-0.05348710227533645,nan,nan,nan,nan
3975,1756792703.8500342,,1756792703.8500342,False,8.732607786631702,1.4820856495608186,2.6232037889518254,-0.06860488161642261,nan,nan,nan,nan
3976,1756792703.8600368,,1756792703.8600368,False,8.786795748021714,1.4539762880102955,2.615285778607336,-0.0792086447741782,nan,nan,nan,nan
3977,1756792703.870005,,1756792703.870005,False,8.865059387470001,1.4868622983547215,2.5413747465960124,-0.09196993900004727,nan,nan,nan,nan
3978,1756792703.8800151,,1756792703.8800151,False,8.961131323285427,1.4941773584405746,2.5660772791194035,-0.10799136007991153,nan,nan,nan,nan
3979,1756792703.8900661,,1756792703.8900661,False,9.046783371547496,1.4469196104498605,2.531473853792868,-0.11832312502561877,nan,nan,nan,nan
3980,1756792703.900035,,1756792703.900035,False,9.141487920031322,1.408127559367714,2.491771551120589,-0.1292299888857759,nan,nan,nan,nan
3981,1756792703.91002,,1756792703.91002,False,9.210810272944432,1.3369198778829985,2.414185923036312,-0.1350790752513757,nan,nan,nan,nan
3982,1756792703.919997,,1756792703.919997,False,9.314609730637025,1.2880350507638054,2.396238148351979,-0.14672102700630113,nan,nan,nan,nan
3983,1756792703.930016,,1756792703.930016,False,9.33512942129538,1.2423879711577663,2.2109392407233943,-0.14603432666090094,nan,nan,nan,nan
3984,1756792703.94002,,1756792703.94002,False,9.4272733763896,1.1812184911247718,2.1686966806767947,-0.1539919465213303,nan,nan,nan,nan
3985,1756792703.9500563,,1756792703.9500563,False,9.510923090511636,1.1628020996522506,2.060096669223496,-0.1578122110667835,nan,nan,nan,nan
3986,1756792703.9600215,,1756792703.9600215,False,9.598613839591577,1.109080729925632,2.031410329588885,-0.16433904480479888,nan,nan,nan,nan
3987,1756792703.9700196,,1756792703.9700196,False,9.727568008326912,1.0574282862425637,2.0219454851981724,-0.17053073964458365,nan,nan,nan,nan
3988,1756792703.980003,,1756792703.980003,False,9.764812834956274,1.019157060367181,1.8716826378200402,-0.1666125842664389,nan,nan,nan,nan
3989,1756792703.990115,,1756792703.990115,False,9.851161041932615,0.9874513275987269,1.7828859334091578,-0.1645826336989918,nan,nan,nan,nan
3990,1756792704.0000663,,1756792704.0000663,False,9.885889685690126,0.9378299859890785,1.6537319245390116,-0.1578344971692042,nan,nan,nan,nan
3991,1756792704.0100589,,1756792704.0100589,False,9.926277719802957,0.8843276843472706,1.5306930197545534,-0.1487622053554155,nan,nan,nan,nan
3992,1756792704.0200124,,1756792704.0200124,False,10.014454463480174,0.84869137605692,1.4810780024877859,-0.14658030377968165,nan,nan,nan,nan
3975,1756792703.8500342,,1756792703.8500342,False,8.732607786631702,1.4820856495608186,2.6232037889518254,-0.06860488161642261,nan,nan,nan,nan
3976,1756792703.8600368,,1756792703.8600368,False,8.786795748021714,1.4539762880102955,2.615285778607336,-0.0792086447741782,nan,nan,nan,nan
3977,1756792703.870005,,1756792703.870005,False,8.865059387470001,1.4868622983547215,2.5413747465960124,-0.09196993900004727,nan,nan,nan,nan
3978,1756792703.8800151,,1756792703.8800151,False,8.961131323285427,1.4941773584405746,2.5660772791194035,-0.10799136007991153,nan,nan,nan,nan
3979,1756792703.8900661,,1756792703.8900661,False,9.046783371547496,1.4469196104498605,2.531473853792868,-0.11832312502561877,nan,nan,nan,nan
3980,1756792703.900035,,1756792703.900035,False,9.141487920031322,1.408127559367714,2.491771551120589,-0.1292299888857759,nan,nan,nan,nan
3981,1756792703.91002,,1756792703.91002,False,9.210810272944432,1.3369198778829985,2.414185923036312,-0.1350790752513757,nan,nan,nan,nan
3982,1756792703.919997,,1756792703.919997,False,9.314609730637025,1.2880350507638054,2.396238148351979,-0.14672102700630113,nan,nan,nan,nan
3983,1756792703.930016,,1756792703.930016,False,9.33512942129538,1.2423879711577663,2.2109392407233943,-0.14603432666090094,nan,nan,nan,nan
3984,1756792703.94002,,1756792703.94002,False,9.4272733763896,1.1812184911247718,2.1686966806767947,-0.1539919465213303,nan,nan,nan,nan
3985,1756792703.9500563,,1756792703.9500563,False,9.510923090511636,1.1628020996522506,2.060096669223496,-0.1578122110667835,nan,nan,nan,nan
3986,1756792703.9600215,,1756792703.9600215,False,9.598613839591577,1.109080729925632,2.031410329588885,-0.16433904480479888,nan,nan,nan,nan
3987,1756792703.9700196,,1756792703.9700196,False,9.727568008326912,1.0574282862425637,2.0219454851981724,-0.17053073964458365,nan,nan,nan,nan
3988,1756792703.980003,,1756792703.980003,False,9.764812834956274,1.019157060367181,1.8716826378200402,-0.1666125842664389,nan,nan,nan,nan
3989,1756792703.990115,,1756792703.990115,False,9.851161041932615,0.9874513275987269,1.7828859334091578,-0.1645826336989918,nan,nan,nan,nan
3990,1756792704.0000663,,1756792704.0000663,False,9.885889685690126,0.9378299859890785,1.6537319245390116,-0.1578344971692042,nan,nan,nan,nan
3991,1756792704.0100589,,1756792704.0100589,False,9.926277719802957,0.8843276843472706,1.5306930197545534,-0.1487622053554155,nan,nan,nan,nan
3992,1756792704.0200124,,1756792704.0200124,False,10.014454463480174,0.84869137605692,1.4810780024877859,-0.14658030377968165,nan,nan,nan,nan
3993,1756792704.0308292,,1756792704.0308292,False,10.095613053443623,0.792809122846775,1.430038440399684,-0.14322447477297306,nan,nan,nan,nan
3994,1756792704.0400584,,1756792704.0400584,False,10.09172842375738,0.7542461343713943,1.2622251487250873,-0.12843975482562395,nan,nan,nan,nan
3995,1756792704.0500255,,1756792704.0500255,False,10.159826713530286,0.7281344649768988,1.1986034082233052,-0.1232395735059004,nan,nan,nan,nan
3996,1756792704.0600317,,1756792704.0600317,False,10.180151417074219,0.7015026377490066,1.059470058556617,-0.1097972558396433,nan,nan,nan,nan
3997,1756792704.0702116,,1756792704.0702116,False,10.257729733018957,0.664436702401762,0.989580670266745,-0.10209934542027621,nan,nan,nan,nan
3998,1756792704.0800097,,1756792704.0800097,False,10.30082771783477,0.5977511470099908,0.9063619294052778,-0.09309306562235328,nan,nan,nan,nan
3999,1756792704.0900192,,1756792704.0900192,False,10.311901448199178,0.5676673849013891,0.7516551645601177,-0.07781480832237957,nan,nan,nan,nan
4000,1756792704.1000254,,1756792704.1000254,False,10.353910680903127,0.5307912588752266,0.6501814530333373,-0.06649724140851808,nan,nan,nan,nan
4001,1756792704.1100242,,1756792704.1100242,False,10.389735990123409,0.46209002690448014,0.5667896270172973,-0.05663625757221526,nan,nan,nan,nan
4002,1756792704.1200242,,1756792704.1200242,False,10.393416794209651,0.41671175567355384,0.4279291498590277,-0.04114868291862787,nan,nan,nan,nan
4003,1756792704.1300964,,1756792704.1300964,False,10.4301447140638,0.3622591576661333,0.3489613975050221,-0.031307423164615836,nan,nan,nan,nan
4004,1756792704.1400208,,1756792704.1400208,False,10.41968982853153,0.32612740568517523,0.21231543909405606,-0.016732339107145888,nan,nan,nan,nan
4005,1756792704.1500533,,1756792704.1500533,False,10.41436139617127,0.25136053412388704,0.09549701762592014,-0.0033417645029162396,nan,nan,nan,nan
4006,1756792704.1600144,,1756792704.1600144,False,10.421026150643813,0.20550066500709224,-0.018918485475172653,0.009608590547417242,nan,nan,nan,nan
4007,1756792704.1700227,,1756792704.1700227,False,10.404704063933645,0.15596638916270059,-0.16260990843718262,0.025081850022175237,nan,nan,nan,nan
4008,1756792704.1800833,,1756792704.1800833,False,10.387129735644136,0.1382952992434205,-0.30845387267071867,0.041238549350005184,nan,nan,nan,nan
4009,1756792704.190033,,1756792704.190033,False,10.35190303079719,0.08730864841835508,-0.42862241926013606,0.05457258877025109,nan,nan,nan,nan
4010,1756792704.200024,,1756792704.200024,False,10.336419009220958,0.050427958828821735,-0.5391609052712234,0.06581230483587537,nan,nan,nan,nan
4011,1756792704.20999,,1756792704.20999,False,10.310419250085728,-0.020821698933790423,-0.6472711228453898,0.07826576221869311,nan,nan,nan,nan
4012,1756792704.2200224,,1756792704.2200224,False,10.287398275667202,-0.0943439486189404,-0.7515513754533971,0.08974496267835562,nan,nan,nan,nan
4013,1756792704.23004,,1756792704.23004,False,10.27211298918952,-0.09525550851860236,-0.8729963219077033,0.10343366161823948,nan,nan,nan,nan
4014,1756792704.2400537,,1756792704.2400537,False,10.245155119577985,-0.13191964838539352,-0.9785382016504385,0.1145449760928853,nan,nan,nan,nan
4015,1756792704.2500687,,1756792704.2500687,False,10.232112761937163,-0.15940636359790433,-1.0769399493449938,0.1250526807363136,nan,nan,nan,nan
4016,1756792704.2600195,,1756792704.2600195,False,10.209148306622803,-0.2008182529393148,-1.160160099340178,0.1330680045809079,nan,nan,nan,nan
4017,1756792704.2700918,,1756792704.2700918,False,10.192375204072162,-0.2762156444936176,-1.226557458700974,0.13876733781503045,nan,nan,nan,nan
4018,1756792704.280041,,1756792704.280041,False,10.184493552063605,-0.31002510648850645,-1.3043326400572774,0.14612690754737,nan,nan,nan,nan
4019,1756792704.2900283,,1756792704.2900283,False,10.175029215205763,-0.33371430364942206,-1.3755707763219538,0.15279524820795756,nan,nan,nan,nan
4020,1756792704.3000286,,1756792704.3000286,False,10.171222189263446,-0.3737828805864084,-1.439210792580712,0.1570375010034717,nan,nan,nan,nan
4021,1756792704.310023,,1756792704.310023,False,10.164862389597383,-0.3921360224523902,-1.49110659802345,0.16014725472538008,nan,nan,nan,nan
4022,1756792704.3201978,,1756792704.3201978,False,10.157480355700802,-0.4103889508502293,-1.5463927566675995,0.16335841376596516,nan,nan,nan,nan
4023,1756792704.3300242,,1756792704.3300242,False,10.143368669831753,-0.4400354894302252,-1.578584625197486,0.16369647091711612,nan,nan,nan,nan
4024,1756792704.3400116,,1756792704.3400116,False,10.131683890803263,-0.46638321225980756,-1.6116282725730373,0.16393518164789972,nan,nan,nan,nan
4025,1756792704.3500335,,1756792704.3500335,False,10.121481682510963,-0.5045218269192784,-1.657077471354425,0.16326053272074617,nan,nan,nan,nan
4026,1756792704.360007,,1756792704.360007,False,10.120804068332982,-0.5384753136924236,-1.6742218259128865,0.16005533223448695,nan,nan,nan,nan
4027,1756792704.3700342,,1756792704.3700342,False,10.118607373851615,-0.5597413059232258,-1.674850698399027,0.15517799282755268,nan,nan,nan,nan
4028,1756792704.3800585,,1756792704.3800585,False,10.110467662574923,-0.5898446316140787,-1.7086879519629845,0.1519219357668521,nan,nan,nan,nan
4029,1756792704.390012,,1756792704.390012,False,10.091159201897149,-0.6413947536720994,-1.7194986827960324,0.14570902096003274,nan,nan,nan,nan
4030,1756792704.4000273,,1756792704.4000273,False,10.095171547189226,-0.6441056993872665,-1.7390017736471297,0.14238940159780147,nan,nan,nan,nan
4031,1756792704.410033,,1756792704.410033,False,10.087646284968953,-0.6835576531227547,-1.728659353004699,0.13398999333852235,nan,nan,nan,nan
4032,1756792704.4201694,,1756792704.4201694,False,10.087833678721069,-0.7184968002737361,-1.7239272501834075,0.12780839495339777,nan,nan,nan,nan
4033,1756792704.4300332,,1756792704.4300332,False,10.099923802370524,-0.7087144873922128,-1.73437519990265,0.12365162072412585,nan,nan,nan,nan
4034,1756792704.4400225,,1756792704.4400225,False,10.084230233950016,-0.7247806382207445,-1.7178721378309503,0.1149820926415571,nan,nan,nan,nan
4035,1756792704.450022,,1756792704.450022,False,10.095875508957892,-0.7358665679573211,-1.7351640239072428,0.10936477438099865,nan,nan,nan,nan
4036,1756792704.4600542,,1756792704.4600542,False,10.083579571282046,-0.7784251449997152,-1.7204595076618765,0.10194840801036419,nan,nan,nan,nan
4037,1756792704.47024,,1756792704.47024,False,10.087961388937373,-0.8573614119928124,-1.7280070372841398,0.09444188078021348,nan,nan,nan,nan
4038,1756792704.4800036,,1756792704.4800036,False,10.074167237598058,-0.8605665825439835,-1.6924452005919246,0.08661579311399718,nan,nan,nan,nan
4039,1756792704.4900196,,1756792704.4900196,False,10.075479864461277,-0.800319258134,-1.6422862882087346,0.07944652796450723,nan,nan,nan,nan
4040,1756792704.5000355,,1756792704.5000355,False,10.08644684768656,-0.7922281376287287,-1.6174665303992573,0.0722932118561626,nan,nan,nan,nan
4041,1756792704.510044,,1756792704.510044,False,10.079159027261916,-0.8382142012981068,-1.5687559594650715,0.06414811426932013,nan,nan,nan,nan
4042,1756792704.5200226,,1756792704.5200226,False,10.084022329859478,-0.8271962160250997,-1.5425113886271087,0.05892822737221132,nan,nan,nan,nan
4043,1756792704.530044,,1756792704.530044,False,10.080010612744145,-0.9183731769679871,-1.474969401235502,0.04989876636785642,nan,nan,nan,nan
4044,1756792704.540047,,1756792704.540047,False,10.085341491111093,-0.9426864926649751,-1.4022374696593174,0.042101741254545855,nan,nan,nan,nan
4045,1756792704.550066,,1756792704.550066,False,10.10020126730401,-0.9503282577387562,-1.3680881198097925,0.036004084169927814,nan,nan,nan,nan
4046,1756792704.56005,,1756792704.56005,False,10.108003326093547,-0.967369715051904,-1.2812619267101486,0.030310394105639817,nan,nan,nan,nan
4047,1756792704.5701292,,1756792704.5701292,False,10.097287982146879,-0.9423778605690254,-1.1963421781618544,0.025010887849379094,nan,nan,nan,nan
4048,1756792704.5800357,,1756792704.5800357,False,10.10243984706601,-0.9583147035507737,-1.1437740175403166,0.020220624921805992,nan,nan,nan,nan
3993,1756792704.0308292,,1756792704.0308292,False,10.095613053443623,0.792809122846775,1.430038440399684,-0.14322447477297306,nan,nan,nan,nan
3994,1756792704.0400584,,1756792704.0400584,False,10.09172842375738,0.7542461343713943,1.2622251487250873,-0.12843975482562395,nan,nan,nan,nan
3995,1756792704.0500255,,1756792704.0500255,False,10.159826713530286,0.7281344649768988,1.1986034082233052,-0.1232395735059004,nan,nan,nan,nan
3996,1756792704.0600317,,1756792704.0600317,False,10.180151417074219,0.7015026377490066,1.059470058556617,-0.1097972558396433,nan,nan,nan,nan
3997,1756792704.0702116,,1756792704.0702116,False,10.257729733018957,0.664436702401762,0.989580670266745,-0.10209934542027621,nan,nan,nan,nan
3998,1756792704.0800097,,1756792704.0800097,False,10.30082771783477,0.5977511470099908,0.9063619294052778,-0.09309306562235328,nan,nan,nan,nan
3999,1756792704.0900192,,1756792704.0900192,False,10.311901448199178,0.5676673849013891,0.7516551645601177,-0.07781480832237957,nan,nan,nan,nan
4000,1756792704.1000254,,1756792704.1000254,False,10.353910680903127,0.5307912588752266,0.6501814530333373,-0.06649724140851808,nan,nan,nan,nan
4001,1756792704.1100242,,1756792704.1100242,False,10.389735990123409,0.46209002690448014,0.5667896270172973,-0.05663625757221526,nan,nan,nan,nan
4002,1756792704.1200242,,1756792704.1200242,False,10.393416794209651,0.41671175567355384,0.4279291498590277,-0.04114868291862787,nan,nan,nan,nan
4003,1756792704.1300964,,1756792704.1300964,False,10.4301447140638,0.3622591576661333,0.3489613975050221,-0.031307423164615836,nan,nan,nan,nan
4004,1756792704.1400208,,1756792704.1400208,False,10.41968982853153,0.32612740568517523,0.21231543909405606,-0.016732339107145888,nan,nan,nan,nan
4005,1756792704.1500533,,1756792704.1500533,False,10.41436139617127,0.25136053412388704,0.09549701762592014,-0.0033417645029162396,nan,nan,nan,nan
4006,1756792704.1600144,,1756792704.1600144,False,10.421026150643813,0.20550066500709224,-0.018918485475172653,0.009608590547417242,nan,nan,nan,nan
4007,1756792704.1700227,,1756792704.1700227,False,10.404704063933645,0.15596638916270059,-0.16260990843718262,0.025081850022175237,nan,nan,nan,nan
4008,1756792704.1800833,,1756792704.1800833,False,10.387129735644136,0.1382952992434205,-0.30845387267071867,0.041238549350005184,nan,nan,nan,nan
4009,1756792704.190033,,1756792704.190033,False,10.35190303079719,0.08730864841835508,-0.42862241926013606,0.05457258877025109,nan,nan,nan,nan
4010,1756792704.200024,,1756792704.200024,False,10.336419009220958,0.050427958828821735,-0.5391609052712234,0.06581230483587537,nan,nan,nan,nan
4011,1756792704.20999,,1756792704.20999,False,10.310419250085728,-0.020821698933790423,-0.6472711228453898,0.07826576221869311,nan,nan,nan,nan
4012,1756792704.2200224,,1756792704.2200224,False,10.287398275667202,-0.0943439486189404,-0.7515513754533971,0.08974496267835562,nan,nan,nan,nan
4013,1756792704.23004,,1756792704.23004,False,10.27211298918952,-0.09525550851860236,-0.8729963219077033,0.10343366161823948,nan,nan,nan,nan
4014,1756792704.2400537,,1756792704.2400537,False,10.245155119577985,-0.13191964838539352,-0.9785382016504385,0.1145449760928853,nan,nan,nan,nan
4015,1756792704.2500687,,1756792704.2500687,False,10.232112761937163,-0.15940636359790433,-1.0769399493449938,0.1250526807363136,nan,nan,nan,nan
4016,1756792704.2600195,,1756792704.2600195,False,10.209148306622803,-0.2008182529393148,-1.160160099340178,0.1330680045809079,nan,nan,nan,nan
4017,1756792704.2700918,,1756792704.2700918,False,10.192375204072162,-0.2762156444936176,-1.226557458700974,0.13876733781503045,nan,nan,nan,nan
4018,1756792704.280041,,1756792704.280041,False,10.184493552063605,-0.31002510648850645,-1.3043326400572774,0.14612690754737,nan,nan,nan,nan
4019,1756792704.2900283,,1756792704.2900283,False,10.175029215205763,-0.33371430364942206,-1.3755707763219538,0.15279524820795756,nan,nan,nan,nan
4020,1756792704.3000286,,1756792704.3000286,False,10.171222189263446,-0.3737828805864084,-1.439210792580712,0.1570375010034717,nan,nan,nan,nan
4021,1756792704.310023,,1756792704.310023,False,10.164862389597383,-0.3921360224523902,-1.49110659802345,0.16014725472538008,nan,nan,nan,nan
4022,1756792704.3201978,,1756792704.3201978,False,10.157480355700802,-0.4103889508502293,-1.5463927566675995,0.16335841376596516,nan,nan,nan,nan
4023,1756792704.3300242,,1756792704.3300242,False,10.143368669831753,-0.4400354894302252,-1.578584625197486,0.16369647091711612,nan,nan,nan,nan
4024,1756792704.3400116,,1756792704.3400116,False,10.131683890803263,-0.46638321225980756,-1.6116282725730373,0.16393518164789972,nan,nan,nan,nan
4025,1756792704.3500335,,1756792704.3500335,False,10.121481682510963,-0.5045218269192784,-1.657077471354425,0.16326053272074617,nan,nan,nan,nan
4026,1756792704.360007,,1756792704.360007,False,10.120804068332982,-0.5384753136924236,-1.6742218259128865,0.16005533223448695,nan,nan,nan,nan
4027,1756792704.3700342,,1756792704.3700342,False,10.118607373851615,-0.5597413059232258,-1.674850698399027,0.15517799282755268,nan,nan,nan,nan
4028,1756792704.3800585,,1756792704.3800585,False,10.110467662574923,-0.5898446316140787,-1.7086879519629845,0.1519219357668521,nan,nan,nan,nan
4029,1756792704.390012,,1756792704.390012,False,10.091159201897149,-0.6413947536720994,-1.7194986827960324,0.14570902096003274,nan,nan,nan,nan
4030,1756792704.4000273,,1756792704.4000273,False,10.095171547189226,-0.6441056993872665,-1.7390017736471297,0.14238940159780147,nan,nan,nan,nan
4031,1756792704.410033,,1756792704.410033,False,10.087646284968953,-0.6835576531227547,-1.728659353004699,0.13398999333852235,nan,nan,nan,nan
4032,1756792704.4201694,,1756792704.4201694,False,10.087833678721069,-0.7184968002737361,-1.7239272501834075,0.12780839495339777,nan,nan,nan,nan
4033,1756792704.4300332,,1756792704.4300332,False,10.099923802370524,-0.7087144873922128,-1.73437519990265,0.12365162072412585,nan,nan,nan,nan
4034,1756792704.4400225,,1756792704.4400225,False,10.084230233950016,-0.7247806382207445,-1.7178721378309503,0.1149820926415571,nan,nan,nan,nan
4035,1756792704.450022,,1756792704.450022,False,10.095875508957892,-0.7358665679573211,-1.7351640239072428,0.10936477438099865,nan,nan,nan,nan
4036,1756792704.4600542,,1756792704.4600542,False,10.083579571282046,-0.7784251449997152,-1.7204595076618765,0.10194840801036419,nan,nan,nan,nan
4037,1756792704.47024,,1756792704.47024,False,10.087961388937373,-0.8573614119928124,-1.7280070372841398,0.09444188078021348,nan,nan,nan,nan
4038,1756792704.4800036,,1756792704.4800036,False,10.074167237598058,-0.8605665825439835,-1.6924452005919246,0.08661579311399718,nan,nan,nan,nan
4039,1756792704.4900196,,1756792704.4900196,False,10.075479864461277,-0.800319258134,-1.6422862882087346,0.07944652796450723,nan,nan,nan,nan
4040,1756792704.5000355,,1756792704.5000355,False,10.08644684768656,-0.7922281376287287,-1.6174665303992573,0.0722932118561626,nan,nan,nan,nan
4041,1756792704.510044,,1756792704.510044,False,10.079159027261916,-0.8382142012981068,-1.5687559594650715,0.06414811426932013,nan,nan,nan,nan
4042,1756792704.5200226,,1756792704.5200226,False,10.084022329859478,-0.8271962160250997,-1.5425113886271087,0.05892822737221132,nan,nan,nan,nan
4043,1756792704.530044,,1756792704.530044,False,10.080010612744145,-0.9183731769679871,-1.474969401235502,0.04989876636785642,nan,nan,nan,nan
4044,1756792704.540047,,1756792704.540047,False,10.085341491111093,-0.9426864926649751,-1.4022374696593174,0.042101741254545855,nan,nan,nan,nan
4045,1756792704.550066,,1756792704.550066,False,10.10020126730401,-0.9503282577387562,-1.3680881198097925,0.036004084169927814,nan,nan,nan,nan
4046,1756792704.56005,,1756792704.56005,False,10.108003326093547,-0.967369715051904,-1.2812619267101486,0.030310394105639817,nan,nan,nan,nan
4047,1756792704.5701292,,1756792704.5701292,False,10.097287982146879,-0.9423778605690254,-1.1963421781618544,0.025010887849379094,nan,nan,nan,nan
4048,1756792704.5800357,,1756792704.5800357,False,10.10243984706601,-0.9583147035507737,-1.1437740175403166,0.020220624921805992,nan,nan,nan,nan
4049,1756792704.5900397,,1756792704.5900397,False,10.11382340975384,-1.0001116071704288,-1.0794593450368908,0.015028083679085476,nan,nan,nan,nan
4050,1756792704.6000626,,1756792704.6000626,False,10.096188897062099,-0.986167701808235,-0.9832348345554152,0.010630687274907066,nan,nan,nan,nan
4051,1756792704.6100347,,1756792704.6100347,False,10.080238819138943,-0.9732801062210291,-0.8864248702548525,0.006898085959566788,nan,nan,nan,nan
4052,1756792704.6203942,,1756792704.6203942,False,10.067380393263194,-0.9406219244525049,-0.7772303997890347,0.004774947689346973,nan,nan,nan,nan
4053,1756792704.6300395,,1756792704.6300395,False,10.054863850481599,-0.9217128163243746,-0.6943170460054192,0.002381378158263828,nan,nan,nan,nan
4054,1756792704.6400805,,1756792704.6400805,False,10.035259208753823,-0.9452499830201941,-0.5836459803220505,0.0006407118424300131,nan,nan,nan,nan
4055,1756792704.6500812,,1756792704.6500812,False,10.029610286516846,-0.9721844801596055,-0.4975957255455134,-0.00015735805314815856,nan,nan,nan,nan
4056,1756792704.6600811,,1756792704.6600811,False,10.01473149989972,-1.0040246122487282,-0.3997072477131009,-0.0006822559460078716,nan,nan,nan,nan
4057,1756792704.6700332,,1756792704.6700332,False,9.998292890179984,-0.9775832854828584,-0.31625646388373996,0.0005723372807180958,nan,nan,nan,nan
4058,1756792704.6800382,,1756792704.6800382,False,9.970605651949697,-0.9630750213187866,-0.21531342411258445,0.0028901483996759455,nan,nan,nan,nan
4059,1756792704.6900308,,1756792704.6900308,False,9.946951426509845,-0.9616722888376319,-0.1313849874351045,0.004470699940010064,nan,nan,nan,nan
4060,1756792704.7000442,,1756792704.7000442,False,9.917309743119858,-0.935947034391193,-0.06173763162493971,0.007956923786991168,nan,nan,nan,nan
4061,1756792704.7100396,,1756792704.7100396,False,9.893251547779922,-0.8748975883204145,0.02419173630672468,0.010980069238606073,nan,nan,nan,nan
4062,1756792704.720016,,1756792704.720016,False,9.865547580225849,-0.8677264026528497,0.10928516362473364,0.016148361759139834,nan,nan,nan,nan
4063,1756792704.7300625,,1756792704.7300625,False,9.84620368737299,-0.8916888982396168,0.18365168186328604,0.021038817231293014,nan,nan,nan,nan
4064,1756792704.7400155,,1756792704.7400155,False,9.826091568781097,-0.8628445143230363,0.2664173368180632,0.026940327734423914,nan,nan,nan,nan
4065,1756792704.7500443,,1756792704.7500443,False,9.810203362747941,-0.8894797154972058,0.32975623007423827,0.03206589818427461,nan,nan,nan,nan
4066,1756792704.7600355,,1756792704.7600355,False,9.782449702122847,-0.8450171193884596,0.37496394106728786,0.03692891984283995,nan,nan,nan,nan
4049,1756792704.5900397,,1756792704.5900397,False,10.11382340975384,-1.0001116071704288,-1.0794593450368908,0.015028083679085476,nan,nan,nan,nan
4050,1756792704.6000626,,1756792704.6000626,False,10.096188897062099,-0.986167701808235,-0.9832348345554152,0.010630687274907066,nan,nan,nan,nan
4051,1756792704.6100347,,1756792704.6100347,False,10.080238819138943,-0.9732801062210291,-0.8864248702548525,0.006898085959566788,nan,nan,nan,nan
4052,1756792704.6203942,,1756792704.6203942,False,10.067380393263194,-0.9406219244525049,-0.7772303997890347,0.004774947689346973,nan,nan,nan,nan
4053,1756792704.6300395,,1756792704.6300395,False,10.054863850481599,-0.9217128163243746,-0.6943170460054192,0.002381378158263828,nan,nan,nan,nan
4054,1756792704.6400805,,1756792704.6400805,False,10.035259208753823,-0.9452499830201941,-0.5836459803220505,0.0006407118424300131,nan,nan,nan,nan
4055,1756792704.6500812,,1756792704.6500812,False,10.029610286516846,-0.9721844801596055,-0.4975957255455134,-0.00015735805314815856,nan,nan,nan,nan
4056,1756792704.6600811,,1756792704.6600811,False,10.01473149989972,-1.0040246122487282,-0.3997072477131009,-0.0006822559460078716,nan,nan,nan,nan
4057,1756792704.6700332,,1756792704.6700332,False,9.998292890179984,-0.9775832854828584,-0.31625646388373996,0.0005723372807180958,nan,nan,nan,nan
4058,1756792704.6800382,,1756792704.6800382,False,9.970605651949697,-0.9630750213187866,-0.21531342411258445,0.0028901483996759455,nan,nan,nan,nan
4059,1756792704.6900308,,1756792704.6900308,False,9.946951426509845,-0.9616722888376319,-0.1313849874351045,0.004470699940010064,nan,nan,nan,nan
4060,1756792704.7000442,,1756792704.7000442,False,9.917309743119858,-0.935947034391193,-0.06173763162493971,0.007956923786991168,nan,nan,nan,nan
4061,1756792704.7100396,,1756792704.7100396,False,9.893251547779922,-0.8748975883204145,0.02419173630672468,0.010980069238606073,nan,nan,nan,nan
4062,1756792704.720016,,1756792704.720016,False,9.865547580225849,-0.8677264026528497,0.10928516362473364,0.016148361759139834,nan,nan,nan,nan
4063,1756792704.7300625,,1756792704.7300625,False,9.84620368737299,-0.8916888982396168,0.18365168186328604,0.021038817231293014,nan,nan,nan,nan
4064,1756792704.7400155,,1756792704.7400155,False,9.826091568781097,-0.8628445143230363,0.2664173368180632,0.026940327734423914,nan,nan,nan,nan
4065,1756792704.7500443,,1756792704.7500443,False,9.810203362747941,-0.8894797154972058,0.32975623007423827,0.03206589818427461,nan,nan,nan,nan
4066,1756792704.7600355,,1756792704.7600355,False,9.782449702122847,-0.8450171193884596,0.37496394106728786,0.03692891984283995,nan,nan,nan,nan
3993,1756792704.0308292,,1756792704.0308292,False,10.095613053443623,0.792809122846775,1.430038440399684,-0.14322447477297306,nan,nan,nan,nan
3994,1756792704.0400584,,1756792704.0400584,False,10.09172842375738,0.7542461343713943,1.2622251487250873,-0.12843975482562395,nan,nan,nan,nan
3995,1756792704.0500255,,1756792704.0500255,False,10.159826713530286,0.7281344649768988,1.1986034082233052,-0.1232395735059004,nan,nan,nan,nan
3996,1756792704.0600317,,1756792704.0600317,False,10.180151417074219,0.7015026377490066,1.059470058556617,-0.1097972558396433,nan,nan,nan,nan
3997,1756792704.0702116,,1756792704.0702116,False,10.257729733018957,0.664436702401762,0.989580670266745,-0.10209934542027621,nan,nan,nan,nan
3998,1756792704.0800097,,1756792704.0800097,False,10.30082771783477,0.5977511470099908,0.9063619294052778,-0.09309306562235328,nan,nan,nan,nan
3999,1756792704.0900192,,1756792704.0900192,False,10.311901448199178,0.5676673849013891,0.7516551645601177,-0.07781480832237957,nan,nan,nan,nan
4000,1756792704.1000254,,1756792704.1000254,False,10.353910680903127,0.5307912588752266,0.6501814530333373,-0.06649724140851808,nan,nan,nan,nan
4001,1756792704.1100242,,1756792704.1100242,False,10.389735990123409,0.46209002690448014,0.5667896270172973,-0.05663625757221526,nan,nan,nan,nan
4002,1756792704.1200242,,1756792704.1200242,False,10.393416794209651,0.41671175567355384,0.4279291498590277,-0.04114868291862787,nan,nan,nan,nan
4003,1756792704.1300964,,1756792704.1300964,False,10.4301447140638,0.3622591576661333,0.3489613975050221,-0.031307423164615836,nan,nan,nan,nan
4004,1756792704.1400208,,1756792704.1400208,False,10.41968982853153,0.32612740568517523,0.21231543909405606,-0.016732339107145888,nan,nan,nan,nan
4005,1756792704.1500533,,1756792704.1500533,False,10.41436139617127,0.25136053412388704,0.09549701762592014,-0.0033417645029162396,nan,nan,nan,nan
4006,1756792704.1600144,,1756792704.1600144,False,10.421026150643813,0.20550066500709224,-0.018918485475172653,0.009608590547417242,nan,nan,nan,nan
4007,1756792704.1700227,,1756792704.1700227,False,10.404704063933645,0.15596638916270059,-0.16260990843718262,0.025081850022175237,nan,nan,nan,nan
4008,1756792704.1800833,,1756792704.1800833,False,10.387129735644136,0.1382952992434205,-0.30845387267071867,0.041238549350005184,nan,nan,nan,nan
4009,1756792704.190033,,1756792704.190033,False,10.35190303079719,0.08730864841835508,-0.42862241926013606,0.05457258877025109,nan,nan,nan,nan
4010,1756792704.200024,,1756792704.200024,False,10.336419009220958,0.050427958828821735,-0.5391609052712234,0.06581230483587537,nan,nan,nan,nan
4011,1756792704.20999,,1756792704.20999,False,10.310419250085728,-0.020821698933790423,-0.6472711228453898,0.07826576221869311,nan,nan,nan,nan
4012,1756792704.2200224,,1756792704.2200224,False,10.287398275667202,-0.0943439486189404,-0.7515513754533971,0.08974496267835562,nan,nan,nan,nan
4013,1756792704.23004,,1756792704.23004,False,10.27211298918952,-0.09525550851860236,-0.8729963219077033,0.10343366161823948,nan,nan,nan,nan
4014,1756792704.2400537,,1756792704.2400537,False,10.245155119577985,-0.13191964838539352,-0.9785382016504385,0.1145449760928853,nan,nan,nan,nan
4015,1756792704.2500687,,1756792704.2500687,False,10.232112761937163,-0.15940636359790433,-1.0769399493449938,0.1250526807363136,nan,nan,nan,nan
4016,1756792704.2600195,,1756792704.2600195,False,10.209148306622803,-0.2008182529393148,-1.160160099340178,0.1330680045809079,nan,nan,nan,nan
4017,1756792704.2700918,,1756792704.2700918,False,10.192375204072162,-0.2762156444936176,-1.226557458700974,0.13876733781503045,nan,nan,nan,nan
4018,1756792704.280041,,1756792704.280041,False,10.184493552063605,-0.31002510648850645,-1.3043326400572774,0.14612690754737,nan,nan,nan,nan
4019,1756792704.2900283,,1756792704.2900283,False,10.175029215205763,-0.33371430364942206,-1.3755707763219538,0.15279524820795756,nan,nan,nan,nan
4020,1756792704.3000286,,1756792704.3000286,False,10.171222189263446,-0.3737828805864084,-1.439210792580712,0.1570375010034717,nan,nan,nan,nan
4021,1756792704.310023,,1756792704.310023,False,10.164862389597383,-0.3921360224523902,-1.49110659802345,0.16014725472538008,nan,nan,nan,nan
4022,1756792704.3201978,,1756792704.3201978,False,10.157480355700802,-0.4103889508502293,-1.5463927566675995,0.16335841376596516,nan,nan,nan,nan
4023,1756792704.3300242,,1756792704.3300242,False,10.143368669831753,-0.4400354894302252,-1.578584625197486,0.16369647091711612,nan,nan,nan,nan
4024,1756792704.3400116,,1756792704.3400116,False,10.131683890803263,-0.46638321225980756,-1.6116282725730373,0.16393518164789972,nan,nan,nan,nan
4025,1756792704.3500335,,1756792704.3500335,False,10.121481682510963,-0.5045218269192784,-1.657077471354425,0.16326053272074617,nan,nan,nan,nan
4026,1756792704.360007,,1756792704.360007,False,10.120804068332982,-0.5384753136924236,-1.6742218259128865,0.16005533223448695,nan,nan,nan,nan
4027,1756792704.3700342,,1756792704.3700342,False,10.118607373851615,-0.5597413059232258,-1.674850698399027,0.15517799282755268,nan,nan,nan,nan
4028,1756792704.3800585,,1756792704.3800585,False,10.110467662574923,-0.5898446316140787,-1.7086879519629845,0.1519219357668521,nan,nan,nan,nan
4029,1756792704.390012,,1756792704.390012,False,10.091159201897149,-0.6413947536720994,-1.7194986827960324,0.14570902096003274,nan,nan,nan,nan
4030,1756792704.4000273,,1756792704.4000273,False,10.095171547189226,-0.6441056993872665,-1.7390017736471297,0.14238940159780147,nan,nan,nan,nan
4031,1756792704.410033,,1756792704.410033,False,10.087646284968953,-0.6835576531227547,-1.728659353004699,0.13398999333852235,nan,nan,nan,nan
4032,1756792704.4201694,,1756792704.4201694,False,10.087833678721069,-0.7184968002737361,-1.7239272501834075,0.12780839495339777,nan,nan,nan,nan
4033,1756792704.4300332,,1756792704.4300332,False,10.099923802370524,-0.7087144873922128,-1.73437519990265,0.12365162072412585,nan,nan,nan,nan
4034,1756792704.4400225,,1756792704.4400225,False,10.084230233950016,-0.7247806382207445,-1.7178721378309503,0.1149820926415571,nan,nan,nan,nan
4035,1756792704.450022,,1756792704.450022,False,10.095875508957892,-0.7358665679573211,-1.7351640239072428,0.10936477438099865,nan,nan,nan,nan
4036,1756792704.4600542,,1756792704.4600542,False,10.083579571282046,-0.7784251449997152,-1.7204595076618765,0.10194840801036419,nan,nan,nan,nan
4037,1756792704.47024,,1756792704.47024,False,10.087961388937373,-0.8573614119928124,-1.7280070372841398,0.09444188078021348,nan,nan,nan,nan
4038,1756792704.4800036,,1756792704.4800036,False,10.074167237598058,-0.8605665825439835,-1.6924452005919246,0.08661579311399718,nan,nan,nan,nan
4039,1756792704.4900196,,1756792704.4900196,False,10.075479864461277,-0.800319258134,-1.6422862882087346,0.07944652796450723,nan,nan,nan,nan
4040,1756792704.5000355,,1756792704.5000355,False,10.08644684768656,-0.7922281376287287,-1.6174665303992573,0.0722932118561626,nan,nan,nan,nan
4041,1756792704.510044,,1756792704.510044,False,10.079159027261916,-0.8382142012981068,-1.5687559594650715,0.06414811426932013,nan,nan,nan,nan
4042,1756792704.5200226,,1756792704.5200226,False,10.084022329859478,-0.8271962160250997,-1.5425113886271087,0.05892822737221132,nan,nan,nan,nan
4043,1756792704.530044,,1756792704.530044,False,10.080010612744145,-0.9183731769679871,-1.474969401235502,0.04989876636785642,nan,nan,nan,nan
4044,1756792704.540047,,1756792704.540047,False,10.085341491111093,-0.9426864926649751,-1.4022374696593174,0.042101741254545855,nan,nan,nan,nan
4045,1756792704.550066,,1756792704.550066,False,10.10020126730401,-0.9503282577387562,-1.3680881198097925,0.036004084169927814,nan,nan,nan,nan
4046,1756792704.56005,,1756792704.56005,False,10.108003326093547,-0.967369715051904,-1.2812619267101486,0.030310394105639817,nan,nan,nan,nan
4047,1756792704.5701292,,1756792704.5701292,False,10.097287982146879,-0.9423778605690254,-1.1963421781618544,0.025010887849379094,nan,nan,nan,nan
4048,1756792704.5800357,,1756792704.5800357,False,10.10243984706601,-0.9583147035507737,-1.1437740175403166,0.020220624921805992,nan,nan,nan,nan
4049,1756792704.5900397,,1756792704.5900397,False,10.11382340975384,-1.0001116071704288,-1.0794593450368908,0.015028083679085476,nan,nan,nan,nan
4050,1756792704.6000626,,1756792704.6000626,False,10.096188897062099,-0.986167701808235,-0.9832348345554152,0.010630687274907066,nan,nan,nan,nan
4051,1756792704.6100347,,1756792704.6100347,False,10.080238819138943,-0.9732801062210291,-0.8864248702548525,0.006898085959566788,nan,nan,nan,nan
4052,1756792704.6203942,,1756792704.6203942,False,10.067380393263194,-0.9406219244525049,-0.7772303997890347,0.004774947689346973,nan,nan,nan,nan
4053,1756792704.6300395,,1756792704.6300395,False,10.054863850481599,-0.9217128163243746,-0.6943170460054192,0.002381378158263828,nan,nan,nan,nan
4054,1756792704.6400805,,1756792704.6400805,False,10.035259208753823,-0.9452499830201941,-0.5836459803220505,0.0006407118424300131,nan,nan,nan,nan
4055,1756792704.6500812,,1756792704.6500812,False,10.029610286516846,-0.9721844801596055,-0.4975957255455134,-0.00015735805314815856,nan,nan,nan,nan
4056,1756792704.6600811,,1756792704.6600811,False,10.01473149989972,-1.0040246122487282,-0.3997072477131009,-0.0006822559460078716,nan,nan,nan,nan
4057,1756792704.6700332,,1756792704.6700332,False,9.998292890179984,-0.9775832854828584,-0.31625646388373996,0.0005723372807180958,nan,nan,nan,nan
4058,1756792704.6800382,,1756792704.6800382,False,9.970605651949697,-0.9630750213187866,-0.21531342411258445,0.0028901483996759455,nan,nan,nan,nan
4059,1756792704.6900308,,1756792704.6900308,False,9.946951426509845,-0.9616722888376319,-0.1313849874351045,0.004470699940010064,nan,nan,nan,nan
4060,1756792704.7000442,,1756792704.7000442,False,9.917309743119858,-0.935947034391193,-0.06173763162493971,0.007956923786991168,nan,nan,nan,nan
4061,1756792704.7100396,,1756792704.7100396,False,9.893251547779922,-0.8748975883204145,0.02419173630672468,0.010980069238606073,nan,nan,nan,nan
4062,1756792704.720016,,1756792704.720016,False,9.865547580225849,-0.8677264026528497,0.10928516362473364,0.016148361759139834,nan,nan,nan,nan
4063,1756792704.7300625,,1756792704.7300625,False,9.84620368737299,-0.8916888982396168,0.18365168186328604,0.021038817231293014,nan,nan,nan,nan
4064,1756792704.7400155,,1756792704.7400155,False,9.826091568781097,-0.8628445143230363,0.2664173368180632,0.026940327734423914,nan,nan,nan,nan
4065,1756792704.7500443,,1756792704.7500443,False,9.810203362747941,-0.8894797154972058,0.32975623007423827,0.03206589818427461,nan,nan,nan,nan
4066,1756792704.7600355,,1756792704.7600355,False,9.782449702122847,-0.8450171193884596,0.37496394106728786,0.03692891984283995,nan,nan,nan,nan
4067,1756792704.7701554,,1756792704.7701554,False,9.754239611857384,-0.8315770292137028,0.4288108815870953,0.04330752228562647,nan,nan,nan,nan
4068,1756792704.7800193,,1756792704.7800193,False,9.746603664364754,-0.8972248571532249,0.5047324844380011,0.05063459425855571,nan,nan,nan,nan
4069,1756792704.7900388,,1756792704.7900388,False,9.745243810608313,-0.9555462022602773,0.5829957850452335,0.058873728260643715,nan,nan,nan,nan
4070,1756792704.8000572,,1756792704.8000572,False,9.735422845544745,-0.953529167157355,0.622758054170641,0.06495489009036248,nan,nan,nan,nan
4071,1756792704.8100247,,1756792704.8100247,False,9.712968765711528,-0.9369147241153047,0.6730081327829911,0.07067679562778584,nan,nan,nan,nan
4072,1756792704.8200383,,1756792704.8200383,False,9.702216768616498,-0.9141186100393345,0.7016940131540036,0.07578944776849993,nan,nan,nan,nan
4073,1756792704.8300679,,1756792704.8300679,False,9.700859243780924,-0.931783378628913,0.742633896296686,0.08230679692798325,nan,nan,nan,nan
4074,1756792704.8400357,,1756792704.8400357,False,9.692275348826247,-0.950095588316673,0.7843643589323228,0.08827231423794239,nan,nan,nan,nan
4075,1756792704.850066,,1756792704.850066,False,9.687659359152914,-0.9837815587710571,0.8297005112901423,0.09541853469313144,nan,nan,nan,nan
4076,1756792704.8600342,,1756792704.8600342,False,9.69147082748032,-0.964775157190137,0.8487222895129539,0.10012338887735957,nan,nan,nan,nan
4077,1756792704.870144,,1756792704.870144,False,9.710671333066614,-1.001332439469392,0.8885742210786618,0.10831376653809949,nan,nan,nan,nan
4078,1756792704.8800573,,1756792704.8800573,False,9.71877008029514,-1.0021355923188657,0.9070661089323133,0.11310705591124652,nan,nan,nan,nan
4079,1756792704.8900275,,1756792704.8900275,False,9.738259466121539,-1.006185709991422,0.9327431379625248,0.11947958252845507,nan,nan,nan,nan
4080,1756792704.9000328,,1756792704.9000328,False,9.740688244693716,-0.9826046491030438,0.9273343424750718,0.12105275707661459,nan,nan,nan,nan
4081,1756792704.9100296,,1756792704.9100296,False,9.74137410281577,-0.9566967366682377,0.9342319609743002,0.12522709291323655,nan,nan,nan,nan
4082,1756792704.9200268,,1756792704.9200268,False,9.769050497656314,-0.997882565679009,0.9652814377832355,0.13237951164849232,nan,nan,nan,nan
4083,1756792704.9300535,,1756792704.9300535,False,9.795339148040814,-1.023123949694517,0.972859096415872,0.13594797433595562,nan,nan,nan,nan
4084,1756792704.940035,,1756792704.940035,False,9.809862494601957,-1.0044121971809008,0.9619055211248924,0.1384850868235288,nan,nan,nan,nan
4085,1756792704.9501724,,1756792704.9501724,False,9.835513261976406,-1.016145477043305,0.9720001697572145,0.1437069825088875,nan,nan,nan,nan
4086,1756792704.960022,,1756792704.960022,False,9.865155494283895,-1.030189676292948,0.9820293963212631,0.1468649950266595,nan,nan,nan,nan
4087,1756792704.9700997,,1756792704.9700997,False,9.905239585766868,-1.0616089042179286,0.9988496612848043,0.15202217167351104,nan,nan,nan,nan
4088,1756792704.9800212,,1756792704.9800212,False,9.912578101895775,-1.0148995159130008,0.9537254648805766,0.14763365165264142,nan,nan,nan,nan
4089,1756792704.9903522,,1756792704.9903522,False,9.949108700690605,-1.0034976458685876,0.9259167676463315,0.1471505718776958,nan,nan,nan,nan
4090,1756792705.0000134,,1756792705.0000134,False,9.994216571545259,-1.048683103272694,0.9515998558321557,0.1528545989140598,nan,nan,nan,nan
4091,1756792705.0100217,,1756792705.0100217,False,10.015905733171797,-1.0262644715129665,0.9049961301275609,0.14816015452091744,nan,nan,nan,nan
4092,1756792705.020317,,1756792705.020317,False,10.035886025651463,-1.0087534537509135,0.8758235164022816,0.14511340273033513,nan,nan,nan,nan
4093,1756792705.0300236,,1756792705.0300236,False,10.090938064800666,-1.0412994286613648,0.8663609261993492,0.1461785243734801,nan,nan,nan,nan
4094,1756792705.0400217,,1756792705.0400217,False,10.117340128767758,-1.022970436702048,0.8228953028260408,0.14189737085281154,nan,nan,nan,nan
4095,1756792705.050257,,1756792705.050257,False,10.17129807052988,-1.0385009254222983,0.8115778562073164,0.14144422838207987,nan,nan,nan,nan
4096,1756792705.0600088,,1756792705.0600088,False,10.207628280707963,-1.0329474541142418,0.79731033054054,0.1396821564967854,nan,nan,nan,nan
4097,1756792705.0700064,,1756792705.0700064,False,10.243168212893908,-1.015805630974699,0.7446114996408288,0.13156742011590203,nan,nan,nan,nan
4098,1756792705.0800097,,1756792705.0800097,False,10.296139412133925,-1.0385690612851626,0.7323788819724716,0.13049146677360307,nan,nan,nan,nan
4099,1756792705.0900104,,1756792705.0900104,False,10.337685333502908,-1.018150040949569,0.70644290159588,0.12556053633853537,nan,nan,nan,nan
4100,1756792705.1000636,,1756792705.1000636,False,10.40800262525476,-1.0464443184125773,0.7252428315494769,0.12879486387475234,nan,nan,nan,nan
4101,1756792705.110031,,1756792705.110031,False,10.446545790176629,-1.019989735474535,0.6718439913652845,0.11745881860047802,nan,nan,nan,nan
4102,1756792705.1201906,,1756792705.1201906,False,10.48398840012993,-0.9806106914831337,0.6247745784795318,0.10732619088888633,nan,nan,nan,nan
4103,1756792705.1300335,,1756792705.1300335,False,10.531074753593375,-0.9719958711253047,0.6156225973703888,0.1059238440280246,nan,nan,nan,nan
4104,1756792705.1400144,,1756792705.1400144,False,10.56934150466239,-0.9471118471515046,0.6084171770369663,0.10198671267481561,nan,nan,nan,nan
4105,1756792705.1500351,,1756792705.1500351,False,10.62942489456523,-0.9391275307961184,0.5951748342302081,0.099249405178742,nan,nan,nan,nan
4106,1756792705.160021,,1756792705.160021,False,10.656956120615094,-0.9045740100165582,0.553428074626438,0.09095689370863043,nan,nan,nan,nan
4107,1756792705.1701217,,1756792705.1701217,False,10.692634292703179,-0.8639990760112093,0.536561428280819,0.08662451626632316,nan,nan,nan,nan
4108,1756792705.180018,,1756792705.180018,False,10.729772255046326,-0.8354403705036982,0.5117194623410015,0.07975835336267306,nan,nan,nan,nan
4109,1756792705.190024,,1756792705.190024,False,10.761355916524192,-0.801221996837741,0.48356152226064464,0.07374618231160339,nan,nan,nan,nan
4110,1756792705.200022,,1756792705.200022,False,10.794692032008786,-0.7685627589029742,0.45492659752877135,0.06681194429898309,nan,nan,nan,nan
4111,1756792705.2100143,,1756792705.2100143,False,10.828128154081266,-0.7131049112061784,0.4479711997333648,0.0640297093972074,nan,nan,nan,nan
4112,1756792705.2200294,,1756792705.2200294,False,10.854546082857327,-0.6755785164850743,0.4305162940310402,0.05930179745905704,nan,nan,nan,nan
4113,1756792705.230036,,1756792705.230036,False,10.862352056712453,-0.622100318785985,0.3839528458374715,0.05012464894545333,nan,nan,nan,nan
4114,1756792705.24002,,1756792705.24002,False,10.872624322588708,-0.5824140852861202,0.3479529419722876,0.04170871410275205,nan,nan,nan,nan
4115,1756792705.2500217,,1756792705.2500217,False,10.894542062738113,-0.5452716936669958,0.3403672343527082,0.037957150247156256,nan,nan,nan,nan
4116,1756792705.260014,,1756792705.260014,False,10.909073990025675,-0.4897633382579763,0.31183714454448813,0.031702738630561986,nan,nan,nan,nan
4117,1756792705.270062,,1756792705.270062,False,10.920603264492847,-0.4382988088633626,0.2928580950481942,0.0258948395592349,nan,nan,nan,nan
4118,1756792705.280074,,1756792705.280074,False,10.927962378568504,-0.3817906775153049,0.2796137942559549,0.022425137386326295,nan,nan,nan,nan
4119,1756792705.2900805,,1756792705.2900805,False,10.929234132492905,-0.32610678339444044,0.25383200006948287,0.015014794371310137,nan,nan,nan,nan
4120,1756792705.3000288,,1756792705.3000288,False,10.926214025793763,-0.27028892269579174,0.2472606659991148,0.01136525331177686,nan,nan,nan,nan
4121,1756792705.3100243,,1756792705.3100243,False,10.918181017505207,-0.21358380409703687,0.226325517612672,0.006264520926321598,nan,nan,nan,nan
4122,1756792705.3200285,,1756792705.3200285,False,10.920443681368333,-0.1716439471119512,0.20390667330161258,-0.00024683279501288717,nan,nan,nan,nan
4123,1756792705.3300369,,1756792705.3300369,False,10.898848769510034,-0.0991093157799015,0.18762686327432462,-0.004469867620655102,nan,nan,nan,nan
4124,1756792705.3400197,,1756792705.3400197,False,10.872388622753736,-0.019505022718575,0.17639475913132358,-0.008367810074274448,nan,nan,nan,nan
4125,1756792705.3500564,,1756792705.3500564,False,10.852620545193,0.041538691072322206,0.1720309290067604,-0.008330700749023503,nan,nan,nan,nan
4126,1756792705.360033,,1756792705.360033,False,10.83832930944077,0.10322654009875483,0.15216509080080923,-0.013948699982384214,nan,nan,nan,nan
4127,1756792705.3701384,,1756792705.3701384,False,10.824384809081815,0.1419515724674412,0.12341854568815634,-0.020052270302100803,nan,nan,nan,nan
4128,1756792705.3800268,,1756792705.3800268,False,10.773725093714747,0.2428011741758283,0.11073117452312736,-0.02296719329809971,nan,nan,nan,nan
4129,1756792705.3900306,,1756792705.3900306,False,10.756368387721983,0.3006968238455177,0.08997262607180577,-0.028555883420133557,nan,nan,nan,nan
4130,1756792705.400034,,1756792705.400034,False,10.705671658093552,0.3938806455615512,0.08844072946622744,-0.028838453200044026,nan,nan,nan,nan
4131,1756792705.4100387,,1756792705.4100387,False,10.654480813560749,0.4911291848312328,0.08168889507829978,-0.02945998539471163,nan,nan,nan,nan
4132,1756792705.4201055,,1756792705.4201055,False,10.61533433753991,0.554927336751843,0.05373328714997303,-0.03486559266616067,nan,nan,nan,nan
4133,1756792705.4300375,,1756792705.4300375,False,10.554709541189192,0.6643613920681717,0.05201097334956163,-0.03470193394530033,nan,nan,nan,nan
4134,1756792705.440029,,1756792705.440029,False,10.503015501547699,0.7688923978154868,0.04319132237297512,-0.03613801172891086,nan,nan,nan,nan
4135,1756792705.4500406,,1756792705.4500406,False,10.441236764299855,0.877577722838868,0.03354124061883833,-0.036855116096836414,nan,nan,nan,nan
4136,1756792705.4602685,,1756792705.4602685,False,10.402627802863519,0.9401511628842297,0.0147381879751066,-0.04005540384718689,nan,nan,nan,nan
4137,1756792705.4701803,,1756792705.4701803,False,10.331097469601184,1.0514764763754447,0.006854246569833848,-0.04066013040600611,nan,nan,nan,nan
4138,1756792705.4800353,,1756792705.4800353,False,10.27299602057294,1.160913699290671,-0.005910254138189638,-0.04111069111349384,nan,nan,nan,nan
4139,1756792705.4900284,,1756792705.4900284,False,10.203981004753134,1.3099829008147286,-0.010807506004702656,-0.04042046138751523,nan,nan,nan,nan
4140,1756792705.5000262,,1756792705.5000262,False,10.118109696258811,1.5070070739962744,-0.001914546369346572,-0.038021696539681474,nan,nan,nan,nan
4141,1756792705.510034,,1756792705.510034,False,10.092315834409865,1.5595611738914203,-0.018980764501528205,-0.0375952446930258,nan,nan,nan,nan
4142,1756792705.5200398,,1756792705.5200398,False,10.033146559583578,1.6833484944997719,-0.030184611290659094,-0.03862519820135891,nan,nan,nan,nan
4143,1756792705.5300322,,1756792705.5300322,False,9.970710366227525,1.8875659294534,-0.027474131736498056,-0.03626016195181248,nan,nan,nan,nan
4144,1756792705.5400379,,1756792705.5400379,False,9.920651394327724,2.035464862781262,-0.04239852056960196,-0.03652685965198001,nan,nan,nan,nan
4145,1756792705.5500371,,1756792705.5500371,False,9.870276821392913,2.1629156792052213,-0.06427966517084378,-0.03759365165244835,nan,nan,nan,nan
4146,1756792705.5600297,,1756792705.5600297,False,9.81895033553109,2.302498361161963,-0.07329910047988353,-0.03589702956319888,nan,nan,nan,nan
4147,1756792705.5701249,,1756792705.5701249,False,9.782466456992031,2.44567860301886,-0.08174325321644779,-0.03442224957510669,nan,nan,nan,nan
4148,1756792705.5800426,,1756792705.5800426,False,9.75873682175079,2.604052165133916,-0.08494698010684416,-0.032509012026852066,nan,nan,nan,nan
4149,1756792705.5900328,,1756792705.5900328,False,9.73059701288651,2.736732553399882,-0.09536367250761331,-0.029855719786941282,nan,nan,nan,nan
4150,1756792705.6000335,,1756792705.6000335,False,9.74290794303959,2.935106786095852,-0.10243641045888165,-0.02783953066002475,nan,nan,nan,nan
4151,1756792705.610058,,1756792705.610058,False,9.763051939202402,3.0957295863672005,-0.12170018119141489,-0.028798076000819843,nan,nan,nan,nan
4152,1756792705.620043,,1756792705.620043,False,9.757295239732425,3.0955637466124735,-0.14934534175733324,-0.02786915309523241,nan,nan,nan,nan
4153,1756792705.630055,,1756792705.630055,False,9.811657977771496,3.27219982920252,-0.15233513203018734,-0.024939129264795204,nan,nan,nan,nan
4154,1756792705.640052,,1756792705.640052,False,9.861288570767377,3.3568270912222276,-0.14940516292629716,-0.022913807676527412,nan,nan,nan,nan
4155,1756792705.650062,,1756792705.650062,False,9.91362583912423,3.4178692401613646,-0.15203272140056706,-0.021528406992000447,nan,nan,nan,nan
4156,1756792705.6600385,,1756792705.6600385,False,9.9619293876674,3.505372580544706,-0.1672163369983964,-0.02006001791364502,nan,nan,nan,nan
4157,1756792705.6701024,,1756792705.6701024,False,10.049213977151444,3.6188540610255258,-0.17441599688763637,-0.017767856555635862,nan,nan,nan,nan
4158,1756792705.6800184,,1756792705.6800184,False,10.177195607273255,3.721023863200042,-0.18305806938674055,-0.01643642473474111,nan,nan,nan,nan
4159,1756792705.690041,,1756792705.690041,False,10.24660889949371,3.691659978169994,-0.19285263395938784,-0.014254215924533303,nan,nan,nan,nan
4160,1756792705.7000384,,1756792705.7000384,False,10.350934264677687,3.7149627611169875,-0.19899361863241713,-0.012172305468461651,nan,nan,nan,nan
4161,1756792705.7100475,,1756792705.7100475,False,10.42431805141958,3.6454779129651205,-0.19409013701113653,-0.01046054289015472,nan,nan,nan,nan
4162,1756792705.7200372,,1756792705.7200372,False,10.543131213403306,3.6477681007323115,-0.20121052725683464,-0.008862497386977843,nan,nan,nan,nan
4163,1756792705.7300406,,1756792705.7300406,False,10.69000377795098,3.6517788362763643,-0.20974954739062404,-0.005201339931939673,nan,nan,nan,nan
4164,1756792705.7400372,,1756792705.7400372,False,10.801084931539796,3.608600431886043,-0.21482888753571786,-0.00386409555090748,nan,nan,nan,nan
4165,1756792705.7500467,,1756792705.7500467,False,10.991932826338207,3.599422082278631,-0.22019667649097738,-0.0020952038857676336,nan,nan,nan,nan
4166,1756792705.7600417,,1756792705.7600417,False,11.093256742019761,3.5121120313905605,-0.23014276107930334,0.000341883717675932,nan,nan,nan,nan
4167,1756792705.770037,,1756792705.770037,False,11.257863856860999,3.462492550611319,-0.2438538298711761,0.004272320037717916,nan,nan,nan,nan
4168,1756792705.7800374,,1756792705.7800374,False,11.290286775594558,3.286374938919008,-0.2454067069311818,0.006506681280579493,nan,nan,nan,nan
4169,1756792705.7900367,,1756792705.7900367,False,11.410890728851973,3.1948592858599816,-0.24254437504195703,0.007035080764468002,nan,nan,nan,nan
4170,1756792705.8000321,,1756792705.8000321,False,11.624642504216254,3.1686940990830514,-0.25346333249992475,0.009953502342396036,nan,nan,nan,nan
4171,1756792705.8100417,,1756792705.8100417,False,11.706086564699829,3.042956157383773,-0.24916505571435266,0.01059587604524701,nan,nan,nan,nan
4172,1756792705.8201063,,1756792705.8201063,False,11.813081033272766,2.908488658297915,-0.23481741169594486,0.009391705077521092,nan,nan,nan,nan
4173,1756792705.8300388,,1756792705.8300388,False,11.862633916500888,2.768328123966908,-0.23673404639135148,0.00980219342178897,nan,nan,nan,nan
4174,1756792705.8400323,,1756792705.8400323,False,11.920017751665076,2.628704532209214,-0.24183995681786932,0.013675922907702013,nan,nan,nan,nan
4175,1756792705.8501062,,1756792705.8501062,False,12.02852148974205,2.518558435450677,-0.23619673405312727,0.01471423889744721,nan,nan,nan,nan
4176,1756792705.8600416,,1756792705.8600416,False,12.09294210182411,2.395160390513658,-0.22760135610196303,0.014573007799895874,nan,nan,nan,nan
4177,1756792705.8704226,,1756792705.8704226,False,12.16477209157213,2.261096914068604,-0.20994686485301678,0.012046535993775878,nan,nan,nan,nan
4178,1756792705.8801103,,1756792705.8801103,False,12.2066344998657,2.1325137750508167,-0.19642071542009676,0.011011492450853215,nan,nan,nan,nan
4179,1756792705.8900251,,1756792705.8900251,False,12.216670600782026,1.9767997619739952,-0.18340464467402548,0.009352899674169786,nan,nan,nan,nan
4180,1756792705.9000182,,1756792705.9000182,False,12.26379732418339,1.8579702887171434,-0.1675299161837403,0.007859791483704666,nan,nan,nan,nan
4181,1756792705.910025,,1756792705.910025,False,12.266949357287814,1.7113159435194156,-0.14432367096437265,0.002642123040624384,nan,nan,nan,nan
4182,1756792705.920014,,1756792705.920014,False,12.330127320975661,1.589154158707613,-0.1320488686495091,0.00033520480623008413,nan,nan,nan,nan
4183,1756792705.9300654,,1756792705.9300654,False,12.386676157801343,1.4943229113716052,-0.12357619182752239,-0.002140084615141151,nan,nan,nan,nan
4184,1756792705.9400473,,1756792705.9400473,False,12.382152237990132,1.3457054054648354,-0.10721465076329292,-0.00829696581308888,nan,nan,nan,nan
4185,1756792705.9500556,,1756792705.9500556,False,12.422850346859908,1.2289249259373878,-0.10220813215812073,-0.012051829115158022,nan,nan,nan,nan
4186,1756792705.9600399,,1756792705.9600399,False,12.39425410045652,1.0644310451393892,-0.09578988737540137,-0.016250920484170196,nan,nan,nan,nan
4187,1756792705.9700344,,1756792705.9700344,False,12.331293225731196,0.8820721514715142,-0.0830381862412717,-0.022457990414384912,nan,nan,nan,nan
4188,1756792705.9800086,,1756792705.9800086,False,12.331042572238317,0.7574541196953699,-0.08212369931967904,-0.025035681258357152,nan,nan,nan,nan
4189,1756792705.9900575,,1756792705.9900575,False,12.288634912178454,0.5974608596092782,-0.07499699174911684,-0.0292631762786722,nan,nan,nan,nan
4190,1756792706.0000286,,1756792706.0000286,False,12.24638113332889,0.45827518990571453,-0.06560108191503103,-0.032453984452694845,nan,nan,nan,nan
4191,1756792706.0100925,,1756792706.0100925,False,12.168148629769032,0.2699748551149904,-0.05208959297737324,-0.03774493269136814,nan,nan,nan,nan
4192,1756792706.020221,,1756792706.020221,False,12.113041503530116,0.10624514197645478,-0.04737489816583764,-0.03974618790498581,nan,nan,nan,nan
4193,1756792706.0301738,,1756792706.0301738,False,11.998150879320782,-0.08220862956103991,-0.032763863072640974,-0.04382918196122848,nan,nan,nan,nan
4194,1756792706.0401564,,1756792706.0401564,False,11.88237424821651,-0.2740872114900224,-0.02447206553366328,-0.046553366573939776,nan,nan,nan,nan
4139,1756792705.4900284,,1756792705.4900284,False,10.203981004753134,1.3099829008147286,-0.010807506004702656,-0.04042046138751523,nan,nan,nan,nan
4140,1756792705.5000262,,1756792705.5000262,False,10.118109696258811,1.5070070739962744,-0.001914546369346572,-0.038021696539681474,nan,nan,nan,nan
4141,1756792705.510034,,1756792705.510034,False,10.092315834409865,1.5595611738914203,-0.018980764501528205,-0.0375952446930258,nan,nan,nan,nan
4142,1756792705.5200398,,1756792705.5200398,False,10.033146559583578,1.6833484944997719,-0.030184611290659094,-0.03862519820135891,nan,nan,nan,nan
4143,1756792705.5300322,,1756792705.5300322,False,9.970710366227525,1.8875659294534,-0.027474131736498056,-0.03626016195181248,nan,nan,nan,nan
4144,1756792705.5400379,,1756792705.5400379,False,9.920651394327724,2.035464862781262,-0.04239852056960196,-0.03652685965198001,nan,nan,nan,nan
4145,1756792705.5500371,,1756792705.5500371,False,9.870276821392913,2.1629156792052213,-0.06427966517084378,-0.03759365165244835,nan,nan,nan,nan
4146,1756792705.5600297,,1756792705.5600297,False,9.81895033553109,2.302498361161963,-0.07329910047988353,-0.03589702956319888,nan,nan,nan,nan
4147,1756792705.5701249,,1756792705.5701249,False,9.782466456992031,2.44567860301886,-0.08174325321644779,-0.03442224957510669,nan,nan,nan,nan
4148,1756792705.5800426,,1756792705.5800426,False,9.75873682175079,2.604052165133916,-0.08494698010684416,-0.032509012026852066,nan,nan,nan,nan
4149,1756792705.5900328,,1756792705.5900328,False,9.73059701288651,2.736732553399882,-0.09536367250761331,-0.029855719786941282,nan,nan,nan,nan
4150,1756792705.6000335,,1756792705.6000335,False,9.74290794303959,2.935106786095852,-0.10243641045888165,-0.02783953066002475,nan,nan,nan,nan
4151,1756792705.610058,,1756792705.610058,False,9.763051939202402,3.0957295863672005,-0.12170018119141489,-0.028798076000819843,nan,nan,nan,nan
4152,1756792705.620043,,1756792705.620043,False,9.757295239732425,3.0955637466124735,-0.14934534175733324,-0.02786915309523241,nan,nan,nan,nan
4153,1756792705.630055,,1756792705.630055,False,9.811657977771496,3.27219982920252,-0.15233513203018734,-0.024939129264795204,nan,nan,nan,nan
4154,1756792705.640052,,1756792705.640052,False,9.861288570767377,3.3568270912222276,-0.14940516292629716,-0.022913807676527412,nan,nan,nan,nan
4155,1756792705.650062,,1756792705.650062,False,9.91362583912423,3.4178692401613646,-0.15203272140056706,-0.021528406992000447,nan,nan,nan,nan
4156,1756792705.6600385,,1756792705.6600385,False,9.9619293876674,3.505372580544706,-0.1672163369983964,-0.02006001791364502,nan,nan,nan,nan
4157,1756792705.6701024,,1756792705.6701024,False,10.049213977151444,3.6188540610255258,-0.17441599688763637,-0.017767856555635862,nan,nan,nan,nan
4158,1756792705.6800184,,1756792705.6800184,False,10.177195607273255,3.721023863200042,-0.18305806938674055,-0.01643642473474111,nan,nan,nan,nan
4159,1756792705.690041,,1756792705.690041,False,10.24660889949371,3.691659978169994,-0.19285263395938784,-0.014254215924533303,nan,nan,nan,nan
4160,1756792705.7000384,,1756792705.7000384,False,10.350934264677687,3.7149627611169875,-0.19899361863241713,-0.012172305468461651,nan,nan,nan,nan
4161,1756792705.7100475,,1756792705.7100475,False,10.42431805141958,3.6454779129651205,-0.19409013701113653,-0.01046054289015472,nan,nan,nan,nan
4162,1756792705.7200372,,1756792705.7200372,False,10.543131213403306,3.6477681007323115,-0.20121052725683464,-0.008862497386977843,nan,nan,nan,nan
4163,1756792705.7300406,,1756792705.7300406,False,10.69000377795098,3.6517788362763643,-0.20974954739062404,-0.005201339931939673,nan,nan,nan,nan
4164,1756792705.7400372,,1756792705.7400372,False,10.801084931539796,3.608600431886043,-0.21482888753571786,-0.00386409555090748,nan,nan,nan,nan
4165,1756792705.7500467,,1756792705.7500467,False,10.991932826338207,3.599422082278631,-0.22019667649097738,-0.0020952038857676336,nan,nan,nan,nan
4166,1756792705.7600417,,1756792705.7600417,False,11.093256742019761,3.5121120313905605,-0.23014276107930334,0.000341883717675932,nan,nan,nan,nan
4167,1756792705.770037,,1756792705.770037,False,11.257863856860999,3.462492550611319,-0.2438538298711761,0.004272320037717916,nan,nan,nan,nan
4168,1756792705.7800374,,1756792705.7800374,False,11.290286775594558,3.286374938919008,-0.2454067069311818,0.006506681280579493,nan,nan,nan,nan
4169,1756792705.7900367,,1756792705.7900367,False,11.410890728851973,3.1948592858599816,-0.24254437504195703,0.007035080764468002,nan,nan,nan,nan
4170,1756792705.8000321,,1756792705.8000321,False,11.624642504216254,3.1686940990830514,-0.25346333249992475,0.009953502342396036,nan,nan,nan,nan
4171,1756792705.8100417,,1756792705.8100417,False,11.706086564699829,3.042956157383773,-0.24916505571435266,0.01059587604524701,nan,nan,nan,nan
4172,1756792705.8201063,,1756792705.8201063,False,11.813081033272766,2.908488658297915,-0.23481741169594486,0.009391705077521092,nan,nan,nan,nan
4173,1756792705.8300388,,1756792705.8300388,False,11.862633916500888,2.768328123966908,-0.23673404639135148,0.00980219342178897,nan,nan,nan,nan
4174,1756792705.8400323,,1756792705.8400323,False,11.920017751665076,2.628704532209214,-0.24183995681786932,0.013675922907702013,nan,nan,nan,nan
4175,1756792705.8501062,,1756792705.8501062,False,12.02852148974205,2.518558435450677,-0.23619673405312727,0.01471423889744721,nan,nan,nan,nan
4176,1756792705.8600416,,1756792705.8600416,False,12.09294210182411,2.395160390513658,-0.22760135610196303,0.014573007799895874,nan,nan,nan,nan
4177,1756792705.8704226,,1756792705.8704226,False,12.16477209157213,2.261096914068604,-0.20994686485301678,0.012046535993775878,nan,nan,nan,nan
4178,1756792705.8801103,,1756792705.8801103,False,12.2066344998657,2.1325137750508167,-0.19642071542009676,0.011011492450853215,nan,nan,nan,nan
4179,1756792705.8900251,,1756792705.8900251,False,12.216670600782026,1.9767997619739952,-0.18340464467402548,0.009352899674169786,nan,nan,nan,nan
4180,1756792705.9000182,,1756792705.9000182,False,12.26379732418339,1.8579702887171434,-0.1675299161837403,0.007859791483704666,nan,nan,nan,nan
4181,1756792705.910025,,1756792705.910025,False,12.266949357287814,1.7113159435194156,-0.14432367096437265,0.002642123040624384,nan,nan,nan,nan
4182,1756792705.920014,,1756792705.920014,False,12.330127320975661,1.589154158707613,-0.1320488686495091,0.00033520480623008413,nan,nan,nan,nan
4183,1756792705.9300654,,1756792705.9300654,False,12.386676157801343,1.4943229113716052,-0.12357619182752239,-0.002140084615141151,nan,nan,nan,nan
4184,1756792705.9400473,,1756792705.9400473,False,12.382152237990132,1.3457054054648354,-0.10721465076329292,-0.00829696581308888,nan,nan,nan,nan
4185,1756792705.9500556,,1756792705.9500556,False,12.422850346859908,1.2289249259373878,-0.10220813215812073,-0.012051829115158022,nan,nan,nan,nan
4186,1756792705.9600399,,1756792705.9600399,False,12.39425410045652,1.0644310451393892,-0.09578988737540137,-0.016250920484170196,nan,nan,nan,nan
4187,1756792705.9700344,,1756792705.9700344,False,12.331293225731196,0.8820721514715142,-0.0830381862412717,-0.022457990414384912,nan,nan,nan,nan
4188,1756792705.9800086,,1756792705.9800086,False,12.331042572238317,0.7574541196953699,-0.08212369931967904,-0.025035681258357152,nan,nan,nan,nan
4189,1756792705.9900575,,1756792705.9900575,False,12.288634912178454,0.5974608596092782,-0.07499699174911684,-0.0292631762786722,nan,nan,nan,nan
4190,1756792706.0000286,,1756792706.0000286,False,12.24638113332889,0.45827518990571453,-0.06560108191503103,-0.032453984452694845,nan,nan,nan,nan
4191,1756792706.0100925,,1756792706.0100925,False,12.168148629769032,0.2699748551149904,-0.05208959297737324,-0.03774493269136814,nan,nan,nan,nan
4192,1756792706.020221,,1756792706.020221,False,12.113041503530116,0.10624514197645478,-0.04737489816583764,-0.03974618790498581,nan,nan,nan,nan
4193,1756792706.0301738,,1756792706.0301738,False,11.998150879320782,-0.08220862956103991,-0.032763863072640974,-0.04382918196122848,nan,nan,nan,nan
4194,1756792706.0401564,,1756792706.0401564,False,11.88237424821651,-0.2740872114900224,-0.02447206553366328,-0.046553366573939776,nan,nan,nan,nan
4195,1756792706.0500221,,1756792706.0500221,False,11.774705328635807,-0.44043364813806496,-0.02216650122400977,-0.04673286197928773,nan,nan,nan,nan
4196,1756792706.06001,,1756792706.06001,False,11.629542947820326,-0.612571086620421,-0.012601124638782504,-0.05034803960991727,nan,nan,nan,nan
4197,1756792706.0700128,,1756792706.0700128,False,11.492059681203418,-0.8208829881677329,-0.011008173445248067,-0.04906075070449452,nan,nan,nan,nan
4198,1756792706.0800166,,1756792706.0800166,False,11.354858926231687,-1.000856424249385,-0.004227443895486141,-0.04928422677151376,nan,nan,nan,nan
4199,1756792706.0900161,,1756792706.0900161,False,11.226703560600331,-1.174670603592602,0.019250478422938064,-0.05323332350001073,nan,nan,nan,nan
4200,1756792706.1000144,,1756792706.1000144,False,11.077706742857268,-1.3633232140116556,0.03005906289553367,-0.05250132541484666,nan,nan,nan,nan
4201,1756792706.1100085,,1756792706.1100085,False,10.943118900166263,-1.5602196265222956,0.04722746124510091,-0.05398095464932864,nan,nan,nan,nan
4202,1756792706.1200705,,1756792706.1200705,False,10.824904804937045,-1.7505320520290801,0.064211087161328,-0.05413690531627688,nan,nan,nan,nan
4203,1756792706.1300976,,1756792706.1300976,False,10.693624943440126,-1.9496090128420664,0.0695179536079122,-0.051786564029631894,nan,nan,nan,nan
4204,1756792706.1399965,,1756792706.1399965,False,10.57515162002105,-2.153373504698959,0.07701215634307791,-0.05102351649245191,nan,nan,nan,nan
4205,1756792706.1500025,,1756792706.1500025,False,10.481158939021094,-2.306400217371136,0.09104926437047707,-0.052964816438335775,nan,nan,nan,nan
4206,1756792706.1600237,,1756792706.1600237,False,10.417576410192462,-2.42932810842372,0.10736878284207833,-0.05441777681932505,nan,nan,nan,nan
4207,1756792706.1700068,,1756792706.1700068,False,10.337310886152796,-2.6152943118471,0.11007150035663009,-0.05263305043904168,nan,nan,nan,nan
4208,1756792706.1800053,,1756792706.1800053,False,10.266284443259092,-2.7879655178300062,0.12028690355747407,-0.05237572947287655,nan,nan,nan,nan
4209,1756792706.190041,,1756792706.190041,False,10.196696558602305,-2.9597666502695903,0.11931629488151138,-0.049649595104163696,nan,nan,nan,nan
4210,1756792706.2000225,,1756792706.2000225,False,10.14451957597415,-3.1505721303199605,0.11443435358071564,-0.04764734378220796,nan,nan,nan,nan
4211,1756792706.2100296,,1756792706.2100296,False,10.11755503117632,-3.260245501449147,0.11940762491821381,-0.046254709336425046,nan,nan,nan,nan
4195,1756792706.0500221,,1756792706.0500221,False,11.774705328635807,-0.44043364813806496,-0.02216650122400977,-0.04673286197928773,nan,nan,nan,nan
4196,1756792706.06001,,1756792706.06001,False,11.629542947820326,-0.612571086620421,-0.012601124638782504,-0.05034803960991727,nan,nan,nan,nan
4197,1756792706.0700128,,1756792706.0700128,False,11.492059681203418,-0.8208829881677329,-0.011008173445248067,-0.04906075070449452,nan,nan,nan,nan
4198,1756792706.0800166,,1756792706.0800166,False,11.354858926231687,-1.000856424249385,-0.004227443895486141,-0.04928422677151376,nan,nan,nan,nan
4199,1756792706.0900161,,1756792706.0900161,False,11.226703560600331,-1.174670603592602,0.019250478422938064,-0.05323332350001073,nan,nan,nan,nan
4200,1756792706.1000144,,1756792706.1000144,False,11.077706742857268,-1.3633232140116556,0.03005906289553367,-0.05250132541484666,nan,nan,nan,nan
4201,1756792706.1100085,,1756792706.1100085,False,10.943118900166263,-1.5602196265222956,0.04722746124510091,-0.05398095464932864,nan,nan,nan,nan
4202,1756792706.1200705,,1756792706.1200705,False,10.824904804937045,-1.7505320520290801,0.064211087161328,-0.05413690531627688,nan,nan,nan,nan
4203,1756792706.1300976,,1756792706.1300976,False,10.693624943440126,-1.9496090128420664,0.0695179536079122,-0.051786564029631894,nan,nan,nan,nan
4204,1756792706.1399965,,1756792706.1399965,False,10.57515162002105,-2.153373504698959,0.07701215634307791,-0.05102351649245191,nan,nan,nan,nan
4205,1756792706.1500025,,1756792706.1500025,False,10.481158939021094,-2.306400217371136,0.09104926437047707,-0.052964816438335775,nan,nan,nan,nan
4206,1756792706.1600237,,1756792706.1600237,False,10.417576410192462,-2.42932810842372,0.10736878284207833,-0.05441777681932505,nan,nan,nan,nan
4207,1756792706.1700068,,1756792706.1700068,False,10.337310886152796,-2.6152943118471,0.11007150035663009,-0.05263305043904168,nan,nan,nan,nan
4208,1756792706.1800053,,1756792706.1800053,False,10.266284443259092,-2.7879655178300062,0.12028690355747407,-0.05237572947287655,nan,nan,nan,nan
4209,1756792706.190041,,1756792706.190041,False,10.196696558602305,-2.9597666502695903,0.11931629488151138,-0.049649595104163696,nan,nan,nan,nan
4210,1756792706.2000225,,1756792706.2000225,False,10.14451957597415,-3.1505721303199605,0.11443435358071564,-0.04764734378220796,nan,nan,nan,nan
4211,1756792706.2100296,,1756792706.2100296,False,10.11755503117632,-3.260245501449147,0.11940762491821381,-0.046254709336425046,nan,nan,nan,nan
4212,1756792706.220018,,1756792706.220018,False,10.093204051069574,-3.4412597040876935,0.11283453001227937,-0.043641012381429756,nan,nan,nan,nan
4213,1756792706.2300255,,1756792706.2300255,False,10.081018582483972,-3.5232855960208305,0.11400574989063053,-0.04224418553248388,nan,nan,nan,nan
4214,1756792706.2400177,,1756792706.2400177,False,10.068425142390842,-3.5891196098273412,0.1237224873358857,-0.04027223268010961,nan,nan,nan,nan
4215,1756792706.2501566,,1756792706.2501566,False,10.101924205953358,-3.7596656647786006,0.10747934655129732,-0.036321880566818524,nan,nan,nan,nan
4216,1756792706.2599964,,1756792706.2599964,False,10.128967199600018,-3.814273665577591,0.11390088110672072,-0.03297744625017393,nan,nan,nan,nan
4217,1756792706.2700367,,1756792706.2700367,False,10.169016902348003,-3.8870318468588656,0.1151332441674295,-0.030278022832842953,nan,nan,nan,nan
4218,1756792706.2800431,,1756792706.2800431,False,10.235521292808397,-3.9436991224519478,0.10476155854175152,-0.026168533372906075,nan,nan,nan,nan
4219,1756792706.2900271,,1756792706.2900271,False,10.280795291328884,-3.930487616054167,0.11993021730042763,-0.02384185557506819,nan,nan,nan,nan
4220,1756792706.3000388,,1756792706.3000388,False,10.379431750025015,-3.9909359721129936,0.11835684876185754,-0.020319756393661032,nan,nan,nan,nan
4221,1756792706.3100336,,1756792706.3100336,False,10.456614766555367,-3.976619188769311,0.11579417778096057,-0.016207983179974076,nan,nan,nan,nan
4222,1756792706.3200212,,1756792706.3200212,False,10.542380588323587,-3.9752618738195844,0.11415405880801066,-0.011167048685435537,nan,nan,nan,nan
4223,1756792706.3300312,,1756792706.3300312,False,10.584221510850531,-3.886661583414595,0.10485235021477841,-0.008808156548803132,nan,nan,nan,nan
4224,1756792706.3400743,,1756792706.3400743,False,10.675869689011465,-3.8368703785227662,0.09838099497233269,-0.004437314078677373,nan,nan,nan,nan
4225,1756792706.3500447,,1756792706.3500447,False,10.770567242354948,-3.7821402389138425,0.11156733430390921,0.0013227835746972994,nan,nan,nan,nan
4226,1756792706.3600457,,1756792706.3600457,False,10.818691661747513,-3.6785044133540024,0.09643851764566348,0.004530236674979923,nan,nan,nan,nan
4227,1756792706.3700294,,1756792706.3700294,False,10.880203010154583,-3.574709049411831,0.08960731039505854,0.008775465916142205,nan,nan,nan,nan
4228,1756792706.3800328,,1756792706.3800328,False,11.012339110754446,-3.5094630420135746,0.09979376211501183,0.015165828285803614,nan,nan,nan,nan
4229,1756792706.3900323,,1756792706.3900323,False,11.06506557484602,-3.3754746954673593,0.09998634277879823,0.019105871821614318,nan,nan,nan,nan
4230,1756792706.4000237,,1756792706.4000237,False,11.190193115181673,-3.319764362783718,0.0873976059721869,0.02103231184577832,nan,nan,nan,nan
4231,1756792706.4100347,,1756792706.4100347,False,11.201795278795368,-3.1462432591557277,0.0864441416894845,0.026291414706722815,nan,nan,nan,nan
4232,1756792706.4200816,,1756792706.4200816,False,11.245652193096557,-3.0030131822879533,0.07573747117209469,0.030572104885346646,nan,nan,nan,nan
4233,1756792706.4300244,,1756792706.4300244,False,11.349540884800286,-2.899492694541064,0.08337663371715649,0.030644070915333936,nan,nan,nan,nan
4234,1756792706.4400377,,1756792706.4400377,False,11.384274039455946,-2.7616612137340955,0.06801081676052319,0.02984659505298288,nan,nan,nan,nan
4235,1756792706.450037,,1756792706.450037,False,11.451351496847476,-2.647808473988406,0.0617510420302675,0.031204135622115884,nan,nan,nan,nan
4236,1756792706.46003,,1756792706.46003,False,11.452625466617482,-2.4905295318047656,0.0685944306876546,0.03736787653260306,nan,nan,nan,nan
4237,1756792706.470035,,1756792706.470035,False,11.48639662903872,-2.346384263277587,0.06704028309922858,0.03875649292341966,nan,nan,nan,nan
4238,1756792706.4800339,,1756792706.4800339,False,11.473363766083954,-2.1526071661477872,0.0720937072613545,0.04103262633213779,nan,nan,nan,nan
4239,1756792706.4901514,,1756792706.4901514,False,11.466440650991498,-1.9740756849335257,0.05455597507257094,0.03745956104269194,nan,nan,nan,nan
4240,1756792706.5000517,,1756792706.5000517,False,11.494905768208431,-1.850415834872571,0.0398250054394218,0.03530408700645732,nan,nan,nan,nan
4241,1756792706.5100448,,1756792706.5100448,False,11.444777568610542,-1.6517122984202797,0.03879801045742309,0.035057828616305936,nan,nan,nan,nan
4242,1756792706.5200474,,1756792706.5200474,False,11.424660219221508,-1.4779979174898075,0.051462553192653394,0.039344139637303766,nan,nan,nan,nan
4243,1756792706.5300453,,1756792706.5300453,False,11.420038561798998,-1.321264953080763,0.012352734439525212,0.028280003594355486,nan,nan,nan,nan
4244,1756792706.5400474,,1756792706.5400474,False,11.342881532799995,-1.1071201647836424,0.021249636043598103,0.03234929561741707,nan,nan,nan,nan
4245,1756792706.5500293,,1756792706.5500293,False,11.31001867157358,-0.9487152745248926,0.013785312155019514,0.029560588714677268,nan,nan,nan,nan
4246,1756792706.5600312,,1756792706.5600312,False,11.225890377169078,-0.7196439705209479,0.016624411142735617,0.028930570367086777,nan,nan,nan,nan
4247,1756792706.5701451,,1756792706.5701451,False,11.14655453102707,-0.511619567082687,-0.0006419437865034379,0.024442766379279265,nan,nan,nan,nan
4248,1756792706.5800407,,1756792706.5800407,False,11.076235555716243,-0.3271366915410775,-0.0027945159484961705,0.023078412639041323,nan,nan,nan,nan
4249,1756792706.590294,,1756792706.590294,False,10.999593963637635,-0.12482721837545743,-0.005215121991486103,0.021910104207756614,nan,nan,nan,nan
4250,1756792706.6000473,,1756792706.6000473,False,10.931276311540337,0.051298959955044306,-0.018152612897424897,0.01849603058318105,nan,nan,nan,nan
4251,1756792706.6100264,,1756792706.6100264,False,10.86320920102368,0.25765324220470376,-0.02400382070707081,0.01722213628219045,nan,nan,nan,nan
4252,1756792706.620151,,1756792706.620151,False,10.79578006967438,0.4455442459593905,-0.053755498509247455,0.009171514585474654,nan,nan,nan,nan
4253,1756792706.6300285,,1756792706.6300285,False,10.722274688535494,0.6204535239247332,-0.0520991534398675,0.007467469919460365,nan,nan,nan,nan
4254,1756792706.640039,,1756792706.640039,False,10.66811832363925,0.787086609389664,-0.04807548362640425,0.009594748075928295,nan,nan,nan,nan
4255,1756792706.6500273,,1756792706.6500273,False,10.600920876325821,0.9394231718370494,-0.0799271107888604,0.002116464434503261,nan,nan,nan,nan
4256,1756792706.6600235,,1756792706.6600235,False,10.547418566018509,1.1132537125063844,-0.07918950653349126,0.002058967172911053,nan,nan,nan,nan
4257,1756792706.6700432,,1756792706.6700432,False,10.483839377948662,1.2782509132770905,-0.10798923206653241,-0.004513454331428566,nan,nan,nan,nan
4258,1756792706.680058,,1756792706.680058,False,10.42202745637307,1.4232967132344172,-0.12328539263291292,-0.006697076125332256,nan,nan,nan,nan
4259,1756792706.6900225,,1756792706.6900225,False,10.369772931404565,1.5643819694937187,-0.12260395152623504,-0.006172813874408606,nan,nan,nan,nan
4260,1756792706.7000237,,1756792706.7000237,False,10.313490827533792,1.7048708115989573,-0.1402165023422944,-0.009358233018732105,nan,nan,nan,nan
4261,1756792706.7100215,,1756792706.7100215,False,10.256710830291098,1.8282872186248698,-0.14498352910900317,-0.00913013734838834,nan,nan,nan,nan
4262,1756792706.7200258,,1756792706.7200258,False,10.219431566380855,1.9541869962383853,-0.15917248262113118,-0.009872116437634738,nan,nan,nan,nan
4263,1756792706.7300353,,1756792706.7300353,False,10.175734455011852,2.08287558839508,-0.1853634630725995,-0.01303367217991632,nan,nan,nan,nan
4264,1756792706.7400327,,1756792706.7400327,False,10.139831698236712,2.1755107196865855,-0.18594235198659456,-0.013131348470148851,nan,nan,nan,nan
4265,1756792706.7500474,,1756792706.7500474,False,10.117069398832353,2.2972531029114878,-0.2096749325829999,-0.014615377656703392,nan,nan,nan,nan
4266,1756792706.7600386,,1756792706.7600386,False,10.091750717706047,2.3749951485778276,-0.2161169608199761,-0.015604533945453844,nan,nan,nan,nan
4267,1756792706.770077,,1756792706.770077,False,10.091554486562387,2.450630667479015,-0.22857681768468008,-0.01580648614572598,nan,nan,nan,nan
4268,1756792706.780034,,1756792706.780034,False,10.091738297437843,2.562758370113322,-0.25726607574086613,-0.017329772569569517,nan,nan,nan,nan
4269,1756792706.7900522,,1756792706.7900522,False,10.077393941082954,2.661997551734263,-0.25830353359751973,-0.016582547798736445,nan,nan,nan,nan
4270,1756792706.8000283,,1756792706.8000283,False,10.06820015878367,2.712468626661988,-0.2484391183019109,-0.016060474136334057,nan,nan,nan,nan
4271,1756792706.8100328,,1756792706.8100328,False,10.063501986662,2.8045889458342876,-0.27034238716930564,-0.01591532475444977,nan,nan,nan,nan
4272,1756792706.8200314,,1756792706.8200314,False,10.072666529302884,2.860648233433313,-0.26742759212944367,-0.01434727076712167,nan,nan,nan,nan
4273,1756792706.8300354,,1756792706.8300354,False,10.110244177712762,2.946306408685608,-0.28828915648811315,-0.014124048039757682,nan,nan,nan,nan
4274,1756792706.8400326,,1756792706.8400326,False,10.112714932631645,2.934002271832621,-0.2835980072161803,-0.014026367729369587,nan,nan,nan,nan
4275,1756792706.8500457,,1756792706.8500457,False,10.13231554152316,2.995232651076428,-0.2897246862555492,-0.012703434633909636,nan,nan,nan,nan
4276,1756792706.8600607,,1756792706.8600607,False,10.166320983575716,3.0252458498176558,-0.3059937302759915,-0.010431737009105447,nan,nan,nan,nan
4277,1756792706.8700516,,1756792706.8700516,False,10.198435814734657,3.034353988028565,-0.32588198779089245,-0.009071945175644624,nan,nan,nan,nan
4278,1756792706.8800354,,1756792706.8800354,False,10.247782545888445,3.0726087215881934,-0.3359363286654985,-0.007542190457511612,nan,nan,nan,nan
4279,1756792706.8900256,,1756792706.8900256,False,10.26724106149438,3.033741823353649,-0.34049684737004987,-0.005946079101097227,nan,nan,nan,nan
4280,1756792706.9000366,,1756792706.9000366,False,10.301078108031932,3.0192065252197278,-0.3150362736112889,-0.005509559449245249,nan,nan,nan,nan
4281,1756792706.9100313,,1756792706.9100313,False,10.342825655401764,2.9844438982727786,-0.3152985141186075,-0.0024651960329180617,nan,nan,nan,nan
4282,1756792706.9200451,,1756792706.9200451,False,10.398645801147875,2.947986873109683,-0.30487838712443993,-0.0018013691082960394,nan,nan,nan,nan
4283,1756792706.9300551,,1756792706.9300551,False,10.491002144163367,2.9547945138534284,-0.3147876199977605,0.0012169693938944958,nan,nan,nan,nan
4284,1756792706.9400206,,1756792706.9400206,False,10.51805895185365,2.894599814047607,-0.3137663248068028,0.0024795245708760846,nan,nan,nan,nan
4285,1756792706.9500368,,1756792706.9500368,False,10.611177852248417,2.8723055546696283,-0.31632421445645764,0.005133934949838581,nan,nan,nan,nan
4286,1756792706.9600961,,1756792706.9600961,False,10.658160226011026,2.8145141572186847,-0.28984018069079026,0.004464210412886017,nan,nan,nan,nan
4287,1756792706.970116,,1756792706.970116,False,10.705768998926978,2.7527382792557615,-0.3008246607603993,0.009508820797909932,nan,nan,nan,nan
4288,1756792706.9800339,,1756792706.9800339,False,10.685905725023698,2.6227583010196613,-0.2656440316837869,0.006575016411717299,nan,nan,nan,nan
4289,1756792706.9900393,,1756792706.9900393,False,10.719660433815628,2.537450046098314,-0.2619907066063187,0.006810078559412875,nan,nan,nan,nan
4290,1756792707.000045,,1756792707.000045,False,10.803053788724,2.4985885697550994,-0.27739795345941853,0.011576372683753665,nan,nan,nan,nan
4291,1756792707.0100436,,1756792707.0100436,False,10.833913896149518,2.3855383635702414,-0.2714465998105477,0.011322289373604487,nan,nan,nan,nan
4292,1756792707.0201588,,1756792707.0201588,False,10.88018207080897,2.315904490562345,-0.26277636720717273,0.010543728516385732,nan,nan,nan,nan
4293,1756792707.030062,,1756792707.030062,False,10.871867775782997,2.1809728463473466,-0.2400536415048632,0.0082231182186752,nan,nan,nan,nan
4294,1756792707.0400412,,1756792707.0400412,False,10.87174675207745,2.050343195631096,-0.2109217605884081,0.003728032636882753,nan,nan,nan,nan
4295,1756792707.0500352,,1756792707.0500352,False,10.939002261273211,1.975560165952252,-0.2321106175273225,0.009213548217235254,nan,nan,nan,nan
4296,1756792707.0600247,,1756792707.0600247,False,10.918444638553408,1.8319977750032317,-0.21216845576997578,0.004717060013451354,nan,nan,nan,nan
4297,1756792707.0700138,,1756792707.0700138,False,10.900342401641767,1.685829147252432,-0.20345314095293823,0.003251249392032935,nan,nan,nan,nan
4298,1756792707.080202,,1756792707.080202,False,10.913047316440386,1.5894554752241208,-0.20249079995480498,0.003604622338507183,nan,nan,nan,nan
4299,1756792707.09003,,1756792707.09003,False,10.888382164851219,1.4569854932304553,-0.19554385122969425,0.0012954505262128505,nan,nan,nan,nan
4300,1756792707.1000216,,1756792707.1000216,False,10.864599814148335,1.339561910228468,-0.16001877762098768,-0.005540759207444164,nan,nan,nan,nan
4301,1756792707.1100132,,1756792707.1100132,False,10.834964433021877,1.2037420435218746,-0.192383382476877,-0.00017010238888248588,nan,nan,nan,nan
4302,1756792707.1200218,,1756792707.1200218,False,10.808182244549,1.0626060931294616,-0.16306935550073615,-0.006707008864301599,nan,nan,nan,nan
4303,1756792707.13001,,1756792707.13001,False,10.739517022345698,0.8847053033002127,-0.116731722867101,-0.016086974097011743,nan,nan,nan,nan
4304,1756792707.140007,,1756792707.140007,False,10.696674380303218,0.7066463686944707,-0.12311184503234891,-0.014548396683409402,nan,nan,nan,nan
4305,1756792707.150015,,1756792707.150015,False,10.633300709022857,0.567619025663393,-0.10376406699780885,-0.01824599889391011,nan,nan,nan,nan
4306,1756792707.1600564,,1756792707.1600564,False,10.55228695318514,0.38747423900516087,-0.09775057653712939,-0.018825995494843283,nan,nan,nan,nan
4307,1756792707.1702924,,1756792707.1702924,False,10.469017798732215,0.19857278413794938,-0.09354440633321341,-0.020620707042035318,nan,nan,nan,nan
4308,1756792707.1800237,,1756792707.1800237,False,10.38193033639102,0.03521628048609657,-0.08516923928051515,-0.0224245951880049,nan,nan,nan,nan
4309,1756792707.1900241,,1756792707.1900241,False,10.30475444737718,-0.1749187018597068,-0.07195317239183067,-0.024471037058991233,nan,nan,nan,nan
4310,1756792707.200018,,1756792707.200018,False,10.21119878838846,-0.3753155960307655,-0.051339404920082134,-0.02859737394158793,nan,nan,nan,nan
4311,1756792707.210032,,1756792707.210032,False,10.10847352764057,-0.6285510245020802,-0.06141372062502821,-0.02705608083107716,nan,nan,nan,nan
4312,1756792707.22002,,1756792707.22002,False,10.002539500444628,-0.8560599009599071,-0.04887234540224657,-0.02825974242213353,nan,nan,nan,nan
4313,1756792707.230023,,1756792707.230023,False,9.898505358862984,-1.0891205294853081,-0.014191449157860697,-0.033636663770455676,nan,nan,nan,nan
4314,1756792707.240016,,1756792707.240016,False,9.792268828435404,-1.3637238456402152,-0.004275038619741235,-0.0332501863492079,nan,nan,nan,nan
4315,1756792707.2500281,,1756792707.2500281,False,9.684616260874844,-1.6284372101758762,-0.006681510714456322,-0.032049408517076876,nan,nan,nan,nan
4316,1756792707.260025,,1756792707.260025,False,9.58694415606422,-1.8977243751373194,0.010330179696879736,-0.03341335453832548,nan,nan,nan,nan
4317,1756792707.2700484,,1756792707.2700484,False,9.527501003851095,-2.1482829488172683,0.03726838862302218,-0.03609838655730956,nan,nan,nan,nan
4318,1756792707.2800612,,1756792707.2800612,False,9.47470241042364,-2.4313341291083264,0.03285065944541395,-0.03413905724990278,nan,nan,nan,nan
4319,1756792707.2901216,,1756792707.2901216,False,9.433664649184598,-2.6826937448546975,0.04469849201702803,-0.03512373836185786,nan,nan,nan,nan
4320,1756792707.3000176,,1756792707.3000176,False,9.39846528996384,-2.927606289608141,0.05418773111652952,-0.034589285032082216,nan,nan,nan,nan
4321,1756792707.31002,,1756792707.31002,False,9.393705146259927,-3.0586045019227366,0.12999240892272468,-0.03866014714730892,nan,nan,nan,nan
4322,1756792707.32009,,1756792707.32009,False,9.407840082074868,-3.3322977637650513,0.09676773514859602,-0.033731709590997076,nan,nan,nan,nan
4323,1756792707.3300264,,1756792707.3300264,False,9.418111428579806,-3.4876322720106736,0.11874381954992833,-0.03234803360270605,nan,nan,nan,nan
4324,1756792707.340013,,1756792707.340013,False,9.46098303859248,-3.612395344873914,0.13834777046712524,-0.03074431490470291,nan,nan,nan,nan
4325,1756792707.3502038,,1756792707.3502038,False,9.53278360637217,-3.7686679178754705,0.1341233158923377,-0.027134109586781564,nan,nan,nan,nan
4326,1756792707.3600173,,1756792707.3600173,False,9.58068435815909,-3.808994453531356,0.1407989416591096,-0.025130690407463224,nan,nan,nan,nan
4327,1756792707.3700182,,1756792707.3700182,False,9.637962748692217,-3.7804000460229803,0.17013450229287322,-0.021983223363639972,nan,nan,nan,nan
4328,1756792707.3800325,,1756792707.3800325,False,9.723292447295051,-3.805556797268629,0.1715790775352848,-0.019012032931310208,nan,nan,nan,nan
4329,1756792707.390021,,1756792707.390021,False,9.792374380462997,-3.743537676055364,0.1681894998745655,-0.01658772660995457,nan,nan,nan,nan
4330,1756792707.4000232,,1756792707.4000232,False,9.891634694466036,-3.69517776118631,0.18021975042197502,-0.011353911177916912,nan,nan,nan,nan
4331,1756792707.4100263,,1756792707.4100263,False,9.929154585020614,-3.5678646471615285,0.1852707672363157,-0.006439859794052958,nan,nan,nan,nan
4332,1756792707.4201136,,1756792707.4201136,False,9.97050088653361,-3.4145727262979775,0.1774416796967106,-0.0020101210593402833,nan,nan,nan,nan
4333,1756792707.4300425,,1756792707.4300425,False,10.018914435515892,-3.2569700228340355,0.19629148839416988,0.005090836106419172,nan,nan,nan,nan
4334,1756792707.4400392,,1756792707.4400392,False,10.03138991447439,-2.995670199248178,0.20494360532222755,0.011287085951718135,nan,nan,nan,nan
4335,1756792707.4500787,,1756792707.4500787,False,10.079863785089712,-2.8422152537486842,0.19642516637775256,0.016800353740689028,nan,nan,nan,nan
4336,1756792707.460113,,1756792707.460113,False,10.034449670522399,-2.5955309644847726,0.20257845072534153,0.022525373972086902,nan,nan,nan,nan
4337,1756792707.4702203,,1756792707.4702203,False,10.090409675947459,-2.435356143921299,0.16849152443601378,0.02711173036188576,nan,nan,nan,nan
4338,1756792707.4800513,,1756792707.4800513,False,10.106152470679575,-2.2546870958793424,0.16179547132977282,0.030652065237640885,nan,nan,nan,nan
4339,1756792707.4903939,,1756792707.4903939,False,10.028539594106016,-1.9688423394631827,0.19714708488222746,0.038007220763451116,nan,nan,nan,nan
4340,1756792707.5000825,,1756792707.5000825,False,10.01997071935557,-1.8044528861138776,0.19140331615378145,0.0436553466820191,nan,nan,nan,nan
4341,1756792707.5101278,,1756792707.5101278,False,9.942419176473575,-1.5390823640320879,0.19683491681002172,0.048058249790477854,nan,nan,nan,nan
4342,1756792707.520035,,1756792707.520035,False,9.935257413916837,-1.3804703438212482,0.2061329452829522,0.0537838181307883,nan,nan,nan,nan
4343,1756792707.5300417,,1756792707.5300417,False,9.881710162889377,-1.1907548551895168,0.1871731564636806,0.05330419027615499,nan,nan,nan,nan
4344,1756792707.5400653,,1756792707.5400653,False,9.866909873402628,-1.0378106920235493,0.1564834247901909,0.05266639511879166,nan,nan,nan,nan
4345,1756792707.5500696,,1756792707.5500696,False,9.825768528965515,-0.8675682642655607,0.18106303090630968,0.05835970671624683,nan,nan,nan,nan
4346,1756792707.5600247,,1756792707.5600247,False,9.749373975518965,-0.6468270037434641,0.20021572754032566,0.06280583534803155,nan,nan,nan,nan
4347,1756792707.5700393,,1756792707.5700393,False,9.678842038791663,-0.4375981453349967,0.21055268101587296,0.06539153490929092,nan,nan,nan,nan
4348,1756792707.580012,,1756792707.580012,False,9.653736521297795,-0.3112784301376257,0.20393381511049516,0.06552581773340406,nan,nan,nan,nan
4349,1756792707.5900297,,1756792707.5900297,False,9.581803838644339,-0.10672356184753766,0.21735756469336778,0.06718346774826028,nan,nan,nan,nan
4350,1756792707.6000419,,1756792707.6000419,False,9.553909431255184,0.011568916606107498,0.2088539234101633,0.0666977556814618,nan,nan,nan,nan
4351,1756792707.610033,,1756792707.610033,False,9.50838055488166,0.16706705183315407,0.19911779943260913,0.06551911557952758,nan,nan,nan,nan
4352,1756792707.6200209,,1756792707.6200209,False,9.465962319741973,0.3252411836621101,0.1983944069783228,0.06447114675033218,nan,nan,nan,nan
4353,1756792707.6300216,,1756792707.6300216,False,9.442562140547931,0.4480851809614795,0.18282378451336828,0.06257698475860174,nan,nan,nan,nan
4354,1756792707.6400127,,1756792707.6400127,False,9.399473544204819,0.6105589782384108,0.18558627257874302,0.06220307055856725,nan,nan,nan,nan
4355,1756792707.650049,,1756792707.650049,False,9.374933850537365,0.7288815539322252,0.18572093941136564,0.06079272524098122,nan,nan,nan,nan
4356,1756792707.6600251,,1756792707.6600251,False,9.363890607979657,0.8522336008996316,0.16755797470641304,0.05819146154492156,nan,nan,nan,nan
4286,1756792706.9600961,,1756792706.9600961,False,10.658160226011026,2.8145141572186847,-0.28984018069079026,0.004464210412886017,nan,nan,nan,nan
4287,1756792706.970116,,1756792706.970116,False,10.705768998926978,2.7527382792557615,-0.3008246607603993,0.009508820797909932,nan,nan,nan,nan
4288,1756792706.9800339,,1756792706.9800339,False,10.685905725023698,2.6227583010196613,-0.2656440316837869,0.006575016411717299,nan,nan,nan,nan
4289,1756792706.9900393,,1756792706.9900393,False,10.719660433815628,2.537450046098314,-0.2619907066063187,0.006810078559412875,nan,nan,nan,nan
4290,1756792707.000045,,1756792707.000045,False,10.803053788724,2.4985885697550994,-0.27739795345941853,0.011576372683753665,nan,nan,nan,nan
4291,1756792707.0100436,,1756792707.0100436,False,10.833913896149518,2.3855383635702414,-0.2714465998105477,0.011322289373604487,nan,nan,nan,nan
4292,1756792707.0201588,,1756792707.0201588,False,10.88018207080897,2.315904490562345,-0.26277636720717273,0.010543728516385732,nan,nan,nan,nan
4293,1756792707.030062,,1756792707.030062,False,10.871867775782997,2.1809728463473466,-0.2400536415048632,0.0082231182186752,nan,nan,nan,nan
4294,1756792707.0400412,,1756792707.0400412,False,10.87174675207745,2.050343195631096,-0.2109217605884081,0.003728032636882753,nan,nan,nan,nan
4295,1756792707.0500352,,1756792707.0500352,False,10.939002261273211,1.975560165952252,-0.2321106175273225,0.009213548217235254,nan,nan,nan,nan
4296,1756792707.0600247,,1756792707.0600247,False,10.918444638553408,1.8319977750032317,-0.21216845576997578,0.004717060013451354,nan,nan,nan,nan
4297,1756792707.0700138,,1756792707.0700138,False,10.900342401641767,1.685829147252432,-0.20345314095293823,0.003251249392032935,nan,nan,nan,nan
4298,1756792707.080202,,1756792707.080202,False,10.913047316440386,1.5894554752241208,-0.20249079995480498,0.003604622338507183,nan,nan,nan,nan
4299,1756792707.09003,,1756792707.09003,False,10.888382164851219,1.4569854932304553,-0.19554385122969425,0.0012954505262128505,nan,nan,nan,nan
4300,1756792707.1000216,,1756792707.1000216,False,10.864599814148335,1.339561910228468,-0.16001877762098768,-0.005540759207444164,nan,nan,nan,nan
4301,1756792707.1100132,,1756792707.1100132,False,10.834964433021877,1.2037420435218746,-0.192383382476877,-0.00017010238888248588,nan,nan,nan,nan
4302,1756792707.1200218,,1756792707.1200218,False,10.808182244549,1.0626060931294616,-0.16306935550073615,-0.006707008864301599,nan,nan,nan,nan
4303,1756792707.13001,,1756792707.13001,False,10.739517022345698,0.8847053033002127,-0.116731722867101,-0.016086974097011743,nan,nan,nan,nan
4304,1756792707.140007,,1756792707.140007,False,10.696674380303218,0.7066463686944707,-0.12311184503234891,-0.014548396683409402,nan,nan,nan,nan
4305,1756792707.150015,,1756792707.150015,False,10.633300709022857,0.567619025663393,-0.10376406699780885,-0.01824599889391011,nan,nan,nan,nan
4306,1756792707.1600564,,1756792707.1600564,False,10.55228695318514,0.38747423900516087,-0.09775057653712939,-0.018825995494843283,nan,nan,nan,nan
4307,1756792707.1702924,,1756792707.1702924,False,10.469017798732215,0.19857278413794938,-0.09354440633321341,-0.020620707042035318,nan,nan,nan,nan
4308,1756792707.1800237,,1756792707.1800237,False,10.38193033639102,0.03521628048609657,-0.08516923928051515,-0.0224245951880049,nan,nan,nan,nan
4309,1756792707.1900241,,1756792707.1900241,False,10.30475444737718,-0.1749187018597068,-0.07195317239183067,-0.024471037058991233,nan,nan,nan,nan
4310,1756792707.200018,,1756792707.200018,False,10.21119878838846,-0.3753155960307655,-0.051339404920082134,-0.02859737394158793,nan,nan,nan,nan
4311,1756792707.210032,,1756792707.210032,False,10.10847352764057,-0.6285510245020802,-0.06141372062502821,-0.02705608083107716,nan,nan,nan,nan
4312,1756792707.22002,,1756792707.22002,False,10.002539500444628,-0.8560599009599071,-0.04887234540224657,-0.02825974242213353,nan,nan,nan,nan
4313,1756792707.230023,,1756792707.230023,False,9.898505358862984,-1.0891205294853081,-0.014191449157860697,-0.033636663770455676,nan,nan,nan,nan
4314,1756792707.240016,,1756792707.240016,False,9.792268828435404,-1.3637238456402152,-0.004275038619741235,-0.0332501863492079,nan,nan,nan,nan
4315,1756792707.2500281,,1756792707.2500281,False,9.684616260874844,-1.6284372101758762,-0.006681510714456322,-0.032049408517076876,nan,nan,nan,nan
4316,1756792707.260025,,1756792707.260025,False,9.58694415606422,-1.8977243751373194,0.010330179696879736,-0.03341335453832548,nan,nan,nan,nan
4317,1756792707.2700484,,1756792707.2700484,False,9.527501003851095,-2.1482829488172683,0.03726838862302218,-0.03609838655730956,nan,nan,nan,nan
4318,1756792707.2800612,,1756792707.2800612,False,9.47470241042364,-2.4313341291083264,0.03285065944541395,-0.03413905724990278,nan,nan,nan,nan
4319,1756792707.2901216,,1756792707.2901216,False,9.433664649184598,-2.6826937448546975,0.04469849201702803,-0.03512373836185786,nan,nan,nan,nan
4320,1756792707.3000176,,1756792707.3000176,False,9.39846528996384,-2.927606289608141,0.05418773111652952,-0.034589285032082216,nan,nan,nan,nan
4321,1756792707.31002,,1756792707.31002,False,9.393705146259927,-3.0586045019227366,0.12999240892272468,-0.03866014714730892,nan,nan,nan,nan
4322,1756792707.32009,,1756792707.32009,False,9.407840082074868,-3.3322977637650513,0.09676773514859602,-0.033731709590997076,nan,nan,nan,nan
4323,1756792707.3300264,,1756792707.3300264,False,9.418111428579806,-3.4876322720106736,0.11874381954992833,-0.03234803360270605,nan,nan,nan,nan
4324,1756792707.340013,,1756792707.340013,False,9.46098303859248,-3.612395344873914,0.13834777046712524,-0.03074431490470291,nan,nan,nan,nan
4325,1756792707.3502038,,1756792707.3502038,False,9.53278360637217,-3.7686679178754705,0.1341233158923377,-0.027134109586781564,nan,nan,nan,nan
4326,1756792707.3600173,,1756792707.3600173,False,9.58068435815909,-3.808994453531356,0.1407989416591096,-0.025130690407463224,nan,nan,nan,nan
4327,1756792707.3700182,,1756792707.3700182,False,9.637962748692217,-3.7804000460229803,0.17013450229287322,-0.021983223363639972,nan,nan,nan,nan
4328,1756792707.3800325,,1756792707.3800325,False,9.723292447295051,-3.805556797268629,0.1715790775352848,-0.019012032931310208,nan,nan,nan,nan
4329,1756792707.390021,,1756792707.390021,False,9.792374380462997,-3.743537676055364,0.1681894998745655,-0.01658772660995457,nan,nan,nan,nan
4330,1756792707.4000232,,1756792707.4000232,False,9.891634694466036,-3.69517776118631,0.18021975042197502,-0.011353911177916912,nan,nan,nan,nan
4331,1756792707.4100263,,1756792707.4100263,False,9.929154585020614,-3.5678646471615285,0.1852707672363157,-0.006439859794052958,nan,nan,nan,nan
4332,1756792707.4201136,,1756792707.4201136,False,9.97050088653361,-3.4145727262979775,0.1774416796967106,-0.0020101210593402833,nan,nan,nan,nan
4333,1756792707.4300425,,1756792707.4300425,False,10.018914435515892,-3.2569700228340355,0.19629148839416988,0.005090836106419172,nan,nan,nan,nan
4334,1756792707.4400392,,1756792707.4400392,False,10.03138991447439,-2.995670199248178,0.20494360532222755,0.011287085951718135,nan,nan,nan,nan
4335,1756792707.4500787,,1756792707.4500787,False,10.079863785089712,-2.8422152537486842,0.19642516637775256,0.016800353740689028,nan,nan,nan,nan
4336,1756792707.460113,,1756792707.460113,False,10.034449670522399,-2.5955309644847726,0.20257845072534153,0.022525373972086902,nan,nan,nan,nan
4337,1756792707.4702203,,1756792707.4702203,False,10.090409675947459,-2.435356143921299,0.16849152443601378,0.02711173036188576,nan,nan,nan,nan
4338,1756792707.4800513,,1756792707.4800513,False,10.106152470679575,-2.2546870958793424,0.16179547132977282,0.030652065237640885,nan,nan,nan,nan
4339,1756792707.4903939,,1756792707.4903939,False,10.028539594106016,-1.9688423394631827,0.19714708488222746,0.038007220763451116,nan,nan,nan,nan
4340,1756792707.5000825,,1756792707.5000825,False,10.01997071935557,-1.8044528861138776,0.19140331615378145,0.0436553466820191,nan,nan,nan,nan
4341,1756792707.5101278,,1756792707.5101278,False,9.942419176473575,-1.5390823640320879,0.19683491681002172,0.048058249790477854,nan,nan,nan,nan
4342,1756792707.520035,,1756792707.520035,False,9.935257413916837,-1.3804703438212482,0.2061329452829522,0.0537838181307883,nan,nan,nan,nan
4343,1756792707.5300417,,1756792707.5300417,False,9.881710162889377,-1.1907548551895168,0.1871731564636806,0.05330419027615499,nan,nan,nan,nan
4344,1756792707.5400653,,1756792707.5400653,False,9.866909873402628,-1.0378106920235493,0.1564834247901909,0.05266639511879166,nan,nan,nan,nan
4345,1756792707.5500696,,1756792707.5500696,False,9.825768528965515,-0.8675682642655607,0.18106303090630968,0.05835970671624683,nan,nan,nan,nan
4346,1756792707.5600247,,1756792707.5600247,False,9.749373975518965,-0.6468270037434641,0.20021572754032566,0.06280583534803155,nan,nan,nan,nan
4347,1756792707.5700393,,1756792707.5700393,False,9.678842038791663,-0.4375981453349967,0.21055268101587296,0.06539153490929092,nan,nan,nan,nan
4348,1756792707.580012,,1756792707.580012,False,9.653736521297795,-0.3112784301376257,0.20393381511049516,0.06552581773340406,nan,nan,nan,nan
4349,1756792707.5900297,,1756792707.5900297,False,9.581803838644339,-0.10672356184753766,0.21735756469336778,0.06718346774826028,nan,nan,nan,nan
4350,1756792707.6000419,,1756792707.6000419,False,9.553909431255184,0.011568916606107498,0.2088539234101633,0.0666977556814618,nan,nan,nan,nan
4351,1756792707.610033,,1756792707.610033,False,9.50838055488166,0.16706705183315407,0.19911779943260913,0.06551911557952758,nan,nan,nan,nan
4352,1756792707.6200209,,1756792707.6200209,False,9.465962319741973,0.3252411836621101,0.1983944069783228,0.06447114675033218,nan,nan,nan,nan
4353,1756792707.6300216,,1756792707.6300216,False,9.442562140547931,0.4480851809614795,0.18282378451336828,0.06257698475860174,nan,nan,nan,nan
4354,1756792707.6400127,,1756792707.6400127,False,9.399473544204819,0.6105589782384108,0.18558627257874302,0.06220307055856725,nan,nan,nan,nan
4355,1756792707.650049,,1756792707.650049,False,9.374933850537365,0.7288815539322252,0.18572093941136564,0.06079272524098122,nan,nan,nan,nan
4356,1756792707.6600251,,1756792707.6600251,False,9.363890607979657,0.8522336008996316,0.16755797470641304,0.05819146154492156,nan,nan,nan,nan
4357,1756792707.670167,,1756792707.670167,False,9.333295358897129,0.9742769221123685,0.16772706990632877,0.05629490833004707,nan,nan,nan,nan
4358,1756792707.6800191,,1756792707.6800191,False,9.329227535840001,1.0775118478669046,0.1449872518119821,0.0527065748173563,nan,nan,nan,nan
4359,1756792707.6900294,,1756792707.6900294,False,9.332591486755648,1.167499714501,0.11533723518028507,0.047533254623141986,nan,nan,nan,nan
4360,1756792707.700122,,1756792707.700122,False,9.312542789232975,1.2500220652089673,0.11657457331448225,0.04558831136898631,nan,nan,nan,nan
4361,1756792707.7100735,,1756792707.7100735,False,9.302247800365882,1.3635259107331337,0.11361673129231464,0.04160488210300236,nan,nan,nan,nan
4362,1756792707.7201428,,1756792707.7201428,False,9.314445789680331,1.3749062933420195,0.0881075156051171,0.03713538420330516,nan,nan,nan,nan
4363,1756792707.7300682,,1756792707.7300682,False,9.294333917091413,1.4338729338913219,0.08382240384801067,0.03265639226411673,nan,nan,nan,nan
4364,1756792707.7400384,,1756792707.7400384,False,9.307762867863138,1.4801072309566865,0.05366950283244372,0.029795563458043996,nan,nan,nan,nan
4365,1756792707.7501726,,1756792707.7501726,False,9.289947946707152,1.548377918946066,0.06625258431224809,0.026510043936933132,nan,nan,nan,nan
4366,1756792707.7602046,,1756792707.7602046,False,9.292420184207874,1.5817864810484776,0.04753362123108776,0.0234935229300579,nan,nan,nan,nan
4367,1756792707.770073,,1756792707.770073,False,9.265013884272937,1.6161291896110288,0.0559224093464691,0.020277617148798107,nan,nan,nan,nan
4368,1756792707.7800303,,1756792707.7800303,False,9.28983334195531,1.653737364850629,0.03739485226250756,0.017885915112050586,nan,nan,nan,nan
4369,1756792707.7901726,,1756792707.7901726,False,9.30358651778275,1.668878626337012,0.02214027690194304,0.014107990361502544,nan,nan,nan,nan
4370,1756792707.7999985,,1756792707.7999985,False,9.324918498734993,1.7123087563638038,0.011931378015757256,0.010336632293022691,nan,nan,nan,nan
4371,1756792707.8100336,,1756792707.8100336,False,9.338813636279326,1.692970684477007,-0.016498737201089814,0.007237853868366661,nan,nan,nan,nan
4372,1756792707.8201303,,1756792707.8201303,False,9.35169727041156,1.638231787390164,-0.024643313799206673,0.00562002154179715,nan,nan,nan,nan
4373,1756792707.8300455,,1756792707.8300455,False,9.364786013057175,1.6607078783107336,-0.04656332753146629,0.0022378981582191326,nan,nan,nan,nan
4374,1756792707.8400266,,1756792707.8400266,False,9.362972130302728,1.620641555049568,-0.03643076703054897,-0.00018910679997912673,nan,nan,nan,nan
4375,1756792707.8500469,,1756792707.8500469,False,9.371715641566912,1.6233922961402518,-0.049482613191190884,-0.002529689113165201,nan,nan,nan,nan
4376,1756792707.8600361,,1756792707.8600361,False,9.390616092931658,1.5946090707072924,-0.04640085150832621,-0.0031874485332133145,nan,nan,nan,nan
4377,1756792707.8701437,,1756792707.8701437,False,9.397703191301504,1.5557998151818102,-0.03941371327971952,-0.005162426238322639,nan,nan,nan,nan
4378,1756792707.8800437,,1756792707.8800437,False,9.41460963641769,1.5387309433570457,-0.041136703023432294,-0.0071138874723934604,nan,nan,nan,nan
4379,1756792707.8900335,,1756792707.8900335,False,9.436227855241963,1.4968002352994136,-0.08030275371398346,-0.00754487272612566,nan,nan,nan,nan
4380,1756792707.9000337,,1756792707.9000337,False,9.438220585335479,1.469238526782343,-0.07129969384570514,-0.007914497768803182,nan,nan,nan,nan
4381,1756792707.9100258,,1756792707.9100258,False,9.461739434926754,1.3964529201500082,-0.0700039455322886,-0.009180934109438725,nan,nan,nan,nan
4382,1756792707.9200475,,1756792707.9200475,False,9.482143796804579,1.3197415720662695,-0.06854040495644094,-0.01055532503309552,nan,nan,nan,nan
4383,1756792707.930041,,1756792707.930041,False,9.507020010939295,1.2796647032445656,-0.08726778560076337,-0.010456215437674074,nan,nan,nan,nan
4384,1756792707.9401436,,1756792707.9401436,False,9.512798645732824,1.1858132261884142,-0.08939051238619453,-0.010179842285646513,nan,nan,nan,nan
4385,1756792707.950072,,1756792707.950072,False,9.542391926441843,1.134630658868978,-0.09882720616013227,-0.009919690899980054,nan,nan,nan,nan
4386,1756792707.9600332,,1756792707.9600332,False,9.553405650698785,1.0392570286368181,-0.10434303396570999,-0.010169249778713266,nan,nan,nan,nan
4387,1756792707.970039,,1756792707.970039,False,9.582761853790542,0.9910376612184838,-0.12967432407303128,-0.009446448231221012,nan,nan,nan,nan
4388,1756792707.9800236,,1756792707.9800236,False,9.567499394241334,0.8974581226533398,-0.12866095677311015,-0.009734149619478159,nan,nan,nan,nan
4389,1756792707.9900274,,1756792707.9900274,False,9.576726208739402,0.8163263180148046,-0.1469004975566476,-0.009503612217062599,nan,nan,nan,nan
4390,1756792708.0000312,,1756792708.0000312,False,9.592641500484532,0.7525714885210627,-0.15932855084160774,-0.008769949347569618,nan,nan,nan,nan
4391,1756792708.010012,,1756792708.010012,False,9.60118887535036,0.6765610194977171,-0.1478136039703473,-0.009564352341769413,nan,nan,nan,nan
4392,1756792708.0203016,,1756792708.0203016,False,9.622747593943263,0.612387176072063,-0.16780834586692137,-0.008732218718570016,nan,nan,nan,nan
4393,1756792708.030026,,1756792708.030026,False,9.636003223574265,0.5244069853625254,-0.1763907893807579,-0.0075433204049388065,nan,nan,nan,nan
4394,1756792708.0400307,,1756792708.0400307,False,9.63341135537509,0.4494494576816065,-0.17574325337341185,-0.007088387791399344,nan,nan,nan,nan
4395,1756792708.050046,,1756792708.050046,False,9.662581280368398,0.4049879599047262,-0.20183131824673353,-0.005645299619812729,nan,nan,nan,nan
4396,1756792708.0600169,,1756792708.0600169,False,9.669314508728986,0.3239960024845259,-0.18423605237613933,-0.00639190913855977,nan,nan,nan,nan
4397,1756792708.0700781,,1756792708.0700781,False,9.67362004589553,0.255918885732448,-0.19358542134885504,-0.005351061634714318,nan,nan,nan,nan
4398,1756792708.0799987,,1756792708.0799987,False,9.707751511272486,0.21609816379411623,-0.21706226483522176,-0.003182063982267205,nan,nan,nan,nan
4399,1756792708.0899715,,1756792708.0899715,False,9.7405980971981,0.15657950561732462,-0.23160010543819504,-0.0023570256177991374,nan,nan,nan,nan
4400,1756792708.1000266,,1756792708.1000266,False,9.756298426427875,0.11773624602023978,-0.23185149435041993,-0.0020083071871288796,nan,nan,nan,nan
4401,1756792708.110016,,1756792708.110016,False,9.76378277094215,0.07001457594153951,-0.2287770672617981,-0.002071519142792656,nan,nan,nan,nan
4402,1756792708.1200519,,1756792708.1200519,False,9.793927088952866,0.021183508673008656,-0.23726687005222274,-0.0007267480488923389,nan,nan,nan,nan
4403,1756792708.1302142,,1756792708.1302142,False,9.816867629346486,-0.007184535814271232,-0.22579311272756183,-0.00040448810070326863,nan,nan,nan,nan
4404,1756792708.1400065,,1756792708.1400065,False,9.846346721195404,-0.04767031898576321,-0.21336683138463972,-0.0010515144918558622,nan,nan,nan,nan
4405,1756792708.150009,,1756792708.150009,False,9.882483972775345,-0.07563692382830282,-0.23129028368801802,0.0006814755248698729,nan,nan,nan,nan
4406,1756792708.1600335,,1756792708.1600335,False,9.920151942516025,-0.11757704764196385,-0.22978654806269733,0.001015529586616203,nan,nan,nan,nan
4407,1756792708.1701431,,1756792708.1701431,False,9.942258642026781,-0.1531798341010195,-0.2397826371816641,0.0024518302423741684,nan,nan,nan,nan
4408,1756792708.1800222,,1756792708.1800222,False,9.977737871776235,-0.1699807028075587,-0.2493217615712463,0.0036356372535678236,nan,nan,nan,nan
4409,1756792708.1900322,,1756792708.1900322,False,10.001787368328548,-0.1901718626430975,-0.23848221817815632,0.003007748862885563,nan,nan,nan,nan
4410,1756792708.2000296,,1756792708.2000296,False,10.019944851113157,-0.21139261145768432,-0.2371099911631827,0.0035883655270828258,nan,nan,nan,nan
4411,1756792708.2102208,,1756792708.2102208,False,10.056648105856928,-0.22905639124574784,-0.23932765863568228,0.004278170473245114,nan,nan,nan,nan
4412,1756792708.2201412,,1756792708.2201412,False,10.089112429048807,-0.253992961413965,-0.24013896662077566,0.0043530613875301105,nan,nan,nan,nan
4357,1756792707.670167,,1756792707.670167,False,9.333295358897129,0.9742769221123685,0.16772706990632877,0.05629490833004707,nan,nan,nan,nan
4358,1756792707.6800191,,1756792707.6800191,False,9.329227535840001,1.0775118478669046,0.1449872518119821,0.0527065748173563,nan,nan,nan,nan
4359,1756792707.6900294,,1756792707.6900294,False,9.332591486755648,1.167499714501,0.11533723518028507,0.047533254623141986,nan,nan,nan,nan
4360,1756792707.700122,,1756792707.700122,False,9.312542789232975,1.2500220652089673,0.11657457331448225,0.04558831136898631,nan,nan,nan,nan
4361,1756792707.7100735,,1756792707.7100735,False,9.302247800365882,1.3635259107331337,0.11361673129231464,0.04160488210300236,nan,nan,nan,nan
4362,1756792707.7201428,,1756792707.7201428,False,9.314445789680331,1.3749062933420195,0.0881075156051171,0.03713538420330516,nan,nan,nan,nan
4363,1756792707.7300682,,1756792707.7300682,False,9.294333917091413,1.4338729338913219,0.08382240384801067,0.03265639226411673,nan,nan,nan,nan
4364,1756792707.7400384,,1756792707.7400384,False,9.307762867863138,1.4801072309566865,0.05366950283244372,0.029795563458043996,nan,nan,nan,nan
4365,1756792707.7501726,,1756792707.7501726,False,9.289947946707152,1.548377918946066,0.06625258431224809,0.026510043936933132,nan,nan,nan,nan
4366,1756792707.7602046,,1756792707.7602046,False,9.292420184207874,1.5817864810484776,0.04753362123108776,0.0234935229300579,nan,nan,nan,nan
4367,1756792707.770073,,1756792707.770073,False,9.265013884272937,1.6161291896110288,0.0559224093464691,0.020277617148798107,nan,nan,nan,nan
4368,1756792707.7800303,,1756792707.7800303,False,9.28983334195531,1.653737364850629,0.03739485226250756,0.017885915112050586,nan,nan,nan,nan
4369,1756792707.7901726,,1756792707.7901726,False,9.30358651778275,1.668878626337012,0.02214027690194304,0.014107990361502544,nan,nan,nan,nan
4370,1756792707.7999985,,1756792707.7999985,False,9.324918498734993,1.7123087563638038,0.011931378015757256,0.010336632293022691,nan,nan,nan,nan
4371,1756792707.8100336,,1756792707.8100336,False,9.338813636279326,1.692970684477007,-0.016498737201089814,0.007237853868366661,nan,nan,nan,nan
4372,1756792707.8201303,,1756792707.8201303,False,9.35169727041156,1.638231787390164,-0.024643313799206673,0.00562002154179715,nan,nan,nan,nan
4373,1756792707.8300455,,1756792707.8300455,False,9.364786013057175,1.6607078783107336,-0.04656332753146629,0.0022378981582191326,nan,nan,nan,nan
4374,1756792707.8400266,,1756792707.8400266,False,9.362972130302728,1.620641555049568,-0.03643076703054897,-0.00018910679997912673,nan,nan,nan,nan
4375,1756792707.8500469,,1756792707.8500469,False,9.371715641566912,1.6233922961402518,-0.049482613191190884,-0.002529689113165201,nan,nan,nan,nan
4376,1756792707.8600361,,1756792707.8600361,False,9.390616092931658,1.5946090707072924,-0.04640085150832621,-0.0031874485332133145,nan,nan,nan,nan
4377,1756792707.8701437,,1756792707.8701437,False,9.397703191301504,1.5557998151818102,-0.03941371327971952,-0.005162426238322639,nan,nan,nan,nan
4378,1756792707.8800437,,1756792707.8800437,False,9.41460963641769,1.5387309433570457,-0.041136703023432294,-0.0071138874723934604,nan,nan,nan,nan
4379,1756792707.8900335,,1756792707.8900335,False,9.436227855241963,1.4968002352994136,-0.08030275371398346,-0.00754487272612566,nan,nan,nan,nan
4380,1756792707.9000337,,1756792707.9000337,False,9.438220585335479,1.469238526782343,-0.07129969384570514,-0.007914497768803182,nan,nan,nan,nan
4381,1756792707.9100258,,1756792707.9100258,False,9.461739434926754,1.3964529201500082,-0.0700039455322886,-0.009180934109438725,nan,nan,nan,nan
4382,1756792707.9200475,,1756792707.9200475,False,9.482143796804579,1.3197415720662695,-0.06854040495644094,-0.01055532503309552,nan,nan,nan,nan
4383,1756792707.930041,,1756792707.930041,False,9.507020010939295,1.2796647032445656,-0.08726778560076337,-0.010456215437674074,nan,nan,nan,nan
4384,1756792707.9401436,,1756792707.9401436,False,9.512798645732824,1.1858132261884142,-0.08939051238619453,-0.010179842285646513,nan,nan,nan,nan
4385,1756792707.950072,,1756792707.950072,False,9.542391926441843,1.134630658868978,-0.09882720616013227,-0.009919690899980054,nan,nan,nan,nan
4386,1756792707.9600332,,1756792707.9600332,False,9.553405650698785,1.0392570286368181,-0.10434303396570999,-0.010169249778713266,nan,nan,nan,nan
4387,1756792707.970039,,1756792707.970039,False,9.582761853790542,0.9910376612184838,-0.12967432407303128,-0.009446448231221012,nan,nan,nan,nan
4388,1756792707.9800236,,1756792707.9800236,False,9.567499394241334,0.8974581226533398,-0.12866095677311015,-0.009734149619478159,nan,nan,nan,nan
4389,1756792707.9900274,,1756792707.9900274,False,9.576726208739402,0.8163263180148046,-0.1469004975566476,-0.009503612217062599,nan,nan,nan,nan
4390,1756792708.0000312,,1756792708.0000312,False,9.592641500484532,0.7525714885210627,-0.15932855084160774,-0.008769949347569618,nan,nan,nan,nan
4391,1756792708.010012,,1756792708.010012,False,9.60118887535036,0.6765610194977171,-0.1478136039703473,-0.009564352341769413,nan,nan,nan,nan
4392,1756792708.0203016,,1756792708.0203016,False,9.622747593943263,0.612387176072063,-0.16780834586692137,-0.008732218718570016,nan,nan,nan,nan
4393,1756792708.030026,,1756792708.030026,False,9.636003223574265,0.5244069853625254,-0.1763907893807579,-0.0075433204049388065,nan,nan,nan,nan
4394,1756792708.0400307,,1756792708.0400307,False,9.63341135537509,0.4494494576816065,-0.17574325337341185,-0.007088387791399344,nan,nan,nan,nan
4395,1756792708.050046,,1756792708.050046,False,9.662581280368398,0.4049879599047262,-0.20183131824673353,-0.005645299619812729,nan,nan,nan,nan
4396,1756792708.0600169,,1756792708.0600169,False,9.669314508728986,0.3239960024845259,-0.18423605237613933,-0.00639190913855977,nan,nan,nan,nan
4397,1756792708.0700781,,1756792708.0700781,False,9.67362004589553,0.255918885732448,-0.19358542134885504,-0.005351061634714318,nan,nan,nan,nan
4398,1756792708.0799987,,1756792708.0799987,False,9.707751511272486,0.21609816379411623,-0.21706226483522176,-0.003182063982267205,nan,nan,nan,nan
4399,1756792708.0899715,,1756792708.0899715,False,9.7405980971981,0.15657950561732462,-0.23160010543819504,-0.0023570256177991374,nan,nan,nan,nan
4400,1756792708.1000266,,1756792708.1000266,False,9.756298426427875,0.11773624602023978,-0.23185149435041993,-0.0020083071871288796,nan,nan,nan,nan
4401,1756792708.110016,,1756792708.110016,False,9.76378277094215,0.07001457594153951,-0.2287770672617981,-0.002071519142792656,nan,nan,nan,nan
4402,1756792708.1200519,,1756792708.1200519,False,9.793927088952866,0.021183508673008656,-0.23726687005222274,-0.0007267480488923389,nan,nan,nan,nan
4403,1756792708.1302142,,1756792708.1302142,False,9.816867629346486,-0.007184535814271232,-0.22579311272756183,-0.00040448810070326863,nan,nan,nan,nan
4404,1756792708.1400065,,1756792708.1400065,False,9.846346721195404,-0.04767031898576321,-0.21336683138463972,-0.0010515144918558622,nan,nan,nan,nan
4405,1756792708.150009,,1756792708.150009,False,9.882483972775345,-0.07563692382830282,-0.23129028368801802,0.0006814755248698729,nan,nan,nan,nan
4406,1756792708.1600335,,1756792708.1600335,False,9.920151942516025,-0.11757704764196385,-0.22978654806269733,0.001015529586616203,nan,nan,nan,nan
4407,1756792708.1701431,,1756792708.1701431,False,9.942258642026781,-0.1531798341010195,-0.2397826371816641,0.0024518302423741684,nan,nan,nan,nan
4408,1756792708.1800222,,1756792708.1800222,False,9.977737871776235,-0.1699807028075587,-0.2493217615712463,0.0036356372535678236,nan,nan,nan,nan
4409,1756792708.1900322,,1756792708.1900322,False,10.001787368328548,-0.1901718626430975,-0.23848221817815632,0.003007748862885563,nan,nan,nan,nan
4410,1756792708.2000296,,1756792708.2000296,False,10.019944851113157,-0.21139261145768432,-0.2371099911631827,0.0035883655270828258,nan,nan,nan,nan
4411,1756792708.2102208,,1756792708.2102208,False,10.056648105856928,-0.22905639124574784,-0.23932765863568228,0.004278170473245114,nan,nan,nan,nan
4412,1756792708.2201412,,1756792708.2201412,False,10.089112429048807,-0.253992961413965,-0.24013896662077566,0.0043530613875301105,nan,nan,nan,nan
4413,1756792708.2300763,,1756792708.2300763,False,10.123458759162313,-0.27792567295918535,-0.230889987629014,0.004370423355401563,nan,nan,nan,nan
4414,1756792708.2401555,,1756792708.2401555,False,10.139623102162126,-0.28722926815545474,-0.2274941606268307,0.004136297007664715,nan,nan,nan,nan
4415,1756792708.2500303,,1756792708.2500303,False,10.167623038096034,-0.30585615668664656,-0.23135043198035596,0.005106484284709521,nan,nan,nan,nan
4416,1756792708.2600114,,1756792708.2600114,False,10.194561504100065,-0.30958304929109254,-0.22506353159892595,0.0047857129950635135,nan,nan,nan,nan
4417,1756792708.270049,,1756792708.270049,False,10.232234205988963,-0.3312289664644794,-0.23318184659391622,0.004190837885977464,nan,nan,nan,nan
4418,1756792708.2800126,,1756792708.2800126,False,10.272673475208176,-0.3503844883211643,-0.23644201985621058,0.0050475705248483075,nan,nan,nan,nan
4419,1756792708.2900136,,1756792708.2900136,False,10.303160761922813,-0.3597955700946772,-0.2324910470347302,0.005089176210899527,nan,nan,nan,nan
4420,1756792708.3000135,,1756792708.3000135,False,10.322225497864034,-0.36892561487645265,-0.23881158024584098,0.004543193987361089,nan,nan,nan,nan
4421,1756792708.310018,,1756792708.310018,False,10.361104200576007,-0.38965968231275017,-0.2525146955672447,0.0053594216731481,nan,nan,nan,nan
4422,1756792708.3200488,,1756792708.3200488,False,10.391784235296758,-0.4075158878457341,-0.250782066522069,0.005392126037960109,nan,nan,nan,nan
4423,1756792708.3300588,,1756792708.3300588,False,10.425095929333423,-0.41926441151639526,-0.25029171360400293,0.004809558892774183,nan,nan,nan,nan
4424,1756792708.340013,,1756792708.340013,False,10.460643568393184,-0.4262864553655791,-0.24023512103828534,0.004625817773282705,nan,nan,nan,nan
4425,1756792708.350028,,1756792708.350028,False,10.485741321977889,-0.4332612332500209,-0.2376389208442272,0.004534549985011886,nan,nan,nan,nan
4426,1756792708.3600223,,1756792708.3600223,False,10.505126299722324,-0.44122773699320117,-0.24930075397923976,0.004077072069170546,nan,nan,nan,nan
4427,1756792708.370243,,1756792708.370243,False,10.534195792684587,-0.443778787628538,-0.23594651249366602,0.00452970916857988,nan,nan,nan,nan
4428,1756792708.3805022,,1756792708.3805022,False,10.561630453145312,-0.4452621430744972,-0.22639269721969968,0.0035671847278433244,nan,nan,nan,nan
4429,1756792708.3900213,,1756792708.3900213,False,10.588103314797829,-0.4597842816188401,-0.23585876214902465,0.0033300346755733025,nan,nan,nan,nan
4430,1756792708.4000154,,1756792708.4000154,False,10.615627025103901,-0.46935150022148564,-0.23175742047947312,0.0029627297260391827,nan,nan,nan,nan
4413,1756792708.2300763,,1756792708.2300763,False,10.123458759162313,-0.27792567295918535,-0.230889987629014,0.004370423355401563,nan,nan,nan,nan
4414,1756792708.2401555,,1756792708.2401555,False,10.139623102162126,-0.28722926815545474,-0.2274941606268307,0.004136297007664715,nan,nan,nan,nan
4415,1756792708.2500303,,1756792708.2500303,False,10.167623038096034,-0.30585615668664656,-0.23135043198035596,0.005106484284709521,nan,nan,nan,nan
4416,1756792708.2600114,,1756792708.2600114,False,10.194561504100065,-0.30958304929109254,-0.22506353159892595,0.0047857129950635135,nan,nan,nan,nan
4417,1756792708.270049,,1756792708.270049,False,10.232234205988963,-0.3312289664644794,-0.23318184659391622,0.004190837885977464,nan,nan,nan,nan
4418,1756792708.2800126,,1756792708.2800126,False,10.272673475208176,-0.3503844883211643,-0.23644201985621058,0.0050475705248483075,nan,nan,nan,nan
4419,1756792708.2900136,,1756792708.2900136,False,10.303160761922813,-0.3597955700946772,-0.2324910470347302,0.005089176210899527,nan,nan,nan,nan
4420,1756792708.3000135,,1756792708.3000135,False,10.322225497864034,-0.36892561487645265,-0.23881158024584098,0.004543193987361089,nan,nan,nan,nan
4421,1756792708.310018,,1756792708.310018,False,10.361104200576007,-0.38965968231275017,-0.2525146955672447,0.0053594216731481,nan,nan,nan,nan
4422,1756792708.3200488,,1756792708.3200488,False,10.391784235296758,-0.4075158878457341,-0.250782066522069,0.005392126037960109,nan,nan,nan,nan
4423,1756792708.3300588,,1756792708.3300588,False,10.425095929333423,-0.41926441151639526,-0.25029171360400293,0.004809558892774183,nan,nan,nan,nan
4424,1756792708.340013,,1756792708.340013,False,10.460643568393184,-0.4262864553655791,-0.24023512103828534,0.004625817773282705,nan,nan,nan,nan
4425,1756792708.350028,,1756792708.350028,False,10.485741321977889,-0.4332612332500209,-0.2376389208442272,0.004534549985011886,nan,nan,nan,nan
4426,1756792708.3600223,,1756792708.3600223,False,10.505126299722324,-0.44122773699320117,-0.24930075397923976,0.004077072069170546,nan,nan,nan,nan
4427,1756792708.370243,,1756792708.370243,False,10.534195792684587,-0.443778787628538,-0.23594651249366602,0.00452970916857988,nan,nan,nan,nan
4428,1756792708.3805022,,1756792708.3805022,False,10.561630453145312,-0.4452621430744972,-0.22639269721969968,0.0035671847278433244,nan,nan,nan,nan
4429,1756792708.3900213,,1756792708.3900213,False,10.588103314797829,-0.4597842816188401,-0.23585876214902465,0.0033300346755733025,nan,nan,nan,nan
4430,1756792708.4000154,,1756792708.4000154,False,10.615627025103901,-0.46935150022148564,-0.23175742047947312,0.0029627297260391827,nan,nan,nan,nan
4431,1756792708.4100192,,1756792708.4100192,False,10.632656226371134,-0.4809757827764579,-0.23003760884818703,0.0030212442215921996,nan,nan,nan,nan
4432,1756792708.420006,,1756792708.420006,False,10.653983197242958,-0.48070987631449247,-0.22984912832314758,0.00253382389333358,nan,nan,nan,nan
4433,1756792708.4300106,,1756792708.4300106,False,10.674373464579466,-0.47137978435211314,-0.22712657144663118,0.001690160983696874,nan,nan,nan,nan
4434,1756792708.440174,,1756792708.440174,False,10.70662503497097,-0.46891428681306024,-0.20896683212615474,0.0011325152181194003,nan,nan,nan,nan
4435,1756792708.4500315,,1756792708.4500315,False,10.748226876501743,-0.4764644697210505,-0.21012567417366737,0.0015663163184648746,nan,nan,nan,nan
4436,1756792708.4600573,,1756792708.4600573,False,10.761327460175176,-0.46428441834139017,-0.20753285609328623,0.000901589015474112,nan,nan,nan,nan
4437,1756792708.4700296,,1756792708.4700296,False,10.779555758363191,-0.4602144864553297,-0.20296185418590273,0.0005073369194093395,nan,nan,nan,nan
4438,1756792708.4800277,,1756792708.4800277,False,10.809277784779692,-0.4574084903494753,-0.18952564071759595,0.0009743619162796603,nan,nan,nan,nan
4439,1756792708.4900193,,1756792708.4900193,False,10.823903538652106,-0.4705494609070302,-0.19537598308696746,-0.00019079659817198785,nan,nan,nan,nan
4440,1756792708.5000293,,1756792708.5000293,False,10.8605602850208,-0.46021716764385706,-0.18512433699544859,-0.0002643750159764699,nan,nan,nan,nan
4441,1756792708.510021,,1756792708.510021,False,10.89107660785787,-0.4564870674910018,-0.16974823670038336,0.0005857040664771781,nan,nan,nan,nan
4442,1756792708.5200357,,1756792708.5200357,False,10.899935066411718,-0.47490234212145954,-0.17438282407185707,-0.001248113045991716,nan,nan,nan,nan
4443,1756792708.5300498,,1756792708.5300498,False,10.913789898315917,-0.4255849033500526,-0.15836205797681072,0.00024828061997427664,nan,nan,nan,nan
4444,1756792708.5400329,,1756792708.5400329,False,10.928171927943902,-0.43896388836520045,-0.15235018508185333,-0.0008523152974958116,nan,nan,nan,nan
4445,1756792708.5500054,,1756792708.5500054,False,10.958118173965891,-0.4682134480283106,-0.15598040458471324,-0.0009163995889128022,nan,nan,nan,nan
4446,1756792708.5600853,,1756792708.5600853,False,10.970776789966683,-0.4862109771741565,-0.16192771912532206,-0.00123078750466051,nan,nan,nan,nan
4447,1756792708.570089,,1756792708.570089,False,10.981103907308567,-0.47793474993403795,-0.14961333757888712,-0.0006881245623222718,nan,nan,nan,nan
4448,1756792708.5800986,,1756792708.5800986,False,11.014499455995987,-0.46829261488263807,-0.13658996032858894,0.0008257667088080782,nan,nan,nan,nan
4449,1756792708.590075,,1756792708.590075,False,11.02053363730101,-0.4376886700327059,-0.13243548833724988,-0.0004112255321943832,nan,nan,nan,nan
4450,1756792708.600088,,1756792708.600088,False,11.035402948551901,-0.4838072130008213,-0.13555867827239784,0.0006505540680737179,nan,nan,nan,nan
4451,1756792708.6100366,,1756792708.6100366,False,11.046490539465609,-0.47207875843546343,-0.12684814059074084,-6.963609888901726e-05,nan,nan,nan,nan
4452,1756792708.620197,,1756792708.620197,False,11.059733460557801,-0.4524875344147422,-0.12283209864012207,0.00014739527733068227,nan,nan,nan,nan
4453,1756792708.6300845,,1756792708.6300845,False,11.06495794903661,-0.4534359775925251,-0.12443766300382383,0.00033555676112421464,nan,nan,nan,nan
4454,1756792708.640032,,1756792708.640032,False,11.068861453933515,-0.44654203610106635,-0.1250510249224824,-0.000385736883726972,nan,nan,nan,nan
4455,1756792708.6500778,,1756792708.6500778,False,11.08348204573247,-0.44843162638442424,-0.12776299124702137,-0.0002635147470835253,nan,nan,nan,nan
4456,1756792708.6600227,,1756792708.6600227,False,11.090619514995531,-0.43832212506641033,-0.1272700019529123,-0.0003297906991721694,nan,nan,nan,nan
4457,1756792708.6701636,,1756792708.6701636,False,11.096999445358225,-0.41377011782778034,-0.12220556705523489,-0.0006747461139073491,nan,nan,nan,nan
4458,1756792708.6800382,,1756792708.6800382,False,11.097793503346743,-0.4030959910200559,-0.12707665985369063,-0.001453115267413264,nan,nan,nan,nan
4459,1756792708.690035,,1756792708.690035,False,11.110580723222894,-0.4109560810965639,-0.11796224005121708,-0.0002633025319071805,nan,nan,nan,nan
4460,1756792708.7000883,,1756792708.7000883,False,11.125247141843845,-0.381995399768717,-0.10224751757084322,0.0003051125509329785,nan,nan,nan,nan
4461,1756792708.7100255,,1756792708.7100255,False,11.125793633390888,-0.3745869191512741,-0.1007690818701599,-0.000918429341952965,nan,nan,nan,nan
4462,1756792708.7201865,,1756792708.7201865,False,11.128311461550426,-0.3684567754651978,-0.09401845642411576,-0.001074388268811474,nan,nan,nan,nan
4463,1756792708.7300363,,1756792708.7300363,False,11.12169223373609,-0.3563478324622744,-0.08664973891196082,-0.0004739975622880223,nan,nan,nan,nan
4464,1756792708.7400358,,1756792708.7400358,False,11.109071620712227,-0.34086324222235487,-0.07454385568117165,1.38615898808636e-05,nan,nan,nan,nan
4465,1756792708.750043,,1756792708.750043,False,11.10274233093284,-0.3426775423923955,-0.058993149145609006,1.5832133343799778e-05,nan,nan,nan,nan
4466,1756792708.7600238,,1756792708.7600238,False,11.111510311888084,-0.3216306112304354,-0.04865673093327334,-0.00024772480928282267,nan,nan,nan,nan
4467,1756792708.770076,,1756792708.770076,False,11.113248598845328,-0.3143015387056753,-0.0424131614494772,-0.0001416974553059509,nan,nan,nan,nan
4468,1756792708.780018,,1756792708.780018,False,11.106002049120763,-0.29957314609282754,-0.033535811253355696,-0.0002959825620606425,nan,nan,nan,nan
4469,1756792708.7900314,,1756792708.7900314,False,11.10196261175474,-0.29988494098869395,-0.02577308259183024,-3.867926995391503e-05,nan,nan,nan,nan
4470,1756792708.8018517,,1756792708.8018517,False,11.08379178990987,-0.2962604693193722,-0.011240879465792095,-1.4261024825518212e-05,nan,nan,nan,nan
4471,1756792708.8101342,,1756792708.8101342,False,11.07517153171974,-0.28341819728189965,0.0020877965413947674,0.0010110712825934518,nan,nan,nan,nan
4472,1756792708.8199902,,1756792708.8199902,False,11.0635009168799,-0.280972534836834,0.010549794357144737,0.000596954016037893,nan,nan,nan,nan
4473,1756792708.8300283,,1756792708.8300283,False,11.0597098277455,-0.25118713580498514,0.007886734817045396,0.00039303277188961253,nan,nan,nan,nan
4474,1756792708.84002,,1756792708.84002,False,11.042597241510341,-0.2458408395391792,0.011187154433139621,0.0006183778933222425,nan,nan,nan,nan
4475,1756792708.8500137,,1756792708.8500137,False,11.020444904377499,-0.24606973855853143,0.017189930805131155,0.0010315567481763482,nan,nan,nan,nan
4476,1756792708.860145,,1756792708.860145,False,10.995019309201322,-0.2380690929691533,0.03306331688445204,0.001582564711742042,nan,nan,nan,nan
4477,1756792708.8700233,,1756792708.8700233,False,10.998279731753973,-0.2213974651066162,0.03731484397754259,0.0014795199336730533,nan,nan,nan,nan
4478,1756792708.8800454,,1756792708.8800454,False,10.958019265352636,-0.21716596094729737,0.053517922876818474,0.0023867560591806073,nan,nan,nan,nan
4479,1756792708.890014,,1756792708.890014,False,10.928080475262151,-0.19473861577759874,0.047324374255361595,0.0013374662107718846,nan,nan,nan,nan
4480,1756792708.9000256,,1756792708.9000256,False,10.921071123178608,-0.17631233732609694,0.05391169181019267,0.0013916355210801116,nan,nan,nan,nan
4481,1756792708.9100251,,1756792708.9100251,False,10.914806561416578,-0.16039587312605413,0.04473030049208037,0.000766352058838714,nan,nan,nan,nan
4482,1756792708.9201548,,1756792708.9201548,False,10.875291313577078,-0.16144496408917572,0.0736695071741737,0.0023657798846929167,nan,nan,nan,nan
4483,1756792708.9300694,,1756792708.9300694,False,10.82600650540524,-0.16099304539317597,0.08678028606667924,0.0024874756885616936,nan,nan,nan,nan
4484,1756792708.940041,,1756792708.940041,False,10.794204160988587,-0.14792059618293688,0.08716100819702899,0.0016625283607192979,nan,nan,nan,nan
4485,1756792708.95003,,1756792708.95003,False,10.777176616030095,-0.13983838426575554,0.10047212212966372,0.0018981233270548045,nan,nan,nan,nan
4486,1756792708.9600165,,1756792708.9600165,False,10.748029703609507,-0.11982205736653626,0.10502840859848889,0.0009176779628214207,nan,nan,nan,nan
4487,1756792708.9700277,,1756792708.9700277,False,10.733168570493714,-0.10971602090095348,0.1120104859439147,0.0009935699851066843,nan,nan,nan,nan
4488,1756792708.9800253,,1756792708.9800253,False,10.68598862891564,-0.09590713993382187,0.12286350873921212,0.00044421347863954667,nan,nan,nan,nan
4489,1756792708.9900246,,1756792708.9900246,False,10.661726046168567,-0.07989023948351455,0.1377136809415749,0.0008216538459968149,nan,nan,nan,nan
4490,1756792709.000025,,1756792709.000025,False,10.627509855858703,-0.07938640609903495,0.13823555501264034,-0.0003812732935562164,nan,nan,nan,nan
4491,1756792709.0100954,,1756792709.0100954,False,10.602123010226915,-0.06614042326041823,0.1420081863349705,-0.0006922223010664198,nan,nan,nan,nan
4492,1756792709.0200286,,1756792709.0200286,False,10.561851754418086,-0.06500895046874394,0.15494398223192116,-8.9177968587704e-05,nan,nan,nan,nan
4493,1756792709.0300214,,1756792709.0300214,False,10.535825243247373,-0.053792051507641006,0.1594966955304757,-0.000996291590010883,nan,nan,nan,nan
4494,1756792709.0400321,,1756792709.0400321,False,10.473398389183036,-0.04601221806360674,0.1709912813121499,-0.0015057518912156584,nan,nan,nan,nan
4495,1756792709.0500748,,1756792709.0500748,False,10.425575471777748,-0.03610490766264811,0.19347514946142658,-0.0006414447094934061,nan,nan,nan,nan
4496,1756792709.060031,,1756792709.060031,False,10.375507127169776,-0.02290102992237461,0.21345526209989488,-0.001049408749947899,nan,nan,nan,nan
4497,1756792709.0700443,,1756792709.0700443,False,10.360133085406625,-0.013442352125366116,0.2143097755774253,-0.0009051122753771214,nan,nan,nan,nan
4498,1756792709.0800502,,1756792709.0800502,False,10.342586623221111,-0.0185957660327707,0.2173775171436454,0.00020223870056227313,nan,nan,nan,nan
4499,1756792709.0900218,,1756792709.0900218,False,10.304039989558545,-0.012439177054121562,0.22076529812863216,-0.00041256888488680227,nan,nan,nan,nan
4500,1756792709.100058,,1756792709.100058,False,10.233510454451139,-0.00878630975448807,0.2493588728267634,0.00119675068206662,nan,nan,nan,nan
4501,1756792709.11007,,1756792709.11007,False,10.176557188872263,0.010699328278632876,0.26804852423216646,0.0021150097585914806,nan,nan,nan,nan
4502,1756792709.1200323,,1756792709.1200323,False,10.203262094998601,0.013504175847859571,0.2335518738155137,0.00036900834671554206,nan,nan,nan,nan
4432,1756792708.420006,,1756792708.420006,False,10.653983197242958,-0.48070987631449247,-0.22984912832314758,0.00253382389333358,nan,nan,nan,nan
4433,1756792708.4300106,,1756792708.4300106,False,10.674373464579466,-0.47137978435211314,-0.22712657144663118,0.001690160983696874,nan,nan,nan,nan
4434,1756792708.440174,,1756792708.440174,False,10.70662503497097,-0.46891428681306024,-0.20896683212615474,0.0011325152181194003,nan,nan,nan,nan
4435,1756792708.4500315,,1756792708.4500315,False,10.748226876501743,-0.4764644697210505,-0.21012567417366737,0.0015663163184648746,nan,nan,nan,nan
4436,1756792708.4600573,,1756792708.4600573,False,10.761327460175176,-0.46428441834139017,-0.20753285609328623,0.000901589015474112,nan,nan,nan,nan
4437,1756792708.4700296,,1756792708.4700296,False,10.779555758363191,-0.4602144864553297,-0.20296185418590273,0.0005073369194093395,nan,nan,nan,nan
4438,1756792708.4800277,,1756792708.4800277,False,10.809277784779692,-0.4574084903494753,-0.18952564071759595,0.0009743619162796603,nan,nan,nan,nan
4439,1756792708.4900193,,1756792708.4900193,False,10.823903538652106,-0.4705494609070302,-0.19537598308696746,-0.00019079659817198785,nan,nan,nan,nan
4440,1756792708.5000293,,1756792708.5000293,False,10.8605602850208,-0.46021716764385706,-0.18512433699544859,-0.0002643750159764699,nan,nan,nan,nan
4441,1756792708.510021,,1756792708.510021,False,10.89107660785787,-0.4564870674910018,-0.16974823670038336,0.0005857040664771781,nan,nan,nan,nan
4442,1756792708.5200357,,1756792708.5200357,False,10.899935066411718,-0.47490234212145954,-0.17438282407185707,-0.001248113045991716,nan,nan,nan,nan
4443,1756792708.5300498,,1756792708.5300498,False,10.913789898315917,-0.4255849033500526,-0.15836205797681072,0.00024828061997427664,nan,nan,nan,nan
4444,1756792708.5400329,,1756792708.5400329,False,10.928171927943902,-0.43896388836520045,-0.15235018508185333,-0.0008523152974958116,nan,nan,nan,nan
4445,1756792708.5500054,,1756792708.5500054,False,10.958118173965891,-0.4682134480283106,-0.15598040458471324,-0.0009163995889128022,nan,nan,nan,nan
4446,1756792708.5600853,,1756792708.5600853,False,10.970776789966683,-0.4862109771741565,-0.16192771912532206,-0.00123078750466051,nan,nan,nan,nan
4447,1756792708.570089,,1756792708.570089,False,10.981103907308567,-0.47793474993403795,-0.14961333757888712,-0.0006881245623222718,nan,nan,nan,nan
4448,1756792708.5800986,,1756792708.5800986,False,11.014499455995987,-0.46829261488263807,-0.13658996032858894,0.0008257667088080782,nan,nan,nan,nan
4449,1756792708.590075,,1756792708.590075,False,11.02053363730101,-0.4376886700327059,-0.13243548833724988,-0.0004112255321943832,nan,nan,nan,nan
4450,1756792708.600088,,1756792708.600088,False,11.035402948551901,-0.4838072130008213,-0.13555867827239784,0.0006505540680737179,nan,nan,nan,nan
4451,1756792708.6100366,,1756792708.6100366,False,11.046490539465609,-0.47207875843546343,-0.12684814059074084,-6.963609888901726e-05,nan,nan,nan,nan
4452,1756792708.620197,,1756792708.620197,False,11.059733460557801,-0.4524875344147422,-0.12283209864012207,0.00014739527733068227,nan,nan,nan,nan
4453,1756792708.6300845,,1756792708.6300845,False,11.06495794903661,-0.4534359775925251,-0.12443766300382383,0.00033555676112421464,nan,nan,nan,nan
4454,1756792708.640032,,1756792708.640032,False,11.068861453933515,-0.44654203610106635,-0.1250510249224824,-0.000385736883726972,nan,nan,nan,nan
4455,1756792708.6500778,,1756792708.6500778,False,11.08348204573247,-0.44843162638442424,-0.12776299124702137,-0.0002635147470835253,nan,nan,nan,nan
4456,1756792708.6600227,,1756792708.6600227,False,11.090619514995531,-0.43832212506641033,-0.1272700019529123,-0.0003297906991721694,nan,nan,nan,nan
4457,1756792708.6701636,,1756792708.6701636,False,11.096999445358225,-0.41377011782778034,-0.12220556705523489,-0.0006747461139073491,nan,nan,nan,nan
4458,1756792708.6800382,,1756792708.6800382,False,11.097793503346743,-0.4030959910200559,-0.12707665985369063,-0.001453115267413264,nan,nan,nan,nan
4459,1756792708.690035,,1756792708.690035,False,11.110580723222894,-0.4109560810965639,-0.11796224005121708,-0.0002633025319071805,nan,nan,nan,nan
4460,1756792708.7000883,,1756792708.7000883,False,11.125247141843845,-0.381995399768717,-0.10224751757084322,0.0003051125509329785,nan,nan,nan,nan
4461,1756792708.7100255,,1756792708.7100255,False,11.125793633390888,-0.3745869191512741,-0.1007690818701599,-0.000918429341952965,nan,nan,nan,nan
4462,1756792708.7201865,,1756792708.7201865,False,11.128311461550426,-0.3684567754651978,-0.09401845642411576,-0.001074388268811474,nan,nan,nan,nan
4463,1756792708.7300363,,1756792708.7300363,False,11.12169223373609,-0.3563478324622744,-0.08664973891196082,-0.0004739975622880223,nan,nan,nan,nan
4464,1756792708.7400358,,1756792708.7400358,False,11.109071620712227,-0.34086324222235487,-0.07454385568117165,1.38615898808636e-05,nan,nan,nan,nan
4465,1756792708.750043,,1756792708.750043,False,11.10274233093284,-0.3426775423923955,-0.058993149145609006,1.5832133343799778e-05,nan,nan,nan,nan
4466,1756792708.7600238,,1756792708.7600238,False,11.111510311888084,-0.3216306112304354,-0.04865673093327334,-0.00024772480928282267,nan,nan,nan,nan
4467,1756792708.770076,,1756792708.770076,False,11.113248598845328,-0.3143015387056753,-0.0424131614494772,-0.0001416974553059509,nan,nan,nan,nan
4468,1756792708.780018,,1756792708.780018,False,11.106002049120763,-0.29957314609282754,-0.033535811253355696,-0.0002959825620606425,nan,nan,nan,nan
4469,1756792708.7900314,,1756792708.7900314,False,11.10196261175474,-0.29988494098869395,-0.02577308259183024,-3.867926995391503e-05,nan,nan,nan,nan
4470,1756792708.8018517,,1756792708.8018517,False,11.08379178990987,-0.2962604693193722,-0.011240879465792095,-1.4261024825518212e-05,nan,nan,nan,nan
4471,1756792708.8101342,,1756792708.8101342,False,11.07517153171974,-0.28341819728189965,0.0020877965413947674,0.0010110712825934518,nan,nan,nan,nan
4472,1756792708.8199902,,1756792708.8199902,False,11.0635009168799,-0.280972534836834,0.010549794357144737,0.000596954016037893,nan,nan,nan,nan
4473,1756792708.8300283,,1756792708.8300283,False,11.0597098277455,-0.25118713580498514,0.007886734817045396,0.00039303277188961253,nan,nan,nan,nan
4474,1756792708.84002,,1756792708.84002,False,11.042597241510341,-0.2458408395391792,0.011187154433139621,0.0006183778933222425,nan,nan,nan,nan
4475,1756792708.8500137,,1756792708.8500137,False,11.020444904377499,-0.24606973855853143,0.017189930805131155,0.0010315567481763482,nan,nan,nan,nan
4476,1756792708.860145,,1756792708.860145,False,10.995019309201322,-0.2380690929691533,0.03306331688445204,0.001582564711742042,nan,nan,nan,nan
4477,1756792708.8700233,,1756792708.8700233,False,10.998279731753973,-0.2213974651066162,0.03731484397754259,0.0014795199336730533,nan,nan,nan,nan
4478,1756792708.8800454,,1756792708.8800454,False,10.958019265352636,-0.21716596094729737,0.053517922876818474,0.0023867560591806073,nan,nan,nan,nan
4479,1756792708.890014,,1756792708.890014,False,10.928080475262151,-0.19473861577759874,0.047324374255361595,0.0013374662107718846,nan,nan,nan,nan
4480,1756792708.9000256,,1756792708.9000256,False,10.921071123178608,-0.17631233732609694,0.05391169181019267,0.0013916355210801116,nan,nan,nan,nan
4481,1756792708.9100251,,1756792708.9100251,False,10.914806561416578,-0.16039587312605413,0.04473030049208037,0.000766352058838714,nan,nan,nan,nan
4482,1756792708.9201548,,1756792708.9201548,False,10.875291313577078,-0.16144496408917572,0.0736695071741737,0.0023657798846929167,nan,nan,nan,nan
4483,1756792708.9300694,,1756792708.9300694,False,10.82600650540524,-0.16099304539317597,0.08678028606667924,0.0024874756885616936,nan,nan,nan,nan
4484,1756792708.940041,,1756792708.940041,False,10.794204160988587,-0.14792059618293688,0.08716100819702899,0.0016625283607192979,nan,nan,nan,nan
4485,1756792708.95003,,1756792708.95003,False,10.777176616030095,-0.13983838426575554,0.10047212212966372,0.0018981233270548045,nan,nan,nan,nan
4486,1756792708.9600165,,1756792708.9600165,False,10.748029703609507,-0.11982205736653626,0.10502840859848889,0.0009176779628214207,nan,nan,nan,nan
4487,1756792708.9700277,,1756792708.9700277,False,10.733168570493714,-0.10971602090095348,0.1120104859439147,0.0009935699851066843,nan,nan,nan,nan
4488,1756792708.9800253,,1756792708.9800253,False,10.68598862891564,-0.09590713993382187,0.12286350873921212,0.00044421347863954667,nan,nan,nan,nan
4489,1756792708.9900246,,1756792708.9900246,False,10.661726046168567,-0.07989023948351455,0.1377136809415749,0.0008216538459968149,nan,nan,nan,nan
4490,1756792709.000025,,1756792709.000025,False,10.627509855858703,-0.07938640609903495,0.13823555501264034,-0.0003812732935562164,nan,nan,nan,nan
4491,1756792709.0100954,,1756792709.0100954,False,10.602123010226915,-0.06614042326041823,0.1420081863349705,-0.0006922223010664198,nan,nan,nan,nan
4492,1756792709.0200286,,1756792709.0200286,False,10.561851754418086,-0.06500895046874394,0.15494398223192116,-8.9177968587704e-05,nan,nan,nan,nan
4493,1756792709.0300214,,1756792709.0300214,False,10.535825243247373,-0.053792051507641006,0.1594966955304757,-0.000996291590010883,nan,nan,nan,nan
4494,1756792709.0400321,,1756792709.0400321,False,10.473398389183036,-0.04601221806360674,0.1709912813121499,-0.0015057518912156584,nan,nan,nan,nan
4495,1756792709.0500748,,1756792709.0500748,False,10.425575471777748,-0.03610490766264811,0.19347514946142658,-0.0006414447094934061,nan,nan,nan,nan
4496,1756792709.060031,,1756792709.060031,False,10.375507127169776,-0.02290102992237461,0.21345526209989488,-0.001049408749947899,nan,nan,nan,nan
4497,1756792709.0700443,,1756792709.0700443,False,10.360133085406625,-0.013442352125366116,0.2143097755774253,-0.0009051122753771214,nan,nan,nan,nan
4498,1756792709.0800502,,1756792709.0800502,False,10.342586623221111,-0.0185957660327707,0.2173775171436454,0.00020223870056227313,nan,nan,nan,nan
4499,1756792709.0900218,,1756792709.0900218,False,10.304039989558545,-0.012439177054121562,0.22076529812863216,-0.00041256888488680227,nan,nan,nan,nan
4500,1756792709.100058,,1756792709.100058,False,10.233510454451139,-0.00878630975448807,0.2493588728267634,0.00119675068206662,nan,nan,nan,nan
4501,1756792709.11007,,1756792709.11007,False,10.176557188872263,0.010699328278632876,0.26804852423216646,0.0021150097585914806,nan,nan,nan,nan
4502,1756792709.1200323,,1756792709.1200323,False,10.203262094998601,0.013504175847859571,0.2335518738155137,0.00036900834671554206,nan,nan,nan,nan
4503,1756792709.1300356,,1756792709.1300356,False,10.158788632197409,0.024585824556995935,0.24920048654392116,0.0011408520982108803,nan,nan,nan,nan
4504,1756792709.1400175,,1756792709.1400175,False,10.11225015168636,0.0364108116512013,0.2562255939266592,0.0011978253837336996,nan,nan,nan,nan
4505,1756792709.150054,,1756792709.150054,False,10.087985258603926,0.05310702699573181,0.247439895393167,-1.3872144493477147e-05,nan,nan,nan,nan
4506,1756792709.1600187,,1756792709.1600187,False,10.022859495614414,0.05835054711348299,0.2859443723238602,0.0017919740227638316,nan,nan,nan,nan
4507,1756792709.1701381,,1756792709.1701381,False,9.989127178315375,0.06662107769055355,0.29363111806341224,0.0029654118025274514,nan,nan,nan,nan
4508,1756792709.1800091,,1756792709.1800091,False,9.944970042555221,0.07604391332114215,0.29773155408399393,0.003072247591863953,nan,nan,nan,nan
4509,1756792709.190031,,1756792709.190031,False,9.917362839457695,0.08529640189212942,0.28432953464577304,0.0016957782931162953,nan,nan,nan,nan
4510,1756792709.2001164,,1756792709.2001164,False,9.890042173543335,0.08569086066123698,0.2825407209660474,0.001557436966809745,nan,nan,nan,nan
4511,1756792709.2100272,,1756792709.2100272,False,9.83178471468051,0.10063628403261499,0.30289176197243084,0.002099236620871817,nan,nan,nan,nan
4512,1756792709.2201946,,1756792709.2201946,False,9.770638718217002,0.11327804079892169,0.32007718568487886,0.0022688327814374383,nan,nan,nan,nan
4513,1756792709.2300289,,1756792709.2300289,False,9.748636896552881,0.12107144218854236,0.3031035759566705,0.0004105634052395656,nan,nan,nan,nan
4514,1756792709.24002,,1756792709.24002,False,9.681853203748373,0.14856900564389758,0.3263608089389792,0.001019927453327943,nan,nan,nan,nan
4515,1756792709.2500172,,1756792709.2500172,False,9.625145628934847,0.16069761363493107,0.3349961302009009,0.0010233160975669123,nan,nan,nan,nan
4516,1756792709.2600315,,1756792709.2600315,False,9.573582491255943,0.16532768870768688,0.35209256966074565,0.0013981962574132463,nan,nan,nan,nan
4517,1756792709.2700758,,1756792709.2700758,False,9.537258278229427,0.17300862934855818,0.34783395274528345,-0.0007644457314249535,nan,nan,nan,nan
4518,1756792709.2800236,,1756792709.2800236,False,9.562092130004212,0.1555493424308683,0.30316543244658317,-0.0017719905350482596,nan,nan,nan,nan
4519,1756792709.290017,,1756792709.290017,False,9.482898416188158,0.18180560671362545,0.3345523322929752,-0.002018096738312355,nan,nan,nan,nan
4520,1756792709.3000607,,1756792709.3000607,False,9.391297175643336,0.20833182949738488,0.38494316630983477,-0.0011185622197528587,nan,nan,nan,nan
4521,1756792709.310016,,1756792709.310016,False,9.339901823966331,0.2151411512650664,0.3875893712245604,-0.0021371892384387924,nan,nan,nan,nan
4522,1756792709.3200078,,1756792709.3200078,False,9.334468470815029,0.20708211657516876,0.3598651655311286,-0.0032805136005232276,nan,nan,nan,nan
4523,1756792709.3300233,,1756792709.3300233,False,9.280888728124916,0.20472180413382657,0.3839094567453879,-0.0028789747226550043,nan,nan,nan,nan
4524,1756792709.3400168,,1756792709.3400168,False,9.252875400759322,0.19603661514829424,0.3783959457186596,-0.0036198516850177716,nan,nan,nan,nan
4525,1756792709.3500254,,1756792709.3500254,False,9.21023664240409,0.20189889474921321,0.36450781823165407,-0.0051543646220347464,nan,nan,nan,nan
4526,1756792709.3600326,,1756792709.3600326,False,9.143718054640244,0.21766564149304396,0.3754983719111197,-0.005711414998730194,nan,nan,nan,nan
4527,1756792709.3700447,,1756792709.3700447,False,9.08640456136487,0.23617791512197944,0.41198740431178893,-0.005190997191793832,nan,nan,nan,nan
4528,1756792709.380019,,1756792709.380019,False,9.04569049775996,0.23546248617432627,0.39801465743097636,-0.005726790993788907,nan,nan,nan,nan
4529,1756792709.3900263,,1756792709.3900263,False,9.01160857626106,0.21961608562273527,0.3935480255514003,-0.005757109205343494,nan,nan,nan,nan
4530,1756792709.4000452,,1756792709.4000452,False,8.948235739211732,0.23571978980570915,0.4157635225532132,-0.006114116413693857,nan,nan,nan,nan
4531,1756792709.4100173,,1756792709.4100173,False,8.913168861441752,0.24238965274633292,0.3957054731248443,-0.00644995535362569,nan,nan,nan,nan
4532,1756792709.4202182,,1756792709.4202182,False,8.876124310661957,0.2519492027294613,0.38691518965623095,-0.006909181096123814,nan,nan,nan,nan
4533,1756792709.4300258,,1756792709.4300258,False,8.810463803901733,0.27336998475949237,0.41928528053461506,-0.005898801159970075,nan,nan,nan,nan
4534,1756792709.440031,,1756792709.440031,False,8.774576283370378,0.2799487950748259,0.4102351423053205,-0.006360097806028852,nan,nan,nan,nan
4535,1756792709.4500723,,1756792709.4500723,False,8.710214936654573,0.2944399734655534,0.4479775827416022,-0.005146800441468428,nan,nan,nan,nan
4536,1756792709.4600518,,1756792709.4600518,False,8.688019750397576,0.2827231131454188,0.4335957873998534,-0.004484916077279875,nan,nan,nan,nan
4537,1756792709.4702837,,1756792709.4702837,False,8.678438468811624,0.27029813988025825,0.38372011841225456,-0.005631827761519067,nan,nan,nan,nan
4538,1756792709.4800425,,1756792709.4800425,False,8.634332531474959,0.2868025021376802,0.3819637192034567,-0.005946728304211642,nan,nan,nan,nan
4539,1756792709.4900398,,1756792709.4900398,False,8.592482800118667,0.30090821749014024,0.3945862047865674,-0.004840135440267778,nan,nan,nan,nan
4540,1756792709.5000434,,1756792709.5000434,False,8.504556494459456,0.3441764973937746,0.4602099024472416,-0.004000119499253035,nan,nan,nan,nan
4541,1756792709.510045,,1756792709.510045,False,8.476964060698712,0.35501253116546827,0.43500836931675335,-0.004732517437054105,nan,nan,nan,nan
4542,1756792709.5200565,,1756792709.5200565,False,8.463801621228901,0.33523508275337544,0.3996059354009654,-0.004460048495385981,nan,nan,nan,nan
4543,1756792709.5300505,,1756792709.5300505,False,8.406134248302973,0.35687469739373473,0.4208318980551125,-0.004772422129756953,nan,nan,nan,nan
4544,1756792709.540033,,1756792709.540033,False,8.370926677293077,0.3606696949046968,0.40923101750173246,-0.005719976047010193,nan,nan,nan,nan
4545,1756792709.5500739,,1756792709.5500739,False,8.365392897279111,0.3344173819475233,0.3570836664976513,-0.005497238877872273,nan,nan,nan,nan
4546,1756792709.5600388,,1756792709.5600388,False,8.287864715790437,0.38774101583081105,0.4213804720521897,-0.00508193346757202,nan,nan,nan,nan
4547,1756792709.570031,,1756792709.570031,False,8.238293080829779,0.4056087190915207,0.44759576823971065,-0.004910755294091865,nan,nan,nan,nan
4548,1756792709.5801058,,1756792709.5801058,False,8.211838509301533,0.40365387528684227,0.4448867618002228,-0.00438950662756591,nan,nan,nan,nan
4549,1756792709.5902338,,1756792709.5902338,False,8.200812636846273,0.37965536189438487,0.39398264114170006,-0.00511062988835182,nan,nan,nan,nan
4550,1756792709.6000419,,1756792709.6000419,False,8.165576123598283,0.3816840339381882,0.40362312161019165,-0.004928055308137804,nan,nan,nan,nan
4551,1756792709.6100285,,1756792709.6100285,False,8.126836765854392,0.40377951223841946,0.41192716014941577,-0.0051605809361614,nan,nan,nan,nan
4552,1756792709.6200213,,1756792709.6200213,False,8.11065699386007,0.3850413946539663,0.39774860205574114,-0.004799979403027784,nan,nan,nan,nan
4553,1756792709.6300411,,1756792709.6300411,False,8.090743023611186,0.3912604723994043,0.3817789969214476,-0.005225870345932992,nan,nan,nan,nan
4554,1756792709.6400268,,1756792709.6400268,False,8.056017007241016,0.41821081883699673,0.4123588772208425,-0.005027929298672791,nan,nan,nan,nan
4555,1756792709.650048,,1756792709.650048,False,8.042065185462116,0.4169419578693657,0.40671444062422324,-0.0035075111119856677,nan,nan,nan,nan
4556,1756792709.6600416,,1756792709.6600416,False,8.01946203983606,0.4282750151903493,0.41106599627848167,-0.004204514244867954,nan,nan,nan,nan
4557,1756792709.6701405,,1756792709.6701405,False,8.016002018729173,0.41112230118903964,0.3649357888268328,-0.00387588286759092,nan,nan,nan,nan
4558,1756792709.6800327,,1756792709.6800327,False,7.991653535852592,0.4155247248378437,0.35566541544984576,-0.004764454790573936,nan,nan,nan,nan
4503,1756792709.1300356,,1756792709.1300356,False,10.158788632197409,0.024585824556995935,0.24920048654392116,0.0011408520982108803,nan,nan,nan,nan
4504,1756792709.1400175,,1756792709.1400175,False,10.11225015168636,0.0364108116512013,0.2562255939266592,0.0011978253837336996,nan,nan,nan,nan
4505,1756792709.150054,,1756792709.150054,False,10.087985258603926,0.05310702699573181,0.247439895393167,-1.3872144493477147e-05,nan,nan,nan,nan
4506,1756792709.1600187,,1756792709.1600187,False,10.022859495614414,0.05835054711348299,0.2859443723238602,0.0017919740227638316,nan,nan,nan,nan
4507,1756792709.1701381,,1756792709.1701381,False,9.989127178315375,0.06662107769055355,0.29363111806341224,0.0029654118025274514,nan,nan,nan,nan
4508,1756792709.1800091,,1756792709.1800091,False,9.944970042555221,0.07604391332114215,0.29773155408399393,0.003072247591863953,nan,nan,nan,nan
4509,1756792709.190031,,1756792709.190031,False,9.917362839457695,0.08529640189212942,0.28432953464577304,0.0016957782931162953,nan,nan,nan,nan
4510,1756792709.2001164,,1756792709.2001164,False,9.890042173543335,0.08569086066123698,0.2825407209660474,0.001557436966809745,nan,nan,nan,nan
4511,1756792709.2100272,,1756792709.2100272,False,9.83178471468051,0.10063628403261499,0.30289176197243084,0.002099236620871817,nan,nan,nan,nan
4512,1756792709.2201946,,1756792709.2201946,False,9.770638718217002,0.11327804079892169,0.32007718568487886,0.0022688327814374383,nan,nan,nan,nan
4513,1756792709.2300289,,1756792709.2300289,False,9.748636896552881,0.12107144218854236,0.3031035759566705,0.0004105634052395656,nan,nan,nan,nan
4514,1756792709.24002,,1756792709.24002,False,9.681853203748373,0.14856900564389758,0.3263608089389792,0.001019927453327943,nan,nan,nan,nan
4515,1756792709.2500172,,1756792709.2500172,False,9.625145628934847,0.16069761363493107,0.3349961302009009,0.0010233160975669123,nan,nan,nan,nan
4516,1756792709.2600315,,1756792709.2600315,False,9.573582491255943,0.16532768870768688,0.35209256966074565,0.0013981962574132463,nan,nan,nan,nan
4517,1756792709.2700758,,1756792709.2700758,False,9.537258278229427,0.17300862934855818,0.34783395274528345,-0.0007644457314249535,nan,nan,nan,nan
4518,1756792709.2800236,,1756792709.2800236,False,9.562092130004212,0.1555493424308683,0.30316543244658317,-0.0017719905350482596,nan,nan,nan,nan
4519,1756792709.290017,,1756792709.290017,False,9.482898416188158,0.18180560671362545,0.3345523322929752,-0.002018096738312355,nan,nan,nan,nan
4520,1756792709.3000607,,1756792709.3000607,False,9.391297175643336,0.20833182949738488,0.38494316630983477,-0.0011185622197528587,nan,nan,nan,nan
4521,1756792709.310016,,1756792709.310016,False,9.339901823966331,0.2151411512650664,0.3875893712245604,-0.0021371892384387924,nan,nan,nan,nan
4522,1756792709.3200078,,1756792709.3200078,False,9.334468470815029,0.20708211657516876,0.3598651655311286,-0.0032805136005232276,nan,nan,nan,nan
4523,1756792709.3300233,,1756792709.3300233,False,9.280888728124916,0.20472180413382657,0.3839094567453879,-0.0028789747226550043,nan,nan,nan,nan
4524,1756792709.3400168,,1756792709.3400168,False,9.252875400759322,0.19603661514829424,0.3783959457186596,-0.0036198516850177716,nan,nan,nan,nan
4525,1756792709.3500254,,1756792709.3500254,False,9.21023664240409,0.20189889474921321,0.36450781823165407,-0.0051543646220347464,nan,nan,nan,nan
4526,1756792709.3600326,,1756792709.3600326,False,9.143718054640244,0.21766564149304396,0.3754983719111197,-0.005711414998730194,nan,nan,nan,nan
4527,1756792709.3700447,,1756792709.3700447,False,9.08640456136487,0.23617791512197944,0.41198740431178893,-0.005190997191793832,nan,nan,nan,nan
4528,1756792709.380019,,1756792709.380019,False,9.04569049775996,0.23546248617432627,0.39801465743097636,-0.005726790993788907,nan,nan,nan,nan
4529,1756792709.3900263,,1756792709.3900263,False,9.01160857626106,0.21961608562273527,0.3935480255514003,-0.005757109205343494,nan,nan,nan,nan
4530,1756792709.4000452,,1756792709.4000452,False,8.948235739211732,0.23571978980570915,0.4157635225532132,-0.006114116413693857,nan,nan,nan,nan
4531,1756792709.4100173,,1756792709.4100173,False,8.913168861441752,0.24238965274633292,0.3957054731248443,-0.00644995535362569,nan,nan,nan,nan
4532,1756792709.4202182,,1756792709.4202182,False,8.876124310661957,0.2519492027294613,0.38691518965623095,-0.006909181096123814,nan,nan,nan,nan
4533,1756792709.4300258,,1756792709.4300258,False,8.810463803901733,0.27336998475949237,0.41928528053461506,-0.005898801159970075,nan,nan,nan,nan
4534,1756792709.440031,,1756792709.440031,False,8.774576283370378,0.2799487950748259,0.4102351423053205,-0.006360097806028852,nan,nan,nan,nan
4535,1756792709.4500723,,1756792709.4500723,False,8.710214936654573,0.2944399734655534,0.4479775827416022,-0.005146800441468428,nan,nan,nan,nan
4536,1756792709.4600518,,1756792709.4600518,False,8.688019750397576,0.2827231131454188,0.4335957873998534,-0.004484916077279875,nan,nan,nan,nan
4537,1756792709.4702837,,1756792709.4702837,False,8.678438468811624,0.27029813988025825,0.38372011841225456,-0.005631827761519067,nan,nan,nan,nan
4538,1756792709.4800425,,1756792709.4800425,False,8.634332531474959,0.2868025021376802,0.3819637192034567,-0.005946728304211642,nan,nan,nan,nan
4539,1756792709.4900398,,1756792709.4900398,False,8.592482800118667,0.30090821749014024,0.3945862047865674,-0.004840135440267778,nan,nan,nan,nan
4540,1756792709.5000434,,1756792709.5000434,False,8.504556494459456,0.3441764973937746,0.4602099024472416,-0.004000119499253035,nan,nan,nan,nan
4541,1756792709.510045,,1756792709.510045,False,8.476964060698712,0.35501253116546827,0.43500836931675335,-0.004732517437054105,nan,nan,nan,nan
4542,1756792709.5200565,,1756792709.5200565,False,8.463801621228901,0.33523508275337544,0.3996059354009654,-0.004460048495385981,nan,nan,nan,nan
4543,1756792709.5300505,,1756792709.5300505,False,8.406134248302973,0.35687469739373473,0.4208318980551125,-0.004772422129756953,nan,nan,nan,nan
4544,1756792709.540033,,1756792709.540033,False,8.370926677293077,0.3606696949046968,0.40923101750173246,-0.005719976047010193,nan,nan,nan,nan
4545,1756792709.5500739,,1756792709.5500739,False,8.365392897279111,0.3344173819475233,0.3570836664976513,-0.005497238877872273,nan,nan,nan,nan
4546,1756792709.5600388,,1756792709.5600388,False,8.287864715790437,0.38774101583081105,0.4213804720521897,-0.00508193346757202,nan,nan,nan,nan
4547,1756792709.570031,,1756792709.570031,False,8.238293080829779,0.4056087190915207,0.44759576823971065,-0.004910755294091865,nan,nan,nan,nan
4548,1756792709.5801058,,1756792709.5801058,False,8.211838509301533,0.40365387528684227,0.4448867618002228,-0.00438950662756591,nan,nan,nan,nan
4549,1756792709.5902338,,1756792709.5902338,False,8.200812636846273,0.37965536189438487,0.39398264114170006,-0.00511062988835182,nan,nan,nan,nan
4550,1756792709.6000419,,1756792709.6000419,False,8.165576123598283,0.3816840339381882,0.40362312161019165,-0.004928055308137804,nan,nan,nan,nan
4551,1756792709.6100285,,1756792709.6100285,False,8.126836765854392,0.40377951223841946,0.41192716014941577,-0.0051605809361614,nan,nan,nan,nan
4552,1756792709.6200213,,1756792709.6200213,False,8.11065699386007,0.3850413946539663,0.39774860205574114,-0.004799979403027784,nan,nan,nan,nan
4553,1756792709.6300411,,1756792709.6300411,False,8.090743023611186,0.3912604723994043,0.3817789969214476,-0.005225870345932992,nan,nan,nan,nan
4554,1756792709.6400268,,1756792709.6400268,False,8.056017007241016,0.41821081883699673,0.4123588772208425,-0.005027929298672791,nan,nan,nan,nan
4555,1756792709.650048,,1756792709.650048,False,8.042065185462116,0.4169419578693657,0.40671444062422324,-0.0035075111119856677,nan,nan,nan,nan
4556,1756792709.6600416,,1756792709.6600416,False,8.01946203983606,0.4282750151903493,0.41106599627848167,-0.004204514244867954,nan,nan,nan,nan
4557,1756792709.6701405,,1756792709.6701405,False,8.016002018729173,0.41112230118903964,0.3649357888268328,-0.00387588286759092,nan,nan,nan,nan
4558,1756792709.6800327,,1756792709.6800327,False,7.991653535852592,0.4155247248378437,0.35566541544984576,-0.004764454790573936,nan,nan,nan,nan
4559,1756792709.6900055,,1756792709.6900055,False,7.983690525559126,0.41895487160813244,0.33679058418732744,-0.004420752085812072,nan,nan,nan,nan
4560,1756792709.700028,,1756792709.700028,False,7.962718180751823,0.4360203442995879,0.3403778502942416,-0.004300283891085368,nan,nan,nan,nan
4561,1756792709.7100174,,1756792709.7100174,False,7.963470223539475,0.4141206396756863,0.3210055293809131,-0.004582184482924497,nan,nan,nan,nan
4562,1756792709.7200303,,1756792709.7200303,False,7.939797837711309,0.43496679108503444,0.3255000415599614,-0.005005359113003394,nan,nan,nan,nan
4563,1756792709.7300136,,1756792709.7300136,False,7.9317143363298115,0.4453081966266953,0.3110214649757075,-0.004746903766667476,nan,nan,nan,nan
4564,1756792709.7402236,,1756792709.7402236,False,7.933939869123231,0.4126991058408734,0.25252510772687187,-0.004113937466932322,nan,nan,nan,nan
4565,1756792709.7501953,,1756792709.7501953,False,7.917730950015535,0.4081165432194218,0.24846364616303465,-0.004072722910891219,nan,nan,nan,nan
4566,1756792709.7600176,,1756792709.7600176,False,7.903500800786075,0.42523323345223174,0.240211583153303,-0.004339783977145254,nan,nan,nan,nan
4567,1756792709.7700462,,1756792709.7700462,False,7.89891933343602,0.40400820419884825,0.2214099905110707,-0.003356092830234878,nan,nan,nan,nan
4568,1756792709.780022,,1756792709.780022,False,7.891124090658409,0.38434320713353926,0.21540709002239689,-0.0036282788515601605,nan,nan,nan,nan
4569,1756792709.7900178,,1756792709.7900178,False,7.880092285206663,0.40658969760199054,0.20423835098274448,-0.005113069364617439,nan,nan,nan,nan
4570,1756792709.8000116,,1756792709.8000116,False,7.871838804857842,0.39878962487337505,0.1910646672681291,-0.004034240964659569,nan,nan,nan,nan
4571,1756792709.8100038,,1756792709.8100038,False,7.863193838561509,0.39906514614549066,0.18506046561296646,-0.0034180457342216975,nan,nan,nan,nan
4572,1756792709.820081,,1756792709.820081,False,7.860854690819886,0.3713030951161001,0.15164552991802474,-0.003075014537994167,nan,nan,nan,nan
4573,1756792709.8300354,,1756792709.8300354,False,7.854321161429842,0.38312856486624325,0.15707076101832249,-0.0036954181801999706,nan,nan,nan,nan
4574,1756792709.8400261,,1756792709.8400261,False,7.850342234340188,0.3972141155614719,0.1536682662367201,-0.0046986543898773605,nan,nan,nan,nan
4575,1756792709.8501022,,1756792709.8501022,False,7.857030044107804,0.3848036978074417,0.141003192946415,-0.00419796501469043,nan,nan,nan,nan
4576,1756792709.8601878,,1756792709.8601878,False,7.866437968927704,0.3769338861817572,0.13543969066168515,-0.004218688790199389,nan,nan,nan,nan
4559,1756792709.6900055,,1756792709.6900055,False,7.983690525559126,0.41895487160813244,0.33679058418732744,-0.004420752085812072,nan,nan,nan,nan
4560,1756792709.700028,,1756792709.700028,False,7.962718180751823,0.4360203442995879,0.3403778502942416,-0.004300283891085368,nan,nan,nan,nan
4561,1756792709.7100174,,1756792709.7100174,False,7.963470223539475,0.4141206396756863,0.3210055293809131,-0.004582184482924497,nan,nan,nan,nan
4562,1756792709.7200303,,1756792709.7200303,False,7.939797837711309,0.43496679108503444,0.3255000415599614,-0.005005359113003394,nan,nan,nan,nan
4563,1756792709.7300136,,1756792709.7300136,False,7.9317143363298115,0.4453081966266953,0.3110214649757075,-0.004746903766667476,nan,nan,nan,nan
4564,1756792709.7402236,,1756792709.7402236,False,7.933939869123231,0.4126991058408734,0.25252510772687187,-0.004113937466932322,nan,nan,nan,nan
4565,1756792709.7501953,,1756792709.7501953,False,7.917730950015535,0.4081165432194218,0.24846364616303465,-0.004072722910891219,nan,nan,nan,nan
4566,1756792709.7600176,,1756792709.7600176,False,7.903500800786075,0.42523323345223174,0.240211583153303,-0.004339783977145254,nan,nan,nan,nan
4567,1756792709.7700462,,1756792709.7700462,False,7.89891933343602,0.40400820419884825,0.2214099905110707,-0.003356092830234878,nan,nan,nan,nan
4568,1756792709.780022,,1756792709.780022,False,7.891124090658409,0.38434320713353926,0.21540709002239689,-0.0036282788515601605,nan,nan,nan,nan
4569,1756792709.7900178,,1756792709.7900178,False,7.880092285206663,0.40658969760199054,0.20423835098274448,-0.005113069364617439,nan,nan,nan,nan
4570,1756792709.8000116,,1756792709.8000116,False,7.871838804857842,0.39878962487337505,0.1910646672681291,-0.004034240964659569,nan,nan,nan,nan
4571,1756792709.8100038,,1756792709.8100038,False,7.863193838561509,0.39906514614549066,0.18506046561296646,-0.0034180457342216975,nan,nan,nan,nan
4572,1756792709.820081,,1756792709.820081,False,7.860854690819886,0.3713030951161001,0.15164552991802474,-0.003075014537994167,nan,nan,nan,nan
4573,1756792709.8300354,,1756792709.8300354,False,7.854321161429842,0.38312856486624325,0.15707076101832249,-0.0036954181801999706,nan,nan,nan,nan
4574,1756792709.8400261,,1756792709.8400261,False,7.850342234340188,0.3972141155614719,0.1536682662367201,-0.0046986543898773605,nan,nan,nan,nan
4575,1756792709.8501022,,1756792709.8501022,False,7.857030044107804,0.3848036978074417,0.141003192946415,-0.00419796501469043,nan,nan,nan,nan
4576,1756792709.8601878,,1756792709.8601878,False,7.866437968927704,0.3769338861817572,0.13543969066168515,-0.004218688790199389,nan,nan,nan,nan
4577,1756792709.87001,,1756792709.87001,False,7.867212865009417,0.35898309577033954,0.11151911392421326,-0.004368120564701134,nan,nan,nan,nan
4578,1756792709.8804352,,1756792709.8804352,False,7.879210620223595,0.34052415030903993,0.08170789555407039,-0.0037707208823141228,nan,nan,nan,nan
4579,1756792709.8900118,,1756792709.8900118,False,7.888999120802957,0.38252586092482593,0.09974269051450485,-0.004764016753392591,nan,nan,nan,nan
4580,1756792709.900003,,1756792709.900003,False,7.906136444163298,0.3559966329156399,0.07683996465442906,-0.004290740106667897,nan,nan,nan,nan
4581,1756792709.9100177,,1756792709.9100177,False,7.9132088935178135,0.32970675856593246,0.03657567898087452,-0.004140886478440572,nan,nan,nan,nan
4582,1756792709.9200222,,1756792709.9200222,False,7.923291665737776,0.3526995869386228,0.03297843229806488,-0.004113972095313801,nan,nan,nan,nan
4583,1756792709.930806,,1756792709.930806,False,7.9344799145504705,0.33694545225016986,0.016109736193373355,-0.003380378642747768,nan,nan,nan,nan
4584,1756792709.9400332,,1756792709.9400332,False,7.943394818289604,0.34020892131450714,0.010338870256412827,-0.0035324608946593838,nan,nan,nan,nan
4585,1756792709.950022,,1756792709.950022,False,7.958292980204766,0.3282254574606624,-0.009339171987878177,-0.0031939595447834485,nan,nan,nan,nan
4586,1756792709.960188,,1756792709.960188,False,7.967613321130078,0.30401619676622543,-0.041839352934006584,-0.001874005805657933,nan,nan,nan,nan
4587,1756792709.9700675,,1756792709.9700675,False,7.986153611087143,0.30720517766139294,-0.054076331112963026,-0.0013609565064215368,nan,nan,nan,nan
4588,1756792709.9800239,,1756792709.9800239,False,7.997399881320677,0.3064146732395207,-0.07129956761921138,-0.0014203761706436011,nan,nan,nan,nan
4589,1756792709.990025,,1756792709.990025,False,8.013287807653317,0.28540240987644755,-0.08740230362952517,-0.0002788611675554545,nan,nan,nan,nan
4590,1756792710.0003026,,1756792710.0003026,False,8.039214828952728,0.29601061636812587,-0.09599473796083081,-0.00013003629686719596,nan,nan,nan,nan
4591,1756792710.010021,,1756792710.010021,False,8.05770485474382,0.2837255363362211,-0.10151215907629618,-0.0001795644653654785,nan,nan,nan,nan
4592,1756792710.0202622,,1756792710.0202622,False,8.076821325366508,0.27210691357653727,-0.11202961726614473,0.00114998725975868,nan,nan,nan,nan
4593,1756792710.0300274,,1756792710.0300274,False,8.098805453025616,0.27543641100539795,-0.1244050560663187,0.0012809676987968887,nan,nan,nan,nan
4594,1756792710.040009,,1756792710.040009,False,8.111998983123284,0.26508033837092737,-0.1429662384456879,0.001485008242564044,nan,nan,nan,nan
4595,1756792710.0500503,,1756792710.0500503,False,8.114692421943259,0.23616303742467373,-0.15891224286826408,0.002584295655654442,nan,nan,nan,nan
4596,1756792710.0600145,,1756792710.0600145,False,8.14511912473506,0.24893302071336515,-0.14226259648138884,0.0025430921239771587,nan,nan,nan,nan
4597,1756792710.070018,,1756792710.070018,False,8.170428800317081,0.24823628861420302,-0.14335562237064042,0.0032128592287578722,nan,nan,nan,nan
4598,1756792710.0800128,,1756792710.0800128,False,8.192664108156052,0.24104524061888744,-0.14551706226852085,0.003125167629659557,nan,nan,nan,nan
4599,1756792710.090009,,1756792710.090009,False,8.214731353067119,0.24636619333723778,-0.14670219054537162,0.002973482319318573,nan,nan,nan,nan
4600,1756792710.1000245,,1756792710.1000245,False,8.234620820476191,0.2102362596749545,-0.15182891965456496,0.004207773342055696,nan,nan,nan,nan
4601,1756792710.1100771,,1756792710.1100771,False,8.266259990750125,0.20281901112458267,-0.14280181224257624,0.002635731095511932,nan,nan,nan,nan
4602,1756792710.1200101,,1756792710.1200101,False,8.286414126575455,0.18915670115286778,-0.1669927323336354,0.003290768473524373,nan,nan,nan,nan
4603,1756792710.1304874,,1756792710.1304874,False,8.32796516285912,0.19235763987231688,-0.15414893692802828,0.0020283857313666727,nan,nan,nan,nan
4604,1756792710.140124,,1756792710.140124,False,8.36035519888155,0.17276304056246716,-0.15128242048214346,0.002193148049972847,nan,nan,nan,nan
4605,1756792710.150012,,1756792710.150012,False,8.387290195281873,0.15575172199570828,-0.1500193614215547,0.001558996368706335,nan,nan,nan,nan
4606,1756792710.1600056,,1756792710.1600056,False,8.404621988607227,0.1451551971322581,-0.15696578398349187,0.0008951411059164832,nan,nan,nan,nan
4607,1756792710.1700418,,1756792710.1700418,False,8.430690692279176,0.13919914136723258,-0.16816162673705265,0.0016626352152558804,nan,nan,nan,nan
4608,1756792710.1803312,,1756792710.1803312,False,8.464604343992805,0.12049785706329152,-0.17782653393203568,0.001451349212856906,nan,nan,nan,nan
4609,1756792710.1900127,,1756792710.1900127,False,8.491457692135102,0.11859133951721809,-0.17850642661542213,0.0006975494381167451,nan,nan,nan,nan
4610,1756792710.2000275,,1756792710.2000275,False,8.523431045660034,0.12632904697967276,-0.18823961075958695,0.0011019044486221146,nan,nan,nan,nan
4611,1756792710.2100222,,1756792710.2100222,False,8.554768519566682,0.11744619450558687,-0.19167849336252815,0.0010587258587748752,nan,nan,nan,nan
4612,1756792710.2200131,,1756792710.2200131,False,8.59067869629743,0.10554876031283239,-0.19163435924779665,0.0004639454488736826,nan,nan,nan,nan
4613,1756792710.2300239,,1756792710.2300239,False,8.615190427303249,0.10675682668809051,-0.19898788365797312,-0.00029105391613193463,nan,nan,nan,nan
4614,1756792710.2400427,,1756792710.2400427,False,8.633638107234784,0.09583442737403024,-0.2010738222603248,-0.000927315046812029,nan,nan,nan,nan
4615,1756792710.250043,,1756792710.250043,False,8.671138792823344,0.07417201509470661,-0.20348988477293145,-0.0007292568135285928,nan,nan,nan,nan
4616,1756792710.2600806,,1756792710.2600806,False,8.703749011834493,0.05544009542182709,-0.21118792762796884,-0.0008117025777727834,nan,nan,nan,nan
4617,1756792710.2700436,,1756792710.2700436,False,8.735692632649029,0.05839438244510386,-0.22195236970077292,-0.0014603788767685408,nan,nan,nan,nan
4618,1756792710.2800353,,1756792710.2800353,False,8.754251713938423,0.07709964051845912,-0.23059648021715487,-0.0027124406985237267,nan,nan,nan,nan
4619,1756792710.2900412,,1756792710.2900412,False,8.779570453448152,0.07182571948004868,-0.22098853039811492,-0.003316237805137336,nan,nan,nan,nan
4620,1756792710.301319,,1756792710.301319,False,8.826485415600928,0.03660266551909672,-0.20662442873888023,-0.002944471198591757,nan,nan,nan,nan
4621,1756792710.3100576,,1756792710.3100576,False,8.84805422107929,0.01278953865310951,-0.19116030659851627,-0.0031131244945877315,nan,nan,nan,nan
4622,1756792710.3200095,,1756792710.3200095,False,8.885451606154474,-0.0034880359423186827,-0.19437999838662096,-0.003802040515336711,nan,nan,nan,nan
4623,1756792710.330016,,1756792710.330016,False,8.912246309603306,-0.026978577295674603,-0.1883668544463854,-0.003437996481652962,nan,nan,nan,nan
4624,1756792710.3400133,,1756792710.3400133,False,8.9403141168419,-0.029930832308612806,-0.1877228576681751,-0.0033121419704954607,nan,nan,nan,nan
4625,1756792710.3500245,,1756792710.3500245,False,8.982229000020386,-0.04746275159469763,-0.18421732605663085,-0.0025031598512283005,nan,nan,nan,nan
4626,1756792710.3600256,,1756792710.3600256,False,9.011645327556035,-0.05345824205613597,-0.17429511006853804,-0.002950687995231398,nan,nan,nan,nan
4627,1756792710.3700504,,1756792710.3700504,False,9.033646428587485,-0.049540908309519065,-0.17684006228678012,-0.004109251674155692,nan,nan,nan,nan
4628,1756792710.3800743,,1756792710.3800743,False,9.062630115794045,-0.07905165472384061,-0.1700502550275234,-0.0032570062284701636,nan,nan,nan,nan
4629,1756792710.3900363,,1756792710.3900363,False,9.103824598275066,-0.08225826922694282,-0.16569947041338468,-0.003938543609437072,nan,nan,nan,nan
4630,1756792710.4000382,,1756792710.4000382,False,9.137160405070379,-0.08098068721259047,-0.17259079023233942,-0.005079966007610997,nan,nan,nan,nan
4631,1756792710.410035,,1756792710.410035,False,9.183685913922107,-0.12578149276953451,-0.1591757315581124,-0.004476396021970196,nan,nan,nan,nan
4632,1756792710.4201372,,1756792710.4201372,False,9.216456674176412,-0.12875420415649735,-0.16278326136433313,-0.005376746720621018,nan,nan,nan,nan
4633,1756792710.43003,,1756792710.43003,False,9.232925792132928,-0.12884876832637052,-0.16514933637348514,-0.005690220127055433,nan,nan,nan,nan
4634,1756792710.4400256,,1756792710.4400256,False,9.272274069346444,-0.15726701497857445,-0.167561127379781,-0.00562594759641336,nan,nan,nan,nan
4580,1756792709.900003,,1756792709.900003,False,7.906136444163298,0.3559966329156399,0.07683996465442906,-0.004290740106667897,nan,nan,nan,nan
4581,1756792709.9100177,,1756792709.9100177,False,7.9132088935178135,0.32970675856593246,0.03657567898087452,-0.004140886478440572,nan,nan,nan,nan
4582,1756792709.9200222,,1756792709.9200222,False,7.923291665737776,0.3526995869386228,0.03297843229806488,-0.004113972095313801,nan,nan,nan,nan
4583,1756792709.930806,,1756792709.930806,False,7.9344799145504705,0.33694545225016986,0.016109736193373355,-0.003380378642747768,nan,nan,nan,nan
4584,1756792709.9400332,,1756792709.9400332,False,7.943394818289604,0.34020892131450714,0.010338870256412827,-0.0035324608946593838,nan,nan,nan,nan
4585,1756792709.950022,,1756792709.950022,False,7.958292980204766,0.3282254574606624,-0.009339171987878177,-0.0031939595447834485,nan,nan,nan,nan
4586,1756792709.960188,,1756792709.960188,False,7.967613321130078,0.30401619676622543,-0.041839352934006584,-0.001874005805657933,nan,nan,nan,nan
4587,1756792709.9700675,,1756792709.9700675,False,7.986153611087143,0.30720517766139294,-0.054076331112963026,-0.0013609565064215368,nan,nan,nan,nan
4588,1756792709.9800239,,1756792709.9800239,False,7.997399881320677,0.3064146732395207,-0.07129956761921138,-0.0014203761706436011,nan,nan,nan,nan
4589,1756792709.990025,,1756792709.990025,False,8.013287807653317,0.28540240987644755,-0.08740230362952517,-0.0002788611675554545,nan,nan,nan,nan
4590,1756792710.0003026,,1756792710.0003026,False,8.039214828952728,0.29601061636812587,-0.09599473796083081,-0.00013003629686719596,nan,nan,nan,nan
4591,1756792710.010021,,1756792710.010021,False,8.05770485474382,0.2837255363362211,-0.10151215907629618,-0.0001795644653654785,nan,nan,nan,nan
4592,1756792710.0202622,,1756792710.0202622,False,8.076821325366508,0.27210691357653727,-0.11202961726614473,0.00114998725975868,nan,nan,nan,nan
4593,1756792710.0300274,,1756792710.0300274,False,8.098805453025616,0.27543641100539795,-0.1244050560663187,0.0012809676987968887,nan,nan,nan,nan
4594,1756792710.040009,,1756792710.040009,False,8.111998983123284,0.26508033837092737,-0.1429662384456879,0.001485008242564044,nan,nan,nan,nan
4595,1756792710.0500503,,1756792710.0500503,False,8.114692421943259,0.23616303742467373,-0.15891224286826408,0.002584295655654442,nan,nan,nan,nan
4596,1756792710.0600145,,1756792710.0600145,False,8.14511912473506,0.24893302071336515,-0.14226259648138884,0.0025430921239771587,nan,nan,nan,nan
4597,1756792710.070018,,1756792710.070018,False,8.170428800317081,0.24823628861420302,-0.14335562237064042,0.0032128592287578722,nan,nan,nan,nan
4598,1756792710.0800128,,1756792710.0800128,False,8.192664108156052,0.24104524061888744,-0.14551706226852085,0.003125167629659557,nan,nan,nan,nan
4599,1756792710.090009,,1756792710.090009,False,8.214731353067119,0.24636619333723778,-0.14670219054537162,0.002973482319318573,nan,nan,nan,nan
4600,1756792710.1000245,,1756792710.1000245,False,8.234620820476191,0.2102362596749545,-0.15182891965456496,0.004207773342055696,nan,nan,nan,nan
4601,1756792710.1100771,,1756792710.1100771,False,8.266259990750125,0.20281901112458267,-0.14280181224257624,0.002635731095511932,nan,nan,nan,nan
4602,1756792710.1200101,,1756792710.1200101,False,8.286414126575455,0.18915670115286778,-0.1669927323336354,0.003290768473524373,nan,nan,nan,nan
4603,1756792710.1304874,,1756792710.1304874,False,8.32796516285912,0.19235763987231688,-0.15414893692802828,0.0020283857313666727,nan,nan,nan,nan
4604,1756792710.140124,,1756792710.140124,False,8.36035519888155,0.17276304056246716,-0.15128242048214346,0.002193148049972847,nan,nan,nan,nan
4605,1756792710.150012,,1756792710.150012,False,8.387290195281873,0.15575172199570828,-0.1500193614215547,0.001558996368706335,nan,nan,nan,nan
4606,1756792710.1600056,,1756792710.1600056,False,8.404621988607227,0.1451551971322581,-0.15696578398349187,0.0008951411059164832,nan,nan,nan,nan
4607,1756792710.1700418,,1756792710.1700418,False,8.430690692279176,0.13919914136723258,-0.16816162673705265,0.0016626352152558804,nan,nan,nan,nan
4608,1756792710.1803312,,1756792710.1803312,False,8.464604343992805,0.12049785706329152,-0.17782653393203568,0.001451349212856906,nan,nan,nan,nan
4609,1756792710.1900127,,1756792710.1900127,False,8.491457692135102,0.11859133951721809,-0.17850642661542213,0.0006975494381167451,nan,nan,nan,nan
4610,1756792710.2000275,,1756792710.2000275,False,8.523431045660034,0.12632904697967276,-0.18823961075958695,0.0011019044486221146,nan,nan,nan,nan
4611,1756792710.2100222,,1756792710.2100222,False,8.554768519566682,0.11744619450558687,-0.19167849336252815,0.0010587258587748752,nan,nan,nan,nan
4612,1756792710.2200131,,1756792710.2200131,False,8.59067869629743,0.10554876031283239,-0.19163435924779665,0.0004639454488736826,nan,nan,nan,nan
4613,1756792710.2300239,,1756792710.2300239,False,8.615190427303249,0.10675682668809051,-0.19898788365797312,-0.00029105391613193463,nan,nan,nan,nan
4614,1756792710.2400427,,1756792710.2400427,False,8.633638107234784,0.09583442737403024,-0.2010738222603248,-0.000927315046812029,nan,nan,nan,nan
4615,1756792710.250043,,1756792710.250043,False,8.671138792823344,0.07417201509470661,-0.20348988477293145,-0.0007292568135285928,nan,nan,nan,nan
4616,1756792710.2600806,,1756792710.2600806,False,8.703749011834493,0.05544009542182709,-0.21118792762796884,-0.0008117025777727834,nan,nan,nan,nan
4617,1756792710.2700436,,1756792710.2700436,False,8.735692632649029,0.05839438244510386,-0.22195236970077292,-0.0014603788767685408,nan,nan,nan,nan
4618,1756792710.2800353,,1756792710.2800353,False,8.754251713938423,0.07709964051845912,-0.23059648021715487,-0.0027124406985237267,nan,nan,nan,nan
4619,1756792710.2900412,,1756792710.2900412,False,8.779570453448152,0.07182571948004868,-0.22098853039811492,-0.003316237805137336,nan,nan,nan,nan
4620,1756792710.301319,,1756792710.301319,False,8.826485415600928,0.03660266551909672,-0.20662442873888023,-0.002944471198591757,nan,nan,nan,nan
4621,1756792710.3100576,,1756792710.3100576,False,8.84805422107929,0.01278953865310951,-0.19116030659851627,-0.0031131244945877315,nan,nan,nan,nan
4622,1756792710.3200095,,1756792710.3200095,False,8.885451606154474,-0.0034880359423186827,-0.19437999838662096,-0.003802040515336711,nan,nan,nan,nan
4623,1756792710.330016,,1756792710.330016,False,8.912246309603306,-0.026978577295674603,-0.1883668544463854,-0.003437996481652962,nan,nan,nan,nan
4624,1756792710.3400133,,1756792710.3400133,False,8.9403141168419,-0.029930832308612806,-0.1877228576681751,-0.0033121419704954607,nan,nan,nan,nan
4625,1756792710.3500245,,1756792710.3500245,False,8.982229000020386,-0.04746275159469763,-0.18421732605663085,-0.0025031598512283005,nan,nan,nan,nan
4626,1756792710.3600256,,1756792710.3600256,False,9.011645327556035,-0.05345824205613597,-0.17429511006853804,-0.002950687995231398,nan,nan,nan,nan
4627,1756792710.3700504,,1756792710.3700504,False,9.033646428587485,-0.049540908309519065,-0.17684006228678012,-0.004109251674155692,nan,nan,nan,nan
4628,1756792710.3800743,,1756792710.3800743,False,9.062630115794045,-0.07905165472384061,-0.1700502550275234,-0.0032570062284701636,nan,nan,nan,nan
4629,1756792710.3900363,,1756792710.3900363,False,9.103824598275066,-0.08225826922694282,-0.16569947041338468,-0.003938543609437072,nan,nan,nan,nan
4630,1756792710.4000382,,1756792710.4000382,False,9.137160405070379,-0.08098068721259047,-0.17259079023233942,-0.005079966007610997,nan,nan,nan,nan
4631,1756792710.410035,,1756792710.410035,False,9.183685913922107,-0.12578149276953451,-0.1591757315581124,-0.004476396021970196,nan,nan,nan,nan
4632,1756792710.4201372,,1756792710.4201372,False,9.216456674176412,-0.12875420415649735,-0.16278326136433313,-0.005376746720621018,nan,nan,nan,nan
4633,1756792710.43003,,1756792710.43003,False,9.232925792132928,-0.12884876832637052,-0.16514933637348514,-0.005690220127055433,nan,nan,nan,nan
4634,1756792710.4400256,,1756792710.4400256,False,9.272274069346444,-0.15726701497857445,-0.167561127379781,-0.00562594759641336,nan,nan,nan,nan
4635,1756792710.4500782,,1756792710.4500782,False,9.30406231033148,-0.16874544752154777,-0.16541591246535822,-0.005246810233059081,nan,nan,nan,nan
4636,1756792710.4600303,,1756792710.4600303,False,9.32990944517834,-0.17898059280828593,-0.1571428685271851,-0.0055192440346651635,nan,nan,nan,nan
4637,1756792710.470039,,1756792710.470039,False,9.348471023852316,-0.17997436728354094,-0.15091683941761644,-0.005883324180897718,nan,nan,nan,nan
4638,1756792710.4800546,,1756792710.4800546,False,9.395362733344147,-0.20217503328683875,-0.1603939520996959,-0.0048198421272401225,nan,nan,nan,nan
4639,1756792710.4900386,,1756792710.4900386,False,9.424956902716687,-0.23455650176472834,-0.15001168302318166,-0.004187807146943878,nan,nan,nan,nan
4640,1756792710.5000618,,1756792710.5000618,False,9.446600643493996,-0.24317875744848078,-0.14567709731531267,-0.005489456044762301,nan,nan,nan,nan
4641,1756792710.5100362,,1756792710.5100362,False,9.461219964882613,-0.23985230719137443,-0.1373039698946463,-0.00599328012998844,nan,nan,nan,nan
4642,1756792710.5200088,,1756792710.5200088,False,9.502138171220281,-0.26070889040479955,-0.13349824187658618,-0.005585352166458899,nan,nan,nan,nan
4643,1756792710.5299857,,1756792710.5299857,False,9.533406407563705,-0.2848884445997574,-0.11957277821656337,-0.005756350618680659,nan,nan,nan,nan
4644,1756792710.5400357,,1756792710.5400357,False,9.564564282990068,-0.29326543708077135,-0.11775700486958138,-0.0058952172222884154,nan,nan,nan,nan
4645,1756792710.5500357,,1756792710.5500357,False,9.601791038656703,-0.3097459528824671,-0.11655654343732683,-0.005967438419383858,nan,nan,nan,nan
4646,1756792710.5600388,,1756792710.5600388,False,9.59683989161437,-0.2870509905810446,-0.09153778619661165,-0.005958357569911214,nan,nan,nan,nan
4647,1756792710.5700614,,1756792710.5700614,False,9.641988166968048,-0.3344795245641157,-0.10082707963832808,-0.0054264661171525945,nan,nan,nan,nan
4648,1756792710.5800304,,1756792710.5800304,False,9.670909327627282,-0.3568363457065322,-0.09544716307381329,-0.005521188394421787,nan,nan,nan,nan
4649,1756792710.5900412,,1756792710.5900412,False,9.687049361890548,-0.3513223319267119,-0.09431704166699957,-0.0069755618461130615,nan,nan,nan,nan
4650,1756792710.6000335,,1756792710.6000335,False,9.720362138775181,-0.3865182274752346,-0.08655189186324297,-0.005281422209196892,nan,nan,nan,nan
4651,1756792710.610034,,1756792710.610034,False,9.751126601297358,-0.4010620055597876,-0.08110378119425775,-0.005442963298093468,nan,nan,nan,nan
4635,1756792710.4500782,,1756792710.4500782,False,9.30406231033148,-0.16874544752154777,-0.16541591246535822,-0.005246810233059081,nan,nan,nan,nan
4636,1756792710.4600303,,1756792710.4600303,False,9.32990944517834,-0.17898059280828593,-0.1571428685271851,-0.0055192440346651635,nan,nan,nan,nan
4637,1756792710.470039,,1756792710.470039,False,9.348471023852316,-0.17997436728354094,-0.15091683941761644,-0.005883324180897718,nan,nan,nan,nan
4638,1756792710.4800546,,1756792710.4800546,False,9.395362733344147,-0.20217503328683875,-0.1603939520996959,-0.0048198421272401225,nan,nan,nan,nan
4639,1756792710.4900386,,1756792710.4900386,False,9.424956902716687,-0.23455650176472834,-0.15001168302318166,-0.004187807146943878,nan,nan,nan,nan
4640,1756792710.5000618,,1756792710.5000618,False,9.446600643493996,-0.24317875744848078,-0.14567709731531267,-0.005489456044762301,nan,nan,nan,nan
4641,1756792710.5100362,,1756792710.5100362,False,9.461219964882613,-0.23985230719137443,-0.1373039698946463,-0.00599328012998844,nan,nan,nan,nan
4642,1756792710.5200088,,1756792710.5200088,False,9.502138171220281,-0.26070889040479955,-0.13349824187658618,-0.005585352166458899,nan,nan,nan,nan
4643,1756792710.5299857,,1756792710.5299857,False,9.533406407563705,-0.2848884445997574,-0.11957277821656337,-0.005756350618680659,nan,nan,nan,nan
4644,1756792710.5400357,,1756792710.5400357,False,9.564564282990068,-0.29326543708077135,-0.11775700486958138,-0.0058952172222884154,nan,nan,nan,nan
4645,1756792710.5500357,,1756792710.5500357,False,9.601791038656703,-0.3097459528824671,-0.11655654343732683,-0.005967438419383858,nan,nan,nan,nan
4646,1756792710.5600388,,1756792710.5600388,False,9.59683989161437,-0.2870509905810446,-0.09153778619661165,-0.005958357569911214,nan,nan,nan,nan
4647,1756792710.5700614,,1756792710.5700614,False,9.641988166968048,-0.3344795245641157,-0.10082707963832808,-0.0054264661171525945,nan,nan,nan,nan
4648,1756792710.5800304,,1756792710.5800304,False,9.670909327627282,-0.3568363457065322,-0.09544716307381329,-0.005521188394421787,nan,nan,nan,nan
4649,1756792710.5900412,,1756792710.5900412,False,9.687049361890548,-0.3513223319267119,-0.09431704166699957,-0.0069755618461130615,nan,nan,nan,nan
4650,1756792710.6000335,,1756792710.6000335,False,9.720362138775181,-0.3865182274752346,-0.08655189186324297,-0.005281422209196892,nan,nan,nan,nan
4651,1756792710.610034,,1756792710.610034,False,9.751126601297358,-0.4010620055597876,-0.08110378119425775,-0.005442963298093468,nan,nan,nan,nan
4652,1756792710.620055,,1756792710.620055,False,9.771710413315962,-0.40213740753372634,-0.06864337902785225,-0.0057198718053278605,nan,nan,nan,nan
4653,1756792710.6300507,,1756792710.6300507,False,9.773032328286986,-0.3958328853056551,-0.04228301394435823,-0.00648117406496316,nan,nan,nan,nan
4654,1756792710.64003,,1756792710.64003,False,9.81036402877081,-0.4135676004608785,-0.0475069520960695,-0.005987465097947152,nan,nan,nan,nan
4655,1756792710.6500344,,1756792710.6500344,False,9.82831607255808,-0.41714529966769764,-0.046837028003886394,-0.007061469562641369,nan,nan,nan,nan
4656,1756792710.6600263,,1756792710.6600263,False,9.844920194812637,-0.4260516396065468,-0.033561217715820844,-0.006797264148687875,nan,nan,nan,nan
4657,1756792710.6700435,,1756792710.6700435,False,9.89834905478008,-0.4742600298146376,-0.053345074241588915,-0.006915158628946274,nan,nan,nan,nan
4658,1756792710.6800506,,1756792710.6800506,False,9.922094839698175,-0.49188185449847227,-0.04605884439410785,-0.007030574929597324,nan,nan,nan,nan
4659,1756792710.6900353,,1756792710.6900353,False,9.934856552342184,-0.5076399534194669,-0.035858576868147515,-0.006457866134726489,nan,nan,nan,nan
4660,1756792710.7000306,,1756792710.7000306,False,9.939617061192083,-0.5107139236453198,-0.01815288239630108,-0.0060654029064317935,nan,nan,nan,nan
4661,1756792710.7100353,,1756792710.7100353,False,9.951015529676198,-0.5216483780265291,-0.016026974217388173,-0.00668799301683411,nan,nan,nan,nan
4662,1756792710.7200398,,1756792710.7200398,False,9.968818862901378,-0.5279100672171941,-0.012807388410755753,-0.006843857829949708,nan,nan,nan,nan
4663,1756792710.7300367,,1756792710.7300367,False,9.978408158883076,-0.5438493383731127,0.0069842730857308235,-0.006077951719395677,nan,nan,nan,nan
4664,1756792710.7400234,,1756792710.7400234,False,9.98403828246287,-0.5468223315608348,0.014579494805623929,-0.0058653627082451785,nan,nan,nan,nan
4665,1756792710.7500825,,1756792710.7500825,False,9.993386578542863,-0.5793498496034041,0.016664589712006322,-0.006128763099724507,nan,nan,nan,nan
4666,1756792710.7600348,,1756792710.7600348,False,9.997135659215505,-0.5625557912223688,0.012487705665713066,-0.00710650176084531,nan,nan,nan,nan
4667,1756792710.7700927,,1756792710.7700927,False,10.026028501876358,-0.6060914447354585,0.03485248332321325,-0.005316864626888594,nan,nan,nan,nan
4668,1756792710.780036,,1756792710.780036,False,10.041095923653836,-0.6379500343038729,0.05511299968288529,-0.004422271910299959,nan,nan,nan,nan
4669,1756792710.7900395,,1756792710.7900395,False,10.052588611928838,-0.6419003978605088,0.06295999722117926,-0.00542109035028062,nan,nan,nan,nan
4670,1756792710.8000402,,1756792710.8000402,False,10.069825807252736,-0.6600012293215575,0.07705051512528172,-0.005371733619951378,nan,nan,nan,nan
4671,1756792710.8100321,,1756792710.8100321,False,10.082113267223205,-0.652785100504964,0.08741061303247179,-0.005181628213186014,nan,nan,nan,nan
4672,1756792710.8200753,,1756792710.8200753,False,10.111508910198468,-0.6809288145769461,0.07510355440813832,-0.004905284601781161,nan,nan,nan,nan
4673,1756792710.8301058,,1756792710.8301058,False,10.126753984069897,-0.6874869498891074,0.0727029329372518,-0.0048677792279527175,nan,nan,nan,nan
4674,1756792710.8400366,,1756792710.8400366,False,10.144667884533819,-0.7027632584844291,0.09020814051845769,-0.003875753707688202,nan,nan,nan,nan
4675,1756792710.8500295,,1756792710.8500295,False,10.169805322961516,-0.7390647445514479,0.09043614564676937,-0.003665445332524409,nan,nan,nan,nan
4676,1756792710.860035,,1756792710.860035,False,10.191067131321784,-0.7512661702132823,0.10364353167415252,-0.003229031409883117,nan,nan,nan,nan
4677,1756792710.8700862,,1756792710.8700862,False,10.204865426353306,-0.7600861306903055,0.11453598932774843,-0.0032125201317738054,nan,nan,nan,nan
4678,1756792710.8800457,,1756792710.8800457,False,10.223459221782836,-0.7745047283994255,0.12049592687379064,-0.002325919126333989,nan,nan,nan,nan
4679,1756792710.890035,,1756792710.890035,False,10.237737260505275,-0.7771757899500022,0.10658694321583759,-0.002888664732585713,nan,nan,nan,nan
4680,1756792710.900037,,1756792710.900037,False,10.246968128667223,-0.7773278006151595,0.10502906114603888,-0.003707384881520185,nan,nan,nan,nan
4681,1756792710.910033,,1756792710.910033,False,10.254840699755889,-0.7685259086011774,0.11565789681813943,-0.002828797281589531,nan,nan,nan,nan
4682,1756792710.9200451,,1756792710.9200451,False,10.28622803665135,-0.7826417418220399,0.12706401796133507,-0.0011956031235835875,nan,nan,nan,nan
4683,1756792710.9300961,,1756792710.9300961,False,10.298878411704472,-0.7902695779836342,0.13043932391675617,-0.0005046085691094486,nan,nan,nan,nan
4684,1756792710.94003,,1756792710.94003,False,10.30593920084039,-0.7862764638308154,0.13740701484634416,-2.668498982999338e-05,nan,nan,nan,nan
4685,1756792710.950049,,1756792710.950049,False,10.313050292419971,-0.790121457412756,0.13348413912706228,0.0006546596406163126,nan,nan,nan,nan
4686,1756792710.960033,,1756792710.960033,False,10.307872517615461,-0.7655663236891609,0.14907571565760766,0.0016764155451984225,nan,nan,nan,nan
4687,1756792710.970092,,1756792710.970092,False,10.318506088732718,-0.7739868740955318,0.15352953832972707,0.0027038578548484603,nan,nan,nan,nan
4688,1756792710.980031,,1756792710.980031,False,10.319248995472613,-0.7549013415813899,0.1549909125531271,0.004445913652454469,nan,nan,nan,nan
4689,1756792710.990035,,1756792710.990035,False,10.3194070388376,-0.7530948397129771,0.17032477554465109,0.005761310880316749,nan,nan,nan,nan
4690,1756792711.0000525,,1756792711.0000525,False,10.322408046291931,-0.7292480212293571,0.16307782019384315,0.004456465669155221,nan,nan,nan,nan
4691,1756792711.0101945,,1756792711.0101945,False,10.332626621763024,-0.7235038022574863,0.16254207140174645,0.005470370332837159,nan,nan,nan,nan
4692,1756792711.020115,,1756792711.020115,False,10.338072409224269,-0.7165754344047237,0.17469505488125037,0.006873530031820688,nan,nan,nan,nan
4693,1756792711.030047,,1756792711.030047,False,10.342397783294007,-0.7038661542338097,0.18795035980514357,0.00914408931876288,nan,nan,nan,nan
4694,1756792711.0406826,,1756792711.0406826,False,10.342092382783425,-0.6983518706748226,0.18900932660101513,0.009567900428983606,nan,nan,nan,nan
4695,1756792711.050032,,1756792711.050032,False,10.341021346265773,-0.6964559109915064,0.21761094789746177,0.011926525878128159,nan,nan,nan,nan
4696,1756792711.0600324,,1756792711.0600324,False,10.342778583764117,-0.675142134075197,0.19233068542269066,0.011165085552731402,nan,nan,nan,nan
4697,1756792711.0700955,,1756792711.0700955,False,10.34133905405189,-0.6506648871837896,0.18531964901726122,0.010513644155161282,nan,nan,nan,nan
4698,1756792711.0800166,,1756792711.0800166,False,10.350441437206207,-0.6593385349018477,0.16911999551701412,0.011263877523870622,nan,nan,nan,nan
4699,1756792711.0900855,,1756792711.0900855,False,10.358284379285948,-0.6431989711464942,0.16114835093133242,0.010330554735333508,nan,nan,nan,nan
4700,1756792711.1000779,,1756792711.1000779,False,10.367052086242781,-0.6510432464214709,0.15974140761531752,0.01129699954019878,nan,nan,nan,nan
4701,1756792711.110057,,1756792711.110057,False,10.368176400488714,-0.620132499609936,0.15149153180869274,0.01075325756769113,nan,nan,nan,nan
4702,1756792711.1200309,,1756792711.1200309,False,10.372583708808229,-0.5977633757757946,0.1616663737433799,0.011954725379780382,nan,nan,nan,nan
4703,1756792711.1300855,,1756792711.1300855,False,10.378307188510954,-0.5936105327116716,0.16664212575365617,0.013502007196461536,nan,nan,nan,nan
4704,1756792711.1400266,,1756792711.1400266,False,10.368679570388819,-0.5848464726532593,0.15282847488510257,0.012806101828694039,nan,nan,nan,nan
4705,1756792711.1500378,,1756792711.1500378,False,10.370610757637685,-0.5778435586183853,0.1355073533795817,0.011483133042502987,nan,nan,nan,nan
4706,1756792711.1600714,,1756792711.1600714,False,10.362748155441997,-0.5435200756887635,0.13537525273585965,0.010142588510154472,nan,nan,nan,nan
4707,1756792711.170027,,1756792711.170027,False,10.362032788879983,-0.5211795157721053,0.13156712727111317,0.010629081671208273,nan,nan,nan,nan
4708,1756792711.180054,,1756792711.180054,False,10.363431974803381,-0.5255056552276715,0.13992776982696922,0.010427980239591942,nan,nan,nan,nan
4709,1756792711.190028,,1756792711.190028,False,10.35742035753004,-0.5026073785390115,0.1503257861032556,0.01109063967822226,nan,nan,nan,nan
4710,1756792711.2000248,,1756792711.2000248,False,10.346735149587206,-0.4958791258290693,0.1302645287026313,0.00955004617864343,nan,nan,nan,nan
4711,1756792711.2100396,,1756792711.2100396,False,10.33221736264986,-0.45559072485240387,0.11380241438672677,0.007822729780019952,nan,nan,nan,nan
4712,1756792711.22027,,1756792711.22027,False,10.329865296391429,-0.4306100745168359,0.11225080859744824,0.007968112688608645,nan,nan,nan,nan
4713,1756792711.2300677,,1756792711.2300677,False,10.324516056017162,-0.4087743982570017,0.12413622000379002,0.009660211376906813,nan,nan,nan,nan
4714,1756792711.2400315,,1756792711.2400315,False,10.31328995275257,-0.3628474135530628,0.10783726028277302,0.008366174437872943,nan,nan,nan,nan
4715,1756792711.250034,,1756792711.250034,False,10.299469927550543,-0.33026487453545045,0.0971008628328804,0.006878878054993517,nan,nan,nan,nan
4716,1756792711.2600367,,1756792711.2600367,False,10.305570408986505,-0.3256527361367959,0.12040237643399448,0.010821291463392833,nan,nan,nan,nan
4717,1756792711.270221,,1756792711.270221,False,10.302471089045673,-0.2753496612052698,0.08625145744449297,0.008039033703515107,nan,nan,nan,nan
4718,1756792711.2800264,,1756792711.2800264,False,10.293057175880849,-0.25636247213675517,0.07141083292069594,0.0071046597778122765,nan,nan,nan,nan
4719,1756792711.2900243,,1756792711.2900243,False,10.270822017540272,-0.20767896074040457,0.05253927740834154,0.006465999153169113,nan,nan,nan,nan
4720,1756792711.300042,,1756792711.300042,False,10.256275893628308,-0.17794412676919347,0.0443451419610491,0.00709391596617555,nan,nan,nan,nan
4721,1756792711.3100412,,1756792711.3100412,False,10.247947835996731,-0.14314119163655603,0.053609238231583436,0.007712024263613953,nan,nan,nan,nan
4722,1756792711.3200297,,1756792711.3200297,False,10.238504776471824,-0.09704850900797579,0.03880359581456909,0.006784790247961018,nan,nan,nan,nan
4723,1756792711.330035,,1756792711.330035,False,10.23113308817559,-0.08307558766958906,0.036076940974722894,0.008300528494324813,nan,nan,nan,nan
4724,1756792711.3400416,,1756792711.3400416,False,10.217574820571551,-0.040113678152410195,0.021695265208316685,0.006497355554737855,nan,nan,nan,nan
4653,1756792710.6300507,,1756792710.6300507,False,9.773032328286986,-0.3958328853056551,-0.04228301394435823,-0.00648117406496316,nan,nan,nan,nan
4654,1756792710.64003,,1756792710.64003,False,9.81036402877081,-0.4135676004608785,-0.0475069520960695,-0.005987465097947152,nan,nan,nan,nan
4655,1756792710.6500344,,1756792710.6500344,False,9.82831607255808,-0.41714529966769764,-0.046837028003886394,-0.007061469562641369,nan,nan,nan,nan
4656,1756792710.6600263,,1756792710.6600263,False,9.844920194812637,-0.4260516396065468,-0.033561217715820844,-0.006797264148687875,nan,nan,nan,nan
4657,1756792710.6700435,,1756792710.6700435,False,9.89834905478008,-0.4742600298146376,-0.053345074241588915,-0.006915158628946274,nan,nan,nan,nan
4658,1756792710.6800506,,1756792710.6800506,False,9.922094839698175,-0.49188185449847227,-0.04605884439410785,-0.007030574929597324,nan,nan,nan,nan
4659,1756792710.6900353,,1756792710.6900353,False,9.934856552342184,-0.5076399534194669,-0.035858576868147515,-0.006457866134726489,nan,nan,nan,nan
4660,1756792710.7000306,,1756792710.7000306,False,9.939617061192083,-0.5107139236453198,-0.01815288239630108,-0.0060654029064317935,nan,nan,nan,nan
4661,1756792710.7100353,,1756792710.7100353,False,9.951015529676198,-0.5216483780265291,-0.016026974217388173,-0.00668799301683411,nan,nan,nan,nan
4662,1756792710.7200398,,1756792710.7200398,False,9.968818862901378,-0.5279100672171941,-0.012807388410755753,-0.006843857829949708,nan,nan,nan,nan
4663,1756792710.7300367,,1756792710.7300367,False,9.978408158883076,-0.5438493383731127,0.0069842730857308235,-0.006077951719395677,nan,nan,nan,nan
4664,1756792710.7400234,,1756792710.7400234,False,9.98403828246287,-0.5468223315608348,0.014579494805623929,-0.0058653627082451785,nan,nan,nan,nan
4665,1756792710.7500825,,1756792710.7500825,False,9.993386578542863,-0.5793498496034041,0.016664589712006322,-0.006128763099724507,nan,nan,nan,nan
4666,1756792710.7600348,,1756792710.7600348,False,9.997135659215505,-0.5625557912223688,0.012487705665713066,-0.00710650176084531,nan,nan,nan,nan
4667,1756792710.7700927,,1756792710.7700927,False,10.026028501876358,-0.6060914447354585,0.03485248332321325,-0.005316864626888594,nan,nan,nan,nan
4668,1756792710.780036,,1756792710.780036,False,10.041095923653836,-0.6379500343038729,0.05511299968288529,-0.004422271910299959,nan,nan,nan,nan
4669,1756792710.7900395,,1756792710.7900395,False,10.052588611928838,-0.6419003978605088,0.06295999722117926,-0.00542109035028062,nan,nan,nan,nan
4670,1756792710.8000402,,1756792710.8000402,False,10.069825807252736,-0.6600012293215575,0.07705051512528172,-0.005371733619951378,nan,nan,nan,nan
4671,1756792710.8100321,,1756792710.8100321,False,10.082113267223205,-0.652785100504964,0.08741061303247179,-0.005181628213186014,nan,nan,nan,nan
4672,1756792710.8200753,,1756792710.8200753,False,10.111508910198468,-0.6809288145769461,0.07510355440813832,-0.004905284601781161,nan,nan,nan,nan
4673,1756792710.8301058,,1756792710.8301058,False,10.126753984069897,-0.6874869498891074,0.0727029329372518,-0.0048677792279527175,nan,nan,nan,nan
4674,1756792710.8400366,,1756792710.8400366,False,10.144667884533819,-0.7027632584844291,0.09020814051845769,-0.003875753707688202,nan,nan,nan,nan
4675,1756792710.8500295,,1756792710.8500295,False,10.169805322961516,-0.7390647445514479,0.09043614564676937,-0.003665445332524409,nan,nan,nan,nan
4676,1756792710.860035,,1756792710.860035,False,10.191067131321784,-0.7512661702132823,0.10364353167415252,-0.003229031409883117,nan,nan,nan,nan
4677,1756792710.8700862,,1756792710.8700862,False,10.204865426353306,-0.7600861306903055,0.11453598932774843,-0.0032125201317738054,nan,nan,nan,nan
4678,1756792710.8800457,,1756792710.8800457,False,10.223459221782836,-0.7745047283994255,0.12049592687379064,-0.002325919126333989,nan,nan,nan,nan
4679,1756792710.890035,,1756792710.890035,False,10.237737260505275,-0.7771757899500022,0.10658694321583759,-0.002888664732585713,nan,nan,nan,nan
4680,1756792710.900037,,1756792710.900037,False,10.246968128667223,-0.7773278006151595,0.10502906114603888,-0.003707384881520185,nan,nan,nan,nan
4681,1756792710.910033,,1756792710.910033,False,10.254840699755889,-0.7685259086011774,0.11565789681813943,-0.002828797281589531,nan,nan,nan,nan
4682,1756792710.9200451,,1756792710.9200451,False,10.28622803665135,-0.7826417418220399,0.12706401796133507,-0.0011956031235835875,nan,nan,nan,nan
4683,1756792710.9300961,,1756792710.9300961,False,10.298878411704472,-0.7902695779836342,0.13043932391675617,-0.0005046085691094486,nan,nan,nan,nan
4684,1756792710.94003,,1756792710.94003,False,10.30593920084039,-0.7862764638308154,0.13740701484634416,-2.668498982999338e-05,nan,nan,nan,nan
4685,1756792710.950049,,1756792710.950049,False,10.313050292419971,-0.790121457412756,0.13348413912706228,0.0006546596406163126,nan,nan,nan,nan
4686,1756792710.960033,,1756792710.960033,False,10.307872517615461,-0.7655663236891609,0.14907571565760766,0.0016764155451984225,nan,nan,nan,nan
4687,1756792710.970092,,1756792710.970092,False,10.318506088732718,-0.7739868740955318,0.15352953832972707,0.0027038578548484603,nan,nan,nan,nan
4688,1756792710.980031,,1756792710.980031,False,10.319248995472613,-0.7549013415813899,0.1549909125531271,0.004445913652454469,nan,nan,nan,nan
4689,1756792710.990035,,1756792710.990035,False,10.3194070388376,-0.7530948397129771,0.17032477554465109,0.005761310880316749,nan,nan,nan,nan
4690,1756792711.0000525,,1756792711.0000525,False,10.322408046291931,-0.7292480212293571,0.16307782019384315,0.004456465669155221,nan,nan,nan,nan
4691,1756792711.0101945,,1756792711.0101945,False,10.332626621763024,-0.7235038022574863,0.16254207140174645,0.005470370332837159,nan,nan,nan,nan
4692,1756792711.020115,,1756792711.020115,False,10.338072409224269,-0.7165754344047237,0.17469505488125037,0.006873530031820688,nan,nan,nan,nan
4693,1756792711.030047,,1756792711.030047,False,10.342397783294007,-0.7038661542338097,0.18795035980514357,0.00914408931876288,nan,nan,nan,nan
4694,1756792711.0406826,,1756792711.0406826,False,10.342092382783425,-0.6983518706748226,0.18900932660101513,0.009567900428983606,nan,nan,nan,nan
4695,1756792711.050032,,1756792711.050032,False,10.341021346265773,-0.6964559109915064,0.21761094789746177,0.011926525878128159,nan,nan,nan,nan
4696,1756792711.0600324,,1756792711.0600324,False,10.342778583764117,-0.675142134075197,0.19233068542269066,0.011165085552731402,nan,nan,nan,nan
4697,1756792711.0700955,,1756792711.0700955,False,10.34133905405189,-0.6506648871837896,0.18531964901726122,0.010513644155161282,nan,nan,nan,nan
4698,1756792711.0800166,,1756792711.0800166,False,10.350441437206207,-0.6593385349018477,0.16911999551701412,0.011263877523870622,nan,nan,nan,nan
4699,1756792711.0900855,,1756792711.0900855,False,10.358284379285948,-0.6431989711464942,0.16114835093133242,0.010330554735333508,nan,nan,nan,nan
4700,1756792711.1000779,,1756792711.1000779,False,10.367052086242781,-0.6510432464214709,0.15974140761531752,0.01129699954019878,nan,nan,nan,nan
4701,1756792711.110057,,1756792711.110057,False,10.368176400488714,-0.620132499609936,0.15149153180869274,0.01075325756769113,nan,nan,nan,nan
4702,1756792711.1200309,,1756792711.1200309,False,10.372583708808229,-0.5977633757757946,0.1616663737433799,0.011954725379780382,nan,nan,nan,nan
4703,1756792711.1300855,,1756792711.1300855,False,10.378307188510954,-0.5936105327116716,0.16664212575365617,0.013502007196461536,nan,nan,nan,nan
4704,1756792711.1400266,,1756792711.1400266,False,10.368679570388819,-0.5848464726532593,0.15282847488510257,0.012806101828694039,nan,nan,nan,nan
4705,1756792711.1500378,,1756792711.1500378,False,10.370610757637685,-0.5778435586183853,0.1355073533795817,0.011483133042502987,nan,nan,nan,nan
4706,1756792711.1600714,,1756792711.1600714,False,10.362748155441997,-0.5435200756887635,0.13537525273585965,0.010142588510154472,nan,nan,nan,nan
4707,1756792711.170027,,1756792711.170027,False,10.362032788879983,-0.5211795157721053,0.13156712727111317,0.010629081671208273,nan,nan,nan,nan
4708,1756792711.180054,,1756792711.180054,False,10.363431974803381,-0.5255056552276715,0.13992776982696922,0.010427980239591942,nan,nan,nan,nan
4709,1756792711.190028,,1756792711.190028,False,10.35742035753004,-0.5026073785390115,0.1503257861032556,0.01109063967822226,nan,nan,nan,nan
4710,1756792711.2000248,,1756792711.2000248,False,10.346735149587206,-0.4958791258290693,0.1302645287026313,0.00955004617864343,nan,nan,nan,nan
4711,1756792711.2100396,,1756792711.2100396,False,10.33221736264986,-0.45559072485240387,0.11380241438672677,0.007822729780019952,nan,nan,nan,nan
4712,1756792711.22027,,1756792711.22027,False,10.329865296391429,-0.4306100745168359,0.11225080859744824,0.007968112688608645,nan,nan,nan,nan
4713,1756792711.2300677,,1756792711.2300677,False,10.324516056017162,-0.4087743982570017,0.12413622000379002,0.009660211376906813,nan,nan,nan,nan
4714,1756792711.2400315,,1756792711.2400315,False,10.31328995275257,-0.3628474135530628,0.10783726028277302,0.008366174437872943,nan,nan,nan,nan
4715,1756792711.250034,,1756792711.250034,False,10.299469927550543,-0.33026487453545045,0.0971008628328804,0.006878878054993517,nan,nan,nan,nan
4716,1756792711.2600367,,1756792711.2600367,False,10.305570408986505,-0.3256527361367959,0.12040237643399448,0.010821291463392833,nan,nan,nan,nan
4717,1756792711.270221,,1756792711.270221,False,10.302471089045673,-0.2753496612052698,0.08625145744449297,0.008039033703515107,nan,nan,nan,nan
4718,1756792711.2800264,,1756792711.2800264,False,10.293057175880849,-0.25636247213675517,0.07141083292069594,0.0071046597778122765,nan,nan,nan,nan
4719,1756792711.2900243,,1756792711.2900243,False,10.270822017540272,-0.20767896074040457,0.05253927740834154,0.006465999153169113,nan,nan,nan,nan
4720,1756792711.300042,,1756792711.300042,False,10.256275893628308,-0.17794412676919347,0.0443451419610491,0.00709391596617555,nan,nan,nan,nan
4721,1756792711.3100412,,1756792711.3100412,False,10.247947835996731,-0.14314119163655603,0.053609238231583436,0.007712024263613953,nan,nan,nan,nan
4722,1756792711.3200297,,1756792711.3200297,False,10.238504776471824,-0.09704850900797579,0.03880359581456909,0.006784790247961018,nan,nan,nan,nan
4723,1756792711.330035,,1756792711.330035,False,10.23113308817559,-0.08307558766958906,0.036076940974722894,0.008300528494324813,nan,nan,nan,nan
4724,1756792711.3400416,,1756792711.3400416,False,10.217574820571551,-0.040113678152410195,0.021695265208316685,0.006497355554737855,nan,nan,nan,nan
4725,1756792711.3500395,,1756792711.3500395,False,10.219097871750808,-0.0395366247194885,0.02568588574871279,0.006819121993714541,nan,nan,nan,nan
4726,1756792711.3600514,,1756792711.3600514,False,10.201858140811533,-0.003039229230337101,0.016534948777429684,0.005499325935723308,nan,nan,nan,nan
4727,1756792711.3700325,,1756792711.3700325,False,10.169547619161193,0.04879389759098915,-0.008264367228022053,0.0021501947818356676,nan,nan,nan,nan
4728,1756792711.38003,,1756792711.38003,False,10.155777007638903,0.0667294744179216,-0.0008626017192704508,0.0033363843770734852,nan,nan,nan,nan
4729,1756792711.3900335,,1756792711.3900335,False,10.143794657042928,0.10672036791276035,-0.00038063007307293016,0.002160840605662481,nan,nan,nan,nan
4730,1756792711.4001436,,1756792711.4001436,False,10.113771796153321,0.15062903916537987,-0.011784356707901546,0.0003797278427614579,nan,nan,nan,nan
4731,1756792711.4100456,,1756792711.4100456,False,10.100420352054767,0.16155709883631242,0.0004601160565155114,0.0018830109509248585,nan,nan,nan,nan
4732,1756792711.420044,,1756792711.420044,False,10.074741546584002,0.19217628512931045,0.0014331858725408959,0.0017552826990562456,nan,nan,nan,nan
4733,1756792711.4301448,,1756792711.4301448,False,10.037664802126201,0.2243693529417021,0.013569976886174383,0.0016714675477792745,nan,nan,nan,nan
4734,1756792711.4400365,,1756792711.4400365,False,9.983493434876838,0.29915924462530047,-0.009467143819547606,-0.0009698731514708952,nan,nan,nan,nan
4735,1756792711.4500406,,1756792711.4500406,False,9.974812902333978,0.28637161171476555,0.02276019548460848,0.0026907834046923282,nan,nan,nan,nan
4736,1756792711.4600887,,1756792711.4600887,False,9.937218550630668,0.34290146249305875,0.01022807018071404,0.0010356297693761933,nan,nan,nan,nan
4737,1756792711.4700308,,1756792711.4700308,False,9.895321865537104,0.40843473590380314,0.00048463018952615123,0.0005486869654507885,nan,nan,nan,nan
4738,1756792711.4800572,,1756792711.4800572,False,9.8535185983421,0.452481600216583,-0.008472459871257887,-0.0007021933912715278,nan,nan,nan,nan
4739,1756792711.4900339,,1756792711.4900339,False,9.80482558128236,0.5289866761158961,-0.028887408758253758,-0.0013653485679337085,nan,nan,nan,nan
4740,1756792711.5000703,,1756792711.5000703,False,9.766783743396719,0.5737048609558448,-0.026211178763207447,-5.195449672055917e-05,nan,nan,nan,nan
4741,1756792711.510045,,1756792711.510045,False,9.73023179946011,0.6247940846079864,-0.039421022784274166,-0.0014611186527656917,nan,nan,nan,nan
4742,1756792711.5200326,,1756792711.5200326,False,9.683273752984093,0.6825718098632285,-0.05215083551783181,-0.0019382316309605725,nan,nan,nan,nan
4743,1756792711.5300553,,1756792711.5300553,False,9.62751728618534,0.7633922102224011,-0.06892041520670558,-0.002219967760396149,nan,nan,nan,nan
4744,1756792711.540032,,1756792711.540032,False,9.574667855257983,0.849250999384739,-0.09394962740147088,-0.004079271189073029,nan,nan,nan,nan
4745,1756792711.5500598,,1756792711.5500598,False,9.569193542536967,0.7668559324836511,-0.028856607965536546,0.00021329478291289832,nan,nan,nan,nan
4746,1756792711.5600328,,1756792711.5600328,False,9.491826426103307,0.9269436534961859,-0.096246010112388,-0.002144439062525092,nan,nan,nan,nan
4747,1756792711.5700853,,1756792711.5700853,False,9.45781934110327,0.901932679028994,-0.06586654779989383,-0.00021697242217224642,nan,nan,nan,nan
4748,1756792711.5800393,,1756792711.5800393,False,9.374385142907098,1.0998328781459072,-0.14885567091372612,-0.005780172767390655,nan,nan,nan,nan
4749,1756792711.5900452,,1756792711.5900452,False,9.321351171116932,1.2292460858979222,-0.20098928507753946,-0.00734652420967645,nan,nan,nan,nan
4750,1756792711.600079,,1756792711.600079,False,9.269435074919043,1.3809498793409378,-0.2507459872117067,-0.009070867748250442,nan,nan,nan,nan
4751,1756792711.6100397,,1756792711.6100397,False,9.239707123120997,1.4010421485983304,-0.24935380119799608,-0.008254768286097294,nan,nan,nan,nan
4752,1756792711.6201057,,1756792711.6201057,False,9.200474232923783,1.469277807006928,-0.25228478738689586,-0.007061895067509983,nan,nan,nan,nan
4753,1756792711.6300442,,1756792711.6300442,False,9.167077623435405,1.5616781865244391,-0.28753085028387426,-0.009402680991015384,nan,nan,nan,nan
4754,1756792711.6400092,,1756792711.6400092,False,9.13854605309909,1.6559938258783686,-0.3094249660384179,-0.007203812660117691,nan,nan,nan,nan
4755,1756792711.6500466,,1756792711.6500466,False,9.119681748718866,1.721384236876818,-0.3133837008414253,-0.00973280034106843,nan,nan,nan,nan
4756,1756792711.6600275,,1756792711.6600275,False,9.100260632552576,1.7965414719635455,-0.33048551143897426,-0.005755679802447783,nan,nan,nan,nan
4757,1756792711.6701024,,1756792711.6701024,False,9.08922374893736,1.9026650458874619,-0.36607385566195083,-0.008068783415173579,nan,nan,nan,nan
4758,1756792711.6800175,,1756792711.6800175,False,9.074065797153208,1.947438387728536,-0.3698805504690403,-0.00597771030166881,nan,nan,nan,nan
4759,1756792711.6900067,,1756792711.6900067,False,9.065570926291276,1.9861442814325567,-0.3748084552641772,-0.005583740834029929,nan,nan,nan,nan
4760,1756792711.7000213,,1756792711.7000213,False,9.06741387359909,2.0924342211936144,-0.4066816474867359,-0.004141070767302966,nan,nan,nan,nan
4761,1756792711.710055,,1756792711.710055,False,9.050990313441476,2.0647062382167087,-0.3721298598813047,-0.0037822425869737,nan,nan,nan,nan
4762,1756792711.720183,,1756792711.720183,False,9.052705582344606,2.0961288439699937,-0.38365789728956595,-0.0020309783154273,nan,nan,nan,nan
4763,1756792711.7300227,,1756792711.7300227,False,9.068307221378815,2.184865952311756,-0.4060609371325632,0.0008430324478382146,nan,nan,nan,nan
4764,1756792711.740016,,1756792711.740016,False,9.071547908249096,2.2254759980970666,-0.41083890932650297,0.0017906509436997969,nan,nan,nan,nan
4765,1756792711.7500737,,1756792711.7500737,False,9.09548399977515,2.313365245490746,-0.4325820301413461,0.005444548484009053,nan,nan,nan,nan
4766,1756792711.7600298,,1756792711.7600298,False,9.094359564734829,2.297388119819265,-0.41579577513507376,0.007241265554020346,nan,nan,nan,nan
4767,1756792711.770651,,1756792711.770651,False,9.104053093185072,2.301346287346401,-0.42519310440827623,0.009640684457008344,nan,nan,nan,nan
4768,1756792711.7800372,,1756792711.7800372,False,9.124437175622523,2.304303266862636,-0.4373828991201802,0.012644937052844956,nan,nan,nan,nan
4769,1756792711.7900326,,1756792711.7900326,False,9.150265333329923,2.30115163147089,-0.45674114266917254,0.015038587353667565,nan,nan,nan,nan
4770,1756792711.8001242,,1756792711.8001242,False,9.190548942914186,2.3240521164930428,-0.4744323630024396,0.01912863801301419,nan,nan,nan,nan
4771,1756792711.8100379,,1756792711.8100379,False,9.201682504965644,2.253712102937173,-0.45352546475451383,0.018947885751665106,nan,nan,nan,nan
4772,1756792711.8200924,,1756792711.8200924,False,9.229345513471275,2.2201154970301307,-0.4434391267685751,0.019861883345959522,nan,nan,nan,nan
4773,1756792711.830031,,1756792711.830031,False,9.201225124689854,2.076465048788307,-0.38533292087273735,0.01394685687483066,nan,nan,nan,nan
4774,1756792711.8400376,,1756792711.8400376,False,9.255929012952866,2.0869005427971263,-0.4355211864495432,0.021352020414780133,nan,nan,nan,nan
4775,1756792711.850028,,1756792711.850028,False,9.354308575075736,2.159457977898969,-0.508561300699996,0.033839923561063585,nan,nan,nan,nan
4776,1756792711.860032,,1756792711.860032,False,9.406291499619533,2.118730229840464,-0.5376475246968939,0.039655229969833235,nan,nan,nan,nan
4777,1756792711.8702385,,1756792711.8702385,False,9.419716993662407,2.012057484755375,-0.5332564383142706,0.0413611377972437,nan,nan,nan,nan
4778,1756792711.8800402,,1756792711.8800402,False,9.449471264967618,1.9392837130092349,-0.5231197723509998,0.04054291642409588,nan,nan,nan,nan
4779,1756792711.8900418,,1756792711.8900418,False,9.458639850589014,1.8452145569415719,-0.5279859217182225,0.04117983772434966,nan,nan,nan,nan
4780,1756792711.9000428,,1756792711.9000428,False,9.481786271227337,1.7623254705558355,-0.521521549759024,0.04124459055368439,nan,nan,nan,nan
4725,1756792711.3500395,,1756792711.3500395,False,10.219097871750808,-0.0395366247194885,0.02568588574871279,0.006819121993714541,nan,nan,nan,nan
4726,1756792711.3600514,,1756792711.3600514,False,10.201858140811533,-0.003039229230337101,0.016534948777429684,0.005499325935723308,nan,nan,nan,nan
4727,1756792711.3700325,,1756792711.3700325,False,10.169547619161193,0.04879389759098915,-0.008264367228022053,0.0021501947818356676,nan,nan,nan,nan
4728,1756792711.38003,,1756792711.38003,False,10.155777007638903,0.0667294744179216,-0.0008626017192704508,0.0033363843770734852,nan,nan,nan,nan
4729,1756792711.3900335,,1756792711.3900335,False,10.143794657042928,0.10672036791276035,-0.00038063007307293016,0.002160840605662481,nan,nan,nan,nan
4730,1756792711.4001436,,1756792711.4001436,False,10.113771796153321,0.15062903916537987,-0.011784356707901546,0.0003797278427614579,nan,nan,nan,nan
4731,1756792711.4100456,,1756792711.4100456,False,10.100420352054767,0.16155709883631242,0.0004601160565155114,0.0018830109509248585,nan,nan,nan,nan
4732,1756792711.420044,,1756792711.420044,False,10.074741546584002,0.19217628512931045,0.0014331858725408959,0.0017552826990562456,nan,nan,nan,nan
4733,1756792711.4301448,,1756792711.4301448,False,10.037664802126201,0.2243693529417021,0.013569976886174383,0.0016714675477792745,nan,nan,nan,nan
4734,1756792711.4400365,,1756792711.4400365,False,9.983493434876838,0.29915924462530047,-0.009467143819547606,-0.0009698731514708952,nan,nan,nan,nan
4735,1756792711.4500406,,1756792711.4500406,False,9.974812902333978,0.28637161171476555,0.02276019548460848,0.0026907834046923282,nan,nan,nan,nan
4736,1756792711.4600887,,1756792711.4600887,False,9.937218550630668,0.34290146249305875,0.01022807018071404,0.0010356297693761933,nan,nan,nan,nan
4737,1756792711.4700308,,1756792711.4700308,False,9.895321865537104,0.40843473590380314,0.00048463018952615123,0.0005486869654507885,nan,nan,nan,nan
4738,1756792711.4800572,,1756792711.4800572,False,9.8535185983421,0.452481600216583,-0.008472459871257887,-0.0007021933912715278,nan,nan,nan,nan
4739,1756792711.4900339,,1756792711.4900339,False,9.80482558128236,0.5289866761158961,-0.028887408758253758,-0.0013653485679337085,nan,nan,nan,nan
4740,1756792711.5000703,,1756792711.5000703,False,9.766783743396719,0.5737048609558448,-0.026211178763207447,-5.195449672055917e-05,nan,nan,nan,nan
4741,1756792711.510045,,1756792711.510045,False,9.73023179946011,0.6247940846079864,-0.039421022784274166,-0.0014611186527656917,nan,nan,nan,nan
4742,1756792711.5200326,,1756792711.5200326,False,9.683273752984093,0.6825718098632285,-0.05215083551783181,-0.0019382316309605725,nan,nan,nan,nan
4743,1756792711.5300553,,1756792711.5300553,False,9.62751728618534,0.7633922102224011,-0.06892041520670558,-0.002219967760396149,nan,nan,nan,nan
4744,1756792711.540032,,1756792711.540032,False,9.574667855257983,0.849250999384739,-0.09394962740147088,-0.004079271189073029,nan,nan,nan,nan
4745,1756792711.5500598,,1756792711.5500598,False,9.569193542536967,0.7668559324836511,-0.028856607965536546,0.00021329478291289832,nan,nan,nan,nan
4746,1756792711.5600328,,1756792711.5600328,False,9.491826426103307,0.9269436534961859,-0.096246010112388,-0.002144439062525092,nan,nan,nan,nan
4747,1756792711.5700853,,1756792711.5700853,False,9.45781934110327,0.901932679028994,-0.06586654779989383,-0.00021697242217224642,nan,nan,nan,nan
4748,1756792711.5800393,,1756792711.5800393,False,9.374385142907098,1.0998328781459072,-0.14885567091372612,-0.005780172767390655,nan,nan,nan,nan
4749,1756792711.5900452,,1756792711.5900452,False,9.321351171116932,1.2292460858979222,-0.20098928507753946,-0.00734652420967645,nan,nan,nan,nan
4750,1756792711.600079,,1756792711.600079,False,9.269435074919043,1.3809498793409378,-0.2507459872117067,-0.009070867748250442,nan,nan,nan,nan
4751,1756792711.6100397,,1756792711.6100397,False,9.239707123120997,1.4010421485983304,-0.24935380119799608,-0.008254768286097294,nan,nan,nan,nan
4752,1756792711.6201057,,1756792711.6201057,False,9.200474232923783,1.469277807006928,-0.25228478738689586,-0.007061895067509983,nan,nan,nan,nan
4753,1756792711.6300442,,1756792711.6300442,False,9.167077623435405,1.5616781865244391,-0.28753085028387426,-0.009402680991015384,nan,nan,nan,nan
4754,1756792711.6400092,,1756792711.6400092,False,9.13854605309909,1.6559938258783686,-0.3094249660384179,-0.007203812660117691,nan,nan,nan,nan
4755,1756792711.6500466,,1756792711.6500466,False,9.119681748718866,1.721384236876818,-0.3133837008414253,-0.00973280034106843,nan,nan,nan,nan
4756,1756792711.6600275,,1756792711.6600275,False,9.100260632552576,1.7965414719635455,-0.33048551143897426,-0.005755679802447783,nan,nan,nan,nan
4757,1756792711.6701024,,1756792711.6701024,False,9.08922374893736,1.9026650458874619,-0.36607385566195083,-0.008068783415173579,nan,nan,nan,nan
4758,1756792711.6800175,,1756792711.6800175,False,9.074065797153208,1.947438387728536,-0.3698805504690403,-0.00597771030166881,nan,nan,nan,nan
4759,1756792711.6900067,,1756792711.6900067,False,9.065570926291276,1.9861442814325567,-0.3748084552641772,-0.005583740834029929,nan,nan,nan,nan
4760,1756792711.7000213,,1756792711.7000213,False,9.06741387359909,2.0924342211936144,-0.4066816474867359,-0.004141070767302966,nan,nan,nan,nan
4761,1756792711.710055,,1756792711.710055,False,9.050990313441476,2.0647062382167087,-0.3721298598813047,-0.0037822425869737,nan,nan,nan,nan
4762,1756792711.720183,,1756792711.720183,False,9.052705582344606,2.0961288439699937,-0.38365789728956595,-0.0020309783154273,nan,nan,nan,nan
4763,1756792711.7300227,,1756792711.7300227,False,9.068307221378815,2.184865952311756,-0.4060609371325632,0.0008430324478382146,nan,nan,nan,nan
4764,1756792711.740016,,1756792711.740016,False,9.071547908249096,2.2254759980970666,-0.41083890932650297,0.0017906509436997969,nan,nan,nan,nan
4765,1756792711.7500737,,1756792711.7500737,False,9.09548399977515,2.313365245490746,-0.4325820301413461,0.005444548484009053,nan,nan,nan,nan
4766,1756792711.7600298,,1756792711.7600298,False,9.094359564734829,2.297388119819265,-0.41579577513507376,0.007241265554020346,nan,nan,nan,nan
4767,1756792711.770651,,1756792711.770651,False,9.104053093185072,2.301346287346401,-0.42519310440827623,0.009640684457008344,nan,nan,nan,nan
4768,1756792711.7800372,,1756792711.7800372,False,9.124437175622523,2.304303266862636,-0.4373828991201802,0.012644937052844956,nan,nan,nan,nan
4769,1756792711.7900326,,1756792711.7900326,False,9.150265333329923,2.30115163147089,-0.45674114266917254,0.015038587353667565,nan,nan,nan,nan
4770,1756792711.8001242,,1756792711.8001242,False,9.190548942914186,2.3240521164930428,-0.4744323630024396,0.01912863801301419,nan,nan,nan,nan
4771,1756792711.8100379,,1756792711.8100379,False,9.201682504965644,2.253712102937173,-0.45352546475451383,0.018947885751665106,nan,nan,nan,nan
4772,1756792711.8200924,,1756792711.8200924,False,9.229345513471275,2.2201154970301307,-0.4434391267685751,0.019861883345959522,nan,nan,nan,nan
4773,1756792711.830031,,1756792711.830031,False,9.201225124689854,2.076465048788307,-0.38533292087273735,0.01394685687483066,nan,nan,nan,nan
4774,1756792711.8400376,,1756792711.8400376,False,9.255929012952866,2.0869005427971263,-0.4355211864495432,0.021352020414780133,nan,nan,nan,nan
4775,1756792711.850028,,1756792711.850028,False,9.354308575075736,2.159457977898969,-0.508561300699996,0.033839923561063585,nan,nan,nan,nan
4776,1756792711.860032,,1756792711.860032,False,9.406291499619533,2.118730229840464,-0.5376475246968939,0.039655229969833235,nan,nan,nan,nan
4777,1756792711.8702385,,1756792711.8702385,False,9.419716993662407,2.012057484755375,-0.5332564383142706,0.0413611377972437,nan,nan,nan,nan
4778,1756792711.8800402,,1756792711.8800402,False,9.449471264967618,1.9392837130092349,-0.5231197723509998,0.04054291642409588,nan,nan,nan,nan
4779,1756792711.8900418,,1756792711.8900418,False,9.458639850589014,1.8452145569415719,-0.5279859217182225,0.04117983772434966,nan,nan,nan,nan
4780,1756792711.9000428,,1756792711.9000428,False,9.481786271227337,1.7623254705558355,-0.521521549759024,0.04124459055368439,nan,nan,nan,nan
4781,1756792711.9100387,,1756792711.9100387,False,9.49365727382927,1.670014916372583,-0.526804605305619,0.04471598649929585,nan,nan,nan,nan
4782,1756792711.9200392,,1756792711.9200392,False,9.510932382777417,1.6119527950007624,-0.5646459657312374,0.05432736467138294,nan,nan,nan,nan
4783,1756792711.93004,,1756792711.93004,False,9.515643517505037,1.5308914577881243,-0.5603896119331995,0.05625813796908427,nan,nan,nan,nan
4784,1756792711.940033,,1756792711.940033,False,9.526108701869768,1.4185871238565213,-0.5546568176470019,0.05534584903424446,nan,nan,nan,nan
4785,1756792711.950063,,1756792711.950063,False,9.543029593001396,1.3501852403862957,-0.5554044218411425,0.05787437816325773,nan,nan,nan,nan
4786,1756792711.9600413,,1756792711.9600413,False,9.530817580930504,1.2218619631160077,-0.5305249556999277,0.05419607314259049,nan,nan,nan,nan
4787,1756792711.9700372,,1756792711.9700372,False,9.54631291745171,1.1417466843187933,-0.5305179616664258,0.05581811928054336,nan,nan,nan,nan
4788,1756792711.980079,,1756792711.980079,False,9.549798614886468,1.0284439202700204,-0.5326084567519789,0.05775817699891435,nan,nan,nan,nan
4789,1756792711.9900477,,1756792711.9900477,False,9.532850759257839,0.9014304733721724,-0.5254447220521465,0.05555611607366988,nan,nan,nan,nan
4790,1756792712.0001338,,1756792712.0001338,False,9.53110514282576,0.8039195245586944,-0.5206527211534544,0.054383998949038524,nan,nan,nan,nan
4791,1756792712.0100498,,1756792712.0100498,False,9.540574358966346,0.6938275864825652,-0.5345494927308262,0.05563509661397364,nan,nan,nan,nan
4792,1756792712.0200684,,1756792712.0200684,False,9.537776443498768,0.5933767806082982,-0.532589847457911,0.05527351105498377,nan,nan,nan,nan
4793,1756792712.0300462,,1756792712.0300462,False,9.499473550870313,0.4317159465487458,-0.5027496907235287,0.04641508346651655,nan,nan,nan,nan
4794,1756792712.0400445,,1756792712.0400445,False,9.504288888435463,0.3104355891650522,-0.5238144914417648,0.04817345819105556,nan,nan,nan,nan
4795,1756792712.0500445,,1756792712.0500445,False,9.48451910831583,0.1784824083619912,-0.522651662591736,0.04596751078761359,nan,nan,nan,nan
4796,1756792712.0600216,,1756792712.0600216,False,9.451569135919208,0.03314222607904645,-0.5217981903300443,0.04328248419433601,nan,nan,nan,nan
4797,1756792712.0700538,,1756792712.0700538,False,9.416764930704389,-0.10945320445243785,-0.5122950310077118,0.03929624853726349,nan,nan,nan,nan
4798,1756792712.080037,,1756792712.080037,False,9.357324967245201,-0.2774004888413557,-0.4825956838657965,0.031621993999168416,nan,nan,nan,nan
4725,1756792711.3500395,,1756792711.3500395,False,10.219097871750808,-0.0395366247194885,0.02568588574871279,0.006819121993714541,nan,nan,nan,nan
4726,1756792711.3600514,,1756792711.3600514,False,10.201858140811533,-0.003039229230337101,0.016534948777429684,0.005499325935723308,nan,nan,nan,nan
4727,1756792711.3700325,,1756792711.3700325,False,10.169547619161193,0.04879389759098915,-0.008264367228022053,0.0021501947818356676,nan,nan,nan,nan
4728,1756792711.38003,,1756792711.38003,False,10.155777007638903,0.0667294744179216,-0.0008626017192704508,0.0033363843770734852,nan,nan,nan,nan
4729,1756792711.3900335,,1756792711.3900335,False,10.143794657042928,0.10672036791276035,-0.00038063007307293016,0.002160840605662481,nan,nan,nan,nan
4730,1756792711.4001436,,1756792711.4001436,False,10.113771796153321,0.15062903916537987,-0.011784356707901546,0.0003797278427614579,nan,nan,nan,nan
4731,1756792711.4100456,,1756792711.4100456,False,10.100420352054767,0.16155709883631242,0.0004601160565155114,0.0018830109509248585,nan,nan,nan,nan
4732,1756792711.420044,,1756792711.420044,False,10.074741546584002,0.19217628512931045,0.0014331858725408959,0.0017552826990562456,nan,nan,nan,nan
4733,1756792711.4301448,,1756792711.4301448,False,10.037664802126201,0.2243693529417021,0.013569976886174383,0.0016714675477792745,nan,nan,nan,nan
4734,1756792711.4400365,,1756792711.4400365,False,9.983493434876838,0.29915924462530047,-0.009467143819547606,-0.0009698731514708952,nan,nan,nan,nan
4735,1756792711.4500406,,1756792711.4500406,False,9.974812902333978,0.28637161171476555,0.02276019548460848,0.0026907834046923282,nan,nan,nan,nan
4736,1756792711.4600887,,1756792711.4600887,False,9.937218550630668,0.34290146249305875,0.01022807018071404,0.0010356297693761933,nan,nan,nan,nan
4737,1756792711.4700308,,1756792711.4700308,False,9.895321865537104,0.40843473590380314,0.00048463018952615123,0.0005486869654507885,nan,nan,nan,nan
4738,1756792711.4800572,,1756792711.4800572,False,9.8535185983421,0.452481600216583,-0.008472459871257887,-0.0007021933912715278,nan,nan,nan,nan
4739,1756792711.4900339,,1756792711.4900339,False,9.80482558128236,0.5289866761158961,-0.028887408758253758,-0.0013653485679337085,nan,nan,nan,nan
4740,1756792711.5000703,,1756792711.5000703,False,9.766783743396719,0.5737048609558448,-0.026211178763207447,-5.195449672055917e-05,nan,nan,nan,nan
4741,1756792711.510045,,1756792711.510045,False,9.73023179946011,0.6247940846079864,-0.039421022784274166,-0.0014611186527656917,nan,nan,nan,nan
4742,1756792711.5200326,,1756792711.5200326,False,9.683273752984093,0.6825718098632285,-0.05215083551783181,-0.0019382316309605725,nan,nan,nan,nan
4743,1756792711.5300553,,1756792711.5300553,False,9.62751728618534,0.7633922102224011,-0.06892041520670558,-0.002219967760396149,nan,nan,nan,nan
4744,1756792711.540032,,1756792711.540032,False,9.574667855257983,0.849250999384739,-0.09394962740147088,-0.004079271189073029,nan,nan,nan,nan
4745,1756792711.5500598,,1756792711.5500598,False,9.569193542536967,0.7668559324836511,-0.028856607965536546,0.00021329478291289832,nan,nan,nan,nan
4746,1756792711.5600328,,1756792711.5600328,False,9.491826426103307,0.9269436534961859,-0.096246010112388,-0.002144439062525092,nan,nan,nan,nan
4747,1756792711.5700853,,1756792711.5700853,False,9.45781934110327,0.901932679028994,-0.06586654779989383,-0.00021697242217224642,nan,nan,nan,nan
4748,1756792711.5800393,,1756792711.5800393,False,9.374385142907098,1.0998328781459072,-0.14885567091372612,-0.005780172767390655,nan,nan,nan,nan
4749,1756792711.5900452,,1756792711.5900452,False,9.321351171116932,1.2292460858979222,-0.20098928507753946,-0.00734652420967645,nan,nan,nan,nan
4750,1756792711.600079,,1756792711.600079,False,9.269435074919043,1.3809498793409378,-0.2507459872117067,-0.009070867748250442,nan,nan,nan,nan
4751,1756792711.6100397,,1756792711.6100397,False,9.239707123120997,1.4010421485983304,-0.24935380119799608,-0.008254768286097294,nan,nan,nan,nan
4752,1756792711.6201057,,1756792711.6201057,False,9.200474232923783,1.469277807006928,-0.25228478738689586,-0.007061895067509983,nan,nan,nan,nan
4753,1756792711.6300442,,1756792711.6300442,False,9.167077623435405,1.5616781865244391,-0.28753085028387426,-0.009402680991015384,nan,nan,nan,nan
4754,1756792711.6400092,,1756792711.6400092,False,9.13854605309909,1.6559938258783686,-0.3094249660384179,-0.007203812660117691,nan,nan,nan,nan
4755,1756792711.6500466,,1756792711.6500466,False,9.119681748718866,1.721384236876818,-0.3133837008414253,-0.00973280034106843,nan,nan,nan,nan
4756,1756792711.6600275,,1756792711.6600275,False,9.100260632552576,1.7965414719635455,-0.33048551143897426,-0.005755679802447783,nan,nan,nan,nan
4757,1756792711.6701024,,1756792711.6701024,False,9.08922374893736,1.9026650458874619,-0.36607385566195083,-0.008068783415173579,nan,nan,nan,nan
4758,1756792711.6800175,,1756792711.6800175,False,9.074065797153208,1.947438387728536,-0.3698805504690403,-0.00597771030166881,nan,nan,nan,nan
4759,1756792711.6900067,,1756792711.6900067,False,9.065570926291276,1.9861442814325567,-0.3748084552641772,-0.005583740834029929,nan,nan,nan,nan
4760,1756792711.7000213,,1756792711.7000213,False,9.06741387359909,2.0924342211936144,-0.4066816474867359,-0.004141070767302966,nan,nan,nan,nan
4761,1756792711.710055,,1756792711.710055,False,9.050990313441476,2.0647062382167087,-0.3721298598813047,-0.0037822425869737,nan,nan,nan,nan
4762,1756792711.720183,,1756792711.720183,False,9.052705582344606,2.0961288439699937,-0.38365789728956595,-0.0020309783154273,nan,nan,nan,nan
4763,1756792711.7300227,,1756792711.7300227,False,9.068307221378815,2.184865952311756,-0.4060609371325632,0.0008430324478382146,nan,nan,nan,nan
4764,1756792711.740016,,1756792711.740016,False,9.071547908249096,2.2254759980970666,-0.41083890932650297,0.0017906509436997969,nan,nan,nan,nan
4765,1756792711.7500737,,1756792711.7500737,False,9.09548399977515,2.313365245490746,-0.4325820301413461,0.005444548484009053,nan,nan,nan,nan
4766,1756792711.7600298,,1756792711.7600298,False,9.094359564734829,2.297388119819265,-0.41579577513507376,0.007241265554020346,nan,nan,nan,nan
4767,1756792711.770651,,1756792711.770651,False,9.104053093185072,2.301346287346401,-0.42519310440827623,0.009640684457008344,nan,nan,nan,nan
4768,1756792711.7800372,,1756792711.7800372,False,9.124437175622523,2.304303266862636,-0.4373828991201802,0.012644937052844956,nan,nan,nan,nan
4769,1756792711.7900326,,1756792711.7900326,False,9.150265333329923,2.30115163147089,-0.45674114266917254,0.015038587353667565,nan,nan,nan,nan
4770,1756792711.8001242,,1756792711.8001242,False,9.190548942914186,2.3240521164930428,-0.4744323630024396,0.01912863801301419,nan,nan,nan,nan
4771,1756792711.8100379,,1756792711.8100379,False,9.201682504965644,2.253712102937173,-0.45352546475451383,0.018947885751665106,nan,nan,nan,nan
4772,1756792711.8200924,,1756792711.8200924,False,9.229345513471275,2.2201154970301307,-0.4434391267685751,0.019861883345959522,nan,nan,nan,nan
4773,1756792711.830031,,1756792711.830031,False,9.201225124689854,2.076465048788307,-0.38533292087273735,0.01394685687483066,nan,nan,nan,nan
4774,1756792711.8400376,,1756792711.8400376,False,9.255929012952866,2.0869005427971263,-0.4355211864495432,0.021352020414780133,nan,nan,nan,nan
4775,1756792711.850028,,1756792711.850028,False,9.354308575075736,2.159457977898969,-0.508561300699996,0.033839923561063585,nan,nan,nan,nan
4776,1756792711.860032,,1756792711.860032,False,9.406291499619533,2.118730229840464,-0.5376475246968939,0.039655229969833235,nan,nan,nan,nan
4777,1756792711.8702385,,1756792711.8702385,False,9.419716993662407,2.012057484755375,-0.5332564383142706,0.0413611377972437,nan,nan,nan,nan
4778,1756792711.8800402,,1756792711.8800402,False,9.449471264967618,1.9392837130092349,-0.5231197723509998,0.04054291642409588,nan,nan,nan,nan
4779,1756792711.8900418,,1756792711.8900418,False,9.458639850589014,1.8452145569415719,-0.5279859217182225,0.04117983772434966,nan,nan,nan,nan
4780,1756792711.9000428,,1756792711.9000428,False,9.481786271227337,1.7623254705558355,-0.521521549759024,0.04124459055368439,nan,nan,nan,nan
4781,1756792711.9100387,,1756792711.9100387,False,9.49365727382927,1.670014916372583,-0.526804605305619,0.04471598649929585,nan,nan,nan,nan
4782,1756792711.9200392,,1756792711.9200392,False,9.510932382777417,1.6119527950007624,-0.5646459657312374,0.05432736467138294,nan,nan,nan,nan
4783,1756792711.93004,,1756792711.93004,False,9.515643517505037,1.5308914577881243,-0.5603896119331995,0.05625813796908427,nan,nan,nan,nan
4784,1756792711.940033,,1756792711.940033,False,9.526108701869768,1.4185871238565213,-0.5546568176470019,0.05534584903424446,nan,nan,nan,nan
4785,1756792711.950063,,1756792711.950063,False,9.543029593001396,1.3501852403862957,-0.5554044218411425,0.05787437816325773,nan,nan,nan,nan
4786,1756792711.9600413,,1756792711.9600413,False,9.530817580930504,1.2218619631160077,-0.5305249556999277,0.05419607314259049,nan,nan,nan,nan
4787,1756792711.9700372,,1756792711.9700372,False,9.54631291745171,1.1417466843187933,-0.5305179616664258,0.05581811928054336,nan,nan,nan,nan
4788,1756792711.980079,,1756792711.980079,False,9.549798614886468,1.0284439202700204,-0.5326084567519789,0.05775817699891435,nan,nan,nan,nan
4789,1756792711.9900477,,1756792711.9900477,False,9.532850759257839,0.9014304733721724,-0.5254447220521465,0.05555611607366988,nan,nan,nan,nan
4790,1756792712.0001338,,1756792712.0001338,False,9.53110514282576,0.8039195245586944,-0.5206527211534544,0.054383998949038524,nan,nan,nan,nan
4791,1756792712.0100498,,1756792712.0100498,False,9.540574358966346,0.6938275864825652,-0.5345494927308262,0.05563509661397364,nan,nan,nan,nan
4792,1756792712.0200684,,1756792712.0200684,False,9.537776443498768,0.5933767806082982,-0.532589847457911,0.05527351105498377,nan,nan,nan,nan
4793,1756792712.0300462,,1756792712.0300462,False,9.499473550870313,0.4317159465487458,-0.5027496907235287,0.04641508346651655,nan,nan,nan,nan
4794,1756792712.0400445,,1756792712.0400445,False,9.504288888435463,0.3104355891650522,-0.5238144914417648,0.04817345819105556,nan,nan,nan,nan
4795,1756792712.0500445,,1756792712.0500445,False,9.48451910831583,0.1784824083619912,-0.522651662591736,0.04596751078761359,nan,nan,nan,nan
4796,1756792712.0600216,,1756792712.0600216,False,9.451569135919208,0.03314222607904645,-0.5217981903300443,0.04328248419433601,nan,nan,nan,nan
4797,1756792712.0700538,,1756792712.0700538,False,9.416764930704389,-0.10945320445243785,-0.5122950310077118,0.03929624853726349,nan,nan,nan,nan
4798,1756792712.080037,,1756792712.080037,False,9.357324967245201,-0.2774004888413557,-0.4825956838657965,0.031621993999168416,nan,nan,nan,nan
4781,1756792711.9100387,,1756792711.9100387,False,9.49365727382927,1.670014916372583,-0.526804605305619,0.04471598649929585,nan,nan,nan,nan
4782,1756792711.9200392,,1756792711.9200392,False,9.510932382777417,1.6119527950007624,-0.5646459657312374,0.05432736467138294,nan,nan,nan,nan
4783,1756792711.93004,,1756792711.93004,False,9.515643517505037,1.5308914577881243,-0.5603896119331995,0.05625813796908427,nan,nan,nan,nan
4784,1756792711.940033,,1756792711.940033,False,9.526108701869768,1.4185871238565213,-0.5546568176470019,0.05534584903424446,nan,nan,nan,nan
4785,1756792711.950063,,1756792711.950063,False,9.543029593001396,1.3501852403862957,-0.5554044218411425,0.05787437816325773,nan,nan,nan,nan
4786,1756792711.9600413,,1756792711.9600413,False,9.530817580930504,1.2218619631160077,-0.5305249556999277,0.05419607314259049,nan,nan,nan,nan
4787,1756792711.9700372,,1756792711.9700372,False,9.54631291745171,1.1417466843187933,-0.5305179616664258,0.05581811928054336,nan,nan,nan,nan
4788,1756792711.980079,,1756792711.980079,False,9.549798614886468,1.0284439202700204,-0.5326084567519789,0.05775817699891435,nan,nan,nan,nan
4789,1756792711.9900477,,1756792711.9900477,False,9.532850759257839,0.9014304733721724,-0.5254447220521465,0.05555611607366988,nan,nan,nan,nan
4790,1756792712.0001338,,1756792712.0001338,False,9.53110514282576,0.8039195245586944,-0.5206527211534544,0.054383998949038524,nan,nan,nan,nan
4791,1756792712.0100498,,1756792712.0100498,False,9.540574358966346,0.6938275864825652,-0.5345494927308262,0.05563509661397364,nan,nan,nan,nan
4792,1756792712.0200684,,1756792712.0200684,False,9.537776443498768,0.5933767806082982,-0.532589847457911,0.05527351105498377,nan,nan,nan,nan
4793,1756792712.0300462,,1756792712.0300462,False,9.499473550870313,0.4317159465487458,-0.5027496907235287,0.04641508346651655,nan,nan,nan,nan
4794,1756792712.0400445,,1756792712.0400445,False,9.504288888435463,0.3104355891650522,-0.5238144914417648,0.04817345819105556,nan,nan,nan,nan
4795,1756792712.0500445,,1756792712.0500445,False,9.48451910831583,0.1784824083619912,-0.522651662591736,0.04596751078761359,nan,nan,nan,nan
4796,1756792712.0600216,,1756792712.0600216,False,9.451569135919208,0.03314222607904645,-0.5217981903300443,0.04328248419433601,nan,nan,nan,nan
4797,1756792712.0700538,,1756792712.0700538,False,9.416764930704389,-0.10945320445243785,-0.5122950310077118,0.03929624853726349,nan,nan,nan,nan
4798,1756792712.080037,,1756792712.080037,False,9.357324967245201,-0.2774004888413557,-0.4825956838657965,0.031621993999168416,nan,nan,nan,nan
4799,1756792712.0900466,,1756792712.0900466,False,9.338581255121003,-0.42563243842935633,-0.49374436449740405,0.03195649006170775,nan,nan,nan,nan
4800,1756792712.100041,,1756792712.100041,False,9.281701354435341,-0.5747957928145044,-0.49551139003167755,0.029737364307199997,nan,nan,nan,nan
4801,1756792712.1100464,,1756792712.1100464,False,9.228728163248814,-0.7520594482748921,-0.5043794476179633,0.027905560923697243,nan,nan,nan,nan
4802,1756792712.1200132,,1756792712.1200132,False,9.203122658817936,-0.9337508408998394,-0.5093174107431987,0.024725519318202972,nan,nan,nan,nan
4803,1756792712.130033,,1756792712.130033,False,9.1558315124345,-1.1172473602251027,-0.5166204772584234,0.02255053970060727,nan,nan,nan,nan
4804,1756792712.1400442,,1756792712.1400442,False,9.115413996283923,-1.3069623287380039,-0.5188793471890193,0.018219532250174062,nan,nan,nan,nan
4805,1756792712.150027,,1756792712.150027,False,9.06808965960416,-1.4948711391980278,-0.5261557058545318,0.014096726263777906,nan,nan,nan,nan
4806,1756792712.1600256,,1756792712.1600256,False,9.018304123782475,-1.687141173501244,-0.5341611104962991,0.01099610916354425,nan,nan,nan,nan
4807,1756792712.1703138,,1756792712.1703138,False,8.96634673656256,-1.8854359996767673,-0.5263818218974067,0.006389671425605063,nan,nan,nan,nan
4808,1756792712.1800349,,1756792712.1800349,False,8.929264634752903,-2.074828028483749,-0.519979647147896,0.0005532867146593195,nan,nan,nan,nan
4809,1756792712.1900342,,1756792712.1900342,False,8.901544063105677,-2.2519711518641454,-0.4956999552026626,-0.005245399362711167,nan,nan,nan,nan
4810,1756792712.2003415,,1756792712.2003415,False,8.915192704109383,-2.444579449880816,-0.5058550756125643,-0.007054819355084419,nan,nan,nan,nan
4811,1756792712.2100198,,1756792712.2100198,False,8.91052126824919,-2.6157920405931328,-0.5192988802799493,-0.009614070765300936,nan,nan,nan,nan
4812,1756792712.2200184,,1756792712.2200184,False,8.901560820881024,-2.7844953349191157,-0.5155505771059783,-0.01287374253837917,nan,nan,nan,nan
4813,1756792712.230044,,1756792712.230044,False,8.915254996296259,-2.9290651374787284,-0.5104708740684752,-0.016787382539577077,nan,nan,nan,nan
4814,1756792712.2400432,,1756792712.2400432,False,8.960468015123023,-3.0759609827965457,-0.5087540452462423,-0.020451066208647697,nan,nan,nan,nan
4815,1756792712.2500272,,1756792712.2500272,False,9.014748809568946,-3.2167970076052614,-0.5081714832910167,-0.02495055051018015,nan,nan,nan,nan
4816,1756792712.2600896,,1756792712.2600896,False,9.041174040543604,-3.2824565215736667,-0.4799064937405579,-0.028725396325597806,nan,nan,nan,nan
4817,1756792712.2700763,,1756792712.2700763,False,9.111171506611877,-3.3768958354298224,-0.4627144525445692,-0.03245016376416678,nan,nan,nan,nan
4818,1756792712.280052,,1756792712.280052,False,9.174480911764439,-3.4002629594061853,-0.43909094195143333,-0.0352502318604854,nan,nan,nan,nan
4819,1756792712.2900448,,1756792712.2900448,False,9.257925413252236,-3.428241745703471,-0.41525388059084156,-0.037732076373215094,nan,nan,nan,nan
4820,1756792712.3000424,,1756792712.3000424,False,9.372604439195664,-3.466549678914313,-0.40093684532623625,-0.03994749925925685,nan,nan,nan,nan
4821,1756792712.3100371,,1756792712.3100371,False,9.434051196893831,-3.4400534607443727,-0.38160023275994,-0.0413676713692909,nan,nan,nan,nan
4822,1756792712.3200555,,1756792712.3200555,False,9.544429747977635,-3.4548454058410845,-0.3622457516715412,-0.04313349985900088,nan,nan,nan,nan
4823,1756792712.3300483,,1756792712.3300483,False,9.653838739043236,-3.39724554897633,-0.3307120277811795,-0.04333226083532842,nan,nan,nan,nan
4824,1756792712.3400455,,1756792712.3400455,False,9.756697564259746,-3.2954873577386157,-0.30739418429528764,-0.042152518439813505,nan,nan,nan,nan
4825,1756792712.3500283,,1756792712.3500283,False,9.881218996555996,-3.238513888089626,-0.28399158200766245,-0.04148201101021566,nan,nan,nan,nan
4826,1756792712.3600323,,1756792712.3600323,False,9.960726248016867,-3.114592184768925,-0.2733805158621537,-0.04154269190350919,nan,nan,nan,nan
4827,1756792712.3700323,,1756792712.3700323,False,10.041354033977333,-2.980472474517695,-0.24345240355255054,-0.038680706414428404,nan,nan,nan,nan
4828,1756792712.380073,,1756792712.380073,False,10.18751120009968,-2.9001491348618362,-0.22253844010497723,-0.03648228426765642,nan,nan,nan,nan
4829,1756792712.390016,,1756792712.390016,False,10.258169757136177,-2.7510391329461235,-0.18761574121534125,-0.03151244657251148,nan,nan,nan,nan
4830,1756792712.4000347,,1756792712.4000347,False,10.34932096448872,-2.6333890991280486,-0.16724258874162284,-0.02817583486362705,nan,nan,nan,nan
4831,1756792712.4100673,,1756792712.4100673,False,10.418235071194083,-2.4794195355744897,-0.1236112479331839,-0.020972424015484447,nan,nan,nan,nan
4832,1756792712.4201436,,1756792712.4201436,False,10.505763069442486,-2.3613189126460568,-0.10970757054973136,-0.018486127753036045,nan,nan,nan,nan
4833,1756792712.4300332,,1756792712.4300332,False,10.591915924305102,-2.20457870663109,-0.062104439400274256,-0.009444996505818537,nan,nan,nan,nan
4834,1756792712.440028,,1756792712.440028,False,10.640239325109459,-2.0407684831755657,-0.026079033181231084,-0.0010434103430264172,nan,nan,nan,nan
4835,1756792712.4500337,,1756792712.4500337,False,10.696881601421833,-1.916453951816634,-0.016228563139665718,0.0019179184393160872,nan,nan,nan,nan
4836,1756792712.4600308,,1756792712.4600308,False,10.716504065768394,-1.7534852009698263,0.011708889903340075,0.008389652194359718,nan,nan,nan,nan
4837,1756792712.4700449,,1756792712.4700449,False,10.796120784497614,-1.6279925717078292,0.05283893800669533,0.017294601529111782,nan,nan,nan,nan
4838,1756792712.4800205,,1756792712.4800205,False,10.816086159796505,-1.4281465825788582,0.10457102119854969,0.023966505689889464,nan,nan,nan,nan
4839,1756792712.4900417,,1756792712.4900417,False,10.849861645815981,-1.2769997104133668,0.15351025471441226,0.038055775546573294,nan,nan,nan,nan
4840,1756792712.500035,,1756792712.500035,False,10.868470932486755,-1.123082865309593,0.1827089184373879,0.04242994335061041,nan,nan,nan,nan
4841,1756792712.5100353,,1756792712.5100353,False,10.856502728893664,-0.9831691204321501,0.20702538614979346,0.04825411207452524,nan,nan,nan,nan
4842,1756792712.5201478,,1756792712.5201478,False,10.85329715225252,-0.7840087537723794,0.26542691001514745,0.05790479691026574,nan,nan,nan,nan
4843,1756792712.5300221,,1756792712.5300221,False,10.856326964866163,-0.609178827994913,0.29156765289378006,0.059594353045411254,nan,nan,nan,nan
4844,1756792712.5400326,,1756792712.5400326,False,10.8515084678355,-0.4466782645529299,0.3609640188680049,0.07421159830767693,nan,nan,nan,nan
4845,1756792712.5500453,,1756792712.5500453,False,10.842568770779579,-0.2854131060009709,0.4266127821292697,0.08414486434348037,nan,nan,nan,nan
4846,1756792712.5600276,,1756792712.5600276,False,10.825814449371052,-0.08531273782930443,0.4967946560741927,0.09329311888360156,nan,nan,nan,nan
4847,1756792712.5700438,,1756792712.5700438,False,10.813716494207673,0.10600210807242869,0.5649293881557494,0.10255990177706292,nan,nan,nan,nan
4848,1756792712.5800612,,1756792712.5800612,False,10.851698762231361,0.19923476125493694,0.6338696445564629,0.11230312675746208,nan,nan,nan,nan
4849,1756792712.5900512,,1756792712.5900512,False,10.766578637687717,0.47771664520652046,0.6652045262600152,0.11320098547884529,nan,nan,nan,nan
4850,1756792712.6001031,,1756792712.6001031,False,10.755955797998288,0.6572038237182667,0.6969401438946212,0.11251646410775792,nan,nan,nan,nan
4851,1756792712.6100774,,1756792712.6100774,False,10.717965276768123,0.8467720924661595,0.7257476335993099,0.1146478607109097,nan,nan,nan,nan
4852,1756792712.6201334,,1756792712.6201334,False,10.707137993507715,1.0617319396586447,0.7882106586400863,0.1201621465561762,nan,nan,nan,nan
4853,1756792712.6300147,,1756792712.6300147,False,10.688507147748627,1.2182727517924177,0.82561767977535,0.12162969135559176,nan,nan,nan,nan
4854,1756792712.640063,,1756792712.640063,False,10.6957441133649,1.4181648131333395,0.9010697069994633,0.12820580457239275,nan,nan,nan,nan
4799,1756792712.0900466,,1756792712.0900466,False,9.338581255121003,-0.42563243842935633,-0.49374436449740405,0.03195649006170775,nan,nan,nan,nan
4800,1756792712.100041,,1756792712.100041,False,9.281701354435341,-0.5747957928145044,-0.49551139003167755,0.029737364307199997,nan,nan,nan,nan
4801,1756792712.1100464,,1756792712.1100464,False,9.228728163248814,-0.7520594482748921,-0.5043794476179633,0.027905560923697243,nan,nan,nan,nan
4802,1756792712.1200132,,1756792712.1200132,False,9.203122658817936,-0.9337508408998394,-0.5093174107431987,0.024725519318202972,nan,nan,nan,nan
4803,1756792712.130033,,1756792712.130033,False,9.1558315124345,-1.1172473602251027,-0.5166204772584234,0.02255053970060727,nan,nan,nan,nan
4804,1756792712.1400442,,1756792712.1400442,False,9.115413996283923,-1.3069623287380039,-0.5188793471890193,0.018219532250174062,nan,nan,nan,nan
4805,1756792712.150027,,1756792712.150027,False,9.06808965960416,-1.4948711391980278,-0.5261557058545318,0.014096726263777906,nan,nan,nan,nan
4806,1756792712.1600256,,1756792712.1600256,False,9.018304123782475,-1.687141173501244,-0.5341611104962991,0.01099610916354425,nan,nan,nan,nan
4807,1756792712.1703138,,1756792712.1703138,False,8.96634673656256,-1.8854359996767673,-0.5263818218974067,0.006389671425605063,nan,nan,nan,nan
4808,1756792712.1800349,,1756792712.1800349,False,8.929264634752903,-2.074828028483749,-0.519979647147896,0.0005532867146593195,nan,nan,nan,nan
4809,1756792712.1900342,,1756792712.1900342,False,8.901544063105677,-2.2519711518641454,-0.4956999552026626,-0.005245399362711167,nan,nan,nan,nan
4810,1756792712.2003415,,1756792712.2003415,False,8.915192704109383,-2.444579449880816,-0.5058550756125643,-0.007054819355084419,nan,nan,nan,nan
4811,1756792712.2100198,,1756792712.2100198,False,8.91052126824919,-2.6157920405931328,-0.5192988802799493,-0.009614070765300936,nan,nan,nan,nan
4812,1756792712.2200184,,1756792712.2200184,False,8.901560820881024,-2.7844953349191157,-0.5155505771059783,-0.01287374253837917,nan,nan,nan,nan
4813,1756792712.230044,,1756792712.230044,False,8.915254996296259,-2.9290651374787284,-0.5104708740684752,-0.016787382539577077,nan,nan,nan,nan
4814,1756792712.2400432,,1756792712.2400432,False,8.960468015123023,-3.0759609827965457,-0.5087540452462423,-0.020451066208647697,nan,nan,nan,nan
4815,1756792712.2500272,,1756792712.2500272,False,9.014748809568946,-3.2167970076052614,-0.5081714832910167,-0.02495055051018015,nan,nan,nan,nan
4816,1756792712.2600896,,1756792712.2600896,False,9.041174040543604,-3.2824565215736667,-0.4799064937405579,-0.028725396325597806,nan,nan,nan,nan
4817,1756792712.2700763,,1756792712.2700763,False,9.111171506611877,-3.3768958354298224,-0.4627144525445692,-0.03245016376416678,nan,nan,nan,nan
4818,1756792712.280052,,1756792712.280052,False,9.174480911764439,-3.4002629594061853,-0.43909094195143333,-0.0352502318604854,nan,nan,nan,nan
4819,1756792712.2900448,,1756792712.2900448,False,9.257925413252236,-3.428241745703471,-0.41525388059084156,-0.037732076373215094,nan,nan,nan,nan
4820,1756792712.3000424,,1756792712.3000424,False,9.372604439195664,-3.466549678914313,-0.40093684532623625,-0.03994749925925685,nan,nan,nan,nan
4821,1756792712.3100371,,1756792712.3100371,False,9.434051196893831,-3.4400534607443727,-0.38160023275994,-0.0413676713692909,nan,nan,nan,nan
4822,1756792712.3200555,,1756792712.3200555,False,9.544429747977635,-3.4548454058410845,-0.3622457516715412,-0.04313349985900088,nan,nan,nan,nan
4823,1756792712.3300483,,1756792712.3300483,False,9.653838739043236,-3.39724554897633,-0.3307120277811795,-0.04333226083532842,nan,nan,nan,nan
4824,1756792712.3400455,,1756792712.3400455,False,9.756697564259746,-3.2954873577386157,-0.30739418429528764,-0.042152518439813505,nan,nan,nan,nan
4825,1756792712.3500283,,1756792712.3500283,False,9.881218996555996,-3.238513888089626,-0.28399158200766245,-0.04148201101021566,nan,nan,nan,nan
4826,1756792712.3600323,,1756792712.3600323,False,9.960726248016867,-3.114592184768925,-0.2733805158621537,-0.04154269190350919,nan,nan,nan,nan
4827,1756792712.3700323,,1756792712.3700323,False,10.041354033977333,-2.980472474517695,-0.24345240355255054,-0.038680706414428404,nan,nan,nan,nan
4828,1756792712.380073,,1756792712.380073,False,10.18751120009968,-2.9001491348618362,-0.22253844010497723,-0.03648228426765642,nan,nan,nan,nan
4829,1756792712.390016,,1756792712.390016,False,10.258169757136177,-2.7510391329461235,-0.18761574121534125,-0.03151244657251148,nan,nan,nan,nan
4830,1756792712.4000347,,1756792712.4000347,False,10.34932096448872,-2.6333890991280486,-0.16724258874162284,-0.02817583486362705,nan,nan,nan,nan
4831,1756792712.4100673,,1756792712.4100673,False,10.418235071194083,-2.4794195355744897,-0.1236112479331839,-0.020972424015484447,nan,nan,nan,nan
4832,1756792712.4201436,,1756792712.4201436,False,10.505763069442486,-2.3613189126460568,-0.10970757054973136,-0.018486127753036045,nan,nan,nan,nan
4833,1756792712.4300332,,1756792712.4300332,False,10.591915924305102,-2.20457870663109,-0.062104439400274256,-0.009444996505818537,nan,nan,nan,nan
4834,1756792712.440028,,1756792712.440028,False,10.640239325109459,-2.0407684831755657,-0.026079033181231084,-0.0010434103430264172,nan,nan,nan,nan
4835,1756792712.4500337,,1756792712.4500337,False,10.696881601421833,-1.916453951816634,-0.016228563139665718,0.0019179184393160872,nan,nan,nan,nan
4836,1756792712.4600308,,1756792712.4600308,False,10.716504065768394,-1.7534852009698263,0.011708889903340075,0.008389652194359718,nan,nan,nan,nan
4837,1756792712.4700449,,1756792712.4700449,False,10.796120784497614,-1.6279925717078292,0.05283893800669533,0.017294601529111782,nan,nan,nan,nan
4838,1756792712.4800205,,1756792712.4800205,False,10.816086159796505,-1.4281465825788582,0.10457102119854969,0.023966505689889464,nan,nan,nan,nan
4839,1756792712.4900417,,1756792712.4900417,False,10.849861645815981,-1.2769997104133668,0.15351025471441226,0.038055775546573294,nan,nan,nan,nan
4840,1756792712.500035,,1756792712.500035,False,10.868470932486755,-1.123082865309593,0.1827089184373879,0.04242994335061041,nan,nan,nan,nan
4841,1756792712.5100353,,1756792712.5100353,False,10.856502728893664,-0.9831691204321501,0.20702538614979346,0.04825411207452524,nan,nan,nan,nan
4842,1756792712.5201478,,1756792712.5201478,False,10.85329715225252,-0.7840087537723794,0.26542691001514745,0.05790479691026574,nan,nan,nan,nan
4843,1756792712.5300221,,1756792712.5300221,False,10.856326964866163,-0.609178827994913,0.29156765289378006,0.059594353045411254,nan,nan,nan,nan
4844,1756792712.5400326,,1756792712.5400326,False,10.8515084678355,-0.4466782645529299,0.3609640188680049,0.07421159830767693,nan,nan,nan,nan
4845,1756792712.5500453,,1756792712.5500453,False,10.842568770779579,-0.2854131060009709,0.4266127821292697,0.08414486434348037,nan,nan,nan,nan
4846,1756792712.5600276,,1756792712.5600276,False,10.825814449371052,-0.08531273782930443,0.4967946560741927,0.09329311888360156,nan,nan,nan,nan
4847,1756792712.5700438,,1756792712.5700438,False,10.813716494207673,0.10600210807242869,0.5649293881557494,0.10255990177706292,nan,nan,nan,nan
4848,1756792712.5800612,,1756792712.5800612,False,10.851698762231361,0.19923476125493694,0.6338696445564629,0.11230312675746208,nan,nan,nan,nan
4849,1756792712.5900512,,1756792712.5900512,False,10.766578637687717,0.47771664520652046,0.6652045262600152,0.11320098547884529,nan,nan,nan,nan
4850,1756792712.6001031,,1756792712.6001031,False,10.755955797998288,0.6572038237182667,0.6969401438946212,0.11251646410775792,nan,nan,nan,nan
4851,1756792712.6100774,,1756792712.6100774,False,10.717965276768123,0.8467720924661595,0.7257476335993099,0.1146478607109097,nan,nan,nan,nan
4852,1756792712.6201334,,1756792712.6201334,False,10.707137993507715,1.0617319396586447,0.7882106586400863,0.1201621465561762,nan,nan,nan,nan
4853,1756792712.6300147,,1756792712.6300147,False,10.688507147748627,1.2182727517924177,0.82561767977535,0.12162969135559176,nan,nan,nan,nan
4854,1756792712.640063,,1756792712.640063,False,10.6957441133649,1.4181648131333395,0.9010697069994633,0.12820580457239275,nan,nan,nan,nan
4855,1756792712.6502128,,1756792712.6502128,False,10.710201499648743,1.5971912261674668,0.9523295699634551,0.12906478378618755,nan,nan,nan,nan
4856,1756792712.6600199,,1756792712.6600199,False,10.726511954515228,1.7362828064349487,0.9748252770496088,0.1279657229752195,nan,nan,nan,nan
4857,1756792712.6700206,,1756792712.6700206,False,10.746337897167558,1.9254646592454312,1.019840220650918,0.12387734993107424,nan,nan,nan,nan
4858,1756792712.6800237,,1756792712.6800237,False,10.778768518252532,2.0078007025437703,1.0208507570930148,0.12289654748603916,nan,nan,nan,nan
4859,1756792712.690272,,1756792712.690272,False,10.811787750467623,2.167619257538762,1.0372532502664458,0.11620388286651964,nan,nan,nan,nan
4860,1756792712.7000315,,1756792712.7000315,False,10.876371934692427,2.308695820169347,1.0922379668665112,0.11403694825797384,nan,nan,nan,nan
4861,1756792712.7100203,,1756792712.7100203,False,10.951025097269065,2.399903173890275,1.1300019268607486,0.11090363189953564,nan,nan,nan,nan
4862,1756792712.7202168,,1756792712.7202168,False,11.005405186678974,2.5252829684305462,1.0991983743239822,0.09777248058272052,nan,nan,nan,nan
4863,1756792712.7300277,,1756792712.7300277,False,11.06833049229397,2.596325781985016,1.0977136314761955,0.09136312059583272,nan,nan,nan,nan
4864,1756792712.7400093,,1756792712.7400093,False,11.129019412470853,2.583034083943156,1.095105866279787,0.0883685339412007,nan,nan,nan,nan
4865,1756792712.7500265,,1756792712.7500265,False,11.23002757449119,2.6367881224487366,1.1185618326254247,0.08089915471577241,nan,nan,nan,nan
4866,1756792712.760027,,1756792712.760027,False,11.335777597535023,2.691925451069503,1.1358230551146256,0.0713319078449234,nan,nan,nan,nan
4867,1756792712.770084,,1756792712.770084,False,11.41951630065224,2.7178243178962354,1.1198546936235148,0.06127561970741958,nan,nan,nan,nan
4868,1756792712.7800448,,1756792712.7800448,False,11.542196371259386,2.7646658142835694,1.137060018311006,0.05078166489958093,nan,nan,nan,nan
4869,1756792712.7900288,,1756792712.7900288,False,11.605512301748272,2.7779603620233493,1.0947140045202357,0.03920083412621744,nan,nan,nan,nan
4870,1756792712.8000245,,1756792712.8000245,False,11.742885160556115,2.792555979027041,1.100706548837589,0.030626525814099043,nan,nan,nan,nan
4855,1756792712.6502128,,1756792712.6502128,False,10.710201499648743,1.5971912261674668,0.9523295699634551,0.12906478378618755,nan,nan,nan,nan
4856,1756792712.6600199,,1756792712.6600199,False,10.726511954515228,1.7362828064349487,0.9748252770496088,0.1279657229752195,nan,nan,nan,nan
4857,1756792712.6700206,,1756792712.6700206,False,10.746337897167558,1.9254646592454312,1.019840220650918,0.12387734993107424,nan,nan,nan,nan
4858,1756792712.6800237,,1756792712.6800237,False,10.778768518252532,2.0078007025437703,1.0208507570930148,0.12289654748603916,nan,nan,nan,nan
4859,1756792712.690272,,1756792712.690272,False,10.811787750467623,2.167619257538762,1.0372532502664458,0.11620388286651964,nan,nan,nan,nan
4860,1756792712.7000315,,1756792712.7000315,False,10.876371934692427,2.308695820169347,1.0922379668665112,0.11403694825797384,nan,nan,nan,nan
4861,1756792712.7100203,,1756792712.7100203,False,10.951025097269065,2.399903173890275,1.1300019268607486,0.11090363189953564,nan,nan,nan,nan
4862,1756792712.7202168,,1756792712.7202168,False,11.005405186678974,2.5252829684305462,1.0991983743239822,0.09777248058272052,nan,nan,nan,nan
4863,1756792712.7300277,,1756792712.7300277,False,11.06833049229397,2.596325781985016,1.0977136314761955,0.09136312059583272,nan,nan,nan,nan
4864,1756792712.7400093,,1756792712.7400093,False,11.129019412470853,2.583034083943156,1.095105866279787,0.0883685339412007,nan,nan,nan,nan
4865,1756792712.7500265,,1756792712.7500265,False,11.23002757449119,2.6367881224487366,1.1185618326254247,0.08089915471577241,nan,nan,nan,nan
4866,1756792712.760027,,1756792712.760027,False,11.335777597535023,2.691925451069503,1.1358230551146256,0.0713319078449234,nan,nan,nan,nan
4867,1756792712.770084,,1756792712.770084,False,11.41951630065224,2.7178243178962354,1.1198546936235148,0.06127561970741958,nan,nan,nan,nan
4868,1756792712.7800448,,1756792712.7800448,False,11.542196371259386,2.7646658142835694,1.137060018311006,0.05078166489958093,nan,nan,nan,nan
4869,1756792712.7900288,,1756792712.7900288,False,11.605512301748272,2.7779603620233493,1.0947140045202357,0.03920083412621744,nan,nan,nan,nan
4870,1756792712.8000245,,1756792712.8000245,False,11.742885160556115,2.792555979027041,1.100706548837589,0.030626525814099043,nan,nan,nan,nan
4799,1756792712.0900466,,1756792712.0900466,False,9.338581255121003,-0.42563243842935633,-0.49374436449740405,0.03195649006170775,nan,nan,nan,nan
4800,1756792712.100041,,1756792712.100041,False,9.281701354435341,-0.5747957928145044,-0.49551139003167755,0.029737364307199997,nan,nan,nan,nan
4801,1756792712.1100464,,1756792712.1100464,False,9.228728163248814,-0.7520594482748921,-0.5043794476179633,0.027905560923697243,nan,nan,nan,nan
4802,1756792712.1200132,,1756792712.1200132,False,9.203122658817936,-0.9337508408998394,-0.5093174107431987,0.024725519318202972,nan,nan,nan,nan
4803,1756792712.130033,,1756792712.130033,False,9.1558315124345,-1.1172473602251027,-0.5166204772584234,0.02255053970060727,nan,nan,nan,nan
4804,1756792712.1400442,,1756792712.1400442,False,9.115413996283923,-1.3069623287380039,-0.5188793471890193,0.018219532250174062,nan,nan,nan,nan
4805,1756792712.150027,,1756792712.150027,False,9.06808965960416,-1.4948711391980278,-0.5261557058545318,0.014096726263777906,nan,nan,nan,nan
4806,1756792712.1600256,,1756792712.1600256,False,9.018304123782475,-1.687141173501244,-0.5341611104962991,0.01099610916354425,nan,nan,nan,nan
4807,1756792712.1703138,,1756792712.1703138,False,8.96634673656256,-1.8854359996767673,-0.5263818218974067,0.006389671425605063,nan,nan,nan,nan
4808,1756792712.1800349,,1756792712.1800349,False,8.929264634752903,-2.074828028483749,-0.519979647147896,0.0005532867146593195,nan,nan,nan,nan
4809,1756792712.1900342,,1756792712.1900342,False,8.901544063105677,-2.2519711518641454,-0.4956999552026626,-0.005245399362711167,nan,nan,nan,nan
4810,1756792712.2003415,,1756792712.2003415,False,8.915192704109383,-2.444579449880816,-0.5058550756125643,-0.007054819355084419,nan,nan,nan,nan
4811,1756792712.2100198,,1756792712.2100198,False,8.91052126824919,-2.6157920405931328,-0.5192988802799493,-0.009614070765300936,nan,nan,nan,nan
4812,1756792712.2200184,,1756792712.2200184,False,8.901560820881024,-2.7844953349191157,-0.5155505771059783,-0.01287374253837917,nan,nan,nan,nan
4813,1756792712.230044,,1756792712.230044,False,8.915254996296259,-2.9290651374787284,-0.5104708740684752,-0.016787382539577077,nan,nan,nan,nan
4814,1756792712.2400432,,1756792712.2400432,False,8.960468015123023,-3.0759609827965457,-0.5087540452462423,-0.020451066208647697,nan,nan,nan,nan
4815,1756792712.2500272,,1756792712.2500272,False,9.014748809568946,-3.2167970076052614,-0.5081714832910167,-0.02495055051018015,nan,nan,nan,nan
4816,1756792712.2600896,,1756792712.2600896,False,9.041174040543604,-3.2824565215736667,-0.4799064937405579,-0.028725396325597806,nan,nan,nan,nan
4817,1756792712.2700763,,1756792712.2700763,False,9.111171506611877,-3.3768958354298224,-0.4627144525445692,-0.03245016376416678,nan,nan,nan,nan
4818,1756792712.280052,,1756792712.280052,False,9.174480911764439,-3.4002629594061853,-0.43909094195143333,-0.0352502318604854,nan,nan,nan,nan
4819,1756792712.2900448,,1756792712.2900448,False,9.257925413252236,-3.428241745703471,-0.41525388059084156,-0.037732076373215094,nan,nan,nan,nan
4820,1756792712.3000424,,1756792712.3000424,False,9.372604439195664,-3.466549678914313,-0.40093684532623625,-0.03994749925925685,nan,nan,nan,nan
4821,1756792712.3100371,,1756792712.3100371,False,9.434051196893831,-3.4400534607443727,-0.38160023275994,-0.0413676713692909,nan,nan,nan,nan
4822,1756792712.3200555,,1756792712.3200555,False,9.544429747977635,-3.4548454058410845,-0.3622457516715412,-0.04313349985900088,nan,nan,nan,nan
4823,1756792712.3300483,,1756792712.3300483,False,9.653838739043236,-3.39724554897633,-0.3307120277811795,-0.04333226083532842,nan,nan,nan,nan
4824,1756792712.3400455,,1756792712.3400455,False,9.756697564259746,-3.2954873577386157,-0.30739418429528764,-0.042152518439813505,nan,nan,nan,nan
4825,1756792712.3500283,,1756792712.3500283,False,9.881218996555996,-3.238513888089626,-0.28399158200766245,-0.04148201101021566,nan,nan,nan,nan
4826,1756792712.3600323,,1756792712.3600323,False,9.960726248016867,-3.114592184768925,-0.2733805158621537,-0.04154269190350919,nan,nan,nan,nan
4827,1756792712.3700323,,1756792712.3700323,False,10.041354033977333,-2.980472474517695,-0.24345240355255054,-0.038680706414428404,nan,nan,nan,nan
4828,1756792712.380073,,1756792712.380073,False,10.18751120009968,-2.9001491348618362,-0.22253844010497723,-0.03648228426765642,nan,nan,nan,nan
4829,1756792712.390016,,1756792712.390016,False,10.258169757136177,-2.7510391329461235,-0.18761574121534125,-0.03151244657251148,nan,nan,nan,nan
4830,1756792712.4000347,,1756792712.4000347,False,10.34932096448872,-2.6333890991280486,-0.16724258874162284,-0.02817583486362705,nan,nan,nan,nan
4831,1756792712.4100673,,1756792712.4100673,False,10.418235071194083,-2.4794195355744897,-0.1236112479331839,-0.020972424015484447,nan,nan,nan,nan
4832,1756792712.4201436,,1756792712.4201436,False,10.505763069442486,-2.3613189126460568,-0.10970757054973136,-0.018486127753036045,nan,nan,nan,nan
4833,1756792712.4300332,,1756792712.4300332,False,10.591915924305102,-2.20457870663109,-0.062104439400274256,-0.009444996505818537,nan,nan,nan,nan
4834,1756792712.440028,,1756792712.440028,False,10.640239325109459,-2.0407684831755657,-0.026079033181231084,-0.0010434103430264172,nan,nan,nan,nan
4835,1756792712.4500337,,1756792712.4500337,False,10.696881601421833,-1.916453951816634,-0.016228563139665718,0.0019179184393160872,nan,nan,nan,nan
4836,1756792712.4600308,,1756792712.4600308,False,10.716504065768394,-1.7534852009698263,0.011708889903340075,0.008389652194359718,nan,nan,nan,nan
4837,1756792712.4700449,,1756792712.4700449,False,10.796120784497614,-1.6279925717078292,0.05283893800669533,0.017294601529111782,nan,nan,nan,nan
4838,1756792712.4800205,,1756792712.4800205,False,10.816086159796505,-1.4281465825788582,0.10457102119854969,0.023966505689889464,nan,nan,nan,nan
4839,1756792712.4900417,,1756792712.4900417,False,10.849861645815981,-1.2769997104133668,0.15351025471441226,0.038055775546573294,nan,nan,nan,nan
4840,1756792712.500035,,1756792712.500035,False,10.868470932486755,-1.123082865309593,0.1827089184373879,0.04242994335061041,nan,nan,nan,nan
4841,1756792712.5100353,,1756792712.5100353,False,10.856502728893664,-0.9831691204321501,0.20702538614979346,0.04825411207452524,nan,nan,nan,nan
4842,1756792712.5201478,,1756792712.5201478,False,10.85329715225252,-0.7840087537723794,0.26542691001514745,0.05790479691026574,nan,nan,nan,nan
4843,1756792712.5300221,,1756792712.5300221,False,10.856326964866163,-0.609178827994913,0.29156765289378006,0.059594353045411254,nan,nan,nan,nan
4844,1756792712.5400326,,1756792712.5400326,False,10.8515084678355,-0.4466782645529299,0.3609640188680049,0.07421159830767693,nan,nan,nan,nan
4845,1756792712.5500453,,1756792712.5500453,False,10.842568770779579,-0.2854131060009709,0.4266127821292697,0.08414486434348037,nan,nan,nan,nan
4846,1756792712.5600276,,1756792712.5600276,False,10.825814449371052,-0.08531273782930443,0.4967946560741927,0.09329311888360156,nan,nan,nan,nan
4847,1756792712.5700438,,1756792712.5700438,False,10.813716494207673,0.10600210807242869,0.5649293881557494,0.10255990177706292,nan,nan,nan,nan
4848,1756792712.5800612,,1756792712.5800612,False,10.851698762231361,0.19923476125493694,0.6338696445564629,0.11230312675746208,nan,nan,nan,nan
4849,1756792712.5900512,,1756792712.5900512,False,10.766578637687717,0.47771664520652046,0.6652045262600152,0.11320098547884529,nan,nan,nan,nan
4850,1756792712.6001031,,1756792712.6001031,False,10.755955797998288,0.6572038237182667,0.6969401438946212,0.11251646410775792,nan,nan,nan,nan
4851,1756792712.6100774,,1756792712.6100774,False,10.717965276768123,0.8467720924661595,0.7257476335993099,0.1146478607109097,nan,nan,nan,nan
4852,1756792712.6201334,,1756792712.6201334,False,10.707137993507715,1.0617319396586447,0.7882106586400863,0.1201621465561762,nan,nan,nan,nan
4853,1756792712.6300147,,1756792712.6300147,False,10.688507147748627,1.2182727517924177,0.82561767977535,0.12162969135559176,nan,nan,nan,nan
4854,1756792712.640063,,1756792712.640063,False,10.6957441133649,1.4181648131333395,0.9010697069994633,0.12820580457239275,nan,nan,nan,nan
4855,1756792712.6502128,,1756792712.6502128,False,10.710201499648743,1.5971912261674668,0.9523295699634551,0.12906478378618755,nan,nan,nan,nan
4856,1756792712.6600199,,1756792712.6600199,False,10.726511954515228,1.7362828064349487,0.9748252770496088,0.1279657229752195,nan,nan,nan,nan
4857,1756792712.6700206,,1756792712.6700206,False,10.746337897167558,1.9254646592454312,1.019840220650918,0.12387734993107424,nan,nan,nan,nan
4858,1756792712.6800237,,1756792712.6800237,False,10.778768518252532,2.0078007025437703,1.0208507570930148,0.12289654748603916,nan,nan,nan,nan
4859,1756792712.690272,,1756792712.690272,False,10.811787750467623,2.167619257538762,1.0372532502664458,0.11620388286651964,nan,nan,nan,nan
4860,1756792712.7000315,,1756792712.7000315,False,10.876371934692427,2.308695820169347,1.0922379668665112,0.11403694825797384,nan,nan,nan,nan
4861,1756792712.7100203,,1756792712.7100203,False,10.951025097269065,2.399903173890275,1.1300019268607486,0.11090363189953564,nan,nan,nan,nan
4862,1756792712.7202168,,1756792712.7202168,False,11.005405186678974,2.5252829684305462,1.0991983743239822,0.09777248058272052,nan,nan,nan,nan
4863,1756792712.7300277,,1756792712.7300277,False,11.06833049229397,2.596325781985016,1.0977136314761955,0.09136312059583272,nan,nan,nan,nan
4864,1756792712.7400093,,1756792712.7400093,False,11.129019412470853,2.583034083943156,1.095105866279787,0.0883685339412007,nan,nan,nan,nan
4865,1756792712.7500265,,1756792712.7500265,False,11.23002757449119,2.6367881224487366,1.1185618326254247,0.08089915471577241,nan,nan,nan,nan
4866,1756792712.760027,,1756792712.760027,False,11.335777597535023,2.691925451069503,1.1358230551146256,0.0713319078449234,nan,nan,nan,nan
4867,1756792712.770084,,1756792712.770084,False,11.41951630065224,2.7178243178962354,1.1198546936235148,0.06127561970741958,nan,nan,nan,nan
4868,1756792712.7800448,,1756792712.7800448,False,11.542196371259386,2.7646658142835694,1.137060018311006,0.05078166489958093,nan,nan,nan,nan
4869,1756792712.7900288,,1756792712.7900288,False,11.605512301748272,2.7779603620233493,1.0947140045202357,0.03920083412621744,nan,nan,nan,nan
4870,1756792712.8000245,,1756792712.8000245,False,11.742885160556115,2.792555979027041,1.100706548837589,0.030626525814099043,nan,nan,nan,nan
4873,1756792712.8300695,,1756792712.8300695,False,11.997248846620435,2.7241095248775697,1.0149354500841479,0.00290594197523264,nan,nan,nan,nan
4874,1756792712.8400123,,1756792712.8400123,False,12.134584608626282,2.7344644212878584,1.029829257531278,-0.00944228392832409,nan,nan,nan,nan
4875,1756792712.8501532,,1756792712.8501532,False,12.28127327182151,2.7532560859452313,1.0294699494060426,-0.022241465291545488,nan,nan,nan,nan
4876,1756792712.8600574,,1756792712.8600574,False,12.372552294354472,2.7177811668251866,1.0049699217594137,-0.030466640772595487,nan,nan,nan,nan
4877,1756792712.8703198,,1756792712.8703198,False,12.46679443853157,2.666889764417637,0.9741843366986681,-0.03768671527377389,nan,nan,nan,nan
4878,1756792712.8800359,,1756792712.8800359,False,12.569352706506768,2.6260230579227004,0.9375272740177717,-0.04220928611214372,nan,nan,nan,nan
4879,1756792712.8901026,,1756792712.8901026,False,12.680768271750159,2.5996714989532257,0.9456064272071499,-0.0525730466942295,nan,nan,nan,nan
4880,1756792712.900031,,1756792712.900031,False,12.816828878314109,2.5765360976856737,0.9290933502945056,-0.06034248057318232,nan,nan,nan,nan
4881,1756792712.9100258,,1756792712.9100258,False,12.8832692483932,2.5115164311976064,0.8863931489568512,-0.06397075298170293,nan,nan,nan,nan
4882,1756792712.920064,,1756792712.920064,False,13.051019062958199,2.4783027450755575,0.8903400456798344,-0.07364058504346371,nan,nan,nan,nan
4883,1756792712.9300375,,1756792712.9300375,False,13.143775528923292,2.3952466498828016,0.8607828217422033,-0.07652990681862946,nan,nan,nan,nan
4884,1756792712.940035,,1756792712.940035,False,13.305909933976455,2.353808477241717,0.8476130720942062,-0.08463750336773711,nan,nan,nan,nan
4885,1756792712.950056,,1756792712.950056,False,13.384283915715443,2.2485711631625747,0.802279396149392,-0.08405931525231666,nan,nan,nan,nan
4886,1756792712.9600673,,1756792712.9600673,False,13.502348543902224,2.167621639754159,0.7962972968089486,-0.08944481088169463,nan,nan,nan,nan
4887,1756792712.9700422,,1756792712.9700422,False,13.577936068453477,2.0654316766778518,0.7562414176990838,-0.08696033480861363,nan,nan,nan,nan
4888,1756792712.980048,,1756792712.980048,False,13.681769795800877,1.9908075970634567,0.7206820731381209,-0.08614500758285729,nan,nan,nan,nan
4889,1756792712.9900491,,1756792712.9900491,False,13.721670189343074,1.8708515584822825,0.6532888795762766,-0.07770716621260104,nan,nan,nan,nan
4890,1756792713.0001967,,1756792713.0001967,False,13.840490725118197,1.7972814708141538,0.6348481477806446,-0.0790508270338381,nan,nan,nan,nan
4891,1756792713.0100353,,1756792713.0100353,False,13.91077668485762,1.7044874523648659,0.595623235670722,-0.07772953699895689,nan,nan,nan,nan
4892,1756792713.020086,,1756792713.020086,False,13.960968118318076,1.5912624656116674,0.528761242945349,-0.06768914639600515,nan,nan,nan,nan
4893,1756792713.0300438,,1756792713.0300438,False,14.05793098114431,1.5150440760444437,0.4997675526109198,-0.06514186255247251,nan,nan,nan,nan
4894,1756792713.0400417,,1756792713.0400417,False,14.092348811510217,1.416513638116383,0.47333017701551333,-0.06042777973475741,nan,nan,nan,nan
4895,1756792713.050037,,1756792713.050037,False,14.165420693540153,1.347363573618337,0.4499253824581971,-0.056292013058100894,nan,nan,nan,nan
4896,1756792713.0600364,,1756792713.0600364,False,14.180654274739071,1.2488433205211924,0.42263601266325534,-0.049703989529975054,nan,nan,nan,nan
4897,1756792713.0700428,,1756792713.0700428,False,14.191611706698989,1.164323479151996,0.3992132627054724,-0.04258452389102687,nan,nan,nan,nan
4898,1756792713.080039,,1756792713.080039,False,14.236128156818769,1.1017807885905666,0.35980304595646023,-0.03163855995824651,nan,nan,nan,nan
4899,1756792713.0900402,,1756792713.0900402,False,14.27123751174949,1.0439801799595334,0.3406559956032497,-0.025841288564014665,nan,nan,nan,nan
4900,1756792713.1000638,,1756792713.1000638,False,14.282817038469618,0.9521277603517221,0.2965764330059125,-0.013991070743466701,nan,nan,nan,nan
4901,1756792713.1100478,,1756792713.1100478,False,14.266453819015737,0.8641902819057059,0.2978699609769684,-0.011719067863571107,nan,nan,nan,nan
4902,1756792713.1201866,,1756792713.1201866,False,14.251032831794106,0.7911225876841985,0.28095605630834963,-0.006113476349129897,nan,nan,nan,nan
4903,1756792713.13003,,1756792713.13003,False,14.263544310681484,0.7360007298737491,0.25337154539497997,0.002128947517056135,nan,nan,nan,nan
4904,1756792713.1401129,,1756792713.1401129,False,14.25969193535147,0.6797903454828441,0.24208907045074943,0.006505208773493016,nan,nan,nan,nan
4905,1756792713.1500216,,1756792713.1500216,False,14.220519845425562,0.5905693061777773,0.21853084962593522,0.01412350589314936,nan,nan,nan,nan
4906,1756792713.1600416,,1756792713.1600416,False,14.176393387000335,0.5075763089290702,0.19174344147918151,0.02216569836849154,nan,nan,nan,nan
4907,1756792713.1700244,,1756792713.1700244,False,14.135091032740862,0.43673346956467946,0.16021801203963518,0.031260213496581785,nan,nan,nan,nan
4908,1756792713.1800513,,1756792713.1800513,False,14.125224437198348,0.380748820621293,0.131571142200087,0.03862109442683938,nan,nan,nan,nan
4909,1756792713.1900575,,1756792713.1900575,False,14.087274301420743,0.3036040818937564,0.10318227063472327,0.04441531495120302,nan,nan,nan,nan
4910,1756792713.2000353,,1756792713.2000353,False,14.038351841082557,0.2390649780236436,0.08358507815391239,0.04876437435924787,nan,nan,nan,nan
4911,1756792713.210073,,1756792713.210073,False,13.959715796453029,0.14697206606535312,0.060921416130811694,0.05025320582922188,nan,nan,nan,nan
4912,1756792713.2200267,,1756792713.2200267,False,13.905004983599046,0.06525379878427873,0.03731252260982557,0.05217245580325878,nan,nan,nan,nan
4913,1756792713.2300868,,1756792713.2300868,False,13.842462149539697,0.020989313801507415,-0.0003911724512974754,0.056732076556475046,nan,nan,nan,nan
4914,1756792713.2401674,,1756792713.2401674,False,13.801713352865123,-0.0325279627309948,-0.03851231431863512,0.06205950387102655,nan,nan,nan,nan
4915,1756792713.2500281,,1756792713.2500281,False,13.719382022342664,-0.09675260646705396,-0.059060353382525486,0.06288130364939057,nan,nan,nan,nan
4916,1756792713.260026,,1756792713.260026,False,13.651566470053048,-0.1607227460954431,-0.0897882662134892,0.06608265455178279,nan,nan,nan,nan
4917,1756792713.27011,,1756792713.27011,False,13.551270790128015,-0.24367424152866982,-0.10854741332693045,0.06771120200548794,nan,nan,nan,nan
4918,1756792713.2800522,,1756792713.2800522,False,13.4815870312679,-0.2906325381531543,-0.13004682750947683,0.0705149839641961,nan,nan,nan,nan
4919,1756792713.2902224,,1756792713.2902224,False,13.323841950072284,-0.38656387974603473,-0.14453567138831133,0.07106786233917299,nan,nan,nan,nan
4920,1756792713.30004,,1756792713.30004,False,13.158149117719656,-0.4847398826054644,-0.1549821452006451,0.07097660607625712,nan,nan,nan,nan
4921,1756792713.3100803,,1756792713.3100803,False,13.145172950806598,-0.5088011139677826,-0.17827149343756488,0.07285400520868399,nan,nan,nan,nan
4922,1756792713.3200428,,1756792713.3200428,False,13.039697504914038,-0.5574905566274728,-0.20217037615230893,0.0741277291884151,nan,nan,nan,nan
4923,1756792713.330039,,1756792713.330039,False,12.887650232100507,-0.6523383777399017,-0.21843465137347634,0.07377086372200813,nan,nan,nan,nan
4924,1756792713.3400333,,1756792713.3400333,False,12.730503467527718,-0.762671122600237,-0.23168797288564186,0.07118811173857362,nan,nan,nan,nan
4925,1756792713.350034,,1756792713.350034,False,12.60839580507046,-0.8345373051046923,-0.24850640839683566,0.07011488781731395,nan,nan,nan,nan
4926,1756792713.3600206,,1756792713.3600206,False,12.479097378560555,-0.9064703484683455,-0.2785043223925624,0.07070289023457933,nan,nan,nan,nan
4927,1756792713.370017,,1756792713.370017,False,12.361754020360788,-0.9863880204672715,-0.28708375531744496,0.06823347222890644,nan,nan,nan,nan
4928,1756792713.3800232,,1756792713.3800232,False,12.247173050826584,-1.0505879468419472,-0.3141280486661206,0.06794377466736896,nan,nan,nan,nan
4873,1756792712.8300695,,1756792712.8300695,False,11.997248846620435,2.7241095248775697,1.0149354500841479,0.00290594197523264,nan,nan,nan,nan
4874,1756792712.8400123,,1756792712.8400123,False,12.134584608626282,2.7344644212878584,1.029829257531278,-0.00944228392832409,nan,nan,nan,nan
4875,1756792712.8501532,,1756792712.8501532,False,12.28127327182151,2.7532560859452313,1.0294699494060426,-0.022241465291545488,nan,nan,nan,nan
4876,1756792712.8600574,,1756792712.8600574,False,12.372552294354472,2.7177811668251866,1.0049699217594137,-0.030466640772595487,nan,nan,nan,nan
4877,1756792712.8703198,,1756792712.8703198,False,12.46679443853157,2.666889764417637,0.9741843366986681,-0.03768671527377389,nan,nan,nan,nan
4878,1756792712.8800359,,1756792712.8800359,False,12.569352706506768,2.6260230579227004,0.9375272740177717,-0.04220928611214372,nan,nan,nan,nan
4879,1756792712.8901026,,1756792712.8901026,False,12.680768271750159,2.5996714989532257,0.9456064272071499,-0.0525730466942295,nan,nan,nan,nan
4880,1756792712.900031,,1756792712.900031,False,12.816828878314109,2.5765360976856737,0.9290933502945056,-0.06034248057318232,nan,nan,nan,nan
4881,1756792712.9100258,,1756792712.9100258,False,12.8832692483932,2.5115164311976064,0.8863931489568512,-0.06397075298170293,nan,nan,nan,nan
4882,1756792712.920064,,1756792712.920064,False,13.051019062958199,2.4783027450755575,0.8903400456798344,-0.07364058504346371,nan,nan,nan,nan
4883,1756792712.9300375,,1756792712.9300375,False,13.143775528923292,2.3952466498828016,0.8607828217422033,-0.07652990681862946,nan,nan,nan,nan
4884,1756792712.940035,,1756792712.940035,False,13.305909933976455,2.353808477241717,0.8476130720942062,-0.08463750336773711,nan,nan,nan,nan
4885,1756792712.950056,,1756792712.950056,False,13.384283915715443,2.2485711631625747,0.802279396149392,-0.08405931525231666,nan,nan,nan,nan
4886,1756792712.9600673,,1756792712.9600673,False,13.502348543902224,2.167621639754159,0.7962972968089486,-0.08944481088169463,nan,nan,nan,nan
4887,1756792712.9700422,,1756792712.9700422,False,13.577936068453477,2.0654316766778518,0.7562414176990838,-0.08696033480861363,nan,nan,nan,nan
4888,1756792712.980048,,1756792712.980048,False,13.681769795800877,1.9908075970634567,0.7206820731381209,-0.08614500758285729,nan,nan,nan,nan
4889,1756792712.9900491,,1756792712.9900491,False,13.721670189343074,1.8708515584822825,0.6532888795762766,-0.07770716621260104,nan,nan,nan,nan
4890,1756792713.0001967,,1756792713.0001967,False,13.840490725118197,1.7972814708141538,0.6348481477806446,-0.0790508270338381,nan,nan,nan,nan
4891,1756792713.0100353,,1756792713.0100353,False,13.91077668485762,1.7044874523648659,0.595623235670722,-0.07772953699895689,nan,nan,nan,nan
4892,1756792713.020086,,1756792713.020086,False,13.960968118318076,1.5912624656116674,0.528761242945349,-0.06768914639600515,nan,nan,nan,nan
4893,1756792713.0300438,,1756792713.0300438,False,14.05793098114431,1.5150440760444437,0.4997675526109198,-0.06514186255247251,nan,nan,nan,nan
4894,1756792713.0400417,,1756792713.0400417,False,14.092348811510217,1.416513638116383,0.47333017701551333,-0.06042777973475741,nan,nan,nan,nan
4895,1756792713.050037,,1756792713.050037,False,14.165420693540153,1.347363573618337,0.4499253824581971,-0.056292013058100894,nan,nan,nan,nan
4896,1756792713.0600364,,1756792713.0600364,False,14.180654274739071,1.2488433205211924,0.42263601266325534,-0.049703989529975054,nan,nan,nan,nan
4897,1756792713.0700428,,1756792713.0700428,False,14.191611706698989,1.164323479151996,0.3992132627054724,-0.04258452389102687,nan,nan,nan,nan
4898,1756792713.080039,,1756792713.080039,False,14.236128156818769,1.1017807885905666,0.35980304595646023,-0.03163855995824651,nan,nan,nan,nan
4899,1756792713.0900402,,1756792713.0900402,False,14.27123751174949,1.0439801799595334,0.3406559956032497,-0.025841288564014665,nan,nan,nan,nan
4900,1756792713.1000638,,1756792713.1000638,False,14.282817038469618,0.9521277603517221,0.2965764330059125,-0.013991070743466701,nan,nan,nan,nan
4901,1756792713.1100478,,1756792713.1100478,False,14.266453819015737,0.8641902819057059,0.2978699609769684,-0.011719067863571107,nan,nan,nan,nan
4902,1756792713.1201866,,1756792713.1201866,False,14.251032831794106,0.7911225876841985,0.28095605630834963,-0.006113476349129897,nan,nan,nan,nan
4903,1756792713.13003,,1756792713.13003,False,14.263544310681484,0.7360007298737491,0.25337154539497997,0.002128947517056135,nan,nan,nan,nan
4904,1756792713.1401129,,1756792713.1401129,False,14.25969193535147,0.6797903454828441,0.24208907045074943,0.006505208773493016,nan,nan,nan,nan
4905,1756792713.1500216,,1756792713.1500216,False,14.220519845425562,0.5905693061777773,0.21853084962593522,0.01412350589314936,nan,nan,nan,nan
4906,1756792713.1600416,,1756792713.1600416,False,14.176393387000335,0.5075763089290702,0.19174344147918151,0.02216569836849154,nan,nan,nan,nan
4907,1756792713.1700244,,1756792713.1700244,False,14.135091032740862,0.43673346956467946,0.16021801203963518,0.031260213496581785,nan,nan,nan,nan
4908,1756792713.1800513,,1756792713.1800513,False,14.125224437198348,0.380748820621293,0.131571142200087,0.03862109442683938,nan,nan,nan,nan
4909,1756792713.1900575,,1756792713.1900575,False,14.087274301420743,0.3036040818937564,0.10318227063472327,0.04441531495120302,nan,nan,nan,nan
4910,1756792713.2000353,,1756792713.2000353,False,14.038351841082557,0.2390649780236436,0.08358507815391239,0.04876437435924787,nan,nan,nan,nan
4911,1756792713.210073,,1756792713.210073,False,13.959715796453029,0.14697206606535312,0.060921416130811694,0.05025320582922188,nan,nan,nan,nan
4912,1756792713.2200267,,1756792713.2200267,False,13.905004983599046,0.06525379878427873,0.03731252260982557,0.05217245580325878,nan,nan,nan,nan
4913,1756792713.2300868,,1756792713.2300868,False,13.842462149539697,0.020989313801507415,-0.0003911724512974754,0.056732076556475046,nan,nan,nan,nan
4914,1756792713.2401674,,1756792713.2401674,False,13.801713352865123,-0.0325279627309948,-0.03851231431863512,0.06205950387102655,nan,nan,nan,nan
4915,1756792713.2500281,,1756792713.2500281,False,13.719382022342664,-0.09675260646705396,-0.059060353382525486,0.06288130364939057,nan,nan,nan,nan
4916,1756792713.260026,,1756792713.260026,False,13.651566470053048,-0.1607227460954431,-0.0897882662134892,0.06608265455178279,nan,nan,nan,nan
4917,1756792713.27011,,1756792713.27011,False,13.551270790128015,-0.24367424152866982,-0.10854741332693045,0.06771120200548794,nan,nan,nan,nan
4918,1756792713.2800522,,1756792713.2800522,False,13.4815870312679,-0.2906325381531543,-0.13004682750947683,0.0705149839641961,nan,nan,nan,nan
4919,1756792713.2902224,,1756792713.2902224,False,13.323841950072284,-0.38656387974603473,-0.14453567138831133,0.07106786233917299,nan,nan,nan,nan
4920,1756792713.30004,,1756792713.30004,False,13.158149117719656,-0.4847398826054644,-0.1549821452006451,0.07097660607625712,nan,nan,nan,nan
4921,1756792713.3100803,,1756792713.3100803,False,13.145172950806598,-0.5088011139677826,-0.17827149343756488,0.07285400520868399,nan,nan,nan,nan
4922,1756792713.3200428,,1756792713.3200428,False,13.039697504914038,-0.5574905566274728,-0.20217037615230893,0.0741277291884151,nan,nan,nan,nan
4923,1756792713.330039,,1756792713.330039,False,12.887650232100507,-0.6523383777399017,-0.21843465137347634,0.07377086372200813,nan,nan,nan,nan
4924,1756792713.3400333,,1756792713.3400333,False,12.730503467527718,-0.762671122600237,-0.23168797288564186,0.07118811173857362,nan,nan,nan,nan
4925,1756792713.350034,,1756792713.350034,False,12.60839580507046,-0.8345373051046923,-0.24850640839683566,0.07011488781731395,nan,nan,nan,nan
4926,1756792713.3600206,,1756792713.3600206,False,12.479097378560555,-0.9064703484683455,-0.2785043223925624,0.07070289023457933,nan,nan,nan,nan
4927,1756792713.370017,,1756792713.370017,False,12.361754020360788,-0.9863880204672715,-0.28708375531744496,0.06823347222890644,nan,nan,nan,nan
4928,1756792713.3800232,,1756792713.3800232,False,12.247173050826584,-1.0505879468419472,-0.3141280486661206,0.06794377466736896,nan,nan,nan,nan
4929,1756792713.3901591,,1756792713.3901591,False,12.107649943186967,-1.1368183084276982,-0.336147819415718,0.0650425435317511,nan,nan,nan,nan
4930,1756792713.4000323,,1756792713.4000323,False,11.940406830561127,-1.2595164147814295,-0.3630443653269457,0.06330017879218919,nan,nan,nan,nan
4931,1756792713.4100153,,1756792713.4100153,False,11.679462353382577,-1.485606296381498,-0.3933407647538082,0.060892158124889,nan,nan,nan,nan
4932,1756792713.4202802,,1756792713.4202802,False,11.642855325297035,-1.5046905829170834,-0.4106173184751407,0.05754212379928107,nan,nan,nan,nan
4933,1756792713.4300227,,1756792713.4300227,False,11.504072896095954,-1.6141588014470714,-0.450438415704131,0.05653269649709498,nan,nan,nan,nan
4934,1756792713.4402125,,1756792713.4402125,False,11.375793339783096,-1.7119978949978187,-0.4718668653317605,0.05335249551934626,nan,nan,nan,nan
4935,1756792713.4501307,,1756792713.4501307,False,11.171003444576852,-1.9219623786295679,-0.5013263273218727,0.05024249874487117,nan,nan,nan,nan
4936,1756792713.4600246,,1756792713.4600246,False,11.05439229943938,-2.044260063161941,-0.529661557750327,0.04839315228310716,nan,nan,nan,nan
4937,1756792713.4703896,,1756792713.4703896,False,11.021389896180532,-2.051781436264569,-0.5465132114865056,0.04484350362752088,nan,nan,nan,nan
4938,1756792713.480039,,1756792713.480039,False,10.833382276106166,-2.329477868691431,-0.5868633000202158,0.04225444462051499,nan,nan,nan,nan
4939,1756792713.4900355,,1756792713.4900355,False,10.692686034042536,-2.565059607957569,-0.6346492354848591,0.039665926447845765,nan,nan,nan,nan
4940,1756792713.500236,,1756792713.500236,False,10.593356509099628,-2.712761120163166,-0.678689456425222,0.03496148040475155,nan,nan,nan,nan
4941,1756792713.51002,,1756792713.51002,False,10.543722034339087,-2.867859395283716,-0.6932264347606892,0.03017504670801443,nan,nan,nan,nan
4942,1756792713.5200315,,1756792713.5200315,False,10.499148371467227,-3.083654217303099,-0.7232538422141956,0.023540998340528838,nan,nan,nan,nan
4943,1756792713.5300255,,1756792713.5300255,False,10.46579947862793,-3.2052471963648546,-0.746601886772248,0.01681344231299661,nan,nan,nan,nan
4944,1756792713.5400407,,1756792713.5400407,False,10.446079594191763,-3.346101458299485,-0.7704430209697128,0.01225516333697413,nan,nan,nan,nan
4929,1756792713.3901591,,1756792713.3901591,False,12.107649943186967,-1.1368183084276982,-0.336147819415718,0.0650425435317511,nan,nan,nan,nan
4930,1756792713.4000323,,1756792713.4000323,False,11.940406830561127,-1.2595164147814295,-0.3630443653269457,0.06330017879218919,nan,nan,nan,nan
4931,1756792713.4100153,,1756792713.4100153,False,11.679462353382577,-1.485606296381498,-0.3933407647538082,0.060892158124889,nan,nan,nan,nan
4932,1756792713.4202802,,1756792713.4202802,False,11.642855325297035,-1.5046905829170834,-0.4106173184751407,0.05754212379928107,nan,nan,nan,nan
4933,1756792713.4300227,,1756792713.4300227,False,11.504072896095954,-1.6141588014470714,-0.450438415704131,0.05653269649709498,nan,nan,nan,nan
4934,1756792713.4402125,,1756792713.4402125,False,11.375793339783096,-1.7119978949978187,-0.4718668653317605,0.05335249551934626,nan,nan,nan,nan
4935,1756792713.4501307,,1756792713.4501307,False,11.171003444576852,-1.9219623786295679,-0.5013263273218727,0.05024249874487117,nan,nan,nan,nan
4936,1756792713.4600246,,1756792713.4600246,False,11.05439229943938,-2.044260063161941,-0.529661557750327,0.04839315228310716,nan,nan,nan,nan
4937,1756792713.4703896,,1756792713.4703896,False,11.021389896180532,-2.051781436264569,-0.5465132114865056,0.04484350362752088,nan,nan,nan,nan
4938,1756792713.480039,,1756792713.480039,False,10.833382276106166,-2.329477868691431,-0.5868633000202158,0.04225444462051499,nan,nan,nan,nan
4939,1756792713.4900355,,1756792713.4900355,False,10.692686034042536,-2.565059607957569,-0.6346492354848591,0.039665926447845765,nan,nan,nan,nan
4940,1756792713.500236,,1756792713.500236,False,10.593356509099628,-2.712761120163166,-0.678689456425222,0.03496148040475155,nan,nan,nan,nan
4941,1756792713.51002,,1756792713.51002,False,10.543722034339087,-2.867859395283716,-0.6932264347606892,0.03017504670801443,nan,nan,nan,nan
4942,1756792713.5200315,,1756792713.5200315,False,10.499148371467227,-3.083654217303099,-0.7232538422141956,0.023540998340528838,nan,nan,nan,nan
4943,1756792713.5300255,,1756792713.5300255,False,10.46579947862793,-3.2052471963648546,-0.746601886772248,0.01681344231299661,nan,nan,nan,nan
4944,1756792713.5400407,,1756792713.5400407,False,10.446079594191763,-3.346101458299485,-0.7704430209697128,0.01225516333697413,nan,nan,nan,nan
4945,1756792713.550036,,1756792713.550036,False,10.482151453383354,-3.234101247964609,-0.7818620412288485,0.008517987563596707,nan,nan,nan,nan
4946,1756792713.5600226,,1756792713.5600226,False,10.451644915468753,-3.6233737071217016,-0.841523842393802,0.00042695685346276377,nan,nan,nan,nan
4947,1756792713.570026,,1756792713.570026,False,10.492260253194603,-3.935720709410275,-0.8867705292064918,-0.011232711260895029,nan,nan,nan,nan
4948,1756792713.5800278,,1756792713.5800278,False,10.605469374011081,-4.196829578398316,-0.9337682530016534,-0.023168077553153584,nan,nan,nan,nan
4949,1756792713.5900283,,1756792713.5900283,False,10.648264520523917,-3.7983872768161118,-0.8622287878657777,-0.020521802368762797,nan,nan,nan,nan
4950,1756792713.6000206,,1756792713.6000206,False,10.837887075685627,-4.46613028621246,-0.9621328922623533,-0.04204777269769094,nan,nan,nan,nan
4951,1756792713.6100283,,1756792713.6100283,False,11.018771658157366,-4.715212485987032,-0.9948349486223319,-0.055963024941138015,nan,nan,nan,nan
4952,1756792713.620016,,1756792713.620016,False,11.114485859948678,-4.574100520473325,-0.9645620917382588,-0.05964110094579905,nan,nan,nan,nan
4953,1756792713.630098,,1756792713.630098,False,11.29226028664032,-4.545652227803235,-0.9723770316947595,-0.07117200744136037,nan,nan,nan,nan
4954,1756792713.6400936,,1756792713.6400936,False,11.220173904342177,-3.7791108123871417,-0.8706070203027525,-0.04881670635837165,nan,nan,nan,nan
4955,1756792713.6500208,,1756792713.6500208,False,11.573767939352273,-4.146460801788111,-0.9066161293042893,-0.07362516620311713,nan,nan,nan,nan
4956,1756792713.6600215,,1756792713.6600215,False,11.92160391285481,-4.4399501761585665,-0.9325429681144873,-0.09731083115130298,nan,nan,nan,nan
4957,1756792713.6701949,,1756792713.6701949,False,12.211921333376006,-4.482683365848094,-0.9202422453685826,-0.11182187243570013,nan,nan,nan,nan
4958,1756792713.6800296,,1756792713.6800296,False,12.455121503265348,-4.369150455074328,-0.9012354884549241,-0.12020643180017242,nan,nan,nan,nan
4959,1756792713.6902702,,1756792713.6902702,False,12.612156068259049,-4.173049757092983,-0.8622784211969946,-0.11546381888981769,nan,nan,nan,nan
4960,1756792713.700111,,1756792713.700111,False,12.776480293352995,-4.036677194646695,-0.8310284633903032,-0.12176066067460238,nan,nan,nan,nan
4961,1756792713.7100239,,1756792713.7100239,False,13.009843917056163,-3.9228325447481627,-0.8018629964369466,-0.12840537557375414,nan,nan,nan,nan
4962,1756792713.7200253,,1756792713.7200253,False,13.19066363930593,-3.7813120875274784,-0.7669119387795934,-0.1281567952856143,nan,nan,nan,nan
4963,1756792713.7300413,,1756792713.7300413,False,13.413858227954874,-3.644303205534741,-0.753057460842291,-0.13352318853180264,nan,nan,nan,nan
4964,1756792713.7400203,,1756792713.7400203,False,13.62010220898534,-3.490758882096918,-0.7297072827060544,-0.1342367503549293,nan,nan,nan,nan
4965,1756792713.750037,,1756792713.750037,False,13.849388652686834,-3.3745176840529516,-0.6973666328244811,-0.1345035705681921,nan,nan,nan,nan
4966,1756792713.7600315,,1756792713.7600315,False,13.94746894282359,-3.1807322752661613,-0.6627682075741872,-0.12428891032334355,nan,nan,nan,nan
4967,1756792713.7700968,,1756792713.7700968,False,14.042479400318149,-3.001077286155725,-0.6481296301754779,-0.11904812760333945,nan,nan,nan,nan
4968,1756792713.7800264,,1756792713.7800264,False,14.235516277105454,-2.861862342672292,-0.6401242813428949,-0.1237192419242594,nan,nan,nan,nan
4969,1756792713.7900257,,1756792713.7900257,False,14.368892723063578,-2.7115973477039716,-0.6227063718866371,-0.12150630130159831,nan,nan,nan,nan
4970,1756792713.800089,,1756792713.800089,False,14.465023821106909,-2.5374965017970768,-0.6067411520335356,-0.11677884602642238,nan,nan,nan,nan
4971,1756792713.81009,,1756792713.81009,False,14.92391023875328,-2.536886973316641,-0.6292676018468841,-0.14110202550317252,nan,nan,nan,nan
4972,1756792713.8200324,,1756792713.8200324,False,14.793200965754925,-2.337547471910405,-0.582330127590548,-0.1137619273823053,nan,nan,nan,nan
4973,1756792713.830033,,1756792713.830033,False,14.939031489271937,-2.2331839353263656,-0.5746865927157788,-0.11471217476790246,nan,nan,nan,nan
4974,1756792713.840039,,1756792713.840039,False,15.033237088083634,-2.112827480954164,-0.5493322746588359,-0.10588005791344335,nan,nan,nan,nan
4975,1756792713.8500786,,1756792713.8500786,False,15.101229178709197,-1.960567171060725,-0.5229952931573523,-0.09610658693126502,nan,nan,nan,nan
4976,1756792713.8600292,,1756792713.8600292,False,15.122368377990874,-1.8158461325708852,-0.4825264663355784,-0.0826601366958325,nan,nan,nan,nan
4977,1756792713.8700273,,1756792713.8700273,False,15.15782557882741,-1.688892444313274,-0.45754479403094905,-0.08077063911804841,nan,nan,nan,nan
4978,1756792713.8800328,,1756792713.8800328,False,15.190138475998111,-1.5489959321288251,-0.4365402021106483,-0.07470398060692493,nan,nan,nan,nan
4979,1756792713.8900483,,1756792713.8900483,False,15.138203909187936,-1.394297808411758,-0.41433600354972266,-0.07008586948972957,nan,nan,nan,nan
4980,1756792713.9000318,,1756792713.9000318,False,15.119595510205485,-1.242301618555692,-0.39258555816810076,-0.0657349747683265,nan,nan,nan,nan
4981,1756792713.9100173,,1756792713.9100173,False,15.027954794348744,-1.0652805177740876,-0.35890365493247256,-0.0509615059365355,nan,nan,nan,nan
4982,1756792713.9200265,,1756792713.9200265,False,14.924485721207546,-0.8993198489014517,-0.33272747965371396,-0.0409386528722302,nan,nan,nan,nan
4983,1756792713.93004,,1756792713.93004,False,14.846548252268848,-0.7593196633891031,-0.31526955346656,-0.03520662777900007,nan,nan,nan,nan
4984,1756792713.9400904,,1756792713.9400904,False,14.709792255290639,-0.5912810722548519,-0.2981657013399226,-0.02509317541360736,nan,nan,nan,nan
4985,1756792713.9500282,,1756792713.9500282,False,14.590563435070093,-0.4520734797543025,-0.2915517829843278,-0.017568430656771165,nan,nan,nan,nan
4986,1756792713.960027,,1756792713.960027,False,14.41547662734845,-0.2950293042318051,-0.27292303341465657,-0.003453112954604753,nan,nan,nan,nan
4987,1756792713.9700446,,1756792713.9700446,False,14.238455338596022,-0.1435595111042694,-0.2644664482728484,0.0004397951655550195,nan,nan,nan,nan
4988,1756792713.9800346,,1756792713.9800346,False,14.024423310328672,0.061936172016724717,-0.24635385100320017,0.013268735429585864,nan,nan,nan,nan
4989,1756792713.9900367,,1756792713.9900367,False,13.782360867957651,0.25035087748167756,-0.2339848197845552,0.020101346683992088,nan,nan,nan,nan
4990,1756792714.0000482,,1756792714.0000482,False,13.536295533315725,0.40767021403570214,-0.22353408430812646,0.02417782086774734,nan,nan,nan,nan
4991,1756792714.0100288,,1756792714.0100288,False,13.307171206251217,0.6185398996464044,-0.2032587748795124,0.03301626762218117,nan,nan,nan,nan
4992,1756792714.0201273,,1756792714.0201273,False,12.940985470270197,0.82301489416232,-0.1793528269631974,0.03624066344116149,nan,nan,nan,nan
4993,1756792714.0300686,,1756792714.0300686,False,12.621580458319782,1.035493469393295,-0.1704090591634107,0.03440754511859021,nan,nan,nan,nan
4994,1756792714.040053,,1756792714.040053,False,12.236605337180952,1.2777180914781412,-0.13355762279808558,0.04191313416238897,nan,nan,nan,nan
4995,1756792714.0501065,,1756792714.0501065,False,11.92573679625622,1.5351886740224596,-0.10805109627244723,0.04775858958173541,nan,nan,nan,nan
4996,1756792714.060033,,1756792714.060033,False,11.597811392390929,1.800035163329413,-0.08856226393248541,0.05084293418333187,nan,nan,nan,nan
4997,1756792714.0700908,,1756792714.0700908,False,11.217262144166934,2.1051584063105544,-0.06094558324871764,0.05484051835571587,nan,nan,nan,nan
4998,1756792714.0800295,,1756792714.0800295,False,10.940493108539863,2.4096562379909625,-0.03820794714944774,0.05808001028529388,nan,nan,nan,nan
4999,1756792714.090053,,1756792714.090053,False,10.543685519038755,2.7844366185032663,-0.0080849405502942,0.06419630596111818,nan,nan,nan,nan
5000,1756792714.100056,,1756792714.100056,False,10.196393537021583,3.1958226628767665,0.007406615226855047,0.06667604839552684,nan,nan,nan,nan
4945,1756792713.550036,,1756792713.550036,False,10.482151453383354,-3.234101247964609,-0.7818620412288485,0.008517987563596707,nan,nan,nan,nan
4946,1756792713.5600226,,1756792713.5600226,False,10.451644915468753,-3.6233737071217016,-0.841523842393802,0.00042695685346276377,nan,nan,nan,nan
4947,1756792713.570026,,1756792713.570026,False,10.492260253194603,-3.935720709410275,-0.8867705292064918,-0.011232711260895029,nan,nan,nan,nan
4948,1756792713.5800278,,1756792713.5800278,False,10.605469374011081,-4.196829578398316,-0.9337682530016534,-0.023168077553153584,nan,nan,nan,nan
4949,1756792713.5900283,,1756792713.5900283,False,10.648264520523917,-3.7983872768161118,-0.8622287878657777,-0.020521802368762797,nan,nan,nan,nan
4950,1756792713.6000206,,1756792713.6000206,False,10.837887075685627,-4.46613028621246,-0.9621328922623533,-0.04204777269769094,nan,nan,nan,nan
4951,1756792713.6100283,,1756792713.6100283,False,11.018771658157366,-4.715212485987032,-0.9948349486223319,-0.055963024941138015,nan,nan,nan,nan
4952,1756792713.620016,,1756792713.620016,False,11.114485859948678,-4.574100520473325,-0.9645620917382588,-0.05964110094579905,nan,nan,nan,nan
4953,1756792713.630098,,1756792713.630098,False,11.29226028664032,-4.545652227803235,-0.9723770316947595,-0.07117200744136037,nan,nan,nan,nan
4954,1756792713.6400936,,1756792713.6400936,False,11.220173904342177,-3.7791108123871417,-0.8706070203027525,-0.04881670635837165,nan,nan,nan,nan
4955,1756792713.6500208,,1756792713.6500208,False,11.573767939352273,-4.146460801788111,-0.9066161293042893,-0.07362516620311713,nan,nan,nan,nan
4956,1756792713.6600215,,1756792713.6600215,False,11.92160391285481,-4.4399501761585665,-0.9325429681144873,-0.09731083115130298,nan,nan,nan,nan
4957,1756792713.6701949,,1756792713.6701949,False,12.211921333376006,-4.482683365848094,-0.9202422453685826,-0.11182187243570013,nan,nan,nan,nan
4958,1756792713.6800296,,1756792713.6800296,False,12.455121503265348,-4.369150455074328,-0.9012354884549241,-0.12020643180017242,nan,nan,nan,nan
4959,1756792713.6902702,,1756792713.6902702,False,12.612156068259049,-4.173049757092983,-0.8622784211969946,-0.11546381888981769,nan,nan,nan,nan
4960,1756792713.700111,,1756792713.700111,False,12.776480293352995,-4.036677194646695,-0.8310284633903032,-0.12176066067460238,nan,nan,nan,nan
4961,1756792713.7100239,,1756792713.7100239,False,13.009843917056163,-3.9228325447481627,-0.8018629964369466,-0.12840537557375414,nan,nan,nan,nan
4962,1756792713.7200253,,1756792713.7200253,False,13.19066363930593,-3.7813120875274784,-0.7669119387795934,-0.1281567952856143,nan,nan,nan,nan
4963,1756792713.7300413,,1756792713.7300413,False,13.413858227954874,-3.644303205534741,-0.753057460842291,-0.13352318853180264,nan,nan,nan,nan
4964,1756792713.7400203,,1756792713.7400203,False,13.62010220898534,-3.490758882096918,-0.7297072827060544,-0.1342367503549293,nan,nan,nan,nan
4965,1756792713.750037,,1756792713.750037,False,13.849388652686834,-3.3745176840529516,-0.6973666328244811,-0.1345035705681921,nan,nan,nan,nan
4966,1756792713.7600315,,1756792713.7600315,False,13.94746894282359,-3.1807322752661613,-0.6627682075741872,-0.12428891032334355,nan,nan,nan,nan
4967,1756792713.7700968,,1756792713.7700968,False,14.042479400318149,-3.001077286155725,-0.6481296301754779,-0.11904812760333945,nan,nan,nan,nan
4968,1756792713.7800264,,1756792713.7800264,False,14.235516277105454,-2.861862342672292,-0.6401242813428949,-0.1237192419242594,nan,nan,nan,nan
4969,1756792713.7900257,,1756792713.7900257,False,14.368892723063578,-2.7115973477039716,-0.6227063718866371,-0.12150630130159831,nan,nan,nan,nan
4970,1756792713.800089,,1756792713.800089,False,14.465023821106909,-2.5374965017970768,-0.6067411520335356,-0.11677884602642238,nan,nan,nan,nan
4971,1756792713.81009,,1756792713.81009,False,14.92391023875328,-2.536886973316641,-0.6292676018468841,-0.14110202550317252,nan,nan,nan,nan
4972,1756792713.8200324,,1756792713.8200324,False,14.793200965754925,-2.337547471910405,-0.582330127590548,-0.1137619273823053,nan,nan,nan,nan
4973,1756792713.830033,,1756792713.830033,False,14.939031489271937,-2.2331839353263656,-0.5746865927157788,-0.11471217476790246,nan,nan,nan,nan
4974,1756792713.840039,,1756792713.840039,False,15.033237088083634,-2.112827480954164,-0.5493322746588359,-0.10588005791344335,nan,nan,nan,nan
4975,1756792713.8500786,,1756792713.8500786,False,15.101229178709197,-1.960567171060725,-0.5229952931573523,-0.09610658693126502,nan,nan,nan,nan
4976,1756792713.8600292,,1756792713.8600292,False,15.122368377990874,-1.8158461325708852,-0.4825264663355784,-0.0826601366958325,nan,nan,nan,nan
4977,1756792713.8700273,,1756792713.8700273,False,15.15782557882741,-1.688892444313274,-0.45754479403094905,-0.08077063911804841,nan,nan,nan,nan
4978,1756792713.8800328,,1756792713.8800328,False,15.190138475998111,-1.5489959321288251,-0.4365402021106483,-0.07470398060692493,nan,nan,nan,nan
4979,1756792713.8900483,,1756792713.8900483,False,15.138203909187936,-1.394297808411758,-0.41433600354972266,-0.07008586948972957,nan,nan,nan,nan
4980,1756792713.9000318,,1756792713.9000318,False,15.119595510205485,-1.242301618555692,-0.39258555816810076,-0.0657349747683265,nan,nan,nan,nan
4981,1756792713.9100173,,1756792713.9100173,False,15.027954794348744,-1.0652805177740876,-0.35890365493247256,-0.0509615059365355,nan,nan,nan,nan
4982,1756792713.9200265,,1756792713.9200265,False,14.924485721207546,-0.8993198489014517,-0.33272747965371396,-0.0409386528722302,nan,nan,nan,nan
4983,1756792713.93004,,1756792713.93004,False,14.846548252268848,-0.7593196633891031,-0.31526955346656,-0.03520662777900007,nan,nan,nan,nan
4984,1756792713.9400904,,1756792713.9400904,False,14.709792255290639,-0.5912810722548519,-0.2981657013399226,-0.02509317541360736,nan,nan,nan,nan
4985,1756792713.9500282,,1756792713.9500282,False,14.590563435070093,-0.4520734797543025,-0.2915517829843278,-0.017568430656771165,nan,nan,nan,nan
4986,1756792713.960027,,1756792713.960027,False,14.41547662734845,-0.2950293042318051,-0.27292303341465657,-0.003453112954604753,nan,nan,nan,nan
4987,1756792713.9700446,,1756792713.9700446,False,14.238455338596022,-0.1435595111042694,-0.2644664482728484,0.0004397951655550195,nan,nan,nan,nan
4988,1756792713.9800346,,1756792713.9800346,False,14.024423310328672,0.061936172016724717,-0.24635385100320017,0.013268735429585864,nan,nan,nan,nan
4989,1756792713.9900367,,1756792713.9900367,False,13.782360867957651,0.25035087748167756,-0.2339848197845552,0.020101346683992088,nan,nan,nan,nan
4990,1756792714.0000482,,1756792714.0000482,False,13.536295533315725,0.40767021403570214,-0.22353408430812646,0.02417782086774734,nan,nan,nan,nan
4991,1756792714.0100288,,1756792714.0100288,False,13.307171206251217,0.6185398996464044,-0.2032587748795124,0.03301626762218117,nan,nan,nan,nan
4992,1756792714.0201273,,1756792714.0201273,False,12.940985470270197,0.82301489416232,-0.1793528269631974,0.03624066344116149,nan,nan,nan,nan
4993,1756792714.0300686,,1756792714.0300686,False,12.621580458319782,1.035493469393295,-0.1704090591634107,0.03440754511859021,nan,nan,nan,nan
4994,1756792714.040053,,1756792714.040053,False,12.236605337180952,1.2777180914781412,-0.13355762279808558,0.04191313416238897,nan,nan,nan,nan
4995,1756792714.0501065,,1756792714.0501065,False,11.92573679625622,1.5351886740224596,-0.10805109627244723,0.04775858958173541,nan,nan,nan,nan
4996,1756792714.060033,,1756792714.060033,False,11.597811392390929,1.800035163329413,-0.08856226393248541,0.05084293418333187,nan,nan,nan,nan
4997,1756792714.0700908,,1756792714.0700908,False,11.217262144166934,2.1051584063105544,-0.06094558324871764,0.05484051835571587,nan,nan,nan,nan
4998,1756792714.0800295,,1756792714.0800295,False,10.940493108539863,2.4096562379909625,-0.03820794714944774,0.05808001028529388,nan,nan,nan,nan
4999,1756792714.090053,,1756792714.090053,False,10.543685519038755,2.7844366185032663,-0.0080849405502942,0.06419630596111818,nan,nan,nan,nan
5000,1756792714.100056,,1756792714.100056,False,10.196393537021583,3.1958226628767665,0.007406615226855047,0.06667604839552684,nan,nan,nan,nan
5001,1756792714.1100547,,1756792714.1100547,False,10.01354828982966,3.5384022882520028,0.019240635754071613,0.06786977011823539,nan,nan,nan,nan
5002,1756792714.1200304,,1756792714.1200304,False,9.793810593686068,3.9204957931775457,0.048021087253496936,0.07387756893523004,nan,nan,nan,nan
5003,1756792714.1300242,,1756792714.1300242,False,9.564862962443488,4.404243273098254,0.08324367764559233,0.07885382236308836,nan,nan,nan,nan
5004,1756792714.1403024,,1756792714.1403024,False,9.402812335147937,4.896297610603109,0.14086468191835855,0.08640549485437889,nan,nan,nan,nan
5005,1756792714.150119,,1756792714.150119,False,9.344669898094871,5.347795366950951,0.15321436783634473,0.08511615843445096,nan,nan,nan,nan
5006,1756792714.1601102,,1756792714.1601102,False,9.30363508333788,5.911286426122911,0.19779444547980285,0.0876642877387271,nan,nan,nan,nan
5007,1756792714.1700184,,1756792714.1700184,False,9.397389565292729,6.060788477844016,0.18597278886805685,0.08466783274360476,nan,nan,nan,nan
5008,1756792714.1800156,,1756792714.1800156,False,9.514108195001265,6.494059354896976,0.20555995970223817,0.08415627058003418,nan,nan,nan,nan
5009,1756792714.1904411,,1756792714.1904411,False,9.712555128337465,6.727661223670547,0.20909122654321877,0.08405787711342572,nan,nan,nan,nan
5010,1756792714.2000346,,1756792714.2000346,False,9.954684775065534,6.9288957423053,0.20768832402087095,0.08158685442450729,nan,nan,nan,nan
5011,1756792714.2100434,,1756792714.2100434,False,10.280333574875215,7.1088744848332315,0.21345396668435312,0.08207913691485094,nan,nan,nan,nan
5012,1756792714.2200453,,1756792714.2200453,False,10.662713561312874,7.2058964583865865,0.2625678561823148,0.08284315069454865,nan,nan,nan,nan
5013,1756792714.2300851,,1756792714.2300851,False,11.060942766905432,7.2077152171058,0.2668599427284645,0.07992766359351797,nan,nan,nan,nan
5014,1756792714.2404473,,1756792714.2404473,False,11.461507626782968,7.094334192747858,0.2667579092229206,0.07595564553081996,nan,nan,nan,nan
5015,1756792714.2500408,,1756792714.2500408,False,11.925825299527466,7.004573485759034,0.25298853575083813,0.0718085281384631,nan,nan,nan,nan
5016,1756792714.260129,,1756792714.260129,False,12.303015110111215,6.791676613319335,0.2130009400701004,0.07074677345312971,nan,nan,nan,nan
5017,1756792714.270032,,1756792714.270032,False,12.599506967467226,6.531335356319683,0.17830375405638568,0.0708472481636782,nan,nan,nan,nan
5018,1756792714.2800376,,1756792714.2800376,False,13.04541958401348,6.300553745221263,0.13446381203984104,0.07095154424267096,nan,nan,nan,nan
5001,1756792714.1100547,,1756792714.1100547,False,10.01354828982966,3.5384022882520028,0.019240635754071613,0.06786977011823539,nan,nan,nan,nan
5002,1756792714.1200304,,1756792714.1200304,False,9.793810593686068,3.9204957931775457,0.048021087253496936,0.07387756893523004,nan,nan,nan,nan
5003,1756792714.1300242,,1756792714.1300242,False,9.564862962443488,4.404243273098254,0.08324367764559233,0.07885382236308836,nan,nan,nan,nan
5004,1756792714.1403024,,1756792714.1403024,False,9.402812335147937,4.896297610603109,0.14086468191835855,0.08640549485437889,nan,nan,nan,nan
5005,1756792714.150119,,1756792714.150119,False,9.344669898094871,5.347795366950951,0.15321436783634473,0.08511615843445096,nan,nan,nan,nan
5006,1756792714.1601102,,1756792714.1601102,False,9.30363508333788,5.911286426122911,0.19779444547980285,0.0876642877387271,nan,nan,nan,nan
5007,1756792714.1700184,,1756792714.1700184,False,9.397389565292729,6.060788477844016,0.18597278886805685,0.08466783274360476,nan,nan,nan,nan
5008,1756792714.1800156,,1756792714.1800156,False,9.514108195001265,6.494059354896976,0.20555995970223817,0.08415627058003418,nan,nan,nan,nan
5009,1756792714.1904411,,1756792714.1904411,False,9.712555128337465,6.727661223670547,0.20909122654321877,0.08405787711342572,nan,nan,nan,nan
5010,1756792714.2000346,,1756792714.2000346,False,9.954684775065534,6.9288957423053,0.20768832402087095,0.08158685442450729,nan,nan,nan,nan
5011,1756792714.2100434,,1756792714.2100434,False,10.280333574875215,7.1088744848332315,0.21345396668435312,0.08207913691485094,nan,nan,nan,nan
5012,1756792714.2200453,,1756792714.2200453,False,10.662713561312874,7.2058964583865865,0.2625678561823148,0.08284315069454865,nan,nan,nan,nan
5013,1756792714.2300851,,1756792714.2300851,False,11.060942766905432,7.2077152171058,0.2668599427284645,0.07992766359351797,nan,nan,nan,nan
5014,1756792714.2404473,,1756792714.2404473,False,11.461507626782968,7.094334192747858,0.2667579092229206,0.07595564553081996,nan,nan,nan,nan
5015,1756792714.2500408,,1756792714.2500408,False,11.925825299527466,7.004573485759034,0.25298853575083813,0.0718085281384631,nan,nan,nan,nan
5016,1756792714.260129,,1756792714.260129,False,12.303015110111215,6.791676613319335,0.2130009400701004,0.07074677345312971,nan,nan,nan,nan
5017,1756792714.270032,,1756792714.270032,False,12.599506967467226,6.531335356319683,0.17830375405638568,0.0708472481636782,nan,nan,nan,nan
5018,1756792714.2800376,,1756792714.2800376,False,13.04541958401348,6.300553745221263,0.13446381203984104,0.07095154424267096,nan,nan,nan,nan
5019,1756792714.2900665,,1756792714.2900665,False,13.435771654233381,6.082674023913386,0.12402199717586251,0.06256847239209537,nan,nan,nan,nan
5020,1756792714.3000398,,1756792714.3000398,False,13.909258766123429,5.877080488902083,0.08811603544385209,0.05909299832884045,nan,nan,nan,nan
5021,1756792714.3100405,,1756792714.3100405,False,14.099850264431032,5.642243106858045,0.04632239672383129,0.06111026877311201,nan,nan,nan,nan
5022,1756792714.320494,,1756792714.320494,False,14.31501138672899,5.4173745795707955,0.018782994096315796,0.05588164196266999,nan,nan,nan,nan
5023,1756792714.3300257,,1756792714.3300257,False,14.512041445355905,5.2031243926987365,-0.01904929409758812,0.060202819794238555,nan,nan,nan,nan
5024,1756792714.340037,,1756792714.340037,False,14.66777387224585,4.999867077420893,-0.03438678290670268,0.05625819727775204,nan,nan,nan,nan
5025,1756792714.3500354,,1756792714.3500354,False,14.977225310944027,4.845274459083913,-0.03529934730418471,0.05046338413241401,nan,nan,nan,nan
5026,1756792714.3600075,,1756792714.3600075,False,14.964557721795776,4.651537452852839,-0.06147139104314095,0.06251341468181244,nan,nan,nan,nan
5027,1756792714.3703272,,1756792714.3703272,False,14.960813628952797,4.442444144027835,-0.08063337706871117,0.07843825432915397,nan,nan,nan,nan
5028,1756792714.3800352,,1756792714.3800352,False,15.093499823017808,4.239913733946722,-0.07130754716350156,0.0813811293962755,nan,nan,nan,nan
5029,1756792714.390279,,1756792714.390279,False,15.092621196234981,4.019705560447255,-0.05375107156123316,0.08327578231712936,nan,nan,nan,nan
5030,1756792714.4004328,,1756792714.4004328,False,15.256293902447615,3.82379612716665,-0.049162382874581946,0.09248091429047797,nan,nan,nan,nan
5031,1756792714.4100313,,1756792714.4100313,False,15.04685600428321,3.5619753500158415,-0.031211738271359948,0.09314104139216796,nan,nan,nan,nan
5032,1756792714.4200299,,1756792714.4200299,False,15.074426199922335,3.333889888250537,0.000267577789101538,0.08223451590322631,nan,nan,nan,nan
5033,1756792714.4300296,,1756792714.4300296,False,14.85280697174149,3.034535272182726,0.007924448236437554,0.08320825581297998,nan,nan,nan,nan
5034,1756792714.4401367,,1756792714.4401367,False,14.592434375429425,2.719348093482103,0.006743235339117199,0.08822942150063064,nan,nan,nan,nan
5035,1756792714.450073,,1756792714.450073,False,14.449802089673668,2.4541188681184907,0.035695855225192995,0.06860577190442704,nan,nan,nan,nan
5036,1756792714.4600978,,1756792714.4600978,False,14.120352458347398,2.107511100788307,0.03413530146125224,0.06653677414247118,nan,nan,nan,nan
5037,1756792714.4705334,,1756792714.4705334,False,13.801276796242146,1.7599077913744308,0.05757605017018775,0.04598672990290682,nan,nan,nan,nan
5038,1756792714.48003,,1756792714.48003,False,13.536409826241275,1.4731456099793943,0.08240600470297077,0.025530712022800255,nan,nan,nan,nan
5039,1756792714.4900415,,1756792714.4900415,False,13.189302440292858,1.1023145016723237,0.0929394585006723,0.010889920781067203,nan,nan,nan,nan
5040,1756792714.5000973,,1756792714.5000973,False,12.878491923456933,0.7926819409015728,0.11809672117499516,-0.007415073305581639,nan,nan,nan,nan
5041,1756792714.5100915,,1756792714.5100915,False,12.504658352098552,0.4291748723497162,0.14441967521607035,-0.023803086428884592,nan,nan,nan,nan
5042,1756792714.520122,,1756792714.520122,False,12.123766934966815,0.07269670424452127,0.18435554842041862,-0.044037852008427,nan,nan,nan,nan
5043,1756792714.530035,,1756792714.530035,False,11.781551821570782,-0.23871070656163737,0.23108866823739288,-0.06545008694555078,nan,nan,nan,nan
5044,1756792714.54002,,1756792714.54002,False,11.427513411788247,-0.6054116975576469,0.24247086946861152,-0.06517540468153188,nan,nan,nan,nan
5045,1756792714.5500417,,1756792714.5500417,False,11.07373118355882,-0.9240432399616618,0.3244780624745605,-0.09858219630607777,nan,nan,nan,nan
5046,1756792714.560029,,1756792714.560029,False,10.773503923703949,-1.308348620396923,0.363931898259352,-0.10471478539987653,nan,nan,nan,nan
5047,1756792714.570153,,1756792714.570153,False,10.466037066884812,-1.6542836412251931,0.4240368750643032,-0.11833405271744953,nan,nan,nan,nan
5048,1756792714.5800378,,1756792714.5800378,False,10.21809365374877,-2.0288646642399173,0.4865979296501436,-0.12980755530538216,nan,nan,nan,nan
5049,1756792714.5900414,,1756792714.5900414,False,9.997319731647206,-2.3998459293219985,0.5317316419073059,-0.1329239965568257,nan,nan,nan,nan
5050,1756792714.6000557,,1756792714.6000557,False,9.755058421882277,-2.755616155990519,0.5995571633125938,-0.14247591148321323,nan,nan,nan,nan
5051,1756792714.610029,,1756792714.610029,False,9.579113530645746,-3.122545382772205,0.6571163299666379,-0.1474688427669676,nan,nan,nan,nan
5052,1756792714.6200457,,1756792714.6200457,False,9.402897272795116,-3.5047950563730503,0.72676189852847,-0.15297796642939493,nan,nan,nan,nan
5053,1756792714.630042,,1756792714.630042,False,9.286685576637943,-3.842576721142935,0.7372825967511605,-0.14306243026552562,nan,nan,nan,nan
5054,1756792714.640109,,1756792714.640109,False,9.247508930925747,-4.174186402393138,0.8429063743028085,-0.15309803813698372,nan,nan,nan,nan
5055,1756792714.6500483,,1756792714.6500483,False,9.209290630983974,-4.438585125162759,0.8022538064781226,-0.1321267429543353,nan,nan,nan,nan
5056,1756792714.6600368,,1756792714.6600368,False,9.146852058491273,-4.8501945439977465,0.892042952757045,-0.1311375928280201,nan,nan,nan,nan
5057,1756792714.6700115,,1756792714.6700115,False,9.22065024195197,-4.6933481487135325,0.6603900127976805,-0.09036304515808934,nan,nan,nan,nan
5058,1756792714.680034,,1756792714.680034,False,9.254463785327827,-5.423446010779435,1.1574674064126007,-0.13964319544708514,nan,nan,nan,nan
5059,1756792714.6902516,,1756792714.6902516,False,9.34723893934123,-5.712706175912929,1.2675886379339767,-0.1301697756987224,nan,nan,nan,nan
5060,1756792714.7001083,,1756792714.7001083,False,9.45703625565233,-5.8805564863685555,1.2806463921539237,-0.10885285720039913,nan,nan,nan,nan
5061,1756792714.7100585,,1756792714.7100585,False,9.538519680701874,-5.849044139262289,1.187498359114785,-0.08252056034397051,nan,nan,nan,nan
5062,1756792714.720007,,1756792714.720007,False,9.633296461905914,-5.829573106904402,1.1238694860097809,-0.059608811831486905,nan,nan,nan,nan
5063,1756792714.7300282,,1756792714.7300282,False,9.87150995345933,-5.948469906451668,1.1221104716680863,-0.03770111686427415,nan,nan,nan,nan
5064,1756792714.7400167,,1756792714.7400167,False,9.9405414990696,-5.768015677854453,1.0462874166624538,-0.018138406884569094,nan,nan,nan,nan
5065,1756792714.7500188,,1756792714.7500188,False,10.187021361562655,-5.769816432518617,1.0379711655989503,0.005153892184128021,nan,nan,nan,nan
5066,1756792714.7600167,,1756792714.7600167,False,10.324363457060185,-5.646938117537735,1.0148647873270578,0.02633706152973403,nan,nan,nan,nan
5067,1756792714.7700136,,1756792714.7700136,False,10.496037673800544,-5.527112174807241,0.9754774481327435,0.04883932903044925,nan,nan,nan,nan
5068,1756792714.7800157,,1756792714.7800157,False,10.762493216879403,-5.456601700256502,0.9403189325602761,0.07409978808734322,nan,nan,nan,nan
5069,1756792714.7900484,,1756792714.7900484,False,10.92798926955705,-5.304195985995926,0.915459066923976,0.10038228962498622,nan,nan,nan,nan
5070,1756792714.800027,,1756792714.800027,False,11.11653080332492,-5.150726178044145,0.8798520475418891,0.12208675179492409,nan,nan,nan,nan
5071,1756792714.810012,,1756792714.810012,False,11.25853365892419,-4.972915685108122,0.8510090859408703,0.1471924805948149,nan,nan,nan,nan
5072,1756792714.820075,,1756792714.820075,False,11.323831325804528,-4.771658629747039,0.7999250801858482,0.16217661413928924,nan,nan,nan,nan
5073,1756792714.8300517,,1756792714.8300517,False,11.560354704149667,-4.641117088870584,0.7815822657631257,0.18504386288510744,nan,nan,nan,nan
5074,1756792714.8400285,,1756792714.8400285,False,11.595298775713818,-4.4258383675418385,0.7461692406805565,0.19640762228776776,nan,nan,nan,nan
5075,1756792714.850107,,1756792714.850107,False,11.71575201272884,-4.2519132826029775,0.712366895321828,0.207525262686622,nan,nan,nan,nan
5076,1756792714.860046,,1756792714.860046,False,11.811641968955845,-4.066439946569647,0.7292039693491817,0.21978114956334174,nan,nan,nan,nan
5077,1756792714.870028,,1756792714.870028,False,12.008788080421771,-3.9151490909058886,0.7435916479229613,0.23329614126699477,nan,nan,nan,nan
5078,1756792714.880024,,1756792714.880024,False,12.018558379858929,-3.703961868403392,0.7682916692131454,0.24759229624665285,nan,nan,nan,nan
5079,1756792714.8900316,,1756792714.8900316,False,12.083446840075979,-3.508317865899766,0.8108366696806285,0.2635801864589906,nan,nan,nan,nan
5080,1756792714.90009,,1756792714.90009,False,12.134891261339957,-3.3249982653696333,0.8108174523530512,0.2670513528569775,nan,nan,nan,nan
5081,1756792714.9100423,,1756792714.9100423,False,12.103236249773676,-3.0873515451556175,0.8219426006110795,0.27003635131736514,nan,nan,nan,nan
5082,1756792714.9201872,,1756792714.9201872,False,12.12036971848925,-2.846333065373609,0.8536825991286008,0.28128483333121235,nan,nan,nan,nan
5083,1756792714.9302237,,1756792714.9302237,False,12.164647544244422,-2.636121350996437,0.8797141453299725,0.2930531033360881,nan,nan,nan,nan
5084,1756792714.9400356,,1756792714.9400356,False,12.159893121984714,-2.3784592649503415,0.929160374520893,0.3113940299129262,nan,nan,nan,nan
5085,1756792714.9505708,,1756792714.9505708,False,12.16718466958499,-2.1393913093935675,0.9513211812299376,0.3202461046819293,nan,nan,nan,nan
5086,1756792714.9600294,,1756792714.9600294,False,12.01057431729244,-1.8538208152408415,0.9185984715834795,0.3092111790100795,nan,nan,nan,nan
5087,1756792714.970237,,1756792714.970237,False,11.933619746326432,-1.5731058260161257,0.9432209133585915,0.3200738418026686,nan,nan,nan,nan
5088,1756792714.9800358,,1756792714.9800358,False,11.902011516981243,-1.3354195019713022,0.9590984980287585,0.32696245827346154,nan,nan,nan,nan
5089,1756792714.9900331,,1756792714.9900331,False,11.789318795394967,-1.0505586776420806,0.9327478116778257,0.316825149372646,nan,nan,nan,nan
5090,1756792715.000035,,1756792715.000035,False,11.703449990393526,-0.7984094995174875,0.9220304308676025,0.3139783782204473,nan,nan,nan,nan
5019,1756792714.2900665,,1756792714.2900665,False,13.435771654233381,6.082674023913386,0.12402199717586251,0.06256847239209537,nan,nan,nan,nan
5020,1756792714.3000398,,1756792714.3000398,False,13.909258766123429,5.877080488902083,0.08811603544385209,0.05909299832884045,nan,nan,nan,nan
5021,1756792714.3100405,,1756792714.3100405,False,14.099850264431032,5.642243106858045,0.04632239672383129,0.06111026877311201,nan,nan,nan,nan
5022,1756792714.320494,,1756792714.320494,False,14.31501138672899,5.4173745795707955,0.018782994096315796,0.05588164196266999,nan,nan,nan,nan
5023,1756792714.3300257,,1756792714.3300257,False,14.512041445355905,5.2031243926987365,-0.01904929409758812,0.060202819794238555,nan,nan,nan,nan
5024,1756792714.340037,,1756792714.340037,False,14.66777387224585,4.999867077420893,-0.03438678290670268,0.05625819727775204,nan,nan,nan,nan
5025,1756792714.3500354,,1756792714.3500354,False,14.977225310944027,4.845274459083913,-0.03529934730418471,0.05046338413241401,nan,nan,nan,nan
5026,1756792714.3600075,,1756792714.3600075,False,14.964557721795776,4.651537452852839,-0.06147139104314095,0.06251341468181244,nan,nan,nan,nan
5027,1756792714.3703272,,1756792714.3703272,False,14.960813628952797,4.442444144027835,-0.08063337706871117,0.07843825432915397,nan,nan,nan,nan
5028,1756792714.3800352,,1756792714.3800352,False,15.093499823017808,4.239913733946722,-0.07130754716350156,0.0813811293962755,nan,nan,nan,nan
5029,1756792714.390279,,1756792714.390279,False,15.092621196234981,4.019705560447255,-0.05375107156123316,0.08327578231712936,nan,nan,nan,nan
5030,1756792714.4004328,,1756792714.4004328,False,15.256293902447615,3.82379612716665,-0.049162382874581946,0.09248091429047797,nan,nan,nan,nan
5031,1756792714.4100313,,1756792714.4100313,False,15.04685600428321,3.5619753500158415,-0.031211738271359948,0.09314104139216796,nan,nan,nan,nan
5032,1756792714.4200299,,1756792714.4200299,False,15.074426199922335,3.333889888250537,0.000267577789101538,0.08223451590322631,nan,nan,nan,nan
5033,1756792714.4300296,,1756792714.4300296,False,14.85280697174149,3.034535272182726,0.007924448236437554,0.08320825581297998,nan,nan,nan,nan
5034,1756792714.4401367,,1756792714.4401367,False,14.592434375429425,2.719348093482103,0.006743235339117199,0.08822942150063064,nan,nan,nan,nan
5035,1756792714.450073,,1756792714.450073,False,14.449802089673668,2.4541188681184907,0.035695855225192995,0.06860577190442704,nan,nan,nan,nan
5036,1756792714.4600978,,1756792714.4600978,False,14.120352458347398,2.107511100788307,0.03413530146125224,0.06653677414247118,nan,nan,nan,nan
5037,1756792714.4705334,,1756792714.4705334,False,13.801276796242146,1.7599077913744308,0.05757605017018775,0.04598672990290682,nan,nan,nan,nan
5038,1756792714.48003,,1756792714.48003,False,13.536409826241275,1.4731456099793943,0.08240600470297077,0.025530712022800255,nan,nan,nan,nan
5039,1756792714.4900415,,1756792714.4900415,False,13.189302440292858,1.1023145016723237,0.0929394585006723,0.010889920781067203,nan,nan,nan,nan
5040,1756792714.5000973,,1756792714.5000973,False,12.878491923456933,0.7926819409015728,0.11809672117499516,-0.007415073305581639,nan,nan,nan,nan
5041,1756792714.5100915,,1756792714.5100915,False,12.504658352098552,0.4291748723497162,0.14441967521607035,-0.023803086428884592,nan,nan,nan,nan
5042,1756792714.520122,,1756792714.520122,False,12.123766934966815,0.07269670424452127,0.18435554842041862,-0.044037852008427,nan,nan,nan,nan
5043,1756792714.530035,,1756792714.530035,False,11.781551821570782,-0.23871070656163737,0.23108866823739288,-0.06545008694555078,nan,nan,nan,nan
5044,1756792714.54002,,1756792714.54002,False,11.427513411788247,-0.6054116975576469,0.24247086946861152,-0.06517540468153188,nan,nan,nan,nan
5045,1756792714.5500417,,1756792714.5500417,False,11.07373118355882,-0.9240432399616618,0.3244780624745605,-0.09858219630607777,nan,nan,nan,nan
5046,1756792714.560029,,1756792714.560029,False,10.773503923703949,-1.308348620396923,0.363931898259352,-0.10471478539987653,nan,nan,nan,nan
5047,1756792714.570153,,1756792714.570153,False,10.466037066884812,-1.6542836412251931,0.4240368750643032,-0.11833405271744953,nan,nan,nan,nan
5048,1756792714.5800378,,1756792714.5800378,False,10.21809365374877,-2.0288646642399173,0.4865979296501436,-0.12980755530538216,nan,nan,nan,nan
5049,1756792714.5900414,,1756792714.5900414,False,9.997319731647206,-2.3998459293219985,0.5317316419073059,-0.1329239965568257,nan,nan,nan,nan
5050,1756792714.6000557,,1756792714.6000557,False,9.755058421882277,-2.755616155990519,0.5995571633125938,-0.14247591148321323,nan,nan,nan,nan
5051,1756792714.610029,,1756792714.610029,False,9.579113530645746,-3.122545382772205,0.6571163299666379,-0.1474688427669676,nan,nan,nan,nan
5052,1756792714.6200457,,1756792714.6200457,False,9.402897272795116,-3.5047950563730503,0.72676189852847,-0.15297796642939493,nan,nan,nan,nan
5053,1756792714.630042,,1756792714.630042,False,9.286685576637943,-3.842576721142935,0.7372825967511605,-0.14306243026552562,nan,nan,nan,nan
5054,1756792714.640109,,1756792714.640109,False,9.247508930925747,-4.174186402393138,0.8429063743028085,-0.15309803813698372,nan,nan,nan,nan
5055,1756792714.6500483,,1756792714.6500483,False,9.209290630983974,-4.438585125162759,0.8022538064781226,-0.1321267429543353,nan,nan,nan,nan
5056,1756792714.6600368,,1756792714.6600368,False,9.146852058491273,-4.8501945439977465,0.892042952757045,-0.1311375928280201,nan,nan,nan,nan
5057,1756792714.6700115,,1756792714.6700115,False,9.22065024195197,-4.6933481487135325,0.6603900127976805,-0.09036304515808934,nan,nan,nan,nan
5058,1756792714.680034,,1756792714.680034,False,9.254463785327827,-5.423446010779435,1.1574674064126007,-0.13964319544708514,nan,nan,nan,nan
5059,1756792714.6902516,,1756792714.6902516,False,9.34723893934123,-5.712706175912929,1.2675886379339767,-0.1301697756987224,nan,nan,nan,nan
5060,1756792714.7001083,,1756792714.7001083,False,9.45703625565233,-5.8805564863685555,1.2806463921539237,-0.10885285720039913,nan,nan,nan,nan
5061,1756792714.7100585,,1756792714.7100585,False,9.538519680701874,-5.849044139262289,1.187498359114785,-0.08252056034397051,nan,nan,nan,nan
5062,1756792714.720007,,1756792714.720007,False,9.633296461905914,-5.829573106904402,1.1238694860097809,-0.059608811831486905,nan,nan,nan,nan
5063,1756792714.7300282,,1756792714.7300282,False,9.87150995345933,-5.948469906451668,1.1221104716680863,-0.03770111686427415,nan,nan,nan,nan
5064,1756792714.7400167,,1756792714.7400167,False,9.9405414990696,-5.768015677854453,1.0462874166624538,-0.018138406884569094,nan,nan,nan,nan
5065,1756792714.7500188,,1756792714.7500188,False,10.187021361562655,-5.769816432518617,1.0379711655989503,0.005153892184128021,nan,nan,nan,nan
5066,1756792714.7600167,,1756792714.7600167,False,10.324363457060185,-5.646938117537735,1.0148647873270578,0.02633706152973403,nan,nan,nan,nan
5067,1756792714.7700136,,1756792714.7700136,False,10.496037673800544,-5.527112174807241,0.9754774481327435,0.04883932903044925,nan,nan,nan,nan
5068,1756792714.7800157,,1756792714.7800157,False,10.762493216879403,-5.456601700256502,0.9403189325602761,0.07409978808734322,nan,nan,nan,nan
5069,1756792714.7900484,,1756792714.7900484,False,10.92798926955705,-5.304195985995926,0.915459066923976,0.10038228962498622,nan,nan,nan,nan
5070,1756792714.800027,,1756792714.800027,False,11.11653080332492,-5.150726178044145,0.8798520475418891,0.12208675179492409,nan,nan,nan,nan
5071,1756792714.810012,,1756792714.810012,False,11.25853365892419,-4.972915685108122,0.8510090859408703,0.1471924805948149,nan,nan,nan,nan
5072,1756792714.820075,,1756792714.820075,False,11.323831325804528,-4.771658629747039,0.7999250801858482,0.16217661413928924,nan,nan,nan,nan
5073,1756792714.8300517,,1756792714.8300517,False,11.560354704149667,-4.641117088870584,0.7815822657631257,0.18504386288510744,nan,nan,nan,nan
5074,1756792714.8400285,,1756792714.8400285,False,11.595298775713818,-4.4258383675418385,0.7461692406805565,0.19640762228776776,nan,nan,nan,nan
5075,1756792714.850107,,1756792714.850107,False,11.71575201272884,-4.2519132826029775,0.712366895321828,0.207525262686622,nan,nan,nan,nan
5076,1756792714.860046,,1756792714.860046,False,11.811641968955845,-4.066439946569647,0.7292039693491817,0.21978114956334174,nan,nan,nan,nan
5077,1756792714.870028,,1756792714.870028,False,12.008788080421771,-3.9151490909058886,0.7435916479229613,0.23329614126699477,nan,nan,nan,nan
5078,1756792714.880024,,1756792714.880024,False,12.018558379858929,-3.703961868403392,0.7682916692131454,0.24759229624665285,nan,nan,nan,nan
5079,1756792714.8900316,,1756792714.8900316,False,12.083446840075979,-3.508317865899766,0.8108366696806285,0.2635801864589906,nan,nan,nan,nan
5080,1756792714.90009,,1756792714.90009,False,12.134891261339957,-3.3249982653696333,0.8108174523530512,0.2670513528569775,nan,nan,nan,nan
5081,1756792714.9100423,,1756792714.9100423,False,12.103236249773676,-3.0873515451556175,0.8219426006110795,0.27003635131736514,nan,nan,nan,nan
5082,1756792714.9201872,,1756792714.9201872,False,12.12036971848925,-2.846333065373609,0.8536825991286008,0.28128483333121235,nan,nan,nan,nan
5083,1756792714.9302237,,1756792714.9302237,False,12.164647544244422,-2.636121350996437,0.8797141453299725,0.2930531033360881,nan,nan,nan,nan
5084,1756792714.9400356,,1756792714.9400356,False,12.159893121984714,-2.3784592649503415,0.929160374520893,0.3113940299129262,nan,nan,nan,nan
5085,1756792714.9505708,,1756792714.9505708,False,12.16718466958499,-2.1393913093935675,0.9513211812299376,0.3202461046819293,nan,nan,nan,nan
5086,1756792714.9600294,,1756792714.9600294,False,12.01057431729244,-1.8538208152408415,0.9185984715834795,0.3092111790100795,nan,nan,nan,nan
5087,1756792714.970237,,1756792714.970237,False,11.933619746326432,-1.5731058260161257,0.9432209133585915,0.3200738418026686,nan,nan,nan,nan
5088,1756792714.9800358,,1756792714.9800358,False,11.902011516981243,-1.3354195019713022,0.9590984980287585,0.32696245827346154,nan,nan,nan,nan
5089,1756792714.9900331,,1756792714.9900331,False,11.789318795394967,-1.0505586776420806,0.9327478116778257,0.316825149372646,nan,nan,nan,nan
5090,1756792715.000035,,1756792715.000035,False,11.703449990393526,-0.7984094995174875,0.9220304308676025,0.3139783782204473,nan,nan,nan,nan
5091,1756792715.0101023,,1756792715.0101023,False,11.57926678209889,-0.5224546649315502,0.9071534507167746,0.3065437738128512,nan,nan,nan,nan
5092,1756792715.0200698,,1756792715.0200698,False,11.507255621616542,-0.2821009954105115,0.9069393223319253,0.30505325807444356,nan,nan,nan,nan
5093,1756792715.0300312,,1756792715.0300312,False,11.387858950629418,-0.002550369100569284,0.8760837781273394,0.28704823692786,nan,nan,nan,nan
5094,1756792715.0400224,,1756792715.0400224,False,11.273785423802245,0.266634019020009,0.8536309863391507,0.27140749073893694,nan,nan,nan,nan
5095,1756792715.050073,,1756792715.050073,False,11.210849797894447,0.48940408430270876,0.8506979187099828,0.2643866293047785,nan,nan,nan,nan
5096,1756792715.0600283,,1756792715.0600283,False,11.110612710333994,0.7230801467841065,0.8183660662817228,0.2459737992044033,nan,nan,nan,nan
5097,1756792715.0701034,,1756792715.0701034,False,11.02898414526117,0.9476878928742785,0.7658366524539727,0.22058219315731806,nan,nan,nan,nan
5098,1756792715.0800185,,1756792715.0800185,False,10.980938379674182,1.1283796279996605,0.7445125011053528,0.20501749963007326,nan,nan,nan,nan
5099,1756792715.0900242,,1756792715.0900242,False,10.91661476139063,1.3229372749318165,0.7092946009183818,0.18631461086520593,nan,nan,nan,nan
5100,1756792715.10029,,1756792715.10029,False,10.87080504386769,1.4747423672460263,0.6821224563778178,0.1700929382679019,nan,nan,nan,nan
5101,1756792715.1100318,,1756792715.1100318,False,10.84125657285026,1.6342076423484442,0.6512714199587514,0.15255695797096436,nan,nan,nan,nan
5102,1756792715.120177,,1756792715.120177,False,10.798750564612828,1.761231988113256,0.5904870729652117,0.12797198558895329,nan,nan,nan,nan
5103,1756792715.130027,,1756792715.130027,False,10.790428407824558,1.8974325412566566,0.5791964611628317,0.11548746273046233,nan,nan,nan,nan
5104,1756792715.140033,,1756792715.140033,False,10.795685734794707,2.0373189975782346,0.5602633931577011,0.09978462925825576,nan,nan,nan,nan
5105,1756792715.1500502,,1756792715.1500502,False,10.793338740395315,2.1573552782244674,0.5540367999177928,0.08686954744888163,nan,nan,nan,nan
5106,1756792715.1600244,,1756792715.1600244,False,10.80275422978369,2.265342538686005,0.5284623371701889,0.0719387734612544,nan,nan,nan,nan
5107,1756792715.1701283,,1756792715.1701283,False,10.789548234222405,2.3325302728466775,0.49355681475885077,0.05633491975811225,nan,nan,nan,nan
5108,1756792715.1800253,,1756792715.1800253,False,10.78275385898645,2.424873156109666,0.46558411553343293,0.040704381891184284,nan,nan,nan,nan
5109,1756792715.190132,,1756792715.190132,False,10.786860822972272,2.4761214489923207,0.4467501713253085,0.029155606801724902,nan,nan,nan,nan
5110,1756792715.200027,,1756792715.200027,False,10.788893877719309,2.5555249555445814,0.4306568394975194,0.017380253857876567,nan,nan,nan,nan
5111,1756792715.2100308,,1756792715.2100308,False,10.761699535450113,2.519440388315192,0.38410930712805796,0.004006773832505686,nan,nan,nan,nan
5112,1756792715.220074,,1756792715.220074,False,10.806165391238274,2.5880514019310006,0.3662551782577299,-0.006486371120908305,nan,nan,nan,nan
5113,1756792715.2300427,,1756792715.2300427,False,10.84397576694195,2.6503239235755642,0.3596275478392206,-0.015223152954158131,nan,nan,nan,nan
5114,1756792715.2401195,,1756792715.2401195,False,10.885576692171547,2.720334094611557,0.3477976486631687,-0.024277259663432207,nan,nan,nan,nan
5115,1756792715.250057,,1756792715.250057,False,10.878317986739447,2.695348022723942,0.32308095539976844,-0.03226585959388729,nan,nan,nan,nan
5116,1756792715.2600405,,1756792715.2600405,False,10.859350921944909,2.686127773778185,0.29982232329588715,-0.03987665892840409,nan,nan,nan,nan
5117,1756792715.2702427,,1756792715.2702427,False,10.854403803616618,2.6659918980508728,0.2738656015259481,-0.046489907641707934,nan,nan,nan,nan
5118,1756792715.280039,,1756792715.280039,False,10.892938128582475,2.671543572023963,0.2747769829736525,-0.04935787417536275,nan,nan,nan,nan
5119,1756792715.2900221,,1756792715.2900221,False,10.93599179400493,2.6887789396596546,0.26855801593790496,-0.05298724676637264,nan,nan,nan,nan
5120,1756792715.300026,,1756792715.300026,False,10.94481271840503,2.6933556588553715,0.2511125648765406,-0.05583068746444403,nan,nan,nan,nan
5121,1756792715.3100562,,1756792715.3100562,False,10.94172652134963,2.66494993678516,0.20936607804752985,-0.0608494761315914,nan,nan,nan,nan
5122,1756792715.320209,,1756792715.320209,False,10.935373581859835,2.5778340501029064,0.18354952632197472,-0.06042575526926858,nan,nan,nan,nan
5123,1756792715.3300269,,1756792715.3300269,False,10.97046737599162,2.54395246124296,0.17412801564939884,-0.05960833744532907,nan,nan,nan,nan
5124,1756792715.340033,,1756792715.340033,False,10.972388589434575,2.4584165358413133,0.151962305050803,-0.06080455947420234,nan,nan,nan,nan
5125,1756792715.3500369,,1756792715.3500369,False,11.024517712779208,2.4228408312517757,0.12863548592547977,-0.05958132388680646,nan,nan,nan,nan
5126,1756792715.360033,,1756792715.360033,False,10.987581941093582,2.3032996391826015,0.10188801611243178,-0.057582779856575006,nan,nan,nan,nan
5127,1756792715.3701222,,1756792715.3701222,False,10.968123563947696,2.210180037413314,0.07875234185064216,-0.05436819904748618,nan,nan,nan,nan
5128,1756792715.3800325,,1756792715.3800325,False,10.962661416268713,2.144098469629562,0.05424606168189782,-0.052033843705588306,nan,nan,nan,nan
5129,1756792715.3922524,,1756792715.3922524,False,10.972114148368567,2.04969776827577,0.005933717023955032,-0.04791038056088318,nan,nan,nan,nan
5130,1756792715.4000366,,1756792715.4000366,False,10.980420647185097,1.9859859681069418,-0.031438638172803214,-0.04425263047886371,nan,nan,nan,nan
5131,1756792715.4100268,,1756792715.4100268,False,10.949875404768584,1.8354476543326501,-0.06532336178751426,-0.038545165046973535,nan,nan,nan,nan
5132,1756792715.4202025,,1756792715.4202025,False,10.90988373092106,1.698226020843499,-0.10729109033642083,-0.03391079448400366,nan,nan,nan,nan
5133,1756792715.4300277,,1756792715.4300277,False,10.879802578222959,1.5766628207917186,-0.1356397999934583,-0.028931500708894616,nan,nan,nan,nan
5134,1756792715.4401848,,1756792715.4401848,False,10.842801327442508,1.454797304628929,-0.18845210181274297,-0.022040851252904784,nan,nan,nan,nan
5135,1756792715.4500353,,1756792715.4500353,False,10.852235630233443,1.3939588871042445,-0.257214506114763,-0.014001885442118686,nan,nan,nan,nan
5136,1756792715.4601765,,1756792715.4601765,False,10.793697215190905,1.2267666960568413,-0.30810992487744804,-0.008262696943933294,nan,nan,nan,nan
5137,1756792715.4700391,,1756792715.4700391,False,10.737895074412215,1.0556899809655316,-0.35509725936390363,-0.002576976229189647,nan,nan,nan,nan
5138,1756792715.4800346,,1756792715.4800346,False,10.68291705387204,0.9093571578454783,-0.38827775700036976,0.0024901218329026285,nan,nan,nan,nan
5139,1756792715.490033,,1756792715.490033,False,10.630662702923066,0.7643208517703787,-0.4383960388226682,0.009431386615287182,nan,nan,nan,nan
5140,1756792715.5000324,,1756792715.5000324,False,10.610841164776943,0.6826189752557561,-0.5050808953180329,0.01794444854671584,nan,nan,nan,nan
5141,1756792715.510029,,1756792715.510029,False,10.563442952058006,0.537772678543486,-0.5625110708719281,0.023664728944921217,nan,nan,nan,nan
5142,1756792715.5200264,,1756792715.5200264,False,10.508187770283136,0.35142509301313907,-0.5887361880487748,0.026498160702009273,nan,nan,nan,nan
5143,1756792715.5300376,,1756792715.5300376,False,10.497496692686804,0.2826766455382221,-0.6649472094892942,0.03542328745998403,nan,nan,nan,nan
5144,1756792715.5400412,,1756792715.5400412,False,10.48664226494428,0.17738864585522623,-0.7340862669700932,0.0425316026999961,nan,nan,nan,nan
5145,1756792715.5500317,,1756792715.5500317,False,10.449281559062896,0.06517021453987444,-0.779376601373262,0.04610020610199854,nan,nan,nan,nan
5146,1756792715.560066,,1756792715.560066,False,10.41822818472095,-0.02542148671017326,-0.8552861428460743,0.05074303622276734,nan,nan,nan,nan
5147,1756792715.570024,,1756792715.570024,False,10.38379037720018,-0.14063527219732253,-0.8927155809123258,0.0527044120092548,nan,nan,nan,nan
5092,1756792715.0200698,,1756792715.0200698,False,11.507255621616542,-0.2821009954105115,0.9069393223319253,0.30505325807444356,nan,nan,nan,nan
5093,1756792715.0300312,,1756792715.0300312,False,11.387858950629418,-0.002550369100569284,0.8760837781273394,0.28704823692786,nan,nan,nan,nan
5094,1756792715.0400224,,1756792715.0400224,False,11.273785423802245,0.266634019020009,0.8536309863391507,0.27140749073893694,nan,nan,nan,nan
5095,1756792715.050073,,1756792715.050073,False,11.210849797894447,0.48940408430270876,0.8506979187099828,0.2643866293047785,nan,nan,nan,nan
5096,1756792715.0600283,,1756792715.0600283,False,11.110612710333994,0.7230801467841065,0.8183660662817228,0.2459737992044033,nan,nan,nan,nan
5097,1756792715.0701034,,1756792715.0701034,False,11.02898414526117,0.9476878928742785,0.7658366524539727,0.22058219315731806,nan,nan,nan,nan
5098,1756792715.0800185,,1756792715.0800185,False,10.980938379674182,1.1283796279996605,0.7445125011053528,0.20501749963007326,nan,nan,nan,nan
5099,1756792715.0900242,,1756792715.0900242,False,10.91661476139063,1.3229372749318165,0.7092946009183818,0.18631461086520593,nan,nan,nan,nan
5100,1756792715.10029,,1756792715.10029,False,10.87080504386769,1.4747423672460263,0.6821224563778178,0.1700929382679019,nan,nan,nan,nan
5101,1756792715.1100318,,1756792715.1100318,False,10.84125657285026,1.6342076423484442,0.6512714199587514,0.15255695797096436,nan,nan,nan,nan
5102,1756792715.120177,,1756792715.120177,False,10.798750564612828,1.761231988113256,0.5904870729652117,0.12797198558895329,nan,nan,nan,nan
5103,1756792715.130027,,1756792715.130027,False,10.790428407824558,1.8974325412566566,0.5791964611628317,0.11548746273046233,nan,nan,nan,nan
5104,1756792715.140033,,1756792715.140033,False,10.795685734794707,2.0373189975782346,0.5602633931577011,0.09978462925825576,nan,nan,nan,nan
5105,1756792715.1500502,,1756792715.1500502,False,10.793338740395315,2.1573552782244674,0.5540367999177928,0.08686954744888163,nan,nan,nan,nan
5106,1756792715.1600244,,1756792715.1600244,False,10.80275422978369,2.265342538686005,0.5284623371701889,0.0719387734612544,nan,nan,nan,nan
5107,1756792715.1701283,,1756792715.1701283,False,10.789548234222405,2.3325302728466775,0.49355681475885077,0.05633491975811225,nan,nan,nan,nan
5108,1756792715.1800253,,1756792715.1800253,False,10.78275385898645,2.424873156109666,0.46558411553343293,0.040704381891184284,nan,nan,nan,nan
5109,1756792715.190132,,1756792715.190132,False,10.786860822972272,2.4761214489923207,0.4467501713253085,0.029155606801724902,nan,nan,nan,nan
5110,1756792715.200027,,1756792715.200027,False,10.788893877719309,2.5555249555445814,0.4306568394975194,0.017380253857876567,nan,nan,nan,nan
5111,1756792715.2100308,,1756792715.2100308,False,10.761699535450113,2.519440388315192,0.38410930712805796,0.004006773832505686,nan,nan,nan,nan
5112,1756792715.220074,,1756792715.220074,False,10.806165391238274,2.5880514019310006,0.3662551782577299,-0.006486371120908305,nan,nan,nan,nan
5113,1756792715.2300427,,1756792715.2300427,False,10.84397576694195,2.6503239235755642,0.3596275478392206,-0.015223152954158131,nan,nan,nan,nan
5114,1756792715.2401195,,1756792715.2401195,False,10.885576692171547,2.720334094611557,0.3477976486631687,-0.024277259663432207,nan,nan,nan,nan
5115,1756792715.250057,,1756792715.250057,False,10.878317986739447,2.695348022723942,0.32308095539976844,-0.03226585959388729,nan,nan,nan,nan
5116,1756792715.2600405,,1756792715.2600405,False,10.859350921944909,2.686127773778185,0.29982232329588715,-0.03987665892840409,nan,nan,nan,nan
5117,1756792715.2702427,,1756792715.2702427,False,10.854403803616618,2.6659918980508728,0.2738656015259481,-0.046489907641707934,nan,nan,nan,nan
5118,1756792715.280039,,1756792715.280039,False,10.892938128582475,2.671543572023963,0.2747769829736525,-0.04935787417536275,nan,nan,nan,nan
5119,1756792715.2900221,,1756792715.2900221,False,10.93599179400493,2.6887789396596546,0.26855801593790496,-0.05298724676637264,nan,nan,nan,nan
5120,1756792715.300026,,1756792715.300026,False,10.94481271840503,2.6933556588553715,0.2511125648765406,-0.05583068746444403,nan,nan,nan,nan
5121,1756792715.3100562,,1756792715.3100562,False,10.94172652134963,2.66494993678516,0.20936607804752985,-0.0608494761315914,nan,nan,nan,nan
5122,1756792715.320209,,1756792715.320209,False,10.935373581859835,2.5778340501029064,0.18354952632197472,-0.06042575526926858,nan,nan,nan,nan
5123,1756792715.3300269,,1756792715.3300269,False,10.97046737599162,2.54395246124296,0.17412801564939884,-0.05960833744532907,nan,nan,nan,nan
5124,1756792715.340033,,1756792715.340033,False,10.972388589434575,2.4584165358413133,0.151962305050803,-0.06080455947420234,nan,nan,nan,nan
5125,1756792715.3500369,,1756792715.3500369,False,11.024517712779208,2.4228408312517757,0.12863548592547977,-0.05958132388680646,nan,nan,nan,nan
5126,1756792715.360033,,1756792715.360033,False,10.987581941093582,2.3032996391826015,0.10188801611243178,-0.057582779856575006,nan,nan,nan,nan
5127,1756792715.3701222,,1756792715.3701222,False,10.968123563947696,2.210180037413314,0.07875234185064216,-0.05436819904748618,nan,nan,nan,nan
5128,1756792715.3800325,,1756792715.3800325,False,10.962661416268713,2.144098469629562,0.05424606168189782,-0.052033843705588306,nan,nan,nan,nan
5129,1756792715.3922524,,1756792715.3922524,False,10.972114148368567,2.04969776827577,0.005933717023955032,-0.04791038056088318,nan,nan,nan,nan
5130,1756792715.4000366,,1756792715.4000366,False,10.980420647185097,1.9859859681069418,-0.031438638172803214,-0.04425263047886371,nan,nan,nan,nan
5131,1756792715.4100268,,1756792715.4100268,False,10.949875404768584,1.8354476543326501,-0.06532336178751426,-0.038545165046973535,nan,nan,nan,nan
5132,1756792715.4202025,,1756792715.4202025,False,10.90988373092106,1.698226020843499,-0.10729109033642083,-0.03391079448400366,nan,nan,nan,nan
5133,1756792715.4300277,,1756792715.4300277,False,10.879802578222959,1.5766628207917186,-0.1356397999934583,-0.028931500708894616,nan,nan,nan,nan
5134,1756792715.4401848,,1756792715.4401848,False,10.842801327442508,1.454797304628929,-0.18845210181274297,-0.022040851252904784,nan,nan,nan,nan
5135,1756792715.4500353,,1756792715.4500353,False,10.852235630233443,1.3939588871042445,-0.257214506114763,-0.014001885442118686,nan,nan,nan,nan
5136,1756792715.4601765,,1756792715.4601765,False,10.793697215190905,1.2267666960568413,-0.30810992487744804,-0.008262696943933294,nan,nan,nan,nan
5137,1756792715.4700391,,1756792715.4700391,False,10.737895074412215,1.0556899809655316,-0.35509725936390363,-0.002576976229189647,nan,nan,nan,nan
5138,1756792715.4800346,,1756792715.4800346,False,10.68291705387204,0.9093571578454783,-0.38827775700036976,0.0024901218329026285,nan,nan,nan,nan
5139,1756792715.490033,,1756792715.490033,False,10.630662702923066,0.7643208517703787,-0.4383960388226682,0.009431386615287182,nan,nan,nan,nan
5140,1756792715.5000324,,1756792715.5000324,False,10.610841164776943,0.6826189752557561,-0.5050808953180329,0.01794444854671584,nan,nan,nan,nan
5141,1756792715.510029,,1756792715.510029,False,10.563442952058006,0.537772678543486,-0.5625110708719281,0.023664728944921217,nan,nan,nan,nan
5142,1756792715.5200264,,1756792715.5200264,False,10.508187770283136,0.35142509301313907,-0.5887361880487748,0.026498160702009273,nan,nan,nan,nan
5143,1756792715.5300376,,1756792715.5300376,False,10.497496692686804,0.2826766455382221,-0.6649472094892942,0.03542328745998403,nan,nan,nan,nan
5144,1756792715.5400412,,1756792715.5400412,False,10.48664226494428,0.17738864585522623,-0.7340862669700932,0.0425316026999961,nan,nan,nan,nan
5145,1756792715.5500317,,1756792715.5500317,False,10.449281559062896,0.06517021453987444,-0.779376601373262,0.04610020610199854,nan,nan,nan,nan
5146,1756792715.560066,,1756792715.560066,False,10.41822818472095,-0.02542148671017326,-0.8552861428460743,0.05074303622276734,nan,nan,nan,nan
5147,1756792715.570024,,1756792715.570024,False,10.38379037720018,-0.14063527219732253,-0.8927155809123258,0.0527044120092548,nan,nan,nan,nan
5148,1756792715.5800374,,1756792715.5800374,False,10.364228066261186,-0.24028191046893932,-0.9430339991480577,0.05527809698225579,nan,nan,nan,nan
5149,1756792715.5900245,,1756792715.5900245,False,10.365022934281017,-0.34350140230186704,-0.9741132184787866,0.05779276420811756,nan,nan,nan,nan
5150,1756792715.6000445,,1756792715.6000445,False,10.348748534010786,-0.4236004431970716,-1.0091109353383152,0.058821752280615064,nan,nan,nan,nan
5151,1756792715.6100323,,1756792715.6100323,False,10.343261263780153,-0.5389519667373587,-1.0130892846167219,0.05822047267549797,nan,nan,nan,nan
5152,1756792715.620141,,1756792715.620141,False,10.359181363294207,-0.5937064485103043,-1.0668569922231266,0.060724923175892766,nan,nan,nan,nan
5153,1756792715.6300306,,1756792715.6300306,False,10.353078574855772,-0.67488989888578,-1.0854549402166374,0.059786379474229885,nan,nan,nan,nan
5154,1756792715.6400259,,1756792715.6400259,False,10.363349003904586,-0.7338326755371881,-1.1157570174008882,0.05907998891995728,nan,nan,nan,nan
5155,1756792715.6500335,,1756792715.6500335,False,10.354149761901013,-0.8251110856857508,-1.1183135681012177,0.05632177093527023,nan,nan,nan,nan
5156,1756792715.6600273,,1756792715.6600273,False,10.367297847791063,-0.8453934408197112,-1.166016336562953,0.05362484642551128,nan,nan,nan,nan
5157,1756792715.6702073,,1756792715.6702073,False,10.371621715785894,-0.9353851726585916,-1.1381475677995025,0.049466472471961606,nan,nan,nan,nan
5158,1756792715.6800299,,1756792715.6800299,False,10.392103689480892,-0.9746604449873402,-1.1688454650884632,0.046947627061508554,nan,nan,nan,nan
5159,1756792715.6901488,,1756792715.6901488,False,10.405717296153954,-1.018385139616461,-1.190962573024152,0.04291956254059181,nan,nan,nan,nan
5160,1756792715.7000384,,1756792715.7000384,False,10.42795570065374,-1.0420369664201306,-1.2075743947657436,0.0385287405291838,nan,nan,nan,nan
5161,1756792715.7100532,,1756792715.7100532,False,10.457676088995385,-1.0488886742187205,-1.2387370053827809,0.034042458439255574,nan,nan,nan,nan
5162,1756792715.7202506,,1756792715.7202506,False,10.476150028529913,-1.0847130957596156,-1.2642922632962528,0.027960627229561864,nan,nan,nan,nan
5148,1756792715.5800374,,1756792715.5800374,False,10.364228066261186,-0.24028191046893932,-0.9430339991480577,0.05527809698225579,nan,nan,nan,nan
5149,1756792715.5900245,,1756792715.5900245,False,10.365022934281017,-0.34350140230186704,-0.9741132184787866,0.05779276420811756,nan,nan,nan,nan
5150,1756792715.6000445,,1756792715.6000445,False,10.348748534010786,-0.4236004431970716,-1.0091109353383152,0.058821752280615064,nan,nan,nan,nan
5151,1756792715.6100323,,1756792715.6100323,False,10.343261263780153,-0.5389519667373587,-1.0130892846167219,0.05822047267549797,nan,nan,nan,nan
5152,1756792715.620141,,1756792715.620141,False,10.359181363294207,-0.5937064485103043,-1.0668569922231266,0.060724923175892766,nan,nan,nan,nan
5153,1756792715.6300306,,1756792715.6300306,False,10.353078574855772,-0.67488989888578,-1.0854549402166374,0.059786379474229885,nan,nan,nan,nan
5154,1756792715.6400259,,1756792715.6400259,False,10.363349003904586,-0.7338326755371881,-1.1157570174008882,0.05907998891995728,nan,nan,nan,nan
5155,1756792715.6500335,,1756792715.6500335,False,10.354149761901013,-0.8251110856857508,-1.1183135681012177,0.05632177093527023,nan,nan,nan,nan
5156,1756792715.6600273,,1756792715.6600273,False,10.367297847791063,-0.8453934408197112,-1.166016336562953,0.05362484642551128,nan,nan,nan,nan
5157,1756792715.6702073,,1756792715.6702073,False,10.371621715785894,-0.9353851726585916,-1.1381475677995025,0.049466472471961606,nan,nan,nan,nan
5158,1756792715.6800299,,1756792715.6800299,False,10.392103689480892,-0.9746604449873402,-1.1688454650884632,0.046947627061508554,nan,nan,nan,nan
5159,1756792715.6901488,,1756792715.6901488,False,10.405717296153954,-1.018385139616461,-1.190962573024152,0.04291956254059181,nan,nan,nan,nan
5160,1756792715.7000384,,1756792715.7000384,False,10.42795570065374,-1.0420369664201306,-1.2075743947657436,0.0385287405291838,nan,nan,nan,nan
5161,1756792715.7100532,,1756792715.7100532,False,10.457676088995385,-1.0488886742187205,-1.2387370053827809,0.034042458439255574,nan,nan,nan,nan
5162,1756792715.7202506,,1756792715.7202506,False,10.476150028529913,-1.0847130957596156,-1.2642922632962528,0.027960627229561864,nan,nan,nan,nan
5165,1756792715.7503176,,1756792715.7503176,False,10.543601729102015,-1.1609372507608031,-1.269733678119253,0.010687404743208452,nan,nan,nan,nan
5166,1756792715.7600398,,1756792715.7600398,False,10.560563160481404,-1.182573819382419,-1.2517840892355168,0.004865221835514856,nan,nan,nan,nan
5167,1756792715.7701697,,1756792715.7701697,False,10.572326043780341,-1.2227018252746906,-1.2046454995391151,-0.0014685850465926478,nan,nan,nan,nan
5168,1756792715.78005,,1756792715.78005,False,10.60293635687291,-1.2448001528142858,-1.2267373279154072,-0.007434352042138608,nan,nan,nan,nan
5169,1756792715.7900283,,1756792715.7900283,False,10.620724726465658,-1.2152146050413042,-1.2411112276676086,-0.012811115704847133,nan,nan,nan,nan
5170,1756792715.8000267,,1756792715.8000267,False,10.637092950586236,-1.2307275600212522,-1.2388540677857236,-0.01982717509550463,nan,nan,nan,nan
5171,1756792715.8100314,,1756792715.8100314,False,10.666712947838652,-1.2051391116783146,-1.236206286632199,-0.02406809902592525,nan,nan,nan,nan
5172,1756792715.8200355,,1756792715.8200355,False,10.686032062036684,-1.1914748378044322,-1.2196050228831485,-0.0293910685113266,nan,nan,nan,nan
5173,1756792715.8300343,,1756792715.8300343,False,10.741552797270609,-1.1841184973192678,-1.2484642836878943,-0.03571788383629164,nan,nan,nan,nan
5174,1756792715.8400307,,1756792715.8400307,False,10.78020297603778,-1.1793597448692987,-1.2338265040548981,-0.03904664548441781,nan,nan,nan,nan
5175,1756792715.8500383,,1756792715.8500383,False,10.813740731791379,-1.1649933007794142,-1.259462231435331,-0.04668954195609672,nan,nan,nan,nan
5176,1756792715.8600316,,1756792715.8600316,False,10.827560725595115,-1.17170846675883,-1.2197184102618503,-0.051162100078178945,nan,nan,nan,nan
5177,1756792715.8704314,,1756792715.8704314,False,10.852208974391935,-1.1362351408754896,-1.2056071167209177,-0.05526619265684518,nan,nan,nan,nan
5178,1756792715.8800328,,1756792715.8800328,False,10.901290465575157,-1.1083878870649364,-1.2259596596633888,-0.059320100237576584,nan,nan,nan,nan
5179,1756792715.8906543,,1756792715.8906543,False,10.953531939169743,-1.0918171688221954,-1.2446216129999332,-0.06524455781143088,nan,nan,nan,nan
5180,1756792715.900056,,1756792715.900056,False,10.964697232825353,-1.0919981406036046,-1.1783513680860547,-0.064503285133393,nan,nan,nan,nan
5181,1756792715.9100268,,1756792715.9100268,False,10.982798261175253,-1.0492558278828006,-1.1503167863657533,-0.06792862139312288,nan,nan,nan,nan
5182,1756792715.9201393,,1756792715.9201393,False,11.010636719135382,-0.9582209653572733,-1.1773392950186934,-0.07230930660506438,nan,nan,nan,nan
5183,1756792715.9300084,,1756792715.9300084,False,11.049516271667724,-0.9943030032935668,-1.1102194351765895,-0.0717519476635522,nan,nan,nan,nan
5184,1756792715.9400878,,1756792715.9400878,False,11.073360103158992,-0.9194127273349152,-1.0994181650401533,-0.07534368109889654,nan,nan,nan,nan
5185,1756792715.9500225,,1756792715.9500225,False,11.12212404583507,-0.8801474203339109,-1.1047943247562029,-0.07953197960292087,nan,nan,nan,nan
5186,1756792715.9600222,,1756792715.9600222,False,11.134363798908554,-0.8513264925400214,-1.0393695121453117,-0.07812211192091302,nan,nan,nan,nan
5187,1756792715.9700434,,1756792715.9700434,False,11.178534019517173,-0.7898695762713468,-1.0452312628481006,-0.07975922126609679,nan,nan,nan,nan
5188,1756792715.9800222,,1756792715.9800222,False,11.20954696375488,-0.7525489844832794,-0.9939499631663758,-0.07618290498170613,nan,nan,nan,nan
5189,1756792715.9901617,,1756792715.9901617,False,11.23495932473554,-0.7311009373704636,-0.9315238588681234,-0.07470345366512499,nan,nan,nan,nan
5190,1756792716.0000322,,1756792716.0000322,False,11.287784348995126,-0.666090030723535,-0.9501547052546119,-0.07786393534930844,nan,nan,nan,nan
5191,1756792716.0100214,,1756792716.0100214,False,11.30201636425335,-0.6695702348768573,-0.8605565790956566,-0.07035941342072351,nan,nan,nan,nan
5192,1756792716.0200195,,1756792716.0200195,False,11.314361982958001,-0.5170479304341954,-0.8816273037066915,-0.07237202382466931,nan,nan,nan,nan
5193,1756792716.0300312,,1756792716.0300312,False,11.341524450206908,-0.5354815898748767,-0.8270353194522756,-0.06929618167591999,nan,nan,nan,nan
5194,1756792716.0400355,,1756792716.0400355,False,11.345726773994565,-0.44013057171542136,-0.8126571214362036,-0.0684547493027877,nan,nan,nan,nan
5195,1756792716.0500345,,1756792716.0500345,False,11.368635652776511,-0.3882163528550838,-0.7988268939845244,-0.06761055787054043,nan,nan,nan,nan
5196,1756792716.0600176,,1756792716.0600176,False,11.374149334469733,-0.33873710667014506,-0.7776932500880398,-0.06594037919262308,nan,nan,nan,nan
5197,1756792716.0700607,,1756792716.0700607,False,11.379614009161251,-0.29186504199683455,-0.7098865084663358,-0.059056135900405385,nan,nan,nan,nan
5198,1756792716.0800455,,1756792716.0800455,False,11.390746650752769,-0.24251489880574237,-0.6871984018329337,-0.056533657902031416,nan,nan,nan,nan
5199,1756792716.0900385,,1756792716.0900385,False,11.38614410423058,-0.16858092116428686,-0.649781527851708,-0.052997039344984676,nan,nan,nan,nan
5200,1756792716.100036,,1756792716.100036,False,11.399177791255314,-0.1532099034283977,-0.6120887031604093,-0.04912598565421524,nan,nan,nan,nan
5201,1756792716.1100318,,1756792716.1100318,False,11.381304384280678,-0.044299552793956934,-0.6037629085249836,-0.04743351597743416,nan,nan,nan,nan
5202,1756792716.1200294,,1756792716.1200294,False,11.417263262170248,-0.0585291149292301,-0.5657679471309007,-0.044424440330471014,nan,nan,nan,nan
5203,1756792716.1300297,,1756792716.1300297,False,11.417746802208331,0.01691837085471186,-0.5370081674211338,-0.04260449411675244,nan,nan,nan,nan
5204,1756792716.1400173,,1756792716.1400173,False,11.399918494152223,0.11826822656207385,-0.5113892565203584,-0.03797069626016112,nan,nan,nan,nan
5205,1756792716.1500337,,1756792716.1500337,False,11.389520930390864,0.16388332256550447,-0.48156870358158577,-0.035844710618236665,nan,nan,nan,nan
5206,1756792716.1600344,,1756792716.1600344,False,11.37672254335443,0.20657253562528513,-0.42995418789999507,-0.030781392244924793,nan,nan,nan,nan
5207,1756792716.1700244,,1756792716.1700244,False,11.349009742145622,0.32224470483584783,-0.39301669669232464,-0.027974165156726225,nan,nan,nan,nan
5208,1756792716.180019,,1756792716.180019,False,11.313811218012521,0.43593425400625774,-0.3742585130027494,-0.027146030039890103,nan,nan,nan,nan
5209,1756792716.1900198,,1756792716.1900198,False,11.294030073566377,0.47927235822983544,-0.32464914718759785,-0.023551227710373025,nan,nan,nan,nan
5210,1756792716.2000308,,1756792716.2000308,False,11.261171301483365,0.5684257924515883,-0.28515570175010635,-0.021785633708856812,nan,nan,nan,nan
5211,1756792716.210017,,1756792716.210017,False,11.217767150021796,0.6674972243460345,-0.23100132580960883,-0.019162046054088035,nan,nan,nan,nan
5212,1756792716.220132,,1756792716.220132,False,11.169725964172734,0.7548977301106705,-0.19013876789912248,-0.01651512411672885,nan,nan,nan,nan
5213,1756792716.2300377,,1756792716.2300377,False,11.130746393760061,0.8236434165929306,-0.14156741842719078,-0.014504738168851766,nan,nan,nan,nan
5214,1756792716.2401896,,1756792716.2401896,False,11.057666869196495,1.0005070072557234,-0.08113554066639608,-0.011293594448150252,nan,nan,nan,nan
5215,1756792716.2500405,,1756792716.2500405,False,11.01943958772078,1.0897488323356317,-0.028467440322834586,-0.009572806610111794,nan,nan,nan,nan
5216,1756792716.2600293,,1756792716.2600293,False,10.979752897117494,1.1716125384496636,0.0275927190801684,-0.00663720576410278,nan,nan,nan,nan
5217,1756792716.2701857,,1756792716.2701857,False,10.933148566084478,1.2737263039983884,0.0961535393123821,-0.00423332726737306,nan,nan,nan,nan
5218,1756792716.280037,,1756792716.280037,False,10.881990903166168,1.3899692969045085,0.155612971199707,-0.0025809645834713128,nan,nan,nan,nan
5219,1756792716.2900345,,1756792716.2900345,False,10.847813067656318,1.4593926498777947,0.2136657631103148,-0.000938631334498301,nan,nan,nan,nan
5165,1756792715.7503176,,1756792715.7503176,False,10.543601729102015,-1.1609372507608031,-1.269733678119253,0.010687404743208452,nan,nan,nan,nan
5166,1756792715.7600398,,1756792715.7600398,False,10.560563160481404,-1.182573819382419,-1.2517840892355168,0.004865221835514856,nan,nan,nan,nan
5167,1756792715.7701697,,1756792715.7701697,False,10.572326043780341,-1.2227018252746906,-1.2046454995391151,-0.0014685850465926478,nan,nan,nan,nan
5168,1756792715.78005,,1756792715.78005,False,10.60293635687291,-1.2448001528142858,-1.2267373279154072,-0.007434352042138608,nan,nan,nan,nan
5169,1756792715.7900283,,1756792715.7900283,False,10.620724726465658,-1.2152146050413042,-1.2411112276676086,-0.012811115704847133,nan,nan,nan,nan
5170,1756792715.8000267,,1756792715.8000267,False,10.637092950586236,-1.2307275600212522,-1.2388540677857236,-0.01982717509550463,nan,nan,nan,nan
5171,1756792715.8100314,,1756792715.8100314,False,10.666712947838652,-1.2051391116783146,-1.236206286632199,-0.02406809902592525,nan,nan,nan,nan
5172,1756792715.8200355,,1756792715.8200355,False,10.686032062036684,-1.1914748378044322,-1.2196050228831485,-0.0293910685113266,nan,nan,nan,nan
5173,1756792715.8300343,,1756792715.8300343,False,10.741552797270609,-1.1841184973192678,-1.2484642836878943,-0.03571788383629164,nan,nan,nan,nan
5174,1756792715.8400307,,1756792715.8400307,False,10.78020297603778,-1.1793597448692987,-1.2338265040548981,-0.03904664548441781,nan,nan,nan,nan
5175,1756792715.8500383,,1756792715.8500383,False,10.813740731791379,-1.1649933007794142,-1.259462231435331,-0.04668954195609672,nan,nan,nan,nan
5176,1756792715.8600316,,1756792715.8600316,False,10.827560725595115,-1.17170846675883,-1.2197184102618503,-0.051162100078178945,nan,nan,nan,nan
5177,1756792715.8704314,,1756792715.8704314,False,10.852208974391935,-1.1362351408754896,-1.2056071167209177,-0.05526619265684518,nan,nan,nan,nan
5178,1756792715.8800328,,1756792715.8800328,False,10.901290465575157,-1.1083878870649364,-1.2259596596633888,-0.059320100237576584,nan,nan,nan,nan
5179,1756792715.8906543,,1756792715.8906543,False,10.953531939169743,-1.0918171688221954,-1.2446216129999332,-0.06524455781143088,nan,nan,nan,nan
5180,1756792715.900056,,1756792715.900056,False,10.964697232825353,-1.0919981406036046,-1.1783513680860547,-0.064503285133393,nan,nan,nan,nan
5181,1756792715.9100268,,1756792715.9100268,False,10.982798261175253,-1.0492558278828006,-1.1503167863657533,-0.06792862139312288,nan,nan,nan,nan
5182,1756792715.9201393,,1756792715.9201393,False,11.010636719135382,-0.9582209653572733,-1.1773392950186934,-0.07230930660506438,nan,nan,nan,nan
5183,1756792715.9300084,,1756792715.9300084,False,11.049516271667724,-0.9943030032935668,-1.1102194351765895,-0.0717519476635522,nan,nan,nan,nan
5184,1756792715.9400878,,1756792715.9400878,False,11.073360103158992,-0.9194127273349152,-1.0994181650401533,-0.07534368109889654,nan,nan,nan,nan
5185,1756792715.9500225,,1756792715.9500225,False,11.12212404583507,-0.8801474203339109,-1.1047943247562029,-0.07953197960292087,nan,nan,nan,nan
5186,1756792715.9600222,,1756792715.9600222,False,11.134363798908554,-0.8513264925400214,-1.0393695121453117,-0.07812211192091302,nan,nan,nan,nan
5187,1756792715.9700434,,1756792715.9700434,False,11.178534019517173,-0.7898695762713468,-1.0452312628481006,-0.07975922126609679,nan,nan,nan,nan
5188,1756792715.9800222,,1756792715.9800222,False,11.20954696375488,-0.7525489844832794,-0.9939499631663758,-0.07618290498170613,nan,nan,nan,nan
5189,1756792715.9901617,,1756792715.9901617,False,11.23495932473554,-0.7311009373704636,-0.9315238588681234,-0.07470345366512499,nan,nan,nan,nan
5190,1756792716.0000322,,1756792716.0000322,False,11.287784348995126,-0.666090030723535,-0.9501547052546119,-0.07786393534930844,nan,nan,nan,nan
5191,1756792716.0100214,,1756792716.0100214,False,11.30201636425335,-0.6695702348768573,-0.8605565790956566,-0.07035941342072351,nan,nan,nan,nan
5192,1756792716.0200195,,1756792716.0200195,False,11.314361982958001,-0.5170479304341954,-0.8816273037066915,-0.07237202382466931,nan,nan,nan,nan
5193,1756792716.0300312,,1756792716.0300312,False,11.341524450206908,-0.5354815898748767,-0.8270353194522756,-0.06929618167591999,nan,nan,nan,nan
5194,1756792716.0400355,,1756792716.0400355,False,11.345726773994565,-0.44013057171542136,-0.8126571214362036,-0.0684547493027877,nan,nan,nan,nan
5195,1756792716.0500345,,1756792716.0500345,False,11.368635652776511,-0.3882163528550838,-0.7988268939845244,-0.06761055787054043,nan,nan,nan,nan
5196,1756792716.0600176,,1756792716.0600176,False,11.374149334469733,-0.33873710667014506,-0.7776932500880398,-0.06594037919262308,nan,nan,nan,nan
5197,1756792716.0700607,,1756792716.0700607,False,11.379614009161251,-0.29186504199683455,-0.7098865084663358,-0.059056135900405385,nan,nan,nan,nan
5198,1756792716.0800455,,1756792716.0800455,False,11.390746650752769,-0.24251489880574237,-0.6871984018329337,-0.056533657902031416,nan,nan,nan,nan
5199,1756792716.0900385,,1756792716.0900385,False,11.38614410423058,-0.16858092116428686,-0.649781527851708,-0.052997039344984676,nan,nan,nan,nan
5200,1756792716.100036,,1756792716.100036,False,11.399177791255314,-0.1532099034283977,-0.6120887031604093,-0.04912598565421524,nan,nan,nan,nan
5201,1756792716.1100318,,1756792716.1100318,False,11.381304384280678,-0.044299552793956934,-0.6037629085249836,-0.04743351597743416,nan,nan,nan,nan
5202,1756792716.1200294,,1756792716.1200294,False,11.417263262170248,-0.0585291149292301,-0.5657679471309007,-0.044424440330471014,nan,nan,nan,nan
5203,1756792716.1300297,,1756792716.1300297,False,11.417746802208331,0.01691837085471186,-0.5370081674211338,-0.04260449411675244,nan,nan,nan,nan
5204,1756792716.1400173,,1756792716.1400173,False,11.399918494152223,0.11826822656207385,-0.5113892565203584,-0.03797069626016112,nan,nan,nan,nan
5205,1756792716.1500337,,1756792716.1500337,False,11.389520930390864,0.16388332256550447,-0.48156870358158577,-0.035844710618236665,nan,nan,nan,nan
5206,1756792716.1600344,,1756792716.1600344,False,11.37672254335443,0.20657253562528513,-0.42995418789999507,-0.030781392244924793,nan,nan,nan,nan
5207,1756792716.1700244,,1756792716.1700244,False,11.349009742145622,0.32224470483584783,-0.39301669669232464,-0.027974165156726225,nan,nan,nan,nan
5208,1756792716.180019,,1756792716.180019,False,11.313811218012521,0.43593425400625774,-0.3742585130027494,-0.027146030039890103,nan,nan,nan,nan
5209,1756792716.1900198,,1756792716.1900198,False,11.294030073566377,0.47927235822983544,-0.32464914718759785,-0.023551227710373025,nan,nan,nan,nan
5210,1756792716.2000308,,1756792716.2000308,False,11.261171301483365,0.5684257924515883,-0.28515570175010635,-0.021785633708856812,nan,nan,nan,nan
5211,1756792716.210017,,1756792716.210017,False,11.217767150021796,0.6674972243460345,-0.23100132580960883,-0.019162046054088035,nan,nan,nan,nan
5212,1756792716.220132,,1756792716.220132,False,11.169725964172734,0.7548977301106705,-0.19013876789912248,-0.01651512411672885,nan,nan,nan,nan
5213,1756792716.2300377,,1756792716.2300377,False,11.130746393760061,0.8236434165929306,-0.14156741842719078,-0.014504738168851766,nan,nan,nan,nan
5214,1756792716.2401896,,1756792716.2401896,False,11.057666869196495,1.0005070072557234,-0.08113554066639608,-0.011293594448150252,nan,nan,nan,nan
5215,1756792716.2500405,,1756792716.2500405,False,11.01943958772078,1.0897488323356317,-0.028467440322834586,-0.009572806610111794,nan,nan,nan,nan
5216,1756792716.2600293,,1756792716.2600293,False,10.979752897117494,1.1716125384496636,0.0275927190801684,-0.00663720576410278,nan,nan,nan,nan
5217,1756792716.2701857,,1756792716.2701857,False,10.933148566084478,1.2737263039983884,0.0961535393123821,-0.00423332726737306,nan,nan,nan,nan
5218,1756792716.280037,,1756792716.280037,False,10.881990903166168,1.3899692969045085,0.155612971199707,-0.0025809645834713128,nan,nan,nan,nan
5219,1756792716.2900345,,1756792716.2900345,False,10.847813067656318,1.4593926498777947,0.2136657631103148,-0.000938631334498301,nan,nan,nan,nan
5220,1756792716.3000352,,1756792716.3000352,False,10.860168827166277,1.3954477501747358,0.24534971561447402,-0.00046247381628888845,nan,nan,nan,nan
5221,1756792716.3100367,,1756792716.3100367,False,10.795301320178096,1.6491989496580135,0.31708804648673705,0.000811289258066545,nan,nan,nan,nan
5222,1756792716.3200316,,1756792716.3200316,False,10.758277805335469,1.85358214191021,0.39103068850096656,0.00010831462766070862,nan,nan,nan,nan
5223,1756792716.3300452,,1756792716.3300452,False,10.73083925090324,2.018488748164949,0.456040622453173,0.0001423984635520718,nan,nan,nan,nan
5224,1756792716.340037,,1756792716.340037,False,10.728491716932696,2.1343251275773603,0.5094405573848476,-0.000781780612073984,nan,nan,nan,nan
5225,1756792716.3500257,,1756792716.3500257,False,10.727345280005853,2.305269377688133,0.576570836378147,-0.0035436398201814886,nan,nan,nan,nan
5226,1756792716.3600442,,1756792716.3600442,False,10.738488080594761,2.4307157629819502,0.6464915895293702,-0.0070074826631319875,nan,nan,nan,nan
5227,1756792716.3700867,,1756792716.3700867,False,10.751730175213009,2.5742809865006198,0.7127980263583045,-0.01117114422260719,nan,nan,nan,nan
5228,1756792716.3800437,,1756792716.3800437,False,10.764659857778382,2.657008138403944,0.7865661167282523,-0.015965008692110604,nan,nan,nan,nan
5229,1756792716.3900402,,1756792716.3900402,False,10.807027882630464,2.7792961239620104,0.8573918505206009,-0.024092348660163295,nan,nan,nan,nan
5230,1756792716.4000323,,1756792716.4000323,False,10.860338947504019,2.898409706346133,0.9161597370040658,-0.031204932194040805,nan,nan,nan,nan
5231,1756792716.410207,,1756792716.410207,False,10.904124246613728,2.964805050059463,0.9682965169563971,-0.04022514933916487,nan,nan,nan,nan
5232,1756792716.4200394,,1756792716.4200394,False,10.96390341185699,3.0231708047444403,1.0173334695245437,-0.04957226424583536,nan,nan,nan,nan
5233,1756792716.430038,,1756792716.430038,False,11.049984617609157,3.0445803839705725,1.0393957471634907,-0.05709667621762015,nan,nan,nan,nan
5234,1756792716.440024,,1756792716.440024,False,11.148099249484146,3.1204436297634373,1.0901957835460017,-0.06941581311839555,nan,nan,nan,nan
5235,1756792716.450037,,1756792716.450037,False,11.292125129055629,3.2178436266334263,1.145557401763703,-0.08514640994591502,nan,nan,nan,nan
5236,1756792716.4600308,,1756792716.4600308,False,11.404446804729002,3.207034984658272,1.1640622684501458,-0.09658516449418572,nan,nan,nan,nan
5220,1756792716.3000352,,1756792716.3000352,False,10.860168827166277,1.3954477501747358,0.24534971561447402,-0.00046247381628888845,nan,nan,nan,nan
5221,1756792716.3100367,,1756792716.3100367,False,10.795301320178096,1.6491989496580135,0.31708804648673705,0.000811289258066545,nan,nan,nan,nan
5222,1756792716.3200316,,1756792716.3200316,False,10.758277805335469,1.85358214191021,0.39103068850096656,0.00010831462766070862,nan,nan,nan,nan
5223,1756792716.3300452,,1756792716.3300452,False,10.73083925090324,2.018488748164949,0.456040622453173,0.0001423984635520718,nan,nan,nan,nan
5224,1756792716.340037,,1756792716.340037,False,10.728491716932696,2.1343251275773603,0.5094405573848476,-0.000781780612073984,nan,nan,nan,nan
5225,1756792716.3500257,,1756792716.3500257,False,10.727345280005853,2.305269377688133,0.576570836378147,-0.0035436398201814886,nan,nan,nan,nan
5226,1756792716.3600442,,1756792716.3600442,False,10.738488080594761,2.4307157629819502,0.6464915895293702,-0.0070074826631319875,nan,nan,nan,nan
5227,1756792716.3700867,,1756792716.3700867,False,10.751730175213009,2.5742809865006198,0.7127980263583045,-0.01117114422260719,nan,nan,nan,nan
5228,1756792716.3800437,,1756792716.3800437,False,10.764659857778382,2.657008138403944,0.7865661167282523,-0.015965008692110604,nan,nan,nan,nan
5229,1756792716.3900402,,1756792716.3900402,False,10.807027882630464,2.7792961239620104,0.8573918505206009,-0.024092348660163295,nan,nan,nan,nan
5230,1756792716.4000323,,1756792716.4000323,False,10.860338947504019,2.898409706346133,0.9161597370040658,-0.031204932194040805,nan,nan,nan,nan
5231,1756792716.410207,,1756792716.410207,False,10.904124246613728,2.964805050059463,0.9682965169563971,-0.04022514933916487,nan,nan,nan,nan
5232,1756792716.4200394,,1756792716.4200394,False,10.96390341185699,3.0231708047444403,1.0173334695245437,-0.04957226424583536,nan,nan,nan,nan
5233,1756792716.430038,,1756792716.430038,False,11.049984617609157,3.0445803839705725,1.0393957471634907,-0.05709667621762015,nan,nan,nan,nan
5234,1756792716.440024,,1756792716.440024,False,11.148099249484146,3.1204436297634373,1.0901957835460017,-0.06941581311839555,nan,nan,nan,nan
5235,1756792716.450037,,1756792716.450037,False,11.292125129055629,3.2178436266334263,1.145557401763703,-0.08514640994591502,nan,nan,nan,nan
5236,1756792716.4600308,,1756792716.4600308,False,11.404446804729002,3.207034984658272,1.1640622684501458,-0.09658516449418572,nan,nan,nan,nan
5237,1756792716.4701874,,1756792716.4701874,False,11.551164098022833,3.2495267257720766,1.1907594387870017,-0.11188384983857316,nan,nan,nan,nan
5238,1756792716.4800456,,1756792716.4800456,False,11.697556650216717,3.287626594096635,1.204687701244021,-0.12703179911889098,nan,nan,nan,nan
5239,1756792716.490043,,1756792716.490043,False,11.800914455061838,3.250435053536538,1.1986826612894272,-0.1382681410874689,nan,nan,nan,nan
5240,1756792716.5000398,,1756792716.5000398,False,11.964400013890156,3.2627287789682833,1.2114857564975394,-0.156370284705805,nan,nan,nan,nan
5241,1756792716.510304,,1756792716.510304,False,12.069061305349399,3.204265295177999,1.1949657622136156,-0.16637207828380043,nan,nan,nan,nan
5242,1756792716.5200264,,1756792716.5200264,False,12.282859115941791,3.2374750356372437,1.2240087605125145,-0.18986636230184442,nan,nan,nan,nan
5243,1756792716.5300875,,1756792716.5300875,False,12.44183925765451,3.195671360549678,1.2143071603427895,-0.20425588748111448,nan,nan,nan,nan
5244,1756792716.5400329,,1756792716.5400329,False,12.546717209419151,3.1143768364698063,1.1784991065282158,-0.20895517537483968,nan,nan,nan,nan
5245,1756792716.550101,,1756792716.550101,False,12.72387992847297,3.05854531219427,1.1742475329016395,-0.2218560217032398,nan,nan,nan,nan
5246,1756792716.5600493,,1756792716.5600493,False,12.874875610672396,3.0012762728146676,1.184102147933683,-0.24000695490740584,nan,nan,nan,nan
5247,1756792716.5701895,,1756792716.5701895,False,12.979576315733647,2.905966300972569,1.1554546366745424,-0.24330766231987103,nan,nan,nan,nan
5248,1756792716.5800567,,1756792716.5800567,False,13.180038101854112,2.8827542404745987,1.1575481613845677,-0.2605350108037305,nan,nan,nan,nan
5249,1756792716.5900352,,1756792716.5900352,False,13.27006997517485,2.7838964295953432,1.1244951410086106,-0.2622219956537978,nan,nan,nan,nan
5250,1756792716.6000361,,1756792716.6000361,False,13.447576764734876,2.7137887049157148,1.1196313906787139,-0.2751112055392383,nan,nan,nan,nan
5251,1756792716.610031,,1756792716.610031,False,13.543928797554988,2.593046398032638,1.102811190331719,-0.27758070539716023,nan,nan,nan,nan
5252,1756792716.6200268,,1756792716.6200268,False,13.7239169227235,2.5111287778535085,1.112422142117508,-0.2926127738242025,nan,nan,nan,nan
5253,1756792716.6300468,,1756792716.6300468,False,13.779333527178997,2.3568865983053833,1.0563048479128199,-0.2761110347267538,nan,nan,nan,nan
5254,1756792716.6400275,,1756792716.6400275,False,13.904141306379904,2.2685729747858896,1.0615484325108995,-0.28892912989790664,nan,nan,nan,nan
5255,1756792716.6504714,,1756792716.6504714,False,14.041694197547715,2.1672127896307467,1.054205821056877,-0.29602831933544316,nan,nan,nan,nan
5256,1756792716.6600256,,1756792716.6600256,False,14.154749309435758,2.083840549965235,1.0444601205458341,-0.3027867831160996,nan,nan,nan,nan
5257,1756792716.6701422,,1756792716.6701422,False,14.22302974023664,1.9668136872268418,1.007596334650376,-0.29485578877531854,nan,nan,nan,nan
5258,1756792716.6800375,,1756792716.6800375,False,14.325292965621717,1.852669918538804,0.9615203214095609,-0.28211287753134384,nan,nan,nan,nan
5259,1756792716.690036,,1756792716.690036,False,14.38609010964612,1.7280026934995982,0.9368099980331952,-0.2801310350071485,nan,nan,nan,nan
5260,1756792716.7000623,,1756792716.7000623,False,14.494381632945153,1.6293351375655476,0.9207128777176697,-0.2775263128368218,nan,nan,nan,nan
5261,1756792716.7100482,,1756792716.7100482,False,14.528313120050445,1.5044530622247194,0.8672587681743209,-0.25361532132482306,nan,nan,nan,nan
5262,1756792716.7200286,,1756792716.7200286,False,14.549254346980993,1.3925689811843376,0.8625019949866704,-0.2526619300666902,nan,nan,nan,nan
5263,1756792716.7300444,,1756792716.7300444,False,14.604873917977867,1.3008582408168832,0.8342407422428954,-0.24154867336512356,nan,nan,nan,nan
5264,1756792716.7400553,,1756792716.7400553,False,14.585743861061816,1.1816551786934673,0.8287884916261206,-0.23689332401278307,nan,nan,nan,nan
5265,1756792716.7500458,,1756792716.7500458,False,14.604178391665585,1.0895610958408977,0.7960252156938364,-0.22019693746265273,nan,nan,nan,nan
5266,1756792716.76008,,1756792716.76008,False,14.559997524330324,0.9611987816068625,0.7857025270934896,-0.21408079733120933,nan,nan,nan,nan
5267,1756792716.7700756,,1756792716.7700756,False,14.57220934362638,0.8526364087391367,0.7587081404466622,-0.19999469631372385,nan,nan,nan,nan
5268,1756792716.780048,,1756792716.780048,False,14.533824136169073,0.7271622238490146,0.7083885045063307,-0.17132262579781912,nan,nan,nan,nan
5269,1756792716.7900596,,1756792716.7900596,False,14.502004840566734,0.6174797793081575,0.6999674690826835,-0.16594090886640894,nan,nan,nan,nan
5270,1756792716.8000498,,1756792716.8000498,False,14.412053562231524,0.49312668315042485,0.6659704314438465,-0.14410439326292585,nan,nan,nan,nan
5271,1756792716.8100393,,1756792716.8100393,False,14.318651832498777,0.35353752111184455,0.6433717189532039,-0.1301613843960647,nan,nan,nan,nan
5272,1756792716.82004,,1756792716.82004,False,14.278095115164582,0.26463127528030267,0.5776742815366422,-0.09291237858811659,nan,nan,nan,nan
5273,1756792716.8300447,,1756792716.8300447,False,14.086303246331576,0.11607582866375064,0.5907757078117762,-0.09440667725090471,nan,nan,nan,nan
5274,1756792716.8400366,,1756792716.8400366,False,13.917200705749918,-0.0021907969642339753,0.5490296532301597,-0.06895656018438401,nan,nan,nan,nan
5275,1756792716.8500452,,1756792716.8500452,False,13.744545899029744,-0.1324375117656585,0.5515976879663892,-0.06604779372220543,nan,nan,nan,nan
5276,1756792716.8600476,,1756792716.8600476,False,13.642482080152714,-0.2621462608328954,0.5042239078230475,-0.03596136382454591,nan,nan,nan,nan
5277,1756792716.8700652,,1756792716.8700652,False,13.484553530369134,-0.40673632546933697,0.49124780835045756,-0.023803318599830994,nan,nan,nan,nan
5278,1756792716.880057,,1756792716.880057,False,13.323216975300857,-0.5422392287570069,0.49044309351077,-0.015096331800792357,nan,nan,nan,nan
5279,1756792716.8900318,,1756792716.8900318,False,13.110829241906535,-0.6908127234302496,0.4899951702002072,-0.006513972804887408,nan,nan,nan,nan
5280,1756792716.9000652,,1756792716.9000652,False,12.942657730146689,-0.801419698107988,0.469698329543462,0.008161110591227401,nan,nan,nan,nan
5281,1756792716.9100723,,1756792716.9100723,False,12.726249666574969,-0.9402902956973576,0.4531732824272469,0.02277647126281641,nan,nan,nan,nan
5282,1756792716.920045,,1756792716.920045,False,12.51207344166111,-1.097862228921572,0.43973635525660115,0.034117675373863426,nan,nan,nan,nan
5283,1756792716.9300494,,1756792716.9300494,False,12.35953381956332,-1.1962289695124748,0.4099083610586316,0.04946650284125066,nan,nan,nan,nan
5284,1756792716.940039,,1756792716.940039,False,12.177885648056524,-1.335015230447787,0.3884767808602864,0.06018030079310985,nan,nan,nan,nan
5285,1756792716.950058,,1756792716.950058,False,11.933998417726517,-1.4948259692400552,0.40166039033721107,0.05952272256095662,nan,nan,nan,nan
5286,1756792716.9600415,,1756792716.9600415,False,11.703331515192977,-1.6371939639336814,0.39294498602263345,0.06651422347786103,nan,nan,nan,nan
5287,1756792716.9700797,,1756792716.9700797,False,11.474598842404104,-1.8171042152961083,0.4076944299114126,0.06655472191430901,nan,nan,nan,nan
5288,1756792716.9800491,,1756792716.9800491,False,11.276775473973304,-1.9740883566680296,0.4149924531408222,0.07012622705089715,nan,nan,nan,nan
5289,1756792716.9900548,,1756792716.9900548,False,11.109591325130667,-2.084631603281081,0.4030373231247967,0.07845509092398917,nan,nan,nan,nan
5290,1756792717.0000546,,1756792717.0000546,False,10.887911373045169,-2.294736631372267,0.4358260031723853,0.07610862684397234,nan,nan,nan,nan
5291,1756792717.0100474,,1756792717.0100474,False,10.713739516247596,-2.4411206177452214,0.4386461058068999,0.08079617522843573,nan,nan,nan,nan
5292,1756792717.0209043,,1756792717.0209043,False,10.568253112342452,-2.565758853851257,0.4417483700549006,0.08625506502560198,nan,nan,nan,nan
5293,1756792717.0300298,,1756792717.0300298,False,10.395883223231955,-2.771274732657931,0.47471243268915375,0.08543748897030777,nan,nan,nan,nan
5294,1756792717.0400443,,1756792717.0400443,False,10.26282677968449,-2.9108009286261844,0.4870569843530765,0.08854003896365248,nan,nan,nan,nan
5295,1756792717.0500479,,1756792717.0500479,False,10.113677957349413,-3.1359366744704027,0.5242829792518457,0.0889743174984348,nan,nan,nan,nan
5240,1756792716.5000398,,1756792716.5000398,False,11.964400013890156,3.2627287789682833,1.2114857564975394,-0.156370284705805,nan,nan,nan,nan
5241,1756792716.510304,,1756792716.510304,False,12.069061305349399,3.204265295177999,1.1949657622136156,-0.16637207828380043,nan,nan,nan,nan
5242,1756792716.5200264,,1756792716.5200264,False,12.282859115941791,3.2374750356372437,1.2240087605125145,-0.18986636230184442,nan,nan,nan,nan
5243,1756792716.5300875,,1756792716.5300875,False,12.44183925765451,3.195671360549678,1.2143071603427895,-0.20425588748111448,nan,nan,nan,nan
5244,1756792716.5400329,,1756792716.5400329,False,12.546717209419151,3.1143768364698063,1.1784991065282158,-0.20895517537483968,nan,nan,nan,nan
5245,1756792716.550101,,1756792716.550101,False,12.72387992847297,3.05854531219427,1.1742475329016395,-0.2218560217032398,nan,nan,nan,nan
5246,1756792716.5600493,,1756792716.5600493,False,12.874875610672396,3.0012762728146676,1.184102147933683,-0.24000695490740584,nan,nan,nan,nan
5247,1756792716.5701895,,1756792716.5701895,False,12.979576315733647,2.905966300972569,1.1554546366745424,-0.24330766231987103,nan,nan,nan,nan
5248,1756792716.5800567,,1756792716.5800567,False,13.180038101854112,2.8827542404745987,1.1575481613845677,-0.2605350108037305,nan,nan,nan,nan
5249,1756792716.5900352,,1756792716.5900352,False,13.27006997517485,2.7838964295953432,1.1244951410086106,-0.2622219956537978,nan,nan,nan,nan
5250,1756792716.6000361,,1756792716.6000361,False,13.447576764734876,2.7137887049157148,1.1196313906787139,-0.2751112055392383,nan,nan,nan,nan
5251,1756792716.610031,,1756792716.610031,False,13.543928797554988,2.593046398032638,1.102811190331719,-0.27758070539716023,nan,nan,nan,nan
5252,1756792716.6200268,,1756792716.6200268,False,13.7239169227235,2.5111287778535085,1.112422142117508,-0.2926127738242025,nan,nan,nan,nan
5253,1756792716.6300468,,1756792716.6300468,False,13.779333527178997,2.3568865983053833,1.0563048479128199,-0.2761110347267538,nan,nan,nan,nan
5254,1756792716.6400275,,1756792716.6400275,False,13.904141306379904,2.2685729747858896,1.0615484325108995,-0.28892912989790664,nan,nan,nan,nan
5255,1756792716.6504714,,1756792716.6504714,False,14.041694197547715,2.1672127896307467,1.054205821056877,-0.29602831933544316,nan,nan,nan,nan
5256,1756792716.6600256,,1756792716.6600256,False,14.154749309435758,2.083840549965235,1.0444601205458341,-0.3027867831160996,nan,nan,nan,nan
5257,1756792716.6701422,,1756792716.6701422,False,14.22302974023664,1.9668136872268418,1.007596334650376,-0.29485578877531854,nan,nan,nan,nan
5258,1756792716.6800375,,1756792716.6800375,False,14.325292965621717,1.852669918538804,0.9615203214095609,-0.28211287753134384,nan,nan,nan,nan
5259,1756792716.690036,,1756792716.690036,False,14.38609010964612,1.7280026934995982,0.9368099980331952,-0.2801310350071485,nan,nan,nan,nan
5260,1756792716.7000623,,1756792716.7000623,False,14.494381632945153,1.6293351375655476,0.9207128777176697,-0.2775263128368218,nan,nan,nan,nan
5261,1756792716.7100482,,1756792716.7100482,False,14.528313120050445,1.5044530622247194,0.8672587681743209,-0.25361532132482306,nan,nan,nan,nan
5262,1756792716.7200286,,1756792716.7200286,False,14.549254346980993,1.3925689811843376,0.8625019949866704,-0.2526619300666902,nan,nan,nan,nan
5263,1756792716.7300444,,1756792716.7300444,False,14.604873917977867,1.3008582408168832,0.8342407422428954,-0.24154867336512356,nan,nan,nan,nan
5264,1756792716.7400553,,1756792716.7400553,False,14.585743861061816,1.1816551786934673,0.8287884916261206,-0.23689332401278307,nan,nan,nan,nan
5265,1756792716.7500458,,1756792716.7500458,False,14.604178391665585,1.0895610958408977,0.7960252156938364,-0.22019693746265273,nan,nan,nan,nan
5266,1756792716.76008,,1756792716.76008,False,14.559997524330324,0.9611987816068625,0.7857025270934896,-0.21408079733120933,nan,nan,nan,nan
5267,1756792716.7700756,,1756792716.7700756,False,14.57220934362638,0.8526364087391367,0.7587081404466622,-0.19999469631372385,nan,nan,nan,nan
5268,1756792716.780048,,1756792716.780048,False,14.533824136169073,0.7271622238490146,0.7083885045063307,-0.17132262579781912,nan,nan,nan,nan
5269,1756792716.7900596,,1756792716.7900596,False,14.502004840566734,0.6174797793081575,0.6999674690826835,-0.16594090886640894,nan,nan,nan,nan
5270,1756792716.8000498,,1756792716.8000498,False,14.412053562231524,0.49312668315042485,0.6659704314438465,-0.14410439326292585,nan,nan,nan,nan
5271,1756792716.8100393,,1756792716.8100393,False,14.318651832498777,0.35353752111184455,0.6433717189532039,-0.1301613843960647,nan,nan,nan,nan
5272,1756792716.82004,,1756792716.82004,False,14.278095115164582,0.26463127528030267,0.5776742815366422,-0.09291237858811659,nan,nan,nan,nan
5273,1756792716.8300447,,1756792716.8300447,False,14.086303246331576,0.11607582866375064,0.5907757078117762,-0.09440667725090471,nan,nan,nan,nan
5274,1756792716.8400366,,1756792716.8400366,False,13.917200705749918,-0.0021907969642339753,0.5490296532301597,-0.06895656018438401,nan,nan,nan,nan
5275,1756792716.8500452,,1756792716.8500452,False,13.744545899029744,-0.1324375117656585,0.5515976879663892,-0.06604779372220543,nan,nan,nan,nan
5276,1756792716.8600476,,1756792716.8600476,False,13.642482080152714,-0.2621462608328954,0.5042239078230475,-0.03596136382454591,nan,nan,nan,nan
5277,1756792716.8700652,,1756792716.8700652,False,13.484553530369134,-0.40673632546933697,0.49124780835045756,-0.023803318599830994,nan,nan,nan,nan
5278,1756792716.880057,,1756792716.880057,False,13.323216975300857,-0.5422392287570069,0.49044309351077,-0.015096331800792357,nan,nan,nan,nan
5279,1756792716.8900318,,1756792716.8900318,False,13.110829241906535,-0.6908127234302496,0.4899951702002072,-0.006513972804887408,nan,nan,nan,nan
5280,1756792716.9000652,,1756792716.9000652,False,12.942657730146689,-0.801419698107988,0.469698329543462,0.008161110591227401,nan,nan,nan,nan
5281,1756792716.9100723,,1756792716.9100723,False,12.726249666574969,-0.9402902956973576,0.4531732824272469,0.02277647126281641,nan,nan,nan,nan
5282,1756792716.920045,,1756792716.920045,False,12.51207344166111,-1.097862228921572,0.43973635525660115,0.034117675373863426,nan,nan,nan,nan
5283,1756792716.9300494,,1756792716.9300494,False,12.35953381956332,-1.1962289695124748,0.4099083610586316,0.04946650284125066,nan,nan,nan,nan
5284,1756792716.940039,,1756792716.940039,False,12.177885648056524,-1.335015230447787,0.3884767808602864,0.06018030079310985,nan,nan,nan,nan
5285,1756792716.950058,,1756792716.950058,False,11.933998417726517,-1.4948259692400552,0.40166039033721107,0.05952272256095662,nan,nan,nan,nan
5286,1756792716.9600415,,1756792716.9600415,False,11.703331515192977,-1.6371939639336814,0.39294498602263345,0.06651422347786103,nan,nan,nan,nan
5287,1756792716.9700797,,1756792716.9700797,False,11.474598842404104,-1.8171042152961083,0.4076944299114126,0.06655472191430901,nan,nan,nan,nan
5288,1756792716.9800491,,1756792716.9800491,False,11.276775473973304,-1.9740883566680296,0.4149924531408222,0.07012622705089715,nan,nan,nan,nan
5289,1756792716.9900548,,1756792716.9900548,False,11.109591325130667,-2.084631603281081,0.4030373231247967,0.07845509092398917,nan,nan,nan,nan
5290,1756792717.0000546,,1756792717.0000546,False,10.887911373045169,-2.294736631372267,0.4358260031723853,0.07610862684397234,nan,nan,nan,nan
5291,1756792717.0100474,,1756792717.0100474,False,10.713739516247596,-2.4411206177452214,0.4386461058068999,0.08079617522843573,nan,nan,nan,nan
5292,1756792717.0209043,,1756792717.0209043,False,10.568253112342452,-2.565758853851257,0.4417483700549006,0.08625506502560198,nan,nan,nan,nan
5293,1756792717.0300298,,1756792717.0300298,False,10.395883223231955,-2.771274732657931,0.47471243268915375,0.08543748897030777,nan,nan,nan,nan
5294,1756792717.0400443,,1756792717.0400443,False,10.26282677968449,-2.9108009286261844,0.4870569843530765,0.08854003896365248,nan,nan,nan,nan
5295,1756792717.0500479,,1756792717.0500479,False,10.113677957349413,-3.1359366744704027,0.5242829792518457,0.0889743174984348,nan,nan,nan,nan
5296,1756792717.0600567,,1756792717.0600567,False,9.99383574526933,-3.2948230235072,0.5516004210215758,0.09044448374507585,nan,nan,nan,nan
5297,1756792717.070354,,1756792717.070354,False,9.884777455707816,-3.4393598588783023,0.5751373862766676,0.09264616557369225,nan,nan,nan,nan
5298,1756792717.0800445,,1756792717.0800445,False,9.781566539783498,-3.682030716399939,0.6134057486158021,0.0947623974936077,nan,nan,nan,nan
5299,1756792717.0900424,,1756792717.0900424,False,9.730045835308378,-3.7062641542520773,0.6013186141746366,0.10087461365817983,nan,nan,nan,nan
5300,1756792717.1001427,,1756792717.1001427,False,9.693140769041685,-3.935954204165275,0.6410291229630003,0.10233658544913854,nan,nan,nan,nan
5301,1756792717.11003,,1756792717.11003,False,9.66948706814701,-3.9868406318534166,0.64102652235671,0.10761909942894099,nan,nan,nan,nan
5302,1756792717.1200173,,1756792717.1200173,False,9.665694283281939,-4.1499880678456895,0.6713437746785661,0.11137517377162222,nan,nan,nan,nan
5303,1756792717.1300845,,1756792717.1300845,False,9.68142597672421,-4.224387037021829,0.6844088098849921,0.11655903766803462,nan,nan,nan,nan
5304,1756792717.1401117,,1756792717.1401117,False,9.677347898593382,-4.285116367128943,0.695260061080086,0.12188483763126616,nan,nan,nan,nan
5305,1756792717.1502295,,1756792717.1502295,False,9.689004152739678,-4.348284317313316,0.7085969980901048,0.12850617392877917,nan,nan,nan,nan
5306,1756792717.1600227,,1756792717.1600227,False,9.742141572078456,-4.456957581505026,0.7269842633359915,0.13523434471893686,nan,nan,nan,nan
5307,1756792717.1700168,,1756792717.1700168,False,9.755948691974893,-4.451548707662135,0.7188062964782111,0.14227056324341053,nan,nan,nan,nan
5308,1756792717.1800299,,1756792717.1800299,False,9.825874277674712,-4.482920424831939,0.7071907642858885,0.14974661355824218,nan,nan,nan,nan
5309,1756792717.190024,,1756792717.190024,False,9.939303169518476,-4.5891104998177745,0.7015187332588005,0.15871890490544485,nan,nan,nan,nan
5296,1756792717.0600567,,1756792717.0600567,False,9.99383574526933,-3.2948230235072,0.5516004210215758,0.09044448374507585,nan,nan,nan,nan
5297,1756792717.070354,,1756792717.070354,False,9.884777455707816,-3.4393598588783023,0.5751373862766676,0.09264616557369225,nan,nan,nan,nan
5298,1756792717.0800445,,1756792717.0800445,False,9.781566539783498,-3.682030716399939,0.6134057486158021,0.0947623974936077,nan,nan,nan,nan
5299,1756792717.0900424,,1756792717.0900424,False,9.730045835308378,-3.7062641542520773,0.6013186141746366,0.10087461365817983,nan,nan,nan,nan
5300,1756792717.1001427,,1756792717.1001427,False,9.693140769041685,-3.935954204165275,0.6410291229630003,0.10233658544913854,nan,nan,nan,nan
5301,1756792717.11003,,1756792717.11003,False,9.66948706814701,-3.9868406318534166,0.64102652235671,0.10761909942894099,nan,nan,nan,nan
5302,1756792717.1200173,,1756792717.1200173,False,9.665694283281939,-4.1499880678456895,0.6713437746785661,0.11137517377162222,nan,nan,nan,nan
5303,1756792717.1300845,,1756792717.1300845,False,9.68142597672421,-4.224387037021829,0.6844088098849921,0.11655903766803462,nan,nan,nan,nan
5304,1756792717.1401117,,1756792717.1401117,False,9.677347898593382,-4.285116367128943,0.695260061080086,0.12188483763126616,nan,nan,nan,nan
5305,1756792717.1502295,,1756792717.1502295,False,9.689004152739678,-4.348284317313316,0.7085969980901048,0.12850617392877917,nan,nan,nan,nan
5306,1756792717.1600227,,1756792717.1600227,False,9.742141572078456,-4.456957581505026,0.7269842633359915,0.13523434471893686,nan,nan,nan,nan
5307,1756792717.1700168,,1756792717.1700168,False,9.755948691974893,-4.451548707662135,0.7188062964782111,0.14227056324341053,nan,nan,nan,nan
5308,1756792717.1800299,,1756792717.1800299,False,9.825874277674712,-4.482920424831939,0.7071907642858885,0.14974661355824218,nan,nan,nan,nan
5309,1756792717.190024,,1756792717.190024,False,9.939303169518476,-4.5891104998177745,0.7015187332588005,0.15871890490544485,nan,nan,nan,nan
5311,1756792717.210029,,1756792717.210029,False,10.051952646206637,-4.438297751171264,0.6598884383751691,0.17279629157089826,nan,nan,nan,nan
5312,1756792717.2201455,,1756792717.2201455,False,10.214435767926616,-4.479269169141798,0.671065945652601,0.18298168860891495,nan,nan,nan,nan
5313,1756792717.230039,,1756792717.230039,False,10.331028393063233,-4.418278236588276,0.6619025159823901,0.18967953877748056,nan,nan,nan,nan
5314,1756792717.240136,,1756792717.240136,False,10.264803364705168,-4.117879983816118,0.619818061637288,0.19257231949969184,nan,nan,nan,nan
5315,1756792717.2500367,,1756792717.2500367,False,10.537866469284696,-4.2157290735726365,0.6280909576756977,0.20791273926629578,nan,nan,nan,nan
5316,1756792717.260028,,1756792717.260028,False,10.618484002452412,-4.068020267522524,0.6118745714662149,0.2133266651168832,nan,nan,nan,nan
5317,1756792717.2700388,,1756792717.2700388,False,10.765258921196645,-3.951436654334271,0.5928740034139887,0.220180420619783,nan,nan,nan,nan
5318,1756792717.280033,,1756792717.280033,False,10.82013345000295,-3.761572061316304,0.5480518865824009,0.21828335609270086,nan,nan,nan,nan
5319,1756792717.2900295,,1756792717.2900295,False,10.870616144848277,-3.5726204735171025,0.5243173707618616,0.22154279096376364,nan,nan,nan,nan
5320,1756792717.300047,,1756792717.300047,False,11.018793981566855,-3.457989847901976,0.5156421355618572,0.22881043591200248,nan,nan,nan,nan
5321,1756792717.3100357,,1756792717.3100357,False,11.104899292448271,-3.3016746144564344,0.4935254764478556,0.23089304836309246,nan,nan,nan,nan
5322,1756792717.3200533,,1756792717.3200533,False,11.220436947613686,-3.1623261571990344,0.4735943400675503,0.2316921546494393,nan,nan,nan,nan
5323,1756792717.3300395,,1756792717.3300395,False,11.160741176706933,-2.909418566835673,0.4465686696960267,0.22782882256900838,nan,nan,nan,nan
5324,1756792717.3400307,,1756792717.3400307,False,11.277939414513748,-2.7637312162735057,0.4139470272881916,0.2246452398789012,nan,nan,nan,nan
5325,1756792717.350084,,1756792717.350084,False,11.338110015923492,-2.6062728407495173,0.3857681975686446,0.218475465540846,nan,nan,nan,nan
5326,1756792717.3600368,,1756792717.3600368,False,11.472405206156154,-2.4753509417048387,0.35769390924152233,0.21149149075332652,nan,nan,nan,nan
5327,1756792717.3700342,,1756792717.3700342,False,11.463487447962786,-2.2686843618490555,0.33273260337731886,0.2045121980281562,nan,nan,nan,nan
5328,1756792717.380031,,1756792717.380031,False,11.533260108578554,-2.1284874331061827,0.3247602089154188,0.20123380373512276,nan,nan,nan,nan
5329,1756792717.3900476,,1756792717.3900476,False,11.616800321681556,-2.005167076088445,0.3103795616538238,0.19475493645767564,nan,nan,nan,nan
5330,1756792717.400057,,1756792717.400057,False,11.586952674609504,-1.79510028954848,0.29303833746919694,0.1825883629889621,nan,nan,nan,nan
5331,1756792717.410024,,1756792717.410024,False,11.63874875501823,-1.6411991167910798,0.27134396936962146,0.17198844575328687,nan,nan,nan,nan
5332,1756792717.420228,,1756792717.420228,False,11.618281789351784,-1.447212375596115,0.25543170548428923,0.16124931983365054,nan,nan,nan,nan
5333,1756792717.430024,,1756792717.430024,False,11.74437408707321,-1.3761963267877733,0.2334029510345719,0.15097467250647284,nan,nan,nan,nan
5334,1756792717.440007,,1756792717.440007,False,11.81353996470858,-1.2498587970628032,0.19988066912743913,0.1372504744328277,nan,nan,nan,nan
5335,1756792717.4500382,,1756792717.4500382,False,11.931822693942314,-1.1748985638143803,0.17537954460272642,0.12448864933788234,nan,nan,nan,nan
5336,1756792717.4600363,,1756792717.4600363,False,11.937232872436248,-0.9974191890059023,0.14735907997223574,0.1143251076773081,nan,nan,nan,nan
5337,1756792717.4702127,,1756792717.4702127,False,11.955456973377236,-0.840643642723529,0.12749223665512055,0.10527803938145212,nan,nan,nan,nan
5338,1756792717.4800172,,1756792717.4800172,False,11.99234776766459,-0.7283051814672519,0.1055416668142198,0.09461684260514772,nan,nan,nan,nan
5339,1756792717.4900098,,1756792717.4900098,False,12.005175102020845,-0.579340421054528,0.0778045013371431,0.0826845034481339,nan,nan,nan,nan
5340,1756792717.5000587,,1756792717.5000587,False,12.081205812266575,-0.49303652299502687,0.03997796592587752,0.06747743419955486,nan,nan,nan,nan
5341,1756792717.5100229,,1756792717.5100229,False,12.113481197171287,-0.3768708578506449,0.009927202204640004,0.05156889622463529,nan,nan,nan,nan
5342,1756792717.5200496,,1756792717.5200496,False,12.081503841196453,-0.2477614872171868,-0.0035538228825879293,0.043297148677855696,nan,nan,nan,nan
5343,1756792717.5300357,,1756792717.5300357,False,12.033986447465695,-0.10825676611266757,-0.02220567523866573,0.03128632746712041,nan,nan,nan,nan
5344,1756792717.5401816,,1756792717.5401816,False,12.106804393234041,-0.051228279405154384,-0.07103513502017127,0.01186646161442687,nan,nan,nan,nan
5345,1756792717.550156,,1756792717.550156,False,12.061010791795342,0.03360925733246591,-0.07416376501664512,0.005532070063044665,nan,nan,nan,nan
5346,1756792717.5600162,,1756792717.5600162,False,12.058818414916715,0.11441596144345112,-0.10674509771195259,-0.008713592495320083,nan,nan,nan,nan
5347,1756792717.5700147,,1756792717.5700147,False,10.939049545644226,0.9532276856079756,0.4465347796371303,0.13742007954560784,nan,nan,nan,nan
5348,1756792717.580045,,1756792717.580045,False,11.884786489591258,0.3290065134143807,-0.09791651010734827,-0.011688380922813341,nan,nan,nan,nan
5349,1756792717.5900297,,1756792717.5900297,False,12.0785609216182,0.24009937194820305,-0.22234840580256635,-0.04899816444869677,nan,nan,nan,nan
5350,1756792717.6000376,,1756792717.6000376,False,12.086066906357187,0.26494825813636963,-0.283197230023127,-0.06010293100719095,nan,nan,nan,nan
5351,1756792717.610027,,1756792717.610027,False,11.980790468147745,0.3433748197585053,-0.2966452850777046,-0.05629389649336027,nan,nan,nan,nan
5352,1756792717.6200376,,1756792717.6200376,False,11.877133412240232,0.4064911336078696,-0.3068144611783114,-0.05032563391094196,nan,nan,nan,nan
5353,1756792717.6300104,,1756792717.6300104,False,11.773112400064246,0.4819700076347834,-0.2990607842295514,-0.04004879685630036,nan,nan,nan,nan
5354,1756792717.6400208,,1756792717.6400208,False,11.728074267139178,0.5146014926174574,-0.3540553385456114,-0.04922114110162796,nan,nan,nan,nan
5355,1756792717.650036,,1756792717.650036,False,11.62828602060309,0.5803286844384498,-0.354028099396857,-0.04448804502159778,nan,nan,nan,nan
5356,1756792717.6599932,,1756792717.6599932,False,11.55532180452209,0.6278828967513258,-0.39415976614272774,-0.05241729324386245,nan,nan,nan,nan
5357,1756792717.6700234,,1756792717.6700234,False,11.473941194192182,0.679239696268974,-0.44754076511422203,-0.06436861383174401,nan,nan,nan,nan
5358,1756792717.6800263,,1756792717.6800263,False,11.368778357831424,0.7610244989776417,-0.46150421880462433,-0.06865109633758155,nan,nan,nan,nan
5359,1756792717.6900258,,1756792717.6900258,False,11.28720102976652,0.827934901504615,-0.5018823669103581,-0.07523184633275264,nan,nan,nan,nan
5360,1756792717.7000253,,1756792717.7000253,False,11.203563255207106,0.9123638491188538,-0.5254191212752677,-0.07952966400005979,nan,nan,nan,nan
5361,1756792717.7100258,,1756792717.7100258,False,11.126095865700245,0.9884171282974358,-0.5423153074850119,-0.08084116361504018,nan,nan,nan,nan
5362,1756792717.720061,,1756792717.720061,False,11.034227149786656,1.0658930971925236,-0.5279960270022998,-0.0751927605287885,nan,nan,nan,nan
5363,1756792717.7300215,,1756792717.7300215,False,10.944395538592133,1.148975386430998,-0.5485466176475762,-0.07625962304215993,nan,nan,nan,nan
5364,1756792717.7401328,,1756792717.7401328,False,10.884031493623787,1.2236358218271937,-0.5876571733536299,-0.07899473206065709,nan,nan,nan,nan
5365,1756792717.7500238,,1756792717.7500238,False,10.807619649988565,1.3122872278324198,-0.6212922058434178,-0.08085836019558615,nan,nan,nan,nan
5366,1756792717.7600284,,1756792717.7600284,False,10.728005653579379,1.3858709815267465,-0.660081215092405,-0.08085942245862644,nan,nan,nan,nan
5311,1756792717.210029,,1756792717.210029,False,10.051952646206637,-4.438297751171264,0.6598884383751691,0.17279629157089826,nan,nan,nan,nan
5312,1756792717.2201455,,1756792717.2201455,False,10.214435767926616,-4.479269169141798,0.671065945652601,0.18298168860891495,nan,nan,nan,nan
5313,1756792717.230039,,1756792717.230039,False,10.331028393063233,-4.418278236588276,0.6619025159823901,0.18967953877748056,nan,nan,nan,nan
5314,1756792717.240136,,1756792717.240136,False,10.264803364705168,-4.117879983816118,0.619818061637288,0.19257231949969184,nan,nan,nan,nan
5315,1756792717.2500367,,1756792717.2500367,False,10.537866469284696,-4.2157290735726365,0.6280909576756977,0.20791273926629578,nan,nan,nan,nan
5316,1756792717.260028,,1756792717.260028,False,10.618484002452412,-4.068020267522524,0.6118745714662149,0.2133266651168832,nan,nan,nan,nan
5317,1756792717.2700388,,1756792717.2700388,False,10.765258921196645,-3.951436654334271,0.5928740034139887,0.220180420619783,nan,nan,nan,nan
5318,1756792717.280033,,1756792717.280033,False,10.82013345000295,-3.761572061316304,0.5480518865824009,0.21828335609270086,nan,nan,nan,nan
5319,1756792717.2900295,,1756792717.2900295,False,10.870616144848277,-3.5726204735171025,0.5243173707618616,0.22154279096376364,nan,nan,nan,nan
5320,1756792717.300047,,1756792717.300047,False,11.018793981566855,-3.457989847901976,0.5156421355618572,0.22881043591200248,nan,nan,nan,nan
5321,1756792717.3100357,,1756792717.3100357,False,11.104899292448271,-3.3016746144564344,0.4935254764478556,0.23089304836309246,nan,nan,nan,nan
5322,1756792717.3200533,,1756792717.3200533,False,11.220436947613686,-3.1623261571990344,0.4735943400675503,0.2316921546494393,nan,nan,nan,nan
5323,1756792717.3300395,,1756792717.3300395,False,11.160741176706933,-2.909418566835673,0.4465686696960267,0.22782882256900838,nan,nan,nan,nan
5324,1756792717.3400307,,1756792717.3400307,False,11.277939414513748,-2.7637312162735057,0.4139470272881916,0.2246452398789012,nan,nan,nan,nan
5325,1756792717.350084,,1756792717.350084,False,11.338110015923492,-2.6062728407495173,0.3857681975686446,0.218475465540846,nan,nan,nan,nan
5326,1756792717.3600368,,1756792717.3600368,False,11.472405206156154,-2.4753509417048387,0.35769390924152233,0.21149149075332652,nan,nan,nan,nan
5327,1756792717.3700342,,1756792717.3700342,False,11.463487447962786,-2.2686843618490555,0.33273260337731886,0.2045121980281562,nan,nan,nan,nan
5328,1756792717.380031,,1756792717.380031,False,11.533260108578554,-2.1284874331061827,0.3247602089154188,0.20123380373512276,nan,nan,nan,nan
5329,1756792717.3900476,,1756792717.3900476,False,11.616800321681556,-2.005167076088445,0.3103795616538238,0.19475493645767564,nan,nan,nan,nan
5330,1756792717.400057,,1756792717.400057,False,11.586952674609504,-1.79510028954848,0.29303833746919694,0.1825883629889621,nan,nan,nan,nan
5331,1756792717.410024,,1756792717.410024,False,11.63874875501823,-1.6411991167910798,0.27134396936962146,0.17198844575328687,nan,nan,nan,nan
5332,1756792717.420228,,1756792717.420228,False,11.618281789351784,-1.447212375596115,0.25543170548428923,0.16124931983365054,nan,nan,nan,nan
5333,1756792717.430024,,1756792717.430024,False,11.74437408707321,-1.3761963267877733,0.2334029510345719,0.15097467250647284,nan,nan,nan,nan
5334,1756792717.440007,,1756792717.440007,False,11.81353996470858,-1.2498587970628032,0.19988066912743913,0.1372504744328277,nan,nan,nan,nan
5335,1756792717.4500382,,1756792717.4500382,False,11.931822693942314,-1.1748985638143803,0.17537954460272642,0.12448864933788234,nan,nan,nan,nan
5336,1756792717.4600363,,1756792717.4600363,False,11.937232872436248,-0.9974191890059023,0.14735907997223574,0.1143251076773081,nan,nan,nan,nan
5337,1756792717.4702127,,1756792717.4702127,False,11.955456973377236,-0.840643642723529,0.12749223665512055,0.10527803938145212,nan,nan,nan,nan
5338,1756792717.4800172,,1756792717.4800172,False,11.99234776766459,-0.7283051814672519,0.1055416668142198,0.09461684260514772,nan,nan,nan,nan
5339,1756792717.4900098,,1756792717.4900098,False,12.005175102020845,-0.579340421054528,0.0778045013371431,0.0826845034481339,nan,nan,nan,nan
5340,1756792717.5000587,,1756792717.5000587,False,12.081205812266575,-0.49303652299502687,0.03997796592587752,0.06747743419955486,nan,nan,nan,nan
5341,1756792717.5100229,,1756792717.5100229,False,12.113481197171287,-0.3768708578506449,0.009927202204640004,0.05156889622463529,nan,nan,nan,nan
5342,1756792717.5200496,,1756792717.5200496,False,12.081503841196453,-0.2477614872171868,-0.0035538228825879293,0.043297148677855696,nan,nan,nan,nan
5343,1756792717.5300357,,1756792717.5300357,False,12.033986447465695,-0.10825676611266757,-0.02220567523866573,0.03128632746712041,nan,nan,nan,nan
5344,1756792717.5401816,,1756792717.5401816,False,12.106804393234041,-0.051228279405154384,-0.07103513502017127,0.01186646161442687,nan,nan,nan,nan
5345,1756792717.550156,,1756792717.550156,False,12.061010791795342,0.03360925733246591,-0.07416376501664512,0.005532070063044665,nan,nan,nan,nan
5346,1756792717.5600162,,1756792717.5600162,False,12.058818414916715,0.11441596144345112,-0.10674509771195259,-0.008713592495320083,nan,nan,nan,nan
5347,1756792717.5700147,,1756792717.5700147,False,10.939049545644226,0.9532276856079756,0.4465347796371303,0.13742007954560784,nan,nan,nan,nan
5348,1756792717.580045,,1756792717.580045,False,11.884786489591258,0.3290065134143807,-0.09791651010734827,-0.011688380922813341,nan,nan,nan,nan
5349,1756792717.5900297,,1756792717.5900297,False,12.0785609216182,0.24009937194820305,-0.22234840580256635,-0.04899816444869677,nan,nan,nan,nan
5350,1756792717.6000376,,1756792717.6000376,False,12.086066906357187,0.26494825813636963,-0.283197230023127,-0.06010293100719095,nan,nan,nan,nan
5351,1756792717.610027,,1756792717.610027,False,11.980790468147745,0.3433748197585053,-0.2966452850777046,-0.05629389649336027,nan,nan,nan,nan
5352,1756792717.6200376,,1756792717.6200376,False,11.877133412240232,0.4064911336078696,-0.3068144611783114,-0.05032563391094196,nan,nan,nan,nan
5353,1756792717.6300104,,1756792717.6300104,False,11.773112400064246,0.4819700076347834,-0.2990607842295514,-0.04004879685630036,nan,nan,nan,nan
5354,1756792717.6400208,,1756792717.6400208,False,11.728074267139178,0.5146014926174574,-0.3540553385456114,-0.04922114110162796,nan,nan,nan,nan
5355,1756792717.650036,,1756792717.650036,False,11.62828602060309,0.5803286844384498,-0.354028099396857,-0.04448804502159778,nan,nan,nan,nan
5356,1756792717.6599932,,1756792717.6599932,False,11.55532180452209,0.6278828967513258,-0.39415976614272774,-0.05241729324386245,nan,nan,nan,nan
5357,1756792717.6700234,,1756792717.6700234,False,11.473941194192182,0.679239696268974,-0.44754076511422203,-0.06436861383174401,nan,nan,nan,nan
5358,1756792717.6800263,,1756792717.6800263,False,11.368778357831424,0.7610244989776417,-0.46150421880462433,-0.06865109633758155,nan,nan,nan,nan
5359,1756792717.6900258,,1756792717.6900258,False,11.28720102976652,0.827934901504615,-0.5018823669103581,-0.07523184633275264,nan,nan,nan,nan
5360,1756792717.7000253,,1756792717.7000253,False,11.203563255207106,0.9123638491188538,-0.5254191212752677,-0.07952966400005979,nan,nan,nan,nan
5361,1756792717.7100258,,1756792717.7100258,False,11.126095865700245,0.9884171282974358,-0.5423153074850119,-0.08084116361504018,nan,nan,nan,nan
5362,1756792717.720061,,1756792717.720061,False,11.034227149786656,1.0658930971925236,-0.5279960270022998,-0.0751927605287885,nan,nan,nan,nan
5363,1756792717.7300215,,1756792717.7300215,False,10.944395538592133,1.148975386430998,-0.5485466176475762,-0.07625962304215993,nan,nan,nan,nan
5364,1756792717.7401328,,1756792717.7401328,False,10.884031493623787,1.2236358218271937,-0.5876571733536299,-0.07899473206065709,nan,nan,nan,nan
5365,1756792717.7500238,,1756792717.7500238,False,10.807619649988565,1.3122872278324198,-0.6212922058434178,-0.08085836019558615,nan,nan,nan,nan
5366,1756792717.7600284,,1756792717.7600284,False,10.728005653579379,1.3858709815267465,-0.660081215092405,-0.08085942245862644,nan,nan,nan,nan
5367,1756792717.7701833,,1756792717.7701833,False,10.637633657504265,1.4441431463116894,-0.653487340211717,-0.07046679439907265,nan,nan,nan,nan
5368,1756792717.7800262,,1756792717.7800262,False,10.545044966181408,1.5281851896381897,-0.6893978254937153,-0.06608653236411743,nan,nan,nan,nan
5369,1756792717.7900407,,1756792717.7900407,False,10.479248306904225,1.5885982432663817,-0.7205825894592033,-0.06049079564186556,nan,nan,nan,nan
5370,1756792717.8000488,,1756792717.8000488,False,10.413234284204087,1.6640968162992569,-0.774094540138481,-0.05914795000401612,nan,nan,nan,nan
5371,1756792717.8100336,,1756792717.8100336,False,10.364015154982845,1.7170144771232265,-0.8233649763166189,-0.055648386863014175,nan,nan,nan,nan
5372,1756792717.820039,,1756792717.820039,False,10.288868142191246,1.7723893913320141,-0.8454864409808656,-0.047141454146453765,nan,nan,nan,nan
5373,1756792717.8300407,,1756792717.8300407,False,10.213128846940661,1.862575112072981,-0.894721874845889,-0.04104674092687859,nan,nan,nan,nan
5374,1756792717.8400397,,1756792717.8400397,False,10.130917747393342,1.9152932391276059,-0.907093126002871,-0.03283381069794927,nan,nan,nan,nan
5375,1756792717.8500454,,1756792717.8500454,False,10.080996957357652,2.0295992209439744,-1.015415225747545,-0.03305304937783134,nan,nan,nan,nan
5376,1756792717.860038,,1756792717.860038,False,10.029003000646588,2.1085025604659013,-1.0848257220557043,-0.028221088245787635,nan,nan,nan,nan
5377,1756792717.8702264,,1756792717.8702264,False,9.974028449823905,2.2025189764148707,-1.1200476291271935,-0.020356772381924296,nan,nan,nan,nan
5378,1756792717.880038,,1756792717.880038,False,9.92088281822366,2.247982143669048,-1.1488887059659758,-0.012996691769975357,nan,nan,nan,nan
5379,1756792717.890045,,1756792717.890045,False,9.887047504149615,2.3054035725881135,-1.1870954978119954,-0.006192445208014058,nan,nan,nan,nan
5380,1756792717.9000475,,1756792717.9000475,False,9.856557156797624,2.406473243076082,-1.239957810386675,0.0014531923247394695,nan,nan,nan,nan
5381,1756792717.91003,,1756792717.91003,False,9.82030410382477,2.4374687624543885,-1.232873009438401,0.009698309589316424,nan,nan,nan,nan
5382,1756792717.9201548,,1756792717.9201548,False,9.817026442905025,2.492684539377877,-1.3016352916294196,0.014246373384681894,nan,nan,nan,nan
5383,1756792717.9300408,,1756792717.9300408,False,9.81454116652485,2.5678279742777823,-1.3173982853487425,0.025142030668932055,nan,nan,nan,nan
5367,1756792717.7701833,,1756792717.7701833,False,10.637633657504265,1.4441431463116894,-0.653487340211717,-0.07046679439907265,nan,nan,nan,nan
5368,1756792717.7800262,,1756792717.7800262,False,10.545044966181408,1.5281851896381897,-0.6893978254937153,-0.06608653236411743,nan,nan,nan,nan
5369,1756792717.7900407,,1756792717.7900407,False,10.479248306904225,1.5885982432663817,-0.7205825894592033,-0.06049079564186556,nan,nan,nan,nan
5370,1756792717.8000488,,1756792717.8000488,False,10.413234284204087,1.6640968162992569,-0.774094540138481,-0.05914795000401612,nan,nan,nan,nan
5371,1756792717.8100336,,1756792717.8100336,False,10.364015154982845,1.7170144771232265,-0.8233649763166189,-0.055648386863014175,nan,nan,nan,nan
5372,1756792717.820039,,1756792717.820039,False,10.288868142191246,1.7723893913320141,-0.8454864409808656,-0.047141454146453765,nan,nan,nan,nan
5373,1756792717.8300407,,1756792717.8300407,False,10.213128846940661,1.862575112072981,-0.894721874845889,-0.04104674092687859,nan,nan,nan,nan
5374,1756792717.8400397,,1756792717.8400397,False,10.130917747393342,1.9152932391276059,-0.907093126002871,-0.03283381069794927,nan,nan,nan,nan
5375,1756792717.8500454,,1756792717.8500454,False,10.080996957357652,2.0295992209439744,-1.015415225747545,-0.03305304937783134,nan,nan,nan,nan
5376,1756792717.860038,,1756792717.860038,False,10.029003000646588,2.1085025604659013,-1.0848257220557043,-0.028221088245787635,nan,nan,nan,nan
5377,1756792717.8702264,,1756792717.8702264,False,9.974028449823905,2.2025189764148707,-1.1200476291271935,-0.020356772381924296,nan,nan,nan,nan
5378,1756792717.880038,,1756792717.880038,False,9.92088281822366,2.247982143669048,-1.1488887059659758,-0.012996691769975357,nan,nan,nan,nan
5379,1756792717.890045,,1756792717.890045,False,9.887047504149615,2.3054035725881135,-1.1870954978119954,-0.006192445208014058,nan,nan,nan,nan
5380,1756792717.9000475,,1756792717.9000475,False,9.856557156797624,2.406473243076082,-1.239957810386675,0.0014531923247394695,nan,nan,nan,nan
5381,1756792717.91003,,1756792717.91003,False,9.82030410382477,2.4374687624543885,-1.232873009438401,0.009698309589316424,nan,nan,nan,nan
5382,1756792717.9201548,,1756792717.9201548,False,9.817026442905025,2.492684539377877,-1.3016352916294196,0.014246373384681894,nan,nan,nan,nan
5383,1756792717.9300408,,1756792717.9300408,False,9.81454116652485,2.5678279742777823,-1.3173982853487425,0.025142030668932055,nan,nan,nan,nan
5384,1756792717.9400866,,1756792717.9400866,False,9.840495351453415,2.642977479350309,-1.3855222533477984,0.033352091300121914,nan,nan,nan,nan
5385,1756792717.950247,,1756792717.950247,False,9.853667379660381,2.7032395550403723,-1.4012203710959628,0.04382934895642135,nan,nan,nan,nan
5386,1756792717.9600422,,1756792717.9600422,False,9.863186459770594,2.712792568726473,-1.4018774714229563,0.05220251178463059,nan,nan,nan,nan
5387,1756792717.9700716,,1756792717.9700716,False,9.881143653718594,2.7307505171660953,-1.4004651764446936,0.06445624182063199,nan,nan,nan,nan
5388,1756792717.9800594,,1756792717.9800594,False,9.925120100027431,2.788152623099022,-1.4290856551616298,0.07489838817232941,nan,nan,nan,nan
5389,1756792717.9900286,,1756792717.9900286,False,9.927057543867642,2.75847125460434,-1.3963021404772271,0.08421501997390211,nan,nan,nan,nan
5390,1756792718.0000582,,1756792718.0000582,False,10.03082438744674,2.8034100141031035,-1.489939986032008,0.0965889146118709,nan,nan,nan,nan
5391,1756792718.0100386,,1756792718.0100386,False,10.032572508669604,2.751252822406309,-1.4590244705115378,0.10281478747972701,nan,nan,nan,nan
5392,1756792718.0200562,,1756792718.0200562,False,10.087690073210423,2.7309123788507215,-1.461237385786579,0.11428649529677282,nan,nan,nan,nan
5393,1756792718.0300283,,1756792718.0300283,False,10.131715663609512,2.715450483567141,-1.4460186111610418,0.1241799462003371,nan,nan,nan,nan
5394,1756792718.04001,,1756792718.04001,False,10.169051622688963,2.6476520686371763,-1.411719066859186,0.1303893742914572,nan,nan,nan,nan
5395,1756792718.050037,,1756792718.050037,False,10.235489681767493,2.615044014201607,-1.3942885558468883,0.1394317974849204,nan,nan,nan,nan
5396,1756792718.060029,,1756792718.060029,False,10.31273187814637,2.5528280983256795,-1.3923075787590848,0.1482151222995176,nan,nan,nan,nan
5397,1756792718.070078,,1756792718.070078,False,10.40666413775967,2.4863296880442043,-1.3812126760423318,0.1564024560758179,nan,nan,nan,nan
5398,1756792718.0800369,,1756792718.0800369,False,10.488329394890089,2.452027477556072,-1.3814628836302003,0.16415845833222595,nan,nan,nan,nan
5399,1756792718.0900404,,1756792718.0900404,False,10.561588247759014,2.3910042598264534,-1.350452952104352,0.17045271167543374,nan,nan,nan,nan
5400,1756792718.10003,,1756792718.10003,False,10.590089361990293,2.284043023271743,-1.3087654043230272,0.16989964196840687,nan,nan,nan,nan
5401,1756792718.1100895,,1756792718.1100895,False,10.645841317352103,2.181896385909155,-1.287424369621982,0.17280999500930003,nan,nan,nan,nan
5402,1756792718.1200163,,1756792718.1200163,False,10.739127745823584,2.121543812571892,-1.2875581315782945,0.17732703903388783,nan,nan,nan,nan
5403,1756792718.1300614,,1756792718.1300614,False,10.754921599201724,1.9855535045951875,-1.2059613239486682,0.17075022666821524,nan,nan,nan,nan
5404,1756792718.140045,,1756792718.140045,False,10.855359485194134,1.8787483543258032,-1.2057265121781813,0.17431578573518797,nan,nan,nan,nan
5405,1756792718.1500533,,1756792718.1500533,False,10.958428014903111,1.8169890114174678,-1.1979682351214584,0.17789330332250713,nan,nan,nan,nan
5406,1756792718.1600208,,1756792718.1600208,False,10.949959459479379,1.7013551910913625,-1.1049111062918662,0.16725757833136762,nan,nan,nan,nan
5407,1756792718.170019,,1756792718.170019,False,10.97165665518456,1.5875794559562595,-1.0071724563013327,0.15520768273785523,nan,nan,nan,nan
5408,1756792718.1800213,,1756792718.1800213,False,11.05238505958873,1.503407935894752,-0.971444574665285,0.15160130551568862,nan,nan,nan,nan
5409,1756792718.1901228,,1756792718.1901228,False,11.05094719425917,1.3883643770376786,-0.8997819210389991,0.13832603594443624,nan,nan,nan,nan
5410,1756792718.200027,,1756792718.200027,False,11.11242695161725,1.298920458624858,-0.8629014457656056,0.13357399302492193,nan,nan,nan,nan
5411,1756792718.2100415,,1756792718.2100415,False,11.187848069066947,1.2137886414648933,-0.8475536217996793,0.13067189806538027,nan,nan,nan,nan
5412,1756792718.2200823,,1756792718.2200823,False,11.218526749324981,1.0530932945211144,-0.7816695455481135,0.1167742946049452,nan,nan,nan,nan
5413,1756792718.230049,,1756792718.230049,False,11.256817567926902,0.9692694614867138,-0.7337974932123437,0.10673021571097946,nan,nan,nan,nan
5414,1756792718.2400413,,1756792718.2400413,False,11.268082463598512,0.8458562812001076,-0.6501634621244946,0.08924442515471505,nan,nan,nan,nan
5415,1756792718.2501485,,1756792718.2501485,False,11.31569495788737,0.7274969139077659,-0.6082736367555028,0.07741437167007734,nan,nan,nan,nan
5416,1756792718.260046,,1756792718.260046,False,11.341659871472554,0.6455370533492331,-0.5622530966955374,0.06600943602578557,nan,nan,nan,nan
5417,1756792718.2700377,,1756792718.2700377,False,11.320353940758183,0.5399140480238016,-0.4752996018555183,0.04697457597958594,nan,nan,nan,nan
5418,1756792718.2800548,,1756792718.2800548,False,11.361872989948463,0.44225158798525027,-0.4431171388663246,0.037556005435188965,nan,nan,nan,nan
5419,1756792718.2900367,,1756792718.2900367,False,11.350350867426743,0.34220326137470963,-0.3940708714493068,0.02349208580822698,nan,nan,nan,nan
5420,1756792718.3000457,,1756792718.3000457,False,11.377644097575324,0.24738710551425674,-0.35995912826029636,0.014474827182051647,nan,nan,nan,nan
5421,1756792718.3100402,,1756792718.3100402,False,11.362072640604907,0.14967456865412382,-0.3099623206925696,4.584942353242689e-05,nan,nan,nan,nan
5422,1756792718.32007,,1756792718.32007,False,11.356975152083304,0.053784882089010055,-0.26604581643132763,-0.011491949576787385,nan,nan,nan,nan
5423,1756792718.3300471,,1756792718.3300471,False,11.366947396658047,-0.032821241771628894,-0.23505678668576874,-0.021314278356405432,nan,nan,nan,nan
5424,1756792718.3400393,,1756792718.3400393,False,11.348831201642207,-0.11367634019322807,-0.18591992177721603,-0.0335902845671572,nan,nan,nan,nan
5425,1756792718.3500495,,1756792718.3500495,False,11.338151720156112,-0.18249360248298052,-0.13991824876644127,-0.04463104154643367,nan,nan,nan,nan
5426,1756792718.3600347,,1756792718.3600347,False,11.352585393481549,-0.2848715971310031,-0.11676977403379478,-0.050872800132778936,nan,nan,nan,nan
5427,1756792718.3700383,,1756792718.3700383,False,11.365870713378394,-0.38604997997313206,-0.08629990850459643,-0.057800356538715514,nan,nan,nan,nan
5428,1756792718.3801384,,1756792718.3801384,False,11.35285288938252,-0.4307173595238075,-0.06021079661998999,-0.0650051174047505,nan,nan,nan,nan
5429,1756792718.3902507,,1756792718.3902507,False,11.358171902955712,-0.5319057332184234,-0.030737259878950672,-0.06956116428971414,nan,nan,nan,nan
5430,1756792718.4000905,,1756792718.4000905,False,11.370157204068475,-0.6203730248742579,-0.018286227738045883,-0.07242592696377112,nan,nan,nan,nan
5431,1756792718.4100296,,1756792718.4100296,False,11.347780061647953,-0.6816706447983606,0.026477949507142953,-0.07814838454041194,nan,nan,nan,nan
5432,1756792718.4200354,,1756792718.4200354,False,11.326802887677323,-0.7156613853651058,0.059338763485357125,-0.08223773039436359,nan,nan,nan,nan
5433,1756792718.4300413,,1756792718.4300413,False,11.326668014973905,-0.7984085418309318,0.07854668493986296,-0.08274051756242728,nan,nan,nan,nan
5434,1756792718.440024,,1756792718.440024,False,11.321277434787083,-0.8607093318403852,0.10384390655453982,-0.08444865470054151,nan,nan,nan,nan
5435,1756792718.4500635,,1756792718.4500635,False,11.30266988722734,-0.897730288761352,0.12065415910496222,-0.08458790419317443,nan,nan,nan,nan
5436,1756792718.4600866,,1756792718.4600866,False,11.285238452494799,-0.9545025964266096,0.13161109551136574,-0.0836240553752886,nan,nan,nan,nan
5437,1756792718.4700282,,1756792718.4700282,False,11.271957826890109,-0.9968535939755251,0.15982724294820577,-0.08344864531286127,nan,nan,nan,nan
5438,1756792718.4800398,,1756792718.4800398,False,11.261369469229605,-1.0528216631758605,0.17753198807672918,-0.0814726398122426,nan,nan,nan,nan
5439,1756792718.4900258,,1756792718.4900258,False,11.254204034997363,-1.091124506070837,0.1923231966560767,-0.07983056546075355,nan,nan,nan,nan
5440,1756792718.5000484,,1756792718.5000484,False,11.245644633295242,-1.172703860310581,0.1907502113752214,-0.07730030641972935,nan,nan,nan,nan
5441,1756792718.5100558,,1756792718.5100558,False,11.222213763332316,-1.1907740117961922,0.20671817834727108,-0.07343469921857869,nan,nan,nan,nan
5442,1756792718.5201683,,1756792718.5201683,False,11.207525775431614,-1.203433698205231,0.23850369549698763,-0.07046300016282155,nan,nan,nan,nan
5443,1756792718.5300457,,1756792718.5300457,False,11.202426127614471,-1.252431211164043,0.26977295170510585,-0.06825193270545589,nan,nan,nan,nan
5444,1756792718.540034,,1756792718.540034,False,11.17830763849583,-1.25221943265227,0.2770765143332804,-0.06504818573939389,nan,nan,nan,nan
5445,1756792718.5500433,,1756792718.5500433,False,11.16733905454181,-1.2802800239443413,0.2936764052060432,-0.06185396801042266,nan,nan,nan,nan
5446,1756792718.5600393,,1756792718.5600393,False,11.160312613550191,-1.3517671813735705,0.29193581331893276,-0.05603869607512603,nan,nan,nan,nan
5447,1756792718.5700488,,1756792718.5700488,False,11.137381403662346,-1.3668006829646764,0.3015048584946382,-0.052134613588111896,nan,nan,nan,nan
5448,1756792718.5800388,,1756792718.5800388,False,11.138644186904758,-1.4366598036946037,0.31178134858792234,-0.045641633339881325,nan,nan,nan,nan
5449,1756792718.5900428,,1756792718.5900428,False,11.145402186025217,-1.4672450104669976,0.3346853746557279,-0.0421125016784977,nan,nan,nan,nan
5450,1756792718.6000419,,1756792718.6000419,False,11.139944277024057,-1.456523913334612,0.3499393183414708,-0.03749460506566392,nan,nan,nan,nan
5451,1756792718.610041,,1756792718.610041,False,11.117155337901371,-1.464656717075842,0.3548057622896767,-0.03334833477975461,nan,nan,nan,nan
5452,1756792718.6200447,,1756792718.6200447,False,11.121747713659891,-1.5243704074706803,0.36282457240979976,-0.02819669349505283,nan,nan,nan,nan
5453,1756792718.6300364,,1756792718.6300364,False,11.11905859646844,-1.5331122818619976,0.37843709078700105,-0.02344812245652065,nan,nan,nan,nan
5454,1756792718.640042,,1756792718.640042,False,11.10252118481267,-1.5651102747924845,0.36691344691958944,-0.020258045017225453,nan,nan,nan,nan
5455,1756792718.6500485,,1756792718.6500485,False,11.075539889261117,-1.5660212121487198,0.36513910722661064,-0.017074152864065332,nan,nan,nan,nan
5456,1756792718.6600323,,1756792718.6600323,False,11.094201839527376,-1.5610018756484305,0.37639552644237007,-0.0119100325606626,nan,nan,nan,nan
5457,1756792718.6700463,,1756792718.6700463,False,11.111418826420113,-1.6049491268211922,0.3910677391499711,-0.00803866490105912,nan,nan,nan,nan
5458,1756792718.6800334,,1756792718.6800334,False,11.105448101926262,-1.6035010025188279,0.4071038313454688,-0.0032330300434317014,nan,nan,nan,nan
5459,1756792718.6900496,,1756792718.6900496,False,11.119605668678586,-1.656117917523892,0.43176691552615265,0.0021362651208400685,nan,nan,nan,nan
5460,1756792718.7000442,,1756792718.7000442,False,11.130180187768854,-1.6955234713741025,0.4590093089680829,0.00545570629940886,nan,nan,nan,nan
5461,1756792718.710033,,1756792718.710033,False,11.143239833488883,-1.6772724891799684,0.47379069427981585,0.01234056519036517,nan,nan,nan,nan
5462,1756792718.7200456,,1756792718.7200456,False,11.147410372057085,-1.6704222257515513,0.4858900971878292,0.015261159692551029,nan,nan,nan,nan
5463,1756792718.730035,,1756792718.730035,False,11.165670946498354,-1.7063305061879555,0.5117915785962135,0.022117550084645086,nan,nan,nan,nan
5464,1756792718.7400396,,1756792718.7400396,False,11.172518263799693,-1.6841911423100786,0.5144035439237042,0.02657611985660431,nan,nan,nan,nan
5465,1756792718.7500298,,1756792718.7500298,False,11.180884569395916,-1.6809567950070725,0.525983726140707,0.029039334491428457,nan,nan,nan,nan
5466,1756792718.7600427,,1756792718.7600427,False,11.198833315913836,-1.6518028693827607,0.5341384528971969,0.03369979197881376,nan,nan,nan,nan
5467,1756792718.7700503,,1756792718.7700503,False,11.236163127620507,-1.7240467688799923,0.5585281080625365,0.03824044295907561,nan,nan,nan,nan
5468,1756792718.7800598,,1756792718.7800598,False,11.247257919705454,-1.686405074263168,0.5487965044224119,0.042156349872733256,nan,nan,nan,nan
5469,1756792718.7900364,,1756792718.7900364,False,11.264661000022894,-1.6606052565602807,0.5566877642022906,0.045597386508815604,nan,nan,nan,nan
5470,1756792718.8000815,,1756792718.8000815,False,11.277779451030357,-1.6097566047081724,0.5566126088023351,0.04836914133764188,nan,nan,nan,nan
5471,1756792718.8100355,,1756792718.8100355,False,11.304508807098038,-1.6019703026657905,0.5690560695133746,0.05070654040632292,nan,nan,nan,nan
5472,1756792718.8201137,,1756792718.8201137,False,11.324360583564726,-1.5732336504907691,0.5594001515586073,0.05284448105566808,nan,nan,nan,nan
5473,1756792718.8300357,,1756792718.8300357,False,11.357044927527332,-1.5705055881308705,0.5617891932652318,0.05697082891905498,nan,nan,nan,nan
5474,1756792718.8400698,,1756792718.8400698,False,11.380854943400896,-1.5244504796305491,0.550129904713426,0.057299898705589034,nan,nan,nan,nan
5475,1756792718.8500447,,1756792718.8500447,False,11.418939952450037,-1.5006375956091718,0.5496441819589926,0.05942950031378893,nan,nan,nan,nan
5476,1756792718.860037,,1756792718.860037,False,11.44181876558852,-1.465384250693868,0.5528886296345188,0.06166724811084536,nan,nan,nan,nan
5477,1756792718.8700395,,1756792718.8700395,False,11.46753278261988,-1.4398084825167428,0.5464239693607558,0.06228724994079665,nan,nan,nan,nan
5478,1756792718.8800313,,1756792718.8800313,False,11.501151840551326,-1.4074151523786287,0.5268970122709414,0.05924359885795525,nan,nan,nan,nan
5479,1756792718.8900986,,1756792718.8900986,False,11.546522624216257,-1.3944074267695192,0.5296238172544423,0.06189952374087325,nan,nan,nan,nan
5480,1756792718.90005,,1756792718.90005,False,11.581974150206415,-1.3646240172232302,0.5198937707244021,0.061737598908963805,nan,nan,nan,nan
5481,1756792718.9100382,,1756792718.9100382,False,11.606823529986121,-1.3303560037498954,0.5284696469286398,0.06375724416608235,nan,nan,nan,nan
5482,1756792718.9200175,,1756792718.9200175,False,11.629639058668667,-1.2912182620222115,0.5289692652670813,0.06353454059591084,nan,nan,nan,nan
5483,1756792718.930077,,1756792718.930077,False,11.6619506262446,-1.2615125213394074,0.5242161512239458,0.060950519221847306,nan,nan,nan,nan
5484,1756792718.9400382,,1756792718.9400382,False,11.710571652057654,-1.2753425592186263,0.5349269335597883,0.06110387344177736,nan,nan,nan,nan
5485,1756792718.9500496,,1756792718.9500496,False,11.711749908050948,-1.2150391173639776,0.5093930169547037,0.05883366814121585,nan,nan,nan,nan
5486,1756792718.960057,,1756792718.960057,False,11.720749832409796,-1.158800257115163,0.5104973527736438,0.058346171725217826,nan,nan,nan,nan
5487,1756792718.9700286,,1756792718.9700286,False,11.756186538921545,-1.1553140458626727,0.5329288463527527,0.06122676416147596,nan,nan,nan,nan
5488,1756792718.9800415,,1756792718.9800415,False,11.777853464684846,-1.108789221967654,0.5215272813573919,0.05956360477900925,nan,nan,nan,nan
5489,1756792718.9900317,,1756792718.9900317,False,11.788474739184089,-1.021554659029351,0.48697986529581655,0.05424617248841508,nan,nan,nan,nan
5490,1756792719.0000398,,1756792719.0000398,False,11.809413161567399,-0.9868029524157138,0.48968079801026615,0.05503373726125661,nan,nan,nan,nan
5491,1756792719.010043,,1756792719.010043,False,11.834492510015899,-0.9523305481947467,0.4875676103003585,0.05030819746374515,nan,nan,nan,nan
5492,1756792719.0200403,,1756792719.0200403,False,11.853182196660839,-0.9391916703031769,0.4908858117412,0.05100442811866558,nan,nan,nan,nan
5493,1756792719.0300345,,1756792719.0300345,False,11.838949927920156,-0.8675554209160526,0.4709066874415994,0.05388406747575087,nan,nan,nan,nan
5494,1756792719.0400374,,1756792719.0400374,False,11.847381812219385,-0.805129765454966,0.4656098632612759,0.051116122016190334,nan,nan,nan,nan
5495,1756792719.0500386,,1756792719.0500386,False,11.8735876556457,-0.791145307981291,0.4697057801930183,0.05149093214843055,nan,nan,nan,nan
5496,1756792719.0600417,,1756792719.0600417,False,11.875672518195973,-0.761550353971168,0.4626529771775437,0.0505480797523788,nan,nan,nan,nan
5497,1756792719.0701985,,1756792719.0701985,False,11.903356820868803,-0.7223732737184356,0.4274270305764742,0.037957993202942346,nan,nan,nan,nan
5498,1756792719.0800261,,1756792719.0800261,False,11.9255577555854,-0.7188584042826042,0.41383413325692664,0.03514622441449766,nan,nan,nan,nan
5499,1756792719.09005,,1756792719.09005,False,11.931757409541571,-0.648328596364615,0.3874291176430784,0.031712774721599876,nan,nan,nan,nan
5500,1756792719.100038,,1756792719.100038,False,11.918846867548,-0.62712705896031,0.3922276543904062,0.031603164328550745,nan,nan,nan,nan
5501,1756792719.1100545,,1756792719.1100545,False,11.90329538627905,-0.5603168578369275,0.3749967183560029,0.028625616142509126,nan,nan,nan,nan
5502,1756792719.1203725,,1756792719.1203725,False,11.869310130168863,-0.502519674462712,0.37437644160882455,0.02967871303108794,nan,nan,nan,nan
5503,1756792719.130163,,1756792719.130163,False,11.856935196729745,-0.45620321447007034,0.3584187556067853,0.02521218771686676,nan,nan,nan,nan
5504,1756792719.1400316,,1756792719.1400316,False,11.811065771948604,-0.3838188453121794,0.33949694114841833,0.01810175324768505,nan,nan,nan,nan
5505,1756792719.1500347,,1756792719.1500347,False,11.802804456101319,-0.32278351737375555,0.32318430027635886,0.01720814811443237,nan,nan,nan,nan
5506,1756792719.160021,,1756792719.160021,False,11.769287431114407,-0.2561235581468235,0.3000768784947734,0.01322386828101516,nan,nan,nan,nan
5507,1756792719.170026,,1756792719.170026,False,11.719038569544319,-0.1976244488614133,0.30406764243343004,0.012224563610047826,nan,nan,nan,nan
5508,1756792719.1800303,,1756792719.1800303,False,11.695110939896095,-0.15611618665999386,0.2685579869740607,0.00761895179536236,nan,nan,nan,nan
5509,1756792719.1900806,,1756792719.1900806,False,11.667845424802652,-0.09809185815025157,0.24529936620500087,0.0021548709720856595,nan,nan,nan,nan
5510,1756792719.2000415,,1756792719.2000415,False,11.625699160164084,-0.06371929263903826,0.2510818166531181,0.002038284406350957,nan,nan,nan,nan
5511,1756792719.2100372,,1756792719.2100372,False,11.582223344831677,-0.0053785276641701366,0.2246258814122547,-0.0010334508891917617,nan,nan,nan,nan
5512,1756792719.220149,,1756792719.220149,False,11.56124927382231,0.046793695145746515,0.1953638333324118,-0.007010905593111147,nan,nan,nan,nan
5513,1756792719.230037,,1756792719.230037,False,11.49143975662118,0.08749158037465132,0.19525517530019781,-0.010507741601335602,nan,nan,nan,nan
5514,1756792719.2401907,,1756792719.2401907,False,11.47812187777992,0.12090729504682798,0.19335102591134365,-0.006485829915345145,nan,nan,nan,nan
5515,1756792719.2500308,,1756792719.2500308,False,11.436860248510799,0.16291052582596738,0.18340175148391646,-0.009117188851381249,nan,nan,nan,nan
5516,1756792719.260034,,1756792719.260034,False,11.414428286146537,0.18256822641275036,0.14995629967372218,-0.01707473915907875,nan,nan,nan,nan
5517,1756792719.2702036,,1756792719.2702036,False,11.326303436264816,0.2328210520918095,0.16958219239887293,-0.014017463351736092,nan,nan,nan,nan
5518,1756792719.2800279,,1756792719.2800279,False,11.278330734541838,0.2745198467725067,0.15242732098463935,-0.016663026806795135,nan,nan,nan,nan
5519,1756792719.2900221,,1756792719.2900221,False,11.250769424617689,0.29871066603325364,0.13218885863525767,-0.021260828569547564,nan,nan,nan,nan
5520,1756792719.3000665,,1756792719.3000665,False,11.159700845630175,0.35015387141183774,0.15047872252100322,-0.019132803655321728,nan,nan,nan,nan
5521,1756792719.3100176,,1756792719.3100176,False,11.147359337708714,0.37247491542803635,0.12561029365287754,-0.02343854728025023,nan,nan,nan,nan
5522,1756792719.3202364,,1756792719.3202364,False,11.03127274240742,0.4486092883688829,0.15948382030776742,-0.020459973390542733,nan,nan,nan,nan
5523,1756792719.3300352,,1756792719.3300352,False,10.981602783026627,0.479809172233429,0.1510673022596803,-0.022797194479854493,nan,nan,nan,nan
5524,1756792719.3400471,,1756792719.3400471,False,10.918366452389366,0.52803702260209,0.14326543988019855,-0.02407323988965262,nan,nan,nan,nan
5525,1756792719.3500428,,1756792719.3500428,False,10.867802914954291,0.5599606980124552,0.13489018390793708,-0.026961494944476083,nan,nan,nan,nan
5526,1756792719.3600333,,1756792719.3600333,False,10.799658150793352,0.6108883247220094,0.13774549243865425,-0.025823761582653197,nan,nan,nan,nan
5527,1756792719.370061,,1756792719.370061,False,10.79165865746647,0.6085922213989572,0.11695357036210619,-0.029069251777353162,nan,nan,nan,nan
5528,1756792719.3800457,,1756792719.3800457,False,10.707600424504546,0.668456715798982,0.12407512104883117,-0.027621494622213822,nan,nan,nan,nan
5529,1756792719.3923547,,1756792719.3923547,False,10.638424884299399,0.7126487141192779,0.11662589131307352,-0.028214936926494485,nan,nan,nan,nan
5530,1756792719.4000401,,1756792719.4000401,False,10.564097460290974,0.77027266179951,0.12801132550295444,-0.025785043348929688,nan,nan,nan,nan
5531,1756792719.4100287,,1756792719.4100287,False,10.53875097222284,0.779538940835468,0.12267797477299668,-0.026195426120187736,nan,nan,nan,nan
5532,1756792719.4200258,,1756792719.4200258,False,10.47105953771448,0.8347277450813115,0.127804121073593,-0.023806460031829083,nan,nan,nan,nan
5533,1756792719.4300516,,1756792719.4300516,False,10.404934326514368,0.8741259404309478,0.124971492792354,-0.02410888906454811,nan,nan,nan,nan
5534,1756792719.4400277,,1756792719.4400277,False,10.354825925526129,0.8947311846433843,0.11643834854308888,-0.024239738405646336,nan,nan,nan,nan
5535,1756792719.4500678,,1756792719.4500678,False,10.283458686864007,0.9454668054928459,0.1120803673509086,-0.023702769683154688,nan,nan,nan,nan
5536,1756792719.4600487,,1756792719.4600487,False,10.25664160621194,0.9524713870555568,0.10319840072798508,-0.02361569628290698,nan,nan,nan,nan
5537,1756792719.4700463,,1756792719.4700463,False,10.174991603321201,1.0231014554930957,0.11848842206736954,-0.021885062144995977,nan,nan,nan,nan
5538,1756792719.4800851,,1756792719.4800851,False,10.103223824015137,1.0690659799322415,0.11782417881818986,-0.02225281328649765,nan,nan,nan,nan
5539,1756792719.490039,,1756792719.490039,False,10.064671022554684,1.063337301262622,0.10217442245299195,-0.0233523662478756,nan,nan,nan,nan
5540,1756792719.500039,,1756792719.500039,False,10.006816634231347,1.0932557269419858,0.10675763302294765,-0.022329564398555848,nan,nan,nan,nan
5541,1756792719.5100381,,1756792719.5100381,False,9.930905184986411,1.1489624635828561,0.12437670210977984,-0.021389753393264738,nan,nan,nan,nan
5542,1756792719.5201373,,1756792719.5201373,False,9.872738985412061,1.1827462081574094,0.12940999626922592,-0.021091606660817743,nan,nan,nan,nan
5543,1756792719.530047,,1756792719.530047,False,9.79848615383088,1.2600620748595308,0.15549362353998736,-0.019898316729845936,nan,nan,nan,nan
5544,1756792719.5400279,,1756792719.5400279,False,9.77557797750857,1.222923207323078,0.1572948224439996,-0.020437830641852794,nan,nan,nan,nan
5545,1756792719.550031,,1756792719.550031,False,9.698684443210182,1.3197158034128595,0.18294248655528259,-0.01947755217944125,nan,nan,nan,nan
5546,1756792719.5600374,,1756792719.5600374,False,9.662724316838542,1.3216226511182838,0.17885167109508715,-0.020471276922416938,nan,nan,nan,nan
5547,1756792719.5701163,,1756792719.5701163,False,9.625958965438691,1.3081514339958273,0.182631368123023,-0.022238284767749698,nan,nan,nan,nan
5548,1756792719.580051,,1756792719.580051,False,9.528564737629246,1.467470128598513,0.22368065348137675,-0.021546811154186385,nan,nan,nan,nan
5549,1756792719.5900593,,1756792719.5900593,False,9.497825613232791,1.4876882570650138,0.22530089099582148,-0.022589958870619705,nan,nan,nan,nan
5550,1756792719.6000388,,1756792719.6000388,False,9.411333122131039,1.6245661210139979,0.2619722566072794,-0.023095312516973714,nan,nan,nan,nan
5551,1756792719.6100373,,1756792719.6100373,False,9.372630443092284,1.651124680877129,0.2835979725383256,-0.02269445963190432,nan,nan,nan,nan
5552,1756792719.6204185,,1756792719.6204185,False,9.353704548194738,1.6073090984315044,0.27534088453344535,-0.024721817662111154,nan,nan,nan,nan
5553,1756792719.6300411,,1756792719.6300411,False,9.308076929720594,1.6983354651776426,0.2947083003315915,-0.025596719315157404,nan,nan,nan,nan
5554,1756792719.6400337,,1756792719.6400337,False,9.26624778808183,1.724775404611853,0.2979884753814536,-0.028219954520409242,nan,nan,nan,nan
5555,1756792719.6500378,,1756792719.6500378,False,9.25632656172252,1.6600592249872652,0.2965538878881849,-0.02976806434559841,nan,nan,nan,nan
5556,1756792719.6600378,,1756792719.6600378,False,9.205235027046363,1.7425236541330107,0.3417499233041956,-0.030594243590367252,nan,nan,nan,nan
5557,1756792719.6700056,,1756792719.6700056,False,9.179423049414899,1.7301479209710342,0.35953267907762454,-0.03193271767972608,nan,nan,nan,nan
5558,1756792719.6800382,,1756792719.6800382,False,9.178438432714234,1.5273585466817614,0.3384306199244142,-0.033439342846888494,nan,nan,nan,nan
5559,1756792719.6900225,,1756792719.6900225,False,9.119770607253262,1.7495458616822932,0.3957307159374823,-0.03753748733399616,nan,nan,nan,nan
5560,1756792719.7000322,,1756792719.7000322,False,9.076194486412579,1.9058874965931694,0.43070380261119945,-0.04133534540937873,nan,nan,nan,nan
5561,1756792719.7100446,,1756792719.7100446,False,9.038665703208602,1.999070136323102,0.42944085524080045,-0.04702467879985444,nan,nan,nan,nan
5562,1756792719.7201657,,1756792719.7201657,False,9.02166488674122,1.930883653980235,0.4222342259295292,-0.04852926423663003,nan,nan,nan,nan
5563,1756792719.730046,,1756792719.730046,False,8.986609369104203,1.884676749255146,0.42142243012238684,-0.05219449273676394,nan,nan,nan,nan
5564,1756792719.740035,,1756792719.740035,False,8.979678289781006,1.907486940336356,0.44370789787352805,-0.054494846607402496,nan,nan,nan,nan
5565,1756792719.750076,,1756792719.750076,False,8.976049199726853,1.9164122286240686,0.47712725183699717,-0.057671311532747474,nan,nan,nan,nan
5566,1756792719.760092,,1756792719.760092,False,8.96856486981117,1.8857736724697844,0.47471517944621283,-0.062040437963749216,nan,nan,nan,nan
5567,1756792719.7700398,,1756792719.7700398,False,8.974659425423642,1.777819701112755,0.4710767905686898,-0.06285616099851773,nan,nan,nan,nan
5568,1756792719.780028,,1756792719.780028,False,8.97821965699082,1.7987007782447937,0.4919910327853536,-0.06723930976596974,nan,nan,nan,nan
5569,1756792719.7900398,,1756792719.7900398,False,8.971687521142247,1.8018077415557099,0.4844570847855505,-0.0709188065169524,nan,nan,nan,nan
5570,1756792719.8000457,,1756792719.8000457,False,8.98817839386406,1.8792694572341866,0.48529697538145994,-0.07585214808424985,nan,nan,nan,nan
5571,1756792719.8100374,,1756792719.8100374,False,8.990810253785666,1.914799011376698,0.48774942955267825,-0.0799015602380281,nan,nan,nan,nan
5572,1756792719.8202486,,1756792719.8202486,False,9.002683380429207,1.8953260281723634,0.49213155227471744,-0.0830995152942485,nan,nan,nan,nan
5573,1756792719.830033,,1756792719.830033,False,9.017252471096974,1.835727122499694,0.4897450814495291,-0.08509924432290969,nan,nan,nan,nan
5574,1756792719.8400302,,1756792719.8400302,False,9.002993916462696,1.7567645221409045,0.4626241885717907,-0.08627181768295732,nan,nan,nan,nan
5575,1756792719.8500438,,1756792719.8500438,False,8.995681871630557,1.5984249789442837,0.4456838838849732,-0.08621831117387278,nan,nan,nan,nan
5576,1756792719.8600361,,1756792719.8600361,False,9.030871266307734,1.6280008423797534,0.4310567701694764,-0.08913790678927605,nan,nan,nan,nan
5577,1756792719.870095,,1756792719.870095,False,9.066963830146173,1.6643190003828143,0.4092576606955536,-0.09199566864520929,nan,nan,nan,nan
5578,1756792719.8800435,,1756792719.8800435,False,9.092415225952148,1.6106601396535047,0.3961495799193989,-0.0928626929216034,nan,nan,nan,nan
5579,1756792719.8900537,,1756792719.8900537,False,9.119469636960535,1.6258165303729495,0.3779498192277214,-0.09352416211076836,nan,nan,nan,nan
5580,1756792719.9000738,,1756792719.9000738,False,9.118631423982945,1.5563148411217789,0.3601398927229159,-0.09256589762438765,nan,nan,nan,nan
5581,1756792719.9101427,,1756792719.9101427,False,9.106927148165461,1.455515167077234,0.3222141721157093,-0.0893651197975113,nan,nan,nan,nan
5582,1756792719.9203098,,1756792719.9203098,False,9.135932406659919,1.466384322080281,0.29976214867320966,-0.08948804051175176,nan,nan,nan,nan
5583,1756792719.9300325,,1756792719.9300325,False,9.161082127411882,1.4404915288816538,0.26810213801669824,-0.08631251545842235,nan,nan,nan,nan
5584,1756792719.9400482,,1756792719.9400482,False,9.157371627140769,1.3007607757745485,0.23907749421871438,-0.08125423859191666,nan,nan,nan,nan
5585,1756792719.9500303,,1756792719.9500303,False,9.198442901829914,1.3151791182341843,0.21643136795119208,-0.07992925514921093,nan,nan,nan,nan
5586,1756792719.9600244,,1756792719.9600244,False,9.233264725229954,1.2974862607331175,0.18429281380433699,-0.07486790133375981,nan,nan,nan,nan
5587,1756792719.9709318,,1756792719.9709318,False,9.247785458476496,1.193716508631703,0.16256742230793392,-0.07015303428970723,nan,nan,nan,nan
5588,1756792719.9800982,,1756792719.9800982,False,9.266709021995538,1.1379828207516103,0.13865870741822262,-0.06649715510274962,nan,nan,nan,nan
5589,1756792719.990041,,1756792719.990041,False,9.2915111171694,1.0972923176237293,0.09765662794869413,-0.059998627163665705,nan,nan,nan,nan
5590,1756792720.0000458,,1756792720.0000458,False,9.319839956677134,1.0294785578698942,0.07522145949660179,-0.0554534058897686,nan,nan,nan,nan
5591,1756792720.0100358,,1756792720.0100358,False,9.337110362136663,0.9760667464647609,0.04875127939847827,-0.0503356177873915,nan,nan,nan,nan
5592,1756792720.0200686,,1756792720.0200686,False,9.38248533650726,0.9650243969463466,0.020342251089725427,-0.044312610370801774,nan,nan,nan,nan
5593,1756792720.030037,,1756792720.030037,False,9.376873961215482,0.8561642991811901,-0.006579539715720807,-0.03925869991342432,nan,nan,nan,nan
5594,1756792720.0400674,,1756792720.0400674,False,9.403201363437685,0.8150254971713846,-0.036170325185871856,-0.033554670755891136,nan,nan,nan,nan
5595,1756792720.0501013,,1756792720.0501013,False,9.433242211963194,0.8025977936702099,-0.07259781297125374,-0.027398020850332265,nan,nan,nan,nan
5596,1756792720.0600283,,1756792720.0600283,False,9.461181907780167,0.7735379683506318,-0.12249155280600736,-0.01871383175556622,nan,nan,nan,nan
5597,1756792720.0700152,,1756792720.0700152,False,9.489955119496658,0.6912422149570148,-0.15338849221862147,-0.012900988536371578,nan,nan,nan,nan
5598,1756792720.080032,,1756792720.080032,False,9.514545808365064,0.602916018470403,-0.1707357693091425,-0.010386294497614352,nan,nan,nan,nan
5599,1756792720.0900152,,1756792720.0900152,False,9.536055692961497,0.5396218354945453,-0.20580118362191602,-0.0034649692586583318,nan,nan,nan,nan
5600,1756792720.1000228,,1756792720.1000228,False,9.585958766788556,0.5103160522202661,-0.2471085357813086,0.005257023070542016,nan,nan,nan,nan
5601,1756792720.110019,,1756792720.110019,False,9.604316588603933,0.44438216445231893,-0.27219886400097676,0.010605233887185157,nan,nan,nan,nan
5602,1756792720.120125,,1756792720.120125,False,9.63904457412523,0.3975086971586902,-0.30955025525512475,0.01843536680142028,nan,nan,nan,nan
5603,1756792720.1300325,,1756792720.1300325,False,9.653219254425935,0.33594362099464353,-0.3221942089304134,0.020711051783655197,nan,nan,nan,nan
5604,1756792720.140014,,1756792720.140014,False,9.6661168517631,0.2567924619962719,-0.3355318553619251,0.022512495480979344,nan,nan,nan,nan
5605,1756792720.1500502,,1756792720.1500502,False,9.705565875418134,0.2545108247068267,-0.38092596574895543,0.03096095154478772,nan,nan,nan,nan
5606,1756792720.1600204,,1756792720.1600204,False,9.730482801810174,0.20723655347734646,-0.4084342090337209,0.03672865977397968,nan,nan,nan,nan
5607,1756792720.1700351,,1756792720.1700351,False,9.759227454671686,0.17519212187915428,-0.43712180833842135,0.0427220965689084,nan,nan,nan,nan
5608,1756792720.18002,,1756792720.18002,False,9.776087204715633,0.14305641195507798,-0.4671619130081344,0.04773955070449937,nan,nan,nan,nan
5609,1756792720.190025,,1756792720.190025,False,9.790029761936008,0.0953566790993225,-0.4763630633292386,0.04824508661464116,nan,nan,nan,nan
5610,1756792720.2002916,,1756792720.2002916,False,9.816080414476334,0.0775192842134574,-0.5136297207304219,0.05559323377217337,nan,nan,nan,nan
5611,1756792720.2100568,,1756792720.2100568,False,9.815633740384824,0.020559885470523707,-0.5050359740702295,0.05355988677865907,nan,nan,nan,nan
5612,1756792720.2200143,,1756792720.2200143,False,9.820640433732107,-0.02403360723369316,-0.5214758277858931,0.05571317895350129,nan,nan,nan,nan
5613,1756792720.2300303,,1756792720.2300303,False,9.824137933173532,-0.06986742242261755,-0.521894880634015,0.054219587857130026,nan,nan,nan,nan
5614,1756792720.2400167,,1756792720.2400167,False,9.839832304840428,-0.09561285777825528,-0.5523559900264301,0.05807827937298468,nan,nan,nan,nan
5615,1756792720.2500992,,1756792720.2500992,False,9.844470961888364,-0.1365675500478482,-0.5671538152193414,0.06049212913083487,nan,nan,nan,nan
5616,1756792720.2600434,,1756792720.2600434,False,9.85181105531765,-0.18071745755770544,-0.5714033340971576,0.05936279709562653,nan,nan,nan,nan
5617,1756792720.2701738,,1756792720.2701738,False,9.853087372643571,-0.22852548220517818,-0.5639059995449678,0.05527267115919962,nan,nan,nan,nan
5618,1756792720.280118,,1756792720.280118,False,9.85375998464718,-0.25974873070839566,-0.6018874204555986,0.05887621216218497,nan,nan,nan,nan
5619,1756792720.2900283,,1756792720.2900283,False,9.847869885151868,-0.3078560661787947,-0.6251777353733922,0.06020168148378647,nan,nan,nan,nan
5620,1756792720.3000314,,1756792720.3000314,False,9.851277300374482,-0.34899012454475625,-0.6569842458975425,0.061846878321855474,nan,nan,nan,nan
5621,1756792720.3100307,,1756792720.3100307,False,9.850687531363754,-0.39013254637667766,-0.6582131790256234,0.05779181962400752,nan,nan,nan,nan
5622,1756792720.3200264,,1756792720.3200264,False,9.8601470177529,-0.44490508140018936,-0.6606029064644666,0.054888839572292576,nan,nan,nan,nan
5623,1756792720.3300726,,1756792720.3300726,False,9.862174365765798,-0.48923731774797474,-0.6703764660156243,0.05175241342484554,nan,nan,nan,nan
5624,1756792720.3400362,,1756792720.3400362,False,9.86794880896462,-0.5307702418807425,-0.6570670285582011,0.04605000439081894,nan,nan,nan,nan
5625,1756792720.3500361,,1756792720.3500361,False,9.865708306870387,-0.5828953918453663,-0.686878246461106,0.046614812854791084,nan,nan,nan,nan
5626,1756792720.3600376,,1756792720.3600376,False,9.868680138010653,-0.6204437221345384,-0.7012037987498226,0.04397206647715092,nan,nan,nan,nan
5627,1756792720.3704462,,1756792720.3704462,False,9.877499579040855,-0.6430588444476298,-0.6702617887136876,0.035314368402632704,nan,nan,nan,nan
5628,1756792720.3800268,,1756792720.3800268,False,9.87799140193285,-0.7095308676414886,-0.7100137761444133,0.03811644843009314,nan,nan,nan,nan
5629,1756792720.3900418,,1756792720.3900418,False,9.884816157034878,-0.7464121725069317,-0.7065852807181612,0.033746232993561644,nan,nan,nan,nan
5630,1756792720.4000666,,1756792720.4000666,False,9.887181266943415,-0.7868885574215946,-0.7155652572493206,0.031593280984478236,nan,nan,nan,nan
5631,1756792720.4100363,,1756792720.4100363,False,9.893802083368902,-0.7980004618537281,-0.6960373573588111,0.025817484590324322,nan,nan,nan,nan
5632,1756792720.4202323,,1756792720.4202323,False,9.90413465646569,-0.8530356922033595,-0.6972899125591607,0.02386750835349643,nan,nan,nan,nan
5633,1756792720.43004,,1756792720.43004,False,9.90624508689532,-0.8696269149964351,-0.6851311771183489,0.02015551573456066,nan,nan,nan,nan
5634,1756792720.4400353,,1756792720.4400353,False,9.905372683258305,-0.9082063469046954,-0.6905787039467072,0.018493824198331465,nan,nan,nan,nan
5635,1756792720.4500916,,1756792720.4500916,False,9.915051558088997,-0.9255397288031502,-0.6709185048414448,0.013940474664387678,nan,nan,nan,nan
5636,1756792720.460034,,1756792720.460034,False,9.91246302700241,-0.95748865732193,-0.6685674020168498,0.01104489339296421,nan,nan,nan,nan
5637,1756792720.4700294,,1756792720.4700294,False,9.9084369524837,-0.9879228904481373,-0.6668253114836474,0.007272476060661051,nan,nan,nan,nan
5638,1756792720.4800615,,1756792720.4800615,False,9.911412494361674,-1.0165232600180376,-0.6676828255890304,0.0050925622756557085,nan,nan,nan,nan
5639,1756792720.4900348,,1756792720.4900348,False,9.911665966316061,-1.0075513703820205,-0.6158900704146114,-0.0019578849067830666,nan,nan,nan,nan
5640,1756792720.5000312,,1756792720.5000312,False,9.912791467879885,-1.0537362679245104,-0.6382637255495047,-0.004111113646307648,nan,nan,nan,nan
5641,1756792720.510034,,1756792720.510034,False,9.904815929935102,-1.081474045774513,-0.6542811665269018,-0.005919461438114841,nan,nan,nan,nan
5642,1756792720.520032,,1756792720.520032,False,9.899954141175188,-1.1139476809156763,-0.6562395845738856,-0.008802187081687646,nan,nan,nan,nan
5643,1756792720.5300453,,1756792720.5300453,False,9.90244915840881,-1.1559738662347636,-0.6631755570456762,-0.01130449432875194,nan,nan,nan,nan
5644,1756792720.540034,,1756792720.540034,False,9.895099256098206,-1.1622562609749354,-0.64772608631908,-0.016095431464434973,nan,nan,nan,nan
5645,1756792720.5500314,,1756792720.5500314,False,9.892007512071475,-1.2172189742462034,-0.6823941916614188,-0.016667815459472445,nan,nan,nan,nan
5646,1756792720.5600374,,1756792720.5600374,False,9.903752952409288,-1.2617766994274295,-0.6729223490075285,-0.020256081594688165,nan,nan,nan,nan
5647,1756792720.5700252,,1756792720.5700252,False,9.90782007057678,-1.2622351661749087,-0.667965481228203,-0.02382857069252609,nan,nan,nan,nan
5648,1756792720.5800314,,1756792720.5800314,False,9.908844727307333,-1.2825114336905947,-0.6536926714754333,-0.025709500875342097,nan,nan,nan,nan
5649,1756792720.590029,,1756792720.590029,False,9.918498916578226,-1.326420713800006,-0.6535252494466176,-0.026797338454029762,nan,nan,nan,nan
5650,1756792720.6000412,,1756792720.6000412,False,9.934602957938301,-1.3421818473203642,-0.633260820441871,-0.02979091468982611,nan,nan,nan,nan
5651,1756792720.6100304,,1756792720.6100304,False,9.938581525622538,-1.3617737736860922,-0.6251694110883973,-0.030860481719502415,nan,nan,nan,nan
5652,1756792720.6201093,,1756792720.6201093,False,9.946847546173796,-1.403963993804314,-0.6118213627821487,-0.03212563959649156,nan,nan,nan,nan
5653,1756792720.6300974,,1756792720.6300974,False,9.96620656268047,-1.4445188871085937,-0.613935931964803,-0.03290214525146603,nan,nan,nan,nan
5654,1756792720.6400337,,1756792720.6400337,False,9.982711546568643,-1.4806609977048244,-0.6066224313078153,-0.0342130922235542,nan,nan,nan,nan
5655,1756792720.650031,,1756792720.650031,False,9.999209788878689,-1.4816875621774528,-0.5779203070158367,-0.0355114984877428,nan,nan,nan,nan
5656,1756792720.6600358,,1756792720.6600358,False,10.026803780148118,-1.5200079993846214,-0.5795589405610224,-0.036648810996086675,nan,nan,nan,nan
5657,1756792720.6701105,,1756792720.6701105,False,10.03728908758809,-1.5014317933178276,-0.5438826382937622,-0.03787079977028293,nan,nan,nan,nan
5658,1756792720.6800296,,1756792720.6800296,False,10.070145997111808,-1.5323230265931664,-0.5355465680263533,-0.038799602538839024,nan,nan,nan,nan
5659,1756792720.6900277,,1756792720.6900277,False,10.115695788185056,-1.6176830446417716,-0.5555291125992273,-0.038703889171804846,nan,nan,nan,nan
5660,1756792720.700035,,1756792720.700035,False,10.132970213968388,-1.5905094342679618,-0.5232160836811116,-0.038636681903713437,nan,nan,nan,nan
5661,1756792720.7100475,,1756792720.7100475,False,10.156685229138043,-1.559064830398186,-0.49174983270706246,-0.039368237510265996,nan,nan,nan,nan
5662,1756792720.7200334,,1756792720.7200334,False,10.204055763356996,-1.6143298892456546,-0.4914656756849588,-0.03987647439019407,nan,nan,nan,nan
5663,1756792720.7300375,,1756792720.7300375,False,10.21638333134836,-1.5798911478721929,-0.4507011009341149,-0.040326198502824435,nan,nan,nan,nan
5664,1756792720.74003,,1756792720.74003,False,10.270331037658613,-1.6086313603266211,-0.423765492577185,-0.03826340969873424,nan,nan,nan,nan
5665,1756792720.7500265,,1756792720.7500265,False,10.317385246205202,-1.6402968958229558,-0.4078652519589048,-0.038285160166941265,nan,nan,nan,nan
5666,1756792720.7600265,,1756792720.7600265,False,10.356174502966153,-1.6148549867054,-0.400874729293668,-0.039195505426389506,nan,nan,nan,nan
5667,1756792720.770034,,1756792720.770034,False,10.392939765347345,-1.6072949608344544,-0.37202871852602704,-0.03730175377477804,nan,nan,nan,nan
5668,1756792720.7800343,,1756792720.7800343,False,10.416450050176701,-1.5723788440866038,-0.33832099933005116,-0.03639492913130544,nan,nan,nan,nan
5669,1756792720.7900538,,1756792720.7900538,False,10.4497198606925,-1.5658329373175541,-0.31352330896719033,-0.03502928579036067,nan,nan,nan,nan
5670,1756792720.8000102,,1756792720.8000102,False,10.502078441750927,-1.5810982973255838,-0.30213751256139565,-0.035758176675143825,nan,nan,nan,nan
5671,1756792720.81002,,1756792720.81002,False,10.553831523379628,-1.5832776364087913,-0.27424267432606736,-0.03185585033525352,nan,nan,nan,nan
5672,1756792720.8200233,,1756792720.8200233,False,10.623519082727533,-1.6214694701180707,-0.2696329745674101,-0.03192035349785898,nan,nan,nan,nan
5673,1756792720.8300323,,1756792720.8300323,False,10.671751414885616,-1.6072998882718763,-0.24932199414015127,-0.029527290039160308,nan,nan,nan,nan
5603,1756792720.1300325,,1756792720.1300325,False,9.653219254425935,0.33594362099464353,-0.3221942089304134,0.020711051783655197,nan,nan,nan,nan
5604,1756792720.140014,,1756792720.140014,False,9.6661168517631,0.2567924619962719,-0.3355318553619251,0.022512495480979344,nan,nan,nan,nan
5605,1756792720.1500502,,1756792720.1500502,False,9.705565875418134,0.2545108247068267,-0.38092596574895543,0.03096095154478772,nan,nan,nan,nan
5606,1756792720.1600204,,1756792720.1600204,False,9.730482801810174,0.20723655347734646,-0.4084342090337209,0.03672865977397968,nan,nan,nan,nan
5607,1756792720.1700351,,1756792720.1700351,False,9.759227454671686,0.17519212187915428,-0.43712180833842135,0.0427220965689084,nan,nan,nan,nan
5608,1756792720.18002,,1756792720.18002,False,9.776087204715633,0.14305641195507798,-0.4671619130081344,0.04773955070449937,nan,nan,nan,nan
5609,1756792720.190025,,1756792720.190025,False,9.790029761936008,0.0953566790993225,-0.4763630633292386,0.04824508661464116,nan,nan,nan,nan
5610,1756792720.2002916,,1756792720.2002916,False,9.816080414476334,0.0775192842134574,-0.5136297207304219,0.05559323377217337,nan,nan,nan,nan
5611,1756792720.2100568,,1756792720.2100568,False,9.815633740384824,0.020559885470523707,-0.5050359740702295,0.05355988677865907,nan,nan,nan,nan
5612,1756792720.2200143,,1756792720.2200143,False,9.820640433732107,-0.02403360723369316,-0.5214758277858931,0.05571317895350129,nan,nan,nan,nan
5613,1756792720.2300303,,1756792720.2300303,False,9.824137933173532,-0.06986742242261755,-0.521894880634015,0.054219587857130026,nan,nan,nan,nan
5614,1756792720.2400167,,1756792720.2400167,False,9.839832304840428,-0.09561285777825528,-0.5523559900264301,0.05807827937298468,nan,nan,nan,nan
5615,1756792720.2500992,,1756792720.2500992,False,9.844470961888364,-0.1365675500478482,-0.5671538152193414,0.06049212913083487,nan,nan,nan,nan
5616,1756792720.2600434,,1756792720.2600434,False,9.85181105531765,-0.18071745755770544,-0.5714033340971576,0.05936279709562653,nan,nan,nan,nan
5617,1756792720.2701738,,1756792720.2701738,False,9.853087372643571,-0.22852548220517818,-0.5639059995449678,0.05527267115919962,nan,nan,nan,nan
5618,1756792720.280118,,1756792720.280118,False,9.85375998464718,-0.25974873070839566,-0.6018874204555986,0.05887621216218497,nan,nan,nan,nan
5619,1756792720.2900283,,1756792720.2900283,False,9.847869885151868,-0.3078560661787947,-0.6251777353733922,0.06020168148378647,nan,nan,nan,nan
5620,1756792720.3000314,,1756792720.3000314,False,9.851277300374482,-0.34899012454475625,-0.6569842458975425,0.061846878321855474,nan,nan,nan,nan
5621,1756792720.3100307,,1756792720.3100307,False,9.850687531363754,-0.39013254637667766,-0.6582131790256234,0.05779181962400752,nan,nan,nan,nan
5622,1756792720.3200264,,1756792720.3200264,False,9.8601470177529,-0.44490508140018936,-0.6606029064644666,0.054888839572292576,nan,nan,nan,nan
5623,1756792720.3300726,,1756792720.3300726,False,9.862174365765798,-0.48923731774797474,-0.6703764660156243,0.05175241342484554,nan,nan,nan,nan
5624,1756792720.3400362,,1756792720.3400362,False,9.86794880896462,-0.5307702418807425,-0.6570670285582011,0.04605000439081894,nan,nan,nan,nan
5625,1756792720.3500361,,1756792720.3500361,False,9.865708306870387,-0.5828953918453663,-0.686878246461106,0.046614812854791084,nan,nan,nan,nan
5626,1756792720.3600376,,1756792720.3600376,False,9.868680138010653,-0.6204437221345384,-0.7012037987498226,0.04397206647715092,nan,nan,nan,nan
5627,1756792720.3704462,,1756792720.3704462,False,9.877499579040855,-0.6430588444476298,-0.6702617887136876,0.035314368402632704,nan,nan,nan,nan
5628,1756792720.3800268,,1756792720.3800268,False,9.87799140193285,-0.7095308676414886,-0.7100137761444133,0.03811644843009314,nan,nan,nan,nan
5629,1756792720.3900418,,1756792720.3900418,False,9.884816157034878,-0.7464121725069317,-0.7065852807181612,0.033746232993561644,nan,nan,nan,nan
5630,1756792720.4000666,,1756792720.4000666,False,9.887181266943415,-0.7868885574215946,-0.7155652572493206,0.031593280984478236,nan,nan,nan,nan
5631,1756792720.4100363,,1756792720.4100363,False,9.893802083368902,-0.7980004618537281,-0.6960373573588111,0.025817484590324322,nan,nan,nan,nan
5632,1756792720.4202323,,1756792720.4202323,False,9.90413465646569,-0.8530356922033595,-0.6972899125591607,0.02386750835349643,nan,nan,nan,nan
5633,1756792720.43004,,1756792720.43004,False,9.90624508689532,-0.8696269149964351,-0.6851311771183489,0.02015551573456066,nan,nan,nan,nan
5634,1756792720.4400353,,1756792720.4400353,False,9.905372683258305,-0.9082063469046954,-0.6905787039467072,0.018493824198331465,nan,nan,nan,nan
5635,1756792720.4500916,,1756792720.4500916,False,9.915051558088997,-0.9255397288031502,-0.6709185048414448,0.013940474664387678,nan,nan,nan,nan
5636,1756792720.460034,,1756792720.460034,False,9.91246302700241,-0.95748865732193,-0.6685674020168498,0.01104489339296421,nan,nan,nan,nan
5637,1756792720.4700294,,1756792720.4700294,False,9.9084369524837,-0.9879228904481373,-0.6668253114836474,0.007272476060661051,nan,nan,nan,nan
5638,1756792720.4800615,,1756792720.4800615,False,9.911412494361674,-1.0165232600180376,-0.6676828255890304,0.0050925622756557085,nan,nan,nan,nan
5639,1756792720.4900348,,1756792720.4900348,False,9.911665966316061,-1.0075513703820205,-0.6158900704146114,-0.0019578849067830666,nan,nan,nan,nan
5640,1756792720.5000312,,1756792720.5000312,False,9.912791467879885,-1.0537362679245104,-0.6382637255495047,-0.004111113646307648,nan,nan,nan,nan
5641,1756792720.510034,,1756792720.510034,False,9.904815929935102,-1.081474045774513,-0.6542811665269018,-0.005919461438114841,nan,nan,nan,nan
5642,1756792720.520032,,1756792720.520032,False,9.899954141175188,-1.1139476809156763,-0.6562395845738856,-0.008802187081687646,nan,nan,nan,nan
5643,1756792720.5300453,,1756792720.5300453,False,9.90244915840881,-1.1559738662347636,-0.6631755570456762,-0.01130449432875194,nan,nan,nan,nan
5644,1756792720.540034,,1756792720.540034,False,9.895099256098206,-1.1622562609749354,-0.64772608631908,-0.016095431464434973,nan,nan,nan,nan
5645,1756792720.5500314,,1756792720.5500314,False,9.892007512071475,-1.2172189742462034,-0.6823941916614188,-0.016667815459472445,nan,nan,nan,nan
5646,1756792720.5600374,,1756792720.5600374,False,9.903752952409288,-1.2617766994274295,-0.6729223490075285,-0.020256081594688165,nan,nan,nan,nan
5647,1756792720.5700252,,1756792720.5700252,False,9.90782007057678,-1.2622351661749087,-0.667965481228203,-0.02382857069252609,nan,nan,nan,nan
5648,1756792720.5800314,,1756792720.5800314,False,9.908844727307333,-1.2825114336905947,-0.6536926714754333,-0.025709500875342097,nan,nan,nan,nan
5649,1756792720.590029,,1756792720.590029,False,9.918498916578226,-1.326420713800006,-0.6535252494466176,-0.026797338454029762,nan,nan,nan,nan
5650,1756792720.6000412,,1756792720.6000412,False,9.934602957938301,-1.3421818473203642,-0.633260820441871,-0.02979091468982611,nan,nan,nan,nan
5651,1756792720.6100304,,1756792720.6100304,False,9.938581525622538,-1.3617737736860922,-0.6251694110883973,-0.030860481719502415,nan,nan,nan,nan
5652,1756792720.6201093,,1756792720.6201093,False,9.946847546173796,-1.403963993804314,-0.6118213627821487,-0.03212563959649156,nan,nan,nan,nan
5653,1756792720.6300974,,1756792720.6300974,False,9.96620656268047,-1.4445188871085937,-0.613935931964803,-0.03290214525146603,nan,nan,nan,nan
5654,1756792720.6400337,,1756792720.6400337,False,9.982711546568643,-1.4806609977048244,-0.6066224313078153,-0.0342130922235542,nan,nan,nan,nan
5655,1756792720.650031,,1756792720.650031,False,9.999209788878689,-1.4816875621774528,-0.5779203070158367,-0.0355114984877428,nan,nan,nan,nan
5656,1756792720.6600358,,1756792720.6600358,False,10.026803780148118,-1.5200079993846214,-0.5795589405610224,-0.036648810996086675,nan,nan,nan,nan
5657,1756792720.6701105,,1756792720.6701105,False,10.03728908758809,-1.5014317933178276,-0.5438826382937622,-0.03787079977028293,nan,nan,nan,nan
5658,1756792720.6800296,,1756792720.6800296,False,10.070145997111808,-1.5323230265931664,-0.5355465680263533,-0.038799602538839024,nan,nan,nan,nan
5659,1756792720.6900277,,1756792720.6900277,False,10.115695788185056,-1.6176830446417716,-0.5555291125992273,-0.038703889171804846,nan,nan,nan,nan
5660,1756792720.700035,,1756792720.700035,False,10.132970213968388,-1.5905094342679618,-0.5232160836811116,-0.038636681903713437,nan,nan,nan,nan
5661,1756792720.7100475,,1756792720.7100475,False,10.156685229138043,-1.559064830398186,-0.49174983270706246,-0.039368237510265996,nan,nan,nan,nan
5662,1756792720.7200334,,1756792720.7200334,False,10.204055763356996,-1.6143298892456546,-0.4914656756849588,-0.03987647439019407,nan,nan,nan,nan
5663,1756792720.7300375,,1756792720.7300375,False,10.21638333134836,-1.5798911478721929,-0.4507011009341149,-0.040326198502824435,nan,nan,nan,nan
5664,1756792720.74003,,1756792720.74003,False,10.270331037658613,-1.6086313603266211,-0.423765492577185,-0.03826340969873424,nan,nan,nan,nan
5665,1756792720.7500265,,1756792720.7500265,False,10.317385246205202,-1.6402968958229558,-0.4078652519589048,-0.038285160166941265,nan,nan,nan,nan
5666,1756792720.7600265,,1756792720.7600265,False,10.356174502966153,-1.6148549867054,-0.400874729293668,-0.039195505426389506,nan,nan,nan,nan
5667,1756792720.770034,,1756792720.770034,False,10.392939765347345,-1.6072949608344544,-0.37202871852602704,-0.03730175377477804,nan,nan,nan,nan
5668,1756792720.7800343,,1756792720.7800343,False,10.416450050176701,-1.5723788440866038,-0.33832099933005116,-0.03639492913130544,nan,nan,nan,nan
5669,1756792720.7900538,,1756792720.7900538,False,10.4497198606925,-1.5658329373175541,-0.31352330896719033,-0.03502928579036067,nan,nan,nan,nan
5670,1756792720.8000102,,1756792720.8000102,False,10.502078441750927,-1.5810982973255838,-0.30213751256139565,-0.035758176675143825,nan,nan,nan,nan
5671,1756792720.81002,,1756792720.81002,False,10.553831523379628,-1.5832776364087913,-0.27424267432606736,-0.03185585033525352,nan,nan,nan,nan
5672,1756792720.8200233,,1756792720.8200233,False,10.623519082727533,-1.6214694701180707,-0.2696329745674101,-0.03192035349785898,nan,nan,nan,nan
5673,1756792720.8300323,,1756792720.8300323,False,10.671751414885616,-1.6072998882718763,-0.24932199414015127,-0.029527290039160308,nan,nan,nan,nan
5675,1756792720.8500426,,1756792720.8500426,False,10.776611739432898,-1.581281154972841,-0.22103854655068345,-0.027192136648797067,nan,nan,nan,nan
5676,1756792720.8600674,,1756792720.8600674,False,10.8251369688084,-1.5640171059046293,-0.18707365514956448,-0.023073792105522715,nan,nan,nan,nan
5677,1756792720.8700228,,1756792720.8700228,False,10.88712176471318,-1.5747112855968748,-0.16282170686534655,-0.02072826751169224,nan,nan,nan,nan
5678,1756792720.8800352,,1756792720.8800352,False,10.947495717464227,-1.5825608018194066,-0.15128454701890065,-0.01888512193295869,nan,nan,nan,nan
5679,1756792720.890061,,1756792720.890061,False,10.981761537351606,-1.5393056410505495,-0.12555104640129328,-0.016344527389831078,nan,nan,nan,nan
5680,1756792720.900038,,1756792720.900038,False,11.034536562875605,-1.5287025100021907,-0.10307433963115983,-0.014823180476753383,nan,nan,nan,nan
5681,1756792720.9100316,,1756792720.9100316,False,11.098981468527608,-1.5465618102052758,-0.09951953047846318,-0.015427457500384906,nan,nan,nan,nan
5682,1756792720.9200208,,1756792720.9200208,False,11.168042761537425,-1.5544804360686797,-0.08693023234904952,-0.013767639389432384,nan,nan,nan,nan
5683,1756792720.9300296,,1756792720.9300296,False,11.231183374909273,-1.5394586515973456,-0.06614889748735188,-0.012153464933098226,nan,nan,nan,nan
5684,1756792720.9400332,,1756792720.9400332,False,11.274853641948697,-1.4932445264901648,-0.039187638397243596,-0.009440187277196027,nan,nan,nan,nan
5685,1756792720.950052,,1756792720.950052,False,11.355632118874215,-1.5118244291212808,-0.029947474889862286,-0.008590265936764811,nan,nan,nan,nan
5686,1756792720.9600286,,1756792720.9600286,False,11.409106201400295,-1.4589630830242288,0.012109916460046966,-0.0029472651247386935,nan,nan,nan,nan
5687,1756792720.9700286,,1756792720.9700286,False,11.486985843237742,-1.4689186156024692,0.03476422504917846,-0.0005587874498408904,nan,nan,nan,nan
5688,1756792720.9800458,,1756792720.9800458,False,11.535256806709103,-1.4141119389687458,0.06191861216571343,0.00271860630588858,nan,nan,nan,nan
5689,1756792720.9900384,,1756792720.9900384,False,11.628883721012912,-1.434291070666459,0.09213625107045896,0.006246198248651932,nan,nan,nan,nan
5690,1756792721.0000255,,1756792721.0000255,False,11.68300689811668,-1.4249961755600027,0.10802076215649081,0.006707236026245648,nan,nan,nan,nan
5691,1756792721.010036,,1756792721.010036,False,11.7312529910895,-1.3912921051696592,0.13961761852492305,0.011441835235554077,nan,nan,nan,nan
5692,1756792721.0200417,,1756792721.0200417,False,11.78767669749531,-1.3616041562931387,0.15514313386844636,0.014536924570734452,nan,nan,nan,nan
5693,1756792721.0300653,,1756792721.0300653,False,11.858043133840747,-1.3524581855098834,0.1777466856175693,0.017218928232371884,nan,nan,nan,nan
5694,1756792721.040324,,1756792721.040324,False,11.89968713954172,-1.3017495780106416,0.20806104632038785,0.021939348860650874,nan,nan,nan,nan
5695,1756792721.0509937,,1756792721.0509937,False,11.97081736439595,-1.292851538854693,0.22916088581949395,0.026718252167028514,nan,nan,nan,nan
5696,1756792721.0601208,,1756792721.0601208,False,11.999361736049352,-1.2645544748518978,0.2469409682854832,0.03027055165343838,nan,nan,nan,nan
5697,1756792721.0700824,,1756792721.0700824,False,12.0390116840816,-1.2321852277020644,0.2598314135602866,0.03232801448776746,nan,nan,nan,nan
5698,1756792721.0800269,,1756792721.0800269,False,12.08457725735111,-1.2012249005981106,0.2628827065246337,0.033605762335466534,nan,nan,nan,nan
5699,1756792721.0900226,,1756792721.0900226,False,12.128739660036498,-1.2004588694413512,0.27420514677940927,0.0371158123805395,nan,nan,nan,nan
5700,1756792721.100072,,1756792721.100072,False,12.177287754617184,-1.1742366126860941,0.29537806722113785,0.042014482566610424,nan,nan,nan,nan
5701,1756792721.1100345,,1756792721.1100345,False,12.195512574725207,-1.1394527040210805,0.29895408393500256,0.04536825988734439,nan,nan,nan,nan
5702,1756792721.120039,,1756792721.120039,False,12.232119368977367,-1.1070961743943462,0.3233105412559719,0.05170044689560537,nan,nan,nan,nan
5703,1756792721.1300519,,1756792721.1300519,False,12.275130594320268,-1.089110505274319,0.3395553138429784,0.05692811856366931,nan,nan,nan,nan
5704,1756792721.1400225,,1756792721.1400225,False,12.30614509025063,-1.067393113449639,0.3413863475638124,0.05485272469310785,nan,nan,nan,nan
5705,1756792721.1500435,,1756792721.1500435,False,12.333314023676524,-1.0466020179961983,0.36389919940300325,0.06166000847244042,nan,nan,nan,nan
5706,1756792721.1600244,,1756792721.1600244,False,12.338024862827574,-0.9932908868385569,0.37389873187368683,0.0626486642328981,nan,nan,nan,nan
5707,1756792721.1700804,,1756792721.1700804,False,12.345153509294807,-0.957178256049013,0.38240664712194955,0.0648600518885812,nan,nan,nan,nan
5708,1756792721.1800218,,1756792721.1800218,False,12.364967948028672,-0.9211596773176957,0.41246837280686044,0.07111801672094756,nan,nan,nan,nan
5709,1756792721.190032,,1756792721.190032,False,12.358814015107821,-0.8524028529166441,0.4195331154294146,0.07370140481504535,nan,nan,nan,nan
5710,1756792721.2000341,,1756792721.2000341,False,12.37227097884901,-0.8121721992532427,0.431558974710659,0.07586651310137113,nan,nan,nan,nan
5711,1756792721.2100277,,1756792721.2100277,False,12.36545376020951,-0.7474218876461773,0.43015823495291017,0.07598162913538095,nan,nan,nan,nan
5712,1756792721.2203434,,1756792721.2203434,False,12.38666949809493,-0.6949017663805463,0.4384053405388676,0.07704335811311654,nan,nan,nan,nan
5713,1756792721.230122,,1756792721.230122,False,12.349471352477819,-0.6121870784894742,0.43653997406666756,0.07810367022476405,nan,nan,nan,nan
5714,1756792721.2400293,,1756792721.2400293,False,12.316838042162079,-0.5282050370342815,0.44250524993128,0.08040830358037737,nan,nan,nan,nan
5715,1756792721.2500145,,1756792721.2500145,False,12.30179260122931,-0.4738376551099045,0.4479842724768155,0.08247743429245957,nan,nan,nan,nan
5716,1756792721.2600842,,1756792721.2600842,False,12.262086561188347,-0.4013618322321875,0.4335685711917746,0.0800174957709287,nan,nan,nan,nan
5717,1756792721.2700365,,1756792721.2700365,False,12.247743984374283,-0.34864478646254593,0.43550205349176535,0.08072302392370267,nan,nan,nan,nan
5718,1756792721.2800317,,1756792721.2800317,False,12.221928550077388,-0.2796308838891731,0.42081716213884146,0.07838337775576071,nan,nan,nan,nan
5719,1756792721.2900305,,1756792721.2900305,False,12.175229002028455,-0.21130111823120892,0.4123968409350805,0.07768449064158287,nan,nan,nan,nan
5720,1756792721.3000343,,1756792721.3000343,False,12.14620540247941,-0.1622217972815893,0.41191101387172396,0.07604772969371233,nan,nan,nan,nan
5721,1756792721.3100343,,1756792721.3100343,False,12.070753837135594,-0.07863224219353358,0.4101945622551664,0.07496931599699426,nan,nan,nan,nan
5722,1756792721.320026,,1756792721.320026,False,11.977499846171176,0.011307258887323344,0.4196985084016727,0.0755305484564024,nan,nan,nan,nan
5723,1756792721.3300247,,1756792721.3300247,False,11.911966426044286,0.06960330875808086,0.42315016112617176,0.07390855363317393,nan,nan,nan,nan
5724,1756792721.3400397,,1756792721.3400397,False,11.881235466508453,0.11998585681302956,0.4015082753671701,0.06649326886519255,nan,nan,nan,nan
5725,1756792721.3500452,,1756792721.3500452,False,11.844798653414472,0.16279747076321843,0.3903431176200429,0.06007267675680766,nan,nan,nan,nan
5726,1756792721.3600242,,1756792721.3600242,False,11.72578738471017,0.2713135828593793,0.4124578516581621,0.06071106242719696,nan,nan,nan,nan
5727,1756792721.3701878,,1756792721.3701878,False,11.692983167128489,0.29941075169390646,0.3901161476847679,0.05149636627777243,nan,nan,nan,nan
5728,1756792721.3800292,,1756792721.3800292,False,11.625594896646472,0.36502770386290356,0.3977389258498294,0.048735193764497975,nan,nan,nan,nan
5729,1756792721.3900383,,1756792721.3900383,False,11.528921927128584,0.44884959450664713,0.4038701509630304,0.04580243483722863,nan,nan,nan,nan
5730,1756792721.400048,,1756792721.400048,False,11.436593469460647,0.5254045730126893,0.40866912220452434,0.04250425708607238,nan,nan,nan,nan
5731,1756792721.410071,,1756792721.410071,False,11.332765690752671,0.6109190342565016,0.4138131544222795,0.03961910856846289,nan,nan,nan,nan
5732,1756792721.4201508,,1756792721.4201508,False,11.23163663106106,0.7223616568417153,0.4268258768286,0.039888086086513286,nan,nan,nan,nan
5733,1756792721.4300165,,1756792721.4300165,False,11.173684186947174,0.7812481731974874,0.41962359967530666,0.03489280391711755,nan,nan,nan,nan
5734,1756792721.4400125,,1756792721.4400125,False,11.067402777028661,0.9096323068780292,0.42797587017777927,0.03441291996985299,nan,nan,nan,nan
5735,1756792721.4500177,,1756792721.4500177,False,10.967187190514077,1.009090083095444,0.42730953503468083,0.03152124621275752,nan,nan,nan,nan
5736,1756792721.4600203,,1756792721.4600203,False,10.87128288101549,1.119287205181132,0.4299428382537831,0.029920308345239892,nan,nan,nan,nan
5737,1756792721.4700701,,1756792721.4700701,False,10.79642286317768,1.212308566524716,0.42096211068726175,0.02717384318828341,nan,nan,nan,nan
5738,1756792721.4800408,,1756792721.4800408,False,10.719292074817936,1.3093946863442236,0.4046344209786672,0.022014271937497616,nan,nan,nan,nan
5739,1756792721.490035,,1756792721.490035,False,10.647144395492859,1.399463967163005,0.3944066218600416,0.018642863928626855,nan,nan,nan,nan
5740,1756792721.5000405,,1756792721.5000405,False,10.551255472375841,1.5323051861189747,0.4020462336131544,0.0180270616034381,nan,nan,nan,nan
5741,1756792721.5100446,,1756792721.5100446,False,10.503279040938173,1.5695411188908133,0.366998050826796,0.012417436056723768,nan,nan,nan,nan
5742,1756792721.5200377,,1756792721.5200377,False,10.411368096262898,1.6964301182087114,0.35579995748045834,0.00979296123934303,nan,nan,nan,nan
5743,1756792721.5300221,,1756792721.5300221,False,10.311200342137395,1.8600573485837424,0.36263330205903865,0.009034018200740157,nan,nan,nan,nan
5744,1756792721.5400271,,1756792721.5400271,False,10.275564509716371,1.8695322402346979,0.3308375361121911,0.004418696858041258,nan,nan,nan,nan
5745,1756792721.550048,,1756792721.550048,False,10.156643872102213,2.078220952974694,0.34759147850872596,0.004252807076161331,nan,nan,nan,nan
5746,1756792721.5600255,,1756792721.5600255,False,10.082051931117665,2.2279707018284,0.3457630063301501,0.0016788283357581982,nan,nan,nan,nan
5747,1756792721.570034,,1756792721.570034,False,9.99525355895189,2.3916081008847154,0.3316926917505076,-0.0017555000036789544,nan,nan,nan,nan
5748,1756792721.5800645,,1756792721.5800645,False,9.9515970612797,2.4747864536386546,0.3160044421979287,-0.005289543859122761,nan,nan,nan,nan
5749,1756792721.5901737,,1756792721.5901737,False,9.901368085449167,2.6177314399241842,0.317176720317869,-0.007087739195352581,nan,nan,nan,nan
5750,1756792721.6000373,,1756792721.6000373,False,9.85784688290116,2.693851459060693,0.2949166514426825,-0.009747136516703982,nan,nan,nan,nan
5751,1756792721.6100335,,1756792721.6100335,False,9.818703085653015,2.8034998596872267,0.27893477350152246,-0.01344310529142962,nan,nan,nan,nan
5752,1756792721.6200216,,1756792721.6200216,False,9.797840232294464,2.9607784978259803,0.281592371241823,-0.014367592437346392,nan,nan,nan,nan
5753,1756792721.6300526,,1756792721.6300526,False,9.804708149135399,3.10644145630833,0.2851553510520526,-0.015840270961527025,nan,nan,nan,nan
5754,1756792721.640048,,1756792721.640048,False,9.81748694380794,3.22909444994072,0.28222320079722135,-0.017125537945320523,nan,nan,nan,nan
5755,1756792721.6501324,,1756792721.6501324,False,9.812045087612473,3.2405763459239187,0.2430879147450179,-0.020644786929160712,nan,nan,nan,nan
5756,1756792721.660027,,1756792721.660027,False,9.818839554513545,3.264576677594682,0.21003236687029178,-0.021529390746412642,nan,nan,nan,nan
5757,1756792721.6700356,,1756792721.6700356,False,9.845684877907116,3.309503796593153,0.19799124650673514,-0.022291039791876643,nan,nan,nan,nan
5758,1756792721.6800392,,1756792721.6800392,False,9.90413400598892,3.3785088058237243,0.19311351761288922,-0.02230963898709585,nan,nan,nan,nan
5759,1756792721.6901128,,1756792721.6901128,False,9.980686143912918,3.459367520146328,0.20792877246943334,-0.022961725292963153,nan,nan,nan,nan
5760,1756792721.7000275,,1756792721.7000275,False,10.05157844618593,3.481849721424669,0.19179879095651609,-0.024156639394960527,nan,nan,nan,nan
5761,1756792721.7100449,,1756792721.7100449,False,10.039080559593826,3.2860139511756246,0.1339925312716474,-0.021098326798362196,nan,nan,nan,nan
5762,1756792721.720102,,1756792721.720102,False,10.08056052627937,3.2723824326400623,0.1240984742347825,-0.020636028599930727,nan,nan,nan,nan
5763,1756792721.7300606,,1756792721.7300606,False,10.132283164164683,3.2233025957884935,0.10740894473027524,-0.01973148453736149,nan,nan,nan,nan
5764,1756792721.7400312,,1756792721.7400312,False,10.205888922835552,3.2178061296753424,0.11100682393007413,-0.020178881362778865,nan,nan,nan,nan
5765,1756792721.750056,,1756792721.750056,False,10.271533267373572,3.158758198730729,0.10574914383591735,-0.01950087889246529,nan,nan,nan,nan
5766,1756792721.7600234,,1756792721.7600234,False,10.300418455767565,3.059957709201035,0.09303271226711296,-0.017356655948832973,nan,nan,nan,nan
5767,1756792721.7700639,,1756792721.7700639,False,10.395091541155391,3.058634468150539,0.09274946745154533,-0.018611235165843905,nan,nan,nan,nan
5768,1756792721.7800312,,1756792721.7800312,False,10.385586734060237,2.9252602039976736,0.06584572805995405,-0.01588393402472441,nan,nan,nan,nan
5769,1756792721.7900412,,1756792721.7900412,False,10.401715459910378,2.842493107273355,0.05384294338737885,-0.013385022584762889,nan,nan,nan,nan
5770,1756792721.8000455,,1756792721.8000455,False,10.442954438575953,2.77265439858788,0.03648643097201044,-0.010682904386675157,nan,nan,nan,nan
5771,1756792721.8101988,,1756792721.8101988,False,10.464331783027736,2.6760712963532103,0.015441770438897636,-0.008045806803210532,nan,nan,nan,nan
5772,1756792721.8202574,,1756792721.8202574,False,10.455533760522279,2.5223983102875125,-0.008626614908675877,-0.005239882844735064,nan,nan,nan,nan
5773,1756792721.8300302,,1756792721.8300302,False,10.54741516892261,2.5099477103203283,-0.0004994814403972557,-0.0068001386968520785,nan,nan,nan,nan
5774,1756792721.8400526,,1756792721.8400526,False,10.593570893529511,2.4119002579332,0.0033691578039788278,-0.007564567379431322,nan,nan,nan,nan
5775,1756792721.8500206,,1756792721.8500206,False,10.604970249052688,2.284812303769615,-0.023991436180458486,-0.0023457815351119586,nan,nan,nan,nan
5776,1756792721.8600268,,1756792721.8600268,False,10.624303964241829,2.1736043190691436,-0.04048279165142116,0.0009610832593437159,nan,nan,nan,nan
5777,1756792721.8700356,,1756792721.8700356,False,10.675375692056534,2.0832046130369766,-0.049865938795898436,0.004488148052778043,nan,nan,nan,nan
5778,1756792721.8800592,,1756792721.8800592,False,10.677776044300014,1.9343991938751466,-0.07102220077565062,0.009739286596740821,nan,nan,nan,nan
5779,1756792721.8900275,,1756792721.8900275,False,10.680442295631961,1.777145442987035,-0.07881483294074862,0.011993227125251095,nan,nan,nan,nan
5780,1756792721.900057,,1756792721.900057,False,10.70131308899679,1.6455128113472535,-0.09011270707046744,0.015775010958240257,nan,nan,nan,nan
5781,1756792721.9100344,,1756792721.9100344,False,10.760151715999775,1.5524957659153777,-0.07826989504877048,0.015809244587294345,nan,nan,nan,nan
5782,1756792721.9200552,,1756792721.9200552,False,10.751490743995118,1.384613322022343,-0.08796093494269305,0.019412097274332685,nan,nan,nan,nan
5783,1756792721.9300613,,1756792721.9300613,False,10.74513731620264,1.2194513508965166,-0.08990889277468721,0.02310252437511659,nan,nan,nan,nan
5784,1756792721.940209,,1756792721.940209,False,10.774939563116087,1.1012397382059076,-0.08078561967464337,0.023487299130752478,nan,nan,nan,nan
5785,1756792721.9500363,,1756792721.9500363,False,10.75004503522121,0.9360358447783179,-0.07160590635213178,0.02392003730579257,nan,nan,nan,nan
5786,1756792721.960025,,1756792721.960025,False,10.772690403277336,0.849859338906905,-0.05700432727923311,0.02359206429217792,nan,nan,nan,nan
5787,1756792721.9700248,,1756792721.9700248,False,10.766956404241881,0.7371052809236072,-0.053776869944572994,0.02588412962070415,nan,nan,nan,nan
5788,1756792721.9800482,,1756792721.9800482,False,10.722023432969339,0.5745392580489247,-0.04946196880587573,0.02735434925417952,nan,nan,nan,nan
5789,1756792721.990022,,1756792721.990022,False,10.664655338272404,0.4103008192810793,-0.05900390149875792,0.031340892444664724,nan,nan,nan,nan
5790,1756792722.0001316,,1756792722.0001316,False,10.720735074052222,0.41934941441537343,-0.008824453060899637,0.020979938531792693,nan,nan,nan,nan
5791,1756792722.0100238,,1756792722.0100238,False,10.662647381249457,0.265063993334977,-0.018983239109060645,0.024138071449189002,nan,nan,nan,nan
5792,1756792722.0200183,,1756792722.0200183,False,10.594221828172667,0.11056534422774825,-0.048955164863031427,0.03076401287649386,nan,nan,nan,nan
5793,1756792722.0300226,,1756792722.0300226,False,10.613260807611843,0.07489632963498052,-0.021800797317794197,0.023257175871879754,nan,nan,nan,nan
5794,1756792722.0402212,,1756792722.0402212,False,10.619615029276035,0.018493607545740413,0.0030058038996854898,0.01570108040509256,nan,nan,nan,nan
5795,1756792722.050038,,1756792722.050038,False,10.610134016561954,-0.042051283901194926,0.008673665135553843,0.012169711104928031,nan,nan,nan,nan
5796,1756792722.0600214,,1756792722.0600214,False,10.565684547865057,-0.15903786135490644,-0.010398332841847437,0.014272868828213036,nan,nan,nan,nan
5797,1756792722.0700147,,1756792722.0700147,False,10.560413022220445,-0.2077413415187875,-0.0002824550386372396,0.010060941686202404,nan,nan,nan,nan
5798,1756792722.08002,,1756792722.08002,False,10.572468370298239,-0.27584919605559544,0.004596242228780865,0.007686429157460078,nan,nan,nan,nan
5799,1756792722.090017,,1756792722.090017,False,10.55263491736121,-0.3658574179896975,-8.646375425586977e-05,0.006585040957205309,nan,nan,nan,nan
5800,1756792722.1000135,,1756792722.1000135,False,10.544905595602016,-0.4186475963172999,0.007459523012593289,0.0036249963911724114,nan,nan,nan,nan
5801,1756792722.110019,,1756792722.110019,False,10.522537815968848,-0.5022440562846939,0.0011925251329705602,0.0036532565114489415,nan,nan,nan,nan
5802,1756792722.120043,,1756792722.120043,False,10.498156011230149,-0.5817355040746716,-0.010558810798495896,0.006246772644459155,nan,nan,nan,nan
5747,1756792721.570034,,1756792721.570034,False,9.99525355895189,2.3916081008847154,0.3316926917505076,-0.0017555000036789544,nan,nan,nan,nan
5748,1756792721.5800645,,1756792721.5800645,False,9.9515970612797,2.4747864536386546,0.3160044421979287,-0.005289543859122761,nan,nan,nan,nan
5749,1756792721.5901737,,1756792721.5901737,False,9.901368085449167,2.6177314399241842,0.317176720317869,-0.007087739195352581,nan,nan,nan,nan
5750,1756792721.6000373,,1756792721.6000373,False,9.85784688290116,2.693851459060693,0.2949166514426825,-0.009747136516703982,nan,nan,nan,nan
5751,1756792721.6100335,,1756792721.6100335,False,9.818703085653015,2.8034998596872267,0.27893477350152246,-0.01344310529142962,nan,nan,nan,nan
5752,1756792721.6200216,,1756792721.6200216,False,9.797840232294464,2.9607784978259803,0.281592371241823,-0.014367592437346392,nan,nan,nan,nan
5753,1756792721.6300526,,1756792721.6300526,False,9.804708149135399,3.10644145630833,0.2851553510520526,-0.015840270961527025,nan,nan,nan,nan
5754,1756792721.640048,,1756792721.640048,False,9.81748694380794,3.22909444994072,0.28222320079722135,-0.017125537945320523,nan,nan,nan,nan
5755,1756792721.6501324,,1756792721.6501324,False,9.812045087612473,3.2405763459239187,0.2430879147450179,-0.020644786929160712,nan,nan,nan,nan
5756,1756792721.660027,,1756792721.660027,False,9.818839554513545,3.264576677594682,0.21003236687029178,-0.021529390746412642,nan,nan,nan,nan
5757,1756792721.6700356,,1756792721.6700356,False,9.845684877907116,3.309503796593153,0.19799124650673514,-0.022291039791876643,nan,nan,nan,nan
5758,1756792721.6800392,,1756792721.6800392,False,9.90413400598892,3.3785088058237243,0.19311351761288922,-0.02230963898709585,nan,nan,nan,nan
5759,1756792721.6901128,,1756792721.6901128,False,9.980686143912918,3.459367520146328,0.20792877246943334,-0.022961725292963153,nan,nan,nan,nan
5760,1756792721.7000275,,1756792721.7000275,False,10.05157844618593,3.481849721424669,0.19179879095651609,-0.024156639394960527,nan,nan,nan,nan
5761,1756792721.7100449,,1756792721.7100449,False,10.039080559593826,3.2860139511756246,0.1339925312716474,-0.021098326798362196,nan,nan,nan,nan
5762,1756792721.720102,,1756792721.720102,False,10.08056052627937,3.2723824326400623,0.1240984742347825,-0.020636028599930727,nan,nan,nan,nan
5763,1756792721.7300606,,1756792721.7300606,False,10.132283164164683,3.2233025957884935,0.10740894473027524,-0.01973148453736149,nan,nan,nan,nan
5764,1756792721.7400312,,1756792721.7400312,False,10.205888922835552,3.2178061296753424,0.11100682393007413,-0.020178881362778865,nan,nan,nan,nan
5765,1756792721.750056,,1756792721.750056,False,10.271533267373572,3.158758198730729,0.10574914383591735,-0.01950087889246529,nan,nan,nan,nan
5766,1756792721.7600234,,1756792721.7600234,False,10.300418455767565,3.059957709201035,0.09303271226711296,-0.017356655948832973,nan,nan,nan,nan
5767,1756792721.7700639,,1756792721.7700639,False,10.395091541155391,3.058634468150539,0.09274946745154533,-0.018611235165843905,nan,nan,nan,nan
5768,1756792721.7800312,,1756792721.7800312,False,10.385586734060237,2.9252602039976736,0.06584572805995405,-0.01588393402472441,nan,nan,nan,nan
5769,1756792721.7900412,,1756792721.7900412,False,10.401715459910378,2.842493107273355,0.05384294338737885,-0.013385022584762889,nan,nan,nan,nan
5770,1756792721.8000455,,1756792721.8000455,False,10.442954438575953,2.77265439858788,0.03648643097201044,-0.010682904386675157,nan,nan,nan,nan
5771,1756792721.8101988,,1756792721.8101988,False,10.464331783027736,2.6760712963532103,0.015441770438897636,-0.008045806803210532,nan,nan,nan,nan
5772,1756792721.8202574,,1756792721.8202574,False,10.455533760522279,2.5223983102875125,-0.008626614908675877,-0.005239882844735064,nan,nan,nan,nan
5773,1756792721.8300302,,1756792721.8300302,False,10.54741516892261,2.5099477103203283,-0.0004994814403972557,-0.0068001386968520785,nan,nan,nan,nan
5774,1756792721.8400526,,1756792721.8400526,False,10.593570893529511,2.4119002579332,0.0033691578039788278,-0.007564567379431322,nan,nan,nan,nan
5775,1756792721.8500206,,1756792721.8500206,False,10.604970249052688,2.284812303769615,-0.023991436180458486,-0.0023457815351119586,nan,nan,nan,nan
5776,1756792721.8600268,,1756792721.8600268,False,10.624303964241829,2.1736043190691436,-0.04048279165142116,0.0009610832593437159,nan,nan,nan,nan
5777,1756792721.8700356,,1756792721.8700356,False,10.675375692056534,2.0832046130369766,-0.049865938795898436,0.004488148052778043,nan,nan,nan,nan
5778,1756792721.8800592,,1756792721.8800592,False,10.677776044300014,1.9343991938751466,-0.07102220077565062,0.009739286596740821,nan,nan,nan,nan
5779,1756792721.8900275,,1756792721.8900275,False,10.680442295631961,1.777145442987035,-0.07881483294074862,0.011993227125251095,nan,nan,nan,nan
5780,1756792721.900057,,1756792721.900057,False,10.70131308899679,1.6455128113472535,-0.09011270707046744,0.015775010958240257,nan,nan,nan,nan
5781,1756792721.9100344,,1756792721.9100344,False,10.760151715999775,1.5524957659153777,-0.07826989504877048,0.015809244587294345,nan,nan,nan,nan
5782,1756792721.9200552,,1756792721.9200552,False,10.751490743995118,1.384613322022343,-0.08796093494269305,0.019412097274332685,nan,nan,nan,nan
5783,1756792721.9300613,,1756792721.9300613,False,10.74513731620264,1.2194513508965166,-0.08990889277468721,0.02310252437511659,nan,nan,nan,nan
5784,1756792721.940209,,1756792721.940209,False,10.774939563116087,1.1012397382059076,-0.08078561967464337,0.023487299130752478,nan,nan,nan,nan
5785,1756792721.9500363,,1756792721.9500363,False,10.75004503522121,0.9360358447783179,-0.07160590635213178,0.02392003730579257,nan,nan,nan,nan
5786,1756792721.960025,,1756792721.960025,False,10.772690403277336,0.849859338906905,-0.05700432727923311,0.02359206429217792,nan,nan,nan,nan
5787,1756792721.9700248,,1756792721.9700248,False,10.766956404241881,0.7371052809236072,-0.053776869944572994,0.02588412962070415,nan,nan,nan,nan
5788,1756792721.9800482,,1756792721.9800482,False,10.722023432969339,0.5745392580489247,-0.04946196880587573,0.02735434925417952,nan,nan,nan,nan
5789,1756792721.990022,,1756792721.990022,False,10.664655338272404,0.4103008192810793,-0.05900390149875792,0.031340892444664724,nan,nan,nan,nan
5790,1756792722.0001316,,1756792722.0001316,False,10.720735074052222,0.41934941441537343,-0.008824453060899637,0.020979938531792693,nan,nan,nan,nan
5791,1756792722.0100238,,1756792722.0100238,False,10.662647381249457,0.265063993334977,-0.018983239109060645,0.024138071449189002,nan,nan,nan,nan
5792,1756792722.0200183,,1756792722.0200183,False,10.594221828172667,0.11056534422774825,-0.048955164863031427,0.03076401287649386,nan,nan,nan,nan
5793,1756792722.0300226,,1756792722.0300226,False,10.613260807611843,0.07489632963498052,-0.021800797317794197,0.023257175871879754,nan,nan,nan,nan
5794,1756792722.0402212,,1756792722.0402212,False,10.619615029276035,0.018493607545740413,0.0030058038996854898,0.01570108040509256,nan,nan,nan,nan
5795,1756792722.050038,,1756792722.050038,False,10.610134016561954,-0.042051283901194926,0.008673665135553843,0.012169711104928031,nan,nan,nan,nan
5796,1756792722.0600214,,1756792722.0600214,False,10.565684547865057,-0.15903786135490644,-0.010398332841847437,0.014272868828213036,nan,nan,nan,nan
5797,1756792722.0700147,,1756792722.0700147,False,10.560413022220445,-0.2077413415187875,-0.0002824550386372396,0.010060941686202404,nan,nan,nan,nan
5798,1756792722.08002,,1756792722.08002,False,10.572468370298239,-0.27584919605559544,0.004596242228780865,0.007686429157460078,nan,nan,nan,nan
5799,1756792722.090017,,1756792722.090017,False,10.55263491736121,-0.3658574179896975,-8.646375425586977e-05,0.006585040957205309,nan,nan,nan,nan
5800,1756792722.1000135,,1756792722.1000135,False,10.544905595602016,-0.4186475963172999,0.007459523012593289,0.0036249963911724114,nan,nan,nan,nan
5801,1756792722.110019,,1756792722.110019,False,10.522537815968848,-0.5022440562846939,0.0011925251329705602,0.0036532565114489415,nan,nan,nan,nan
5802,1756792722.120043,,1756792722.120043,False,10.498156011230149,-0.5817355040746716,-0.010558810798495896,0.006246772644459155,nan,nan,nan,nan
5803,1756792722.1300535,,1756792722.1300535,False,10.493726937485533,-0.6495188054326063,0.0032359542706960776,0.0034392390908562147,nan,nan,nan,nan
5804,1756792722.1400461,,1756792722.1400461,False,10.462890625347505,-0.7320705944246549,-0.0018846783035154574,0.004451125978088968,nan,nan,nan,nan
5805,1756792722.150038,,1756792722.150038,False,10.448153187351787,-0.7931596385306633,0.009294504195938469,0.0023900323143330278,nan,nan,nan,nan
5806,1756792722.160027,,1756792722.160027,False,10.412581499544263,-0.8692663195245957,-0.0007834830464778185,0.005307480620239432,nan,nan,nan,nan
5807,1756792722.170021,,1756792722.170021,False,10.404039843782527,-0.9238961751195627,0.010642839795885706,0.004694715055723898,nan,nan,nan,nan
5808,1756792722.1800225,,1756792722.1800225,False,10.359539374605268,-1.0023505332101907,-0.010764167960571778,0.008408480583633946,nan,nan,nan,nan
5809,1756792722.1900282,,1756792722.1900282,False,10.325166558359625,-1.0395729321186393,0.006537073170226171,0.005642041691385725,nan,nan,nan,nan
5810,1756792722.2000895,,1756792722.2000895,False,10.294030781841977,-1.0812792236150852,0.022710312879199245,0.003810877423033747,nan,nan,nan,nan
5811,1756792722.2100286,,1756792722.2100286,False,10.24575065190152,-1.1115519683070239,0.03270801351848283,0.0028667430135852654,nan,nan,nan,nan
5812,1756792722.220038,,1756792722.220038,False,10.209009194155849,-1.1604100600518805,0.030714374284731775,0.003634887095597423,nan,nan,nan,nan
5813,1756792722.2300353,,1756792722.2300353,False,10.176293275383726,-1.1985266267346717,0.02921722576386562,0.003293984937099154,nan,nan,nan,nan
5814,1756792722.2400222,,1756792722.2400222,False,10.134261084716046,-1.217831587375896,0.03948477568247032,0.0016750497453824962,nan,nan,nan,nan
5815,1756792722.25002,,1756792722.25002,False,10.091815317531571,-1.2502558046624976,0.036535836872569644,0.0020438435365985343,nan,nan,nan,nan
5816,1756792722.2600272,,1756792722.2600272,False,10.064170755795276,-1.2666271625713057,0.03606176819055103,0.002101076596539808,nan,nan,nan,nan
5817,1756792722.2700312,,1756792722.2700312,False,10.02806014306076,-1.285615941707354,0.04646589301501599,0.0008998354029137516,nan,nan,nan,nan
5803,1756792722.1300535,,1756792722.1300535,False,10.493726937485533,-0.6495188054326063,0.0032359542706960776,0.0034392390908562147,nan,nan,nan,nan
5804,1756792722.1400461,,1756792722.1400461,False,10.462890625347505,-0.7320705944246549,-0.0018846783035154574,0.004451125978088968,nan,nan,nan,nan
5805,1756792722.150038,,1756792722.150038,False,10.448153187351787,-0.7931596385306633,0.009294504195938469,0.0023900323143330278,nan,nan,nan,nan
5806,1756792722.160027,,1756792722.160027,False,10.412581499544263,-0.8692663195245957,-0.0007834830464778185,0.005307480620239432,nan,nan,nan,nan
5807,1756792722.170021,,1756792722.170021,False,10.404039843782527,-0.9238961751195627,0.010642839795885706,0.004694715055723898,nan,nan,nan,nan
5808,1756792722.1800225,,1756792722.1800225,False,10.359539374605268,-1.0023505332101907,-0.010764167960571778,0.008408480583633946,nan,nan,nan,nan
5809,1756792722.1900282,,1756792722.1900282,False,10.325166558359625,-1.0395729321186393,0.006537073170226171,0.005642041691385725,nan,nan,nan,nan
5810,1756792722.2000895,,1756792722.2000895,False,10.294030781841977,-1.0812792236150852,0.022710312879199245,0.003810877423033747,nan,nan,nan,nan
5811,1756792722.2100286,,1756792722.2100286,False,10.24575065190152,-1.1115519683070239,0.03270801351848283,0.0028667430135852654,nan,nan,nan,nan
5812,1756792722.220038,,1756792722.220038,False,10.209009194155849,-1.1604100600518805,0.030714374284731775,0.003634887095597423,nan,nan,nan,nan
5813,1756792722.2300353,,1756792722.2300353,False,10.176293275383726,-1.1985266267346717,0.02921722576386562,0.003293984937099154,nan,nan,nan,nan
5814,1756792722.2400222,,1756792722.2400222,False,10.134261084716046,-1.217831587375896,0.03948477568247032,0.0016750497453824962,nan,nan,nan,nan
5815,1756792722.25002,,1756792722.25002,False,10.091815317531571,-1.2502558046624976,0.036535836872569644,0.0020438435365985343,nan,nan,nan,nan
5816,1756792722.2600272,,1756792722.2600272,False,10.064170755795276,-1.2666271625713057,0.03606176819055103,0.002101076596539808,nan,nan,nan,nan
5817,1756792722.2700312,,1756792722.2700312,False,10.02806014306076,-1.285615941707354,0.04646589301501599,0.0008998354029137516,nan,nan,nan,nan
5818,1756792722.2800274,,1756792722.2800274,False,9.983051280545673,-1.2999028265314188,0.03697104831658768,0.0011917010103711545,nan,nan,nan,nan
5819,1756792722.290034,,1756792722.290034,False,9.954188034279847,-1.3074871539789403,0.0309409710397393,0.0026741733629812273,nan,nan,nan,nan
5820,1756792722.3000255,,1756792722.3000255,False,9.93139143872968,-1.338938763851608,0.036888847933637454,0.0012372692475139456,nan,nan,nan,nan
5821,1756792722.310034,,1756792722.310034,False,9.908433037007349,-1.35312028657195,0.05212072504880663,0.00020271350256728294,nan,nan,nan,nan
5822,1756792722.3200238,,1756792722.3200238,False,9.881988715559164,-1.3515681817963425,0.06407171631920867,-0.0015157845066808501,nan,nan,nan,nan
5823,1756792722.330133,,1756792722.330133,False,9.858004886082924,-1.373922442456438,0.05928034857962095,3.265718646239066e-05,nan,nan,nan,nan
5824,1756792722.340025,,1756792722.340025,False,9.831680040072744,-1.3444653634967652,0.031246614051879274,0.0033057385292435838,nan,nan,nan,nan
5825,1756792722.3500364,,1756792722.3500364,False,9.802806600924388,-1.3347679947854063,0.000911965248743949,0.006939686230084546,nan,nan,nan,nan
5826,1756792722.3599887,,1756792722.3599887,False,9.770442060966532,-1.2923012479069682,-0.01498804331791484,0.00962448366983304,nan,nan,nan,nan
5827,1756792722.3700094,,1756792722.3700094,False,9.745850206463196,-1.293074907158574,0.005079190727321361,0.007057212063653152,nan,nan,nan,nan
5828,1756792722.38004,,1756792722.38004,False,9.720806451497584,-1.3175071904768898,0.01006115331275729,0.005668483183903323,nan,nan,nan,nan
5829,1756792722.3901901,,1756792722.3901901,False,9.703379470798637,-1.2522231621337852,0.0030820782059133166,0.0072854168920143195,nan,nan,nan,nan
5830,1756792722.4005075,,1756792722.4005075,False,9.685661499932495,-1.2934801872970323,0.04100794823131445,0.00571808361571834,nan,nan,nan,nan
5831,1756792722.4100246,,1756792722.4100246,False,9.670244925690177,-1.2775563372865593,0.06388136254052931,0.004200402120247593,nan,nan,nan,nan
5832,1756792722.420037,,1756792722.420037,False,9.652723937990416,-1.2752845228574898,0.07704172758618424,0.004507375457289571,nan,nan,nan,nan
5833,1756792722.430036,,1756792722.430036,False,9.640924827999745,-1.230078911739026,0.07496077199254816,0.005355471572879996,nan,nan,nan,nan
5834,1756792722.44007,,1756792722.44007,False,9.627997454200251,-1.2179052520839717,0.07269612082559898,0.006037163199360603,nan,nan,nan,nan
5835,1756792722.45005,,1756792722.45005,False,9.61647016656269,-1.1369319393308,0.03925018384524287,0.008171370577098167,nan,nan,nan,nan
5836,1756792722.460063,,1756792722.460063,False,9.604983382831511,-1.1247627699360907,0.04912801702613551,0.008386604905009004,nan,nan,nan,nan
5837,1756792722.4703763,,1756792722.4703763,False,9.602149910486354,-1.1491882038622323,0.06101953773894836,0.008801971319050167,nan,nan,nan,nan
5838,1756792722.4800344,,1756792722.4800344,False,9.584277237686766,-1.083438347917862,0.06240160089046118,0.009268550936202092,nan,nan,nan,nan
5839,1756792722.4900527,,1756792722.4900527,False,9.585214690863065,-0.9986019813938062,0.04876225538914769,0.010267138705311615,nan,nan,nan,nan
5840,1756792722.5000372,,1756792722.5000372,False,9.595096607234233,-1.013981192332201,0.05568840832511571,0.009999451581685697,nan,nan,nan,nan
5841,1756792722.510018,,1756792722.510018,False,9.591301125065968,-0.9866019473224475,0.0684291513713543,0.010094059035221776,nan,nan,nan,nan
5842,1756792722.5201833,,1756792722.5201833,False,9.589857253650093,-0.9690572514306239,0.06350752288362578,0.010401982829742962,nan,nan,nan,nan
5843,1756792722.5300343,,1756792722.5300343,False,9.588029270367198,-0.9597676409437088,0.06585410964036754,0.010744747455415954,nan,nan,nan,nan
5844,1756792722.5400364,,1756792722.5400364,False,9.593620491545735,-0.9171816808192652,0.06566385979111991,0.010417000604948127,nan,nan,nan,nan
5845,1756792722.5500383,,1756792722.5500383,False,9.59001597564874,-0.9102760261458553,0.0603982719396114,0.009840352690110013,nan,nan,nan,nan
5846,1756792722.560035,,1756792722.560035,False,9.57860099700024,-0.872550744290846,0.058628554726841205,0.010086923150020652,nan,nan,nan,nan
5847,1756792722.5700204,,1756792722.5700204,False,9.573562310043359,-0.8408531626133815,0.04846002691029137,0.012184654611157164,nan,nan,nan,nan
5848,1756792722.580034,,1756792722.580034,False,9.565181847126283,-0.8022155549872226,0.038453438175149526,0.011931069141635471,nan,nan,nan,nan
5849,1756792722.590035,,1756792722.590035,False,9.55513141587524,-0.7663213059917602,0.041092056283394816,0.011291454258274707,nan,nan,nan,nan
5850,1756792722.6000283,,1756792722.6000283,False,9.549791513040216,-0.7219811096810185,0.04026579530425576,0.010660083962283332,nan,nan,nan,nan
5851,1756792722.610071,,1756792722.610071,False,9.535886090406112,-0.6773907246556666,0.04147379390463136,0.010246717687576885,nan,nan,nan,nan
5852,1756792722.6202793,,1756792722.6202793,False,9.534702355495027,-0.6613996225984737,0.03985438605301664,0.010077159884551191,nan,nan,nan,nan
5853,1756792722.6300342,,1756792722.6300342,False,9.528317743603353,-0.6360217617973482,0.042530177324320746,0.009540574657360626,nan,nan,nan,nan
5854,1756792722.6400363,,1756792722.6400363,False,9.539323480617272,-0.6350569153125719,0.04874961505914957,0.009120021941975375,nan,nan,nan,nan
5855,1756792722.6500957,,1756792722.6500957,False,9.530928355112543,-0.6053841241434467,0.03179471833437545,0.009594668659060343,nan,nan,nan,nan
5856,1756792722.6600366,,1756792722.6600366,False,9.525793601262905,-0.5625564256255999,0.033043109563009564,0.009812534762189339,nan,nan,nan,nan
5857,1756792722.6700253,,1756792722.6700253,False,9.516074225713055,-0.5146905361213566,0.03320400697637978,0.009470605787629743,nan,nan,nan,nan
5858,1756792722.6800795,,1756792722.6800795,False,9.513313151861121,-0.45986058404036745,0.03125346430848649,0.009415385793521351,nan,nan,nan,nan
5859,1756792722.6900337,,1756792722.6900337,False,9.508316161772054,-0.4398862960720835,0.03760201311122356,0.008865504140226698,nan,nan,nan,nan
5860,1756792722.7001364,,1756792722.7001364,False,9.505074837026564,-0.4386547934599661,0.04007706506355424,0.008063177948587186,nan,nan,nan,nan
5861,1756792722.7100258,,1756792722.7100258,False,9.505322443089565,-0.41923620310714643,0.053902193431151046,0.009219648669546956,nan,nan,nan,nan
5862,1756792722.720022,,1756792722.720022,False,9.501172827371201,-0.39934315663677056,0.05171501863381646,0.008869868369192891,nan,nan,nan,nan
5863,1756792722.7300239,,1756792722.7300239,False,9.495476035872683,-0.38493002145647764,0.04565349395908334,0.008901528385241834,nan,nan,nan,nan
5864,1756792722.7400253,,1756792722.7400253,False,9.47704546772432,-0.22568330511579604,0.007923622816933911,0.00850130477367822,nan,nan,nan,nan
5865,1756792722.7500162,,1756792722.7500162,False,9.488542266703337,-0.3481640798687112,0.03337770504314272,0.008808082775867926,nan,nan,nan,nan
5866,1756792722.7601857,,1756792722.7601857,False,9.483887332497602,-0.344626810361343,0.026973741500973134,0.008054469550551311,nan,nan,nan,nan
5867,1756792722.7703779,,1756792722.7703779,False,9.471000381374001,-0.3077901308116576,0.013799922800578231,0.00728450746619611,nan,nan,nan,nan
5868,1756792722.780011,,1756792722.780011,False,9.47261257990442,-0.29700911681669157,0.015755895738333713,0.0076716665131284795,nan,nan,nan,nan
5869,1756792722.7900355,,1756792722.7900355,False,9.46805769116635,-0.29044425751041064,0.006611838260431291,0.007507325679841838,nan,nan,nan,nan
5870,1756792722.800009,,1756792722.800009,False,9.466981514415261,-0.28197868728949776,-6.554095010385544e-05,0.00684880331023287,nan,nan,nan,nan
5871,1756792722.8100133,,1756792722.8100133,False,9.465338143809806,-0.26212768545419457,-0.007572798965290824,0.006594209603891934,nan,nan,nan,nan
5872,1756792722.8200147,,1756792722.8200147,False,9.46310860897654,-0.24548989636244498,-0.020144481457834568,0.005575120064809989,nan,nan,nan,nan
5873,1756792722.8300176,,1756792722.8300176,False,9.456192497294348,-0.22061481199652638,-0.023476121569134038,0.005368550576103865,nan,nan,nan,nan
5874,1756792722.840015,,1756792722.840015,False,9.455748704170723,-0.2161207834503932,-0.020393882353841104,0.00473042730752526,nan,nan,nan,nan
5875,1756792722.850013,,1756792722.850013,False,9.45065806417383,-0.20091108525657447,-0.029737553309076892,0.0042221001546452076,nan,nan,nan,nan
5876,1756792722.8600118,,1756792722.8600118,False,9.461044066606943,-0.21334759159371355,-0.020367887517476074,0.003651651933430835,nan,nan,nan,nan
5877,1756792722.8700213,,1756792722.8700213,False,9.466360135374977,-0.22226574067429156,-0.01861635521926662,0.003421323472251668,nan,nan,nan,nan
5878,1756792722.880118,,1756792722.880118,False,9.456744396569116,-0.1968817760583453,-0.022160343947954898,0.0028839890866861114,nan,nan,nan,nan
5879,1756792722.8900168,,1756792722.8900168,False,9.462671628523827,-0.20441402313681648,-0.014331395067799287,0.0025333500334394432,nan,nan,nan,nan
5880,1756792722.9011276,,1756792722.9011276,False,9.46183795233321,-0.17014340633451316,-0.023200189361489622,0.001394055718966554,nan,nan,nan,nan
5881,1756792722.9100478,,1756792722.9100478,False,9.456218384325256,-0.12826622560019893,-0.02751948765285331,0.001278709686537109,nan,nan,nan,nan
5882,1756792722.9200284,,1756792722.9200284,False,9.464983561288964,-0.14823173073895346,-0.013147799362070856,0.0010473027361444375,nan,nan,nan,nan
5883,1756792722.9300296,,1756792722.9300296,False,9.46435726817712,-0.13201917213100728,-0.012227130865023854,-7.488443853689725e-05,nan,nan,nan,nan
5884,1756792722.9402962,,1756792722.9402962,False,9.461125747532437,-0.11978797531932478,-0.008839797234531762,-0.0003120077621854685,nan,nan,nan,nan
5885,1756792722.9500551,,1756792722.9500551,False,9.467646542009888,-0.13688028350019582,-0.0027724582708683844,-0.00032292367620222645,nan,nan,nan,nan
5886,1756792722.960033,,1756792722.960033,False,9.479918494214365,-0.0972305305517339,-0.008927689296342377,-0.0011648002481819929,nan,nan,nan,nan
5887,1756792722.9700308,,1756792722.9700308,False,9.484911459048917,-0.09489812981630974,-0.0018300003554742174,-0.0010068449427639897,nan,nan,nan,nan
5888,1756792722.980036,,1756792722.980036,False,9.489348772453232,-0.07427053926824694,-0.004656366066646181,-0.0009359181183489288,nan,nan,nan,nan
5889,1756792722.9901762,,1756792722.9901762,False,9.489189003470416,-0.03106605642558468,-0.011854354339220852,-0.002001551683412262,nan,nan,nan,nan
5890,1756792723.000035,,1756792723.000035,False,9.490180878355025,-0.026565886163321104,-0.012726875908400222,-0.0020905474674985224,nan,nan,nan,nan
5891,1756792723.0100002,,1756792723.0100002,False,9.496932043214628,-0.022879295611884114,-0.0011349793751627103,-0.0017972633371795938,nan,nan,nan,nan
5892,1756792723.0200326,,1756792723.0200326,False,9.498586151916225,-0.0029666219224120252,-0.008786534399096239,-0.0019206243816645235,nan,nan,nan,nan
5893,1756792723.0300252,,1756792723.0300252,False,9.49345249267215,0.004084942410604717,-0.01644354819009573,-0.0026174246193724233,nan,nan,nan,nan
5894,1756792723.0400388,,1756792723.0400388,False,9.505775939492331,0.004636440997211967,-0.008543166510747815,-0.0017533142327646792,nan,nan,nan,nan
5895,1756792723.05006,,1756792723.05006,False,9.520168166171256,0.006024754218659082,-0.003508035316529154,-0.0020166223124385404,nan,nan,nan,nan
5896,1756792723.0600305,,1756792723.0600305,False,9.526362313049882,0.007454076067321901,-0.010449149983995465,-0.0024267643182162226,nan,nan,nan,nan
5897,1756792723.0701332,,1756792723.0701332,False,9.525724102074944,0.023247938580555304,-0.005739902907682184,-0.002239789741420229,nan,nan,nan,nan
5898,1756792723.0800436,,1756792723.0800436,False,9.540789035390604,0.012685070372772252,-0.008995489795676541,-0.0033921762504941994,nan,nan,nan,nan
5899,1756792723.0900326,,1756792723.0900326,False,9.54246647697665,0.010910861140482706,-0.016479805519110647,-0.0030555243314234703,nan,nan,nan,nan
5900,1756792723.100027,,1756792723.100027,False,9.540587481566213,0.018378189172490234,-0.026345744513131097,-0.003537088508548605,nan,nan,nan,nan
5901,1756792723.110024,,1756792723.110024,False,9.551123196834672,0.05114567921803824,-0.03785395415184079,-0.003586848592795889,nan,nan,nan,nan
5902,1756792723.120063,,1756792723.120063,False,9.56462203796339,0.031930232303601605,-0.032900513751615054,-0.004351380215825377,nan,nan,nan,nan
5903,1756792723.1301641,,1756792723.1301641,False,9.584615050255751,0.012774225174079225,-0.02500839800328592,-0.004074918278548698,nan,nan,nan,nan
5904,1756792723.1400144,,1756792723.1400144,False,9.604917341307683,-0.019097468800526166,-0.009549538884497022,-0.0032902585981012945,nan,nan,nan,nan
5905,1756792723.1500351,,1756792723.1500351,False,9.604767129134208,0.004570299133621128,-0.020014620759731004,-0.0035810291980799265,nan,nan,nan,nan
5906,1756792723.1600308,,1756792723.1600308,False,9.618875781143473,0.0067088908268161124,-0.022574531991619996,-0.003951948785081317,nan,nan,nan,nan
5907,1756792723.170017,,1756792723.170017,False,9.628405020434862,0.011891532654346096,-0.023403604620986694,-0.00402770119001049,nan,nan,nan,nan
5908,1756792723.1800086,,1756792723.1800086,False,9.62704594437888,0.02599270837451398,-0.03073137518856554,-0.00363920726776685,nan,nan,nan,nan
5909,1756792723.1900148,,1756792723.1900148,False,9.636457237217167,0.030306911020396333,-0.03251034903788357,-0.004301752962136306,nan,nan,nan,nan
5910,1756792723.200133,,1756792723.200133,False,9.627656053317127,0.03376577005577167,-0.03718953668503671,-0.004704791876780505,nan,nan,nan,nan
5911,1756792723.2100255,,1756792723.2100255,False,9.635422638983425,0.022908709494600058,-0.030176755983881864,-0.004067398555071917,nan,nan,nan,nan
5912,1756792723.220392,,1756792723.220392,False,9.633964901215927,0.027372781962111698,-0.028819539644764396,-0.003958934169589869,nan,nan,nan,nan
5913,1756792723.2300322,,1756792723.2300322,False,9.645333717466361,0.029598149094228993,-0.02232345627253896,-0.004564580160019238,nan,nan,nan,nan
5914,1756792723.2400684,,1756792723.2400684,False,9.635594800500384,0.03799489102707712,-0.01515457723693846,-0.004503322771531475,nan,nan,nan,nan
5915,1756792723.2501597,,1756792723.2501597,False,9.64800332783285,0.056528951642058754,-0.01729414521540362,-0.0040598495200979655,nan,nan,nan,nan
5916,1756792723.2600307,,1756792723.2600307,False,9.655080961766483,0.06743534790845084,-0.009920699590810404,-0.0036459143697095847,nan,nan,nan,nan
5917,1756792723.270072,,1756792723.270072,False,9.644666601213897,0.09277662035685169,-0.016337812837518628,-0.0038359901004378204,nan,nan,nan,nan
5918,1756792723.2800322,,1756792723.2800322,False,9.647363051071075,0.08218148938198647,-0.017306489338998154,-0.0040612076411439615,nan,nan,nan,nan
5919,1756792723.2900813,,1756792723.2900813,False,9.637062957266059,0.10511222114877297,-0.02625002760883528,-0.004160118796729524,nan,nan,nan,nan
5920,1756792723.300089,,1756792723.300089,False,9.65528307171061,0.09023233528022832,-0.016815982234465215,-0.004178650874430766,nan,nan,nan,nan
5921,1756792723.3101015,,1756792723.3101015,False,9.643990746167269,0.09528623300254854,-0.023821197213431795,-0.004628632599369288,nan,nan,nan,nan
5922,1756792723.3200374,,1756792723.3200374,False,9.639274579038405,0.0861115498833852,-0.019654460679123655,-0.004297059596320043,nan,nan,nan,nan
5923,1756792723.3300455,,1756792723.3300455,False,9.634035198078134,0.09613305026166179,-0.017439240890955207,-0.0043742538883238405,nan,nan,nan,nan
5924,1756792723.3400333,,1756792723.3400333,False,9.621576507570206,0.1172346596112164,-0.028176242038224882,-0.004989841313965916,nan,nan,nan,nan
5925,1756792723.3500469,,1756792723.3500469,False,9.618243462984102,0.10873619649809586,-0.023153387300640715,-0.005982312968249284,nan,nan,nan,nan
5926,1756792723.3601165,,1756792723.3601165,False,9.61111190776053,0.11023575277741353,-0.032593236197974655,-0.006749435148096462,nan,nan,nan,nan
5927,1756792723.3700387,,1756792723.3700387,False,9.606110913930745,0.10490522713858924,-0.027281450998299997,-0.005753763458726034,nan,nan,nan,nan
5928,1756792723.3800354,,1756792723.3800354,False,9.603099245772183,0.09965706314126581,-0.025452644675767976,-0.006173850015048646,nan,nan,nan,nan
5929,1756792723.3900294,,1756792723.3900294,False,9.58185237613702,0.11266701461092994,-0.028485457831657335,-0.006451283297450865,nan,nan,nan,nan
5930,1756792723.4000661,,1756792723.4000661,False,9.592338411516007,0.09653945790528151,-0.02369901926996935,-0.007049363520219465,nan,nan,nan,nan
5931,1756792723.4100397,,1756792723.4100397,False,9.581946392546214,0.10389454993275558,-0.039331126126002584,-0.00721893429022462,nan,nan,nan,nan
5932,1756792723.42006,,1756792723.42006,False,9.589542583080755,0.08759345241763862,-0.030354262203423275,-0.007645709119194191,nan,nan,nan,nan
5933,1756792723.4300268,,1756792723.4300268,False,9.594552527546236,0.08469764781527216,-0.02224817740076118,-0.006990212839845531,nan,nan,nan,nan
5934,1756792723.440027,,1756792723.440027,False,9.578642244013906,0.10356319050635698,-0.027705218618890717,-0.007512788838750877,nan,nan,nan,nan
5935,1756792723.450051,,1756792723.450051,False,9.574192223662065,0.09088847594327301,-0.028487476916687616,-0.007572603939959428,nan,nan,nan,nan
5936,1756792723.4600503,,1756792723.4600503,False,9.578742301130637,0.09541356725689161,-0.023168481908488806,-0.008204061813201189,nan,nan,nan,nan
5937,1756792723.4700944,,1756792723.4700944,False,9.575760153617127,0.07125811883151077,-0.027619953477987104,-0.00813364827825784,nan,nan,nan,nan
5938,1756792723.480033,,1756792723.480033,False,9.568645420981028,0.0731850681499282,-0.017549350778885194,-0.009081537814331943,nan,nan,nan,nan
5939,1756792723.4900277,,1756792723.4900277,False,9.555944110810279,0.08084340659820176,-0.023997605500197937,-0.008718901736675012,nan,nan,nan,nan
5940,1756792723.500081,,1756792723.500081,False,9.563531246203873,0.06863247257759096,-0.00622584790680632,-0.009809105271994972,nan,nan,nan,nan
5941,1756792723.5100586,,1756792723.5100586,False,9.55070824665005,0.08217031563489326,-0.006945072322884232,-0.008635413298692987,nan,nan,nan,nan
5942,1756792723.5200627,,1756792723.5200627,False,9.540411442577662,0.10231762487698748,-0.0070173039517485375,-0.009545994917279655,nan,nan,nan,nan
5943,1756792723.5300372,,1756792723.5300372,False,9.535112126182158,0.08646638525482069,-0.006715779069032164,-0.009355439376404862,nan,nan,nan,nan
5944,1756792723.5400424,,1756792723.5400424,False,9.529856447313488,0.10336781719945703,-0.01636538483019608,-0.01015597210933184,nan,nan,nan,nan
5945,1756792723.5500388,,1756792723.5500388,False,9.523175283014874,0.10710584236493026,-0.015732813426545863,-0.010410151100336643,nan,nan,nan,nan
5946,1756792723.5600235,,1756792723.5600235,False,9.52546989917558,0.08051002741174638,-0.012695682229240226,-0.009567337064572532,nan,nan,nan,nan
5947,1756792723.5701933,,1756792723.5701933,False,9.516496354701967,0.11938239668627748,-0.010838231386446127,-0.009700718530361307,nan,nan,nan,nan
5948,1756792723.5800264,,1756792723.5800264,False,9.516603470804613,0.0740411232634656,-0.006116326776195209,-0.01014830400767945,nan,nan,nan,nan
5949,1756792723.5900304,,1756792723.5900304,False,9.506514550714463,0.07734953375599903,-0.016705420065712528,-0.010055446510768408,nan,nan,nan,nan
5950,1756792723.600134,,1756792723.600134,False,9.515275697611248,0.06884970935559664,-0.008234079831018672,-0.010091078229303087,nan,nan,nan,nan
5951,1756792723.610036,,1756792723.610036,False,9.512315942274915,0.09667376779640001,-0.02098775250009254,-0.011451289418029451,nan,nan,nan,nan
5952,1756792723.620031,,1756792723.620031,False,9.52138322598091,0.06665151363509006,-0.0132965561945308,-0.010586140994399121,nan,nan,nan,nan
5953,1756792723.6300397,,1756792723.6300397,False,9.514406111785704,0.06577849546706599,-0.020807401450052575,-0.010224135417819602,nan,nan,nan,nan
5954,1756792723.640037,,1756792723.640037,False,9.519220160515989,0.07243058266759941,-0.012468787012113592,-0.010841665504210922,nan,nan,nan,nan
5955,1756792723.6500263,,1756792723.6500263,False,9.532732966403007,0.06067217928711936,-0.01748872447633974,-0.010579131474217438,nan,nan,nan,nan
5956,1756792723.6605818,,1756792723.6605818,False,9.525820498775717,0.04966877869277992,-0.01782761639933702,-0.01066582163961669,nan,nan,nan,nan
5957,1756792723.6700404,,1756792723.6700404,False,9.515033314535685,0.04642520790285795,-0.022973908519197516,-0.010987218369412697,nan,nan,nan,nan
5958,1756792723.6800282,,1756792723.6800282,False,9.514570285728242,0.04427479034468066,-0.019455417600353096,-0.01038679711354454,nan,nan,nan,nan
5959,1756792723.690035,,1756792723.690035,False,9.513473609827436,0.055907185427663424,-0.011391712200394014,-0.010011701388939078,nan,nan,nan,nan
5960,1756792723.700037,,1756792723.700037,False,9.519220743477899,0.04729044542120233,-0.005602792592431217,-0.01041266544980562,nan,nan,nan,nan
5961,1756792723.7100365,,1756792723.7100365,False,9.502894119046069,0.059249664606033585,-0.005163953138180484,-0.010432782671600223,nan,nan,nan,nan
5962,1756792723.7200847,,1756792723.7200847,False,9.502480120684535,0.05417839583606209,-0.004672066644823787,-0.01132501495641463,nan,nan,nan,nan
5893,1756792723.0300252,,1756792723.0300252,False,9.49345249267215,0.004084942410604717,-0.01644354819009573,-0.0026174246193724233,nan,nan,nan,nan
5894,1756792723.0400388,,1756792723.0400388,False,9.505775939492331,0.004636440997211967,-0.008543166510747815,-0.0017533142327646792,nan,nan,nan,nan
5895,1756792723.05006,,1756792723.05006,False,9.520168166171256,0.006024754218659082,-0.003508035316529154,-0.0020166223124385404,nan,nan,nan,nan
5896,1756792723.0600305,,1756792723.0600305,False,9.526362313049882,0.007454076067321901,-0.010449149983995465,-0.0024267643182162226,nan,nan,nan,nan
5897,1756792723.0701332,,1756792723.0701332,False,9.525724102074944,0.023247938580555304,-0.005739902907682184,-0.002239789741420229,nan,nan,nan,nan
5898,1756792723.0800436,,1756792723.0800436,False,9.540789035390604,0.012685070372772252,-0.008995489795676541,-0.0033921762504941994,nan,nan,nan,nan
5899,1756792723.0900326,,1756792723.0900326,False,9.54246647697665,0.010910861140482706,-0.016479805519110647,-0.0030555243314234703,nan,nan,nan,nan
5900,1756792723.100027,,1756792723.100027,False,9.540587481566213,0.018378189172490234,-0.026345744513131097,-0.003537088508548605,nan,nan,nan,nan
5901,1756792723.110024,,1756792723.110024,False,9.551123196834672,0.05114567921803824,-0.03785395415184079,-0.003586848592795889,nan,nan,nan,nan
5902,1756792723.120063,,1756792723.120063,False,9.56462203796339,0.031930232303601605,-0.032900513751615054,-0.004351380215825377,nan,nan,nan,nan
5903,1756792723.1301641,,1756792723.1301641,False,9.584615050255751,0.012774225174079225,-0.02500839800328592,-0.004074918278548698,nan,nan,nan,nan
5904,1756792723.1400144,,1756792723.1400144,False,9.604917341307683,-0.019097468800526166,-0.009549538884497022,-0.0032902585981012945,nan,nan,nan,nan
5905,1756792723.1500351,,1756792723.1500351,False,9.604767129134208,0.004570299133621128,-0.020014620759731004,-0.0035810291980799265,nan,nan,nan,nan
5906,1756792723.1600308,,1756792723.1600308,False,9.618875781143473,0.0067088908268161124,-0.022574531991619996,-0.003951948785081317,nan,nan,nan,nan
5907,1756792723.170017,,1756792723.170017,False,9.628405020434862,0.011891532654346096,-0.023403604620986694,-0.00402770119001049,nan,nan,nan,nan
5908,1756792723.1800086,,1756792723.1800086,False,9.62704594437888,0.02599270837451398,-0.03073137518856554,-0.00363920726776685,nan,nan,nan,nan
5909,1756792723.1900148,,1756792723.1900148,False,9.636457237217167,0.030306911020396333,-0.03251034903788357,-0.004301752962136306,nan,nan,nan,nan
5910,1756792723.200133,,1756792723.200133,False,9.627656053317127,0.03376577005577167,-0.03718953668503671,-0.004704791876780505,nan,nan,nan,nan
5911,1756792723.2100255,,1756792723.2100255,False,9.635422638983425,0.022908709494600058,-0.030176755983881864,-0.004067398555071917,nan,nan,nan,nan
5912,1756792723.220392,,1756792723.220392,False,9.633964901215927,0.027372781962111698,-0.028819539644764396,-0.003958934169589869,nan,nan,nan,nan
5913,1756792723.2300322,,1756792723.2300322,False,9.645333717466361,0.029598149094228993,-0.02232345627253896,-0.004564580160019238,nan,nan,nan,nan
5914,1756792723.2400684,,1756792723.2400684,False,9.635594800500384,0.03799489102707712,-0.01515457723693846,-0.004503322771531475,nan,nan,nan,nan
5915,1756792723.2501597,,1756792723.2501597,False,9.64800332783285,0.056528951642058754,-0.01729414521540362,-0.0040598495200979655,nan,nan,nan,nan
5916,1756792723.2600307,,1756792723.2600307,False,9.655080961766483,0.06743534790845084,-0.009920699590810404,-0.0036459143697095847,nan,nan,nan,nan
5917,1756792723.270072,,1756792723.270072,False,9.644666601213897,0.09277662035685169,-0.016337812837518628,-0.0038359901004378204,nan,nan,nan,nan
5918,1756792723.2800322,,1756792723.2800322,False,9.647363051071075,0.08218148938198647,-0.017306489338998154,-0.0040612076411439615,nan,nan,nan,nan
5919,1756792723.2900813,,1756792723.2900813,False,9.637062957266059,0.10511222114877297,-0.02625002760883528,-0.004160118796729524,nan,nan,nan,nan
5920,1756792723.300089,,1756792723.300089,False,9.65528307171061,0.09023233528022832,-0.016815982234465215,-0.004178650874430766,nan,nan,nan,nan
5921,1756792723.3101015,,1756792723.3101015,False,9.643990746167269,0.09528623300254854,-0.023821197213431795,-0.004628632599369288,nan,nan,nan,nan
5922,1756792723.3200374,,1756792723.3200374,False,9.639274579038405,0.0861115498833852,-0.019654460679123655,-0.004297059596320043,nan,nan,nan,nan
5923,1756792723.3300455,,1756792723.3300455,False,9.634035198078134,0.09613305026166179,-0.017439240890955207,-0.0043742538883238405,nan,nan,nan,nan
5924,1756792723.3400333,,1756792723.3400333,False,9.621576507570206,0.1172346596112164,-0.028176242038224882,-0.004989841313965916,nan,nan,nan,nan
5925,1756792723.3500469,,1756792723.3500469,False,9.618243462984102,0.10873619649809586,-0.023153387300640715,-0.005982312968249284,nan,nan,nan,nan
5926,1756792723.3601165,,1756792723.3601165,False,9.61111190776053,0.11023575277741353,-0.032593236197974655,-0.006749435148096462,nan,nan,nan,nan
5927,1756792723.3700387,,1756792723.3700387,False,9.606110913930745,0.10490522713858924,-0.027281450998299997,-0.005753763458726034,nan,nan,nan,nan
5928,1756792723.3800354,,1756792723.3800354,False,9.603099245772183,0.09965706314126581,-0.025452644675767976,-0.006173850015048646,nan,nan,nan,nan
5929,1756792723.3900294,,1756792723.3900294,False,9.58185237613702,0.11266701461092994,-0.028485457831657335,-0.006451283297450865,nan,nan,nan,nan
5930,1756792723.4000661,,1756792723.4000661,False,9.592338411516007,0.09653945790528151,-0.02369901926996935,-0.007049363520219465,nan,nan,nan,nan
5931,1756792723.4100397,,1756792723.4100397,False,9.581946392546214,0.10389454993275558,-0.039331126126002584,-0.00721893429022462,nan,nan,nan,nan
5932,1756792723.42006,,1756792723.42006,False,9.589542583080755,0.08759345241763862,-0.030354262203423275,-0.007645709119194191,nan,nan,nan,nan
5933,1756792723.4300268,,1756792723.4300268,False,9.594552527546236,0.08469764781527216,-0.02224817740076118,-0.006990212839845531,nan,nan,nan,nan
5934,1756792723.440027,,1756792723.440027,False,9.578642244013906,0.10356319050635698,-0.027705218618890717,-0.007512788838750877,nan,nan,nan,nan
5935,1756792723.450051,,1756792723.450051,False,9.574192223662065,0.09088847594327301,-0.028487476916687616,-0.007572603939959428,nan,nan,nan,nan
5936,1756792723.4600503,,1756792723.4600503,False,9.578742301130637,0.09541356725689161,-0.023168481908488806,-0.008204061813201189,nan,nan,nan,nan
5937,1756792723.4700944,,1756792723.4700944,False,9.575760153617127,0.07125811883151077,-0.027619953477987104,-0.00813364827825784,nan,nan,nan,nan
5938,1756792723.480033,,1756792723.480033,False,9.568645420981028,0.0731850681499282,-0.017549350778885194,-0.009081537814331943,nan,nan,nan,nan
5939,1756792723.4900277,,1756792723.4900277,False,9.555944110810279,0.08084340659820176,-0.023997605500197937,-0.008718901736675012,nan,nan,nan,nan
5940,1756792723.500081,,1756792723.500081,False,9.563531246203873,0.06863247257759096,-0.00622584790680632,-0.009809105271994972,nan,nan,nan,nan
5941,1756792723.5100586,,1756792723.5100586,False,9.55070824665005,0.08217031563489326,-0.006945072322884232,-0.008635413298692987,nan,nan,nan,nan
5942,1756792723.5200627,,1756792723.5200627,False,9.540411442577662,0.10231762487698748,-0.0070173039517485375,-0.009545994917279655,nan,nan,nan,nan
5943,1756792723.5300372,,1756792723.5300372,False,9.535112126182158,0.08646638525482069,-0.006715779069032164,-0.009355439376404862,nan,nan,nan,nan
5944,1756792723.5400424,,1756792723.5400424,False,9.529856447313488,0.10336781719945703,-0.01636538483019608,-0.01015597210933184,nan,nan,nan,nan
5945,1756792723.5500388,,1756792723.5500388,False,9.523175283014874,0.10710584236493026,-0.015732813426545863,-0.010410151100336643,nan,nan,nan,nan
5946,1756792723.5600235,,1756792723.5600235,False,9.52546989917558,0.08051002741174638,-0.012695682229240226,-0.009567337064572532,nan,nan,nan,nan
5947,1756792723.5701933,,1756792723.5701933,False,9.516496354701967,0.11938239668627748,-0.010838231386446127,-0.009700718530361307,nan,nan,nan,nan
5948,1756792723.5800264,,1756792723.5800264,False,9.516603470804613,0.0740411232634656,-0.006116326776195209,-0.01014830400767945,nan,nan,nan,nan
5949,1756792723.5900304,,1756792723.5900304,False,9.506514550714463,0.07734953375599903,-0.016705420065712528,-0.010055446510768408,nan,nan,nan,nan
5950,1756792723.600134,,1756792723.600134,False,9.515275697611248,0.06884970935559664,-0.008234079831018672,-0.010091078229303087,nan,nan,nan,nan
5951,1756792723.610036,,1756792723.610036,False,9.512315942274915,0.09667376779640001,-0.02098775250009254,-0.011451289418029451,nan,nan,nan,nan
5952,1756792723.620031,,1756792723.620031,False,9.52138322598091,0.06665151363509006,-0.0132965561945308,-0.010586140994399121,nan,nan,nan,nan
5953,1756792723.6300397,,1756792723.6300397,False,9.514406111785704,0.06577849546706599,-0.020807401450052575,-0.010224135417819602,nan,nan,nan,nan
5954,1756792723.640037,,1756792723.640037,False,9.519220160515989,0.07243058266759941,-0.012468787012113592,-0.010841665504210922,nan,nan,nan,nan
5955,1756792723.6500263,,1756792723.6500263,False,9.532732966403007,0.06067217928711936,-0.01748872447633974,-0.010579131474217438,nan,nan,nan,nan
5956,1756792723.6605818,,1756792723.6605818,False,9.525820498775717,0.04966877869277992,-0.01782761639933702,-0.01066582163961669,nan,nan,nan,nan
5957,1756792723.6700404,,1756792723.6700404,False,9.515033314535685,0.04642520790285795,-0.022973908519197516,-0.010987218369412697,nan,nan,nan,nan
5958,1756792723.6800282,,1756792723.6800282,False,9.514570285728242,0.04427479034468066,-0.019455417600353096,-0.01038679711354454,nan,nan,nan,nan
5959,1756792723.690035,,1756792723.690035,False,9.513473609827436,0.055907185427663424,-0.011391712200394014,-0.010011701388939078,nan,nan,nan,nan
5960,1756792723.700037,,1756792723.700037,False,9.519220743477899,0.04729044542120233,-0.005602792592431217,-0.01041266544980562,nan,nan,nan,nan
5961,1756792723.7100365,,1756792723.7100365,False,9.502894119046069,0.059249664606033585,-0.005163953138180484,-0.010432782671600223,nan,nan,nan,nan
5962,1756792723.7200847,,1756792723.7200847,False,9.502480120684535,0.05417839583606209,-0.004672066644823787,-0.01132501495641463,nan,nan,nan,nan
5963,1756792723.7301295,,1756792723.7301295,False,9.521062730599244,0.06350475961580154,-0.0075436638861295655,-0.010258912367912734,nan,nan,nan,nan
5964,1756792723.7401862,,1756792723.7401862,False,9.520938209415876,0.06331288600484038,-0.01867230082702837,-0.010712921685640689,nan,nan,nan,nan
5965,1756792723.750046,,1756792723.750046,False,9.521631555283594,0.06772292572211126,-0.010985745130797248,-0.01118779796687154,nan,nan,nan,nan
5966,1756792723.7600262,,1756792723.7600262,False,9.525642755877756,0.05748421586492499,-0.006570612778400705,-0.011768096203394463,nan,nan,nan,nan
5967,1756792723.7700338,,1756792723.7700338,False,9.520894433370405,0.05488727910783343,0.002982359576848331,-0.01136152483633183,nan,nan,nan,nan
5968,1756792723.7800329,,1756792723.7800329,False,9.528353933852829,0.04652631904054876,0.01675837344002052,-0.010886326700909575,nan,nan,nan,nan
5969,1756792723.7900581,,1756792723.7900581,False,9.520190277753116,0.055636798721494636,0.019994245033692216,-0.011222474727475763,nan,nan,nan,nan
5970,1756792723.8000236,,1756792723.8000236,False,9.519204091548625,0.08876001544108955,0.018094086552067002,-0.011540237648981065,nan,nan,nan,nan
5971,1756792723.8100383,,1756792723.8100383,False,9.52620746915961,0.07514636764700515,0.023172461764872945,-0.011686997062874196,nan,nan,nan,nan
5972,1756792723.820434,,1756792723.820434,False,9.519242995173444,0.09273219404013829,0.019393913474355675,-0.010884853816049506,nan,nan,nan,nan
5973,1756792723.8300347,,1756792723.8300347,False,9.51854673231918,0.09657741300296385,0.015479528167869945,-0.011622408243911201,nan,nan,nan,nan
5974,1756792723.8400295,,1756792723.8400295,False,9.52470471384273,0.061969811351669415,0.021307098589816244,-0.0108779582722845,nan,nan,nan,nan
5975,1756792723.8500354,,1756792723.8500354,False,9.521565934928088,0.08145515800401273,0.015112715797532211,-0.009916795252536676,nan,nan,nan,nan
5976,1756792723.860032,,1756792723.860032,False,9.523366160625162,0.0913623841630906,0.008195723397295964,-0.011262573845924478,nan,nan,nan,nan
5977,1756792723.870115,,1756792723.870115,False,9.512341926547291,0.09613282347777795,0.0008394887709083657,-0.012942542896997065,nan,nan,nan,nan
5978,1756792723.8800502,,1756792723.8800502,False,9.51065572568497,0.08717530995023215,0.004308940692630473,-0.011594867682037486,nan,nan,nan,nan
5979,1756792723.890032,,1756792723.890032,False,9.522180627740562,0.059111562000731054,0.0214039608311299,-0.010609891277573525,nan,nan,nan,nan
5980,1756792723.9001153,,1756792723.9001153,False,9.5269758978668,0.059564700425836156,0.014304425027417115,-0.010931852582488563,nan,nan,nan,nan
5981,1756792723.9131775,,1756792723.9131775,False,9.529982849765046,0.06640250274165443,0.008704262485989002,-0.009884631756760744,nan,nan,nan,nan
5982,1756792723.9200373,,1756792723.9200373,False,9.53868476114381,0.055688973407297004,0.006521139150330564,-0.010455888202938923,nan,nan,nan,nan
5983,1756792723.9299893,,1756792723.9299893,False,9.534204411538724,0.06999739681861203,0.0009658670209419603,-0.010251247809066385,nan,nan,nan,nan
5984,1756792723.9400928,,1756792723.9400928,False,9.532196499470757,0.06298420911731643,0.0003261869964935662,-0.010190753114849184,nan,nan,nan,nan
5985,1756792723.9500482,,1756792723.9500482,False,9.535221911250893,0.057802499383810976,0.00842303264236381,-0.010893695889240088,nan,nan,nan,nan
5986,1756792723.9600306,,1756792723.9600306,False,9.531226196007495,0.05595512199657864,0.013160882633437692,-0.010294807892526323,nan,nan,nan,nan
5987,1756792723.9702082,,1756792723.9702082,False,9.518738122321666,0.06033234672452492,0.00825575899862994,-0.009570314261819823,nan,nan,nan,nan
5988,1756792723.9800432,,1756792723.9800432,False,9.52062531061348,0.04548533212780473,0.009058442826530512,-0.00950129075616105,nan,nan,nan,nan
5989,1756792723.9900374,,1756792723.9900374,False,9.523171098587985,0.037458838661539026,0.013968581988706761,-0.009222410408898393,nan,nan,nan,nan
5990,1756792724.0000224,,1756792724.0000224,False,9.523068077701392,0.045655194974025426,0.014591619600122752,-0.009245310970409608,nan,nan,nan,nan
5991,1756792724.0100381,,1756792724.0100381,False,9.520046188665335,0.06189812121574343,0.012715801786088011,-0.009598403735937691,nan,nan,nan,nan
5992,1756792724.0200405,,1756792724.0200405,False,9.5143566304906,0.060498145783141666,0.01696906364972433,-0.00970777300736424,nan,nan,nan,nan
5993,1756792724.030054,,1756792724.030054,False,9.507167165156789,0.07150512824162022,0.00977814583422722,-0.00954915090518761,nan,nan,nan,nan
5994,1756792724.0400145,,1756792724.0400145,False,9.494649346787227,0.08575129541780513,0.005271123779167638,-0.009274694445982086,nan,nan,nan,nan
5995,1756792724.0500293,,1756792724.0500293,False,9.490542656609342,0.09038947621898825,0.007584964898643827,-0.008855581279952203,nan,nan,nan,nan
5996,1756792724.0600452,,1756792724.0600452,False,9.484894245251242,0.08377121690226727,0.01052961856914319,-0.009260955537850439,nan,nan,nan,nan
5997,1756792724.0701663,,1756792724.0701663,False,9.484768757807965,0.05765049355859115,0.01212420915033359,-0.009422608094409394,nan,nan,nan,nan
5998,1756792724.0800235,,1756792724.0800235,False,9.486037722494695,0.05866164142048896,0.00765619734987698,-0.009056328058329984,nan,nan,nan,nan
5999,1756792724.0900204,,1756792724.0900204,False,9.486220019503513,0.06805722789721769,0.000756288167905556,-0.008492292459988069,nan,nan,nan,nan
6000,1756792724.1000159,,1756792724.1000159,False,9.48968197223282,0.07284948127914259,-0.0013344835730277006,-0.008121138832250258,nan,nan,nan,nan
6001,1756792724.110023,,1756792724.110023,False,9.496044979509598,0.06928603173530336,0.00263678330770451,-0.008394529226909609,nan,nan,nan,nan
6002,1756792724.1200178,,1756792724.1200178,False,9.498112068799761,0.05631597052195217,0.010139158505132766,-0.008507940877433067,nan,nan,nan,nan
6003,1756792724.1300178,,1756792724.1300178,False,9.498841288734113,0.05541953114930683,0.00933454053170303,-0.008311192111206279,nan,nan,nan,nan
6004,1756792724.140017,,1756792724.140017,False,9.492169207347663,0.06764707038424907,-0.0016276706973783282,-0.008462756320693115,nan,nan,nan,nan
6005,1756792724.1500247,,1756792724.1500247,False,9.489589562886389,0.07187530689933401,-0.007550423842575026,-0.00841639362670215,nan,nan,nan,nan
6006,1756792724.160115,,1756792724.160115,False,9.483328005796656,0.0749565705994904,-0.009414378098807831,-0.00922827746890719,nan,nan,nan,nan
6007,1756792724.1700041,,1756792724.1700041,False,9.472296645592609,0.06527731478354179,-0.010313550233738492,-0.009634518026440296,nan,nan,nan,nan
6008,1756792724.1800194,,1756792724.1800194,False,9.468476145473948,0.055955580647775185,-0.008606825832122252,-0.009652941722869745,nan,nan,nan,nan
6009,1756792724.1900327,,1756792724.1900327,False,9.460069463969658,0.05339444277258439,-0.006829174473553494,-0.01027268364902873,nan,nan,nan,nan
6010,1756792724.1999643,,1756792724.1999643,False,9.453297638886985,0.05692239083593081,-0.0060587764382163,-0.010573083343133317,nan,nan,nan,nan
6011,1756792724.210049,,1756792724.210049,False,9.452869091414703,0.06464372599664824,0.00034453625778990894,-0.010722075869319598,nan,nan,nan,nan
6012,1756792724.2200212,,1756792724.2200212,False,9.45009171019356,0.06405273603493343,0.0006998339170871767,-0.010996799169163714,nan,nan,nan,nan
6013,1756792724.2300205,,1756792724.2300205,False,9.448441909443197,0.06261727971265324,-0.0013224573089247417,-0.011296991250469601,nan,nan,nan,nan
6014,1756792724.240017,,1756792724.240017,False,9.444972864676055,0.06177961850236588,-0.0055679882549152905,-0.01173377821056986,nan,nan,nan,nan
6015,1756792724.2500322,,1756792724.2500322,False,9.44550197171553,0.049608300347931,-0.00703163250941285,-0.011739536447712454,nan,nan,nan,nan
6016,1756792724.2600005,,1756792724.2600005,False,9.44808645689855,0.0451464115706358,-0.007891747324080324,-0.011899438353927006,nan,nan,nan,nan
6017,1756792724.270068,,1756792724.270068,False,9.453465087296063,0.03862495616264394,-0.004806049198381666,-0.011487828638954412,nan,nan,nan,nan
6018,1756792724.2801533,,1756792724.2801533,False,9.457655281163573,0.041345417132473264,-0.004484912256454723,-0.011496750867510667,nan,nan,nan,nan
6019,1756792724.290023,,1756792724.290023,False,9.463606729899098,0.039210063628955454,0.0014089071266673281,-0.011361823055799898,nan,nan,nan,nan
6020,1756792724.300074,,1756792724.300074,False,9.465119119819246,0.03539300787846413,0.0028267826273623486,-0.010773473996216861,nan,nan,nan,nan
6021,1756792724.3100255,,1756792724.3100255,False,9.46303037039725,0.032872483580988564,0.000780112414992838,-0.010728139913905858,nan,nan,nan,nan
6022,1756792724.3200192,,1756792724.3200192,False,9.465070142074477,0.03281679803935676,0.003731975518563963,-0.010535135517226412,nan,nan,nan,nan
6023,1756792724.3300257,,1756792724.3300257,False,9.466839878352065,0.03052155226167098,0.009026797099639711,-0.010512721308550044,nan,nan,nan,nan
6024,1756792724.3400083,,1756792724.3400083,False,9.468798134643954,0.02468528372665553,0.016896656344616803,-0.010174298837193691,nan,nan,nan,nan
6025,1756792724.3500137,,1756792724.3500137,False,9.46976254590863,0.02443573587881733,0.02217542086126294,-0.00997121143144358,nan,nan,nan,nan
6026,1756792724.360023,,1756792724.360023,False,9.466187316435498,0.03021678969909515,0.025681309203466042,-0.009968582482880331,nan,nan,nan,nan
6027,1756792724.370527,,1756792724.370527,False,9.460031599917894,0.03753397767578374,0.022530749473027033,-0.010155222628732866,nan,nan,nan,nan
6028,1756792724.3800786,,1756792724.3800786,False,9.460571999559953,0.04439196165478845,0.023827566000194797,-0.00950750355240644,nan,nan,nan,nan
6029,1756792724.3900156,,1756792724.3900156,False,9.460509907188907,0.05349082936279263,0.02402064030989793,-0.009192336075643074,nan,nan,nan,nan
6030,1756792724.4000738,,1756792724.4000738,False,9.461971060303195,0.05698116131148595,0.025043209116815,-0.008669738752813384,nan,nan,nan,nan
6031,1756792724.4100177,,1756792724.4100177,False,9.458795972779326,0.06687326442019924,0.023008410398208393,-0.00911949670108409,nan,nan,nan,nan
6032,1756792724.4201772,,1756792724.4201772,False,9.453021063691713,0.06754451580404736,0.02072308282547524,-0.008859873854340889,nan,nan,nan,nan
6033,1756792724.4301484,,1756792724.4301484,False,9.453715142675739,0.057314564663304535,0.018845960609155568,-0.008282625825890072,nan,nan,nan,nan
6034,1756792724.4401379,,1756792724.4401379,False,9.451248405350794,0.0513026415504346,0.011726267493093023,-0.007943511360411137,nan,nan,nan,nan
6035,1756792724.450156,,1756792724.450156,False,9.453084755315436,0.044727812385901324,0.009335948198274543,-0.007488188071717256,nan,nan,nan,nan
6036,1756792724.4600465,,1756792724.4600465,False,9.45174500824164,0.05375876035087659,0.010355676886640857,-0.0056367385968716065,nan,nan,nan,nan
6037,1756792724.4700234,,1756792724.4700234,False,9.452549594000008,0.0600629832593571,0.007172452223854331,-0.004994255435454942,nan,nan,nan,nan
6038,1756792724.4800205,,1756792724.4800205,False,9.456918142675622,0.05089693845729386,0.0015058210390482172,-0.005139063254594505,nan,nan,nan,nan
6039,1756792724.4900193,,1756792724.4900193,False,9.46560513222998,0.02981125054240586,-0.005576832968370301,-0.00504941593148666,nan,nan,nan,nan
6040,1756792724.500014,,1756792724.500014,False,9.46637093875918,0.022251594402316048,-0.008477611925484019,-0.004810198426389033,nan,nan,nan,nan
6041,1756792724.5100164,,1756792724.5100164,False,9.464982226129948,0.007800486639050366,-0.004243756981363442,-0.005339983097207591,nan,nan,nan,nan
6042,1756792724.520191,,1756792724.520191,False,9.458425910428305,-0.004448493860943025,-0.0013199230239975977,-0.005131927055543794,nan,nan,nan,nan
6043,1756792724.530049,,1756792724.530049,False,9.452299731683514,-0.0037210354470016077,0.004819470325488999,-0.004878063302801085,nan,nan,nan,nan
6044,1756792724.5400317,,1756792724.5400317,False,9.4428772945538,0.004338748234214198,0.009314536266680344,-0.004895999336752471,nan,nan,nan,nan
6045,1756792724.5500665,,1756792724.5500665,False,9.437597027405277,0.015555283454921302,0.008248869578680722,-0.005039611388865728,nan,nan,nan,nan
6046,1756792724.5602498,,1756792724.5602498,False,9.431929150345976,0.02451667525038848,0.006100174943450093,-0.0049878704891688835,nan,nan,nan,nan
6047,1756792724.5702205,,1756792724.5702205,False,9.432093735455778,0.0293089821491038,0.006508739087029739,-0.0046222461195916525,nan,nan,nan,nan
6048,1756792724.5800357,,1756792724.5800357,False,9.428263148059623,0.031959589302228746,0.007542179357689715,-0.004416657944868973,nan,nan,nan,nan
6049,1756792724.5900185,,1756792724.5900185,False,9.429951011551967,0.030765214423091148,0.01035811518622739,-0.0038994590675435334,nan,nan,nan,nan
6050,1756792724.6000257,,1756792724.6000257,False,9.431157483174351,0.03549332027409962,0.010372542013848423,-0.003763328436989001,nan,nan,nan,nan
6051,1756792724.6100209,,1756792724.6100209,False,9.431630603214165,0.03707361572941612,0.010474658877018725,-0.004209460961319369,nan,nan,nan,nan
6052,1756792724.6200109,,1756792724.6200109,False,9.435509413511822,0.03523263028398987,0.013495241435177455,-0.004322852007352779,nan,nan,nan,nan
6053,1756792724.63003,,1756792724.63003,False,9.435604328409063,0.038170368164756024,0.014387832776665577,-0.004500364063339993,nan,nan,nan,nan
6054,1756792724.640038,,1756792724.640038,False,9.432887312391038,0.040756093395056196,0.01664092395506449,-0.004530416168907226,nan,nan,nan,nan
6055,1756792724.6500473,,1756792724.6500473,False,9.435299266953368,0.04332131001647488,0.01686581476275819,-0.004491022472275008,nan,nan,nan,nan
6056,1756792724.6600313,,1756792724.6600313,False,9.435187921051785,0.04356500017039151,0.019564234871453264,-0.004700135465279888,nan,nan,nan,nan
6057,1756792724.6700232,,1756792724.6700232,False,9.434829706431554,0.042446317627021876,0.020044936977906644,-0.004800352700713654,nan,nan,nan,nan
6058,1756792724.6800163,,1756792724.6800163,False,9.432337179612194,0.04638969228503595,0.017499581476800013,-0.004750369492863243,nan,nan,nan,nan
6059,1756792724.6900184,,1756792724.6900184,False,9.427357742571806,0.0477324783208874,0.016779824126606033,-0.004680296112207339,nan,nan,nan,nan
6060,1756792724.6999998,,1756792724.6999998,False,9.419755543609769,0.06785510674845363,0.014609171663204022,-0.0033665281075680718,nan,nan,nan,nan
6061,1756792724.7100186,,1756792724.7100186,False,9.414785400404524,0.07158784819924482,0.01455770087782608,-0.0037731997912980706,nan,nan,nan,nan
6062,1756792724.7200067,,1756792724.7200067,False,9.41238623765754,0.06431255806414404,0.01473055467219288,-0.003849804155468996,nan,nan,nan,nan
6063,1756792724.7300205,,1756792724.7300205,False,9.409798834026295,0.060078706476036824,0.01291630567887479,-0.004063215843926606,nan,nan,nan,nan
6064,1756792724.740021,,1756792724.740021,False,9.409882184162162,0.04633538735653842,0.012567760646459852,-0.003513063582878591,nan,nan,nan,nan
6065,1756792724.7503,,1756792724.7503,False,9.406001647015827,0.0378888192293951,0.010510068964395044,-0.003111478027280817,nan,nan,nan,nan
6066,1756792724.7600822,,1756792724.7600822,False,9.4041581390613,0.03591823158708952,0.008381564564764883,-0.0031266977133336147,nan,nan,nan,nan
6067,1756792724.7700262,,1756792724.7700262,False,9.400495984798352,0.035587193578856036,0.00569029050271449,-0.0026341163075657022,nan,nan,nan,nan
6068,1756792724.7801182,,1756792724.7801182,False,9.39847301963103,0.029832479006773337,0.004022002616779516,-0.0025636243736742153,nan,nan,nan,nan
6069,1756792724.7902956,,1756792724.7902956,False,9.396636691999886,0.01996707205062321,0.0038860961633533702,-0.002163915531187241,nan,nan,nan,nan
6070,1756792724.8000362,,1756792724.8000362,False,9.390124650921907,0.017013316369358968,0.004367160630030947,-0.002396788290055108,nan,nan,nan,nan
6071,1756792724.810028,,1756792724.810028,False,9.387120193625101,0.003983429380846415,0.007037742317014365,-0.002497226865293941,nan,nan,nan,nan
6072,1756792724.8200493,,1756792724.8200493,False,9.382540873097069,0.0036994193171457773,0.006988973452638109,-0.0026358615903783935,nan,nan,nan,nan
6073,1756792724.8300557,,1756792724.8300557,False,9.383591188098078,-0.008062921328696276,0.005711648617510141,-0.002930044295677626,nan,nan,nan,nan
6074,1756792724.8400333,,1756792724.8400333,False,9.387316216650973,-0.01677009856742362,0.0053641310522636,-0.0028061349392728583,nan,nan,nan,nan
6075,1756792724.8501418,,1756792724.8501418,False,9.385630387833093,-0.018855342372345797,0.008143995443926563,-0.0029051587554170728,nan,nan,nan,nan
6076,1756792724.8600357,,1756792724.8600357,False,9.384542199081594,-0.01854865055563679,0.007796025139437058,-0.00346207950602596,nan,nan,nan,nan
6077,1756792724.870013,,1756792724.870013,False,9.382637812717382,-0.01871191223421139,0.00986381394178629,-0.003994750302732436,nan,nan,nan,nan
6078,1756792724.8800683,,1756792724.8800683,False,9.38288569349978,-0.01890789914329621,0.009855685810272331,-0.003927126069605043,nan,nan,nan,nan
6079,1756792724.8900049,,1756792724.8900049,False,9.383369195552467,-0.022305698873327746,0.006343389111604734,-0.004688951805289132,nan,nan,nan,nan
6080,1756792724.900063,,1756792724.900063,False,9.388154417910965,-0.02129349269551862,0.0025766437954750925,-0.004492354782137909,nan,nan,nan,nan
6081,1756792724.9100602,,1756792724.9100602,False,9.391420625619212,-0.020068599380619383,-0.0007674138818617842,-0.0048101201257261875,nan,nan,nan,nan
6082,1756792724.92002,,1756792724.92002,False,9.394343010824104,-0.018076857995484603,-0.0008224625672562346,-0.004999308920536183,nan,nan,nan,nan
6083,1756792724.930041,,1756792724.930041,False,9.400305360950018,-0.018884261686744844,0.0016928038476600811,-0.004583519061447018,nan,nan,nan,nan
6084,1756792724.9400475,,1756792724.9400475,False,9.40491636873891,-0.020001978559046067,0.002320879759787269,-0.004381238749879687,nan,nan,nan,nan
6085,1756792724.950044,,1756792724.950044,False,9.413607984862988,-0.02075000388262759,0.0035979121413935644,-0.004331854807576073,nan,nan,nan,nan
6086,1756792724.960025,,1756792724.960025,False,9.424682395640126,-0.020362778458051792,0.004016109511593077,-0.004094327434105781,nan,nan,nan,nan
6087,1756792724.970055,,1756792724.970055,False,9.432372561740044,-0.016584062137308037,0.006466877939835786,-0.003879980348765533,nan,nan,nan,nan
6088,1756792724.9801242,,1756792724.9801242,False,9.43995576429155,-0.015769544168741143,0.008572209941086484,-0.0033819842875950587,nan,nan,nan,nan
6089,1756792724.9900303,,1756792724.9900303,False,9.442073825291072,-0.01035351877113506,0.011627691883519751,-0.0033995747149357736,nan,nan,nan,nan
6090,1756792725.0005722,,1756792725.0005722,False,9.447336267476926,-0.009009963831837695,0.014825752854728065,-0.003259261123774104,nan,nan,nan,nan
6091,1756792725.0100284,,1756792725.0100284,False,9.450520470821935,-0.009043368852177179,0.01955337854038031,-0.0032872147463902128,nan,nan,nan,nan
6092,1756792725.0200987,,1756792725.0200987,False,9.4507602537061,-0.009505725063913902,0.021734096666651492,-0.003477024370090534,nan,nan,nan,nan
6093,1756792725.0300333,,1756792725.0300333,False,9.452632439139013,-0.006365112383378277,0.026127482800913482,-0.002882208543214926,nan,nan,nan,nan
6094,1756792725.0400198,,1756792725.0400198,False,9.454068951566835,-0.005509644306100726,0.02991286501801416,-0.002717950056843386,nan,nan,nan,nan
6095,1756792725.0500143,,1756792725.0500143,False,9.456859124062625,-0.006082983927748703,0.031546243748461086,-0.002625402219788834,nan,nan,nan,nan
6096,1756792725.06001,,1756792725.06001,False,9.455308115414251,-0.0012562704187185183,0.033494746790467544,-0.002541290260492132,nan,nan,nan,nan
6097,1756792725.0700295,,1756792725.0700295,False,9.455068658668644,-0.003156788771176543,0.03499602249897623,-0.0021787398720268447,nan,nan,nan,nan
6098,1756792725.0800288,,1756792725.0800288,False,9.448245665769019,0.0036961797967145953,0.035853044514484754,-0.0015514458249309654,nan,nan,nan,nan
6099,1756792725.090071,,1756792725.090071,False,9.443433963146315,0.01018191652246134,0.03373310067347727,-0.0015349594983854798,nan,nan,nan,nan
6100,1756792725.1000333,,1756792725.1000333,False,9.440594917144658,0.01634021657114035,0.03246454451132633,-0.0008270105057172904,nan,nan,nan,nan
6101,1756792725.1102045,,1756792725.1102045,False,9.431129586753508,0.0399051329436462,0.031599767432268625,-0.000160604654834034,nan,nan,nan,nan
6102,1756792725.1200325,,1756792725.1200325,False,9.429053523424729,0.0376988613712923,0.03057338012438894,-0.00010621113917907577,nan,nan,nan,nan
6103,1756792725.1300566,,1756792725.1300566,False,9.422854504745395,0.03237301805236996,0.02794039265047504,6.886337161928783e-05,nan,nan,nan,nan
6104,1756792725.140038,,1756792725.140038,False,9.416142982676162,0.026209174342866192,0.025680096979509622,-9.008462869473672e-05,nan,nan,nan,nan
6105,1756792725.1500535,,1756792725.1500535,False,9.413441631133825,0.0195810582618384,0.021867759240596647,-0.00024336994649437572,nan,nan,nan,nan
6106,1756792725.1600668,,1756792725.1600668,False,9.407481817282891,0.017172405276237555,0.01823828321635064,-0.0005793787483242827,nan,nan,nan,nan
6107,1756792725.170114,,1756792725.170114,False,9.40226805676648,0.014992760532931056,0.01607688926406978,-0.0006507482264999109,nan,nan,nan,nan
6108,1756792725.1800566,,1756792725.1800566,False,9.398241703424285,0.01616879855423125,0.011818600829591115,-0.0012747368901352319,nan,nan,nan,nan
6109,1756792725.1900377,,1756792725.1900377,False,9.393939202911485,0.022810239518894698,0.006093615354741927,-0.0012392739527419126,nan,nan,nan,nan
6110,1756792725.2000222,,1756792725.2000222,False,9.386347720260485,0.02886050674533531,0.003848139629888937,-0.0017237227098634948,nan,nan,nan,nan
6111,1756792725.210029,,1756792725.210029,False,9.380962229407299,0.0347543870047599,0.002604848028496853,-0.0016983780962318306,nan,nan,nan,nan
6112,1756792725.2200334,,1756792725.2200334,False,9.373713853455007,0.043145685660568076,0.0006050088757574459,-0.0023945254362015256,nan,nan,nan,nan
6113,1756792725.230032,,1756792725.230032,False,9.370935288032957,0.045106728261379354,-0.00040308737332712453,-0.0025432961304673336,nan,nan,nan,nan
6114,1756792725.2400405,,1756792725.2400405,False,9.365960396194296,0.04801426998130663,-0.0015547847089773794,-0.0026921840858814623,nan,nan,nan,nan
6115,1756792725.2500222,,1756792725.2500222,False,9.359467083124912,0.05325166178256526,-0.002370367647489232,-0.0032466655154198463,nan,nan,nan,nan
6116,1756792725.260037,,1756792725.260037,False,9.357329342281377,0.05249149749339161,-0.0030347467078364835,-0.003623803702966929,nan,nan,nan,nan
6117,1756792725.2700903,,1756792725.2700903,False,9.355200556751113,0.05384368518679331,-0.005437421580619299,-0.004297000682725592,nan,nan,nan,nan
6118,1756792725.2800276,,1756792725.2800276,False,9.355698786894703,0.03421667842248329,-0.005475639117506013,-0.0061532488317825925,nan,nan,nan,nan
6119,1756792725.2900712,,1756792725.2900712,False,9.35253735417702,0.03236959678420973,-0.003634426326209565,-0.006289513558649381,nan,nan,nan,nan
6120,1756792725.3000646,,1756792725.3000646,False,9.345779875680606,0.03718859258606803,-0.004394821714658318,-0.007192761999781465,nan,nan,nan,nan
6121,1756792725.3100202,,1756792725.3100202,False,9.34281317219289,0.029133732211617525,-0.0018443715828631738,-0.007380952007662399,nan,nan,nan,nan
6122,1756792725.3200371,,1756792725.3200371,False,9.340994244076766,0.022961992454109827,0.00032433258214984123,-0.007372537055463002,nan,nan,nan,nan
6123,1756792725.3301084,,1756792725.3301084,False,9.339087766313888,0.029842758399176654,0.0010429598612142837,-0.006318932390971639,nan,nan,nan,nan
6124,1756792725.3400404,,1756792725.3400404,False,9.340086454994841,0.019217745348331226,0.00543377816466108,-0.0067274097088355035,nan,nan,nan,nan
6125,1756792725.350037,,1756792725.350037,False,9.337161419317656,0.006890685883889378,0.008140220627737596,-0.007159365889322116,nan,nan,nan,nan
6126,1756792725.3600228,,1756792725.3600228,False,9.335925966916188,-0.008771405964278537,0.011651491621116873,-0.007187300685752559,nan,nan,nan,nan
6127,1756792725.3700154,,1756792725.3700154,False,9.335695615762878,-0.02370062603134546,0.012817582598526554,-0.0073180766165291365,nan,nan,nan,nan
6128,1756792725.380032,,1756792725.380032,False,9.335036626529876,-0.031329202842007464,0.012588272413498735,-0.00750180424092549,nan,nan,nan,nan
6129,1756792725.390029,,1756792725.390029,False,9.332579487404345,-0.041868555088670024,0.01284683290562808,-0.007902726310868592,nan,nan,nan,nan
6130,1756792725.400033,,1756792725.400033,False,9.326609420492307,-0.03886586072739953,0.012571806505452449,-0.007680892384129732,nan,nan,nan,nan
6131,1756792725.4100432,,1756792725.4100432,False,9.321073003412273,-0.03599118564985061,0.014214806048970735,-0.007743413006563202,nan,nan,nan,nan
6132,1756792725.4201503,,1756792725.4201503,False,9.311226363620047,-0.03208767207295228,0.016837579965494356,-0.008094222895322198,nan,nan,nan,nan
6133,1756792725.430074,,1756792725.430074,False,9.308950419905148,-0.03225173492060572,0.01909914536841156,-0.008487064546464045,nan,nan,nan,nan
6134,1756792725.440034,,1756792725.440034,False,9.302922015827937,-0.02575903939510215,0.022649124938184738,-0.00875787041900148,nan,nan,nan,nan
6135,1756792725.449999,,1756792725.449999,False,9.295665031442267,-0.01702141108499703,0.023047869431492497,-0.008694528713658901,nan,nan,nan,nan
6136,1756792725.4600291,,1756792725.4600291,False,9.293179649390625,-0.0216925262434198,0.0317072536126072,-0.009291565024830476,nan,nan,nan,nan
6137,1756792725.470108,,1756792725.470108,False,9.280234312807378,-0.011236518753167708,0.03247590485983721,-0.00941631252445931,nan,nan,nan,nan
6138,1756792725.480034,,1756792725.480034,False,9.273700217604599,0.0005624650854658946,0.03252755797672634,-0.00959072763122064,nan,nan,nan,nan
6139,1756792725.4900181,,1756792725.4900181,False,9.268698533917698,0.02796658756736042,0.024254398686528778,-0.00913253216688941,nan,nan,nan,nan
6140,1756792725.5000548,,1756792725.5000548,False,9.264076599647852,0.03036420849922747,0.01716814678197397,-0.010231663697798992,nan,nan,nan,nan
6141,1756792725.510058,,1756792725.510058,False,9.262246372631692,0.03494792498020551,0.01186075292783292,-0.010126182973764778,nan,nan,nan,nan
6142,1756792725.5202272,,1756792725.5202272,False,9.255777108405205,0.03915236685804802,0.00355241933708754,-0.010190643819943989,nan,nan,nan,nan
6143,1756792725.5300431,,1756792725.5300431,False,9.247138002846713,0.04348928007646303,-0.0014500862736010363,-0.010730359927683461,nan,nan,nan,nan
6144,1756792725.5400393,,1756792725.5400393,False,9.246805111376274,0.04436736287815608,0.0019445136268405809,-0.010795764938032346,nan,nan,nan,nan
6145,1756792725.55002,,1756792725.55002,False,9.244017260524773,0.04957786776580651,-0.003294951901039592,-0.010809305380526659,nan,nan,nan,nan
6146,1756792725.560008,,1756792725.560008,False,9.594388824294928,0.016964830591509012,-0.10872278116880371,-4.7313442720810654e-05,nan,nan,nan,nan
6147,1756792725.5700507,,1756792725.5700507,False,9.514023569437649,0.020192583058040146,-0.11377666563765668,-0.0004041336238170975,nan,nan,nan,nan
6148,1756792725.5800402,,1756792725.5800402,False,9.428875707339436,0.023282030537502107,-0.11832564091640928,-0.0009282466549372659,nan,nan,nan,nan
6149,1756792725.5900283,,1756792725.5900283,False,9.3412053921837,0.020412455227709077,-0.11831509928636799,-0.001223206101701224,nan,nan,nan,nan
6150,1756792725.6000323,,1756792725.6000323,False,9.24603734723716,0.023566309154600097,-0.11546394160055362,-0.0019639576515226714,nan,nan,nan,nan
6151,1756792725.6100144,,1756792725.6100144,False,9.151754786424013,0.014006539875816525,-0.10434440904896544,-0.0022572296792667565,nan,nan,nan,nan
6152,1756792725.6202753,,1756792725.6202753,False,9.047451493284568,0.009147185982506195,-0.09163151014268046,-0.0022255367632331023,nan,nan,nan,nan
6153,1756792725.6300807,,1756792725.6300807,False,8.9462077860999,0.00903719153511545,-0.0817663789417152,-0.0025791214317192617,nan,nan,nan,nan
6154,1756792725.6401505,,1756792725.6401505,False,8.850019253754041,0.01034314372900519,-0.06394326093403657,-0.00167775314766155,nan,nan,nan,nan
6155,1756792725.6500359,,1756792725.6500359,False,8.755963358853737,0.02315952105111266,-0.046503713336635756,-0.0014480435658235395,nan,nan,nan,nan
6156,1756792725.660043,,1756792725.660043,False,8.66759311356808,0.016173924403692874,-0.02741116041754033,-0.0021267208766659073,nan,nan,nan,nan
6157,1756792725.6702516,,1756792725.6702516,False,8.579069255721901,0.00551084988430253,-0.011253738011178375,-0.0018131724925637299,nan,nan,nan,nan
6158,1756792725.6800692,,1756792725.6800692,False,8.49299198298768,-0.0022143148879653087,0.0027344861166768318,-0.0018162491722435719,nan,nan,nan,nan
6159,1756792725.6900296,,1756792725.6900296,False,8.415664495771749,-0.013239894592395296,0.02360638168299287,-0.001957216996762987,nan,nan,nan,nan
6160,1756792725.70004,,1756792725.70004,False,8.332153782300919,-0.019432452868410194,0.04209852538201201,-0.0021084461619915646,nan,nan,nan,nan
6161,1756792725.710019,,1756792725.710019,False,8.258210524246683,-0.022764655868898146,0.06145104919119528,-0.0021543929528388965,nan,nan,nan,nan
6162,1756792725.7200809,,1756792725.7200809,False,8.181437233312305,-0.022446259946782288,0.0766047470691224,-0.0020324442832200156,nan,nan,nan,nan
6163,1756792725.730147,,1756792725.730147,False,8.11584429145608,-0.017817154289991543,0.0898360185637249,-0.0021673402579988447,nan,nan,nan,nan
6164,1756792725.7399888,,1756792725.7399888,False,8.0588982548106,-0.009597696067318884,0.10079448150831793,-0.0023871155094211147,nan,nan,nan,nan
6110,1756792725.2000222,,1756792725.2000222,False,9.386347720260485,0.02886050674533531,0.003848139629888937,-0.0017237227098634948,nan,nan,nan,nan
6111,1756792725.210029,,1756792725.210029,False,9.380962229407299,0.0347543870047599,0.002604848028496853,-0.0016983780962318306,nan,nan,nan,nan
6112,1756792725.2200334,,1756792725.2200334,False,9.373713853455007,0.043145685660568076,0.0006050088757574459,-0.0023945254362015256,nan,nan,nan,nan
6113,1756792725.230032,,1756792725.230032,False,9.370935288032957,0.045106728261379354,-0.00040308737332712453,-0.0025432961304673336,nan,nan,nan,nan
6114,1756792725.2400405,,1756792725.2400405,False,9.365960396194296,0.04801426998130663,-0.0015547847089773794,-0.0026921840858814623,nan,nan,nan,nan
6115,1756792725.2500222,,1756792725.2500222,False,9.359467083124912,0.05325166178256526,-0.002370367647489232,-0.0032466655154198463,nan,nan,nan,nan
6116,1756792725.260037,,1756792725.260037,False,9.357329342281377,0.05249149749339161,-0.0030347467078364835,-0.003623803702966929,nan,nan,nan,nan
6117,1756792725.2700903,,1756792725.2700903,False,9.355200556751113,0.05384368518679331,-0.005437421580619299,-0.004297000682725592,nan,nan,nan,nan
6118,1756792725.2800276,,1756792725.2800276,False,9.355698786894703,0.03421667842248329,-0.005475639117506013,-0.0061532488317825925,nan,nan,nan,nan
6119,1756792725.2900712,,1756792725.2900712,False,9.35253735417702,0.03236959678420973,-0.003634426326209565,-0.006289513558649381,nan,nan,nan,nan
6120,1756792725.3000646,,1756792725.3000646,False,9.345779875680606,0.03718859258606803,-0.004394821714658318,-0.007192761999781465,nan,nan,nan,nan
6121,1756792725.3100202,,1756792725.3100202,False,9.34281317219289,0.029133732211617525,-0.0018443715828631738,-0.007380952007662399,nan,nan,nan,nan
6122,1756792725.3200371,,1756792725.3200371,False,9.340994244076766,0.022961992454109827,0.00032433258214984123,-0.007372537055463002,nan,nan,nan,nan
6123,1756792725.3301084,,1756792725.3301084,False,9.339087766313888,0.029842758399176654,0.0010429598612142837,-0.006318932390971639,nan,nan,nan,nan
6124,1756792725.3400404,,1756792725.3400404,False,9.340086454994841,0.019217745348331226,0.00543377816466108,-0.0067274097088355035,nan,nan,nan,nan
6125,1756792725.350037,,1756792725.350037,False,9.337161419317656,0.006890685883889378,0.008140220627737596,-0.007159365889322116,nan,nan,nan,nan
6126,1756792725.3600228,,1756792725.3600228,False,9.335925966916188,-0.008771405964278537,0.011651491621116873,-0.007187300685752559,nan,nan,nan,nan
6127,1756792725.3700154,,1756792725.3700154,False,9.335695615762878,-0.02370062603134546,0.012817582598526554,-0.0073180766165291365,nan,nan,nan,nan
6128,1756792725.380032,,1756792725.380032,False,9.335036626529876,-0.031329202842007464,0.012588272413498735,-0.00750180424092549,nan,nan,nan,nan
6129,1756792725.390029,,1756792725.390029,False,9.332579487404345,-0.041868555088670024,0.01284683290562808,-0.007902726310868592,nan,nan,nan,nan
6130,1756792725.400033,,1756792725.400033,False,9.326609420492307,-0.03886586072739953,0.012571806505452449,-0.007680892384129732,nan,nan,nan,nan
6131,1756792725.4100432,,1756792725.4100432,False,9.321073003412273,-0.03599118564985061,0.014214806048970735,-0.007743413006563202,nan,nan,nan,nan
6132,1756792725.4201503,,1756792725.4201503,False,9.311226363620047,-0.03208767207295228,0.016837579965494356,-0.008094222895322198,nan,nan,nan,nan
6133,1756792725.430074,,1756792725.430074,False,9.308950419905148,-0.03225173492060572,0.01909914536841156,-0.008487064546464045,nan,nan,nan,nan
6134,1756792725.440034,,1756792725.440034,False,9.302922015827937,-0.02575903939510215,0.022649124938184738,-0.00875787041900148,nan,nan,nan,nan
6135,1756792725.449999,,1756792725.449999,False,9.295665031442267,-0.01702141108499703,0.023047869431492497,-0.008694528713658901,nan,nan,nan,nan
6136,1756792725.4600291,,1756792725.4600291,False,9.293179649390625,-0.0216925262434198,0.0317072536126072,-0.009291565024830476,nan,nan,nan,nan
6137,1756792725.470108,,1756792725.470108,False,9.280234312807378,-0.011236518753167708,0.03247590485983721,-0.00941631252445931,nan,nan,nan,nan
6138,1756792725.480034,,1756792725.480034,False,9.273700217604599,0.0005624650854658946,0.03252755797672634,-0.00959072763122064,nan,nan,nan,nan
6139,1756792725.4900181,,1756792725.4900181,False,9.268698533917698,0.02796658756736042,0.024254398686528778,-0.00913253216688941,nan,nan,nan,nan
6140,1756792725.5000548,,1756792725.5000548,False,9.264076599647852,0.03036420849922747,0.01716814678197397,-0.010231663697798992,nan,nan,nan,nan
6141,1756792725.510058,,1756792725.510058,False,9.262246372631692,0.03494792498020551,0.01186075292783292,-0.010126182973764778,nan,nan,nan,nan
6142,1756792725.5202272,,1756792725.5202272,False,9.255777108405205,0.03915236685804802,0.00355241933708754,-0.010190643819943989,nan,nan,nan,nan
6143,1756792725.5300431,,1756792725.5300431,False,9.247138002846713,0.04348928007646303,-0.0014500862736010363,-0.010730359927683461,nan,nan,nan,nan
6144,1756792725.5400393,,1756792725.5400393,False,9.246805111376274,0.04436736287815608,0.0019445136268405809,-0.010795764938032346,nan,nan,nan,nan
6145,1756792725.55002,,1756792725.55002,False,9.244017260524773,0.04957786776580651,-0.003294951901039592,-0.010809305380526659,nan,nan,nan,nan
6146,1756792725.560008,,1756792725.560008,False,9.594388824294928,0.016964830591509012,-0.10872278116880371,-4.7313442720810654e-05,nan,nan,nan,nan
6147,1756792725.5700507,,1756792725.5700507,False,9.514023569437649,0.020192583058040146,-0.11377666563765668,-0.0004041336238170975,nan,nan,nan,nan
6148,1756792725.5800402,,1756792725.5800402,False,9.428875707339436,0.023282030537502107,-0.11832564091640928,-0.0009282466549372659,nan,nan,nan,nan
6149,1756792725.5900283,,1756792725.5900283,False,9.3412053921837,0.020412455227709077,-0.11831509928636799,-0.001223206101701224,nan,nan,nan,nan
6150,1756792725.6000323,,1756792725.6000323,False,9.24603734723716,0.023566309154600097,-0.11546394160055362,-0.0019639576515226714,nan,nan,nan,nan
6151,1756792725.6100144,,1756792725.6100144,False,9.151754786424013,0.014006539875816525,-0.10434440904896544,-0.0022572296792667565,nan,nan,nan,nan
6152,1756792725.6202753,,1756792725.6202753,False,9.047451493284568,0.009147185982506195,-0.09163151014268046,-0.0022255367632331023,nan,nan,nan,nan
6153,1756792725.6300807,,1756792725.6300807,False,8.9462077860999,0.00903719153511545,-0.0817663789417152,-0.0025791214317192617,nan,nan,nan,nan
6154,1756792725.6401505,,1756792725.6401505,False,8.850019253754041,0.01034314372900519,-0.06394326093403657,-0.00167775314766155,nan,nan,nan,nan
6155,1756792725.6500359,,1756792725.6500359,False,8.755963358853737,0.02315952105111266,-0.046503713336635756,-0.0014480435658235395,nan,nan,nan,nan
6156,1756792725.660043,,1756792725.660043,False,8.66759311356808,0.016173924403692874,-0.02741116041754033,-0.0021267208766659073,nan,nan,nan,nan
6157,1756792725.6702516,,1756792725.6702516,False,8.579069255721901,0.00551084988430253,-0.011253738011178375,-0.0018131724925637299,nan,nan,nan,nan
6158,1756792725.6800692,,1756792725.6800692,False,8.49299198298768,-0.0022143148879653087,0.0027344861166768318,-0.0018162491722435719,nan,nan,nan,nan
6159,1756792725.6900296,,1756792725.6900296,False,8.415664495771749,-0.013239894592395296,0.02360638168299287,-0.001957216996762987,nan,nan,nan,nan
6160,1756792725.70004,,1756792725.70004,False,8.332153782300919,-0.019432452868410194,0.04209852538201201,-0.0021084461619915646,nan,nan,nan,nan
6161,1756792725.710019,,1756792725.710019,False,8.258210524246683,-0.022764655868898146,0.06145104919119528,-0.0021543929528388965,nan,nan,nan,nan
6162,1756792725.7200809,,1756792725.7200809,False,8.181437233312305,-0.022446259946782288,0.0766047470691224,-0.0020324442832200156,nan,nan,nan,nan
6163,1756792725.730147,,1756792725.730147,False,8.11584429145608,-0.017817154289991543,0.0898360185637249,-0.0021673402579988447,nan,nan,nan,nan
6164,1756792725.7399888,,1756792725.7399888,False,8.0588982548106,-0.009597696067318884,0.10079448150831793,-0.0023871155094211147,nan,nan,nan,nan
6165,1756792725.750273,,1756792725.750273,False,7.994994683554844,-0.003656493296587354,0.10597534434386303,-0.002160099179023355,nan,nan,nan,nan
6166,1756792725.7600367,,1756792725.7600367,False,7.949681175325557,0.004633303538487752,0.11354908809790966,-0.002303400291419735,nan,nan,nan,nan
6167,1756792725.7707381,,1756792725.7707381,False,7.899946884587393,0.020434911365054428,0.12094753767888938,-0.002555488449283758,nan,nan,nan,nan
6168,1756792725.7800367,,1756792725.7800367,False,7.8559238312235,0.02853308842973227,0.1218563750699433,-0.002725526861217302,nan,nan,nan,nan
6169,1756792725.7900126,,1756792725.7900126,False,7.817562842649741,0.025165376629448413,0.12058622818246403,-0.0023016017795926594,nan,nan,nan,nan
6170,1756792725.8000202,,1756792725.8000202,False,7.772857410210351,0.018033110962016555,0.11899096827754455,-0.0015125905784171647,nan,nan,nan,nan
6171,1756792725.8100142,,1756792725.8100142,False,7.7578352447301455,0.008409569202141993,0.11009615260768787,-0.0010979615123625605,nan,nan,nan,nan
6172,1756792725.8200235,,1756792725.8200235,False,7.754867105042697,-0.026555651008361436,0.09174805307000727,-0.002639911615291068,nan,nan,nan,nan
6173,1756792725.830073,,1756792725.830073,False,7.716293984352667,-0.023399932918624827,0.07326227592089733,-0.0024711277113036484,nan,nan,nan,nan
6174,1756792725.8400335,,1756792725.8400335,False,7.694473513724453,0.001157096794706085,0.0649430595121842,-0.0010545805860537308,nan,nan,nan,nan
6175,1756792725.85004,,1756792725.85004,False,7.668313172536909,0.02602313344581429,0.04815291883089711,-0.0004015572768244023,nan,nan,nan,nan
6176,1756792725.8600316,,1756792725.8600316,False,7.6470986311889595,0.05221328337269828,0.03829803643231944,0.0004504972902956436,nan,nan,nan,nan
6177,1756792725.8700333,,1756792725.8700333,False,7.637894120026652,0.012983791209591316,0.03218537605513949,-0.0018512478753263245,nan,nan,nan,nan
6178,1756792725.8800483,,1756792725.8800483,False,7.613597626804885,0.018985471066333744,0.019687970259175888,-0.0007323066360052358,nan,nan,nan,nan
6179,1756792725.890058,,1756792725.890058,False,7.58907089275936,0.03812981951563513,0.017725656686225378,-6.770865638229503e-05,nan,nan,nan,nan
6180,1756792725.9000473,,1756792725.9000473,False,7.5835672125145415,0.02523512508636002,0.022054015231655063,-0.0007627960593783794,nan,nan,nan,nan
6181,1756792725.9100337,,1756792725.9100337,False,7.571069972544061,0.027973556021189703,0.013793740847221883,0.00023825271043233053,nan,nan,nan,nan
6165,1756792725.750273,,1756792725.750273,False,7.994994683554844,-0.003656493296587354,0.10597534434386303,-0.002160099179023355,nan,nan,nan,nan
6166,1756792725.7600367,,1756792725.7600367,False,7.949681175325557,0.004633303538487752,0.11354908809790966,-0.002303400291419735,nan,nan,nan,nan
6167,1756792725.7707381,,1756792725.7707381,False,7.899946884587393,0.020434911365054428,0.12094753767888938,-0.002555488449283758,nan,nan,nan,nan
6168,1756792725.7800367,,1756792725.7800367,False,7.8559238312235,0.02853308842973227,0.1218563750699433,-0.002725526861217302,nan,nan,nan,nan
6169,1756792725.7900126,,1756792725.7900126,False,7.817562842649741,0.025165376629448413,0.12058622818246403,-0.0023016017795926594,nan,nan,nan,nan
6170,1756792725.8000202,,1756792725.8000202,False,7.772857410210351,0.018033110962016555,0.11899096827754455,-0.0015125905784171647,nan,nan,nan,nan
6171,1756792725.8100142,,1756792725.8100142,False,7.7578352447301455,0.008409569202141993,0.11009615260768787,-0.0010979615123625605,nan,nan,nan,nan
6172,1756792725.8200235,,1756792725.8200235,False,7.754867105042697,-0.026555651008361436,0.09174805307000727,-0.002639911615291068,nan,nan,nan,nan
6173,1756792725.830073,,1756792725.830073,False,7.716293984352667,-0.023399932918624827,0.07326227592089733,-0.0024711277113036484,nan,nan,nan,nan
6174,1756792725.8400335,,1756792725.8400335,False,7.694473513724453,0.001157096794706085,0.0649430595121842,-0.0010545805860537308,nan,nan,nan,nan
6175,1756792725.85004,,1756792725.85004,False,7.668313172536909,0.02602313344581429,0.04815291883089711,-0.0004015572768244023,nan,nan,nan,nan
6176,1756792725.8600316,,1756792725.8600316,False,7.6470986311889595,0.05221328337269828,0.03829803643231944,0.0004504972902956436,nan,nan,nan,nan
6177,1756792725.8700333,,1756792725.8700333,False,7.637894120026652,0.012983791209591316,0.03218537605513949,-0.0018512478753263245,nan,nan,nan,nan
6178,1756792725.8800483,,1756792725.8800483,False,7.613597626804885,0.018985471066333744,0.019687970259175888,-0.0007323066360052358,nan,nan,nan,nan
6179,1756792725.890058,,1756792725.890058,False,7.58907089275936,0.03812981951563513,0.017725656686225378,-6.770865638229503e-05,nan,nan,nan,nan
6180,1756792725.9000473,,1756792725.9000473,False,7.5835672125145415,0.02523512508636002,0.022054015231655063,-0.0007627960593783794,nan,nan,nan,nan
6181,1756792725.9100337,,1756792725.9100337,False,7.571069972544061,0.027973556021189703,0.013793740847221883,0.00023825271043233053,nan,nan,nan,nan
6182,1756792725.9200773,,1756792725.9200773,False,7.543040112053196,0.038292854676288374,0.01685760431234784,0.0004795496181891985,nan,nan,nan,nan
6183,1756792725.9300344,,1756792725.9300344,False,7.5150058780393225,0.05347679611964195,0.007840915155506561,-0.000361560042377493,nan,nan,nan,nan
6184,1756792725.9400432,,1756792725.9400432,False,7.550985154480385,0.06993439803420118,0.009412596126344649,-6.141766026531498e-05,nan,nan,nan,nan
6185,1756792725.950041,,1756792725.950041,False,7.551081756781982,0.045110746985178994,0.009728242118362597,-0.0010822858427392494,nan,nan,nan,nan
6186,1756792725.960074,,1756792725.960074,False,7.547447991566717,0.024020301500115467,0.011968341823957557,-0.002233616576818916,nan,nan,nan,nan
6187,1756792725.970039,,1756792725.970039,False,7.539055906622129,0.025198292632122733,0.019358765356856357,-0.0011500489345489156,nan,nan,nan,nan
6188,1756792725.980034,,1756792725.980034,False,7.5392570616271035,0.02108766272352538,0.0255088784907501,-0.002378697280821789,nan,nan,nan,nan
6189,1756792725.990053,,1756792725.990053,False,7.532167263287468,0.04189254292506877,0.02675382546887188,-0.002436076398962387,nan,nan,nan,nan
6190,1756792726.0000362,,1756792726.0000362,False,7.487733202956986,0.05245062452721111,0.02896123266759574,-0.0023596793748499522,nan,nan,nan,nan
6191,1756792726.0100398,,1756792726.0100398,False,7.506151623166335,0.03258980455264727,0.030273411791675517,-0.003283073568027414,nan,nan,nan,nan
6192,1756792726.0200415,,1756792726.0200415,False,7.506391183005132,0.01331546371469232,0.03348640860899792,-0.0032199898053365972,nan,nan,nan,nan
6193,1756792726.030034,,1756792726.030034,False,7.517473777721065,0.007265137896066554,0.030859637350200034,-0.003202318335837996,nan,nan,nan,nan
6194,1756792726.0400584,,1756792726.0400584,False,7.5204082373909715,0.02961125582563737,0.02197361705365124,-0.0035866261255763938,nan,nan,nan,nan
6195,1756792726.0500944,,1756792726.0500944,False,7.517848182812727,0.0404874902830529,0.020849993555124516,-0.0033803793078121766,nan,nan,nan,nan
6196,1756792726.0605147,,1756792726.0605147,False,7.534368149795804,0.03056893361169035,0.02020841054066042,-0.0029836466113395835,nan,nan,nan,nan
6197,1756792726.0700378,,1756792726.0700378,False,7.549446656519062,0.007132248965599951,0.020725008772925855,-0.0032921251765750817,nan,nan,nan,nan
6198,1756792726.0800529,,1756792726.0800529,False,7.573484723644092,0.019880519532851224,0.014013292074960241,-0.003248011343584149,nan,nan,nan,nan
6199,1756792726.090064,,1756792726.090064,False,7.590830041770172,0.05460018757125997,0.010959760952061635,-0.00433766972884542,nan,nan,nan,nan
6200,1756792726.100056,,1756792726.100056,False,7.60526117591042,0.025786175467669953,0.023537397384930468,-0.0023627868304822593,nan,nan,nan,nan
6201,1756792726.1100538,,1756792726.1100538,False,7.622728657162252,0.007680804769707745,0.014949597401182632,-0.00133441456415826,nan,nan,nan,nan
6202,1756792726.120406,,1756792726.120406,False,7.62775705613851,0.004310826928486199,0.00852116124279437,-0.0014248349682310108,nan,nan,nan,nan
6203,1756792726.130026,,1756792726.130026,False,7.654456216682575,0.008421439438492483,0.0002496376203113565,-0.0007951334897294939,nan,nan,nan,nan
6204,1756792726.1400313,,1756792726.1400313,False,7.666045975975115,-0.013309087459085269,-0.004453667687603093,-0.001675536525068778,nan,nan,nan,nan
6205,1756792726.1500309,,1756792726.1500309,False,7.662116673517444,0.012598806621234766,-0.0041685559258863945,-0.00107374755948966,nan,nan,nan,nan
6206,1756792726.160037,,1756792726.160037,False,7.668831502260139,0.013861281312084615,-0.01431015830337646,-0.001133257848777387,nan,nan,nan,nan
6207,1756792726.1700315,,1756792726.1700315,False,7.702225639200611,-0.01246942754274954,-0.014847504519327735,-0.0010264433882572054,nan,nan,nan,nan
6208,1756792726.1800127,,1756792726.1800127,False,7.730632180822831,-0.01734236089941805,-0.019694109476486848,-0.001124241898336554,nan,nan,nan,nan
6209,1756792726.1900473,,1756792726.1900473,False,7.7321508449209215,-0.00823693553227642,-0.021584220214230454,-0.0006749686665965971,nan,nan,nan,nan
6210,1756792726.2000303,,1756792726.2000303,False,7.767380108922653,-0.03912112154062245,-0.022857989746074867,-0.0012981311409382783,nan,nan,nan,nan
6211,1756792726.210032,,1756792726.210032,False,7.782006812702878,-0.03797633610681388,-0.02348547509934457,-0.0005805194382145994,nan,nan,nan,nan
6212,1756792726.2204502,,1756792726.2204502,False,7.797463448812352,-0.026030401848413307,-0.017779828901436256,0.00020560145495085986,nan,nan,nan,nan
6213,1756792726.2300332,,1756792726.2300332,False,7.8127115622174115,-0.016447964266530626,-0.019064061345774423,-0.0005822172152891051,nan,nan,nan,nan
6214,1756792726.2400243,,1756792726.2400243,False,7.81230930648977,-0.01829146891675178,-0.02311650841341604,-0.00012706759914422509,nan,nan,nan,nan
6215,1756792726.25005,,1756792726.25005,False,7.846467058490183,-0.016537318842900852,-0.017410366067945323,0.00027075905467804164,nan,nan,nan,nan
6216,1756792726.2600377,,1756792726.2600377,False,7.854290045585801,0.011987141147653087,-0.012374837182883687,-0.00021083933573104636,nan,nan,nan,nan
6217,1756792726.2700577,,1756792726.2700577,False,7.88327897948386,0.0056978478628553686,-0.012874410946952785,0.00047056072000836794,nan,nan,nan,nan
6218,1756792726.2800624,,1756792726.2800624,False,7.8202171027488445,-0.009487878379017954,-0.006473118940602898,0.0003944967691671962,nan,nan,nan,nan
6219,1756792726.2900357,,1756792726.2900357,False,7.934350262137448,0.03373803692719943,0.0031577733083559775,0.0016593515219494087,nan,nan,nan,nan
6220,1756792726.300033,,1756792726.300033,False,7.99217746745175,0.024718933781049772,0.00034579542201095437,0.0012636578757345889,nan,nan,nan,nan
6221,1756792726.3100405,,1756792726.3100405,False,7.905137299647743,0.03920542060209818,0.009540496416711633,0.0008822640915176314,nan,nan,nan,nan
6222,1756792726.3200364,,1756792726.3200364,False,8.002029245656374,0.038507347405439124,0.008048306506214017,0.0004837265861017976,nan,nan,nan,nan
6223,1756792726.3300378,,1756792726.3300378,False,8.062483580366683,0.040372000636836845,0.016554610636442407,0.00035864643214123464,nan,nan,nan,nan
6224,1756792726.34003,,1756792726.34003,False,8.053917630299406,0.02684655053526008,0.00859592498471342,0.00034572355274456007,nan,nan,nan,nan
6225,1756792726.350048,,1756792726.350048,False,8.039503101868934,0.04553580722736623,0.006258958050192354,5.919018359561429e-05,nan,nan,nan,nan
6226,1756792726.360039,,1756792726.360039,False,8.054028829425178,0.04581831516141153,0.002604070948469188,-4.23195104331815e-05,nan,nan,nan,nan
6227,1756792726.3701935,,1756792726.3701935,False,8.050535981638289,0.048228352486087006,-0.0009696664490997953,-0.00012352584561639267,nan,nan,nan,nan
6228,1756792726.380069,,1756792726.380069,False,8.061282996601795,0.06567997266146373,0.02197923163828071,0.0007437944948658989,nan,nan,nan,nan
6229,1756792726.3900855,,1756792726.3900855,False,8.094636608901382,0.05973486116034928,0.017382994720311833,0.0006093377084365945,nan,nan,nan,nan
6230,1756792726.4000676,,1756792726.4000676,False,8.136906467196036,0.06075703168726628,0.007053447554588831,0.00033624066464719857,nan,nan,nan,nan
6231,1756792726.4108977,,1756792726.4108977,False,8.174047979636757,0.0567900807161781,0.001729941895256856,0.00036511223242237183,nan,nan,nan,nan
6232,1756792726.420108,,1756792726.420108,False,8.228924002861106,0.07026883027638935,-0.007551486301930595,0.000584400093740494,nan,nan,nan,nan
6233,1756792726.4300332,,1756792726.4300332,False,8.197800346438466,0.05723225256871476,-0.009449393406728868,0.0004075304020753026,nan,nan,nan,nan
6234,1756792726.4401138,,1756792726.4401138,False,8.217777597580563,0.05171599917202643,-0.008673456162965807,0.00035675602859862554,nan,nan,nan,nan
6235,1756792726.4500446,,1756792726.4500446,False,8.24714675973684,0.056529052172944474,-0.007887903467233578,0.0006354112614827729,nan,nan,nan,nan
6236,1756792726.4600382,,1756792726.4600382,False,8.27462975878784,0.0505898968740007,-0.014329761815877425,0.00020751071254961656,nan,nan,nan,nan
6182,1756792725.9200773,,1756792725.9200773,False,7.543040112053196,0.038292854676288374,0.01685760431234784,0.0004795496181891985,nan,nan,nan,nan
6183,1756792725.9300344,,1756792725.9300344,False,7.5150058780393225,0.05347679611964195,0.007840915155506561,-0.000361560042377493,nan,nan,nan,nan
6184,1756792725.9400432,,1756792725.9400432,False,7.550985154480385,0.06993439803420118,0.009412596126344649,-6.141766026531498e-05,nan,nan,nan,nan
6185,1756792725.950041,,1756792725.950041,False,7.551081756781982,0.045110746985178994,0.009728242118362597,-0.0010822858427392494,nan,nan,nan,nan
6186,1756792725.960074,,1756792725.960074,False,7.547447991566717,0.024020301500115467,0.011968341823957557,-0.002233616576818916,nan,nan,nan,nan
6187,1756792725.970039,,1756792725.970039,False,7.539055906622129,0.025198292632122733,0.019358765356856357,-0.0011500489345489156,nan,nan,nan,nan
6188,1756792725.980034,,1756792725.980034,False,7.5392570616271035,0.02108766272352538,0.0255088784907501,-0.002378697280821789,nan,nan,nan,nan
6189,1756792725.990053,,1756792725.990053,False,7.532167263287468,0.04189254292506877,0.02675382546887188,-0.002436076398962387,nan,nan,nan,nan
6190,1756792726.0000362,,1756792726.0000362,False,7.487733202956986,0.05245062452721111,0.02896123266759574,-0.0023596793748499522,nan,nan,nan,nan
6191,1756792726.0100398,,1756792726.0100398,False,7.506151623166335,0.03258980455264727,0.030273411791675517,-0.003283073568027414,nan,nan,nan,nan
6192,1756792726.0200415,,1756792726.0200415,False,7.506391183005132,0.01331546371469232,0.03348640860899792,-0.0032199898053365972,nan,nan,nan,nan
6193,1756792726.030034,,1756792726.030034,False,7.517473777721065,0.007265137896066554,0.030859637350200034,-0.003202318335837996,nan,nan,nan,nan
6194,1756792726.0400584,,1756792726.0400584,False,7.5204082373909715,0.02961125582563737,0.02197361705365124,-0.0035866261255763938,nan,nan,nan,nan
6195,1756792726.0500944,,1756792726.0500944,False,7.517848182812727,0.0404874902830529,0.020849993555124516,-0.0033803793078121766,nan,nan,nan,nan
6196,1756792726.0605147,,1756792726.0605147,False,7.534368149795804,0.03056893361169035,0.02020841054066042,-0.0029836466113395835,nan,nan,nan,nan
6197,1756792726.0700378,,1756792726.0700378,False,7.549446656519062,0.007132248965599951,0.020725008772925855,-0.0032921251765750817,nan,nan,nan,nan
6198,1756792726.0800529,,1756792726.0800529,False,7.573484723644092,0.019880519532851224,0.014013292074960241,-0.003248011343584149,nan,nan,nan,nan
6199,1756792726.090064,,1756792726.090064,False,7.590830041770172,0.05460018757125997,0.010959760952061635,-0.00433766972884542,nan,nan,nan,nan
6200,1756792726.100056,,1756792726.100056,False,7.60526117591042,0.025786175467669953,0.023537397384930468,-0.0023627868304822593,nan,nan,nan,nan
6201,1756792726.1100538,,1756792726.1100538,False,7.622728657162252,0.007680804769707745,0.014949597401182632,-0.00133441456415826,nan,nan,nan,nan
6202,1756792726.120406,,1756792726.120406,False,7.62775705613851,0.004310826928486199,0.00852116124279437,-0.0014248349682310108,nan,nan,nan,nan
6203,1756792726.130026,,1756792726.130026,False,7.654456216682575,0.008421439438492483,0.0002496376203113565,-0.0007951334897294939,nan,nan,nan,nan
6204,1756792726.1400313,,1756792726.1400313,False,7.666045975975115,-0.013309087459085269,-0.004453667687603093,-0.001675536525068778,nan,nan,nan,nan
6205,1756792726.1500309,,1756792726.1500309,False,7.662116673517444,0.012598806621234766,-0.0041685559258863945,-0.00107374755948966,nan,nan,nan,nan
6206,1756792726.160037,,1756792726.160037,False,7.668831502260139,0.013861281312084615,-0.01431015830337646,-0.001133257848777387,nan,nan,nan,nan
6207,1756792726.1700315,,1756792726.1700315,False,7.702225639200611,-0.01246942754274954,-0.014847504519327735,-0.0010264433882572054,nan,nan,nan,nan
6208,1756792726.1800127,,1756792726.1800127,False,7.730632180822831,-0.01734236089941805,-0.019694109476486848,-0.001124241898336554,nan,nan,nan,nan
6209,1756792726.1900473,,1756792726.1900473,False,7.7321508449209215,-0.00823693553227642,-0.021584220214230454,-0.0006749686665965971,nan,nan,nan,nan
6210,1756792726.2000303,,1756792726.2000303,False,7.767380108922653,-0.03912112154062245,-0.022857989746074867,-0.0012981311409382783,nan,nan,nan,nan
6211,1756792726.210032,,1756792726.210032,False,7.782006812702878,-0.03797633610681388,-0.02348547509934457,-0.0005805194382145994,nan,nan,nan,nan
6212,1756792726.2204502,,1756792726.2204502,False,7.797463448812352,-0.026030401848413307,-0.017779828901436256,0.00020560145495085986,nan,nan,nan,nan
6213,1756792726.2300332,,1756792726.2300332,False,7.8127115622174115,-0.016447964266530626,-0.019064061345774423,-0.0005822172152891051,nan,nan,nan,nan
6214,1756792726.2400243,,1756792726.2400243,False,7.81230930648977,-0.01829146891675178,-0.02311650841341604,-0.00012706759914422509,nan,nan,nan,nan
6215,1756792726.25005,,1756792726.25005,False,7.846467058490183,-0.016537318842900852,-0.017410366067945323,0.00027075905467804164,nan,nan,nan,nan
6216,1756792726.2600377,,1756792726.2600377,False,7.854290045585801,0.011987141147653087,-0.012374837182883687,-0.00021083933573104636,nan,nan,nan,nan
6217,1756792726.2700577,,1756792726.2700577,False,7.88327897948386,0.0056978478628553686,-0.012874410946952785,0.00047056072000836794,nan,nan,nan,nan
6218,1756792726.2800624,,1756792726.2800624,False,7.8202171027488445,-0.009487878379017954,-0.006473118940602898,0.0003944967691671962,nan,nan,nan,nan
6219,1756792726.2900357,,1756792726.2900357,False,7.934350262137448,0.03373803692719943,0.0031577733083559775,0.0016593515219494087,nan,nan,nan,nan
6220,1756792726.300033,,1756792726.300033,False,7.99217746745175,0.024718933781049772,0.00034579542201095437,0.0012636578757345889,nan,nan,nan,nan
6221,1756792726.3100405,,1756792726.3100405,False,7.905137299647743,0.03920542060209818,0.009540496416711633,0.0008822640915176314,nan,nan,nan,nan
6222,1756792726.3200364,,1756792726.3200364,False,8.002029245656374,0.038507347405439124,0.008048306506214017,0.0004837265861017976,nan,nan,nan,nan
6223,1756792726.3300378,,1756792726.3300378,False,8.062483580366683,0.040372000636836845,0.016554610636442407,0.00035864643214123464,nan,nan,nan,nan
6224,1756792726.34003,,1756792726.34003,False,8.053917630299406,0.02684655053526008,0.00859592498471342,0.00034572355274456007,nan,nan,nan,nan
6225,1756792726.350048,,1756792726.350048,False,8.039503101868934,0.04553580722736623,0.006258958050192354,5.919018359561429e-05,nan,nan,nan,nan
6226,1756792726.360039,,1756792726.360039,False,8.054028829425178,0.04581831516141153,0.002604070948469188,-4.23195104331815e-05,nan,nan,nan,nan
6227,1756792726.3701935,,1756792726.3701935,False,8.050535981638289,0.048228352486087006,-0.0009696664490997953,-0.00012352584561639267,nan,nan,nan,nan
6228,1756792726.380069,,1756792726.380069,False,8.061282996601795,0.06567997266146373,0.02197923163828071,0.0007437944948658989,nan,nan,nan,nan
6229,1756792726.3900855,,1756792726.3900855,False,8.094636608901382,0.05973486116034928,0.017382994720311833,0.0006093377084365945,nan,nan,nan,nan
6230,1756792726.4000676,,1756792726.4000676,False,8.136906467196036,0.06075703168726628,0.007053447554588831,0.00033624066464719857,nan,nan,nan,nan
6231,1756792726.4108977,,1756792726.4108977,False,8.174047979636757,0.0567900807161781,0.001729941895256856,0.00036511223242237183,nan,nan,nan,nan
6232,1756792726.420108,,1756792726.420108,False,8.228924002861106,0.07026883027638935,-0.007551486301930595,0.000584400093740494,nan,nan,nan,nan
6233,1756792726.4300332,,1756792726.4300332,False,8.197800346438466,0.05723225256871476,-0.009449393406728868,0.0004075304020753026,nan,nan,nan,nan
6234,1756792726.4401138,,1756792726.4401138,False,8.217777597580563,0.05171599917202643,-0.008673456162965807,0.00035675602859862554,nan,nan,nan,nan
6235,1756792726.4500446,,1756792726.4500446,False,8.24714675973684,0.056529052172944474,-0.007887903467233578,0.0006354112614827729,nan,nan,nan,nan
6236,1756792726.4600382,,1756792726.4600382,False,8.27462975878784,0.0505898968740007,-0.014329761815877425,0.00020751071254961656,nan,nan,nan,nan
6182,1756792725.9200773,,1756792725.9200773,False,7.543040112053196,0.038292854676288374,0.01685760431234784,0.0004795496181891985,nan,nan,nan,nan
6183,1756792725.9300344,,1756792725.9300344,False,7.5150058780393225,0.05347679611964195,0.007840915155506561,-0.000361560042377493,nan,nan,nan,nan
6184,1756792725.9400432,,1756792725.9400432,False,7.550985154480385,0.06993439803420118,0.009412596126344649,-6.141766026531498e-05,nan,nan,nan,nan
6185,1756792725.950041,,1756792725.950041,False,7.551081756781982,0.045110746985178994,0.009728242118362597,-0.0010822858427392494,nan,nan,nan,nan
6186,1756792725.960074,,1756792725.960074,False,7.547447991566717,0.024020301500115467,0.011968341823957557,-0.002233616576818916,nan,nan,nan,nan
6187,1756792725.970039,,1756792725.970039,False,7.539055906622129,0.025198292632122733,0.019358765356856357,-0.0011500489345489156,nan,nan,nan,nan
6188,1756792725.980034,,1756792725.980034,False,7.5392570616271035,0.02108766272352538,0.0255088784907501,-0.002378697280821789,nan,nan,nan,nan
6189,1756792725.990053,,1756792725.990053,False,7.532167263287468,0.04189254292506877,0.02675382546887188,-0.002436076398962387,nan,nan,nan,nan
6190,1756792726.0000362,,1756792726.0000362,False,7.487733202956986,0.05245062452721111,0.02896123266759574,-0.0023596793748499522,nan,nan,nan,nan
6191,1756792726.0100398,,1756792726.0100398,False,7.506151623166335,0.03258980455264727,0.030273411791675517,-0.003283073568027414,nan,nan,nan,nan
6192,1756792726.0200415,,1756792726.0200415,False,7.506391183005132,0.01331546371469232,0.03348640860899792,-0.0032199898053365972,nan,nan,nan,nan
6193,1756792726.030034,,1756792726.030034,False,7.517473777721065,0.007265137896066554,0.030859637350200034,-0.003202318335837996,nan,nan,nan,nan
6194,1756792726.0400584,,1756792726.0400584,False,7.5204082373909715,0.02961125582563737,0.02197361705365124,-0.0035866261255763938,nan,nan,nan,nan
6195,1756792726.0500944,,1756792726.0500944,False,7.517848182812727,0.0404874902830529,0.020849993555124516,-0.0033803793078121766,nan,nan,nan,nan
6196,1756792726.0605147,,1756792726.0605147,False,7.534368149795804,0.03056893361169035,0.02020841054066042,-0.0029836466113395835,nan,nan,nan,nan
6197,1756792726.0700378,,1756792726.0700378,False,7.549446656519062,0.007132248965599951,0.020725008772925855,-0.0032921251765750817,nan,nan,nan,nan
6198,1756792726.0800529,,1756792726.0800529,False,7.573484723644092,0.019880519532851224,0.014013292074960241,-0.003248011343584149,nan,nan,nan,nan
6199,1756792726.090064,,1756792726.090064,False,7.590830041770172,0.05460018757125997,0.010959760952061635,-0.00433766972884542,nan,nan,nan,nan
6200,1756792726.100056,,1756792726.100056,False,7.60526117591042,0.025786175467669953,0.023537397384930468,-0.0023627868304822593,nan,nan,nan,nan
6201,1756792726.1100538,,1756792726.1100538,False,7.622728657162252,0.007680804769707745,0.014949597401182632,-0.00133441456415826,nan,nan,nan,nan
6202,1756792726.120406,,1756792726.120406,False,7.62775705613851,0.004310826928486199,0.00852116124279437,-0.0014248349682310108,nan,nan,nan,nan
6203,1756792726.130026,,1756792726.130026,False,7.654456216682575,0.008421439438492483,0.0002496376203113565,-0.0007951334897294939,nan,nan,nan,nan
6204,1756792726.1400313,,1756792726.1400313,False,7.666045975975115,-0.013309087459085269,-0.004453667687603093,-0.001675536525068778,nan,nan,nan,nan
6205,1756792726.1500309,,1756792726.1500309,False,7.662116673517444,0.012598806621234766,-0.0041685559258863945,-0.00107374755948966,nan,nan,nan,nan
6206,1756792726.160037,,1756792726.160037,False,7.668831502260139,0.013861281312084615,-0.01431015830337646,-0.001133257848777387,nan,nan,nan,nan
6207,1756792726.1700315,,1756792726.1700315,False,7.702225639200611,-0.01246942754274954,-0.014847504519327735,-0.0010264433882572054,nan,nan,nan,nan
6208,1756792726.1800127,,1756792726.1800127,False,7.730632180822831,-0.01734236089941805,-0.019694109476486848,-0.001124241898336554,nan,nan,nan,nan
6209,1756792726.1900473,,1756792726.1900473,False,7.7321508449209215,-0.00823693553227642,-0.021584220214230454,-0.0006749686665965971,nan,nan,nan,nan
6210,1756792726.2000303,,1756792726.2000303,False,7.767380108922653,-0.03912112154062245,-0.022857989746074867,-0.0012981311409382783,nan,nan,nan,nan
6211,1756792726.210032,,1756792726.210032,False,7.782006812702878,-0.03797633610681388,-0.02348547509934457,-0.0005805194382145994,nan,nan,nan,nan
6212,1756792726.2204502,,1756792726.2204502,False,7.797463448812352,-0.026030401848413307,-0.017779828901436256,0.00020560145495085986,nan,nan,nan,nan
6213,1756792726.2300332,,1756792726.2300332,False,7.8127115622174115,-0.016447964266530626,-0.019064061345774423,-0.0005822172152891051,nan,nan,nan,nan
6214,1756792726.2400243,,1756792726.2400243,False,7.81230930648977,-0.01829146891675178,-0.02311650841341604,-0.00012706759914422509,nan,nan,nan,nan
6215,1756792726.25005,,1756792726.25005,False,7.846467058490183,-0.016537318842900852,-0.017410366067945323,0.00027075905467804164,nan,nan,nan,nan
6216,1756792726.2600377,,1756792726.2600377,False,7.854290045585801,0.011987141147653087,-0.012374837182883687,-0.00021083933573104636,nan,nan,nan,nan
6217,1756792726.2700577,,1756792726.2700577,False,7.88327897948386,0.0056978478628553686,-0.012874410946952785,0.00047056072000836794,nan,nan,nan,nan
6218,1756792726.2800624,,1756792726.2800624,False,7.8202171027488445,-0.009487878379017954,-0.006473118940602898,0.0003944967691671962,nan,nan,nan,nan
6219,1756792726.2900357,,1756792726.2900357,False,7.934350262137448,0.03373803692719943,0.0031577733083559775,0.0016593515219494087,nan,nan,nan,nan
6220,1756792726.300033,,1756792726.300033,False,7.99217746745175,0.024718933781049772,0.00034579542201095437,0.0012636578757345889,nan,nan,nan,nan
6221,1756792726.3100405,,1756792726.3100405,False,7.905137299647743,0.03920542060209818,0.009540496416711633,0.0008822640915176314,nan,nan,nan,nan
6222,1756792726.3200364,,1756792726.3200364,False,8.002029245656374,0.038507347405439124,0.008048306506214017,0.0004837265861017976,nan,nan,nan,nan
6223,1756792726.3300378,,1756792726.3300378,False,8.062483580366683,0.040372000636836845,0.016554610636442407,0.00035864643214123464,nan,nan,nan,nan
6224,1756792726.34003,,1756792726.34003,False,8.053917630299406,0.02684655053526008,0.00859592498471342,0.00034572355274456007,nan,nan,nan,nan
6225,1756792726.350048,,1756792726.350048,False,8.039503101868934,0.04553580722736623,0.006258958050192354,5.919018359561429e-05,nan,nan,nan,nan
6226,1756792726.360039,,1756792726.360039,False,8.054028829425178,0.04581831516141153,0.002604070948469188,-4.23195104331815e-05,nan,nan,nan,nan
6227,1756792726.3701935,,1756792726.3701935,False,8.050535981638289,0.048228352486087006,-0.0009696664490997953,-0.00012352584561639267,nan,nan,nan,nan
6228,1756792726.380069,,1756792726.380069,False,8.061282996601795,0.06567997266146373,0.02197923163828071,0.0007437944948658989,nan,nan,nan,nan
6229,1756792726.3900855,,1756792726.3900855,False,8.094636608901382,0.05973486116034928,0.017382994720311833,0.0006093377084365945,nan,nan,nan,nan
6230,1756792726.4000676,,1756792726.4000676,False,8.136906467196036,0.06075703168726628,0.007053447554588831,0.00033624066464719857,nan,nan,nan,nan
6231,1756792726.4108977,,1756792726.4108977,False,8.174047979636757,0.0567900807161781,0.001729941895256856,0.00036511223242237183,nan,nan,nan,nan
6232,1756792726.420108,,1756792726.420108,False,8.228924002861106,0.07026883027638935,-0.007551486301930595,0.000584400093740494,nan,nan,nan,nan
6233,1756792726.4300332,,1756792726.4300332,False,8.197800346438466,0.05723225256871476,-0.009449393406728868,0.0004075304020753026,nan,nan,nan,nan
6234,1756792726.4401138,,1756792726.4401138,False,8.217777597580563,0.05171599917202643,-0.008673456162965807,0.00035675602859862554,nan,nan,nan,nan
6235,1756792726.4500446,,1756792726.4500446,False,8.24714675973684,0.056529052172944474,-0.007887903467233578,0.0006354112614827729,nan,nan,nan,nan
6236,1756792726.4600382,,1756792726.4600382,False,8.27462975878784,0.0505898968740007,-0.014329761815877425,0.00020751071254961656,nan,nan,nan,nan
6237,1756792726.4700553,,1756792726.4700553,False,8.28172748665335,0.04409522245668207,-0.01752594005329242,-0.00024405350849727048,nan,nan,nan,nan
6238,1756792726.4800384,,1756792726.4800384,False,8.368865818160664,0.03794546906394376,-0.014610978046415419,-0.00028282680719226243,nan,nan,nan,nan
6239,1756792726.4900305,,1756792726.4900305,False,8.413204734946586,0.03290085898757818,-0.016880819932709304,-0.0007214222616508218,nan,nan,nan,nan
6240,1756792726.5000422,,1756792726.5000422,False,8.44883922570619,0.02311232705346918,-0.020755576422856397,-0.0010315770231423015,nan,nan,nan,nan
6241,1756792726.510029,,1756792726.510029,False,8.432996267366873,0.016103343053339693,-0.02093601799368753,-0.0010811418900643255,nan,nan,nan,nan
6242,1756792726.5200546,,1756792726.5200546,False,8.49189022397046,-0.003796089343037628,-0.019109440712093605,-0.0006823645173778574,nan,nan,nan,nan
6243,1756792726.5300481,,1756792726.5300481,False,8.52795179356227,-0.0023526307030078053,-0.019803221472368734,-0.0015293380689148448,nan,nan,nan,nan
6244,1756792726.5400505,,1756792726.5400505,False,8.59603233437275,-0.018735772187161666,-0.018232037654659687,-0.0007152292533188973,nan,nan,nan,nan
6245,1756792726.550006,,1756792726.550006,False,8.643331922429422,-0.007519676136572787,-0.013070596681819553,-0.0009733371428798372,nan,nan,nan,nan
6246,1756792726.5601342,,1756792726.5601342,False,8.617267134090714,0.0016488726810813597,-0.013522342296800105,-0.0008805639629029373,nan,nan,nan,nan
6247,1756792726.570236,,1756792726.570236,False,8.670071752568589,-0.002285392294642335,-0.005440132902775071,-0.0005331536524906239,nan,nan,nan,nan
6248,1756792726.5800588,,1756792726.5800588,False,8.717490174508326,-0.0028101816007616597,-0.004069616547567696,-4.0402491490283887e-05,nan,nan,nan,nan
6249,1756792726.5900338,,1756792726.5900338,False,8.700556597424555,0.003072970077327153,-0.016385484765654386,-0.0002992638057539126,nan,nan,nan,nan
6250,1756792726.6000502,,1756792726.6000502,False,8.753383678155325,-0.011790122742484366,-0.01247568101364855,0.0007253235739808674,nan,nan,nan,nan
6251,1756792726.6101305,,1756792726.6101305,False,8.79900534281345,0.0071327519346022035,-0.00993333140575132,-1.0418609082727065e-05,nan,nan,nan,nan
6252,1756792726.620027,,1756792726.620027,False,8.818905331522343,0.004799446196983598,-0.014698401776566894,0.00033558268857366224,nan,nan,nan,nan
6253,1756792726.6300461,,1756792726.6300461,False,8.845884955670499,0.016840007962452632,-0.012956703014827556,0.0005003883674990011,nan,nan,nan,nan
6237,1756792726.4700553,,1756792726.4700553,False,8.28172748665335,0.04409522245668207,-0.01752594005329242,-0.00024405350849727048,nan,nan,nan,nan
6238,1756792726.4800384,,1756792726.4800384,False,8.368865818160664,0.03794546906394376,-0.014610978046415419,-0.00028282680719226243,nan,nan,nan,nan
6239,1756792726.4900305,,1756792726.4900305,False,8.413204734946586,0.03290085898757818,-0.016880819932709304,-0.0007214222616508218,nan,nan,nan,nan
6240,1756792726.5000422,,1756792726.5000422,False,8.44883922570619,0.02311232705346918,-0.020755576422856397,-0.0010315770231423015,nan,nan,nan,nan
6241,1756792726.510029,,1756792726.510029,False,8.432996267366873,0.016103343053339693,-0.02093601799368753,-0.0010811418900643255,nan,nan,nan,nan
6242,1756792726.5200546,,1756792726.5200546,False,8.49189022397046,-0.003796089343037628,-0.019109440712093605,-0.0006823645173778574,nan,nan,nan,nan
6243,1756792726.5300481,,1756792726.5300481,False,8.52795179356227,-0.0023526307030078053,-0.019803221472368734,-0.0015293380689148448,nan,nan,nan,nan
6244,1756792726.5400505,,1756792726.5400505,False,8.59603233437275,-0.018735772187161666,-0.018232037654659687,-0.0007152292533188973,nan,nan,nan,nan
6245,1756792726.550006,,1756792726.550006,False,8.643331922429422,-0.007519676136572787,-0.013070596681819553,-0.0009733371428798372,nan,nan,nan,nan
6246,1756792726.5601342,,1756792726.5601342,False,8.617267134090714,0.0016488726810813597,-0.013522342296800105,-0.0008805639629029373,nan,nan,nan,nan
6247,1756792726.570236,,1756792726.570236,False,8.670071752568589,-0.002285392294642335,-0.005440132902775071,-0.0005331536524906239,nan,nan,nan,nan
6248,1756792726.5800588,,1756792726.5800588,False,8.717490174508326,-0.0028101816007616597,-0.004069616547567696,-4.0402491490283887e-05,nan,nan,nan,nan
6249,1756792726.5900338,,1756792726.5900338,False,8.700556597424555,0.003072970077327153,-0.016385484765654386,-0.0002992638057539126,nan,nan,nan,nan
6250,1756792726.6000502,,1756792726.6000502,False,8.753383678155325,-0.011790122742484366,-0.01247568101364855,0.0007253235739808674,nan,nan,nan,nan
6251,1756792726.6101305,,1756792726.6101305,False,8.79900534281345,0.0071327519346022035,-0.00993333140575132,-1.0418609082727065e-05,nan,nan,nan,nan
6252,1756792726.620027,,1756792726.620027,False,8.818905331522343,0.004799446196983598,-0.014698401776566894,0.00033558268857366224,nan,nan,nan,nan
6253,1756792726.6300461,,1756792726.6300461,False,8.845884955670499,0.016840007962452632,-0.012956703014827556,0.0005003883674990011,nan,nan,nan,nan
6237,1756792726.4700553,,1756792726.4700553,False,8.28172748665335,0.04409522245668207,-0.01752594005329242,-0.00024405350849727048,nan,nan,nan,nan
6238,1756792726.4800384,,1756792726.4800384,False,8.368865818160664,0.03794546906394376,-0.014610978046415419,-0.00028282680719226243,nan,nan,nan,nan
6239,1756792726.4900305,,1756792726.4900305,False,8.413204734946586,0.03290085898757818,-0.016880819932709304,-0.0007214222616508218,nan,nan,nan,nan
6240,1756792726.5000422,,1756792726.5000422,False,8.44883922570619,0.02311232705346918,-0.020755576422856397,-0.0010315770231423015,nan,nan,nan,nan
6241,1756792726.510029,,1756792726.510029,False,8.432996267366873,0.016103343053339693,-0.02093601799368753,-0.0010811418900643255,nan,nan,nan,nan
6242,1756792726.5200546,,1756792726.5200546,False,8.49189022397046,-0.003796089343037628,-0.019109440712093605,-0.0006823645173778574,nan,nan,nan,nan
6243,1756792726.5300481,,1756792726.5300481,False,8.52795179356227,-0.0023526307030078053,-0.019803221472368734,-0.0015293380689148448,nan,nan,nan,nan
6244,1756792726.5400505,,1756792726.5400505,False,8.59603233437275,-0.018735772187161666,-0.018232037654659687,-0.0007152292533188973,nan,nan,nan,nan
6245,1756792726.550006,,1756792726.550006,False,8.643331922429422,-0.007519676136572787,-0.013070596681819553,-0.0009733371428798372,nan,nan,nan,nan
6246,1756792726.5601342,,1756792726.5601342,False,8.617267134090714,0.0016488726810813597,-0.013522342296800105,-0.0008805639629029373,nan,nan,nan,nan
6247,1756792726.570236,,1756792726.570236,False,8.670071752568589,-0.002285392294642335,-0.005440132902775071,-0.0005331536524906239,nan,nan,nan,nan
6248,1756792726.5800588,,1756792726.5800588,False,8.717490174508326,-0.0028101816007616597,-0.004069616547567696,-4.0402491490283887e-05,nan,nan,nan,nan
6249,1756792726.5900338,,1756792726.5900338,False,8.700556597424555,0.003072970077327153,-0.016385484765654386,-0.0002992638057539126,nan,nan,nan,nan
6250,1756792726.6000502,,1756792726.6000502,False,8.753383678155325,-0.011790122742484366,-0.01247568101364855,0.0007253235739808674,nan,nan,nan,nan
6251,1756792726.6101305,,1756792726.6101305,False,8.79900534281345,0.0071327519346022035,-0.00993333140575132,-1.0418609082727065e-05,nan,nan,nan,nan
6252,1756792726.620027,,1756792726.620027,False,8.818905331522343,0.004799446196983598,-0.014698401776566894,0.00033558268857366224,nan,nan,nan,nan
6253,1756792726.6300461,,1756792726.6300461,False,8.845884955670499,0.016840007962452632,-0.012956703014827556,0.0005003883674990011,nan,nan,nan,nan
6254,1756792726.6400263,,1756792726.6400263,False,8.92835083529493,0.021424258207744774,-0.006450478612160577,0.0005181702095504624,nan,nan,nan,nan
6255,1756792726.6500342,,1756792726.6500342,False,8.97723102340547,0.028097459736695935,-0.01083750655885587,0.0006176555493121097,nan,nan,nan,nan
6256,1756792726.6603892,,1756792726.6603892,False,8.985352836820532,0.028218312479648986,-0.008733522815361341,0.001002630208688342,nan,nan,nan,nan
6257,1756792726.6700292,,1756792726.6700292,False,9.080921193346924,0.029994194183207364,-0.006659383143621649,0.0007496952266815089,nan,nan,nan,nan
6258,1756792726.6800342,,1756792726.6800342,False,9.0872680367793,0.028903836038320245,0.0016011842000300419,0.0016625599573178657,nan,nan,nan,nan
6259,1756792726.6900768,,1756792726.6900768,False,9.134367376633787,0.026360037092605655,-0.0001406450289983944,0.0010366869992480166,nan,nan,nan,nan
6260,1756792726.7000287,,1756792726.7000287,False,9.214586657987045,0.027837136989753306,0.008801406150959463,0.0006256576617182044,nan,nan,nan,nan
6261,1756792726.7101552,,1756792726.7101552,False,9.262196484565221,0.025945707964592744,0.012854802822516121,0.0014789044267829782,nan,nan,nan,nan
6262,1756792726.720042,,1756792726.720042,False,9.320245877585743,0.03200053211613392,0.011519645185097306,0.0005869213540818123,nan,nan,nan,nan
6263,1756792726.7300396,,1756792726.7300396,False,9.33353001508021,0.026975900406295574,0.00889901944059235,0.0015434011036995557,nan,nan,nan,nan
6264,1756792726.7400362,,1756792726.7400362,False,9.385223765467696,0.018700084400186338,0.017645293986345578,0.0020920507446620233,nan,nan,nan,nan
6265,1756792726.750043,,1756792726.750043,False,9.428257091206905,0.02131439619980145,0.028884157807110906,0.002483634164009089,nan,nan,nan,nan
6266,1756792726.7600079,,1756792726.7600079,False,9.488907333536476,0.021709900835037748,0.030872008792963555,0.0021612720075323087,nan,nan,nan,nan
6267,1756792726.77005,,1756792726.77005,False,9.455200356574622,0.031663395906683114,0.03772041116396602,0.0029029199730063546,nan,nan,nan,nan
6268,1756792726.7800329,,1756792726.7800329,False,9.537718282928992,0.03535810692249071,0.04423655824180751,0.0027718832872292974,nan,nan,nan,nan
6269,1756792726.7900455,,1756792726.7900455,False,9.635019885045754,0.04023480132035428,0.03777255535374202,0.0026128649928719894,nan,nan,nan,nan
6270,1756792726.800031,,1756792726.800031,False,9.703112338802864,0.04694628671650461,0.029831681602416102,0.002596577461636848,nan,nan,nan,nan
6271,1756792726.8100305,,1756792726.8100305,False,9.732848900420297,0.05079766754623883,0.030879375293708877,0.0024565434331320964,nan,nan,nan,nan
6272,1756792726.8200226,,1756792726.8200226,False,9.790489406707653,0.04633439584929408,0.03796552983605914,0.0033344016746738726,nan,nan,nan,nan
6273,1756792726.8300455,,1756792726.8300455,False,9.74558687970682,0.05127081255612961,0.042902807022333914,0.003389820067922168,nan,nan,nan,nan
6274,1756792726.8400388,,1756792726.8400388,False,9.801386140222716,0.05599530401103928,0.04233523947520887,0.003465786150934906,nan,nan,nan,nan
6275,1756792726.8507512,,1756792726.8507512,False,9.858262531129625,0.05300287016132981,0.03882513648048945,0.0035986834374974004,nan,nan,nan,nan
6276,1756792726.860047,,1756792726.860047,False,9.927278498274593,0.04843482818017978,0.03122472833153059,0.004628610335439738,nan,nan,nan,nan
6277,1756792726.870076,,1756792726.870076,False,9.981286400965706,0.0530411544016087,0.031077312468061113,0.003962466340787641,nan,nan,nan,nan
6278,1756792726.8800771,,1756792726.8800771,False,10.019754422729285,0.046322038185597915,0.02869371808536037,0.004359059146180256,nan,nan,nan,nan
6279,1756792726.8900356,,1756792726.8900356,False,10.039650985384348,0.03284703252232013,0.030749496244069714,0.0044805211877534095,nan,nan,nan,nan
6280,1756792726.900046,,1756792726.900046,False,10.094201053803863,0.025350730224000455,0.030384177250361733,0.004501720238107286,nan,nan,nan,nan
6281,1756792726.9100337,,1756792726.9100337,False,10.076570207524103,0.028022410014257773,0.03058668159315391,0.003880987977582693,nan,nan,nan,nan
6282,1756792726.9202404,,1756792726.9202404,False,10.12125980297615,0.014623602698477832,0.024405916316157603,0.004380331260487306,nan,nan,nan,nan
6283,1756792726.9300282,,1756792726.9300282,False,10.165580834982912,0.013686556652623203,0.019380327989417304,0.004193430137685303,nan,nan,nan,nan
6284,1756792726.9400313,,1756792726.9400313,False,10.214228284114744,0.004924013617282954,0.01585467443686445,0.004026288663480559,nan,nan,nan,nan
6285,1756792726.9501624,,1756792726.9501624,False,10.254798385469025,0.011958440713199665,0.020359164460151787,0.004338398401677125,nan,nan,nan,nan
6286,1756792726.960043,,1756792726.960043,False,10.277138549651871,0.006008534227716684,0.018334847238733305,0.0036618780551812852,nan,nan,nan,nan
6287,1756792726.9700458,,1756792726.9700458,False,10.29074392579786,0.005004313292284485,0.019101862551833586,0.0032528783691391145,nan,nan,nan,nan
6288,1756792726.9800315,,1756792726.9800315,False,10.289572438389044,0.01202404983334372,0.023845959109642954,0.002130571222168464,nan,nan,nan,nan
6289,1756792726.9900334,,1756792726.9900334,False,10.301582579285842,0.014236456235855862,0.028504385680813343,0.0019956582909370873,nan,nan,nan,nan
6290,1756792727.000032,,1756792727.000032,False,10.352838434872824,0.01884611529428087,0.03350532336136372,0.0016222732618143643,nan,nan,nan,nan
6291,1756792727.0102422,,1756792727.0102422,False,10.33935453004901,0.02935494753910095,0.03850895822889886,0.00013986763264521118,nan,nan,nan,nan
6292,1756792727.0200164,,1756792727.0200164,False,10.308763161029955,0.04268640101672687,0.048010535036353774,-0.0003756898850129057,nan,nan,nan,nan
6293,1756792727.0300565,,1756792727.0300565,False,10.288032609262006,0.06692007998905608,0.06301034667910803,-0.0007078550588758687,nan,nan,nan,nan
6294,1756792727.0400295,,1756792727.0400295,False,10.26349514222241,0.06292765921610025,0.06159093899566008,-0.0021212363777116934,nan,nan,nan,nan
6295,1756792727.0500906,,1756792727.0500906,False,10.272460404011706,0.07853211373708578,0.06717981617242287,-0.002173568613107003,nan,nan,nan,nan
6296,1756792727.0600379,,1756792727.0600379,False,10.281656634497292,0.08665687593767303,0.07350690226924281,-0.003628048202263323,nan,nan,nan,nan
6297,1756792727.070386,,1756792727.070386,False,10.277826246720757,0.07986872788322563,0.07847750842052952,-0.003904945659116213,nan,nan,nan,nan
6298,1756792727.0800412,,1756792727.0800412,False,10.291145740301552,0.07166817496582104,0.07346793832471094,-0.004468184428112644,nan,nan,nan,nan
6299,1756792727.09021,,1756792727.09021,False,10.316139061959374,0.07043661920111302,0.06898669557913474,-0.00444466204255751,nan,nan,nan,nan
6300,1756792727.1000352,,1756792727.1000352,False,10.33590705535993,0.08237217305321612,0.06075668260987485,-0.005021101430226396,nan,nan,nan,nan
6301,1756792727.110021,,1756792727.110021,False,10.324509603449288,0.06701626779289799,0.049353733382391275,-0.0052419822661234185,nan,nan,nan,nan
6302,1756792727.1200037,,1756792727.1200037,False,10.345027494545688,0.050798978719804336,0.037682274318177764,-0.0055374280371994905,nan,nan,nan,nan
6303,1756792727.12999,,1756792727.12999,False,10.374981986378913,0.040461926043359936,0.029290115417633423,-0.005502506598982746,nan,nan,nan,nan
6304,1756792727.1400213,,1756792727.1400213,False,10.415812935415511,0.0039326518917926125,0.011375051289856037,-0.006029795499557428,nan,nan,nan,nan
6305,1756792727.1500638,,1756792727.1500638,False,10.421380725936984,-0.02635751943377251,-0.007458384717678468,-0.00664701145858419,nan,nan,nan,nan
6306,1756792727.1600196,,1756792727.1600196,False,10.403841501345955,-0.04593077669641738,-0.019419035524312935,-0.007176397438281791,nan,nan,nan,nan
6307,1756792727.1699975,,1756792727.1699975,False,10.407900365456246,-0.06188981958749315,-0.03011130989368782,-0.007020983956590837,nan,nan,nan,nan
6308,1756792727.1800003,,1756792727.1800003,False,10.345514074630023,-0.07175795944931312,-0.03957336673229135,-0.007431501084730488,nan,nan,nan,nan
6309,1756792727.190008,,1756792727.190008,False,10.326721002526694,-0.0735887058449616,-0.05672610826951307,-0.00883687318131496,nan,nan,nan,nan
6310,1756792727.1999977,,1756792727.1999977,False,10.286944383019646,-0.07350646691420189,-0.07080643544399651,-0.008358119582176195,nan,nan,nan,nan
6311,1756792727.2102978,,1756792727.2102978,False,10.21667630084071,-0.08502352332231125,-0.07205411642146774,-0.007322971970904993,nan,nan,nan,nan
6312,1756792727.2200408,,1756792727.2200408,False,10.198086990121634,-0.0801942427365504,-0.08117591819428376,-0.007987393092906168,nan,nan,nan,nan
6313,1756792727.2300549,,1756792727.2300549,False,10.155799340174353,-0.06350015958394083,-0.08689062446763017,-0.008909961832470975,nan,nan,nan,nan
6314,1756792727.2400146,,1756792727.2400146,False,10.108693561107357,-0.05195776222515379,-0.08531308010416487,-0.00788729252934567,nan,nan,nan,nan
6315,1756792727.2500694,,1756792727.2500694,False,10.07563503877517,-0.03605039218608759,-0.07342666893795038,-0.007986977770741348,nan,nan,nan,nan
6316,1756792727.2599993,,1756792727.2599993,False,10.032007625342505,-0.022598563768473634,-0.06271975430682762,-0.007695315467954928,nan,nan,nan,nan
6317,1756792727.2700303,,1756792727.2700303,False,9.96585136416601,0.006765821834501073,-0.05492511865959595,-0.007773207936225849,nan,nan,nan,nan
6318,1756792727.2800004,,1756792727.2800004,False,9.902817158372338,0.006762663455019654,-0.02791130695217761,-0.007559894171892058,nan,nan,nan,nan
6319,1756792727.290018,,1756792727.290018,False,9.821951931726005,0.00688167983142064,-0.01861904886534674,-0.00804184020306161,nan,nan,nan,nan
6320,1756792727.3000333,,1756792727.3000333,False,9.787313435430097,-0.012734545288365755,-0.010348373089018361,-0.007885636274003734,nan,nan,nan,nan
6321,1756792727.3100371,,1756792727.3100371,False,9.709860802974838,-0.01700959723141944,-0.0012316581390716473,-0.006458097782529717,nan,nan,nan,nan
6322,1756792727.3200269,,1756792727.3200269,False,9.685997622738881,-0.007661253886261153,0.004992412673781704,-0.005661302075541944,nan,nan,nan,nan
6323,1756792727.3300343,,1756792727.3300343,False,9.644258848253898,-0.014408708578797988,0.014014071886792904,-0.0058232263225291535,nan,nan,nan,nan
6324,1756792727.3400269,,1756792727.3400269,False,9.590680544298744,-0.021449701628548437,0.01618623505974103,-0.004761962185146339,nan,nan,nan,nan
6325,1756792727.3500319,,1756792727.3500319,False,9.560008578265915,-0.034434292758946515,0.020391181367071354,-0.0041305484718457,nan,nan,nan,nan
6326,1756792727.3600879,,1756792727.3600879,False,9.516104405099174,-0.06223737341931417,0.019491460802524365,-0.003958397799205329,nan,nan,nan,nan
6327,1756792727.3700252,,1756792727.3700252,False,9.453767973132175,-0.055002776324394716,0.023232094277573678,-0.0030722927452842695,nan,nan,nan,nan
6328,1756792727.3800156,,1756792727.3800156,False,9.389905335341698,-0.05616002916509685,0.024609116828748993,-0.0031267371127098142,nan,nan,nan,nan
6329,1756792727.3901076,,1756792727.3901076,False,9.337806746572985,-0.040155352617208435,0.010747934365240158,-0.004506560647500477,nan,nan,nan,nan
6330,1756792727.4000926,,1756792727.4000926,False,9.276240282598915,-0.038995832673401294,0.016474751845944918,-0.004011551512546225,nan,nan,nan,nan
6331,1756792727.4114475,,1756792727.4114475,False,9.171971033208306,-0.03319505313397917,0.024291754546641595,-0.005934162044418715,nan,nan,nan,nan
6332,1756792727.4201608,,1756792727.4201608,False,9.046133423512325,-0.016496758824213486,0.02414377372218521,-0.007298447221899745,nan,nan,nan,nan
6333,1756792727.430036,,1756792727.430036,False,8.861724446893303,0.02801504605589041,0.025582720889681897,-0.009523083310350724,nan,nan,nan,nan
6334,1756792727.440293,,1756792727.440293,False,8.553470336098599,0.10410253785220965,0.043844994427500485,-0.011743559581540048,nan,nan,nan,nan
6335,1756792727.450102,,1756792727.450102,False,8.248573318186532,0.13317441600096386,0.05259613725065321,-0.013552215186716936,nan,nan,nan,nan
6336,1756792727.460034,,1756792727.460034,False,7.87404789375747,0.16425654255451588,0.06749673450942105,-0.014159588087281728,nan,nan,nan,nan
6337,1756792727.4700162,,1756792727.4700162,False,7.569923064139053,0.19854912217158488,0.06905157389110773,-0.01543529584363081,nan,nan,nan,nan
6338,1756792727.4800434,,1756792727.4800434,False,7.3743240568353015,0.22471535552419453,0.06471649724774703,-0.016616956355796186,nan,nan,nan,nan
6339,1756792727.4900434,,1756792727.4900434,False,7.282746589355065,0.21239543147011872,0.03956688721984666,-0.01938923911614484,nan,nan,nan,nan
6340,1756792727.5000393,,1756792727.5000393,False,7.229857156093768,0.21443119149253373,0.018742018039364407,-0.02259638704155501,nan,nan,nan,nan
6341,1756792727.5100403,,1756792727.5100403,True,0.0,0.0,0.0,0.0,0.0,0.0,0.0,0.0
6342,1756792727.5202727,,1756792727.5202727,True,0.0,0.0,0.0,0.0,0.0,0.0,0.0,0.0
6343,1756792727.5300336,,1756792727.5300336,True,0.0,0.0,0.0,0.0,0.0,0.0,0.0,0.0
6344,1756792727.5400405,,1756792727.5400405,True,0.0,0.0,0.0,0.0,0.0,0.0,0.0,0.0
6345,1756792727.5500484,,1756792727.5500484,True,0.0,0.0,0.0,0.0,0.0,0.0,0.0,0.0
6346,1756792727.5600288,,1756792727.5600288,True,0.0,0.0,0.0,0.0,0.0,0.0,0.0,0.0
6347,1756792727.5700867,,1756792727.5700867,True,0.0,0.0,0.0,0.0,0.0,0.0,0.0,0.0
6348,1756792727.5800374,,1756792727.5800374,True,0.0,0.0,0.0,0.0,0.0,0.0,0.0,0.0
6349,1756792727.590057,,1756792727.590057,True,0.0,0.0,0.0,0.0,0.0,0.0,0.0,0.0
6350,1756792727.6000488,,1756792727.6000488,True,0.0,0.0,0.0,0.0,0.0,0.0,0.0,0.0
6351,1756792727.6100805,,1756792727.6100805,True,0.0,0.0,0.0,0.0,0.0,0.0,0.0,0.0
6352,1756792727.6200566,,1756792727.6200566,True,0.0,0.0,0.0,0.0,0.0,0.0,0.0,0.0
6353,1756792727.630112,,1756792727.630112,True,0.0,0.0,0.0,0.0,0.0,0.0,0.0,0.0
6354,1756792727.6400332,,1756792727.6400332,True,0.0,0.0,0.0,0.0,0.0,0.0,0.0,0.0
6355,1756792727.6500587,,1756792727.6500587,True,0.0,0.0,0.0,0.0,0.0,0.0,0.0,0.0
6356,1756792727.660027,,1756792727.660027,True,0.0,0.0,0.0,0.0,0.0,0.0,0.0,0.0
6357,1756792727.67003,,1756792727.67003,True,0.0,0.0,0.0,0.0,0.0,0.0,0.0,0.0
6358,1756792727.680031,,1756792727.680031,True,0.0,0.0,0.0,0.0,0.0,0.0,0.0,0.0
6359,1756792727.6900342,,1756792727.6900342,True,0.0,0.0,0.0,0.0,0.0,0.0,0.0,0.0
6360,1756792727.700115,,1756792727.700115,True,0.0,0.0,0.0,0.0,0.0,0.0,0.0,0.0
6361,1756792727.71013,,1756792727.71013,True,0.0,0.0,0.0,0.0,0.0,0.0,0.0,0.0
6362,1756792727.7200558,,1756792727.7200558,True,0.0,0.0,0.0,0.0,0.0,0.0,0.0,0.0
6363,1756792727.730024,,1756792727.730024,True,0.0,0.0,0.0,0.0,0.0,0.0,0.0,0.0
6364,1756792727.7400193,,1756792727.7400193,True,0.0,0.0,0.0,0.0,0.0,0.0,0.0,0.0
6365,1756792727.7500331,,1756792727.7500331,True,0.0,0.0,0.0,0.0,0.0,0.0,0.0,0.0
6366,1756792727.760041,,1756792727.760041,True,0.0,0.0,0.0,0.0,0.0,0.0,0.0,0.0
6367,1756792727.7700114,,1756792727.7700114,True,0.0,0.0,0.0,0.0,0.0,0.0,0.0,0.0
6368,1756792727.7800355,,1756792727.7800355,True,0.0,0.0,0.0,0.0,0.0,0.0,0.0,0.0
6369,1756792727.7900264,,1756792727.7900264,True,0.0,0.0,0.0,0.0,0.0,0.0,0.0,0.0
6370,1756792727.8000624,,1756792727.8000624,True,0.0,0.0,0.0,0.0,0.0,0.0,0.0,0.0
6371,1756792727.8100412,,1756792727.8100412,True,0.0,0.0,0.0,0.0,0.0,0.0,0.0,0.0
6372,1756792727.8200278,,1756792727.8200278,True,0.0,0.0,0.0,0.0,0.0,0.0,0.0,0.0
6373,1756792727.8300114,,1756792727.8300114,True,0.0,0.0,0.0,0.0,0.0,0.0,0.0,0.0
6374,1756792727.840246,,1756792727.840246,True,0.0,0.0,0.0,0.0,0.0,0.0,0.0,0.0
6375,1756792727.850051,,1756792727.850051,True,0.0,0.0,0.0,0.0,0.0,0.0,0.0,0.0
6376,1756792727.8600464,,1756792727.8600464,True,0.0,0.0,0.0,0.0,0.0,0.0,0.0,0.0
6377,1756792727.8701265,,1756792727.8701265,True,0.0,0.0,0.0,0.0,0.0,0.0,0.0,0.0
6378,1756792727.880031,,1756792727.880031,True,0.0,0.0,0.0,0.0,0.0,0.0,0.0,0.0
6379,1756792727.890036,,1756792727.890036,True,0.0,0.0,0.0,0.0,0.0,0.0,0.0,0.0
6380,1756792727.90006,,1756792727.90006,True,0.0,0.0,0.0,0.0,0.0,0.0,0.0,0.0
6381,1756792727.910042,,1756792727.910042,True,0.0,0.0,0.0,0.0,0.0,0.0,0.0,0.0
6382,1756792727.9200368,,1756792727.9200368,True,0.0,0.0,0.0,0.0,0.0,0.0,0.0,0.0
6383,1756792727.9300423,,1756792727.9300423,True,0.0,0.0,0.0,0.0,0.0,0.0,0.0,0.0
6384,1756792727.9400635,,1756792727.9400635,True,0.0,0.0,0.0,0.0,0.0,0.0,0.0,0.0
6385,1756792727.95006,,1756792727.95006,True,0.0,0.0,0.0,0.0,0.0,0.0,0.0,0.0
6386,1756792727.9600153,,1756792727.9600153,True,0.0,0.0,0.0,0.0,0.0,0.0,0.0,0.0
6387,1756792727.970022,,1756792727.970022,True,0.0,0.0,0.0,0.0,0.0,0.0,0.0,0.0
6388,1756792727.9800344,,1756792727.9800344,True,0.0,0.0,0.0,0.0,0.0,0.0,0.0,0.0
6389,1756792727.9900126,,1756792727.9900126,True,0.0,0.0,0.0,0.0,0.0,0.0,0.0,0.0
6390,1756792728.000051,,1756792728.000051,True,0.0,0.0,0.0,0.0,0.0,0.0,0.0,0.0
6391,1756792728.0100245,,1756792728.0100245,True,0.0,0.0,0.0,0.0,0.0,0.0,0.0,0.0
6392,1756792728.0201294,,1756792728.0201294,True,0.0,0.0,0.0,0.0,0.0,0.0,0.0,0.0
6393,1756792728.0300596,,1756792728.0300596,True,0.0,0.0,0.0,0.0,0.0,0.0,0.0,0.0
6394,1756792728.040021,,1756792728.040021,True,0.0,0.0,0.0,0.0,0.0,0.0,0.0,0.0
6395,1756792728.0500164,,1756792728.0500164,True,0.0,0.0,0.0,0.0,0.0,0.0,0.0,0.0
6396,1756792728.06005,,1756792728.06005,True,0.0,0.0,0.0,0.0,0.0,0.0,0.0,0.0
6397,1756792728.070027,,1756792728.070027,True,0.0,0.0,0.0,0.0,0.0,0.0,0.0,0.0
6398,1756792728.0800388,,1756792728.0800388,True,0.0,0.0,0.0,0.0,0.0,0.0,0.0,0.0
6399,1756792728.0900671,,1756792728.0900671,True,0.0,0.0,0.0,0.0,0.0,0.0,0.0,0.0
6327,1756792727.3700252,,1756792727.3700252,False,9.453767973132175,-0.055002776324394716,0.023232094277573678,-0.0030722927452842695,nan,nan,nan,nan
6328,1756792727.3800156,,1756792727.3800156,False,9.389905335341698,-0.05616002916509685,0.024609116828748993,-0.0031267371127098142,nan,nan,nan,nan
6329,1756792727.3901076,,1756792727.3901076,False,9.337806746572985,-0.040155352617208435,0.010747934365240158,-0.004506560647500477,nan,nan,nan,nan
6330,1756792727.4000926,,1756792727.4000926,False,9.276240282598915,-0.038995832673401294,0.016474751845944918,-0.004011551512546225,nan,nan,nan,nan
6331,1756792727.4114475,,1756792727.4114475,False,9.171971033208306,-0.03319505313397917,0.024291754546641595,-0.005934162044418715,nan,nan,nan,nan
6332,1756792727.4201608,,1756792727.4201608,False,9.046133423512325,-0.016496758824213486,0.02414377372218521,-0.007298447221899745,nan,nan,nan,nan
6333,1756792727.430036,,1756792727.430036,False,8.861724446893303,0.02801504605589041,0.025582720889681897,-0.009523083310350724,nan,nan,nan,nan
6334,1756792727.440293,,1756792727.440293,False,8.553470336098599,0.10410253785220965,0.043844994427500485,-0.011743559581540048,nan,nan,nan,nan
6335,1756792727.450102,,1756792727.450102,False,8.248573318186532,0.13317441600096386,0.05259613725065321,-0.013552215186716936,nan,nan,nan,nan
6336,1756792727.460034,,1756792727.460034,False,7.87404789375747,0.16425654255451588,0.06749673450942105,-0.014159588087281728,nan,nan,nan,nan
6337,1756792727.4700162,,1756792727.4700162,False,7.569923064139053,0.19854912217158488,0.06905157389110773,-0.01543529584363081,nan,nan,nan,nan
6338,1756792727.4800434,,1756792727.4800434,False,7.3743240568353015,0.22471535552419453,0.06471649724774703,-0.016616956355796186,nan,nan,nan,nan
6339,1756792727.4900434,,1756792727.4900434,False,7.282746589355065,0.21239543147011872,0.03956688721984666,-0.01938923911614484,nan,nan,nan,nan
6340,1756792727.5000393,,1756792727.5000393,False,7.229857156093768,0.21443119149253373,0.018742018039364407,-0.02259638704155501,nan,nan,nan,nan
6341,1756792727.5100403,,1756792727.5100403,True,0.0,0.0,0.0,0.0,0.0,0.0,0.0,0.0
6342,1756792727.5202727,,1756792727.5202727,True,0.0,0.0,0.0,0.0,0.0,0.0,0.0,0.0
6343,1756792727.5300336,,1756792727.5300336,True,0.0,0.0,0.0,0.0,0.0,0.0,0.0,0.0
6344,1756792727.5400405,,1756792727.5400405,True,0.0,0.0,0.0,0.0,0.0,0.0,0.0,0.0
6345,1756792727.5500484,,1756792727.5500484,True,0.0,0.0,0.0,0.0,0.0,0.0,0.0,0.0
6346,1756792727.5600288,,1756792727.5600288,True,0.0,0.0,0.0,0.0,0.0,0.0,0.0,0.0
6347,1756792727.5700867,,1756792727.5700867,True,0.0,0.0,0.0,0.0,0.0,0.0,0.0,0.0
6348,1756792727.5800374,,1756792727.5800374,True,0.0,0.0,0.0,0.0,0.0,0.0,0.0,0.0
6349,1756792727.590057,,1756792727.590057,True,0.0,0.0,0.0,0.0,0.0,0.0,0.0,0.0
6350,1756792727.6000488,,1756792727.6000488,True,0.0,0.0,0.0,0.0,0.0,0.0,0.0,0.0
6351,1756792727.6100805,,1756792727.6100805,True,0.0,0.0,0.0,0.0,0.0,0.0,0.0,0.0
6352,1756792727.6200566,,1756792727.6200566,True,0.0,0.0,0.0,0.0,0.0,0.0,0.0,0.0
6353,1756792727.630112,,1756792727.630112,True,0.0,0.0,0.0,0.0,0.0,0.0,0.0,0.0
6354,1756792727.6400332,,1756792727.6400332,True,0.0,0.0,0.0,0.0,0.0,0.0,0.0,0.0
6355,1756792727.6500587,,1756792727.6500587,True,0.0,0.0,0.0,0.0,0.0,0.0,0.0,0.0
6356,1756792727.660027,,1756792727.660027,True,0.0,0.0,0.0,0.0,0.0,0.0,0.0,0.0
6357,1756792727.67003,,1756792727.67003,True,0.0,0.0,0.0,0.0,0.0,0.0,0.0,0.0
6358,1756792727.680031,,1756792727.680031,True,0.0,0.0,0.0,0.0,0.0,0.0,0.0,0.0
6359,1756792727.6900342,,1756792727.6900342,True,0.0,0.0,0.0,0.0,0.0,0.0,0.0,0.0
6360,1756792727.700115,,1756792727.700115,True,0.0,0.0,0.0,0.0,0.0,0.0,0.0,0.0
6361,1756792727.71013,,1756792727.71013,True,0.0,0.0,0.0,0.0,0.0,0.0,0.0,0.0
6362,1756792727.7200558,,1756792727.7200558,True,0.0,0.0,0.0,0.0,0.0,0.0,0.0,0.0
6363,1756792727.730024,,1756792727.730024,True,0.0,0.0,0.0,0.0,0.0,0.0,0.0,0.0
6364,1756792727.7400193,,1756792727.7400193,True,0.0,0.0,0.0,0.0,0.0,0.0,0.0,0.0
6365,1756792727.7500331,,1756792727.7500331,True,0.0,0.0,0.0,0.0,0.0,0.0,0.0,0.0
6366,1756792727.760041,,1756792727.760041,True,0.0,0.0,0.0,0.0,0.0,0.0,0.0,0.0
6367,1756792727.7700114,,1756792727.7700114,True,0.0,0.0,0.0,0.0,0.0,0.0,0.0,0.0
6368,1756792727.7800355,,1756792727.7800355,True,0.0,0.0,0.0,0.0,0.0,0.0,0.0,0.0
6369,1756792727.7900264,,1756792727.7900264,True,0.0,0.0,0.0,0.0,0.0,0.0,0.0,0.0
6370,1756792727.8000624,,1756792727.8000624,True,0.0,0.0,0.0,0.0,0.0,0.0,0.0,0.0
6371,1756792727.8100412,,1756792727.8100412,True,0.0,0.0,0.0,0.0,0.0,0.0,0.0,0.0
6372,1756792727.8200278,,1756792727.8200278,True,0.0,0.0,0.0,0.0,0.0,0.0,0.0,0.0
6373,1756792727.8300114,,1756792727.8300114,True,0.0,0.0,0.0,0.0,0.0,0.0,0.0,0.0
6374,1756792727.840246,,1756792727.840246,True,0.0,0.0,0.0,0.0,0.0,0.0,0.0,0.0
6375,1756792727.850051,,1756792727.850051,True,0.0,0.0,0.0,0.0,0.0,0.0,0.0,0.0
6376,1756792727.8600464,,1756792727.8600464,True,0.0,0.0,0.0,0.0,0.0,0.0,0.0,0.0
6377,1756792727.8701265,,1756792727.8701265,True,0.0,0.0,0.0,0.0,0.0,0.0,0.0,0.0
6378,1756792727.880031,,1756792727.880031,True,0.0,0.0,0.0,0.0,0.0,0.0,0.0,0.0
6379,1756792727.890036,,1756792727.890036,True,0.0,0.0,0.0,0.0,0.0,0.0,0.0,0.0
6380,1756792727.90006,,1756792727.90006,True,0.0,0.0,0.0,0.0,0.0,0.0,0.0,0.0
6381,1756792727.910042,,1756792727.910042,True,0.0,0.0,0.0,0.0,0.0,0.0,0.0,0.0
6382,1756792727.9200368,,1756792727.9200368,True,0.0,0.0,0.0,0.0,0.0,0.0,0.0,0.0
6383,1756792727.9300423,,1756792727.9300423,True,0.0,0.0,0.0,0.0,0.0,0.0,0.0,0.0
6384,1756792727.9400635,,1756792727.9400635,True,0.0,0.0,0.0,0.0,0.0,0.0,0.0,0.0
6385,1756792727.95006,,1756792727.95006,True,0.0,0.0,0.0,0.0,0.0,0.0,0.0,0.0
6386,1756792727.9600153,,1756792727.9600153,True,0.0,0.0,0.0,0.0,0.0,0.0,0.0,0.0
6387,1756792727.970022,,1756792727.970022,True,0.0,0.0,0.0,0.0,0.0,0.0,0.0,0.0
6388,1756792727.9800344,,1756792727.9800344,True,0.0,0.0,0.0,0.0,0.0,0.0,0.0,0.0
6389,1756792727.9900126,,1756792727.9900126,True,0.0,0.0,0.0,0.0,0.0,0.0,0.0,0.0
6390,1756792728.000051,,1756792728.000051,True,0.0,0.0,0.0,0.0,0.0,0.0,0.0,0.0
6391,1756792728.0100245,,1756792728.0100245,True,0.0,0.0,0.0,0.0,0.0,0.0,0.0,0.0
6392,1756792728.0201294,,1756792728.0201294,True,0.0,0.0,0.0,0.0,0.0,0.0,0.0,0.0
6393,1756792728.0300596,,1756792728.0300596,True,0.0,0.0,0.0,0.0,0.0,0.0,0.0,0.0
6394,1756792728.040021,,1756792728.040021,True,0.0,0.0,0.0,0.0,0.0,0.0,0.0,0.0
6395,1756792728.0500164,,1756792728.0500164,True,0.0,0.0,0.0,0.0,0.0,0.0,0.0,0.0
6396,1756792728.06005,,1756792728.06005,True,0.0,0.0,0.0,0.0,0.0,0.0,0.0,0.0
6397,1756792728.070027,,1756792728.070027,True,0.0,0.0,0.0,0.0,0.0,0.0,0.0,0.0
6398,1756792728.0800388,,1756792728.0800388,True,0.0,0.0,0.0,0.0,0.0,0.0,0.0,0.0
6399,1756792728.0900671,,1756792728.0900671,True,0.0,0.0,0.0,0.0,0.0,0.0,0.0,0.0
6401,1756792728.1100297,,1756792728.1100297,True,0.0,0.0,0.0,0.0,0.0,0.0,0.0,0.0
6402,1756792728.120062,,1756792728.120062,True,0.0,0.0,0.0,0.0,0.0,0.0,0.0,0.0
6403,1756792728.1300228,,1756792728.1300228,True,0.0,0.0,0.0,0.0,0.0,0.0,0.0,0.0
6404,1756792728.1400256,,1756792728.1400256,True,0.0,0.0,0.0,0.0,0.0,0.0,0.0,0.0
6405,1756792728.150139,,1756792728.150139,True,0.0,0.0,0.0,0.0,0.0,0.0,0.0,0.0
6406,1756792728.1600244,,1756792728.1600244,True,0.0,0.0,0.0,0.0,0.0,0.0,0.0,0.0
6407,1756792728.170144,,1756792728.170144,True,0.0,0.0,0.0,0.0,0.0,0.0,0.0,0.0
6408,1756792728.1800137,,1756792728.1800137,True,0.0,0.0,0.0,0.0,0.0,0.0,0.0,0.0
6409,1756792728.1900134,,1756792728.1900134,True,0.0,0.0,0.0,0.0,0.0,0.0,0.0,0.0
6410,1756792728.2000108,,1756792728.2000108,True,0.0,0.0,0.0,0.0,0.0,0.0,0.0,0.0
6411,1756792728.2100098,,1756792728.2100098,True,0.0,0.0,0.0,0.0,0.0,0.0,0.0,0.0
6412,1756792728.2201152,,1756792728.2201152,True,0.0,0.0,0.0,0.0,0.0,0.0,0.0,0.0
6413,1756792728.2300017,,1756792728.2300017,True,0.0,0.0,0.0,0.0,0.0,0.0,0.0,0.0
6414,1756792728.240011,,1756792728.240011,True,0.0,0.0,0.0,0.0,0.0,0.0,0.0,0.0
6415,1756792728.2500257,,1756792728.2500257,True,0.0,0.0,0.0,0.0,0.0,0.0,0.0,0.0
6416,1756792728.2600093,,1756792728.2600093,True,0.0,0.0,0.0,0.0,0.0,0.0,0.0,0.0
6417,1756792728.2700098,,1756792728.2700098,True,0.0,0.0,0.0,0.0,0.0,0.0,0.0,0.0
6418,1756792728.2800431,,1756792728.2800431,True,0.0,0.0,0.0,0.0,0.0,0.0,0.0,0.0
6419,1756792728.2900097,,1756792728.2900097,True,0.0,0.0,0.0,0.0,0.0,0.0,0.0,0.0
6420,1756792728.3000267,,1756792728.3000267,True,0.0,0.0,0.0,0.0,0.0,0.0,0.0,0.0
6421,1756792728.3100352,,1756792728.3100352,True,0.0,0.0,0.0,0.0,0.0,0.0,0.0,0.0
6422,1756792728.320194,,1756792728.320194,True,0.0,0.0,0.0,0.0,0.0,0.0,0.0,0.0
6423,1756792728.330057,,1756792728.330057,True,0.0,0.0,0.0,0.0,0.0,0.0,0.0,0.0
6424,1756792728.3400192,,1756792728.3400192,True,0.0,0.0,0.0,0.0,0.0,0.0,0.0,0.0
6425,1756792728.35003,,1756792728.35003,True,0.0,0.0,0.0,0.0,0.0,0.0,0.0,0.0
6426,1756792728.3600194,,1756792728.3600194,True,0.0,0.0,0.0,0.0,0.0,0.0,0.0,0.0
6427,1756792728.3700347,,1756792728.3700347,True,0.0,0.0,0.0,0.0,0.0,0.0,0.0,0.0
6428,1756792728.3800125,,1756792728.3800125,True,0.0,0.0,0.0,0.0,0.0,0.0,0.0,0.0
6429,1756792728.3900137,,1756792728.3900137,True,0.0,0.0,0.0,0.0,0.0,0.0,0.0,0.0
6430,1756792728.4000337,,1756792728.4000337,True,0.0,0.0,0.0,0.0,0.0,0.0,0.0,0.0
6431,1756792728.410011,,1756792728.410011,True,0.0,0.0,0.0,0.0,0.0,0.0,0.0,0.0
6432,1756792728.4200046,,1756792728.4200046,True,0.0,0.0,0.0,0.0,0.0,0.0,0.0,0.0
6433,1756792728.4299889,,1756792728.4299889,True,0.0,0.0,0.0,0.0,0.0,0.0,0.0,0.0
6434,1756792728.4400237,,1756792728.4400237,True,0.0,0.0,0.0,0.0,0.0,0.0,0.0,0.0
6435,1756792728.4500108,,1756792728.4500108,True,0.0,0.0,0.0,0.0,0.0,0.0,0.0,0.0
6436,1756792728.4600086,,1756792728.4600086,True,0.0,0.0,0.0,0.0,0.0,0.0,0.0,0.0
6437,1756792728.47002,,1756792728.47002,True,0.0,0.0,0.0,0.0,0.0,0.0,0.0,0.0
6438,1756792728.4800508,,1756792728.4800508,True,0.0,0.0,0.0,0.0,0.0,0.0,0.0,0.0
6439,1756792728.490018,,1756792728.490018,True,0.0,0.0,0.0,0.0,0.0,0.0,0.0,0.0
6440,1756792728.5000222,,1756792728.5000222,True,0.0,0.0,0.0,0.0,0.0,0.0,0.0,0.0
6441,1756792728.5100083,,1756792728.5100083,True,0.0,0.0,0.0,0.0,0.0,0.0,0.0,0.0
6442,1756792728.5200818,,1756792728.5200818,True,0.0,0.0,0.0,0.0,0.0,0.0,0.0,0.0
6443,1756792728.5300236,,1756792728.5300236,True,0.0,0.0,0.0,0.0,0.0,0.0,0.0,0.0
6444,1756792728.5400271,,1756792728.5400271,True,0.0,0.0,0.0,0.0,0.0,0.0,0.0,0.0
6445,1756792728.5500307,,1756792728.5500307,True,0.0,0.0,0.0,0.0,0.0,0.0,0.0,0.0
6446,1756792728.5600593,,1756792728.5600593,True,0.0,0.0,0.0,0.0,0.0,0.0,0.0,0.0
6447,1756792728.5699978,,1756792728.5699978,True,0.0,0.0,0.0,0.0,0.0,0.0,0.0,0.0
6448,1756792728.5800657,,1756792728.5800657,True,0.0,0.0,0.0,0.0,0.0,0.0,0.0,0.0
6449,1756792728.590042,,1756792728.590042,True,0.0,0.0,0.0,0.0,0.0,0.0,0.0,0.0
6450,1756792728.6000316,,1756792728.6000316,True,0.0,0.0,0.0,0.0,0.0,0.0,0.0,0.0
6451,1756792728.6100338,,1756792728.6100338,True,0.0,0.0,0.0,0.0,0.0,0.0,0.0,0.0
6452,1756792728.6200216,,1756792728.6200216,True,0.0,0.0,0.0,0.0,0.0,0.0,0.0,0.0
6453,1756792728.6300297,,1756792728.6300297,True,0.0,0.0,0.0,0.0,0.0,0.0,0.0,0.0
6454,1756792728.64006,,1756792728.64006,True,0.0,0.0,0.0,0.0,0.0,0.0,0.0,0.0
6455,1756792728.650018,,1756792728.650018,True,0.0,0.0,0.0,0.0,0.0,0.0,0.0,0.0
6456,1756792728.660018,,1756792728.660018,True,0.0,0.0,0.0,0.0,0.0,0.0,0.0,0.0
6457,1756792728.6700273,,1756792728.6700273,True,0.0,0.0,0.0,0.0,0.0,0.0,0.0,0.0
6458,1756792728.6800625,,1756792728.6800625,True,0.0,0.0,0.0,0.0,0.0,0.0,0.0,0.0
6459,1756792728.690013,,1756792728.690013,True,0.0,0.0,0.0,0.0,0.0,0.0,0.0,0.0
6460,1756792728.7000103,,1756792728.7000103,True,0.0,0.0,0.0,0.0,0.0,0.0,0.0,0.0
6461,1756792728.7100337,,1756792728.7100337,True,0.0,0.0,0.0,0.0,0.0,0.0,0.0,0.0
6462,1756792728.7200184,,1756792728.7200184,True,0.0,0.0,0.0,0.0,0.0,0.0,0.0,0.0
6463,1756792728.7300305,,1756792728.7300305,True,0.0,0.0,0.0,0.0,0.0,0.0,0.0,0.0
6464,1756792728.740054,,1756792728.740054,True,0.0,0.0,0.0,0.0,0.0,0.0,0.0,0.0
6465,1756792728.7500174,,1756792728.7500174,True,0.0,0.0,0.0,0.0,0.0,0.0,0.0,0.0
6466,1756792728.7600107,,1756792728.7600107,True,0.0,0.0,0.0,0.0,0.0,0.0,0.0,0.0
6467,1756792728.770031,,1756792728.770031,True,0.0,0.0,0.0,0.0,0.0,0.0,0.0,0.0
6468,1756792728.7800293,,1756792728.7800293,True,0.0,0.0,0.0,0.0,0.0,0.0,0.0,0.0
6469,1756792728.7900264,,1756792728.7900264,True,0.0,0.0,0.0,0.0,0.0,0.0,0.0,0.0
6470,1756792728.800058,,1756792728.800058,True,0.0,0.0,0.0,0.0,0.0,0.0,0.0,0.0
6471,1756792728.8100274,,1756792728.8100274,True,0.0,0.0,0.0,0.0,0.0,0.0,0.0,0.0
6472,1756792728.8201597,,1756792728.8201597,True,0.0,0.0,0.0,0.0,0.0,0.0,0.0,0.0
6473,1756792728.8300219,,1756792728.8300219,True,0.0,0.0,0.0,0.0,0.0,0.0,0.0,0.0
6474,1756792728.8400989,,1756792728.8400989,True,0.0,0.0,0.0,0.0,0.0,0.0,0.0,0.0
6475,1756792728.8500457,,1756792728.8500457,True,0.0,0.0,0.0,0.0,0.0,0.0,0.0,0.0
6476,1756792728.8600404,,1756792728.8600404,True,0.0,0.0,0.0,0.0,0.0,0.0,0.0,0.0
6477,1756792728.8700361,,1756792728.8700361,True,0.0,0.0,0.0,0.0,0.0,0.0,0.0,0.0
6478,1756792728.880035,,1756792728.880035,True,0.0,0.0,0.0,0.0,0.0,0.0,0.0,0.0
6479,1756792728.8900275,,1756792728.8900275,True,0.0,0.0,0.0,0.0,0.0,0.0,0.0,0.0
6480,1756792728.900091,,1756792728.900091,True,0.0,0.0,0.0,0.0,0.0,0.0,0.0,0.0
6481,1756792728.9103878,,1756792728.9103878,True,0.0,0.0,0.0,0.0,0.0,0.0,0.0,0.0
6482,1756792728.920026,,1756792728.920026,True,0.0,0.0,0.0,0.0,0.0,0.0,0.0,0.0
6483,1756792728.9300997,,1756792728.9300997,True,0.0,0.0,0.0,0.0,0.0,0.0,0.0,0.0
6484,1756792728.940035,,1756792728.940035,True,0.0,0.0,0.0,0.0,0.0,0.0,0.0,0.0
6485,1756792728.9500344,,1756792728.9500344,True,0.0,0.0,0.0,0.0,0.0,0.0,0.0,0.0
6486,1756792728.960097,,1756792728.960097,True,0.0,0.0,0.0,0.0,0.0,0.0,0.0,0.0
6487,1756792728.9701402,,1756792728.9701402,True,0.0,0.0,0.0,0.0,0.0,0.0,0.0,0.0
6488,1756792728.9801068,,1756792728.9801068,True,0.0,0.0,0.0,0.0,0.0,0.0,0.0,0.0
6489,1756792728.990047,,1756792728.990047,True,0.0,0.0,0.0,0.0,0.0,0.0,0.0,0.0
6490,1756792729.0000217,,1756792729.0000217,True,0.0,0.0,0.0,0.0,0.0,0.0,0.0,0.0
6491,1756792729.010026,,1756792729.010026,True,0.0,0.0,0.0,0.0,0.0,0.0,0.0,0.0
6492,1756792729.0200655,,1756792729.0200655,True,0.0,0.0,0.0,0.0,0.0,0.0,0.0,0.0
6493,1756792729.0300233,,1756792729.0300233,True,0.0,0.0,0.0,0.0,0.0,0.0,0.0,0.0
6494,1756792729.0400403,,1756792729.0400403,True,0.0,0.0,0.0,0.0,0.0,0.0,0.0,0.0
6495,1756792729.050077,,1756792729.050077,True,0.0,0.0,0.0,0.0,0.0,0.0,0.0,0.0
6496,1756792729.0600147,,1756792729.0600147,True,0.0,0.0,0.0,0.0,0.0,0.0,0.0,0.0
6497,1756792729.0704987,,1756792729.0704987,True,0.0,0.0,0.0,0.0,0.0,0.0,0.0,0.0
6498,1756792729.0800261,,1756792729.0800261,True,0.0,0.0,0.0,0.0,0.0,0.0,0.0,0.0
6499,1756792729.0900347,,1756792729.0900347,True,0.0,0.0,0.0,0.0,0.0,0.0,0.0,0.0
6500,1756792729.100027,,1756792729.100027,True,0.0,0.0,0.0,0.0,0.0,0.0,0.0,0.0
6501,1756792729.1100285,,1756792729.1100285,True,0.0,0.0,0.0,0.0,0.0,0.0,0.0,0.0
6502,1756792729.1200974,,1756792729.1200974,True,0.0,0.0,0.0,0.0,0.0,0.0,0.0,0.0
6503,1756792729.1300182,,1756792729.1300182,True,0.0,0.0,0.0,0.0,0.0,0.0,0.0,0.0
6504,1756792729.1400375,,1756792729.1400375,True,0.0,0.0,0.0,0.0,0.0,0.0,0.0,0.0
6505,1756792729.1500273,,1756792729.1500273,True,0.0,0.0,0.0,0.0,0.0,0.0,0.0,0.0
6506,1756792729.160052,,1756792729.160052,True,0.0,0.0,0.0,0.0,0.0,0.0,0.0,0.0
6507,1756792729.17013,,1756792729.17013,True,0.0,0.0,0.0,0.0,0.0,0.0,0.0,0.0
6508,1756792729.1800563,,1756792729.1800563,True,0.0,0.0,0.0,0.0,0.0,0.0,0.0,0.0
