header_seq,header_stamp,header_frame_id,t,pose_position_x,pose_position_y,pose_position_z,pose_orientation_x,pose_orientation_y,pose_orientation_z,pose_orientation_w,velocity_linear_x,velocity_linear_y,velocity_linear_z,velocity_angular_x,velocity_angular_y,velocity_angular_z,acceleration_linear_x,acceleration_linear_y,acceleration_linear_z,acceleration_angular_x,acceleration_angular_y,acceleration_angular_z,acc_bias_x,acc_bias_y,acc_bias_z,gyr_bias_x,gyr_bias_y,gyr_bias_z,jerk_x,jerk_y,jerk_z,snap_x,snap_y,snap_z,motors_len,motors
61406,614.094,world,614.093999999655,-5.254745733099388,0.5089864106869997,1.1444785530726374,1.0864002675585002e-13,2.0521108146282144e-14,-0.7458749558124451,0.6660859931658849,4.2185050989219095e-11,9.386590769697899e-11,-9.980990077192151e-14,1.583698608287527e-13,8.664954728456269e-14,-7.652394258188912e-10,-1.3203877428761211e-12,-1.719155079695574e-12,2.960594732331058e-15,0.0,0.0,0.0,0.0,0.0,0.0,0.0,0.0,0.0,0.0,0.0,0.0,0.0,0.0,0.0,4,"1215.0970773685144,1215.0970773685287,1215.0970773692668,1215.0970773692593"
61407,614.106,world,614.1059999996552,-5.254745733098887,0.5089864106881254,1.1444785530726374,1.092621056325184e-13,1.9986879291403662e-14,-0.7458749558155028,0.6660859931624609,4.216909366029489e-11,9.384525828522223e-11,-9.975483370990008e-14,1.1817432139269694e-13,-3.351990834143589e-14,-7.650966213329994e-10,-1.336717144467873e-12,-1.7200030897370022e-12,5.329070518200953e-15,0.0,0.0,0.0,0.0,0.0,0.0,0.0,0.0,0.0,0.0,0.0,0.0,0.0,0.0,0.0,4,"1215.097077368696,1215.0970773685385,1215.097077369127,1215.097077369208"
61408,614.115,world,614.1149999996553,-5.2547457330985115,0.5089864106889698,1.1444785530726374,1.0951787231938333e-13,1.9495967283574988e-14,-0.745874955817796,0.6660859931598929,4.215701369354112e-11,9.382980019361359e-11,-9.971397750259387e-14,1.2505617225678726e-13,-1.2689040832348873e-14,-7.649660265086336e-10,-1.346834494073295e-12,-1.7160813123665873e-12,3.2566542055616396e-15,0.0,0.0,0.0,0.0,0.0,0.0,0.0,0.0,0.0,0.0,0.0,0.0,0.0,0.0,0.0,4,"1215.0970773685897,1215.0970773685353,1215.097077369208,1215.0970773692359"
61409,614.124,world,614.1239999996554,-5.254745733098136,0.5089864106898141,1.1444785530726374,1.1004116293385461e-13,1.9124404006858938e-14,-0.7458749558200887,0.6660859931573258,4.2144833861911756e-11,9.381435799902542e-11,-9.969828635051252e-14,1.5553034845816903e-13,8.559351696213516e-14,-7.648188161096378e-10,-1.359145510578422e-12,-1.7170311258782972e-12,1.480297366165529e-15,0.0,0.0,0.0,0.0,0.0,0.0,0.0,0.0,0.0,0.0,0.0,0.0,0.0,0.0,0.0,4,"1215.0970773685149,1215.0970773685276,1215.0970773692686,1215.0970773692575"
61410,614.136,world,614.1359999996556,-5.254745733097635,0.5089864106909399,1.1444785530726374,1.1063075632085465e-13,1.862307396058046e-14,-0.745874955823145,0.6660859931539033,4.2128415427700215e-11,9.379373406305585e-11,-9.967726612791295e-14,1.0116354365507443e-13,-3.3801368365499463e-14,-7.646759083631417e-10,-1.3746352888742023e-12,-1.717924420206703e-12,5.921189464611629e-16,0.0,0.0,0.0,0.0,0.0,0.0,0.0,0.0,0.0,0.0,0.0,0.0,0.0,0.0,0.0,4,"1215.0970773687045,1215.0970773685292,1215.0970773691354,1215.0970773691997"
61411,614.145,world,614.1449999996557,-5.254745733097259,0.5089864106917842,1.1444785530726374,1.1078729887773844e-13,1.8234114040740465e-14,-0.7458749558254368,0.6660859931513368,4.211600524607238e-11,9.377829379116418e-11,-9.966660798687656e-14,7.522278396948892e-14,-1.5774502425809843e-14,-7.64545273879071e-10,-1.3821265972879389e-12,-1.7141931084618575e-12,-1.1842378929349476e-15,0.0,0.0,0.0,0.0,0.0,0.0,0.0,0.0,0.0,0.0,0.0,0.0,0.0,0.0,0.0,4,"1215.097077368609,1215.0970773685156,1215.0970773692234,1215.0970773692202"
61412,614.154,world,614.1539999996559,-5.254745733096883,0.5089864106926285,1.1444785530726374,1.1106619145350338e-13,1.8096022648440114e-14,-0.7458749558277282,0.666085993148771,4.210353617088002e-11,9.376286746454559e-11,-9.96686804031892e-14,5.247240936338554e-14,7.626538480878615e-14,-7.643980887152431e-10,-1.3880715431806724e-12,-1.7153663807318444e-12,-8.881784197043661e-16,0.0,0.0,0.0,0.0,0.0,0.0,0.0,0.0,0.0,0.0,0.0,0.0,0.0,0.0,0.0,4,"1215.0970773685433,1215.097077368499,1215.0970773692904,1215.0970773692352"
61413,614.166,world,614.165999999656,-5.2547457330963825,0.5089864106937533,1.1444785530726374,1.1100334684001769e-13,1.8191843051691233e-14,-0.745874955830783,0.6660859931453503,4.208687007359404e-11,9.374226197195597e-11,-9.967667400896649e-14,-9.074344988138407e-14,-5.4176689762227565e-14,-7.642552191372196e-10,-1.3866531911763107e-12,-1.7164766847436554e-12,-2.9605947323058146e-16,0.0,0.0,0.0,0.0,0.0,0.0,0.0,0.0,0.0,0.0,0.0,0.0,0.0,0.0,0.0,4,"1215.097077368736,1215.0970773684974,1215.09707736916,1215.0970773691747"
61414,614.175,world,614.1749999996562,-5.254745733096007,0.5089864106945966,1.1444785530726374,1.1040186299849315e-13,1.84877756976847e-14,-0.7458749558330735,0.6660859931427854,4.2074445846898204e-11,9.372683414395617e-11,-9.968792426894935e-14,-1.8333356571310955e-13,-4.371126202197421e-14,-7.64124599205261e-10,-1.3744378014675092e-12,-1.7128618976990557e-12,-1.7763568393961105e-15,0.0,0.0,0.0,0.0,0.0,0.0,0.0,0.0,0.0,0.0,0.0,0.0,0.0,0.0,0.0,4,"1215.0970773686377,1215.0970773684867,1215.0970773692463,1215.097077369197"
61415,614.184,world,614.1839999996563,-5.254745733095631,0.5089864106954399,1.1444785530726374,1.097125119016177e-13,1.922437745466033e-14,-0.7458749558353637,0.6660859931402209,4.206216868127915e-11,9.37114191265303e-11,-9.969088486368168e-14,-2.634720282846599e-13,4.2587872176788055e-14,-7.639774161115764e-10,-1.3550762380125973e-12,-1.7141782916537586e-12,1.7763568393961105e-15,0.0,0.0,0.0,0.0,0.0,0.0,0.0,0.0,0.0,0.0,0.0,0.0,0.0,0.0,0.0,4,"1215.097077368566,1215.0970773684764,1215.0970773693095,1215.0970773692163"
61416,614.196,world,614.1959999996565,-5.25474573309513,0.5089864106965644,1.1444785530726374,1.0811041886964782e-13,2.071953756662286e-14,-0.7458749558384167,0.6660859931368022,4.204615571765433e-11,9.369082580112267e-11,-9.970509571839685e-14,-4.589768100754234e-13,-9.209343419919272e-14,-7.638345042194329e-10,-1.313120602663746e-12,-1.715642355326056e-12,-1.7763568393961105e-15,0.0,0.0,0.0,0.0,0.0,0.0,0.0,0.0,0.0,0.0,0.0,0.0,0.0,0.0,0.0,4,"1215.097077368748,1215.0970773684853,1215.09707736917,1215.0970773691645"
61417,614.205,world,614.2049999996566,-5.2547457330947545,0.5089864106974077,1.1444785530726374,1.0624478437532138e-13,2.216881636500775e-14,-0.745874955840706,0.6660859931342387,4.203455948343707e-11,9.367540372796748e-11,-9.972404352468377e-14,-5.683893005805594e-13,-8.322396045132535e-14,-7.637039066956258e-10,-1.2674309280776888e-12,-1.7123832024236835e-12,-2.6645352591004767e-15,0.0,0.0,0.0,0.0,0.0,0.0,0.0,0.0,0.0,0.0,0.0,0.0,0.0,0.0,0.0,4,"1215.097077368641,1215.0970773684833,1215.0970773692488,1215.0970773691943"
61418,614.214,world,614.2139999996567,-5.254745733094379,0.508986410698251,1.1444785530726374,1.0426699726274479e-13,2.407829539202149e-14,-0.7458749558429949,0.6660859931316755,4.2023416430539846e-11,9.365999128907139e-11,-9.974506374728333e-14,-6.452891823447507e-13,2.225715448184512e-15,-7.635568018728791e-10,-1.213886632082332e-12,-1.7140309742117077e-12,-1.7763568393961105e-15,0.0,0.0,0.0,0.0,0.0,0.0,0.0,0.0,0.0,0.0,0.0,0.0,0.0,0.0,0.0,4,"1215.0970773685613,1215.0970773684815,1215.0970773693036,1215.0970773692213"
61419,614.226,world,614.2259999996569,-5.254745733093878,0.5089864106993749,1.1444785530726374,1.010125889813646e-13,2.706032764288628e-14,-0.7458749558460461,0.6660859931282588,4.200938572969774e-11,9.363939819691011e-11,-9.976667608882934e-14,-8.085164243216256e-13,-1.318570913878998e-13,-7.634140370338273e-10,-1.1281811832229132e-12,-1.7156754088946469e-12,-1.480297366165529e-15,0.0,0.0,0.0,0.0,0.0,0.0,0.0,0.0,0.0,0.0,0.0,0.0,0.0,0.0,0.0,4,"1215.097077368733,1215.0970773685008,1215.097077369156,1215.0970773691781"
61420,614.235,world,614.234999999657,-5.254745733093502,0.5089864107002172,1.1444785530726374,9.80310700022183e-14,2.9498800152452257e-14,-0.7458749558483342,0.6660859931256967,4.1999604012905524e-11,9.362397617328448e-11,-9.979213720352741e-14,-8.747756646891143e-13,-1.2013700416529392e-13,-7.632835116005447e-10,-1.0530351989071456e-12,-1.7123192185428117e-12,-3.848773152035424e-15,0.0,0.0,0.0,0.0,0.0,0.0,0.0,0.0,0.0,0.0,0.0,0.0,0.0,0.0,0.0,4,"1215.097077368619,1215.0970773685056,1215.09707736923,1215.0970773692127"
61421,614.244,world,614.2439999996571,-5.254745733093126,0.5089864107010595,1.1444785530726374,9.510055574925522e-14,3.2243305073733593e-14,-0.7458749558506218,0.6660859931231349,4.199051973649878e-11,9.36085654002748e-11,-9.982677616189573e-14,-8.961630755772228e-13,-2.905017589480086e-14,-7.631364570562351e-10,-9.743728922382267e-13,-1.713739545350413e-12,-5.329070518200953e-15,0.0,0.0,0.0,0.0,0.0,0.0,0.0,0.0,0.0,0.0,0.0,0.0,0.0,0.0,0.0,4,"1215.0970773685337,1215.0970773685087,1215.0970773692818,1215.0970773692427"
61422,614.256,world,614.2559999996573,-5.2547457330926255,0.5089864107021826,1.1444785530726374,9.089104549859822e-14,3.605872667188083e-14,-0.7458749558536714,0.6660859931197203,4.1979537333000514e-11,9.358797780307035e-11,-9.987266538024694e-14,-9.754634239827095e-13,-1.5262384531018848e-13,-7.629937461985083e-10,-8.633941709947426e-13,-1.7150934607088398e-12,-3.552713678804843e-15,0.0,0.0,0.0,0.0,0.0,0.0,0.0,0.0,0.0,0.0,0.0,0.0,0.0,0.0,0.0,4,"1215.0970773687027,1215.0970773685312,1215.0970773691326,1215.0970773692009"
61423,614.265,world,614.2649999996574,-5.25474573309225,0.508986410703025,1.1444785530726374,8.745355454842731e-14,3.889638954021681e-14,-0.7458749558559583,0.6660859931171593,4.1972204189940195e-11,9.357256168523861e-11,-9.990760039808849e-14,-9.748385835326826e-13,-1.3242119746301875e-13,-7.628633017956403e-10,-7.760324666213786e-13,-1.7116156862323916e-12,-4.144832625266006e-15,0.0,0.0,0.0,0.0,0.0,0.0,0.0,0.0,0.0,0.0,0.0,0.0,0.0,0.0,0.0,4,"1215.0970773685883,1215.0970773685365,1215.0970773692059,1215.0970773692366"
61424,614.274,world,614.2739999996576,-5.254745733091874,0.5089864107038673,1.1444785530726374,8.429518509946223e-14,4.183929697671922e-14,-0.7458749558582445,0.6660859931145993,4.1965648611509146e-11,9.355715762398837e-11,-9.993839058330476e-14,-9.295388275784688e-13,-3.3727729534608086e-14,-7.627163064214152e-10,-6.911155617826893e-13,-1.7129613361048698e-12,-3.2566542055616396e-15,0.0,0.0,0.0,0.0,0.0,0.0,0.0,0.0,0.0,0.0,0.0,0.0,0.0,0.0,0.0,4,"1215.0970773685042,1215.0970773685387,1215.097077369258,1215.0970773692666"
61425,614.286,world,614.2859999996577,-5.254745733091373,0.5089864107049904,1.1444785530726374,8.011995430874425e-14,4.561403968416316e-14,-0.7458749558612927,0.666085993111186,4.195807108448855e-11,9.353658019298449e-11,-9.996562805484224e-14,-9.255849570760554e-13,-1.4883005473509042e-13,-7.625736101876284e-10,-5.807582942054458e-13,-1.7141725721780366e-12,-2.0724163126393138e-15,0.0,0.0,0.0,0.0,0.0,0.0,0.0,0.0,0.0,0.0,0.0,0.0,0.0,0.0,0.0,4,"1215.097077368676,1215.0970773685578,1215.0970773691108,1215.0970773692227"
61426,614.295,world,614.2949999996579,-5.2547457330909975,0.5089864107058317,1.1444785530726374,7.693919669648137e-14,4.8208094015704396e-14,-0.7458749558635781,0.6660859931086268,4.195325204300836e-11,9.352117331911673e-11,-9.997983890955742e-14,-8.692646741102474e-13,-1.2331882142876729e-13,-7.624432023751639e-10,-5.00059171419443e-13,-1.7104900191760095e-12,-1.480297366165529e-15,0.0,0.0,0.0,0.0,0.0,0.0,0.0,0.0,0.0,0.0,0.0,0.0,0.0,0.0,0.0,4,"1215.0970773685654,1215.0970773685601,1215.097077369187,1215.0970773692554"
61427,614.304,world,614.303999999658,-5.254745733090622,0.508986410706673,1.1444785530726374,7.420955518684778e-14,5.0749115858317476e-14,-0.7458749558658633,0.6660859931060679,4.1949126950818866e-11,9.350578072785163e-11,-9.999760247795144e-14,-7.764329139835782e-13,-1.975064830384064e-14,-7.622963081399406e-10,-4.2642859457452744e-13,-1.711560048500503e-12,-2.3684757858698952e-15,0.0,0.0,0.0,0.0,0.0,0.0,0.0,0.0,0.0,0.0,0.0,0.0,0.0,0.0,0.0,4,"1215.0970773684849,1215.0970773685588,1215.097077369242,1215.0970773692818"
61428,614.316,world,614.3159999996582,-5.254745733090121,0.5089864107077948,1.1444785530726374,7.082550030553703e-14,5.3792393036912564e-14,-0.7458749558689095,0.6660859931026567,4.1944595688598775e-11,9.348522261013977e-11,-1.0004319563682939e-13,-7.239672316295235e-13,-1.2834322479258553e-13,-7.621537271705891e-10,-3.3695913367887967e-13,-1.7124020765656116e-12,-4.144832625266006e-15,0.0,0.0,0.0,0.0,0.0,0.0,0.0,0.0,0.0,0.0,0.0,0.0,0.0,0.0,0.0,4,"1215.0970773686615,1215.0970773685726,1215.0970773691004,1215.0970773692325"
61429,614.325,world,614.3249999996583,-5.254745733089745,0.5089864107086361,1.1444785530726374,6.836741100421206e-14,5.573297112916577e-14,-0.7458749558711938,0.6660859931000989,4.194187770046352e-11,9.346983245163804e-11,-1.0007043310836686e-13,-6.417178763950857e-13,-9.77819543356045e-14,-7.620234318523622e-10,-2.752383054390023e-13,-1.7085906006667274e-12,-1.1842378929349476e-15,0.0,0.0,0.0,0.0,0.0,0.0,0.0,0.0,0.0,0.0,0.0,0.0,0.0,0.0,0.0,4,"1215.097077368555,1215.0970773685713,1215.0970773691797,1215.097077369262"
61430,614.334,world,614.3339999996584,-5.254745733089369,0.5089864107094775,1.1444785530726374,6.644023725470076e-14,5.756158799968742e-14,-0.7458749558734777,0.6660859930975414,4.193967237776373e-11,9.34544568162326e-11,-1.0007546611941182e-13,-5.317309615669904e-13,9.634689702139194e-15,-7.618766605264179e-10,-2.2256656011146586e-13,-1.70971306755519e-12,5.921189464611629e-16,0.0,0.0,0.0,0.0,0.0,0.0,0.0,0.0,0.0,0.0,0.0,0.0,0.0,0.0,0.0,4,"1215.0970773684787,1215.0970773685658,1215.0970773692384,1215.0970773692854"
61431,614.346,world,614.3459999996586,-5.2547457330888685,0.5089864107105992,1.1444785530726374,6.419717777814414e-14,5.960823368676267e-14,-0.7458749558765221,0.6660859930941322,4.1937395852255256e-11,9.343391903221088e-11,-1.0006391979995574e-13,-4.698224737891923e-13,-9.605364275800246e-14,-7.617341723318733e-10,-1.6275922851022005e-13,-1.7108721741245424e-12,8.881784197043661e-16,0.0,0.0,0.0,0.0,0.0,0.0,0.0,0.0,0.0,0.0,0.0,0.0,0.0,0.0,0.0,4,"1215.097077368661,1215.0970773685742,1215.0970773690997,1215.0970773692334"
61432,614.355,world,614.3549999996587,-5.254745733088493,0.5089864107114401,1.1444785530726374,6.260859405546447e-14,6.079212768899995e-14,-0.7458749558788053,0.6660859930915757,4.1936132558511014e-11,9.341854115436122e-11,-1.0005118924260673e-13,-3.8865241598701076e-13,-6.609211437662947e-14,-7.616039514219601e-10,-1.2364824325446447e-13,-1.7073526142575596e-12,1.7763568393961105e-15,0.0,0.0,0.0,0.0,0.0,0.0,0.0,0.0,0.0,0.0,0.0,0.0,0.0,0.0,0.0,4,"1215.0970773685572,1215.0970773685694,1215.0970773691809,1215.0970773692611"
61433,614.364,world,614.3639999996589,-5.254745733088117,0.5089864107122805,1.1444785530726374,6.153586298465061e-14,6.187329340079836e-14,-0.7458749558810877,0.6660859930890196,4.19351796823328e-11,9.340317544587577e-11,-1.0005503801575874e-13,-2.8473472036009675e-13,3.9748019681879443e-14,-7.614572203089028e-10,-9.327055635639104e-14,-1.7087073268113017e-12,-1.480297366165529e-15,0.0,0.0,0.0,0.0,0.0,0.0,0.0,0.0,0.0,0.0,0.0,0.0,0.0,0.0,0.0,4,"1215.097077368483,1215.0970773685617,1215.0970773692404,1215.097077369283"
61434,614.376,world,614.375999999659,-5.254745733087616,0.5089864107134009,1.1444785530726374,6.038302359208522e-14,6.295750664172335e-14,-0.7458749558841307,0.6660859930856122,4.1934267287421797e-11,9.338264849180363e-11,-1.0006776857310777e-13,-2.3649006578229465e-13,-6.861005325810102e-14,-7.613147922321418e-10,-6.205256435226377e-14,-1.7100354266770667e-12,-1.1842378929349476e-15,0.0,0.0,0.0,0.0,0.0,0.0,0.0,0.0,0.0,0.0,0.0,0.0,0.0,0.0,0.0,4,"1215.0970773686668,1215.0970773685685,1215.097077369104,1215.0970773692286"
61435,614.385,world,614.3849999996592,-5.2547457330872405,0.5089864107142412,1.1444785530726374,5.956388998049064e-14,6.346144867291564e-14,-0.7458749558864124,0.6660859930830572,4.193380841647542e-11,9.336727766889166e-11,-1.0008020307098356e-13,-1.691613047364862e-13,-3.961706517538324e-14,-7.611846325560241e-10,-4.3148378681438143e-14,-1.7066183136459364e-12,-1.7763568393961105e-15,0.0,0.0,0.0,0.0,0.0,0.0,0.0,0.0,0.0,0.0,0.0,0.0,0.0,0.0,0.0,4,"1215.0970773685635,1215.097077368563,1215.0970773691863,1215.0970773692547"
61436,614.394,world,614.3939999996593,-5.254745733086865,0.5089864107150815,1.1444785530726374,5.921315145327531e-14,6.391027992028721e-14,-0.7458749558886937,0.6660859930805025,4.1933484500527136e-11,9.335191774590917e-11,-1.0008849273623409e-13,-8.117172352117516e-14,6.539308817917548e-14,-7.610380094742281e-10,-3.1671314360777074e-14,-1.7081500026291077e-12,0.0,0.0,0.0,0.0,0.0,0.0,0.0,0.0,0.0,0.0,0.0,0.0,0.0,0.0,0.0,0.0,4,"1215.0970773684905,1215.097077368555,1215.0970773692468,1215.0970773692763"
61437,614.406,world,614.4059999996595,-5.254745733086364,0.508986410716202,1.1444785530726374,5.894086303967652e-14,6.423294448874394e-14,-0.745874955891735,0.666085993077097,4.193315956929681e-11,9.333139523664846e-11,-1.0007398582204566e-13,-5.5220347277736175e-14,-4.486613254946438e-14,-7.608957195599841e-10,-2.3393463535372384e-14,-1.7098376742753096e-12,8.881784197043661e-16,0.0,0.0,0.0,0.0,0.0,0.0,0.0,0.0,0.0,0.0,0.0,0.0,0.0,0.0,0.0,4,"1215.097077368675,1215.097077368561,1215.0970773691097,1215.0970773692227"
61438,614.415,world,614.4149999996596,-5.254745733085988,0.5089864107170423,1.1444785530726374,5.871502434955368e-14,6.422307357437749e-14,-0.7458749558940155,0.6660859930745433,4.1932970166252304e-11,9.33160249132379e-11,-1.0007872277361739e-13,-4.3720581142443145e-15,-1.8984623411577158e-14,-7.60765678849045e-10,-1.99631593451538e-14,-1.7066606708767683e-12,-5.921189464611629e-16,0.0,0.0,0.0,0.0,0.0,0.0,0.0,0.0,0.0,0.0,0.0,0.0,0.0,0.0,0.0,4,"1215.097077368572,1215.0970773685553,1215.097077369191,1215.0970773692495"
61439,614.424,world,614.4239999996597,-5.254745733085612,0.5089864107178818,1.1444785530726374,5.889759282435351e-14,6.42015600165957e-14,-0.7458749558962955,0.6660859930719901,4.193278374892428e-11,9.330066400142487e-11,-1.0009352574727903e-13,6.80622944484596e-14,8.228670446694788e-14,-7.606191687160393e-10,-2.2510530729813432e-14,-1.7082884316406606e-12,-1.7763568393961105e-15,0.0,0.0,0.0,0.0,0.0,0.0,0.0,0.0,0.0,0.0,0.0,0.0,0.0,0.0,0.0,4,"1215.0970773684983,1215.0970773685474,1215.0970773692509,1215.0970773692713"
61440,614.436,world,614.4359999996599,-5.2547457330851115,0.5089864107190009,1.1444785530726374,5.92498788195756e-14,6.395577102399865e-14,-0.7458749558993352,0.6660859930685863,4.193245831300498e-11,9.328014046800035e-11,-1.0010744054252097e-13,7.584502867760606e-14,-3.2444471769584504e-14,-7.60476929290356e-10,-3.088731236940416e-14,-1.7098316282312667e-12,0.0,0.0,0.0,0.0,0.0,0.0,0.0,0.0,0.0,0.0,0.0,0.0,0.0,0.0,0.0,0.0,4,"1215.097077368681,1215.097077368555,1215.0970773691138,1215.0970773692184"
61441,614.445,world,614.44499999966,-5.254745733084736,0.5089864107198402,1.1444785530726374,5.94367261776313e-14,6.356160678368412e-14,-0.7458749559016143,0.6660859930660342,4.1932145039062165e-11,9.32647713309608e-11,-1.0010122329358307e-13,1.1417522332725278e-13,-8.175338254579894e-15,-7.60346910555529e-10,-3.857661196867629e-14,-1.7064253234651375e-12,1.1842378929349476e-15,0.0,0.0,0.0,0.0,0.0,0.0,0.0,0.0,0.0,0.0,0.0,0.0,0.0,0.0,0.0,4,"1215.0970773685774,1215.0970773685501,1215.0970773691959,1215.097077369245"
61442,614.454,world,614.4539999996601,-5.25474573308436,0.5089864107206795,1.1444785530726374,5.999143854634517e-14,6.31941797805797e-14,-0.7458749559038934,0.6660859930634823,4.193174018519805e-11,9.324941359903277e-11,-1.0010477600726186e-13,1.744288514735135e-13,9.250434082606535e-14,-7.602004285790484e-10,-5.114692395970212e-14,-1.7078507065176305e-12,-8.881784197043661e-16,0.0,0.0,0.0,0.0,0.0,0.0,0.0,0.0,0.0,0.0,0.0,0.0,0.0,0.0,0.0,4,"1215.0970773685033,1215.0970773685428,1215.0970773692552,1215.0970773692666"
61443,614.466,world,614.4659999996603,-5.254745733083859,0.5089864107217986,1.1444785530726374,6.078549502211914e-14,6.254620730715893e-14,-0.745874955906931,0.6660859930600806,4.1930992811145556e-11,9.322889630480637e-11,-1.0012194745670936e-13,1.6773513809959676e-13,-2.2188921260951303e-14,-7.600583243216246e-10,-7.131123945789848e-14,-1.7092735001070654e-12,-1.7763568393961105e-15,0.0,0.0,0.0,0.0,0.0,0.0,0.0,0.0,0.0,0.0,0.0,0.0,0.0,0.0,0.0,4,"1215.0970773686859,1215.0970773685508,1215.0970773691174,1215.0970773692138"
61444,614.475,world,614.4749999996604,-5.2547457330834835,0.508986410722638,1.1444785530726374,6.126482254355901e-14,6.189039789871938e-14,-0.7458749559092092,0.6660859930575297,4.1930276297750714e-11,9.321353222613828e-11,-1.0013438195458514e-13,1.9574530769654956e-13,9.16660912100462e-16,-7.59928447692343e-10,-8.674842191386922e-14,-1.7058603076923188e-12,-5.921189464611629e-16,0.0,0.0,0.0,0.0,0.0,0.0,0.0,0.0,0.0,0.0,0.0,0.0,0.0,0.0,0.0,4,"1215.0970773685824,1215.0970773685458,1215.0970773691986,1215.0970773692409"
61445,614.484,world,614.4839999996606,-5.254745733083108,0.508986410723477,1.1444785530726374,6.207698802458409e-14,6.129023432993792e-14,-0.7458749559114867,0.6660859930549793,4.192940297640283e-11,9.319817972296649e-11,-1.0015303370139885e-13,2.462821032788907e-13,9.978959138552519e-14,-7.59782158094485e-10,-1.0617387136445958e-13,-1.7072477307414929e-12,-2.3684757858698952e-15,0.0,0.0,0.0,0.0,0.0,0.0,0.0,0.0,0.0,0.0,0.0,0.0,0.0,0.0,0.0,4,"1215.0970773685085,1215.0970773685385,1215.0970773692577,1215.097077369263"
61446,614.496,world,614.4959999996607,-5.254745733082607,0.5089864107245947,1.1444785530726374,6.31602414417632e-14,6.037246991290787e-14,-0.7458749559145229,0.6660859930515793,4.192794300303095e-11,9.317767059997334e-11,-1.0016842879400696e-13,2.272559636964239e-13,-1.733934419698012e-14,-7.59640241679807e-10,-1.3415491527672839e-13,-1.7085069470125005e-12,-2.9605947323058146e-16,0.0,0.0,0.0,0.0,0.0,0.0,0.0,0.0,0.0,0.0,0.0,0.0,0.0,0.0,0.0,4,"1215.0970773686904,1215.0970773685467,1215.0970773691201,1215.0970773692104"
61447,614.505,world,614.5049999996609,-5.254745733082231,0.508986410725433,1.1444785530726374,6.381931788549328e-14,5.954446267390254e-14,-0.7458749559167998,0.6660859930490298,4.192663571802408e-11,9.3162314278676e-11,-1.0017671845925752e-13,2.466412782283933e-13,4.909290875427141e-15,-7.595105094717154e-10,-1.5451389957660525e-13,-1.704922571366519e-12,-8.881784197043661e-16,0.0,0.0,0.0,0.0,0.0,0.0,0.0,0.0,0.0,0.0,0.0,0.0,0.0,0.0,0.0,4,"1215.0970773685863,1215.0970773685426,1215.0970773692018,1215.0970773692372"
61448,614.514,world,614.513999999661,-5.254745733081855,0.5089864107262714,1.1444785530726374,6.478500971869659e-14,5.87998964897757e-14,-0.7458749559190759,0.6660859930464809,4.192513109475065e-11,9.314697086258851e-11,-1.0019329778975857e-13,2.8879850057677216e-13,1.041543777782147e-13,-7.593643033217619e-10,-1.7811247727255247e-13,-1.7061969322159432e-12,-3.2566542055616396e-15,0.0,0.0,0.0,0.0,0.0,0.0,0.0,0.0,0.0,0.0,0.0,0.0,0.0,0.0,0.0,4,"1215.0970773685115,1215.0970773685356,1215.0970773692613,1215.097077369259"
61449,614.526,world,614.5259999996612,-5.2547457330813545,0.5089864107273891,1.1444785530726374,6.604058711500121e-14,5.773548890628186e-14,-0.7458749559221107,0.6660859930430826,4.192277754808131e-11,9.312647404869763e-11,-1.0021816678551016e-13,2.5966594629409154e-13,-1.1598062597033392e-14,-7.592223678276718e-10,-2.1057885545933534e-13,-1.7075497838976505e-12,8.881784197043661e-16,0.0,0.0,0.0,0.0,0.0,0.0,0.0,0.0,0.0,0.0,0.0,0.0,0.0,0.0,0.0,4,"1215.0970773686931,1215.097077368544,1215.0970773691236,1215.0970773692075"
61450,614.535,world,614.5349999996613,-5.254745733080979,0.5089864107282275,1.1444785530726374,6.680564921103611e-14,5.682810116119437e-14,-0.745874955924386,0.6660859930405347,4.192076887689315e-11,9.311112529743638e-11,-1.0022823280760007e-13,2.7204199542141325e-13,1.057783372540701e-14,-7.590925810979384e-10,-2.335596353623931e-13,-1.704185001607868e-12,-1.7763568393961105e-15,0.0,0.0,0.0,0.0,0.0,0.0,0.0,0.0,0.0,0.0,0.0,0.0,0.0,0.0,0.0,4,"1215.097077368589,1215.0970773685394,1215.097077369204,1215.0970773692352"
61451,614.544,world,614.5439999996614,-5.254745733080603,0.5089864107290658,1.1444785530726374,6.785481745301581e-14,5.602365445473834e-14,-0.7458749559266612,0.666085993037987,4.19185422515848e-11,9.309578736993661e-11,-1.0024688455441377e-13,3.079583873506093e-13,1.0821605246403042e-13,-7.5894635492945e-10,-2.5919298494717436e-13,-1.705678071751287e-12,-2.6645352591004767e-15,0.0,0.0,0.0,0.0,0.0,0.0,0.0,0.0,0.0,0.0,0.0,0.0,0.0,0.0,0.0,4,"1215.0970773685149,1215.0970773685322,1215.097077369263,1215.0970773692575"
61452,614.556,world,614.5559999996616,-5.254745733080102,0.5089864107301825,1.1444785530726374,6.9182575108179e-14,5.4900226408920706e-14,-0.7458749559296939,0.6660859930345909,4.191520269113905e-11,9.307529590413891e-11,-1.0027945109646947e-13,2.7132256144921417e-13,-1.0773060788961412e-14,-7.588044239787409e-10,-2.935248367875383e-13,-1.7071220717959354e-12,-2.0724163126393138e-15,0.0,0.0,0.0,0.0,0.0,0.0,0.0,0.0,0.0,0.0,0.0,0.0,0.0,0.0,0.0,4,"1215.0970773686959,1215.0970773685406,1215.097077369125,1215.097077369206"
61453,614.565,world,614.5649999996617,-5.2547457330797265,0.5089864107310198,1.1444785530726374,6.997445833189064e-14,5.396288797299917e-14,-0.7458749559319683,0.6660859930320442,4.191244308893707e-11,9.305995136280013e-11,-1.0030135949748874e-13,2.7824876385849865e-13,9.990206025564825e-15,-7.586746284527737e-10,-3.173165608398616e-13,-1.703673650741177e-12,-1.1842378929349476e-15,0.0,0.0,0.0,0.0,0.0,0.0,0.0,0.0,0.0,0.0,0.0,0.0,0.0,0.0,0.0,4,"1215.0970773685915,1215.097077368537,1215.097077369206,1215.0970773692334"
61454,614.574,world,614.5739999996619,-5.254745733079351,0.5089864107318571,1.1444785530726374,7.103160231708263e-14,5.3144105565915946e-14,-0.7458749559342421,0.6660859930294981,4.1909460661434917e-11,9.304461859198911e-11,-1.0031438611431099e-13,3.0897327096726264e-13,1.0741632045009761e-13,-7.585284065114092e-10,-3.432794274311656e-13,-1.7050595603341735e-12,-1.7763568393961105e-15,0.0,0.0,0.0,0.0,0.0,0.0,0.0,0.0,0.0,0.0,0.0,0.0,0.0,0.0,0.0,4,"1215.0970773685167,1215.0970773685306,1215.0970773692654,1215.0970773692554"
61455,614.586,world,614.585999999662,-5.25474573307885,0.5089864107329736,1.1444785530726374,7.234978140240552e-14,5.2030769463270564e-14,-0.7458749559372733,0.6660859930261037,4.190511285922926e-11,9.302413473469522e-11,-1.0029247771329174e-13,2.6556083880150267e-13,-1.0110159602203988e-14,-7.583864315613051e-10,-3.77371472632614e-13,-1.7065153083468481e-12,2.960594732331058e-15,0.0,0.0,0.0,0.0,0.0,0.0,0.0,0.0,0.0,0.0,0.0,0.0,0.0,0.0,0.0,4,"1215.097077368698,1215.0970773685392,1215.0970773691276,1215.0970773692038"
61456,614.595,world,614.5949999996622,-5.254745733078474,0.5089864107338109,1.1444785530726374,7.311921657235177e-14,5.112360896921337e-14,-0.7458749559395462,0.6660859930235585,4.190160179497639e-11,9.30087949615484e-11,-1.0027737868015685e-13,2.6747491498137597e-13,1.0562805043161317e-14,-7.582567128182593e-10,-4.0046510677704573e-13,-1.7032124439380353e-12,1.1842378929349476e-15,0.0,0.0,0.0,0.0,0.0,0.0,0.0,0.0,0.0,0.0,0.0,0.0,0.0,0.0,0.0,4,"1215.0970773685942,1215.0970773685353,1215.0970773692075,1215.0970773692316"
61457,614.604,world,614.6039999996623,-5.2547457330780984,0.5089864107346482,1.1444785530726374,7.413730328343544e-14,5.03487326195537e-14,-0.7458749559418189,0.6660859930210138,4.189787633700299e-11,9.299346562124793e-11,-1.0026198358754874e-13,2.936951870345755e-13,1.0677321518114616e-13,-7.581106373446434e-10,-4.2530566253267954e-13,-1.7047336827090885e-12,1.7763568393961105e-15,0.0,0.0,0.0,0.0,0.0,0.0,0.0,0.0,0.0,0.0,0.0,0.0,0.0,0.0,0.0,4,"1215.0970773685196,1215.0970773685285,1215.0970773692661,1215.097077369254"
61458,614.616,world,614.6159999996624,-5.2547457330775975,0.5089864107357641,1.1444785530726374,7.537561529327863e-14,4.930770082940879e-14,-0.7458749559448482,0.6660859930176214,4.18925571801702e-11,9.297298529335565e-11,-1.0025606239808407e-13,2.4540769958543095e-13,-1.3238270417860516e-14,-7.5796887772163e-10,-4.573101010859967e-13,-1.7062131532794541e-12,1.480297366165529e-15,0.0,0.0,0.0,0.0,0.0,0.0,0.0,0.0,0.0,0.0,0.0,0.0,0.0,0.0,0.0,4,"1215.0970773687002,1215.0970773685378,1215.0970773691276,1215.097077369203"
61459,614.625,world,614.6249999996626,-5.254745733077222,0.5089864107366004,1.1444785530726374,7.606776706913424e-14,4.846151465996767e-14,-0.74587495594712,0.6660859930150774,4.1888336042721784e-11,9.295764874613425e-11,-1.0023356187811833e-13,2.445643489776711e-13,6.256098121324837e-15,-7.578393364395227e-10,-4.784907601162484e-13,-1.7027970387845702e-12,2.3684757858698952e-15,0.0,0.0,0.0,0.0,0.0,0.0,0.0,0.0,0.0,0.0,0.0,0.0,0.0,0.0,0.0,4,"1215.097077368596,1215.0970773685344,1215.097077369208,1215.0970773692304"
61460,614.634,world,614.6339999996627,-5.254745733076846,0.5089864107374368,1.1444785530726374,7.699857024341211e-14,4.775422355658236e-14,-0.7458749559493913,0.6660859930125342,4.188391893979232e-11,9.294232391004491e-11,-1.0022142343971579e-13,2.684237188594204e-13,1.0233009791678511e-13,-7.576934074904741e-10,-5.01183159564138e-13,-1.7041662440337828e-12,-8.881784197043661e-16,0.0,0.0,0.0,0.0,0.0,0.0,0.0,0.0,0.0,0.0,0.0,0.0,0.0,0.0,0.0,4,"1215.0970773685208,1215.0970773685283,1215.0970773692668,1215.0970773692525"
61461,614.646,world,614.6459999996629,-5.254745733076345,0.5089864107385519,1.1444785530726374,7.811375702599728e-14,4.6817494134505984e-14,-0.7458749559524194,0.6660859930091434,4.187770946074316e-11,9.292185121579023e-11,-1.0019892291975007e-13,2.1759218547166098e-13,-1.5979952426752155e-14,-7.575518101287642e-10,-5.300354234691155e-13,-1.7055535812241942e-12,3.848773152035424e-15,0.0,0.0,0.0,0.0,0.0,0.0,0.0,0.0,0.0,0.0,0.0,0.0,0.0,0.0,0.0,4,"1215.0970773687006,1215.0970773685385,1215.097077369129,1215.0970773692013"
61462,614.655,world,614.654999999663,-5.2547457330759695,0.5089864107393882,1.1444785530726374,7.871353549273969e-14,4.6060989699259566e-14,-0.7458749559546897,0.6660859930066011,4.187284630202921e-11,9.290652020772493e-11,-1.0016073124770294e-13,2.154082477336429e-13,4.7666912664207605e-15,-7.574223831333754e-10,-5.486990355171896e-13,-1.7022356156251729e-12,2.0724163126393138e-15,0.0,0.0,0.0,0.0,0.0,0.0,0.0,0.0,0.0,0.0,0.0,0.0,0.0,0.0,0.0,4,"1215.0970773685963,1215.0970773685347,1215.0970773692084,1215.0970773692293"
61463,614.664,world,614.6639999996631,-5.254745733075594,0.5089864107402245,1.1444785530726374,7.955123754098066e-14,4.544940789473413e-14,-0.7458749559569597,0.666085993004059,4.186781030416901e-11,9.289119953510637e-11,-1.0014977704719332e-13,2.383653247324289e-13,1.0100628421787262e-13,-7.572765503339717e-10,-5.687834941330954e-13,-1.7037871273842632e-12,8.881784197043661e-16,0.0,0.0,0.0,0.0,0.0,0.0,0.0,0.0,0.0,0.0,0.0,0.0,0.0,0.0,0.0,4,"1215.0970773685212,1215.097077368528,1215.0970773692666,1215.0970773692522"
61464,614.676,world,614.6759999996633,-5.254745733075093,0.5089864107413397,1.1444785530726374,8.05370966461733e-14,4.4640657909373003e-14,-0.745874955959986,0.6660859930006704,4.1860812710411676e-11,9.287073001424444e-11,-1.0013408589511196e-13,1.8719538848165143e-13,-1.8689429236326176e-14,-7.571349999294644e-10,-5.940743438079095e-13,-1.7053634654184757e-12,2.0724163126393138e-15,0.0,0.0,0.0,0.0,0.0,0.0,0.0,0.0,0.0,0.0,0.0,0.0,0.0,0.0,0.0,4,"1215.0970773687013,1215.0970773685376,1215.097077369128,1215.0970773692018"
61465,614.685,world,614.6849999996634,-5.254745733074717,0.508986410742175,1.1444785530726374,8.10338961205685e-14,4.3975602031836876e-14,-0.7458749559622552,0.6660859929981294,4.185538669137296e-11,9.285540060924892e-11,-1.0011276961303917e-13,1.8503422896278324e-13,4.450403267662787e-16,-7.570056143004964e-10,-6.100376136569142e-13,-1.70204589444923e-12,1.7763568393961105e-15,0.0,0.0,0.0,0.0,0.0,0.0,0.0,0.0,0.0,0.0,0.0,0.0,0.0,0.0,0.0,4,"1215.097077368597,1215.0970773685342,1215.0970773692077,1215.0970773692297"
61466,614.694,world,614.6939999996636,-5.2547457330743415,0.5089864107430103,1.1444785530726374,8.17642563688892e-14,4.345137556449977e-14,-0.7458749559645241,0.6660859929955887,4.184981219768556e-11,9.284008218573522e-11,-1.0010536812620834e-13,2.0803473949280079e-13,9.585542496238852e-14,-7.568598394897696e-10,-6.274108073411699e-13,-1.7034772886361592e-12,-1.1842378929349476e-15,0.0,0.0,0.0,0.0,0.0,0.0,0.0,0.0,0.0,0.0,0.0,0.0,0.0,0.0,0.0,4,"1215.0970773685215,1215.097077368528,1215.0970773692663,1215.0970773692522"
61467,614.706,world,614.7059999996637,-5.2547457330738405,0.5089864107441241,1.1444785530726374,8.260720038419052e-14,4.2757459659981767e-14,-0.7458749559675484,0.6660859929922021,4.184213449041087e-11,9.281961766146458e-11,-1.0011158537514624e-13,1.5726890147261796e-13,-2.3290650855765673e-14,-7.567183151727158e-10,-6.491085455220156e-13,-1.7048642587393244e-12,0.0,0.0,0.0,0.0,0.0,0.0,0.0,0.0,0.0,0.0,0.0,0.0,0.0,0.0,0.0,0.0,4,"1215.0970773687006,1215.0970773685383,1215.0970773691283,1215.0970773692013"
61468,614.715,world,614.7149999996639,-5.254745733073465,0.5089864107449594,1.1444785530726374,8.300178060456915e-14,4.2180101431630044e-14,-0.7458749559698166,0.6660859929896622,4.183622643213855e-11,9.280429312395762e-11,-1.0010388782884218e-13,1.556595256657688e-13,-2.8364733548519524e-15,-7.565890010725141e-10,-6.624273990987348e-13,-1.7014881182516053e-12,-1.1842378929349476e-15,0.0,0.0,0.0,0.0,0.0,0.0,0.0,0.0,0.0,0.0,0.0,0.0,0.0,0.0,0.0,4,"1215.0970773685963,1215.097077368535,1215.0970773692077,1215.097077369229"
61469,614.724,world,614.723999999664,-5.254745733073089,0.5089864107457948,1.1444785530726374,8.363573395998228e-14,4.174472741314148e-14,-0.745874955972084,0.6660859929871232,4.1830193365532406e-11,9.278897957496096e-11,-1.0011158537514626e-13,1.7949588782485907e-13,9.326375403256828e-14,-7.56443353042267e-10,-6.772250974513745e-13,-1.7029567502227058e-12,-1.480297366165529e-15,0.0,0.0,0.0,0.0,0.0,0.0,0.0,0.0,0.0,0.0,0.0,0.0,0.0,0.0,0.0,4,"1215.0970773685212,1215.097077368529,1215.0970773692657,1215.0970773692522"
61470,614.736,world,614.7359999996642,-5.254745733072588,0.5089864107469085,1.1444785530726374,8.435671699034849e-14,4.1163619381322585e-14,-0.745874955975107,0.666085992983738,4.182193937342095e-11,9.276852083756676e-11,-1.0011928292145031e-13,1.3095847109941486e-13,-2.635948932804251e-14,-7.563020101248919e-10,-6.956545341058105e-13,-1.7044039814286972e-12,-2.9605947323058146e-16,0.0,0.0,0.0,0.0,0.0,0.0,0.0,0.0,0.0,0.0,0.0,0.0,0.0,0.0,0.0,4,"1215.0970773687006,1215.0970773685392,1215.0970773691263,1215.097077369202"
61471,614.745,world,614.7449999996643,-5.2547457330722125,0.5089864107477435,1.1444785530726374,8.466320390747106e-14,4.0659529622874413e-14,-0.7458749559773736,0.6660859929811999,4.181562382038255e-11,9.275320068786201e-11,-1.001083287209407e-13,1.3162037635988211e-13,-7.307900297916593e-15,-7.561728740323783e-10,-7.067171780444504e-13,-1.7009568669832647e-12,1.480297366165529e-15,0.0,0.0,0.0,0.0,0.0,0.0,0.0,0.0,0.0,0.0,0.0,0.0,0.0,0.0,0.0,4,"1215.0970773685965,1215.097077368536,1215.0970773692059,1215.0970773692304"
61472,614.754,world,614.7539999996644,-5.254745733071837,0.5089864107485779,1.1444785530726374,8.521159526219549e-14,4.0285226105648777e-14,-0.7458749559796399,0.666085992978662,4.180920260758208e-11,9.273789290228908e-11,-1.0008967697412701e-13,1.579855798528238e-13,8.752712284114563e-14,-7.560273728740452e-10,-7.194537896763852e-13,-1.702208708784015e-12,2.3684757858698952e-15,0.0,0.0,0.0,0.0,0.0,0.0,0.0,0.0,0.0,0.0,0.0,0.0,0.0,0.0,0.0,4,"1215.0970773685212,1215.09707736853,1215.097077369264,1215.0970773692536"
61473,614.766,world,614.7659999996646,-5.254745733071336,0.5089864107496903,1.1444785530726374,8.582501470328264e-14,3.9769610133722385e-14,-0.7458749559826613,0.6660859929752789,4.1800458044747763e-11,9.271744593936825e-11,-1.0004497199366876e-13,1.1205744542662299e-13,-3.238448970004786e-14,-7.558861414249488e-10,-7.354414229541852e-13,-1.7032119930729027e-12,5.329070518200953e-15,0.0,0.0,0.0,0.0,0.0,0.0,0.0,0.0,0.0,0.0,0.0,0.0,0.0,0.0,0.0,4,"1215.0970773687,1215.0970773685406,1215.0970773691263,1215.0970773692027"
61474,614.775,world,614.7749999996647,-5.25474573307096,0.5089864107505246,1.1444785530726374,8.605900972835122e-14,3.930991447493897e-14,-0.7458749559849266,0.6660859929727421,4.179379276791428e-11,9.270213809985871e-11,-1.0000678032162165e-13,1.1434698927945305e-13,-1.2034383014301966e-14,-7.557570048596577e-10,-7.448550371957337e-13,-1.6994620422863688e-12,4.144832625266006e-15,0.0,0.0,0.0,0.0,0.0,0.0,0.0,0.0,0.0,0.0,0.0,0.0,0.0,0.0,0.0,4,"1215.0970773685951,1215.0970773685376,1215.097077369206,1215.0970773692304"
61475,614.787,world,614.7869999996649,-5.254745733070459,0.5089864107516371,1.1444785530726374,8.676664207793419e-14,3.889877555938122e-14,-0.7458749559879467,0.6660859929693603,4.178475877354521e-11,9.268173932590904e-11,-9.995793050853814e-14,1.2917995528234998e-13,4.835842140159685e-14,-7.555778617900206e-10,-7.604573189049106e-13,-1.7023727563029217e-12,5.033011044970372e-15,0.0,0.0,0.0,0.0,0.0,0.0,0.0,0.0,0.0,0.0,0.0,0.0,0.0,0.0,0.0,4,"1215.0970773688327,1215.097077368549,1215.0970773690228,1215.097077369165"
61476,614.796,world,614.795999999665,-5.2547457330700835,0.5089864107524714,1.1444785530726374,8.709589652737236e-14,3.852148887069045e-14,-0.7458749559902113,0.6660859929668245,4.1777862833825364e-11,9.266641793446374e-11,-9.991115311176725e-14,9.941612683320544e-14,-3.310016580714064e-14,-7.554703657796197e-10,-7.704011430978061e-13,-1.7015527247409843e-12,5.329070518200953e-15,0.0,0.0,0.0,0.0,0.0,0.0,0.0,0.0,0.0,0.0,0.0,0.0,0.0,0.0,0.0,4,"1215.0970773686988,1215.0970773685422,1215.0970773691254,1215.0970773692031"
61477,614.805,world,614.8049999996651,-5.254745733069708,0.5089864107533058,1.1444785530726374,8.72941417636934e-14,3.8099040218199796e-14,-0.7458749559924756,0.666085992964289,4.1770888181418406e-11,9.265112466734241e-11,-9.986437571499637e-14,1.0402015578114297e-13,-1.22340371311523e-14,-7.553413433959854e-10,-7.787935493067509e-13,-1.6978792571418386e-12,5.329070518200953e-15,0.0,0.0,0.0,0.0,0.0,0.0,0.0,0.0,0.0,0.0,0.0,0.0,0.0,0.0,0.0,4,"1215.0970773685947,1215.097077368539,1215.097077369205,1215.097077369231"
61478,614.814,world,614.8139999996653,-5.254745733069332,0.5089864107541393,1.1444785530726374,8.7207708422139e-14,3.7562382189657724e-14,-0.7458749559947395,0.6660859929617539,4.1763843787896585e-11,9.26358748676377e-11,-9.9822039210324e-14,5.5645833766296865e-14,-1.5363942886762264e-13,-7.552490144375686e-10,-7.848521593282263e-13,-1.689557463587163e-12,5.033011044970372e-15,0.0,0.0,0.0,0.0,0.0,0.0,0.0,0.0,0.0,0.0,0.0,0.0,0.0,0.0,0.0,4,"1215.097077368612,1215.0970773685456,1215.0970773691895,1215.0970773692222"
61479,614.826,world,614.8259999996654,-5.254745733068831,0.5089864107552504,1.1444785530726374,8.65552807196589e-14,3.6621396165037004e-14,-0.7458749559977575,0.6660859929583742,4.1754406089716845e-11,9.261574189193797e-11,-9.978858448984863e-14,4.658484949878657e-14,-1.7812441722036705e-13,-7.550948773051264e-10,-7.876604745306386e-13,-1.6673866341568105e-12,1.7763568393961105e-15,0.0,0.0,0.0,0.0,0.0,0.0,0.0,0.0,0.0,0.0,0.0,0.0,0.0,0.0,0.0,4,"1215.097077368613,1215.0970773685585,1215.097077369185,1215.0970773692122"
61480,614.835,world,614.8349999996656,-5.2547457330684555,0.5089864107560838,1.1444785530726374,8.630095579051184e-14,3.602126166938254e-14,-0.7458749560000206,0.6660859929558401,4.1747301171235276e-11,9.260080608805083e-11,-9.977318939724049e-14,8.118871109603622e-14,-7.13810599787207e-14,-7.549551067329634e-10,-7.915591645986859e-13,-1.6547979948096285e-12,2.0724163126393138e-15,0.0,0.0,0.0,0.0,0.0,0.0,0.0,0.0,0.0,0.0,0.0,0.0,0.0,0.0,0.0,4,"1215.097077368521,1215.097077368557,1215.097077369255,1215.0970773692356"
61481,614.844,world,614.8439999996657,-5.25474573306808,0.5089864107569171,1.1444785530726374,8.665925290940129e-14,3.569072722568759e-14,-0.7458749560022833,0.6660859929533063,4.1740136543583986e-11,9.258592947740143e-11,-9.977200515934755e-14,1.3663843003379405e-13,9.911109512798383e-14,-7.548012252518869e-10,-8.007581982308591e-13,-1.6538516779713136e-12,0.0,0.0,0.0,0.0,0.0,0.0,0.0,0.0,0.0,0.0,0.0,0.0,0.0,0.0,0.0,0.0,4,"1215.0970773684603,1215.097077368548,1215.0970773693032,1215.0970773692566"
61482,614.856,world,614.8559999996659,-5.254745733067579,0.5089864107580282,1.1444785530726374,8.748044892178368e-14,3.5407030907342975e-14,-0.7458749560052994,0.6660859929499289,4.1730421940703615e-11,9.256603382554205e-11,-9.975542582884648e-14,1.2010699314455144e-13,5.385264517915586e-14,-7.546515571519877e-10,-8.165691748556226e-13,-1.6606104763803463e-12,2.3684757858698952e-15,0.0,0.0,0.0,0.0,0.0,0.0,0.0,0.0,0.0,0.0,0.0,0.0,0.0,0.0,0.0,4,"1215.0970773686586,1215.0970773685513,1215.0970773691527,1215.0970773692068"
61483,614.865,world,614.864999999666,-5.254745733067203,0.5089864107588615,1.1444785530726374,8.811531803254497e-14,3.520825916601242e-14,-0.7458749560075614,0.6660859929473959,4.172301596636541e-11,9.255106715332026e-11,-9.9719306573112e-14,1.3745225135311518e-13,1.0891888181545637e-13,-7.545177736611759e-10,-8.283444829201512e-13,-1.6657507023994299e-12,3.848773152035424e-15,0.0,0.0,0.0,0.0,0.0,0.0,0.0,0.0,0.0,0.0,0.0,0.0,0.0,0.0,0.0,4,"1215.0970773685672,1215.097077368542,1215.097077369224,1215.097077369236"
61484,614.874,world,614.8739999996661,-5.2547457330668275,0.5089864107596948,1.1444785530726374,8.912747546524181e-14,3.5176570812917724e-14,-0.7458749560098226,0.6660859929448639,4.171548979505558e-11,9.25360226201086e-11,-9.967341735476082e-14,1.7494952054351816e-13,2.2393605357333896e-13,-7.543686976297303e-10,-8.433229126175248e-13,-1.6779785583145986e-12,4.7369515717397904e-15,0.0,0.0,0.0,0.0,0.0,0.0,0.0,0.0,0.0,0.0,0.0,0.0,0.0,0.0,0.0,4,"1215.0970773685033,1215.09707736853,1215.0970773692752,1215.097077369261"
61485,614.886,world,614.8859999996663,-5.2547457330663265,0.5089864107608045,1.1444785530726374,9.045746511898601e-14,3.5128922581819744e-14,-0.7458749560128375,0.666085992941488,4.170523166777313e-11,9.25157618444644e-11,-9.963433750429401e-14,1.3661416408903255e-13,1.092840974246839e-13,-7.542239035900868e-10,-8.636383946359575e-13,-1.6951646128995053e-12,2.3684757858698952e-15,0.0,0.0,0.0,0.0,0.0,0.0,0.0,0.0,0.0,0.0,0.0,0.0,0.0,0.0,0.0,4,"1215.0970773686943,1215.0970773685335,1215.0970773691292,1215.097077369212"
61486,614.895,world,614.8949999996664,-5.254745733065951,0.5089864107616369,1.1444785530726374,9.122934430105677e-14,3.49960167795486e-14,-0.7458749560150977,0.6660859929389569,4.169739464524294e-11,9.250046653488992e-11,-9.961509363853384e-14,1.4006092180193526e-13,1.1971946921721913e-13,-7.540929411195903e-10,-8.766504694447654e-13,-1.7032694282294883e-12,2.0724163126393138e-15,0.0,0.0,0.0,0.0,0.0,0.0,0.0,0.0,0.0,0.0,0.0,0.0,0.0,0.0,0.0,4,"1215.0970773685967,1215.0970773685265,1215.0970773692047,1215.0970773692409"
61487,614.904,world,614.9039999996666,-5.254745733065575,0.5089864107624692,1.1444785530726374,9.220415328183308e-14,3.495111015596009e-14,-0.7458749560173579,0.6660859929364259,4.168943418713634e-11,9.2485084568518e-11,-9.959969854592573e-14,1.6620786749755943e-13,1.9843758687179935e-13,-7.539461313249972e-10,-8.913313125286447e-13,-1.71498817456261e-12,1.1842378929349476e-15,0.0,0.0,0.0,0.0,0.0,0.0,0.0,0.0,0.0,0.0,0.0,0.0,0.0,0.0,0.0,4,"1215.0970773685262,1215.0970773685185,1215.0970773692598,1215.097077369264"
61488,614.916,world,614.9159999996667,-5.254745733065074,0.508986410763579,1.1444785530726374,9.328222232151743e-14,3.4792578521869454e-14,-0.7458749560203707,0.6660859929330524,4.167861242219715e-11,9.246440671494197e-11,-9.95914088806752e-14,1.1786908602374192e-13,5.0036294803328014e-14,-7.538036389537157e-10,-9.09478371894273e-13,-1.7274219435461913e-12,-1.7763568393961105e-15,0.0,0.0,0.0,0.0,0.0,0.0,0.0,0.0,0.0,0.0,0.0,0.0,0.0,0.0,0.0,4,"1215.0970773687086,1215.0970773685267,1215.097077369119,1215.0970773692136"
61489,614.925,world,614.9249999996669,-5.2547457330646985,0.5089864107644113,1.1444785530726374,9.376345735294687e-14,3.452725445303293e-14,-0.7458749560226299,0.6660859929305224,4.1670374905989767e-11,9.244884835593757e-11,-9.959733007013985e-14,1.1726642717781897e-13,4.466918997351567e-14,-7.536739945235704e-10,-9.199977979042091e-13,-1.7298686716395394e-12,-2.9605947323058146e-16,0.0,0.0,0.0,0.0,0.0,0.0,0.0,0.0,0.0,0.0,0.0,0.0,0.0,0.0,0.0,4,"1215.0970773686058,1215.0970773685237,1215.097077369197,1215.0970773692413"
61490,614.934,world,614.933999999667,-5.254745733064323,0.5089864107652436,1.1444785530726374,9.439969209351822e-14,3.4321957954683765e-14,-0.7458749560248888,0.666085992927993,4.16620384082803e-11,9.243326006279205e-11,-9.960917244906917e-14,1.4223292178746318e-13,1.148119261799989e-13,-7.535282671996423e-10,-9.318319197252118e-13,-1.7348601669914201e-12,-1.7763568393961105e-15,0.0,0.0,0.0,0.0,0.0,0.0,0.0,0.0,0.0,0.0,0.0,0.0,0.0,0.0,0.0,4,"1215.0970773685312,1215.0970773685185,1215.0970773692547,1215.0970773692632"
61491,614.946,world,614.9459999996672,-5.254745733063822,0.5089864107663525,1.1444785530726374,9.500068418101083e-14,3.392859708206768e-14,-0.7458749560278999,0.6660859929246211,4.165075614571506e-11,9.241240626314296e-11,-9.96201266495788e-14,9.486522686065079e-14,-3.526846907142576e-14,-7.533869476327576e-10,-9.460644866419187e-13,-1.7376361988531764e-12,0.0,0.0,0.0,0.0,0.0,0.0,0.0,0.0,0.0,0.0,0.0,0.0,0.0,0.0,0.0,0.0,4,"1215.0970773687093,1215.0970773685312,1215.097077369117,1215.0970773692109"
61492,614.955,world,614.9549999996673,-5.254745733063446,0.5089864107671839,1.1444785530726374,9.513784547490855e-14,3.348783198093524e-14,-0.7458749560301581,0.6660859929220926,4.16422033288514e-11,9.239679172665827e-11,-9.962989661219549e-14,9.667809201118524e-14,-3.515749976651572e-14,-7.532581063882918e-10,-9.53827876672948e-13,-1.732996970372195e-12,-1.480297366165529e-15,0.0,0.0,0.0,0.0,0.0,0.0,0.0,0.0,0.0,0.0,0.0,0.0,0.0,0.0,0.0,4,"1215.0970773686035,1215.0970773685303,1215.097077369197,1215.097077369237"
61493,614.964,world,614.9639999996674,-5.2547457330630705,0.5089864107680152,1.1444785530726374,9.546454097716697e-14,3.312094775672556e-14,-0.7458749560324156,0.6660859929195646,4.163357483121568e-11,9.238120814795726e-11,-9.964203505059804e-14,1.2495953470692595e-13,4.486739673141079e-14,-7.531131034141316e-10,-9.632234663193691e-13,-1.7315351735883664e-12,-5.921189464611629e-16,0.0,0.0,0.0,0.0,0.0,0.0,0.0,0.0,0.0,0.0,0.0,0.0,0.0,0.0,0.0,4,"1215.0970773685262,1215.0970773685272,1215.0970773692563,1215.0970773692582"
61494,614.976,world,614.9759999996676,-5.2547457330625695,0.5089864107691237,1.1444785530726374,9.573618219307439e-14,3.254778557016085e-14,-0.7458749560354252,0.6660859929161944,4.1621933153679713e-11,9.23604419781524e-11,-9.966098285688498e-14,8.388666088980461e-14,-8.636664364734604e-14,-7.529724471358202e-10,-9.749460860678807e-13,-1.727290496598168e-12,-1.7763568393961105e-15,0.0,0.0,0.0,0.0,0.0,0.0,0.0,0.0,0.0,0.0,0.0,0.0,0.0,0.0,0.0,4,"1215.0970773687013,1215.0970773685408,1215.0970773691201,1215.0970773692052"
61495,614.985,world,614.9849999996677,-5.254745733062194,0.508986410769955,1.1444785530726374,9.570287325169442e-14,3.200528666747508e-14,-0.745874956037682,0.6660859929136673,4.161312684535629e-11,9.234494046983981e-11,-9.970006270735179e-14,9.085233789526365e-14,-7.066849233013832e-14,-7.528439479624751e-10,-9.815109852957071e-13,-1.718862896432636e-12,-5.033011044970372e-15,0.0,0.0,0.0,0.0,0.0,0.0,0.0,0.0,0.0,0.0,0.0,0.0,0.0,0.0,0.0,4,"1215.0970773685956,1215.0970773685397,1215.0970773692004,1215.0970773692313"
61496,614.994,world,614.9939999996678,-5.254745733061818,0.5089864107707863,1.1444785530726374,9.592574359317272e-14,3.156568383314979e-14,-0.7458749560399383,0.6660859929111407,4.1604252644768194e-11,9.232949748098231e-11,-9.975039281780146e-14,1.2411521073153184e-13,2.420635913652741e-14,-7.526992571425915e-10,-9.903051403004071e-13,-1.7149110404874773e-12,-6.513308411135901e-15,0.0,0.0,0.0,0.0,0.0,0.0,0.0,0.0,0.0,0.0,0.0,0.0,0.0,0.0,0.0,4,"1215.097077368519,1215.0970773685356,1215.097077369259,1215.0970773692527"
61497,615.006,world,615.005999999668,-5.254745733061317,0.5089864107718943,1.1444785530726374,9.61509813883615e-14,3.0935598894367355e-14,-0.7458749560429463,0.6660859929077725,4.159228662969514e-11,9.23089425120317e-11,-9.983476976767297e-14,8.822418095807853e-14,-9.065504834299914e-14,-7.525590032418665e-10,-1.0020578835563719e-12,-1.7091499281769675e-12,-7.401486830840267e-15,0.0,0.0,0.0,0.0,0.0,0.0,0.0,0.0,0.0,0.0,0.0,0.0,0.0,0.0,0.0,4,"1215.0970773686963,1215.097077368547,1215.0970773691222,1215.0970773692009"
61498,615.018,world,615.0179999996682,-5.254745733060816,0.5089864107730014,1.1444785530726374,9.616865224914362e-14,3.020293609110475e-14,-0.7458749560459534,0.6660859929044051,4.1580201425246244e-11,9.228850752686978e-11,-9.990345556546311e-14,1.0496954198027781e-13,-4.619142567556393e-14,-7.523858602415606e-10,-1.011801468564708e-12,-1.6984978951692847e-12,-5.329070518200953e-15,0.0,0.0,0.0,0.0,0.0,0.0,0.0,0.0,0.0,0.0,0.0,0.0,0.0,0.0,0.0,4,"1215.0970773683819,1215.097077368533,1215.097077369364,1215.0970773692877"
61499,615.024,world,615.0239999996683,-5.254745733060566,0.508986410773555,1.1444785530726374,9.641492193397619e-14,2.993503240505246e-14,-0.7458749560474568,0.6660859929027216,4.15741076438338e-11,9.227832298889003e-11,-9.993513392909907e-14,1.3336186734815536e-13,3.6850333177171645e-14,-7.522862697501324e-10,-1.018712725052493e-12,-1.6973915965469455e-12,-5.329070518200953e-15,0.0,0.0,0.0,0.0,0.0,0.0,0.0,0.0,0.0,0.0,0.0,0.0,0.0,0.0,0.0,4,"1215.0970773685158,1215.0970773685397,1215.0970773692611,1215.0970773692504"
61500,615.036,world,615.0359999996684,-5.254745733060065,0.5089864107746621,1.1444785530726374,9.675619379167664e-14,2.932666608314884e-14,-0.7458749560504632,0.6660859928993551,4.156179193589425e-11,9.225796751124391e-11,-9.998960887217401e-14,9.913795076358748e-14,-6.988962160873338e-14,-7.521460984546745e-10,-1.0318664083871074e-12,-1.6934252633901034e-12,-4.440892098496587e-15,0.0,0.0,0.0,0.0,0.0,0.0,0.0,0.0,0.0,0.0,0.0,0.0,0.0,0.0,0.0,4,"1215.0970773686938,1215.0970773685501,1215.0970773691242,1215.0970773691988"
61501,615.045,world,615.0449999996686,-5.254745733059689,0.5089864107754924,1.1444785530726374,9.631104190351167e-14,2.8563448342402366e-14,-0.7458749560527174,0.6660859928968309,4.1552478823376535e-11,9.224279198695944e-11,-1.0003105719842671e-13,3.080365479341885e-14,-2.7732201840908984e-13,-7.520706732979072e-10,-1.0357729673273867e-12,-1.6774184347593413e-12,-3.552713678804843e-15,0.0,0.0,0.0,0.0,0.0,0.0,0.0,0.0,0.0,0.0,0.0,0.0,0.0,0.0,0.0,4,"1215.097077368682,1215.097077368559,1215.097077369131,1215.0970773691952"
61502,615.054,world,615.0539999996687,-5.2547457330593135,0.5089864107763228,1.1444785530726374,9.556217487623303e-14,2.7665926989364263e-14,-0.7458749560549714,0.6660859928943068,4.154315576529459e-11,9.222781557896884e-11,-1.0006599221626827e-13,5.069588510870287e-14,-2.196286905144313e-13,-7.519417333190651e-10,-1.0364240991935677e-12,-1.654256313504622e-12,-5.033011044970372e-15,0.0,0.0,0.0,0.0,0.0,0.0,0.0,0.0,0.0,0.0,0.0,0.0,0.0,0.0,0.0,4,"1215.0970773685665,1215.0970773685644,1215.097077369217,1215.0970773692193"
61503,615.066,world,615.0659999996689,-5.2547457330588125,0.5089864107774299,1.1444785530726374,9.440299938645727e-14,2.6391951100518674e-14,-0.7458749560579765,0.6660859928909418,4.15307137729371e-11,9.220816845346412e-11,-1.001272765272276e-13,1.78519728738142e-14,-3.240821097495021e-13,-7.518154225255557e-10,-1.0363193049225342e-12,-1.620948428686709e-12,-5.329070518200953e-15,0.0,0.0,0.0,0.0,0.0,0.0,0.0,0.0,0.0,0.0,0.0,0.0,0.0,0.0,0.0,4,"1215.097077368703,1215.097077368586,1215.0970773691079,1215.09707736917"
61504,615.075,world,615.074999999669,-5.254745733058437,0.5089864107782596,1.1444785530726374,9.34751281168644e-14,2.5403162885091235e-14,-0.7458749560602296,0.6660859928884187,4.1521393322287395e-11,9.21937193316351e-11,-1.0016339578296206e-13,4.1252048939837426e-14,-2.5825362767918167e-13,-7.516936353097099e-10,-1.0355219805217742e-12,-1.5940738204050308e-12,-1.7763568393961105e-15,0.0,0.0,0.0,0.0,0.0,0.0,0.0,0.0,0.0,0.0,0.0,0.0,0.0,0.0,0.0,4,"1215.0970773685772,1215.097077368588,1215.097077369203,1215.0970773691995"
61505,615.084,world,615.0839999996691,-5.254745733058061,0.5089864107790889,1.1444785530726374,9.305961794761036e-14,2.4628928037605696e-14,-0.7458749560624828,0.6660859928858958,4.151206045279702e-11,9.217947129730318e-11,-1.0018382388661516e-13,9.623300704434098e-14,-9.687497300862677e-14,-7.515529166235935e-10,-1.0392072928496909e-12,-1.5765769644664317e-12,-2.3684757858698952e-15,0.0,0.0,0.0,0.0,0.0,0.0,0.0,0.0,0.0,0.0,0.0,0.0,0.0,0.0,0.0,4,"1215.0970773684871,1215.0970773685838,1215.0970773692723,1215.0970773692243"
61506,615.096,world,615.0959999996693,-5.25474573305756,0.5089864107801947,1.1444785530726374,9.291747140875846e-14,2.376559502562925e-14,-0.7458749560654857,0.666085992882533,4.1499529217026284e-11,9.216064397794643e-11,-1.001968505034374e-13,9.283628310981279e-14,-1.1143753617581675e-13,-7.514146487452618e-10,-1.0484194063722353e-12,-1.5621343374759346e-12,-2.9605947323058146e-16,0.0,0.0,0.0,0.0,0.0,0.0,0.0,0.0,0.0,0.0,0.0,0.0,0.0,0.0,0.0,4,"1215.097077368655,1215.097077368591,1215.0970773691442,1215.0970773691777"
61507,615.105,world,615.1049999996694,-5.2547457330571845,0.508986410781024,1.1444785530726374,9.301168832402001e-14,2.320190732891383e-14,-0.7458749560677379,0.666085992880011,4.149005418844732e-11,9.214662946972594e-11,-1.0020928500131319e-13,1.2637054379641522e-13,-1.0470226719817108e-14,-7.512861157549263e-10,-1.0569496322514272e-12,-1.5546611326530738e-12,-1.7763568393961105e-15,0.0,0.0,0.0,0.0,0.0,0.0,0.0,0.0,0.0,0.0,0.0,0.0,0.0,0.0,0.0,4,"1215.0970773685483,1215.0970773685829,1215.0970773692272,1215.0970773692093"
61508,615.114,world,615.1139999996695,-5.254745733056809,0.5089864107818534,1.1444785530726374,9.3711186709929e-14,2.2901275355171612e-14,-0.7458749560699895,0.6660859928774897,4.148047813163364e-11,9.213262967960247e-11,-1.0022527221286777e-13,1.828323730265887e-13,1.6122282298327622e-13,-7.5114013997089e-10,-1.0707444045102338e-12,-1.5586055824883169e-12,-1.7763568393961105e-15,0.0,0.0,0.0,0.0,0.0,0.0,0.0,0.0,0.0,0.0,0.0,0.0,0.0,0.0,0.0,4,"1215.0970773684755,1215.0970773685692,1215.0970773692861,1215.097077369237"
61509,615.126,world,615.1259999996697,-5.254745733056308,0.5089864107829591,1.1444785530726374,9.502730528655732e-14,2.2670683020148384e-14,-0.7458749560729911,0.6660859928741284,4.146748203355475e-11,9.211383155278633e-11,-1.0023741065127033e-13,1.7103094522947694e-13,1.279234832168979e-13,-7.509966491557591e-10,-1.093072712398196e-12,-1.5725525606327242e-12,-2.6645352591004767e-15,0.0,0.0,0.0,0.0,0.0,0.0,0.0,0.0,0.0,0.0,0.0,0.0,0.0,0.0,0.0,4,"1215.0970773686604,1215.097077368567,1215.0970773691465,1215.0970773691938"
61510,615.135,world,615.1349999996698,-5.254745733055932,0.5089864107837885,1.1444785530726374,9.609093025447892e-14,2.2534639501719913e-14,-0.7458749560752421,0.666085992871608,4.1457560780028305e-11,9.20996259030792e-11,-1.0027116143121895e-13,1.9271255670730063e-13,1.9589973975029644e-13,-7.50865278828389e-10,-1.110272649367915e-12,-1.5841516307979391e-12,-3.552713678804843e-15,0.0,0.0,0.0,0.0,0.0,0.0,0.0,0.0,0.0,0.0,0.0,0.0,0.0,0.0,0.0,4,"1215.097077368563,1215.0970773685535,1215.0970773692234,1215.0970773692272"
61511,615.147,world,615.14699999967,-5.254745733055431,0.5089864107848934,1.1444785530726374,9.817745921955986e-14,2.2649493235163547e-14,-0.7458749560782425,0.6660859928682481,4.14440585662836e-11,9.208044941574334e-11,-1.0030846492484638e-13,2.246646453681156e-13,2.9597452103412894e-13,-7.506823917942555e-10,-1.1390682748527955e-12,-1.612584046419877e-12,-3.552713678804843e-15,0.0,0.0,0.0,0.0,0.0,0.0,0.0,0.0,0.0,0.0,0.0,0.0,0.0,0.0,0.0,4,"1215.0970773688089,1215.097077368552,1215.0970773690376,1215.097077369169"
61512,615.156,world,615.1559999996701,-5.2547457330550555,0.5089864107857217,1.1444785530726374,9.966365421613629e-14,2.270621119197265e-14,-0.7458749560804926,0.6660859928657286,4.1433699625071685e-11,9.20658300815021e-11,-1.0032711667166006e-13,2.0158487591085326e-13,2.289570271687882e-13,-7.505715373999435e-10,-1.1602252133674583e-12,-1.6331583738022459e-12,-5.921189464611629e-16,0.0,0.0,0.0,0.0,0.0,0.0,0.0,0.0,0.0,0.0,0.0,0.0,0.0,0.0,0.0,4,"1215.0970773686831,1215.0970773685367,1215.097077369137,1215.0970773692113"
61513,615.165,world,615.1649999996703,-5.25474573305468,0.50898641078655,1.1444785530726374,1.0105575647120301e-13,2.2726618855112904e-14,-0.745874956082742,0.6660859928632097,4.142315832021796e-11,9.205104207308682e-11,-1.0033481421796412e-13,2.0767838236452395e-13,2.5051293143209453e-13,-7.504390628080462e-10,-1.1802883002600492e-12,-1.6515554012359388e-12,-5.921189464611629e-16,0.0,0.0,0.0,0.0,0.0,0.0,0.0,0.0,0.0,0.0,0.0,0.0,0.0,0.0,0.0,4,"1215.0970773685856,1215.097077368526,1215.0970773692134,1215.0970773692427"
61514,615.174,world,615.1739999996704,-5.254745733054304,0.5089864107873784,1.1444785530726374,1.0214852508830752e-13,2.2622292941629095e-14,-0.7458749560849913,0.6660859928606908,4.141244220411619e-11,9.203609986522908e-11,-1.0034991325109899e-13,1.5704792651206176e-13,1.0071393795778605e-13,-7.503428614847742e-10,-1.197964172662263e-12,-1.6650014049516024e-12,-2.9605947323058146e-16,0.0,0.0,0.0,0.0,0.0,0.0,0.0,0.0,0.0,0.0,0.0,0.0,0.0,0.0,0.0,4,"1215.097077368608,1215.0970773685267,1215.097077369196,1215.097077369237"
61515,615.186,world,615.1859999996706,-5.254745733053803,0.5089864107884828,1.1444785530726374,1.0297163714598557e-13,2.221505213450938e-14,-0.7458749560879897,0.6660859928573333,4.1397950451718705e-11,9.201608188052345e-11,-1.0036797287896619e-13,1.3912420683642506e-13,5.015106672543155e-14,-7.50183608107794e-10,-1.2154419496283348e-12,-1.6700355742152426e-12,-1.7763568393961105e-15,0.0,0.0,0.0,0.0,0.0,0.0,0.0,0.0,0.0,0.0,0.0,0.0,0.0,0.0,0.0,4,"1215.0970773686154,1215.0970773685335,1215.0970773691888,1215.0970773692302"
61516,615.195,world,615.1949999996707,-5.2547457330534275,0.5089864107893112,1.1444785530726374,1.0370067806487388e-13,2.1961941150892373e-14,-0.7458749560902381,0.6660859928548155,4.138694512171645e-11,9.200103014539685e-11,-1.0037448618737732e-13,1.6440477694153698e-13,1.2794147987139004e-13,-7.500401668795167e-10,-1.2292536701716578e-12,-1.675505030073467e-12,1.1842378929349476e-15,0.0,0.0,0.0,0.0,0.0,0.0,0.0,0.0,0.0,0.0,0.0,0.0,0.0,0.0,0.0,4,"1215.0970773685274,1215.0970773685287,1215.0970773692566,1215.0970773692554"
61517,615.204,world,615.2039999996708,-5.254745733053052,0.5089864107901395,1.1444785530726374,1.049055923599164e-13,2.1916522772204528e-14,-0.7458749560924861,0.6660859928522983,4.137579666947846e-11,9.198588806370166e-11,-1.0036974923580559e-13,2.095043484970388e-13,2.6417495989847776e-13,-7.498826950008588e-10,-1.2471823204840043e-12,-1.689950459784524e-12,1.7763568393961105e-15,0.0,0.0,0.0,0.0,0.0,0.0,0.0,0.0,0.0,0.0,0.0,0.0,0.0,0.0,0.0,4,"1215.0970773684687,1215.0970773685185,1215.0970773693034,1215.097077369278"
61518,615.219,world,615.218999999671,-5.254745733052426,0.5089864107915186,1.1444785530726374,1.0698653537747053e-13,2.1871686520310712e-14,-0.7458749560962317,0.6660859928481041,4.135683009888354e-11,9.196030357809374e-11,-1.0033481421796405e-13,1.763293450151839e-13,1.6403322489650095e-13,-7.496857460509582e-10,-1.278425500047311e-12,-1.7169464174007683e-12,1.7763568393961105e-15,0.0,0.0,0.0,0.0,0.0,0.0,0.0,0.0,0.0,0.0,0.0,0.0,0.0,0.0,0.0,4,"1215.097077368452,1215.097077368508,1215.097077369319,1215.0970773692898"
61519,615.225,world,615.2249999996711,-5.254745733052175,0.5089864107920702,1.1444785530726374,1.0776665121545351e-13,2.183151476776485e-14,-0.7458749560977297,0.6660859928464267,4.134911852652342e-11,9.194996995201613e-11,-1.0032356395798118e-13,1.8614193028272424e-13,1.9425963267823786e-13,-7.49590535665953e-10,-1.2902916734885382e-12,-1.7263944839603989e-12,1.7763568393961105e-15,0.0,0.0,0.0,0.0,0.0,0.0,0.0,0.0,0.0,0.0,0.0,0.0,0.0,0.0,0.0,4,"1215.0970773685742,1215.0970773685135,1215.0970773692252,1215.0970773692559"
61520,615.234,world,615.2339999996713,-5.2547457330517995,0.5089864107928975,1.1444785530726374,1.0914244761866725e-13,2.186275800078629e-14,-0.7458749560999762,0.6660859928439109,4.133741108155212e-11,9.193434859487795e-11,-1.002927737727649e-13,2.1309982648144407e-13,2.7846660430979454e-13,-7.49438057732555e-10,-1.309836135947291e-12,-1.7444385555722151e-12,4.440892098496587e-15,0.0,0.0,0.0,0.0,0.0,0.0,0.0,0.0,0.0,0.0,0.0,0.0,0.0,0.0,0.0,4,"1215.0970773685092,1215.0970773685042,1215.0970773692773,1215.0970773692784"
61521,615.246,world,615.2459999996714,-5.2547457330512986,0.5089864107940006,1.1444785530726374,1.1002043860093694e-13,2.1497579834811387e-14,-0.745874956102971,0.6660859928405575,4.132154335776705e-11,9.191329978651973e-11,-1.0025339786282486e-13,4.8686567960385966e-14,-2.138116950206997e-13,-7.493655938610313e-10,-1.3284949627813708e-12,-1.7528112174775391e-12,2.0724163126393138e-15,0.0,0.0,0.0,0.0,0.0,0.0,0.0,0.0,0.0,0.0,0.0,0.0,0.0,0.0,0.0,4,"1215.0970773689264,1215.0970773685347,1215.0970773689535,1215.0970773691542"
61522,615.255,world,615.2549999996716,-5.254745733050923,0.508986410794828,1.1444785530726374,1.0906353973496424e-13,2.0527714577772008e-14,-0.7458749561052171,0.6660859928380424,4.130958784542561e-11,9.189764570973455e-11,-1.0023504217548441e-13,-9.845060230731045e-16,-3.6225316715315777e-13,-7.492695551935802e-10,-1.3275061271535107e-12,-1.7268505793948158e-12,1.7763568393961105e-15,0.0,0.0,0.0,0.0,0.0,0.0,0.0,0.0,0.0,0.0,0.0,0.0,0.0,0.0,0.0,4,"1215.097077368743,1215.097077368548,1215.0970773690888,1215.0970773691888"
61523,615.264,world,615.2639999996717,-5.254745733050549,0.5089864107956553,1.1444785530726374,1.0781768303524585e-13,1.943361482392345e-14,-0.7458749561074628,0.6660859928355275,4.1297660675321356e-11,9.188226703071287e-11,-1.0021727860709044e-13,2.2968944398502223e-15,-3.524149851983279e-13,-7.49147437691745e-10,-1.3235638340689302e-12,-1.6945472778753944e-12,1.7763568393961105e-15,0.0,0.0,0.0,0.0,0.0,0.0,0.0,0.0,0.0,0.0,0.0,0.0,0.0,0.0,0.0,4,"1215.0970773685995,1215.097077368561,1215.097077369194,1215.0970773692143"
61524,615.276,world,615.2759999996719,-5.254745733050059,0.5089864107967579,1.1444785530726374,1.0579530231975306e-13,1.7815002068023726e-14,-0.7458749561104564,0.6660859928321755,4.1281824434310545e-11,9.186223971586092e-11,-1.001921135518656e-13,-3.7191544814414335e-14,-4.748619427991614e-13,-7.490250854811926e-10,-1.31537875478686e-12,-1.645010785827363e-12,2.0724163126393138e-15,0.0,0.0,0.0,0.0,0.0,0.0,0.0,0.0,0.0,0.0,0.0,0.0,0.0,0.0,0.0,4,"1215.0970773687056,1215.0970773685915,1215.0970773691058,1215.097077369166"
61525,615.285,world,615.284999999672,-5.254745733049691,0.5089864107975842,1.1444785530726374,1.0421616928545221e-13,1.6568115948855027e-14,-0.7458749561127015,0.6660859928296614,4.12700236616387e-11,9.184763644635244e-11,-1.0016517213980135e-13,-9.922614043413136e-15,-3.965444591635747e-13,-7.489035540476099e-10,-1.3084017412079261e-12,-1.6057970008915248e-12,2.6645352591004767e-15,0.0,0.0,0.0,0.0,0.0,0.0,0.0,0.0,0.0,0.0,0.0,0.0,0.0,0.0,0.0,4,"1215.097077368563,1215.0970773685983,1215.0970773692118,1215.0970773691954"
61526,615.294,world,615.2939999996721,-5.254745733049323,0.5089864107984106,1.1444785530726374,1.0323941492688618e-13,1.55781820731476e-14,-0.7458749561149459,0.6660859928271482,4.1258262834138675e-11,9.183333778608137e-11,-1.0015747459349729e-13,5.311953860920134e-14,-2.0622102083890874e-13,-7.487613766382179e-10,-1.3066399644087372e-12,-1.5776783939030198e-12,8.881784197043661e-16,0.0,0.0,0.0,0.0,0.0,0.0,0.0,0.0,0.0,0.0,0.0,0.0,0.0,0.0,0.0,4,"1215.0970773684621,1215.0970773685965,1215.0970773692902,1215.0970773692195"
61527,615.306,world,615.3059999996723,-5.254745733048833,0.5089864107995123,1.1444785530726374,1.0257110774341621e-13,1.455544282398206e-14,-0.7458749561179382,0.6660859928237975,4.124256076734176e-11,9.181456490930821e-11,-1.0015184946350587e-13,5.5137604737671666e-14,-1.6698659563220297e-13,-7.486189078875852e-10,-1.3101790410852853e-12,-1.5537725383132098e-12,5.921189464611629e-16,0.0,0.0,0.0,0.0,0.0,0.0,0.0,0.0,0.0,0.0,0.0,0.0,0.0,0.0,0.0,4,"1215.0970773686274,1215.0970773685963,1215.0970773691754,1215.097077369169"
61528,615.315,world,615.3149999996724,-5.254745733048465,0.5089864108003387,1.1444785530726374,1.0241740865683588e-13,1.4034935610469577e-14,-0.7458749561201818,0.666085992821285,4.123074994554327e-11,9.180064253757626e-11,-1.0015777065297054e-13,7.281799538424843e-14,-2.4809191083022364e-14,-7.484861372319262e-10,-1.314568993906536e-12,-1.5434825979188807e-12,-2.9605947323058146e-16,0.0,0.0,0.0,0.0,0.0,0.0,0.0,0.0,0.0,0.0,0.0,0.0,0.0,0.0,0.0,4,"1215.0970773685285,1215.0970773685758,1215.0970773692684,1215.0970773691954"
61529,615.324,world,615.3239999996725,-5.2547457330480976,0.508986410801165,1.1444785530726374,1.0291908284711526e-13,1.3986032523089284e-14,-0.745874956122425,0.666085992818773,4.1218883228941876e-11,9.178674153998181e-11,-1.0016872485348014e-13,9.049815652793901e-14,1.8348874457733194e-13,-7.483352401945791e-10,-1.322345533259409e-12,-1.548324854352771e-12,-1.7763568393961105e-15,0.0,0.0,0.0,0.0,0.0,0.0,0.0,0.0,0.0,0.0,0.0,0.0,0.0,0.0,0.0,4,"1215.0970773684662,1215.097077368548,1215.097077369336,1215.0970773692177"
61530,615.336,world,615.3359999996727,-5.254745733047607,0.5089864108022668,1.1444785530726374,1.0390038187434632e-13,1.4513366875309666e-14,-0.7458749561254155,0.6660859928154242,4.120295242341728e-11,9.176803021988867e-11,-1.0018056723240946e-13,-6.210718405912272e-15,1.8794323391251898e-13,-7.481841803053309e-10,-1.3302616815840541e-12,-1.5687531364063981e-12,-1.1842378929349476e-15,0.0,0.0,0.0,0.0,0.0,0.0,0.0,0.0,0.0,0.0,0.0,0.0,0.0,0.0,0.0,4,"1215.0970773686654,1215.0970773685274,1215.0970773692052,1215.09707736917"
61531,615.345,world,615.3449999996728,-5.25474573304724,0.5089864108030927,1.1444785530726374,1.0453720050294706e-13,1.5323271093545943e-14,-0.7458749561276579,0.6660859928129134,4.1190981798674385e-11,9.175381988619351e-11,-1.0019359384923171e-13,-7.323638560235016e-14,2.727344662882819e-13,-7.480468366339581e-10,-1.329279060415502e-12,-1.5884822160394462e-12,-1.7763568393961105e-15,0.0,0.0,0.0,0.0,0.0,0.0,0.0,0.0,0.0,0.0,0.0,0.0,0.0,0.0,0.0,4,"1215.0970773685804,1215.0970773685015,1215.097077369286,1215.0970773692"
61532,615.354,world,615.353999999673,-5.254745733046872,0.508986410803918,1.1444785530726374,1.0535593717249692e-13,1.6688335345987226e-14,-0.7458749561299,0.6660859928104027,4.1179043805983014e-11,9.173938408393879e-11,-1.0020780470394691e-13,-1.3698221874262538e-13,4.078019434837801e-13,-7.478926441349862e-10,-1.323660063059204e-12,-1.6184611370261392e-12,-1.1842378929349476e-15,0.0,0.0,0.0,0.0,0.0,0.0,0.0,0.0,0.0,0.0,0.0,0.0,0.0,0.0,0.0,4,"1215.0970773685226,1215.0970773684758,1215.0970773693423,1215.097077369227"
61533,615.366,world,615.3659999996731,-5.254745733046382,0.5089864108050185,1.1444785530726374,1.0600957952924292e-13,1.9129036999971244e-14,-0.7458749561328885,0.6660859928070563,4.116327579753293e-11,9.171966286203473e-11,-1.0022497615339441e-13,-3.2235338967056315e-13,3.063338689628866e-13,-7.477387142591841e-10,-1.302280838321245e-12,-1.6630657141200955e-12,-1.7763568393961105e-15,0.0,0.0,0.0,0.0,0.0,0.0,0.0,0.0,0.0,0.0,0.0,0.0,0.0,0.0,0.0,4,"1215.0970773687172,1215.0970773684662,1215.0970773691986,1215.0970773691859"
61534,615.375,world,615.3749999996733,-5.254745733046014,0.5089864108058438,1.1444785530726374,1.0589117230917997e-13,2.1317217266621077e-14,-0.7458749561351297,0.6660859928045467,4.1151697392502667e-11,9.170454566858157e-11,-1.0022586433181409e-13,-4.33978523105745e-13,3.128369490124419e-13,-7.476001028816446e-10,-1.2725086102597988e-12,-1.6934485115984872e-12,8.881784197043661e-16,0.0,0.0,0.0,0.0,0.0,0.0,0.0,0.0,0.0,0.0,0.0,0.0,0.0,0.0,0.0,4,"1215.0970773686233,1215.0970773684533,1215.097077369271,1215.0970773692209"
61535,615.384,world,615.3839999996734,-5.254745733045646,0.5089864108066692,1.1444785530726374,1.0560213083734731e-13,2.3947991877670658e-14,-0.7458749561373702,0.6660859928020377,4.114043122268809e-11,9.168913876976925e-11,-1.002223116181353e-13,-5.199988726720037e-13,3.7658791029779774e-13,-7.474452382313976e-10,-1.234300746755114e-12,-1.7278076035045489e-12,-1.1842378929349476e-15,0.0,0.0,0.0,0.0,0.0,0.0,0.0,0.0,0.0,0.0,0.0,0.0,0.0,0.0,0.0,4,"1215.0970773685542,1215.0970773684417,1215.09707736932,1215.0970773692518"
61536,615.396,world,615.3959999996736,-5.254745733045156,0.5089864108077696,1.1444785530726374,1.0439817878257454e-13,2.7821409312698184e-14,-0.7458749561403571,0.6660859927986931,4.112603284568587e-11,9.166811523257828e-11,-1.002525096844051e-13,-7.017031519463113e-13,1.9728635101105717e-13,-7.472910650306438e-10,-1.1670601121278896e-12,-1.7694872198176177e-12,-2.3684757858698952e-15,0.0,0.0,0.0,0.0,0.0,0.0,0.0,0.0,0.0,0.0,0.0,0.0,0.0,0.0,0.0,4,"1215.097077368732,1215.0970773684517,1215.0970773691704,1215.0970773692134"
61537,615.405,world,615.4049999996737,-5.254745733044788,0.508986410808595,1.1444785530726374,1.0273358673743896e-13,3.0848669798212285e-14,-0.7458749561425968,0.666085992796185,4.111584111390458e-11,9.165207562604253e-11,-1.0027501020437086e-13,-7.874857359206638e-13,1.5978440155623265e-13,-7.471527105224338e-10,-1.1036088483612346e-12,-1.7921759882592733e-12,-2.3684757858698952e-15,0.0,0.0,0.0,0.0,0.0,0.0,0.0,0.0,0.0,0.0,0.0,0.0,0.0,0.0,0.0,4,"1215.097077368626,1215.0970773684521,1215.0970773692395,1215.0970773692493"
61538,615.414,world,615.4139999996738,-5.2547457330444205,0.5089864108094195,1.1444785530726374,1.0087569029960449e-13,3.409111722180665e-14,-0.7458749561448361,0.6660859927936775,4.110625315011476e-11,9.163583470037958e-11,-1.0031912306588263e-13,-8.312528331979821e-13,1.9292954315570186e-13,-7.469983673500307e-10,-1.0342732909577043e-12,-1.8151622635044188e-12,-5.033011044970372e-15,0.0,0.0,0.0,0.0,0.0,0.0,0.0,0.0,0.0,0.0,0.0,0.0,0.0,0.0,0.0,4,"1215.0970773685458,1215.0970773684535,1215.097077369288,1215.09707736928"
61539,615.426,world,615.425999999674,-5.25474573304393,0.5089864108105187,1.1444785530726374,9.769759814507042e-14,3.8417021585031366e-14,-0.7458749561478212,0.6660859927903346,4.1094491882036024e-11,9.161388334069711e-11,-1.0033836693164278e-13,-9.38086597861628e-13,-5.277139614086585e-15,-7.468451539561645e-10,-9.318901441154994e-13,-1.8378075325985364e-12,8.881784197043661e-16,0.0,0.0,0.0,0.0,0.0,0.0,0.0,0.0,0.0,0.0,0.0,0.0,0.0,0.0,0.0,4,"1215.097077368711,1215.0970773684776,1215.0970773691404,1215.097077369239"
61540,615.435,world,615.4349999996741,-5.2547457330435625,0.508986410811343,1.1444785530726374,9.474160767991433e-14,4.151956111189389e-14,-0.7458749561500596,0.6660859927878283,4.1086521991315294e-11,9.159730710752017e-11,-1.0033629451533014e-13,-9.573465116047092e-13,-4.125073576910538e-14,-7.467076957118339e-10,-8.482400313331565e-13,-1.844758174599717e-12,1.1842378929349476e-15,0.0,0.0,0.0,0.0,0.0,0.0,0.0,0.0,0.0,0.0,0.0,0.0,0.0,0.0,0.0,4,"1215.0970773685976,1215.0970773684867,1215.0970773692122,1215.0970773692718"
61541,615.444,world,615.4439999996742,-5.254745733043195,0.5089864108121673,1.1444785530726374,9.18239795940157e-14,4.462836818728244e-14,-0.7458749561522977,0.6660859927853222,4.107930756725897e-11,9.158067233087209e-11,-1.0033747875322306e-13,-9.304715235345034e-13,4.745556370361672e-15,-7.465544170209668e-10,-7.647968588676871e-13,-1.851923089298752e-12,-1.1842378929349476e-15,0.0,0.0,0.0,0.0,0.0,0.0,0.0,0.0,0.0,0.0,0.0,0.0,0.0,0.0,0.0,4,"1215.0970773685128,1215.097077368493,1215.0970773692634,1215.0970773692986"
61542,615.456,world,615.4559999996744,-5.2547457330427045,0.5089864108132665,1.1444785530726374,8.765085636436793e-14,4.849346344909956e-14,-0.7458749561552808,0.6660859927819816,4.107084949328868e-11,9.155841075608301e-11,-1.0035228172688471e-13,-9.46090798892377e-13,-1.6518170417256685e-13,-7.46402772822713e-10,-6.534167273585758e-13,-1.8547420228312796e-12,-1.480297366165529e-15,0.0,0.0,0.0,0.0,0.0,0.0,0.0,0.0,0.0,0.0,0.0,0.0,0.0,0.0,0.0,4,"1215.0970773686772,1215.0970773685185,1215.0970773691201,1215.097077369252"
61543,615.465,world,615.4649999996745,-5.254745733042337,0.5089864108140908,1.1444785530726374,8.427338401136225e-14,5.107364063499852e-14,-0.7458749561575179,0.6660859927794764,4.106538853016003e-11,9.154174950315991e-11,-1.0036175563002816e-13,-9.01899257807733e-13,-1.7539268586203475e-13,-7.462666116964539e-10,-5.701005715716289e-13,-1.8484547597127097e-12,-2.9605947323058146e-16,0.0,0.0,0.0,0.0,0.0,0.0,0.0,0.0,0.0,0.0,0.0,0.0,0.0,0.0,0.0,4,"1215.0970773685656,1215.0970773685262,1215.097077369195,1215.0970773692814"
61544,615.474,world,615.4739999996747,-5.254745733041969,0.5089864108149144,1.1444785530726374,8.120354652977488e-14,5.35377579523511e-14,-0.7458749561597545,0.666085992776972,4.106065174142969e-11,9.152514040079571e-11,-1.0034932113215235e-13,-8.185755394655552e-13,-1.0226614971459158e-13,-7.46114675230489e-10,-4.925615887373626e-13,-1.8440993779745825e-12,1.7763568393961105e-15,0.0,0.0,0.0,0.0,0.0,0.0,0.0,0.0,0.0,0.0,0.0,0.0,0.0,0.0,0.0,4,"1215.097077368484,1215.09707736853,1215.09707736925,1215.0970773693048"
61545,615.486,world,615.4859999996748,-5.254745733041479,0.5089864108160121,1.1444785530726374,7.720751680223784e-14,5.640443141148927e-14,-0.7458749561627361,0.6660859927736333,4.105536859731584e-11,9.150305696154543e-11,-1.0031290581694465e-13,-7.731487284638972e-13,-2.3577393087443225e-13,-7.45964835958342e-10,-3.964957823670876e-13,-1.834482493144787e-12,3.2566542055616396e-15,0.0,0.0,0.0,0.0,0.0,0.0,0.0,0.0,0.0,0.0,0.0,0.0,0.0,0.0,0.0,4,"1215.0970773686538,1215.0970773685503,1215.097077369112,1215.0970773692532"
61546,615.495,world,615.494999999675,-5.254745733041111,0.5089864108168355,1.1444785530726374,7.421149520139557e-14,5.817195398537632e-14,-0.7458749561649719,0.6660859927711297,4.105214237073495e-11,9.14866146208257e-11,-1.0026879295543288e-13,-6.941058235518482e-13,-2.1908087733702662e-13,-7.458300070632623e-10,-3.2919007649776456e-13,-1.8211784023056965e-12,4.440892098496587e-15,0.0,0.0,0.0,0.0,0.0,0.0,0.0,0.0,0.0,0.0,0.0,0.0,0.0,0.0,0.0,4,"1215.0970773685463,1215.0970773685538,1215.0970773691904,1215.097077369279"
61547,615.504,world,615.5039999996751,-5.254745733040743,0.5089864108176588,1.1444785530726374,7.170066303681363e-14,5.980114104580016e-14,-0.7458749561672071,0.6660859927686267,4.104948088837621e-11,9.147027755665806e-11,-1.0022912098601959e-13,-5.857194085314937e-13,-1.2088519633915027e-13,-7.456794165744015e-10,-2.7059861732994363e-13,-1.8118031923280794e-12,3.848773152035424e-15,0.0,0.0,0.0,0.0,0.0,0.0,0.0,0.0,0.0,0.0,0.0,0.0,0.0,0.0,0.0,4,"1215.0970773684696,1215.0970773685526,1215.097077369248,1215.0970773692993"
61548,615.516,world,615.5159999996753,-5.254745733040253,0.5089864108187566,1.1444785530726374,6.866084089757261e-14,6.156103710947346e-14,-0.7458749561701871,0.6660859927652897,4.104667978243671e-11,9.144860956516111e-11,-1.0018560024345427e-13,-5.210921079250639e-13,-2.2638348790088743e-13,-7.45531363400883e-10,-2.0286900003410035e-13,-1.7983606431900724e-12,2.0724163126393138e-15,0.0,0.0,0.0,0.0,0.0,0.0,0.0,0.0,0.0,0.0,0.0,0.0,0.0,0.0,0.0,4,"1215.097077368646,1215.0970773685656,1215.0970773691122,1215.097077369245"
61549,615.525,world,615.5249999996754,-5.2547457330398855,0.50898641081958,1.1444785530726374,6.648884110908383e-14,6.252503922004138e-14,-0.7458749561724214,0.6660859927627878,4.104508407303227e-11,9.14324986317999e-11,-1.0015925095033649e-13,-4.37089747829363e-13,-1.940857896787815e-13,-7.453979285496897e-10,-1.5808092867645492e-13,-1.7839928636631516e-12,5.033011044970372e-15,0.0,0.0,0.0,0.0,0.0,0.0,0.0,0.0,0.0,0.0,0.0,0.0,0.0,0.0,0.0,4,"1215.097077368544,1215.0970773685638,1215.0970773691913,1215.0970773692702"
61550,615.534,world,615.5339999996755,-5.254745733039518,0.5089864108204026,1.1444785530726374,6.485045580112705e-14,6.338452155331799e-14,-0.7458749561746556,0.666085992760286,4.104384846863689e-11,9.141649653199766e-11,-1.0012017109986966e-13,-3.30388289892328e-13,-8.523445271789685e-14,-7.45248713836851e-10,-1.2230906818992984e-13,-1.7747018118682363e-12,2.0724163126393138e-15,0.0,0.0,0.0,0.0,0.0,0.0,0.0,0.0,0.0,0.0,0.0,0.0,0.0,0.0,0.0,4,"1215.0970773684717,1215.097077368558,1215.0970773692495,1215.0970773692898"
61551,615.546,world,615.5459999996757,-5.2547457330390275,0.5089864108214991,1.1444785530726374,6.299300131107264e-14,6.418455820425196e-14,-0.7458749561776334,0.6660859927569514,4.104263146947377e-11,9.13952661097916e-11,-1.0007813065467054e-13,-2.767124931296132e-13,-1.821630046190563e-13,-7.451024067784943e-10,-8.446334841577559e-14,-1.7626155622041273e-12,1.7763568393961105e-15,0.0,0.0,0.0,0.0,0.0,0.0,0.0,0.0,0.0,0.0,0.0,0.0,0.0,0.0,0.0,4,"1215.0970773686524,1215.0970773685663,1215.097077369115,1215.097077369235"
61552,615.555,world,615.5549999996758,-5.25474573303866,0.5089864108223214,1.1444785530726374,6.168924178473254e-14,6.448712007169553e-14,-0.7458749561798668,0.6660859927544506,4.104199358285697e-11,9.137946897954394e-11,-1.0006273556206242e-13,-2.0570117681854963e-13,-1.4662144695827055e-13,-7.449701993155191e-10,-6.107873464020767e-14,-1.7498910437071788e-12,3.2566542055616396e-15,0.0,0.0,0.0,0.0,0.0,0.0,0.0,0.0,0.0,0.0,0.0,0.0,0.0,0.0,0.0,4,"1215.0970773685524,1215.0970773685622,1215.0970773691945,1215.0970773692598"
61553,615.564,world,615.563999999676,-5.254745733038292,0.5089864108231438,1.1444785530726374,6.088327531523176e-14,6.474009619720436e-14,-0.7458749561820994,0.6660859927519505,4.104152911987972e-11,9.136376404849729e-11,-1.000428995773558e-13,-1.1455873434124313e-13,-3.6691722769705196e-14,-7.44822215377529e-10,-4.5482590158811533e-14,-1.7425880118566064e-12,2.960594732331058e-15,0.0,0.0,0.0,0.0,0.0,0.0,0.0,0.0,0.0,0.0,0.0,0.0,0.0,0.0,0.0,4,"1215.097077368482,1215.097077368555,1215.0970773692527,1215.0970773692795"
61554,615.576,world,615.5759999996761,-5.254745733037802,0.5089864108242402,1.1444785530726374,6.005923527638604e-14,6.481533754099369e-14,-0.7458749561850759,0.6660859927486175,4.10410709337716e-11,9.134290030016921e-11,-9.999997095373692e-14,-8.303260411792865e-14,-1.3528191518152456e-13,-7.446775163951036e-10,-3.2332136434576575e-14,-1.7333947702400175e-12,3.552713678804843e-15,0.0,0.0,0.0,0.0,0.0,0.0,0.0,0.0,0.0,0.0,0.0,0.0,0.0,0.0,0.0,4,"1215.097077368664,1215.097077368562,1215.0970773691174,1215.0970773692259"
61555,615.585,world,615.5849999996763,-5.254745733037434,0.5089864108250626,1.1444785530726374,5.946195842751657e-14,6.463170311299569e-14,-0.7458749561873078,0.6660859927461182,4.1040817229681e-11,9.132735540471291e-11,-9.996947682799388e-14,-2.909462452184543e-14,-1.0363268660983201e-13,-7.445465371511915e-10,-2.5719612186047187e-14,-1.7227963719592948e-12,3.2566542055616396e-15,0.0,0.0,0.0,0.0,0.0,0.0,0.0,0.0,0.0,0.0,0.0,0.0,0.0,0.0,0.0,4,"1215.097077368565,1215.0970773685567,1215.097077369196,1215.0970773692513"
61556,615.594,world,615.5939999996764,-5.254745733037066,0.5089864108258847,1.1444785530726374,5.929538808787983e-14,6.444136706260255e-14,-0.7458749561895393,0.6660859927436195,4.104059370410788e-11,9.131188467382822e-11,-9.994460783224228e-14,4.515194479680435e-14,8.60504456372183e-16,-7.443997438930894e-10,-2.5354079671030372e-14,-1.7173781938027243e-12,2.3684757858698952e-15,0.0,0.0,0.0,0.0,0.0,0.0,0.0,0.0,0.0,0.0,0.0,0.0,0.0,0.0,0.0,4,"1215.0970773684942,1215.097077368549,1215.0970773692536,1215.097077369272"
61557,615.606,world,615.6059999996766,-5.254745733036576,0.5089864108269798,1.1444785530726374,5.921991990424632e-14,6.398205585968591e-14,-0.745874956192514,0.6660859927402885,4.10402574061489e-11,9.129130991183194e-11,-9.992891668016094e-14,5.677805884616183e-14,-1.0531533882392597e-13,-7.442564620177292e-10,-3.0239483726214827e-14,-1.7101703707379248e-12,1.7763568393961105e-15,0.0,0.0,0.0,0.0,0.0,0.0,0.0,0.0,0.0,0.0,0.0,0.0,0.0,0.0,0.0,4,"1215.0970773686747,1215.0970773685567,1215.0970773691179,1215.0970773692193"
61558,615.615,world,615.6149999996767,-5.254745733036208,0.5089864108278012,1.1444785530726374,5.911352785562294e-14,6.34349386778202e-14,-0.7458749561947445,0.6660859927377905,4.103996161895339e-11,9.127596828816897e-11,-9.991855459859779e-14,9.710567955016755e-14,-7.811962920702278e-14,-7.441264901253942e-10,-3.5625675196238753e-14,-1.7006820155840027e-12,2.9605947323058146e-16,0.0,0.0,0.0,0.0,0.0,0.0,0.0,0.0,0.0,0.0,0.0,0.0,0.0,0.0,0.0,4,"1215.0970773685742,1215.0970773685526,1215.097077369197,1215.0970773692445"
61559,615.624,world,615.6239999996768,-5.254745733035841,0.5089864108286225,1.1444785530726374,5.9387128583974e-14,6.291502806769683e-14,-0.7458749561969747,0.6660859927352932,4.1039594052356984e-11,9.126069185653387e-11,-9.993098909647358e-14,1.5866070710935648e-13,2.406311587900287e-14,-7.439807048964101e-10,-4.60682698920711e-14,-1.6961975350438913e-12,-1.480297366165529e-15,0.0,0.0,0.0,0.0,0.0,0.0,0.0,0.0,0.0,0.0,0.0,0.0,0.0,0.0,0.0,4,"1215.0970773685024,1215.097077368546,1215.097077369255,1215.0970773692645"
61560,615.636,world,615.635999999677,-5.25474573303535,0.5089864108297176,1.1444785530726374,5.983439779820596e-14,6.207388403299976e-14,-0.7458749561999479,0.6660859927319639,4.1038924674343414e-11,9.124036327877346e-11,-9.99375024048847e-14,1.5436048539899632e-13,-8.329317052140763e-14,-7.438386971059603e-10,-6.36674827170935e-14,-1.6902300368924748e-12,0.0,0.0,0.0,0.0,0.0,0.0,0.0,0.0,0.0,0.0,0.0,0.0,0.0,0.0,0.0,0.0,4,"1215.0970773686824,1215.0970773685544,1215.0970773691195,1215.097077369212"
61561,615.645,world,615.6449999996771,-5.254745733034983,0.508986410830539,1.1444785530726374,6.007583045168011e-14,6.128313841514972e-14,-0.7458749562021773,0.6660859927294677,4.103828565442465e-11,9.122519624677678e-11,-9.992891668016096e-14,1.8337633919088102e-13,-5.710284072662385e-14,-7.437097034116638e-10,-7.738057361752164e-14,-1.681720205513177e-12,5.921189464611629e-16,0.0,0.0,0.0,0.0,0.0,0.0,0.0,0.0,0.0,0.0,0.0,0.0,0.0,0.0,0.0,4,"1215.0970773685822,1215.0970773685503,1215.0970773691981,1215.097077369238"
61562,615.654,world,615.6539999996772,-5.254745733034615,0.5089864108313603,1.1444785530726374,6.065864322740615e-14,6.055148048813331e-14,-0.7458749562044062,0.6660859927269714,4.1037504860507546e-11,9.121008565169832e-11,-9.990819251703464e-14,2.3427919280389115e-13,4.260191746372308e-14,-7.435648926263718e-10,-9.516630520813247e-14,-1.6781835421102165e-12,2.6645352591004767e-15,0.0,0.0,0.0,0.0,0.0,0.0,0.0,0.0,0.0,0.0,0.0,0.0,0.0,0.0,0.0,4,"1215.0970773685108,1215.0970773685438,1215.0970773692554,1215.097077369259"
61563,615.666,world,615.6659999996774,-5.254745733034125,0.5089864108324544,1.1444785530726374,6.145737229932863e-14,5.946715518749713e-14,-0.7458749562073775,0.6660859927236443,4.103619031067667e-11,9.118996619719588e-11,-9.988509987812246e-14,2.1738668958381074e-13,-6.832766842075608e-14,-7.434242015533538e-10,-1.2114745204507188e-13,-1.6732605378817418e-12,1.7763568393961105e-15,0.0,0.0,0.0,0.0,0.0,0.0,0.0,0.0,0.0,0.0,0.0,0.0,0.0,0.0,0.0,4,"1215.09707736869,1215.0970773685524,1215.0970773691195,1215.0970773692068"
61564,615.675,world,615.6749999996775,-5.254745733033757,0.5089864108332748,1.1444785530726374,6.192057142505213e-14,5.852116655269996e-14,-0.7458749562096058,0.6660859927211493,4.103500679077723e-11,9.117494864761961e-11,-9.987266538024666e-14,2.3754302101509824e-13,-4.4345460058013865e-14,-7.432961125353741e-10,-1.4017738648809964e-13,-1.6653828091044825e-12,1.7763568393961105e-15,0.0,0.0,0.0,0.0,0.0,0.0,0.0,0.0,0.0,0.0,0.0,0.0,0.0,0.0,0.0,4,"1215.0970773685888,1215.0970773685488,1215.0970773691984,1215.0970773692327"
61565,615.684,world,615.6839999996777,-5.254745733033389,0.5089864108340951,1.1444785530726374,6.269501077830204e-14,5.765855085735493e-14,-0.7458749562118335,0.6660859927186547,4.1033637524411815e-11,9.11599821924019e-11,-9.987355355866636e-14,2.803261566953886e-13,5.502206704891939e-14,-7.431521468971751e-10,-1.6251714963201122e-13,-1.662431351298732e-12,2.9605947323058146e-16,0.0,0.0,0.0,0.0,0.0,0.0,0.0,0.0,0.0,0.0,0.0,0.0,0.0,0.0,0.0,4,"1215.0970773685158,1215.0970773685428,1215.0970773692563,1215.097077369253"
61566,615.696,world,615.6959999996778,-5.254745733032899,0.5089864108351889,1.1444785530726374,6.371722026783303e-14,5.64442139588578e-14,-0.7458749562148032,0.6660859927153293,4.103148102540404e-11,9.114004561891681e-11,-9.989931073283768e-14,2.5341347470308867e-13,-5.390700172136797e-14,-7.430124583236009e-10,-1.9351393805655472e-13,-1.6585108566915766e-12,-2.960594732331058e-15,0.0,0.0,0.0,0.0,0.0,0.0,0.0,0.0,0.0,0.0,0.0,0.0,0.0,0.0,0.0,4,"1215.097077368694,1215.097077368552,1215.0970773691208,1215.0970773692009"
61567,615.705,world,615.704999999678,-5.254745733032531,0.5089864108360093,1.1444785530726374,6.432810840925862e-14,5.5434725081130676e-14,-0.7458749562170303,0.6660859927128353,4.1029630622415554e-11,9.112515599603273e-11,-9.990019891125738e-14,2.6637286426910945e-13,-2.875160396472198e-14,-7.428851035258247e-10,-2.1556842182602757e-13,-1.6516237684761234e-12,1.7763568393961105e-15,0.0,0.0,0.0,0.0,0.0,0.0,0.0,0.0,0.0,0.0,0.0,0.0,0.0,0.0,0.0,4,"1215.0970773685933,1215.0970773685483,1215.0970773691995,1215.0970773692275"
61568,615.714,world,615.7139999996781,-5.254745733032164,0.5089864108368296,1.1444785530726374,6.52311631294239e-14,5.453371674177642e-14,-0.7458749562192565,0.6660859927103423,4.102757031088507e-11,9.111030783416685e-11,-9.987325749919316e-14,3.0240917176000993e-13,7.035616587972838e-14,-7.427418480776543e-10,-2.403243806636552e-13,-1.649788057763259e-12,4.440892098496587e-15,0.0,0.0,0.0,0.0,0.0,0.0,0.0,0.0,0.0,0.0,0.0,0.0,0.0,0.0,0.0,4,"1215.097077368521,1215.097077368542,1215.0970773692568,1215.0970773692493"
61569,615.726,world,615.7259999996783,-5.254745733031673,0.5089864108379232,1.1444785530726374,6.638875535674735e-14,5.329440655906459e-14,-0.7458749562222249,0.6660859927070184,4.1024463928932244e-11,9.109051357841022e-11,-9.98326973513602e-14,2.677238958297903e-13,-4.1312930628832196e-14,-7.426029865869995e-10,-2.7366743773758877e-13,-1.6472797634311744e-12,2.3684757858698952e-15,0.0,0.0,0.0,0.0,0.0,0.0,0.0,0.0,0.0,0.0,0.0,0.0,0.0,0.0,0.0,4,"1215.097077368699,1215.0970773685508,1215.0970773691208,1215.0970773691981"
61570,615.735,world,615.7349999996784,-5.254745733031306,0.5089864108387425,1.1444785530726374,6.707345608948025e-14,5.228082170774181e-14,-0.7458749562244504,0.6660859927045263,4.102188597414203e-11,9.107572040128427e-11,-9.980220322561716e-14,2.7527147887757e-13,-1.7965691925903523e-14,-7.424761974487122e-10,-2.968826515605378e-13,-1.6413029854506584e-12,4.144832625266006e-15,0.0,0.0,0.0,0.0,0.0,0.0,0.0,0.0,0.0,0.0,0.0,0.0,0.0,0.0,0.0,4,"1215.0970773685976,1215.0970773685472,1215.0970773691997,1215.0970773692245"
61571,615.744,world,615.7439999996785,-5.254745733030938,0.5089864108395619,1.1444785530726374,6.802946771061537e-14,5.139011294530267e-14,-0.7458749562266758,0.6660859927020344,4.101909012955276e-11,9.106096089538763e-11,-9.977378151618676e-14,3.0579941626622273e-13,8.037069791624308e-14,-7.423334935581827e-10,-3.2230603087878654e-13,-1.640310717966759e-12,3.848773152035424e-15,0.0,0.0,0.0,0.0,0.0,0.0,0.0,0.0,0.0,0.0,0.0,0.0,0.0,0.0,0.0,4,"1215.0970773685249,1215.0970773685412,1215.0970773692572,1215.0970773692454"
61572,615.756,world,615.7559999996787,-5.254745733030448,0.5089864108406543,1.1444785530726374,6.923263900847696e-14,5.019283009258943e-14,-0.7458749562296423,0.6660859926987126,4.101499816296249e-11,9.104127274791062e-11,-9.975542582884631e-14,2.6396751710600834e-13,-3.038923138282826e-14,-7.421953504491503e-10,-3.558011528104887e-13,-1.6390045677650632e-12,-5.921189464611629e-16,0.0,0.0,0.0,0.0,0.0,0.0,0.0,0.0,0.0,0.0,0.0,0.0,0.0,0.0,0.0,4,"1215.0970773687022,1215.0970773685503,1215.097077369122,1215.0970773691938"
61573,615.765,world,615.7649999996788,-5.25474573303008,0.5089864108414737,1.1444785530726374,6.99359134607066e-14,4.9234994501489365e-14,-0.7458749562318666,0.6660859926962217,4.101168281006835e-11,9.10265488780911e-11,-9.974151103360436e-14,2.661266456133766e-13,-6.301843996798608e-15,-7.420691016869411e-10,-3.785856735602031e-13,-1.6340792940502557e-12,1.7763568393961105e-15,0.0,0.0,0.0,0.0,0.0,0.0,0.0,0.0,0.0,0.0,0.0,0.0,0.0,0.0,0.0,4,"1215.0970773686008,1215.0970773685467,1215.0970773692004,1215.0970773692206"
61574,615.774,world,615.773999999679,-5.254745733029712,0.508986410842293,1.1444785530726374,7.089706522586807e-14,4.841811449545896e-14,-0.7458749562340908,0.6660859926937313,4.100815567649208e-11,9.101184871024302e-11,-9.97284844167821e-14,2.920792592474067e-13,9.218089647881239e-14,-7.419269167431271e-10,-4.0314204041747713e-13,-1.634230849216133e-12,1.1842378929349476e-15,0.0,0.0,0.0,0.0,0.0,0.0,0.0,0.0,0.0,0.0,0.0,0.0,0.0,0.0,0.0,4,"1215.097077368528,1215.0970773685408,1215.0970773692575,1215.0970773692422"
61575,615.786,world,615.7859999996791,-5.254745733029222,0.5089864108433855,1.1444785530726374,7.208559237332711e-14,4.734027488545702e-14,-0.7458749562370556,0.6660859926904112,4.10031043933916e-11,9.099222334095459e-11,-9.97053917778699e-14,2.4486946270630395e-13,-1.971877447878337e-14,-7.417894219578136e-10,-4.34889435387178e-13,-1.6344829934606799e-12,8.881784197043661e-16,0.0,0.0,0.0,0.0,0.0,0.0,0.0,0.0,0.0,0.0,0.0,0.0,0.0,0.0,0.0,4,"1215.0970773687059,1215.0970773685497,1215.0970773691215,1215.0970773691915"
61576,615.795,world,615.7949999996792,-5.254745733028854,0.5089864108442045,1.1444785530726374,7.275938333851645e-14,4.6482070326880685e-14,-0.7458749562392789,0.6660859926879217,4.099908558179673e-11,9.097753468860239e-11,-9.968940456631531e-14,2.435624003421974e-13,2.661703775552037e-15,-7.416636853111678e-10,-4.559589624307146e-13,-1.6306363898765928e-12,1.7763568393961105e-15,0.0,0.0,0.0,0.0,0.0,0.0,0.0,0.0,0.0,0.0,0.0,0.0,0.0,0.0,0.0,4,"1215.0970773686045,1215.097077368546,1215.0970773691995,1215.0970773692186"
61577,615.804,world,615.8039999996794,-5.254745733028487,0.5089864108450228,1.1444785530726374,7.367500139214035e-14,4.577051042206497e-14,-0.7458749562415017,0.6660859926854324,4.099487198904617e-11,9.096286064600484e-11,-9.967637794949305e-14,2.662551467221396e-13,9.931408745346056e-14,-7.415220168762101e-10,-4.784902259062067e-13,-1.6317409717114201e-12,1.7763568393961105e-15,0.0,0.0,0.0,0.0,0.0,0.0,0.0,0.0,0.0,0.0,0.0,0.0,0.0,0.0,0.0,4,"1215.0970773685315,1215.09707736854,1215.0970773692566,1215.0970773692402"
61578,615.816,world,615.8159999996795,-5.254745733027996,0.508986410846114,1.1444785530726374,7.478132002388028e-14,4.4841353923876454e-14,-0.745874956244465,0.6660859926821143,4.0988936456533716e-11,9.094325784322678e-11,-9.968970062578856e-14,2.15794031931119e-13,-1.389773547745488e-14,-7.413851224207336e-10,-5.071094549445145e-13,-1.633099099719761e-12,-1.7763568393961105e-15,0.0,0.0,0.0,0.0,0.0,0.0,0.0,0.0,0.0,0.0,0.0,0.0,0.0,0.0,0.0,4,"1215.0970773687077,1215.0970773685501,1215.0970773691206,1215.0970773691893"
61579,615.825,world,615.8249999996797,-5.254745733027629,0.5089864108469323,1.1444785530726374,7.538541588671234e-14,4.4101089572616337e-14,-0.745874956246687,0.6660859926796261,4.098428032940596e-11,9.092857760780062e-11,-9.970479965892344e-14,2.1295761583466032e-13,8.758283609296352e-15,-7.412598385148039e-10,-5.256260456618099e-13,-1.6300652853565321e-12,-1.7763568393961105e-15,0.0,0.0,0.0,0.0,0.0,0.0,0.0,0.0,0.0,0.0,0.0,0.0,0.0,0.0,0.0,4,"1215.0970773686056,1215.097077368547,1215.0970773691988,1215.0970773692163"
61580,615.834,world,615.8339999996798,-5.254745733027261,0.5089864108477506,1.1444785530726374,7.622945612581765e-14,4.351273782278744e-14,-0.7458749562489086,0.6660859926771382,4.0979452955415144e-11,9.091390442162388e-11,-9.972730017888918e-14,2.349545077007907e-13,1.0593263330276649e-13,-7.411186045162478e-10,-5.455038427788698e-13,-1.632034190475238e-12,-3.2566542055616396e-15,0.0,0.0,0.0,0.0,0.0,0.0,0.0,0.0,0.0,0.0,0.0,0.0,0.0,0.0,0.0,4,"1215.0970773685322,1215.097077368541,1215.0970773692554,1215.0970773692384"
61581,615.846,world,615.84599999968,-5.254745733026771,0.5089864108488418,1.1444785530726374,7.724041281549594e-14,4.275019476094471e-14,-0.7458749562518702,0.6660859926738221,4.097273648975447e-11,9.089429030757237e-11,-9.976667608882923e-14,1.8464612746750156e-13,-7.735804947633903e-15,-7.409821753402749e-10,-5.705509785495968e-13,-1.6345858097231488e-12,-1.480297366165529e-15,0.0,0.0,0.0,0.0,0.0,0.0,0.0,0.0,0.0,0.0,0.0,0.0,0.0,0.0,0.0,4,"1215.0970773687088,1215.0970773685503,1215.097077369119,1215.0970773691895"
61582,615.855,world,615.8549999996801,-5.254745733026403,0.5089864108496601,1.1444785530726374,7.776960738216404e-14,4.212874216323535e-14,-0.7458749562540911,0.666085992671335,4.0967522677276983e-11,9.087959270195467e-11,-9.979006478721466e-14,1.8261796520816e-13,1.2802965771578079e-14,-7.408571794222956e-10,-5.864169819881302e-13,-1.6323221310641908e-12,-1.1842378929349476e-15,0.0,0.0,0.0,0.0,0.0,0.0,0.0,0.0,0.0,0.0,0.0,0.0,0.0,0.0,0.0,4,"1215.0970773686072,1215.0970773685472,1215.0970773691965,1215.097077369217"
61583,615.864,world,615.8639999996802,-5.254745733026035,0.508986410850478,1.1444785530726374,7.853299341167825e-14,4.164882496879091e-14,-0.7458749562563114,0.6660859926688487,4.096216121751297e-11,9.086489628516141e-11,-9.979598597667933e-14,2.0553137917225046e-13,1.0718768701889067e-13,-7.407162415389597e-10,-6.036953986102692e-13,-1.6348376913637007e-12,-8.881784197043661e-16,0.0,0.0,0.0,0.0,0.0,0.0,0.0,0.0,0.0,0.0,0.0,0.0,0.0,0.0,0.0,4,"1215.097077368534,1215.0970773685412,1215.0970773692534,1215.0970773692395"
61584,615.876,world,615.8759999996804,-5.254745733025545,0.5089864108515678,1.1444785530726374,7.942768309589847e-14,4.101333552310721e-14,-0.7458749562592717,0.666085992665534,4.095476846072635e-11,9.084524585607137e-11,-9.979835445246519e-14,1.5667822305128875e-13,-9.336166940356606e-15,-7.405801132295671e-10,-6.253763616716899e-13,-1.6377440698035457e-12,1.480297366165529e-15,0.0,0.0,0.0,0.0,0.0,0.0,0.0,0.0,0.0,0.0,0.0,0.0,0.0,0.0,0.0,4,"1215.0970773687097,1215.0970773685513,1215.0970773691174,1215.09707736919"
61585,615.885,world,615.8849999996805,-5.254745733025177,0.5089864108523852,1.1444785530726374,7.986831606172415e-14,4.0477811314668245e-14,-0.7458749562614911,0.6660859926630486,4.094907341310189e-11,9.083051926226373e-11,-9.978562389511616e-14,1.5584640499279152e-13,1.0720499673013697e-14,-7.404553266180023e-10,-6.388186344925982e-13,-1.6355837647587685e-12,8.881784197043661e-16,0.0,0.0,0.0,0.0,0.0,0.0,0.0,0.0,0.0,0.0,0.0,0.0,0.0,0.0,0.0,4,"1215.0970773686072,1215.0970773685483,1215.097077369196,1215.097077369217"
61586,615.894,world,615.8939999996807,-5.2547457330248095,0.5089864108532025,1.1444785530726374,8.054720774038526e-14,4.0081075804933997e-14,-0.7458749562637104,0.6660859926605636,4.0943252041916195e-11,9.081579299520948e-11,-9.977437363513331e-14,1.7961535050830724e-13,1.0605001869942807e-13,-7.403145324633072e-10,-6.537695411961928e-13,-1.6382084373025822e-12,1.7763568393961105e-15,0.0,0.0,0.0,0.0,0.0,0.0,0.0,0.0,0.0,0.0,0.0,0.0,0.0,0.0,0.0,4,"1215.0970773685335,1215.0970773685428,1215.0970773692534,1215.0970773692388"
61587,615.906,world,615.9059999996808,-5.254745733024319,0.5089864108542923,1.1444785530726374,8.134094940533964e-14,3.95586657374111e-14,-0.7458749562666689,0.6660859926572505,4.093527783257488e-11,9.079610023098341e-11,-9.973736620097912e-14,1.3213433824439517e-13,-8.461094274221653e-15,-7.401786058562233e-10,-6.72488766451543e-13,-1.6414410751242897e-12,3.848773152035424e-15,0.0,0.0,0.0,0.0,0.0,0.0,0.0,0.0,0.0,0.0,0.0,0.0,0.0,0.0,0.0,4,"1215.0970773687093,1215.0970773685526,1215.0970773691172,1215.09707736919"
61588,615.915,world,615.914999999681,-5.2547457330239515,0.5089864108551096,1.1444785530726374,8.171330374640482e-14,3.910633444957353e-14,-0.7458749562688871,0.6660859926547665,4.09291693215597e-11,9.078133873080951e-11,-9.9713089324174e-14,1.3269463084463398e-13,1.1587076077105673e-14,-7.40053988221332e-10,-6.838386632947785e-13,-1.6396063214464693e-12,3.2566542055616396e-15,0.0,0.0,0.0,0.0,0.0,0.0,0.0,0.0,0.0,0.0,0.0,0.0,0.0,0.0,0.0,4,"1215.0970773686074,1215.0970773685494,1215.0970773691945,1215.0970773692177"
61589,615.924,world,615.9239999996811,-5.254745733023584,0.508986410855927,1.1444785530726374,8.232672966712427e-14,3.878443931369054e-14,-0.7458749562711053,0.6660859926522826,4.0922952627723033e-11,9.07665749169493e-11,-9.968674003105623e-14,1.5868430928873512e-13,1.0546987980107242e-13,-7.399134086282787e-10,-6.96844256419704e-13,-1.6424786052204496e-12,2.960594732331058e-15,0.0,0.0,0.0,0.0,0.0,0.0,0.0,0.0,0.0,0.0,0.0,0.0,0.0,0.0,0.0,4,"1215.097077368534,1215.0970773685435,1215.097077369251,1215.0970773692404"
61590,615.936,world,615.9359999996813,-5.254745733023094,0.5089864108570159,1.1444785530726374,8.303408941539365e-14,3.8340660010299966e-14,-0.7458749562740619,0.666085992648972,4.0914476819731505e-11,9.074683030829424e-11,-9.964499564533033e-14,1.1426843058665018e-13,-1.1691932621381139e-14,-7.397776530530031e-10,-7.132590298878361e-13,-1.6457477944473658e-12,4.7369515717397904e-15,0.0,0.0,0.0,0.0,0.0,0.0,0.0,0.0,0.0,0.0,0.0,0.0,0.0,0.0,0.0,4,"1215.0970773687093,1215.0970773685533,1215.0970773691154,1215.097077369191"
61591,615.945,world,615.9449999996814,-5.254745733022726,0.5089864108578322,1.1444785530726374,8.334357389189452e-14,3.793335284856613e-14,-0.7458749562762792,0.666085992646489,4.090800910270475e-11,9.073203075305474e-11,-9.961154092485498e-14,1.1699598180750566e-13,7.45244365068815e-15,-7.396531532093867e-10,-7.230909238388759e-13,-1.6437561123159572e-12,3.848773152035424e-15,0.0,0.0,0.0,0.0,0.0,0.0,0.0,0.0,0.0,0.0,0.0,0.0,0.0,0.0,0.0,4,"1215.097077368607,1215.0970773685503,1215.0970773691934,1215.0970773692184"
61592,615.954,world,615.9539999996815,-5.254745733022358,0.5089864108586486,1.1444785530726374,8.389871121215069e-14,3.764878269567898e-14,-0.745874956278496,0.6660859926440067,4.090144599450996e-11,9.071723066094405e-11,-9.959644189172008e-14,1.44670559959146e-13,1.01541071842871e-13,-7.395126445147299e-10,-7.347477697329067e-13,-1.6464131216505117e-12,1.1842378929349476e-15,0.0,0.0,0.0,0.0,0.0,0.0,0.0,0.0,0.0,0.0,0.0,0.0,0.0,0.0,0.0,4,"1215.097077368533,1215.0970773685447,1215.0970773692507,1215.0970773692402"
61593,615.966,world,615.9659999996817,-5.254745733021868,0.5089864108597371,1.1444785530726374,8.453981420420834e-14,3.725177881470561e-14,-0.7458749562814512,0.6660859926406976,4.089252589484445e-11,9.069744026195673e-11,-9.958933646436249e-14,1.0192156494239216e-13,-1.3767413650225312e-14,-7.393769804138554e-10,-7.495730200177221e-13,-1.649493012261531e-12,0.0,0.0,0.0,0.0,0.0,0.0,0.0,0.0,0.0,0.0,0.0,0.0,0.0,0.0,0.0,0.0,4,"1215.0970773687081,1215.0970773685544,1215.0970773691151,1215.0970773691904"
61594,615.975,world,615.9749999996818,-5.2547457330215,0.5089864108605534,1.1444785530726374,8.480915152603897e-14,3.6879931843453856e-14,-0.7458749562836673,0.666085992638216,4.088573670918391e-11,9.068260713018984e-11,-9.960325125960443e-14,1.0565950517945241e-13,6.590618402575602e-15,-7.392525551104159e-10,-7.583487095012542e-13,-1.6474901169989856e-12,-1.7763568393961105e-15,0.0,0.0,0.0,0.0,0.0,0.0,0.0,0.0,0.0,0.0,0.0,0.0,0.0,0.0,0.0,4,"1215.097077368606,1215.097077368551,1215.097077369193,1215.097077369218"
61595,615.984,world,615.9839999996819,-5.2547457330211325,0.5089864108613698,1.1444785530726374,8.533013226602258e-14,3.6629859987661235e-14,-0.7458749562858829,0.6660859926357351,4.087886114544402e-11,9.066777317049363e-11,-9.961864635221256e-14,1.3456863985930063e-13,1.010897201589126e-13,-7.391121253149224e-10,-7.690490592723519e-13,-1.650204049232682e-12,-1.1842378929349476e-15,0.0,0.0,0.0,0.0,0.0,0.0,0.0,0.0,0.0,0.0,0.0,0.0,0.0,0.0,0.0,4,"1215.0970773685326,1215.0970773685451,1215.0970773692495,1215.0970773692407"
61596,615.996,world,615.9959999996821,-5.254745733020642,0.5089864108624581,1.1444785530726374,8.593140117868476e-14,3.627025132950763e-14,-0.7458749562888365,0.6660859926324276,4.0869536685547194e-11,9.064793695003746e-11,-9.96304887311419e-14,9.383749670574959e-14,-1.5167089229868224e-14,-7.389765183515108e-10,-7.82793652454605e-13,-1.653316112077199e-12,-1.480297366165529e-15,0.0,0.0,0.0,0.0,0.0,0.0,0.0,0.0,0.0,0.0,0.0,0.0,0.0,0.0,0.0,4,"1215.0970773687081,1215.0970773685542,1215.097077369114,1215.0970773691915"
61597,616.005,world,616.0049999996822,-5.2547457330202745,0.5089864108632735,1.1444785530726374,8.617124056880455e-14,3.591707710968972e-14,-0.7458749562910513,0.6660859926299475,4.0862451988694957e-11,9.063306983045516e-11,-9.964410746691063e-14,9.884160757367783e-14,3.769313322000955e-15,-7.388520844008531e-10,-7.908885147403299e-13,-1.651208665023862e-12,-1.1842378929349476e-15,0.0,0.0,0.0,0.0,0.0,0.0,0.0,0.0,0.0,0.0,0.0,0.0,0.0,0.0,0.0,4,"1215.097077368606,1215.097077368551,1215.0970773691918,1215.097077369219"
61598,616.014,world,616.0139999996824,-5.254745733019907,0.5089864108640888,1.1444785530726374,8.666226728081081e-14,3.56777263926026e-14,-0.7458749562932656,0.6660859926274678,4.085528655142708e-11,9.061820347282898e-11,-9.966335133267077e-14,1.2890571845432673e-13,9.729352777028223e-14,-7.387116552646752e-10,-8.010054300048444e-13,-1.6536936812785877e-12,-2.6645352591004767e-15,0.0,0.0,0.0,0.0,0.0,0.0,0.0,0.0,0.0,0.0,0.0,0.0,0.0,0.0,0.0,4,"1215.0970773685322,1215.0970773685451,1215.0970773692488,1215.097077369241"
61599,616.026,world,616.0259999996825,-5.2547457330194165,0.5089864108651759,1.1444785530726374,8.722737095377123e-14,3.53256602483839e-14,-0.7458749562962177,0.6660859926241622,4.0845582921677476e-11,9.059832780090362e-11,-9.971456962154017e-14,8.969027357680755e-14,-1.8143946429285478e-14,-7.385760166980725e-10,-8.141147369349023e-13,-1.6564408726998808e-12,-2.0724163126393138e-15,0.0,0.0,0.0,0.0,0.0,0.0,0.0,0.0,0.0,0.0,0.0,0.0,0.0,0.0,0.0,4,"1215.0970773687068,1215.0970773685556,1215.097077369114,1215.097077369191"
61600,616.035,world,616.0349999996827,-5.254745733019049,0.5089864108659913,1.1444785530726374,8.745002072465326e-14,3.4977696633421586e-14,-0.7458749562984314,0.6660859926216834,4.083821808388745e-11,9.058343344367459e-11,-9.975187311516758e-14,9.616137060977389e-14,2.5628017725977744e-15,-7.384516296863921e-10,-8.218819024767411e-13,-1.6541772344047517e-12,-3.848773152035424e-15,0.0,0.0,0.0,0.0,0.0,0.0,0.0,0.0,0.0,0.0,0.0,0.0,0.0,0.0,0.0,4,"1215.0970773686047,1215.097077368552,1215.0970773691918,1215.0970773692186"
61601,616.044,world,616.0439999996828,-5.254745733018681,0.5089864108668066,1.1444785530726374,8.793252287177407e-14,3.474340298491919e-14,-0.7458749563006445,0.6660859926192052,4.0830774774755686e-11,9.056854063104006e-11,-9.979420961983995e-14,1.273697284041208e-13,9.704131772393292e-14,-7.383112530102891e-10,-8.318019043203595e-13,-1.6566206527028997e-12,-3.552713678804843e-15,0.0,0.0,0.0,0.0,0.0,0.0,0.0,0.0,0.0,0.0,0.0,0.0,0.0,0.0,0.0,4,"1215.0970773685317,1215.097077368546,1215.0970773692484,1215.097077369241"
61602,616.056,world,616.055999999683,-5.254745733018191,0.5089864108678938,1.1444785530726374,8.849336320489234e-14,3.439418247320109e-14,-0.745874956303595,0.6660859926159012,4.082070242768971e-11,9.054862985408849e-11,-9.983358552978e-14,8.945700258469443e-14,-1.8925241888607163e-14,-7.381756977854572e-10,-8.448054793443103e-13,-1.6593566648169882e-12,-3.848773152035424e-15,0.0,0.0,0.0,0.0,0.0,0.0,0.0,0.0,0.0,0.0,0.0,0.0,0.0,0.0,0.0,4,"1215.0970773687072,1215.0970773685551,1215.0970773691129,1215.097077369192"
61603,616.065,world,616.0649999996831,-5.254745733017823,0.5089864108687088,1.1444785530726374,8.871009058172786e-14,3.4040809655350784e-14,-0.7458749563058074,0.6660859926134239,4.081306147470343e-11,9.053370985187654e-11,-9.986585601236244e-14,9.639622931573858e-14,-2.3607048939941753e-16,-7.380513608034968e-10,-8.525554459982189e-13,-1.6569465765337768e-12,-2.6645352591004767e-15,0.0,0.0,0.0,0.0,0.0,0.0,0.0,0.0,0.0,0.0,0.0,0.0,0.0,0.0,0.0,4,"1215.0970773686056,1215.0970773685515,1215.0970773691906,1215.0970773692195"
61604,616.074,world,616.0739999996832,-5.254745733017455,0.5089864108695231,1.1444785530726374,8.918121474622508e-14,3.379408005612942e-14,-0.7458749563080195,0.6660859926109468,4.080534212743385e-11,9.051879360210354e-11,-9.990612010072218e-14,1.2788320431976747e-13,9.242696551836984e-14,-7.379110563068991e-10,-8.624711394974662e-13,-1.6590684968696893e-12,-4.7369515717397904e-15,0.0,0.0,0.0,0.0,0.0,0.0,0.0,0.0,0.0,0.0,0.0,0.0,0.0,0.0,0.0,4,"1215.0970773685322,1215.0970773685456,1215.0970773692475,1215.0970773692418"
61605,616.086,world,616.0859999996834,-5.254745733016965,0.5089864108706089,1.1444785530726374,8.972143834963746e-14,3.342011047174948e-14,-0.7458749563109681,0.6660859926076448,4.079490167453016e-11,9.049885739128082e-11,-9.993898270225108e-14,9.058457240380988e-14,-2.4423406845597022e-14,-7.377755244411341e-10,-8.754940352633277e-13,-1.6611781276539942e-12,-5.921189464611629e-16,0.0,0.0,0.0,0.0,0.0,0.0,0.0,0.0,0.0,0.0,0.0,0.0,0.0,0.0,0.0,4,"1215.097077368707,1215.0970773685558,1215.0970773691129,1215.0970773691922"
61606,616.095,world,616.0949999996835,-5.254745733016597,0.5089864108714233,1.1444785530726374,8.992593396897405e-14,3.304638584352667e-14,-0.7458749563131793,0.6660859926051688,4.078698418163954e-11,9.048392336659265e-11,-9.995052902170716e-14,9.846269782088265e-14,-4.645639270765639e-15,-7.37651226569985e-10,-8.833258622438952e-13,-1.6583059400656094e-12,-8.881784197043661e-16,0.0,0.0,0.0,0.0,0.0,0.0,0.0,0.0,0.0,0.0,0.0,0.0,0.0,0.0,0.0,4,"1215.0970773686047,1215.0970773685528,1215.097077369191,1215.0970773692195"
61607,616.104,world,616.1039999996837,-5.25474573301623,0.5089864108722376,1.1444785530726374,9.039272596674158e-14,3.277998161070842e-14,-0.7458749563153902,0.666085992602693,4.0778987045917665e-11,9.046899673136354e-11,-9.995674627064505e-14,1.3105272386616178e-13,8.957476493926524e-14,-7.375109299798135e-10,-8.934289602317588e-13,-1.6600764432648316e-12,-1.7763568393961105e-15,0.0,0.0,0.0,0.0,0.0,0.0,0.0,0.0,0.0,0.0,0.0,0.0,0.0,0.0,0.0,4,"1215.0970773685312,1215.097077368547,1215.097077369248,1215.0970773692418"
61608,616.116,world,616.1159999996838,-5.254745733015739,0.5089864108733234,1.1444785530726374,9.093962641003861e-14,3.238103107276945e-14,-0.7458749563183372,0.6660859925993929,4.0768172562354044e-11,9.044905042922457e-11,-9.996118716274355e-14,9.501211520797005e-14,-2.594260098976417e-14,-7.373753622140498e-10,-9.068689122552869e-13,-1.6619017825545313e-12,0.0,0.0,0.0,0.0,0.0,0.0,0.0,0.0,0.0,0.0,0.0,0.0,0.0,0.0,0.0,0.0,4,"1215.0970773687066,1215.097077368556,1215.0970773691129,1215.0970773691927"
61609,616.125,world,616.124999999684,-5.254745733015372,0.5089864108741378,1.1444785530726374,9.115213764685012e-14,3.198637198283521e-14,-0.7458749563205475,0.6660859925969179,4.0759970770759404e-11,9.043411083589082e-11,-9.996592411431526e-14,1.0326978198461832e-13,-6.873918689142095e-15,-7.372510094749843e-10,-9.150898993637376e-13,-1.6588315106710933e-12,0.0,0.0,0.0,0.0,0.0,0.0,0.0,0.0,0.0,0.0,0.0,0.0,0.0,0.0,0.0,0.0,4,"1215.0970773686051,1215.0970773685524,1215.0970773691906,1215.0970773692202"
61610,616.134,world,616.1339999996841,-5.254745733015004,0.5089864108749516,1.1444785530726374,9.162397004599461e-14,3.1694816010558947e-14,-0.7458749563227569,0.6660859925944439,4.075168575499071e-11,9.04191808589511e-11,-9.997450983903904e-14,1.360905737665828e-13,8.601556117387228e-14,-7.371107084475655e-10,-9.25594941122874e-13,-1.660306515409654e-12,-1.1842378929349476e-15,0.0,0.0,0.0,0.0,0.0,0.0,0.0,0.0,0.0,0.0,0.0,0.0,0.0,0.0,0.0,4,"1215.0970773685317,1215.0970773685465,1215.0970773692472,1215.0970773692425"
61611,616.146,world,616.1459999996842,-5.254745733014514,0.508986410876036,1.1444785530726374,9.21719860408975e-14,3.125573383374794e-14,-0.7458749563257027,0.6660859925911453,4.0740481753477643e-11,9.039923531783575e-11,-9.999316158585272e-14,1.0011273430676736e-13,-3.076244184293658e-14,-7.369750851459933e-10,-9.395758502870942e-13,-1.6615657067359964e-12,-3.552713678804843e-15,0.0,0.0,0.0,0.0,0.0,0.0,0.0,0.0,0.0,0.0,0.0,0.0,0.0,0.0,0.0,4,"1215.0970773687063,1215.0970773685556,1215.0970773691129,1215.0970773691927"
61612,616.155,world,616.1549999996844,-5.254745733014146,0.5089864108768494,1.1444785530726374,9.238422396351649e-14,3.083020089381155e-14,-0.7458749563279115,0.666085992588672,4.07319836049941e-11,9.038430107623133e-11,-1.0001003697582701e-13,1.08308894154078e-13,-1.1058823464693454e-14,-7.368506795426873e-10,-9.481961821717954e-13,-1.6580373532023944e-12,-1.7763568393961105e-15,0.0,0.0,0.0,0.0,0.0,0.0,0.0,0.0,0.0,0.0,0.0,0.0,0.0,0.0,0.0,4,"1215.097077368604,1215.0970773685524,1215.0970773691913,1215.0970773692197"
61613,616.164,world,616.1639999996845,-5.254745733013778,0.5089864108776627,1.1444785530726374,9.285924283962849e-14,3.051160930602898e-14,-0.7458749563301198,0.666085992586199,4.072339862883581e-11,9.036938014627965e-11,-1.0004882076682058e-13,1.4091521494553778e-13,8.328989781055968e-14,-7.367102806696282e-10,-9.591012356021643e-13,-1.6591513357380881e-12,-3.848773152035424e-15,0.0,0.0,0.0,0.0,0.0,0.0,0.0,0.0,0.0,0.0,0.0,0.0,0.0,0.0,0.0,4,"1215.0970773685306,1215.0970773685465,1215.0970773692482,1215.0970773692418"
61614,616.176,world,616.1759999996847,-5.254745733013288,0.5089864108787472,1.1444785530726374,9.341897142391427e-14,3.004554428794407e-14,-0.745874956333064,0.6660859925829022,4.071178911720277e-11,9.034945038685585e-11,-1.0010359176936878e-13,1.0444623806500299e-13,-3.1237771120356835e-14,-7.365745562140454e-10,-9.736070697057014e-13,-1.6601575392766045e-12,-4.7369515717397904e-15,0.0,0.0,0.0,0.0,0.0,0.0,0.0,0.0,0.0,0.0,0.0,0.0,0.0,0.0,0.0,4,"1215.0970773687056,1215.0970773685556,1215.0970773691138,1215.097077369192"
61615,616.185,world,616.1849999996848,-5.25474573301292,0.5089864108795605,1.1444785530726374,9.36429344875831e-14,2.960659872937543e-14,-0.7458749563352715,0.6660859925804302,4.0702982891144694e-11,9.03345291031908e-11,-1.001453361550947e-13,1.1191194575073713e-13,-1.0928466641938243e-14,-7.364500870612992e-10,-9.825773633415793e-13,-1.6565825442335855e-12,-4.144832625266006e-15,0.0,0.0,0.0,0.0,0.0,0.0,0.0,0.0,0.0,0.0,0.0,0.0,0.0,0.0,0.0,4,"1215.097077368604,1215.097077368552,1215.0970773691915,1215.0970773692197"
61616,616.194,world,616.1939999996849,-5.254745733012553,0.5089864108803739,1.1444785530726374,9.412767834056157e-14,2.9276354262028514e-14,-0.7458749563374788,0.6660859925779586,4.069408696326728e-11,9.031962144003997e-11,-1.0017257362663218e-13,1.4405174336838633e-13,8.286819908878678e-14,-7.36309647714843e-10,-9.937794990766875e-13,-1.6576554114596643e-12,-2.960594732331058e-15,0.0,0.0,0.0,0.0,0.0,0.0,0.0,0.0,0.0,0.0,0.0,0.0,0.0,0.0,0.0,4,"1215.097077368531,1215.097077368546,1215.0970773692482,1215.097077369242"
61617,616.206,world,616.2059999996851,-5.254745733012062,0.5089864108814572,1.1444785530726374,9.46947921884986e-14,2.879353077736925e-14,-0.7458749563404211,0.6660859925746637,4.068205910850965e-11,9.029971044625496e-11,-1.0022734462918038e-13,1.0716621769411214e-13,-3.27220063363665e-14,-7.361738309229247e-10,-1.008614952026898e-12,-1.6585178572503476e-12,-4.7369515717397904e-15,0.0,0.0,0.0,0.0,0.0,0.0,0.0,0.0,0.0,0.0,0.0,0.0,0.0,0.0,0.0,4,"1215.0970773687059,1215.097077368555,1215.0970773691138,1215.0970773691924"
61618,616.215,world,616.2149999996852,-5.254745733011695,0.5089864108822696,1.1444785530726374,9.492060633061445e-14,2.8340903777868722e-14,-0.7458749563426276,0.6660859925721929,4.06729367424785e-11,9.028480477463923e-11,-1.0024866091125317e-13,1.1418846730452674e-13,-1.2661242711107805e-14,-7.360493182960916e-10,-1.017793309420168e-12,-1.6547680702972738e-12,-1.480297366165529e-15,0.0,0.0,0.0,0.0,0.0,0.0,0.0,0.0,0.0,0.0,0.0,0.0,0.0,0.0,0.0,4,"1215.097077368604,1215.0970773685517,1215.0970773691922,1215.0970773692195"
61619,616.224,world,616.2239999996854,-5.254745733011327,0.5089864108830819,1.1444785530726374,9.540652283219302e-14,2.8000098570377265e-14,-0.7458749563448336,0.6660859925697227,4.0663723041299766e-11,9.026991421682168e-11,-1.0028211563172857e-13,1.4560768140970288e-13,8.199357907439976e-14,-7.359087985270781e-10,-1.0291535825462544e-12,-1.655697355538475e-12,-2.3684757858698952e-15,0.0,0.0,0.0,0.0,0.0,0.0,0.0,0.0,0.0,0.0,0.0,0.0,0.0,0.0,0.0,4,"1215.0970773685303,1215.0970773685458,1215.0970773692497,1215.0970773692416"
61620,616.236,world,616.2359999996855,-5.254745733010837,0.5089864108841651,1.1444785530726374,9.597870524916438e-14,2.751384806030872e-14,-0.7458749563477745,0.6660859925664296,4.0651269806859117e-11,9.025002697239477e-11,-1.0030846492484633e-13,1.0775520025046813e-13,-3.127885948101751e-14,-7.357727860428068e-10,-1.0441115196905197e-12,-1.6565641765588368e-12,-2.3684757858698952e-15,0.0,0.0,0.0,0.0,0.0,0.0,0.0,0.0,0.0,0.0,0.0,0.0,0.0,0.0,0.0,4,"1215.097077368705,1215.0970773685553,1215.0970773691151,1215.097077369192"
61621,616.245,world,616.2449999996857,-5.254745733010469,0.5089864108849774,1.1444785530726374,9.621284477819166e-14,2.706532637620043e-14,-0.7458749563499796,0.6660859925639604,4.064182764277861e-11,9.023513811755202e-11,-1.0034310388321463e-13,1.1485932522296356e-13,-1.0382305455370786e-14,-7.356481893945183e-10,-1.0533572556363472e-12,-1.6529788706836329e-12,-4.440892098496587e-15,0.0,0.0,0.0,0.0,0.0,0.0,0.0,0.0,0.0,0.0,0.0,0.0,0.0,0.0,0.0,4,"1215.0970773686033,1215.0970773685517,1215.0970773691922,1215.0970773692197"
61622,616.254,world,616.2539999996858,-5.254745733010101,0.5089864108857898,1.1444785530726374,9.670903901862655e-14,2.6728042642842625e-14,-0.7458749563521845,0.6660859925614914,4.0632293391017916e-11,9.022026271262067e-11,-1.0037951919842236e-13,1.4684420799997002e-13,8.405325903649329e-14,-7.355076179169422e-10,-1.0648192712152205e-12,-1.6540951665074579e-12,-4.144832625266006e-15,0.0,0.0,0.0,0.0,0.0,0.0,0.0,0.0,0.0,0.0,0.0,0.0,0.0,0.0,0.0,4,"1215.0970773685303,1215.0970773685458,1215.0970773692488,1215.097077369242"
61623,616.266,world,616.265999999686,-5.254745733009611,0.5089864108868726,1.1444785530726374,9.729484225691743e-14,2.6238291300154202e-14,-0.7458749563551236,0.6660859925582002,4.0619410764903916e-11,9.02003936020175e-11,-1.0041800692994269e-13,1.1045096726375322e-13,-3.0931797601502646e-14,-7.353715867831539e-10,-1.080016099916924e-12,-1.655097658512415e-12,-4.440892098496587e-15,0.0,0.0,0.0,0.0,0.0,0.0,0.0,0.0,0.0,0.0,0.0,0.0,0.0,0.0,0.0,4,"1215.097077368705,1215.097077368555,1215.097077369114,1215.0970773691931"
61624,616.275,world,616.2749999996861,-5.254745733009243,0.5089864108876839,1.1444785530726374,9.753782006791715e-14,2.577797155823212e-14,-0.7458749563573276,0.666085992555732,4.060964412900305e-11,9.018551811859013e-11,-1.0044554046095338e-13,1.1858728408188122e-13,-1.1121287514653709e-14,-7.352469579945734e-10,-1.0895407773341004e-12,-1.6514612670094804e-12,-1.7763568393961105e-15,0.0,0.0,0.0,0.0,0.0,0.0,0.0,0.0,0.0,0.0,0.0,0.0,0.0,0.0,0.0,4,"1215.0970773686033,1215.0970773685517,1215.097077369192,1215.0970773692206"
61625,616.284,world,616.2839999996862,-5.254745733008876,0.5089864108884953,1.1444785530726374,9.804270908395381e-14,2.5424350968263002e-14,-0.7458749563595312,0.6660859925532645,4.059978256194653e-11,9.017065695539331e-11,-1.0046063949408826e-13,1.5102073138635317e-13,8.29177399694937e-14,-7.351063275634686e-10,-1.101341365602037e-12,-1.6524544595914973e-12,-2.9605947323058146e-16,0.0,0.0,0.0,0.0,0.0,0.0,0.0,0.0,0.0,0.0,0.0,0.0,0.0,0.0,0.0,4,"1215.09707736853,1215.0970773685458,1215.0970773692495,1215.0970773692427"
61626,616.296,world,616.2959999996864,-5.254745733008385,0.5089864108895771,1.1444785530726374,9.864231143104163e-14,2.491457452455018e-14,-0.7458749563624688,0.6660859925499751,4.058645862350962e-11,9.015080850941902e-11,-1.0044820499621246e-13,1.1414467273012277e-13,-3.0362523206776886e-14,-7.349700764755882e-10,-1.1170029523289612e-12,-1.6533361038047583e-12,1.480297366165529e-15,0.0,0.0,0.0,0.0,0.0,0.0,0.0,0.0,0.0,0.0,0.0,0.0,0.0,0.0,0.0,4,"1215.0970773687043,1215.0970773685553,1215.097077369116,1215.097077369193"
61627,616.305,world,616.3049999996865,-5.254745733008018,0.5089864108903884,1.1444785530726374,9.889981607985771e-14,2.4447748758312662e-14,-0.7458749563646717,0.6660859925475082,4.0576357552185647e-11,9.013594856452395e-11,-1.0044998135305186e-13,1.2138299985531445e-13,-8.944070329794773e-15,-7.348452900001749e-10,-1.1268286110119307e-12,-1.6497858483767675e-12,-8.881784197043661e-16,0.0,0.0,0.0,0.0,0.0,0.0,0.0,0.0,0.0,0.0,0.0,0.0,0.0,0.0,0.0,4,"1215.0970773686029,1215.0970773685517,1215.0970773691934,1215.0970773692202"
61628,616.314,world,616.3139999996866,-5.25474573300765,0.5089864108911998,1.1444785530726374,9.942066284383074e-14,2.4093973792198468e-14,-0.745874956366874,0.6660859925450422,4.056615915252445e-11,9.012110152703977e-11,-1.0045767889935593e-13,1.530279306209098e-13,8.5839068520942e-14,-7.347046184460062e-10,-1.1388680893574277e-12,-1.6509810419798875e-12,-2.9605947323058146e-16,0.0,0.0,0.0,0.0,0.0,0.0,0.0,0.0,0.0,0.0,0.0,0.0,0.0,0.0,0.0,4,"1215.09707736853,1215.0970773685456,1215.09707736925,1215.0970773692422"
61629,616.326,world,616.3259999996868,-5.25474573300716,0.5089864108922816,1.1444785530726374,1.000394309601133e-13,2.3587441673802668e-14,-0.7458749563698103,0.6660859925417542,4.055238326918642e-11,9.010126872194474e-11,-1.0047277793249084e-13,1.157300445912004e-13,-2.8318962635299648e-14,-7.345683207493424e-10,-1.1547702578302755e-12,-1.6521642048096846e-12,-2.960594732331058e-15,0.0,0.0,0.0,0.0,0.0,0.0,0.0,0.0,0.0,0.0,0.0,0.0,0.0,0.0,0.0,4,"1215.0970773687047,1215.0970773685544,1215.0970773691151,1215.0970773691931"
61630,616.335,world,616.3349999996869,-5.254745733006792,0.5089864108930924,1.1444785530726374,1.0030544200494558e-13,2.311915385888454e-14,-0.7458749563720116,0.6660859925392891,4.054194154154997e-11,9.008641872666138e-11,-1.0049675874982273e-13,1.2278557220443437e-13,-8.529542084441735e-15,-7.34443539936538e-10,-1.1647412216251985e-12,-1.6487115630012273e-12,-2.3684757858698952e-15,0.0,0.0,0.0,0.0,0.0,0.0,0.0,0.0,0.0,0.0,0.0,0.0,0.0,0.0,0.0,4,"1215.0970773686033,1215.0970773685508,1215.0970773691931,1215.0970773692206"
61631,616.344,world,616.3439999996871,-5.254745733006424,0.5089864108939027,1.1444785530726374,1.0082935944624585e-13,2.2760764476013e-14,-0.7458749563742129,0.6660859925368241,4.05314013589686e-11,9.007158139537471e-11,-1.0050889718822529e-13,1.5407580536081814e-13,8.515099687011785e-14,-7.343028051138081e-10,-1.176888266763734e-12,-1.6498846445802336e-12,-1.7763568393961105e-15,0.0,0.0,0.0,0.0,0.0,0.0,0.0,0.0,0.0,0.0,0.0,0.0,0.0,0.0,0.0,4,"1215.0970773685303,1215.097077368545,1215.09707736925,1215.0970773692427"
61632,616.356,world,616.3559999996872,-5.254745733005934,0.5089864108949832,1.1444785530726374,1.0144738761463046e-13,2.224707619562665e-14,-0.7458749563771473,0.6660859925335383,4.051716860840867e-11,9.005176247737586e-11,-1.0051422625874348e-13,1.1616904663150166e-13,-2.900797458390885e-14,-7.34166387608256e-10,-1.1928760249070324e-12,-1.6509534665312255e-12,8.881784197043661e-16,0.0,0.0,0.0,0.0,0.0,0.0,0.0,0.0,0.0,0.0,0.0,0.0,0.0,0.0,0.0,4,"1215.097077368704,1215.0970773685542,1215.0970773691165,1215.0970773691931"
61633,616.365,world,616.3649999996874,-5.254745733005566,0.5089864108957936,1.1444785530726374,1.0171409819459318e-13,2.1778276335057166e-14,-0.7458749563793476,0.6660859925310744,4.050638381348565e-11,9.003692351415066e-11,-1.0051807503189551e-13,1.227009620833545e-13,-7.657626132034862e-15,-7.340414749452108e-10,-1.202865656617417e-12,-1.6474947220039286e-12,8.881784197043661e-16,0.0,0.0,0.0,0.0,0.0,0.0,0.0,0.0,0.0,0.0,0.0,0.0,0.0,0.0,0.0,4,"1215.0970773686024,1215.097077368551,1215.0970773691945,1215.0970773692202"
61634,616.374,world,616.3739999996875,-5.2547457330051985,0.5089864108966039,1.1444785530726374,1.022426821825966e-13,2.1425894059095105e-14,-0.7458749563815478,0.6660859925286107,4.049550053730349e-11,9.002209653162068e-11,-1.0052340410241372e-13,1.535454995056201e-13,8.755788178833235e-14,-7.339006305217269e-10,-1.2150038130540359e-12,-1.6488088424397932e-12,0.0,0.0,0.0,0.0,0.0,0.0,0.0,0.0,0.0,0.0,0.0,0.0,0.0,0.0,0.0,0.0,4,"1215.0970773685297,1215.0970773685451,1215.097077369251,1215.0970773692422"
61635,616.386,world,616.3859999996877,-5.254745733004708,0.5089864108976844,1.1444785530726374,1.0287083118170241e-13,2.09279998176982e-14,-0.7458749563844803,0.6660859925253267,4.0480810696734696e-11,9.000228830660098e-11,-1.0051748291294905e-13,1.1505287579934242e-13,-2.587098201964231e-14,-7.337640690999241e-10,-1.2309357706142625e-12,-1.6502366603759675e-12,0.0,0.0,0.0,0.0,0.0,0.0,0.0,0.0,0.0,0.0,0.0,0.0,0.0,0.0,0.0,0.0,4,"1215.0970773687043,1215.0970773685538,1215.0970773691165,1215.0970773691936"
61636,616.395,world,616.3949999996878,-5.254745733004341,0.5089864108984947,1.1444785530726374,1.0314214315050865e-13,2.047088261717013e-14,-0.7458749563866796,0.666085992522864,4.046968374928362e-11,8.99874545106138e-11,-1.0051955532926168e-13,1.2131868198049462e-13,-6.056072682462745e-15,-7.336391065658235e-10,-1.2408421816542345e-12,-1.6470160126147872e-12,1.1842378929349476e-15,0.0,0.0,0.0,0.0,0.0,0.0,0.0,0.0,0.0,0.0,0.0,0.0,0.0,0.0,0.0,4,"1215.0970773686033,1215.0970773685501,1215.0970773691938,1215.097077369221"
61637,616.404,world,616.4039999996879,-5.254745733003973,0.5089864108993043,1.1444785530726374,1.0366833084613354e-13,2.0125102635996673e-14,-0.7458749563888784,0.6660859925204019,4.045845925905693e-11,8.99726313292269e-11,-1.0051274596137731e-13,1.5203595972996518e-13,8.712379128498338e-14,-7.334982397534853e-10,-1.2528607841324197e-12,-1.6484052839214918e-12,2.9605947323058146e-16,0.0,0.0,0.0,0.0,0.0,0.0,0.0,0.0,0.0,0.0,0.0,0.0,0.0,0.0,0.0,4,"1215.0970773685306,1215.0970773685442,1215.0970773692504,1215.0970773692432"
61638,616.416,world,616.4159999996881,-5.254745733003483,0.5089864109003834,1.1444785530726374,1.0428425120747646e-13,1.9627430874248162e-14,-0.7458749563918096,0.6660859925171195,4.0443316350278625e-11,8.995282868006096e-11,-1.0049764692824242e-13,1.1396837644571844e-13,-2.80605077367258e-14,-7.333616542950752e-10,-1.268609963327928e-12,-1.6496856793119786e-12,1.7763568393961105e-15,0.0,0.0,0.0,0.0,0.0,0.0,0.0,0.0,0.0,0.0,0.0,0.0,0.0,0.0,0.0,4,"1215.0970773687043,1215.0970773685538,1215.0970773691165,1215.097077369194"
61639,616.425,world,616.4249999996882,-5.254745733003115,0.5089864109011928,1.1444785530726374,1.0454575954490513e-13,1.9167461207272513e-14,-0.7458749563940076,0.6660859925146583,4.0431850883623596e-11,8.993800073303e-11,-1.0047692276511611e-13,1.203434262774526e-13,-7.684744354344946e-15,-7.332366839638988e-10,-1.278409322540029e-12,-1.6462928386680774e-12,1.7763568393961105e-15,0.0,0.0,0.0,0.0,0.0,0.0,0.0,0.0,0.0,0.0,0.0,0.0,0.0,0.0,0.0,4,"1215.0970773686029,1215.0970773685506,1215.0970773691945,1215.0970773692206"
61640,616.434,world,616.4339999996884,-5.254745733002747,0.5089864109020021,1.1444785530726374,1.0506548481103022e-13,1.8822160123172005e-14,-0.7458749563962052,0.6660859925121975,4.0420288794415794e-11,8.992318456105765e-11,-1.0046211979145446e-13,1.5093941144428128e-13,8.675223058418146e-14,-7.33095800661168e-10,-1.2903270254172352e-12,-1.6475984901315627e-12,1.7763568393961105e-15,0.0,0.0,0.0,0.0,0.0,0.0,0.0,0.0,0.0,0.0,0.0,0.0,0.0,0.0,0.0,4,"1215.09707736853,1215.0970773685447,1215.097077369251,1215.0970773692427"
61641,616.446,world,616.4459999996885,-5.254745733002262,0.5089864109030813,1.1444785530726374,1.0567896107447108e-13,1.8331075349334753e-14,-0.7458749563991346,0.6660859925089171,4.040469710288692e-11,8.990339138612753e-11,-1.0045294194778425e-13,1.1284641065099711e-13,-2.7073405305936116e-14,-7.329591955744522e-10,-1.3059537843442404e-12,-1.6489365572135162e-12,-1.7763568393961105e-15,0.0,0.0,0.0,0.0,0.0,0.0,0.0,0.0,0.0,0.0,0.0,0.0,0.0,0.0,0.0,4,"1215.0970773687038,1215.0970773685538,1215.0970773691163,1215.0970773691938"
61642,616.455,world,616.4549999996887,-5.2547457330019025,0.5089864109038906,1.1444785530726374,1.0594007345473877e-13,1.787652897654693e-14,-0.7458749564013314,0.6660859925064571,4.039289595488711e-11,8.988856974508374e-11,-1.0046892915933883e-13,1.1969108195335675e-13,-7.409917493797588e-15,-7.328342129199715e-10,-1.3156747471777447e-12,-1.6456213259892567e-12,-1.7763568393961105e-15,0.0,0.0,0.0,0.0,0.0,0.0,0.0,0.0,0.0,0.0,0.0,0.0,0.0,0.0,0.0,4,"1215.0970773686026,1215.0970773685501,1215.0970773691936,1215.0970773692213"
61643,616.464,world,616.4639999996888,-5.254745733001543,0.5089864109047,1.1444785530726374,1.0645772284397108e-13,1.7530899986483437e-14,-0.7458749564035277,0.6660859925039977,4.0380998665942595e-11,8.987375964570273e-11,-1.0048698878720605e-13,1.5110501747879167e-13,8.566157715421896e-14,-7.326933252786231e-10,-1.3275631202725318e-12,-1.6469021030589727e-12,-2.0724163126393138e-15,0.0,0.0,0.0,0.0,0.0,0.0,0.0,0.0,0.0,0.0,0.0,0.0,0.0,0.0,0.0,4,"1215.09707736853,1215.0970773685442,1215.09707736925,1215.0970773692434"
61644,616.476,world,616.475999999689,-5.254745733001063,0.5089864109057779,1.1444785530726374,1.0705982844188393e-13,1.703338657930022e-14,-0.745874956406456,0.6660859925007189,4.036496023661143e-11,8.985397613067007e-11,-1.0052340410241375e-13,1.0967566740079926e-13,-3.029420261596325e-14,-7.3255674277266e-10,-1.3431235317986989e-12,-1.6480062316246736e-12,-1.7763568393961105e-15,0.0,0.0,0.0,0.0,0.0,0.0,0.0,0.0,0.0,0.0,0.0,0.0,0.0,0.0,0.0,4,"1215.0970773687077,1215.0970773685503,1215.0970773691186,1215.097077369191"
61645,616.485,world,616.4849999996891,-5.2547457330007035,0.5089864109065863,1.1444785530726374,1.0727787463026028e-13,1.6599787246931857e-14,-0.7458749564086513,0.6660859924982604,4.0352827694828126e-11,8.983916413945339e-11,-1.0053376618397691e-13,1.0046307121505198e-13,-1.2484746956446495e-14,-7.324318917743778e-10,-1.352017091075088e-12,-1.6444351453977899e-12,0.0,0.0,0.0,0.0,0.0,0.0,0.0,0.0,0.0,0.0,0.0,0.0,0.0,0.0,0.0,0.0,4,"1215.097077368614,1215.0970773685399,1215.097077369202,1215.0970773692125"
61646,616.494,world,616.4939999996892,-5.254745733000344,0.5089864109073946,1.1444785530726374,1.076689122965981e-13,1.6351865463058893e-14,-0.7458749564108464,0.6660859924958022,4.0340615903911294e-11,8.982436591490244e-11,-1.0053317406503043e-13,9.696591463542743e-14,7.753172019631352e-14,-7.322911388703217e-10,-1.3609448704127528e-12,-1.6454870774321974e-12,-1.480297366165529e-15,0.0,0.0,0.0,0.0,0.0,0.0,0.0,0.0,0.0,0.0,0.0,0.0,0.0,0.0,0.0,4,"1215.0970773685501,1215.0970773685249,1215.0970773692666,1215.0970773692263"
61647,616.506,world,616.5059999996894,-5.254745732999864,0.5089864109084724,1.1444785530726374,1.0787061047823478e-13,1.6207226032510257e-14,-0.745874956413773,0.6660859924925253,4.032423422249494e-11,8.980460024775282e-11,-1.0056159577446085e-13,-1.722762460414358e-14,-4.387066731457488e-14,-7.321546635958648e-10,-1.3663917519369117e-12,-1.6465088464031163e-12,-3.552713678804843e-15,0.0,0.0,0.0,0.0,0.0,0.0,0.0,0.0,0.0,0.0,0.0,0.0,0.0,0.0,0.0,4,"1215.0970773687359,1215.097077368522,1215.0970773691422,1215.0970773691672"
61648,616.515,world,616.5149999996895,-5.254745732999504,0.5089864109092808,1.1444785530726374,1.0755470421007977e-13,1.6260415469138732e-14,-0.7458749564159671,0.6660859924900682,4.031195714799814e-11,8.978980115850355e-11,-1.00580839640221e-13,-9.274187918255401e-14,-3.183725944016725e-14,-7.320297849963832e-10,-1.3614401354728877e-12,-1.6430748949344701e-12,-1.1842378929349476e-15,0.0,0.0,0.0,0.0,0.0,0.0,0.0,0.0,0.0,0.0,0.0,0.0,0.0,0.0,0.0,4,"1215.097077368644,1215.0970773685096,1215.097077369227,1215.0970773691872"
61649,616.524,world,616.5239999996896,-5.254745732999145,0.5089864109100891,1.1444785530726374,1.0719145354919351e-13,1.6704581390418807e-14,-0.7458749564181614,0.6660859924876111,4.029975498758239e-11,8.977501389558556e-11,-1.0059801108966853e-13,-1.6164270446192034e-13,5.148616809733615e-14,-7.31889099569787e-10,-1.3506151642539781e-12,-1.6443934139549408e-12,-1.1842378929349476e-15,0.0,0.0,0.0,0.0,0.0,0.0,0.0,0.0,0.0,0.0,0.0,0.0,0.0,0.0,0.0,4,"1215.0970773685788,1215.0970773684965,1215.0970773692889,1215.0970773692038"
61650,616.536,world,616.5359999996898,-5.254745732998665,0.5089864109111665,1.1444785530726374,1.0607006141791376e-13,1.7765485417068986e-14,-0.7458749564210857,0.6660859924843364,4.0283714427455734e-11,8.975525897029865e-11,-1.0061222194438372e-13,-3.482677675868359e-13,-7.891204829771435e-14,-7.317526188524929e-10,-1.3213182321562521e-12,-1.6457697592204058e-12,-2.9605947323058146e-16,0.0,0.0,0.0,0.0,0.0,0.0,0.0,0.0,0.0,0.0,0.0,0.0,0.0,0.0,0.0,4,"1215.0970773687573,1215.0970773685012,1215.0970773691581,1215.0970773691517"
61651,616.545,world,616.5449999996899,-5.254745732998305,0.5089864109119738,1.1444785530726374,1.0457668309082764e-13,1.8880617099061218e-14,-0.7458749564232791,0.6660859924818805,4.027199520269887e-11,8.97404656265224e-11,-1.0061488647964282e-13,-4.591964153749026e-13,-7.249406519743028e-14,-7.316277989428139e-10,-1.2854471108686378e-12,-1.642496078467387e-12,8.881784197043661e-16,0.0,0.0,0.0,0.0,0.0,0.0,0.0,0.0,0.0,0.0,0.0,0.0,0.0,0.0,0.0,4,"1215.0970773686568,1215.0970773684971,1215.0970773692359,1215.0970773691784"
61652,616.554,world,616.5539999996901,-5.254745732997946,0.5089864109127812,1.1444785530726374,1.0294378784338934e-13,2.0460421289601392e-14,-0.7458749564254717,0.666085992479425,4.02606424705435e-11,8.972568334701915e-11,-1.005962347328291e-13,-5.442581863339965e-13,8.011256304831738e-15,-7.314871229942805e-10,-1.2412963411758253e-12,-1.643846129276766e-12,3.552713678804843e-15,0.0,0.0,0.0,0.0,0.0,0.0,0.0,0.0,0.0,0.0,0.0,0.0,0.0,0.0,0.0,4,"1215.0970773685822,1215.0970773684937,1215.0970773692914,1215.0970773692018"
61653,616.566,world,616.5659999996902,-5.254745732997466,0.5089864109138577,1.1444785530726374,1.0010436162478082e-13,2.305589329947531e-14,-0.7458749564283949,0.6660859924761517,4.02462084092664e-11,8.9705935027107e-11,-1.0057136573707751e-13,-7.229947562699655e-13,-1.2096821864541784e-13,-7.313506544652111e-10,-1.166783912605175e-12,-1.6452248006516617e-12,2.9605947323058146e-16,0.0,0.0,0.0,0.0,0.0,0.0,0.0,0.0,0.0,0.0,0.0,0.0,0.0,0.0,0.0,4,"1215.0970773687486,1215.09707736851,1215.097077369152,1215.0970773691577"
61654,616.575,world,616.5749999996904,-5.254745732997106,0.508986410914665,1.1444785530726374,9.73891921066901e-14,2.526775535574046e-14,-0.745874956430587,0.6660859924736972,4.0236043376303064e-11,8.969114626188315e-11,-1.0056544454761285e-13,-8.070223846042243e-13,-1.105610557839905e-13,-7.312258793171599e-10,-1.0985811977461104e-12,-1.6420289894148882e-12,1.7763568393961105e-15,0.0,0.0,0.0,0.0,0.0,0.0,0.0,0.0,0.0,0.0,0.0,0.0,0.0,0.0,0.0,4,"1215.0970773686408,1215.0970773685133,1215.0970773692236,1215.0970773691906"
61655,616.584,world,616.5839999996905,-5.254745732996747,0.5089864109154724,1.1444785530726374,9.465383422874377e-14,2.7840713474771716e-14,-0.7458749564327785,0.6660859924712432,4.022652173069615e-11,8.96763675538169e-11,-1.0054738491974562e-13,-8.496445464582297e-13,-2.533701776970955e-14,-7.310852473240671e-10,-1.0251211062698738e-12,-1.6435054416419727e-12,3.2566542055616396e-15,0.0,0.0,0.0,0.0,0.0,0.0,0.0,0.0,0.0,0.0,0.0,0.0,0.0,0.0,0.0,4,"1215.0970773685601,1215.0970773685158,1215.0970773692732,1215.0970773692197"
61656,616.596,world,616.5959999996907,-5.254745732996267,0.5089864109165488,1.1444785530726374,9.060055354049343e-14,3.152222329025628e-14,-0.7458749564357,0.6660859924679715,4.0214900402251716e-11,8.965662277468563e-11,-1.0052725287556577e-13,-9.541806945324108e-13,-1.4829536303290213e-13,-7.309488089916488e-10,-9.183005346270532e-13,-1.6449252433708308e-12,1.7763568393961105e-15,0.0,0.0,0.0,0.0,0.0,0.0,0.0,0.0,0.0,0.0,0.0,0.0,0.0,0.0,0.0,4,"1215.0970773687216,1215.0970773685372,1215.0970773691288,1215.0970773691809"
61657,616.605,world,616.6049999996908,-5.254745732995907,0.5089864109173556,1.1444785530726374,8.720449523941823e-14,3.4328741614706895e-14,-0.7458749564378908,0.6660859924655185,4.020706616872994e-11,8.964183749063763e-11,-1.0051481837768999e-13,-9.73656226783693e-13,-1.3273651011301255e-13,-7.308240778376323e-10,-8.320520893553139e-13,-1.6415440774506977e-12,1.480297366165529e-15,0.0,0.0,0.0,0.0,0.0,0.0,0.0,0.0,0.0,0.0,0.0,0.0,0.0,0.0,0.0,4,"1215.0970773686115,1215.0970773685433,1215.0970773691986,1215.0970773692154"
61658,616.614,world,616.6139999996909,-5.254745732995548,0.508986410918162,1.1444785530726374,8.40065876685598e-14,3.7289754972263945e-14,-0.7458749564400812,0.6660859924630657,4.020000859892808e-11,8.962706482582834e-11,-1.0047929124090196e-13,-9.483171906707682e-13,-4.141803276729387e-14,-7.306835084076867e-10,-7.46421603984477e-13,-1.6426626175059974e-12,5.329070518200953e-15,0.0,0.0,0.0,0.0,0.0,0.0,0.0,0.0,0.0,0.0,0.0,0.0,0.0,0.0,0.0,4,"1215.0970773685297,1215.0970773685467,1215.0970773692482,1215.0970773692447"
61659,616.626,world,616.6259999996911,-5.254745732995068,0.5089864109192371,1.1444785530726374,7.968652293209861e-14,4.116951441366888e-14,-0.7458749564430011,0.6660859924597959,4.0191787097863095e-11,8.960733399164417e-11,-1.0042600053571994e-13,-9.64748908304089e-13,-1.5412363966641125e-13,-7.305470207959891e-10,-6.326726502166618e-13,-1.6434964503050366e-12,3.848773152035424e-15,0.0,0.0,0.0,0.0,0.0,0.0,0.0,0.0,0.0,0.0,0.0,0.0,0.0,0.0,0.0,4,"1215.0970773686918,1215.0970773685667,1215.097077369107,1215.097077369204"
61660,616.635,world,616.6349999996912,-5.254745732994708,0.5089864109200435,1.1444785530726374,7.634716226662723e-14,4.390202806026941e-14,-0.7458749564451905,0.6660859924573441,4.0186520149680316e-11,8.959256341513196e-11,-1.0037300589001115e-13,-9.226857250022076e-13,-1.2998201724441105e-13,-7.304221728702245e-10,-5.479149229421086e-13,-1.639765705295233e-12,6.2172489379053195e-15,0.0,0.0,0.0,0.0,0.0,0.0,0.0,0.0,0.0,0.0,0.0,0.0,0.0,0.0,0.0,4,"1215.0970773685838,1215.0970773685708,1215.097077369179,1215.097077369236"
61661,616.644,world,616.6439999996913,-5.2547457329943486,0.5089864109208498,1.1444785530726374,7.340991070213199e-14,4.661844185913489e-14,-0.7458749564473798,0.6660859924548929,4.0181989815276096e-11,8.957780780910455e-11,-1.0032948514744581e-13,-8.422885201272231e-13,-3.0278266513122775e-14,-7.302815216583521e-10,-4.690188539270207e-13,-1.6407008061848271e-12,4.7369515717397904e-15,0.0,0.0,0.0,0.0,0.0,0.0,0.0,0.0,0.0,0.0,0.0,0.0,0.0,0.0,0.0,4,"1215.097077368505,1215.0970773685708,1215.0970773692309,1215.0970773692625"
61662,616.656,world,616.6559999996915,-5.254745732993869,0.508986410921925,1.1444785530726374,6.970953704149138e-14,4.994766643995844e-14,-0.7458749564502981,0.6660859924516248,4.01770005514629e-11,8.955810056442272e-11,-1.0029958314064922e-13,-7.989414121729058e-13,-1.3409926832236904e-13,-7.301449841455815e-10,-3.712291953278187e-13,-1.6415660514778208e-12,8.881784197043661e-16,0.0,0.0,0.0,0.0,0.0,0.0,0.0,0.0,0.0,0.0,0.0,0.0,0.0,0.0,0.0,4,"1215.0970773686734,1215.0970773685847,1215.0970773690929,1215.0970773692175"
61663,616.665,world,616.6649999996916,-5.254745732993509,0.5089864109227313,1.1444785530726374,6.699579287577745e-14,5.212922062240088e-14,-0.7458749564524864,0.6660859924491744,4.0174008034377234e-11,8.954334679076705e-11,-1.0027974715594258e-13,-7.22073683750759e-13,-1.0611538766916461e-13,-7.300201606927515e-10,-3.0264812472200053e-13,-1.6379486430332364e-12,2.6645352591004767e-15,0.0,0.0,0.0,0.0,0.0,0.0,0.0,0.0,0.0,0.0,0.0,0.0,0.0,0.0,0.0,4,"1215.09707736857,1215.0970773685842,1215.0970773691674,1215.0970773692472"
61664,616.674,world,616.6739999996918,-5.2547457329931495,0.5089864109235369,1.1444785530726374,6.47851161339728e-14,5.420074376172137e-14,-0.7458749564546745,0.6660859924467243,4.017159223570648e-11,8.952860715819424e-11,-1.0025576633861068e-13,-6.154286836664809e-13,-4.46894813772292e-15,-7.298795247555581e-10,-2.426754916348135e-13,-1.6389466522750356e-12,3.2566542055616396e-15,0.0,0.0,0.0,0.0,0.0,0.0,0.0,0.0,0.0,0.0,0.0,0.0,0.0,0.0,0.0,4,"1215.0970773684955,1215.0970773685804,1215.0970773692222,1215.0970773692707"
61665,616.686,world,616.685999999692,-5.25474573299267,0.5089864109246107,1.1444785530726374,6.215916055313925e-14,5.656714030575793e-14,-0.745874956457591,0.6660859924434583,4.016913850043959e-11,8.950892116393482e-11,-1.0022971310496616e-13,-5.502398454501253e-13,-1.0655939904323178e-13,-7.297430163909663e-10,-1.7307260361631174e-13,-1.6397668034938184e-12,2.6645352591004767e-15,0.0,0.0,0.0,0.0,0.0,0.0,0.0,0.0,0.0,0.0,0.0,0.0,0.0,0.0,0.0,4,"1215.0970773686686,1215.09707736859,1215.097077369089,1215.0970773692216"
61666,616.695,world,616.6949999996921,-5.25474573299231,0.5089864109254161,1.1444785530726374,6.029811171719632e-14,5.798456497906933e-14,-0.7458749564597782,0.6660859924410092,4.016781778838784e-11,8.949418383031665e-11,-1.0021135741762571e-13,-4.6630650852192e-13,-7.710717623918185e-14,-7.29618243242303e-10,-1.2691161549528162e-13,-1.6361076399929635e-12,1.7763568393961105e-15,0.0,0.0,0.0,0.0,0.0,0.0,0.0,0.0,0.0,0.0,0.0,0.0,0.0,0.0,0.0,4,"1215.0970773685679,1215.0970773685863,1215.0970773691668,1215.0970773692475"
61667,616.704,world,616.7039999996922,-5.2547457329919505,0.5089864109262214,1.1444785530726374,5.895527086479866e-14,5.928618608153188e-14,-0.7458749564619649,0.6660859924385604,4.0166869846337764e-11,8.947946054650344e-11,-1.0019833080080347e-13,-3.60187645137072e-13,2.6187974707019324e-14,-7.294776584047433e-10,-8.969301362293476e-14,-1.6371719854105013e-12,1.7763568393961105e-15,0.0,0.0,0.0,0.0,0.0,0.0,0.0,0.0,0.0,0.0,0.0,0.0,0.0,0.0,0.0,4,"1215.0970773684965,1215.0970773685794,1215.0970773692243,1215.0970773692684"
61668,616.716,world,616.7159999996924,-5.254745732991471,0.5089864109272952,1.1444785530726374,5.747302585081728e-14,6.065393666241575e-14,-0.7458749564648799,0.6660859924352963,4.0166056950350307e-11,8.945979398532294e-11,-1.0019033719502618e-13,-3.048756034014633e-13,-7.510063726533202e-14,-7.293412071315156e-10,-4.991423914495059e-14,-1.6383149147569152e-12,0.0,0.0,0.0,0.0,0.0,0.0,0.0,0.0,0.0,0.0,0.0,0.0,0.0,0.0,0.0,0.0,4,"1215.097077368673,1215.0970773685854,1215.0970773690929,1215.097077369217"
61669,616.725,world,616.7249999996925,-5.254745732991111,0.5089864109281006,1.1444785530726374,5.6433380681747525e-14,6.136048254774872e-14,-0.7458749564670661,0.6660859924328483,4.01657370349811e-11,8.944506806618986e-11,-1.0019152143291913e-13,-2.333343635833182e-13,-4.707192455842104e-14,-7.292164816058024e-10,-2.5117095042785086e-14,-1.6349869911440896e-12,0.0,0.0,0.0,0.0,0.0,0.0,0.0,0.0,0.0,0.0,0.0,0.0,0.0,0.0,0.0,0.0,4,"1215.0970773685744,1215.0970773685797,1215.097077369171,1215.0970773692427"
61670,616.734,world,616.7339999996926,-5.254745732990751,0.508986410928906,1.1444785530726374,5.5863239798661876e-14,6.199011511867439e-14,-0.7458749564692514,0.6660859924304011,4.0165603486859196e-11,8.943035343481245e-11,-1.0020306775237521e-13,-1.4200172010691167e-13,5.3258702553411357e-14,-7.290759713523737e-10,-8.054489512881332e-15,-1.6363215446859184e-12,-1.7763568393961105e-15,0.0,0.0,0.0,0.0,0.0,0.0,0.0,0.0,0.0,0.0,0.0,0.0,0.0,0.0,0.0,4,"1215.0970773685044,1215.0970773685715,1215.0970773692288,1215.097077369263"
61671,616.746,world,616.7459999996928,-5.254745732990272,0.5089864109299785,1.1444785530726374,5.532201078050077e-14,6.252795006291817e-14,-0.7458749564721651,0.6660859924271384,4.0165607104389824e-11,8.941069579787206e-11,-1.0022468009392124e-13,-1.0782746412205716e-13,-5.237025681955954e-14,-7.289395613083438e-10,7.010743677868288e-15,-1.63762669178895e-12,-2.6645352591004767e-15,0.0,0.0,0.0,0.0,0.0,0.0,0.0,0.0,0.0,0.0,0.0,0.0,0.0,0.0,0.0,4,"1215.0970773686806,1215.0970773685774,1215.0970773690979,1215.0970773692115"
61672,616.755,world,616.7549999996929,-5.254745732989912,0.5089864109307829,1.1444785530726374,5.492024775831938e-14,6.266407676122367e-14,-0.7458749564743498,0.6660859924246921,4.016571412069926e-11,8.93959760430784e-11,-1.0024629243546729e-13,-5.247212848554095e-14,-2.709634795935993e-14,-7.288148489539323e-10,1.4943926772640155e-14,-1.6342920803433237e-12,-2.6645352591004767e-15,0.0,0.0,0.0,0.0,0.0,0.0,0.0,0.0,0.0,0.0,0.0,0.0,0.0,0.0,0.0,4,"1215.097077368582,1215.0970773685722,1215.0970773691765,1215.097077369237"
61673,616.764,world,616.763999999693,-5.254745732989552,0.5089864109315873,1.1444785530726374,5.493210532062142e-14,6.277039215217346e-14,-0.745874956476534,0.6660859924222461,4.0165862930295886e-11,8.93812679284919e-11,-1.0025665451703045e-13,2.296969489272518e-14,7.153704165460809e-14,-7.286744077356633e-10,1.6577362893800988e-14,-1.6355740332502804e-12,-5.921189464611629e-16,0.0,0.0,0.0,0.0,0.0,0.0,0.0,0.0,0.0,0.0,0.0,0.0,0.0,0.0,0.0,4,"1215.0970773685115,1215.0970773685651,1215.0970773692347,1215.0970773692568"
61674,616.776,world,616.7759999996932,-5.254745732989073,0.5089864109326597,1.1444785530726374,5.50894822277617e-14,6.268694736491107e-14,-0.7458749564794461,0.6660859924189853,4.0166039928868823e-11,8.936161923874139e-11,-1.0024895697072639e-13,3.6903179429999504e-14,-3.485339101240652e-14,-7.285381076847603e-10,1.3207023630512831e-14,-1.6369097605226243e-12,2.9605947323058146e-16,0.0,0.0,0.0,0.0,0.0,0.0,0.0,0.0,0.0,0.0,0.0,0.0,0.0,0.0,0.0,4,"1215.0970773686872,1215.0970773685717,1215.0970773691038,1215.0970773692056"
61675,616.785,world,616.7849999996934,-5.254745732988713,0.5089864109334641,1.1444785530726374,5.51578807688386e-14,6.241320948971295e-14,-0.7458749564816295,0.6660859924165403,4.01661402648155e-11,8.934690529946575e-11,-1.0025843087386984e-13,7.801862816271425e-14,-1.0177545124298469e-14,-7.284135031064605e-10,8.837802436954594e-15,-1.6337163588371259e-12,-1.7763568393961105e-15,0.0,0.0,0.0,0.0,0.0,0.0,0.0,0.0,0.0,0.0,0.0,0.0,0.0,0.0,0.0,4,"1215.097077368588,1215.0970773685665,1215.0970773691815,1215.0970773692318"
61676,616.794,world,616.7939999996935,-5.254745732988353,0.5089864109342684,1.1444785530726374,5.559491251925511e-14,6.215256315567353e-14,-0.7458749564838127,0.6660859924140956,4.0166177831871145e-11,8.933220141477082e-11,-1.0025843087386983e-13,1.4013301304857653e-13,8.658693548249923e-14,-7.282731201770444e-10,-6.087215794676166e-16,-1.6351859082032245e-12,1.1842378929349476e-15,0.0,0.0,0.0,0.0,0.0,0.0,0.0,0.0,0.0,0.0,0.0,0.0,0.0,0.0,0.0,4,"1215.097077368518,1215.097077368559,1215.0970773692386,1215.097077369253"
61677,616.806,world,616.8059999996937,-5.254745732987874,0.5089864109353406,1.1444785530726374,5.624754644214202e-14,6.163181116961882e-14,-0.7458749564867229,0.6660859924108368,4.016606202630389e-11,8.931255656350866e-11,-1.0023208158075208e-13,1.3876228835094894e-13,-2.3902490293263678e-14,-7.281368515449385e-10,-1.7014370301940314e-14,-1.6366057741549023e-12,2.960594732331058e-15,0.0,0.0,0.0,0.0,0.0,0.0,0.0,0.0,0.0,0.0,0.0,0.0,0.0,0.0,0.0,4,"1215.0970773686931,1215.0970773685663,1215.097077369107,1215.0970773692027"
61678,616.815,world,616.8149999996938,-5.254745732987514,0.5089864109361439,1.1444785530726374,5.6637438509965746e-14,6.106230991384738e-14,-0.7458749564889053,0.666085992408393,4.0165846577563135e-11,8.929784584925702e-11,-1.002021795739555e-13,1.6949918864672378e-13,-1.9729184074567046e-15,-7.280123043957012e-10,-3.0002778769027115e-14,-1.6332934568294469e-12,5.329070518200953e-15,0.0,0.0,0.0,0.0,0.0,0.0,0.0,0.0,0.0,0.0,0.0,0.0,0.0,0.0,0.0,4,"1215.097077368594,1215.097077368562,1215.097077369185,1215.0970773692288"
61679,616.824,world,616.8239999996939,-5.254745732987154,0.5089864109369473,1.1444785530726374,5.735818797428683e-14,6.053334456155361e-14,-0.7458749564910873,0.6660859924059497,4.016549539740264e-11,8.928314682426244e-11,-1.00157178534024e-13,2.2172576088528347e-13,9.333255586131108e-14,-7.278719942943855e-10,-4.7154287221937973e-14,-1.6345462768875939e-12,5.033011044970372e-15,0.0,0.0,0.0,0.0,0.0,0.0,0.0,0.0,0.0,0.0,0.0,0.0,0.0,0.0,0.0,4,"1215.0970773685224,1215.0970773685551,1215.0970773692425,1215.0970773692493"
61680,616.836,world,616.8359999996941,-5.254745732986675,0.5089864109380184,1.1444785530726374,5.834195660429745e-14,5.970291095029308e-14,-0.7458749564939959,0.6660859924026926,4.0164761388200154e-11,8.926351122906544e-11,-1.0009263756885913e-13,2.0764134734351964e-13,-1.683394479054961e-14,-7.277357537844989e-10,-7.251160577035559e-14,-1.635753376799204e-12,6.2172489379053195e-15,0.0,0.0,0.0,0.0,0.0,0.0,0.0,0.0,0.0,0.0,0.0,0.0,0.0,0.0,0.0,4,"1215.097077368697,1215.097077368563,1215.0970773691113,1215.0970773691986"
61681,616.845,world,616.8449999996942,-5.254745732986315,0.5089864109388218,1.1444785530726374,5.894873236361599e-14,5.894028306333294e-14,-0.745874956496177,0.6660859924002502,4.0164017140562846e-11,8.924880829408689e-11,-1.0003046507948011e-13,2.2889608237101545e-13,5.657589348390831e-15,-7.276112762311078e-10,-9.124177147158369e-14,-1.6324411806557082e-12,6.8093678843664824e-15,0.0,0.0,0.0,0.0,0.0,0.0,0.0,0.0,0.0,0.0,0.0,0.0,0.0,0.0,0.0,4,"1215.0970773685976,1215.0970773685588,1215.0970773691888,1215.0970773692247"
61682,616.854,world,616.8539999996943,-5.254745732985955,0.5089864109396252,1.1444785530726374,5.985993688421017e-14,5.824984875795115e-14,-0.7458749564983577,0.6660859923978082,4.0163089542718085e-11,8.923411639044929e-11,-9.997776649324458e-14,2.723512042046578e-13,1.0082158238281367e-13,-7.274711096504538e-10,-1.1333182287648532e-13,-1.633815570815172e-12,5.921189464662116e-15,0.0,0.0,0.0,0.0,0.0,0.0,0.0,0.0,0.0,0.0,0.0,0.0,0.0,0.0,0.0,4,"1215.0970773685267,1215.097077368552,1215.0970773692452,1215.0970773692457"
61683,616.866,world,616.8659999996945,-5.254745732985476,0.5089864109406963,1.1444785530726374,6.105643954818478e-14,5.724391839295117e-14,-0.7458749565012648,0.666085992394553,4.016152475807683e-11,8.921448817058451e-11,-9.991885065807112e-14,2.481923916964203e-13,-1.0696898570122598e-14,-7.273350717937913e-10,-1.441439715666747e-13,-1.6352353448722536e-12,5.033011044970372e-15,0.0,0.0,0.0,0.0,0.0,0.0,0.0,0.0,0.0,0.0,0.0,0.0,0.0,0.0,0.0,4,"1215.0970773687006,1215.0970773685597,1215.0970773691129,1215.097077369196"
61684,616.875,world,616.8749999996946,-5.254745732985116,0.5089864109414992,1.1444785530726374,6.179204360948211e-14,5.6372244251731186e-14,-0.7458749565034448,0.6660859923921119,4.0160118647075324e-11,8.919978935974676e-11,-9.987681021287196e-14,2.6269639697554265e-13,9.926566113464139e-15,-7.272107126448923e-10,-1.6621734896851886e-13,-1.6320162633904878e-12,4.440892098496587e-15,0.0,0.0,0.0,0.0,0.0,0.0,0.0,0.0,0.0,0.0,0.0,0.0,0.0,0.0,0.0,4,"1215.0970773686013,1215.0970773685553,1215.0970773691902,1215.0970773692222"
61685,616.884,world,616.8839999996948,-5.254745732984756,0.5089864109423016,1.1444785530726374,6.280592678982997e-14,5.5589894486479994e-14,-0.7458749565056243,0.6660859923896714,4.015850213908628e-11,8.918510121457724e-11,-9.985164515764712e-14,2.994410095435065e-13,1.0342965744327402e-13,-7.270706344918513e-10,-1.9104386996362418e-13,-1.6333918928991537e-12,2.3684757858698952e-15,0.0,0.0,0.0,0.0,0.0,0.0,0.0,0.0,0.0,0.0,0.0,0.0,0.0,0.0,0.0,4,"1215.09707736853,1215.0970773685488,1215.0970773692468,1215.0970773692432"
61686,616.896,world,616.8959999996949,-5.254745732984277,0.5089864109433714,1.1444785530726374,6.410154706932053e-14,5.448971456777682e-14,-0.7458749565085298,0.6660859923864177,4.0155986063322094e-11,8.916547857884766e-11,-9.983003281610109e-14,2.665545817926511e-13,-9.27920692032359e-15,-7.269347044906325e-10,-2.245805674081676e-13,-1.6347289899308932e-12,1.480297366165529e-15,0.0,0.0,0.0,0.0,0.0,0.0,0.0,0.0,0.0,0.0,0.0,0.0,0.0,0.0,0.0,4,"1215.0970773687034,1215.0970773685572,1215.0970773691151,1215.0970773691931"
61687,616.905,world,616.9049999996951,-5.254745732983917,0.5089864109441737,1.1444785530726374,6.488754685278612e-14,5.357206794600256e-14,-0.7458749565107086,0.6660859923839779,4.015384874518919e-11,8.915078449242365e-11,-9.981641408033238e-14,2.74427313878286e-13,1.171470150746647e-14,-7.268104356754652e-10,-2.4802384743710425e-13,-1.6314904359195743e-12,5.921189464611629e-16,0.0,0.0,0.0,0.0,0.0,0.0,0.0,0.0,0.0,0.0,0.0,0.0,0.0,0.0,0.0,4,"1215.0970773686038,1215.097077368553,1215.097077369193,1215.0970773692188"
61688,616.914,world,616.9139999996952,-5.254745732983557,0.5089864109449761,1.1444785530726374,6.593373601969425e-14,5.27674778868646e-14,-0.7458749565128868,0.6660859923815389,4.015149158647938e-11,8.913610070618623e-11,-9.980338746351013e-14,3.0470847766346316e-13,1.0570241559794346e-13,-7.266704514207478e-10,-2.736448556551673e-13,-1.6329567426213495e-12,1.1842378929349476e-15,0.0,0.0,0.0,0.0,0.0,0.0,0.0,0.0,0.0,0.0,0.0,0.0,0.0,0.0,0.0,4,"1215.0970773685324,1215.0970773685465,1215.0970773692493,1215.0970773692404"
61689,616.926,world,616.9259999996954,-5.254745732983078,0.5089864109460459,1.1444785530726374,6.724570731365145e-14,5.1670158829477686e-14,-0.7458749565157909,0.6660859923782868,4.0147981874708823e-11,8.911648174625978e-11,-9.977940664617824e-14,2.643237699943133e-13,-7.169422520604383e-15,-7.265345476785123e-10,-3.0742007378296646e-13,-1.6345457353815607e-12,2.3684757858698952e-15,0.0,0.0,0.0,0.0,0.0,0.0,0.0,0.0,0.0,0.0,0.0,0.0,0.0,0.0,0.0,4,"1215.097077368706,1215.0970773685547,1215.0970773691167,1215.097077369191"
61690,616.935,world,616.9349999996955,-5.254745732982718,0.5089864109468483,1.1444785530726374,6.802194930167332e-14,5.077306283599263e-14,-0.7458749565179682,0.6660859923758486,4.014510058220557e-11,8.910178836332036e-11,-9.976282731567719e-14,2.6708477134559076e-13,1.2312520654999618e-14,-7.264103514459443e-10,-3.3047797803532236e-13,-1.631484643458088e-12,1.1842378929349476e-15,0.0,0.0,0.0,0.0,0.0,0.0,0.0,0.0,0.0,0.0,0.0,0.0,0.0,0.0,0.0,4,"1215.0970773686067,1215.0970773685506,1215.0970773691938,1215.0970773692177"
61691,616.944,world,616.9439999996956,-5.254745732982358,0.5089864109476501,1.1444785530726374,6.903765725659824e-14,4.999960778927929e-14,-0.7458749565201455,0.6660859923734106,4.014200516456503e-11,8.908710420495321e-11,-9.974210315255085e-14,2.927448828101819e-13,1.0424215797405156e-13,-7.262704370411509e-10,-3.5527001344417534e-13,-1.6330156938319769e-12,2.0724163126393138e-15,0.0,0.0,0.0,0.0,0.0,0.0,0.0,0.0,0.0,0.0,0.0,0.0,0.0,0.0,0.0,4,"1215.0970773685353,1215.097077368544,1215.0970773692502,1215.0970773692393"
61692,616.956,world,616.9559999996958,-5.2547457329818785,0.5089864109487185,1.1444785530726374,7.027856830352549e-14,4.895746751064405e-14,-0.7458749565230477,0.6660859923701608,4.013752654638367e-11,8.906748506261378e-11,-9.972019475153158e-14,2.4690872189871003e-13,-1.0973607441775862e-14,-7.261345197438166e-10,-3.8731280293412383e-13,-1.6344920792513023e-12,1.7763568393961105e-15,0.0,0.0,0.0,0.0,0.0,0.0,0.0,0.0,0.0,0.0,0.0,0.0,0.0,0.0,0.0,4,"1215.097077368708,1215.0970773685524,1215.097077369118,1215.0970773691902"
61693,616.965,world,616.9649999996959,-5.254745732981519,0.5089864109495199,1.1444785530726374,7.098319229513376e-14,4.811286283197144e-14,-0.745874956525224,0.6660859923677237,4.013393454500719e-11,8.905279299310604e-11,-9.9713089324174e-14,2.4592313651689965e-13,8.06569055276577e-15,-7.260102850651129e-10,-4.086558393474643e-13,-1.6312636466090338e-12,0.0,0.0,0.0,0.0,0.0,0.0,0.0,0.0,0.0,0.0,0.0,0.0,0.0,0.0,0.0,0.0,4,"1215.0970773686079,1215.097077368549,1215.0970773691954,1215.0970773692159"
61694,616.974,world,616.973999999696,-5.254745732981159,0.5089864109503213,1.1444785530726374,7.191660398920741e-14,4.740453419556703e-14,-0.7458749565274,0.666085992365287,4.0130145487174925e-11,8.903811152200654e-11,-9.971249720522754e-14,2.680721318061842e-13,1.006298609647478e-13,-7.258703501196925e-10,-4.3141001831097903e-13,-1.6326674112962178e-12,1.7763568393961105e-15,0.0,0.0,0.0,0.0,0.0,0.0,0.0,0.0,0.0,0.0,0.0,0.0,0.0,0.0,0.0,4,"1215.097077368536,1215.097077368543,1215.0970773692518,1215.0970773692375"
61695,616.986,world,616.9859999996962,-5.2547457329806795,0.5089864109513897,1.1444785530726374,7.30381916196029e-14,4.646954004767832e-14,-0.7458749565303006,0.6660859923620391,4.01247731074372e-11,8.901849675020686e-11,-9.971131296733462e-14,2.1856477605073906e-13,-1.3362341961507304e-14,-7.257344944335183e-10,-4.60324833284298e-13,-1.6341442955054525e-12,-1.1842378929349476e-15,0.0,0.0,0.0,0.0,0.0,0.0,0.0,0.0,0.0,0.0,0.0,0.0,0.0,0.0,0.0,4,"1215.0970773687086,1215.0970773685517,1215.097077369119,1215.0970773691886"
61696,616.995,world,616.9949999996963,-5.25474573298032,0.5089864109521911,1.1444785530726374,7.364658029407836e-14,4.571641700019169e-14,-0.7458749565324758,0.6660859923596033,4.012053683001488e-11,8.900380740834153e-11,-9.972404352468363e-14,2.156281816906599e-13,5.43009428314032e-15,-7.256103094425483e-10,-4.790746924110769e-13,-1.6309967318009541e-12,-1.480297366165529e-15,0.0,0.0,0.0,0.0,0.0,0.0,0.0,0.0,0.0,0.0,0.0,0.0,0.0,0.0,0.0,4,"1215.0970773686088,1215.097077368548,1215.0970773691954,1215.0970773692156"
61697,617.004,world,617.0039999996965,-5.25474573297996,0.5089864109529925,1.1444785530726374,7.447680011521763e-14,4.5102356628419506e-14,-0.7458749565346504,0.6660859923571681,4.011612758727264e-11,8.898912810141455e-11,-9.97237474652104e-14,2.365710788817098e-13,9.689532524396739e-14,-7.254704003894672e-10,-4.990942596449684e-13,-1.6324360724793836e-12,2.3684757858698952e-15,0.0,0.0,0.0,0.0,0.0,0.0,0.0,0.0,0.0,0.0,0.0,0.0,0.0,0.0,0.0,4,"1215.097077368537,1215.0970773685422,1215.0970773692518,1215.0970773692375"
61698,617.016,world,617.0159999996966,-5.25474573297948,0.5089864109540599,1.1444785530726374,7.545075846538103e-14,4.4293615363787207e-14,-0.7458749565375496,0.6660859923539216,4.0109967585523304e-11,8.89695164902649e-11,-9.97201947515316e-14,1.860900546648567e-13,-1.8189302213061727e-14,-7.253345677418143e-10,-5.242055254684287e-13,-1.6338361195196267e-12,-1.1842378929349476e-15,0.0,0.0,0.0,0.0,0.0,0.0,0.0,0.0,0.0,0.0,0.0,0.0,0.0,0.0,0.0,4,"1215.0970773687093,1215.0970773685515,1215.0970773691186,1215.0970773691886"
61699,617.025,world,617.0249999996968,-5.254745732979121,0.5089864109548603,1.1444785530726374,7.59447893807274e-14,4.363458526042969e-14,-0.7458749565397236,0.6660859923514874,4.0105170888099875e-11,8.895483048530026e-11,-9.973499772519324e-14,1.8312695265425126e-13,3.427722921082227e-16,-7.25210490405813e-10,-5.400535400163104e-13,-1.6305724424175174e-12,-1.7763568393961105e-15,0.0,0.0,0.0,0.0,0.0,0.0,0.0,0.0,0.0,0.0,0.0,0.0,0.0,0.0,0.0,4,"1215.097077368609,1215.0970773685483,1215.0970773691952,1215.0970773692154"
61700,617.034,world,617.0339999996969,-5.254745732978761,0.5089864109556607,1.1444785530726374,7.666141051451111e-14,4.3114065646762216e-14,-0.7458749565418971,0.6660859923490535,4.010022730030416e-11,8.894015559830646e-11,-9.974299133097053e-14,2.045649462008146e-13,9.219590967036467e-14,-7.25070701961375e-10,-5.571867746988591e-13,-1.631894648194903e-12,0.0,0.0,0.0,0.0,0.0,0.0,0.0,0.0,0.0,0.0,0.0,0.0,0.0,0.0,0.0,0.0,4,"1215.0970773685365,1215.097077368543,1215.0970773692516,1215.097077369237"
61701,617.046,world,617.0459999996971,-5.254745732978281,0.5089864109567278,1.1444785530726374,7.749350151163746e-14,4.2429947138523904e-14,-0.7458749565447945,0.6660859923458089,4.009339453892856e-11,8.892055093381898e-11,-9.974654404464932e-14,1.5576469062908081e-13,-2.099683864816319e-14,-7.249350058370628e-10,-5.785855003360814e-13,-1.633256256694918e-12,8.881784197043661e-16,0.0,0.0,0.0,0.0,0.0,0.0,0.0,0.0,0.0,0.0,0.0,0.0,0.0,0.0,0.0,4,"1215.0970773687084,1215.097077368553,1215.0970773691186,1215.0970773691884"
61702,617.055,world,617.0549999996972,-5.254745732977922,0.5089864109575282,1.1444785530726374,7.789176094557064e-14,4.186395478580949e-14,-0.7458749565469672,0.6660859923433758,4.008812164738332e-11,8.890586970196493e-11,-9.972611594099622e-14,1.5427041081125448e-13,-1.1911643785817707e-15,-7.24811011558737e-10,-5.918091726372454e-13,-1.63009695070926e-12,4.7369515717397904e-15,0.0,0.0,0.0,0.0,0.0,0.0,0.0,0.0,0.0,0.0,0.0,0.0,0.0,0.0,0.0,4,"1215.0970773686086,1215.09707736855,1215.097077369195,1215.0970773692156"
61703,617.064,world,617.0639999996973,-5.254745732977562,0.5089864109583285,1.1444785530726374,7.851985980803475e-14,4.1433608016790595e-14,-0.7458749565491396,0.6660859923409435,4.0082724778304754e-11,8.889119828645971e-11,-9.97216750488977e-14,1.7745423723601997e-13,9.084942807910177e-14,-7.246713273869258e-10,-6.064608627873357e-13,-1.6315816460237932e-12,0.0,0.0,0.0,0.0,0.0,0.0,0.0,0.0,0.0,0.0,0.0,0.0,0.0,0.0,0.0,0.0,4,"1215.097077368536,1215.097077368544,1215.0970773692502,1215.0970773692377"
61704,617.076,world,617.0759999996975,-5.254745732977082,0.5089864109593956,1.1444785530726374,7.924003673643267e-14,4.08570179798959e-14,-0.7458749565520356,0.6660859923377005,4.007532086159372e-11,8.887159638892557e-11,-9.97341095467735e-14,1.312692310537062e-13,-2.3903576499080214e-14,-7.245357147523284e-10,-6.248056903163892e-13,-1.633063040642113e-12,-1.1842378929349476e-15,0.0,0.0,0.0,0.0,0.0,0.0,0.0,0.0,0.0,0.0,0.0,0.0,0.0,0.0,0.0,4,"1215.0970773687084,1215.0970773685533,1215.0970773691167,1215.0970773691897"
61705,617.085,world,617.0849999996976,-5.254745732976723,0.5089864109601949,1.1444785530726374,7.955537330045156e-14,4.0358177959843646e-14,-0.7458749565542071,0.6660859923352689,4.006964261828219e-11,8.885691722181438e-11,-9.973588590361289e-14,1.3195867673029858e-13,-5.774822578338895e-15,-7.244117770572117e-10,-6.359293432583759e-13,-1.6298122729730076e-12,-2.9605947323058146e-16,0.0,0.0,0.0,0.0,0.0,0.0,0.0,0.0,0.0,0.0,0.0,0.0,0.0,0.0,0.0,4,"1215.0970773686079,1215.0970773685501,1215.0970773691934,1215.0970773692168"
61706,617.094,world,617.0939999996978,-5.254745732976363,0.5089864109609943,1.1444785530726374,8.010333470484718e-14,3.9984125190320783e-14,-0.7458749565563783,0.6660859923328377,4.0063858397168515e-11,8.884224940689822e-11,-9.974891252043515e-14,1.5728985234986083e-13,8.569971061433354e-14,-7.242721183071062e-10,-6.486630519774992e-13,-1.631077710314306e-12,-1.7763568393961105e-15,0.0,0.0,0.0,0.0,0.0,0.0,0.0,0.0,0.0,0.0,0.0,0.0,0.0,0.0,0.0,4,"1215.0970773685353,1215.0970773685447,1215.0970773692493,1215.0970773692384"
61707,617.106,world,617.1059999996979,-5.254745732975883,0.5089864109620601,1.1444785530726374,8.072644265127032e-14,3.947395785390807e-14,-0.7458749565592726,0.6660859923295965,4.005596327289513e-11,8.882265563241776e-11,-9.974210315255077e-14,1.1330285825281741e-13,-2.767320547557958e-14,-7.241365543889581e-10,-6.647086656660802e-13,-1.6322575710907965e-12,3.552713678804843e-15,0.0,0.0,0.0,0.0,0.0,0.0,0.0,0.0,0.0,0.0,0.0,0.0,0.0,0.0,0.0,4,"1215.097077368707,1215.0970773685551,1215.0970773691172,1215.0970773691895"
61708,617.115,world,617.1149999996981,-5.254745732975524,0.5089864109628595,1.1444785530726374,8.098107030366463e-14,3.90248253281197e-14,-0.7458749565614428,0.6660859923271664,4.004993374520587e-11,8.880798421488517e-11,-9.973055683309468e-14,1.1548562561735577e-13,-7.456050179857514e-15,-7.24012703799607e-10,-6.742863775226612e-13,-1.6289315084017046e-12,1.7763568393961105e-15,0.0,0.0,0.0,0.0,0.0,0.0,0.0,0.0,0.0,0.0,0.0,0.0,0.0,0.0,0.0,4,"1215.0970773686067,1215.097077368552,1215.0970773691934,1215.0970773692163"
61709,617.124,world,617.1239999996982,-5.254745732975164,0.5089864109636588,1.1444785530726374,8.147898309985978e-14,3.8700740767384705e-14,-0.7458749565636129,0.6660859923247363,4.004381138888634e-11,8.879332405051552e-11,-9.973766226045228e-14,1.4239618672522815e-13,8.535548571338194e-14,-7.238731761632386e-10,-6.856267328310686e-13,-1.6302682451058145e-12,-1.480297366165529e-15,0.0,0.0,0.0,0.0,0.0,0.0,0.0,0.0,0.0,0.0,0.0,0.0,0.0,0.0,0.0,4,"1215.0970773685347,1215.0970773685463,1215.0970773692486,1215.0970773692384"
61710,617.136,world,617.1359999996984,-5.254745732974684,0.5089864109647246,1.1444785530726374,8.204685063874499e-14,3.825091083802849e-14,-0.7458749565665054,0.6660859923214975,4.0035483466132665e-11,8.877373888778827e-11,-9.976430761304328e-14,1.0107682618409729e-13,-2.8245419006677068e-14,-7.237377554687921e-10,-7.000631467775119e-13,-1.6316112669996372e-12,-3.552713678804843e-15,0.0,0.0,0.0,0.0,0.0,0.0,0.0,0.0,0.0,0.0,0.0,0.0,0.0,0.0,0.0,4,"1215.0970773687068,1215.0970773685553,1215.097077369115,1215.0970773691904"
61711,617.145,world,617.1449999996985,-5.254745732974325,0.5089864109655238,1.1444785530726374,8.226287542382732e-14,3.783494657481593e-14,-0.7458749565686745,0.6660859923190683,4.002914089320519e-11,8.875907319257161e-11,-9.977999876512467e-14,1.0521840564479133e-13,-9.95301968964316e-15,-7.236140587679735e-10,-7.086342657649267e-13,-1.6282764741171135e-12,5.921189464611629e-16,0.0,0.0,0.0,0.0,0.0,0.0,0.0,0.0,0.0,0.0,0.0,0.0,0.0,0.0,0.0,4,"1215.0970773686072,1215.0970773685522,1215.0970773691913,1215.0970773692175"
61712,617.154,world,617.1539999996986,-5.254745732973965,0.5089864109663221,1.1444785530726374,8.272060660095264e-14,3.7532364254168335e-14,-0.7458749565708432,0.6660859923166398,4.002271385992042e-11,8.874441978979035e-11,-9.978088694354437e-14,1.3358287122004296e-13,8.098497287198644e-14,-7.234746685104477e-10,-7.190997737514677e-13,-1.6294128292258893e-12,2.9605947323058146e-16,0.0,0.0,0.0,0.0,0.0,0.0,0.0,0.0,0.0,0.0,0.0,0.0,0.0,0.0,0.0,4,"1215.097077368535,1215.0970773685465,1215.097077369247,1215.0970773692393"
61713,617.166,world,617.1659999996988,-5.254745732973485,0.5089864109673866,1.1444785530726374,8.323450923528365e-14,3.7097893705552014e-14,-0.7458749565737344,0.6660859923134025,4.001399093584408e-11,8.872484785182348e-11,-9.97989465714116e-14,9.394600060003362e-14,-3.3339423827552913e-14,-7.233393609309603e-10,-7.325382493351506e-13,-1.6302804524304994e-12,8.881784197043661e-16,0.0,0.0,0.0,0.0,0.0,0.0,0.0,0.0,0.0,0.0,0.0,0.0,0.0,0.0,0.0,4,"1215.0970773687063,1215.0970773685565,1215.097077369115,1215.0970773691904"
61714,617.175,world,617.1749999996989,-5.2547457329731255,0.508986410968185,1.1444785530726374,8.341535843319055e-14,3.6690975905646474e-14,-0.7458749565759025,0.6660859923109747,4.0007359337196286e-11,8.871019588330284e-11,-9.980190716614393e-14,9.887351468558778e-14,-1.3599234581958346e-14,-7.232157455982541e-10,-7.404719388971019e-13,-1.62661207928165e-12,-1.1842378929349476e-15,0.0,0.0,0.0,0.0,0.0,0.0,0.0,0.0,0.0,0.0,0.0,0.0,0.0,0.0,0.0,4,"1215.0970773686063,1215.0970773685535,1215.0970773691915,1215.0970773692165"
61715,617.184,world,617.183999999699,-5.254745732972766,0.5089864109689833,1.1444785530726374,8.38462917929934e-14,3.640025089287168e-14,-0.7458749565780698,0.6660859923085476,4.0000648593286186e-11,8.869555850693292e-11,-9.980753229613536e-14,1.2805725026437727e-13,7.925884605155508e-14,-7.230765054577616e-10,-7.503855040283213e-13,-1.6275628806667313e-12,2.9605947323058146e-16,0.0,0.0,0.0,0.0,0.0,0.0,0.0,0.0,0.0,0.0,0.0,0.0,0.0,0.0,0.0,4,"1215.0970773685344,1215.097077368548,1215.097077369247,1215.0970773692384"
61716,617.196,world,617.1959999996992,-5.254745732972286,0.5089864109700478,1.1444785530726374,8.433734598521313e-14,3.5985403381477446e-14,-0.7458749565809596,0.6660859923053117,3.999155426994532e-11,8.86760091011888e-11,-9.983062493504758e-14,8.947810375077152e-14,-3.3335570638482246e-14,-7.229413942578162e-10,-7.632272049116508e-13,-1.6284109469047423e-12,-1.7763568393961105e-15,0.0,0.0,0.0,0.0,0.0,0.0,0.0,0.0,0.0,0.0,0.0,0.0,0.0,0.0,0.0,4,"1215.097077368706,1215.0970773685572,1215.0970773691142,1215.0970773691902"
61717,617.205,world,617.2049999996993,-5.2547457329719265,0.5089864109708462,1.1444785530726374,8.450623243012685e-14,3.559191504651893e-14,-0.7458749565831262,0.6660859923028856,3.998464830937568e-11,8.866137373320633e-11,-9.984217125450366e-14,9.543115408139809e-14,-1.3825217036571594e-14,-7.228178734130655e-10,-7.708056528415002e-13,-1.6247842430567985e-12,-5.921189464611629e-16,0.0,0.0,0.0,0.0,0.0,0.0,0.0,0.0,0.0,0.0,0.0,0.0,0.0,0.0,0.0,4,"1215.0970773686063,1215.097077368554,1215.0970773691906,1215.0970773692172"
61718,617.214,world,617.2139999996995,-5.254745732971567,0.5089864109716442,1.1444785530726374,8.492658901306914e-14,3.5308976184453904e-14,-0.7458749565852926,0.6660859923004596,3.997766593897769e-11,8.864675284702382e-11,-9.984779638449508e-14,1.257442188484904e-13,7.826893881279407e-14,-7.226786808762262e-10,-7.804576368510792e-13,-1.6257151222621155e-12,-1.1842378929349476e-15,0.0,0.0,0.0,0.0,0.0,0.0,0.0,0.0,0.0,0.0,0.0,0.0,0.0,0.0,0.0,4,"1215.0970773685344,1215.0970773685483,1215.097077369246,1215.0970773692388"
61719,617.226,world,617.2259999996996,-5.254745732971087,0.5089864109727074,1.1444785530726374,8.540495679187344e-14,3.489630869057458e-14,-0.7458749565881806,0.6660859922972258,3.996821232330196e-11,8.8627226378468e-11,-9.987029690446079e-14,8.845700472999451e-14,-3.48015707937561e-14,-7.225436438315887e-10,-7.930792516952195e-13,-1.62643254956539e-12,-1.480297366165529e-15,0.0,0.0,0.0,0.0,0.0,0.0,0.0,0.0,0.0,0.0,0.0,0.0,0.0,0.0,0.0,4,"1215.0970773687056,1215.0970773685578,1215.097077369114,1215.0970773691904"
61720,617.235,world,617.2349999996998,-5.2547457329707274,0.5089864109735047,1.1444785530726374,8.556829974652105e-14,3.450124311524517e-14,-0.745874956590346,0.6660859922948008,3.996103808487312e-11,8.861260935243208e-11,-9.988865259180125e-14,9.52708651918036e-14,-1.4464863351343227e-14,-7.224201795796956e-10,-8.005925422334019e-13,-1.6227069554609595e-12,-2.960594732331058e-15,0.0,0.0,0.0,0.0,0.0,0.0,0.0,0.0,0.0,0.0,0.0,0.0,0.0,0.0,0.0,4,"1215.0970773686056,1215.097077368555,1215.0970773691904,1215.0970773692165"
61721,617.244,world,617.2439999996999,-5.254745732970368,0.5089864109743021,1.1444785530726374,8.598932439212227e-14,3.4217758832468105e-14,-0.7458749565925112,0.6660859922923763,3.995378762363678e-11,8.859800727545769e-11,-9.991174523071346e-14,1.2626452249213128e-13,7.904823543388074e-14,-7.222811036891737e-10,-8.102573020863158e-13,-1.6236321360122414e-12,-2.960594732331058e-15,0.0,0.0,0.0,0.0,0.0,0.0,0.0,0.0,0.0,0.0,0.0,0.0,0.0,0.0,0.0,4,"1215.0970773685337,1215.0970773685494,1215.0970773692463,1215.097077369238"
61722,617.256,world,617.2559999997001,-5.254745732969888,0.5089864109753652,1.1444785530726374,8.64797967878059e-14,3.380991156526653e-14,-0.7458749565953976,0.6660859922891442,3.994397577458377e-11,8.857850467768331e-11,-9.995171325959998e-14,8.941508623813435e-14,-3.158942157076705e-14,-7.221461229704513e-10,-8.229895107392475e-13,-1.6245666128457622e-12,-2.6645352591004767e-15,0.0,0.0,0.0,0.0,0.0,0.0,0.0,0.0,0.0,0.0,0.0,0.0,0.0,0.0,0.0,4,"1215.0970773687047,1215.0970773685585,1215.0970773691145,1215.0970773691897"
61723,617.265,world,617.2649999997002,-5.254745732969528,0.5089864109761626,1.1444785530726374,8.665893968382666e-14,3.3422301152079546e-14,-0.745874956597562,0.6660859922867206,3.9936531712964173e-11,8.856390293671546e-11,-9.996770047115457e-14,9.659798827589262e-14,-1.0501046797437802e-14,-7.220226832858341e-10,-8.306343355059326e-13,-1.6211527831400524e-12,-1.1842378929349476e-15,0.0,0.0,0.0,0.0,0.0,0.0,0.0,0.0,0.0,0.0,0.0,0.0,0.0,0.0,0.0,4,"1215.0970773686054,1215.0970773685553,1215.0970773691904,1215.0970773692168"
61724,617.274,world,617.2739999997003,-5.254745732969169,0.50898641097696,1.1444785530726374,8.709747572602279e-14,3.314521444375665e-14,-0.745874956599726,0.6660859922842973,3.992901004473977e-11,8.854931319282048e-11,-9.997214136325307e-14,1.2804193137970825e-13,8.249613074376193e-14,-7.218836422093161e-10,-8.404697915357971e-13,-1.622402796315887e-12,-5.921189464611629e-16,0.0,0.0,0.0,0.0,0.0,0.0,0.0,0.0,0.0,0.0,0.0,0.0,0.0,0.0,0.0,4,"1215.0970773685342,1215.0970773685494,1215.0970773692454,1215.097077369239"
61725,617.286,world,617.2859999997005,-5.254745732968689,0.5089864109780224,1.1444785530726374,8.760819717784366e-14,3.273578816397537e-14,-0.7458749566026106,0.666085992281067,3.991883374393243e-11,8.852982340978299e-11,-9.997983890955711e-14,9.252086119632169e-14,-3.050442742419337e-14,-7.217487387602294e-10,-8.535137094506918e-13,-1.62359080913826e-12,-2.9605947323058146e-16,0.0,0.0,0.0,0.0,0.0,0.0,0.0,0.0,0.0,0.0,0.0,0.0,0.0,0.0,0.0,4,"1215.0970773687056,1215.0970773685585,1215.097077369113,1215.0970773691909"
61726,617.295,world,617.2949999997006,-5.254745732968329,0.5089864109788188,1.1444785530726374,8.779838183798206e-14,3.233667947376166e-14,-0.7458749566047738,0.6660859922786448,3.991111345806229e-11,8.851523039885534e-11,-9.99833916232359e-14,1.0047173921261312e-13,-1.1217226635318659e-14,-7.216254289339694e-10,-8.614674671897854e-13,-1.6201623354147265e-12,0.0,0.0,0.0,0.0,0.0,0.0,0.0,0.0,0.0,0.0,0.0,0.0,0.0,0.0,0.0,0.0,4,"1215.0970773686063,1215.0970773685553,1215.097077369189,1215.0970773692172"
61727,617.304,world,617.3039999997007,-5.25474573296797,0.5089864109796152,1.1444785530726374,8.824476558848722e-14,3.2041720751295905e-14,-0.7458749566069367,0.6660859922762229,3.990331258005442e-11,8.850065026275876e-11,-9.998191132586974e-14,1.3233980472459136e-13,8.083035089173495e-14,-7.214865396565432e-10,-8.716496254268486e-13,-1.6212586014477594e-12,0.0,0.0,0.0,0.0,0.0,0.0,0.0,0.0,0.0,0.0,0.0,0.0,0.0,0.0,0.0,0.0,4,"1215.0970773685344,1215.09707736855,1215.0970773692452,1215.0970773692386"
61728,617.316,world,617.3159999997009,-5.25474573296749,0.508986410980677,1.1444785530726374,8.876742301555097e-14,3.1608698744976975e-14,-0.7458749566098197,0.6660859922729946,3.989275898768086e-11,8.848117563991167e-11,-9.997687831482477e-14,9.672739216108614e-14,-3.075465612880582e-14,-7.213517640546334e-10,-8.851760961286657e-13,-1.622250691643589e-12,1.7763568393961105e-15,0.0,0.0,0.0,0.0,0.0,0.0,0.0,0.0,0.0,0.0,0.0,0.0,0.0,0.0,0.0,4,"1215.0970773687054,1215.0970773685597,1215.0970773691135,1215.09707736919"
61729,617.325,world,617.324999999701,-5.25474573296713,0.5089864109814733,1.1444785530726374,8.897197716620918e-14,3.1197157196629535e-14,-0.7458749566119819,0.6660859922705734,3.9884751889940923e-11,8.846659480277168e-11,-9.996562805484191e-14,1.0464424628830423e-13,-9.883792381826999e-15,-7.212285698401552e-10,-8.935017622780131e-13,-1.6188203022860792e-12,2.9605947323058146e-16,0.0,0.0,0.0,0.0,0.0,0.0,0.0,0.0,0.0,0.0,0.0,0.0,0.0,0.0,0.0,4,"1215.0970773686058,1215.0970773685565,1215.0970773691895,1215.0970773692163"
61730,617.334,world,617.3339999997012,-5.254745732966771,0.5089864109822697,1.1444785530726374,8.943787391959832e-14,3.0894014556737446e-14,-0.7458749566141433,0.6660859922681529,3.987666076974977e-11,8.845202617834635e-11,-9.995556203275198e-14,1.366960867019877e-13,8.331336634845146e-14,-7.210897727479044e-10,-9.040747865091024e-13,-1.6200460507131806e-12,1.7763568393961105e-15,0.0,0.0,0.0,0.0,0.0,0.0,0.0,0.0,0.0,0.0,0.0,0.0,0.0,0.0,0.0,4,"1215.0970773685344,1215.0970773685506,1215.0970773692452,1215.0970773692386"
61731,617.346,world,617.3459999997013,-5.254745732966291,0.5089864109833315,1.1444785530726374,8.998879419341576e-14,3.0450366587511924e-14,-0.745874956617025,0.6660859922649262,3.986571448876176e-11,8.843256461926727e-11,-9.992447578806248e-14,1.0116646751443715e-13,-2.900735652278456e-14,-7.209550951685247e-10,-9.181534265909442e-13,-1.6212552590952474e-12,2.0724163126393138e-15,0.0,0.0,0.0,0.0,0.0,0.0,0.0,0.0,0.0,0.0,0.0,0.0,0.0,0.0,0.0,4,"1215.0970773687063,1215.0970773685594,1215.097077369113,1215.0970773691904"
61732,617.355,world,617.3549999997015,-5.254745732965931,0.5089864109841271,1.1444785530726374,9.021015531277468e-14,3.002734543318545e-14,-0.7458749566191858,0.6660859922625064,3.985740859799685e-11,8.841799236456426e-11,-9.989812649494472e-14,1.0900615110067054e-13,-9.458114891186594e-15,-7.208319694746188e-10,-9.268760187370334e-13,-1.617882913272739e-12,1.7763568393961105e-15,0.0,0.0,0.0,0.0,0.0,0.0,0.0,0.0,0.0,0.0,0.0,0.0,0.0,0.0,0.0,4,"1215.0970773686067,1215.097077368556,1215.0970773691893,1215.0970773692168"
61733,617.364,world,617.3639999997016,-5.254745732965572,0.5089864109849225,1.1444785530726374,9.068809654300477e-14,2.97100736424332e-14,-0.7458749566213461,0.6660859922600874,3.9849015252396984e-11,8.840343234386417e-11,-9.987562597497899e-14,1.405705261491229e-13,8.29003653812173e-14,-7.206932051090755e-10,-9.378126438419258e-13,-1.619063331245845e-12,1.7763568393961105e-15,0.0,0.0,0.0,0.0,0.0,0.0,0.0,0.0,0.0,0.0,0.0,0.0,0.0,0.0,0.0,4,"1215.0970773685349,1215.0970773685503,1215.0970773692452,1215.0970773692381"
61734,617.376,world,617.3759999997018,-5.254745732965092,0.508986410985983,1.1444785530726374,9.125293884859893e-14,2.924980416483462e-14,-0.7458749566242264,0.6660859922568622,3.983766133463253e-11,8.838398311559362e-11,-9.984690820607535e-14,1.0459848165186201e-13,-2.8419074679921262e-14,-7.205585872776193e-10,-9.52313792264561e-13,-1.6202064359933228e-12,3.552713678804843e-15,0.0,0.0,0.0,0.0,0.0,0.0,0.0,0.0,0.0,0.0,0.0,0.0,0.0,0.0,0.0,4,"1215.0970773687059,1215.0970773685601,1215.0970773691135,1215.0970773691895"
61735,617.385,world,617.3849999997019,-5.254745732964732,0.5089864109867783,1.1444785530726374,9.14887771379565e-14,2.881948504325702e-14,-0.7458749566263858,0.6660859922544441,3.982904646142182e-11,8.836942001945466e-11,-9.982440768610962e-14,1.1225020189811653e-13,-7.426442370128068e-15,-7.204355435017916e-10,-9.613436272656591e-13,-1.6169092943301804e-12,3.552713678804843e-15,0.0,0.0,0.0,0.0,0.0,0.0,0.0,0.0,0.0,0.0,0.0,0.0,0.0,0.0,0.0,4,"1215.0970773686065,1215.097077368557,1215.0970773691897,1215.0970773692159"
61736,617.394,world,617.393999999702,-5.2547457329643725,0.5089864109875737,1.1444785530726374,9.198493714019615e-14,2.8499173686818543e-14,-0.7458749566285451,0.666085992252026,3.982034137922066e-11,8.835486788240184e-11,-9.980960471244796e-14,1.437261607356752e-13,8.583610063807946e-14,-7.202969038883947e-10,-9.7258641825579e-13,-1.6182786069060775e-12,2.9605947323058146e-16,0.0,0.0,0.0,0.0,0.0,0.0,0.0,0.0,0.0,0.0,0.0,0.0,0.0,0.0,0.0,4,"1215.0970773685349,1215.0970773685508,1215.097077369245,1215.0970773692377"
61737,617.406,world,617.4059999997022,-5.254745732963893,0.5089864109886342,1.1444785530726374,9.257612108046959e-14,2.8036651206319268e-14,-0.7458749566314234,0.6660859922488029,3.980856748396683e-11,8.833542603157194e-11,-9.982470374558285e-14,1.0780661515664564e-13,-2.5703805671002817e-14,-7.201623473464812e-10,-9.875021730274501e-13,-1.6197337652940717e-12,-2.3684757858698952e-15,0.0,0.0,0.0,0.0,0.0,0.0,0.0,0.0,0.0,0.0,0.0,0.0,0.0,0.0,0.0,4,"1215.0970773687059,1215.0970773685594,1215.0970773691129,1215.0970773691895"
61738,617.415,world,617.4149999997023,-5.254745732963533,0.5089864109894295,1.1444785530726374,9.282839691801295e-14,2.7602358387663656e-14,-0.7458749566335818,0.666085992246386,3.979963441764666e-11,8.832086629583235e-11,-9.982351950768993e-14,1.1521706988256847e-13,-6.005594005021891e-15,-7.200393285335184e-10,-9.96826244043574e-13,-1.6165992899133093e-12,1.7763568393961105e-15,0.0,0.0,0.0,0.0,0.0,0.0,0.0,0.0,0.0,0.0,0.0,0.0,0.0,0.0,0.0,4,"1215.0970773686072,1215.097077368556,1215.097077369189,1215.0970773692163"
61739,617.424,world,617.4239999997025,-5.2547457329631735,0.5089864109902241,1.1444785530726374,9.333497517125887e-14,2.7274422623141022e-14,-0.74587495663574,0.6660859922439694,3.9790608684206936e-11,8.830631667894652e-11,-9.980457170140298e-14,1.4636489613729532e-13,8.559006969131251e-14,-7.199007178956988e-10,-1.0083235455447163e-12,-1.6180011060085394e-12,2.3684757858698952e-15,0.0,0.0,0.0,0.0,0.0,0.0,0.0,0.0,0.0,0.0,0.0,0.0,0.0,0.0,0.0,4,"1215.0970773685358,1215.0970773685501,1215.0970773692445,1215.0970773692384"
61740,617.436,world,617.4359999997026,-5.254745732962694,0.5089864109912833,1.1444785530726374,9.393073999200422e-14,2.6795621333247795e-14,-0.7458749566386166,0.666085992240748,3.977840405968707e-11,8.828687905141394e-11,-9.97885844898484e-14,1.101632334206852e-13,-2.7702753176743214e-14,-7.197661942970486e-10,-1.0235213242439662e-12,-1.6192864969624652e-12,8.881784197043661e-16,0.0,0.0,0.0,0.0,0.0,0.0,0.0,0.0,0.0,0.0,0.0,0.0,0.0,0.0,0.0,4,"1215.0970773687068,1215.0970773685592,1215.0970773691126,1215.0970773691897"
61741,617.445,world,617.4449999997028,-5.254745732962334,0.5089864109920776,1.1444785530726374,9.4181802982329e-14,2.634755540895051e-14,-0.745874956640774,0.6660859922383324,3.976914595999348e-11,8.827232440509124e-11,-9.979628203615246e-14,1.1703739591863357e-13,-8.225948056483e-15,-7.196432517492035e-10,-1.033010324075316e-12,-1.6159357203138688e-12,-1.7763568393961105e-15,0.0,0.0,0.0,0.0,0.0,0.0,0.0,0.0,0.0,0.0,0.0,0.0,0.0,0.0,0.0,4,"1215.0970773686072,1215.097077368556,1215.097077369189,1215.0970773692154"
61742,617.454,world,617.4539999997029,-5.2547457329619744,0.508986410992872,1.1444785530726374,9.468668566242702e-14,2.6009523052569446e-14,-0.7458749566429307,0.6660859922359171,3.9759793967365054e-11,8.825778170897279e-11,-9.9822335269797e-14,1.4732320714896365e-13,8.445085659734284e-14,-7.19504746374592e-10,-1.0446182651903761e-12,-1.617162141549001e-12,-3.2566542055616396e-15,0.0,0.0,0.0,0.0,0.0,0.0,0.0,0.0,0.0,0.0,0.0,0.0,0.0,0.0,0.0,4,"1215.0970773685356,1215.0970773685503,1215.097077369245,1215.0970773692366"
61743,617.466,world,617.4659999997031,-5.254745732961495,0.5089864109939312,1.1444785530726374,9.52836332774291e-14,2.5530434661321645e-14,-0.745874956645806,0.6660859922326975,3.974715349564319e-11,8.823835446114068e-11,-9.98436515518698e-14,1.0972111427291986e-13,-2.6472818843573007e-14,-7.193703627823979e-10,-1.0598426730307427e-12,-1.6184464173212894e-12,-1.7763568393961105e-15,0.0,0.0,0.0,0.0,0.0,0.0,0.0,0.0,0.0,0.0,0.0,0.0,0.0,0.0,0.0,4,"1215.0970773687066,1215.0970773685597,1215.097077369113,1215.0970773691884"
61744,617.475,world,617.4749999997032,-5.254745732961135,0.5089864109947255,1.1444785530726374,9.553826909870425e-14,2.50894895048033e-14,-0.7458749566479621,0.6660859922302832,3.973756868170328e-11,8.822380668096764e-11,-9.985371757395973e-14,1.1626220986348586e-13,-6.450976830096624e-15,-7.19247540530155e-10,-1.069292309805358e-12,-1.615243348505219e-12,8.881784197043661e-16,0.0,0.0,0.0,0.0,0.0,0.0,0.0,0.0,0.0,0.0,0.0,0.0,0.0,0.0,0.0,4,"1215.0970773686079,1215.0970773685565,1215.0970773691888,1215.0970773692154"
61745,617.484,world,617.4839999997033,-5.254745732960775,0.5089864109955199,1.1444785530726374,9.604580321640243e-14,2.4757580623469533e-14,-0.7458749566501177,0.6660859922278692,3.972789038322209e-11,8.820926949764054e-11,-9.983328947030663e-14,1.4695234882790455e-13,8.512913837076112e-14,-7.191091465005352e-10,-1.0808577680679932e-12,-1.616599275851239e-12,2.960594732331058e-15,0.0,0.0,0.0,0.0,0.0,0.0,0.0,0.0,0.0,0.0,0.0,0.0,0.0,0.0,0.0,4,"1215.0970773685367,1215.0970773685506,1215.097077369244,1215.0970773692377"
61746,617.496,world,617.4959999997035,-5.254745732960296,0.5089864109965778,1.1444785530726374,9.664119492427378e-14,2.4276103672808135e-14,-0.7458749566529913,0.6660859922246515,3.971481507626307e-11,8.81898490209324e-11,-9.980397958245652e-14,1.1023539345061287e-13,-2.8002121189023146e-14,-7.189748556692114e-10,-1.096087503106601e-12,-1.617839561292597e-12,1.1842378929349476e-15,0.0,0.0,0.0,0.0,0.0,0.0,0.0,0.0,0.0,0.0,0.0,0.0,0.0,0.0,0.0,4,"1215.0970773687075,1215.0970773685597,1215.0970773691124,1215.0970773691893"
61747,617.505,world,617.5049999997036,-5.254745732959936,0.5089864109973712,1.1444785530726374,9.689061623644465e-14,2.3826931305601614e-14,-0.7458749566551462,0.6660859922222383,3.970490389822156e-11,8.817530755821109e-11,-9.979065690616103e-14,1.1683357802874356e-13,-8.85744267836752e-15,-7.188521050679495e-10,-1.1055684843977266e-12,-1.6144525758983607e-12,1.1842378929349476e-15,0.0,0.0,0.0,0.0,0.0,0.0,0.0,0.0,0.0,0.0,0.0,0.0,0.0,0.0,0.0,4,"1215.0970773686079,1215.0970773685565,1215.0970773691886,1215.0970773692152"
61748,617.514,world,617.5139999997037,-5.254745732959576,0.5089864109981646,1.1444785530726374,9.739221079882301e-14,2.3487322053702125e-14,-0.7458749566573006,0.6660859922198259,3.969489901294103e-11,8.816077851757688e-11,-9.979924263088478e-14,1.470772179968954e-13,8.359133976320262e-14,-7.187138032985493e-10,-1.1171492943441242e-12,-1.6156141306896816e-12,-1.7763568393961105e-15,0.0,0.0,0.0,0.0,0.0,0.0,0.0,0.0,0.0,0.0,0.0,0.0,0.0,0.0,0.0,4,"1215.097077368536,1215.097077368551,1215.0970773692445,1215.097077369236"
61749,617.526,world,617.5259999997039,-5.254745732959097,0.5089864109992224,1.1444785530726374,9.798622978346831e-14,2.3005534122250046e-14,-0.7458749566601729,0.6660859922166097,3.9681388300298227e-11,8.814137040898658e-11,-9.981611802085905e-14,1.0996425438621973e-13,-2.687729871510931e-14,-7.185796235313384e-10,-1.1323635160045468e-12,-1.6168187966611134e-12,-2.9605947323058146e-16,0.0,0.0,0.0,0.0,0.0,0.0,0.0,0.0,0.0,0.0,0.0,0.0,0.0,0.0,0.0,4,"1215.0970773687068,1215.0970773685606,1215.097077369113,1215.097077369188"
61750,617.535,world,617.534999999704,-5.254745732958737,0.5089864110000157,1.1444785530726374,9.824122006220585e-14,2.256326032489311e-14,-0.7458749566623265,0.6660859922141981,3.967115069695792e-11,8.812683739643521e-11,-9.980042686877769e-14,1.1655934066754362e-13,-6.33144218027061e-15,-7.184569557711963e-10,-1.141835130043922e-12,-1.6135984083761514e-12,1.7763568393961105e-15,0.0,0.0,0.0,0.0,0.0,0.0,0.0,0.0,0.0,0.0,0.0,0.0,0.0,0.0,0.0,4,"1215.0970773686079,1215.0970773685572,1215.0970773691888,1215.097077369215"
61751,617.544,world,617.5439999997042,-5.254745732958377,0.5089864110008091,1.1444785530726374,9.87512082129823e-14,2.2231412464014764e-14,-0.7458749566644797,0.6660859922117869,3.966081935270304e-11,8.811231489975752e-11,-9.978414359774986e-14,1.473539037097318e-13,8.575593009218259e-14,-7.183187184603414e-10,-1.1534348827300774e-12,-1.61498481258438e-12,2.0724163126393138e-15,0.0,0.0,0.0,0.0,0.0,0.0,0.0,0.0,0.0,0.0,0.0,0.0,0.0,0.0,0.0,4,"1215.097077368537,1215.0970773685513,1215.0970773692438,1215.097077369237"
61752,617.556,world,617.5559999997043,-5.254745732957898,0.5089864110018667,1.1444785530726374,9.935275236473605e-14,2.1751796981010266e-14,-0.7458749566673504,0.6660859922085722,3.9646872717539674e-11,8.809291318044038e-11,-9.974772828254215e-14,1.107234711397379e-13,-2.6795971705327092e-14,-7.18184628670939e-10,-1.1687295777808408e-12,-1.616329965709051e-12,3.2566542055616396e-15,0.0,0.0,0.0,0.0,0.0,0.0,0.0,0.0,0.0,0.0,0.0,0.0,0.0,0.0,0.0,4,"1215.0970773687077,1215.0970773685603,1215.0970773691124,1215.0970773691888"
61753,617.565,world,617.5649999997045,-5.254745732957538,0.5089864110026591,1.1444785530726374,9.960812835222381e-14,2.1304957017842224e-14,-0.7458749566695027,0.6660859922061622,3.96363074865112e-11,8.807838476003353e-11,-9.972374746521026e-14,1.174160390189327e-13,-7.480696311275685e-15,-7.180620396127017e-10,-1.1782666755734087e-12,-1.6130540277223122e-12,2.3684757858698952e-15,0.0,0.0,0.0,0.0,0.0,0.0,0.0,0.0,0.0,0.0,0.0,0.0,0.0,0.0,0.0,4,"1215.0970773686083,1215.0970773685572,1215.0970773691881,1215.0970773692152"
61754,617.574,world,617.5739999997046,-5.254745732957178,0.5089864110034514,1.1444785530726374,1.0011609340511548e-13,2.0965894048102257e-14,-0.7458749566716549,0.6660859922037521,3.9625647932300344e-11,8.806386779533375e-11,-9.971397750259355e-14,1.482204133343573e-13,8.439087762009129e-14,-7.179239238978552e-10,-1.189931179996689e-12,-1.6143097755216138e-12,0.0,0.0,0.0,0.0,0.0,0.0,0.0,0.0,0.0,0.0,0.0,0.0,0.0,0.0,0.0,0.0,4,"1215.0970773685367,1215.0970773685515,1215.0970773692436,1215.0970773692363"
61755,617.586,world,617.5859999997048,-5.254745732956699,0.5089864110045079,1.1444785530726374,1.0071711013368974e-13,2.0478814416503845e-14,-0.7458749566745237,0.6660859922005397,3.961126277889069e-11,8.804447509740674e-11,-9.971782627574559e-14,1.1157821871164403e-13,-2.6956099733272583e-14,-7.177899273881992e-10,-1.2053150462677836e-12,-1.615533105363077e-12,1.7763568393961105e-15,0.0,0.0,0.0,0.0,0.0,0.0,0.0,0.0,0.0,0.0,0.0,0.0,0.0,0.0,0.0,4,"1215.097077368707,1215.097077368561,1215.0970773691126,1215.097077369188"
61756,617.595,world,617.5949999997049,-5.254745732956339,0.5089864110053003,1.1444785530726374,1.0097725424828818e-13,2.0030631584447037e-14,-0.7458749566766751,0.6660859921981307,3.960036787139063e-11,8.802995376767905e-11,-9.971634597837941e-14,1.184155459030438e-13,-6.156094140653294e-15,-7.176673946119227e-10,-1.214937919329452e-12,-1.6122926468717953e-12,-5.921189464611629e-16,0.0,0.0,0.0,0.0,0.0,0.0,0.0,0.0,0.0,0.0,0.0,0.0,0.0,0.0,0.0,4,"1215.0970773686076,1215.0970773685576,1215.0970773691884,1215.0970773692143"
61757,617.604,world,617.603999999705,-5.254745732955979,0.5089864110060927,1.1444785530726374,1.0149429375540853e-13,1.9693792635955638e-14,-0.7458749566788261,0.666085992195722,3.958937776473912e-11,8.801544297830691e-11,-9.97270041194158e-14,1.4922118248754602e-13,8.652037469253276e-14,-7.175292943465006e-10,-1.2267056690117464e-12,-1.613695327176895e-12,0.0,0.0,0.0,0.0,0.0,0.0,0.0,0.0,0.0,0.0,0.0,0.0,0.0,0.0,0.0,0.0,4,"1215.0970773685365,1215.0970773685517,1215.0970773692436,1215.0970773692363"
61758,617.616,world,617.6159999997052,-5.2547457329555,0.5089864110071491,1.1444785530726374,1.0210934466680892e-13,1.9210771346580906e-14,-0.7458749566816932,0.6660859921925113,3.957455032796037e-11,8.799605606480224e-11,-9.973558984413955e-14,1.1259556949037756e-13,-2.499817342407735e-14,-7.173953011409267e-10,-1.2422417632244373e-12,-1.6151620661063897e-12,-1.1842378929349476e-15,0.0,0.0,0.0,0.0,0.0,0.0,0.0,0.0,0.0,0.0,0.0,0.0,0.0,0.0,0.0,4,"1215.0970773687072,1215.0970773685606,1215.0970773691122,1215.097077369188"
61759,617.625,world,617.6249999997053,-5.25474573295514,0.5089864110079413,1.1444785530726374,1.0237704053927119e-13,1.8763666500268317e-14,-0.7458749566838436,0.6660859921901036,3.956332257019915e-11,8.798153739602963e-11,-9.975068887727445e-14,1.1924717100060805e-13,-5.439125829916849e-15,-7.172728446351282e-10,-1.2519625849913354e-12,-1.6120418278352132e-12,-1.7763568393961105e-15,0.0,0.0,0.0,0.0,0.0,0.0,0.0,0.0,0.0,0.0,0.0,0.0,0.0,0.0,0.0,4,"1215.0970773686088,1215.0970773685572,1215.0970773691877,1215.0970773692145"
61760,617.634,world,617.6339999997055,-5.25474573295478,0.5089864110087327,1.1444785530726374,1.028958901373667e-13,1.842502707332655e-14,-0.7458749566859932,0.6660859921876964,3.955199892487629e-11,8.796702876753052e-11,-9.9762827315677e-14,1.4943039418091738e-13,8.595914249621162e-14,-7.171348634495947e-10,-1.2637839919800356e-12,-1.6134478051142135e-12,-8.881784197043661e-16,0.0,0.0,0.0,0.0,0.0,0.0,0.0,0.0,0.0,0.0,0.0,0.0,0.0,0.0,0.0,4,"1215.0970773685376,1215.0970773685513,1215.0970773692432,1215.097077369236"
61761,617.646,world,617.6459999997056,-5.254745732954301,0.5089864110097878,1.1444785530726374,1.0350571401588624e-13,1.7938911466903903e-14,-0.7458749566888591,0.666085992184487,3.9536726662233855e-11,8.79476454729523e-11,-9.97566100667391e-14,1.1207926334672217e-13,-2.6200151395045136e-14,-7.170009269719575e-10,-1.2792880327630444e-12,-1.6148038618752251e-12,1.7763568393961105e-15,0.0,0.0,0.0,0.0,0.0,0.0,0.0,0.0,0.0,0.0,0.0,0.0,0.0,0.0,0.0,4,"1215.0970773687077,1215.0970773685606,1215.0970773691124,1215.097077369188"
61762,617.655,world,617.6549999997058,-5.254745732953941,0.5089864110105792,1.1444785530726374,1.0376717590214881e-13,1.7491117464286002e-14,-0.745874956691008,0.6660859921820808,3.952516584708887e-11,8.793313051217759e-11,-9.974358344991685e-14,1.1814373761090317e-13,-6.357402527076197e-15,-7.168784692558059e-10,-1.288929358130378e-12,-1.6115905569187942e-12,1.7763568393961105e-15,0.0,0.0,0.0,0.0,0.0,0.0,0.0,0.0,0.0,0.0,0.0,0.0,0.0,0.0,0.0,4,"1215.0970773686088,1215.0970773685574,1215.0970773691884,1215.0970773692143"
61763,617.664,world,617.6639999997059,-5.254745732953588,0.5089864110113705,1.1444785530726374,1.0427989275572763e-13,1.7155073340971078e-14,-0.7458749566931565,0.6660859921796749,3.951351008003276e-11,8.791862620991892e-11,-9.972374746521022e-14,1.4783817578104082e-13,8.559460044675836e-14,-7.167404878054741e-10,-1.3006292300243034e-12,-1.6129513923022046e-12,3.2566542055616396e-15,0.0,0.0,0.0,0.0,0.0,0.0,0.0,0.0,0.0,0.0,0.0,0.0,0.0,0.0,0.0,4,"1215.0970773685378,1215.0970773685515,1215.0970773692438,1215.0970773692359"
61764,617.676,world,617.675999999706,-5.254745732953119,0.5089864110124257,1.1444785530726374,1.0488207072470485e-13,1.6676668185847995e-14,-0.7458749566960208,0.6660859921764677,3.949779701608423e-11,8.789924885234816e-11,-9.968881244736869e-14,1.1015610094653314e-13,-2.6232801909332577e-14,-7.166065437601812e-10,-1.315922157209152e-12,-1.6143184254268274e-12,1.7763568393961105e-15,0.0,0.0,0.0,0.0,0.0,0.0,0.0,0.0,0.0,0.0,0.0,0.0,0.0,0.0,0.0,4,"1215.097077368708,1215.0970773685606,1215.0970773691124,1215.097077369188"
61765,617.685,world,617.6849999997062,-5.254745732952768,0.5089864110132171,1.1444785530726374,1.051367369501831e-13,1.6234532809836315e-14,-0.7458749566981685,0.6660859921740626,3.948590735346214e-11,8.788473823954346e-11,-9.96719370573944e-14,1.1624306655054033e-13,-7.009709280027105e-15,-7.16484137069691e-10,-1.3253904164624566e-12,-1.6111019901346153e-12,2.0724163126393138e-15,0.0,0.0,0.0,0.0,0.0,0.0,0.0,0.0,0.0,0.0,0.0,0.0,0.0,0.0,0.0,4,"1215.0970773686092,1215.0970773685572,1215.097077369188,1215.0970773692147"
61766,617.694,world,617.6939999997063,-5.254745732952416,0.5089864110140082,1.1444785530726374,1.0563411379305566e-13,1.590607966697826e-14,-0.7458749567003158,0.666085992171658,3.9473924650473563e-11,8.787023867081164e-11,-9.965594984583982e-14,1.4115872614196527e-13,8.318373534815659e-14,-7.163462260460503e-10,-1.3367892677801228e-12,-1.6123793541020275e-12,1.1842378929349476e-15,0.0,0.0,0.0,0.0,0.0,0.0,0.0,0.0,0.0,0.0,0.0,0.0,0.0,0.0,0.0,4,"1215.0970773685428,1215.097077368547,1215.0970773692463,1215.0970773692327"
61767,617.706,world,617.7059999997065,-5.254745732951947,0.508986411015062,1.1444785530726374,1.0614861576869075e-13,1.5485906685732924e-14,-0.7458749567031786,0.6660859921684524,3.9457787214153824e-11,8.785086983630565e-11,-9.964055475323169e-14,7.732387053382074e-14,-3.3213682141152703e-14,-7.162124785947108e-10,-1.3501646987271325e-12,-1.6134607629372832e-12,5.921189464611629e-16,0.0,0.0,0.0,0.0,0.0,0.0,0.0,0.0,0.0,0.0,0.0,0.0,0.0,0.0,0.0,4,"1215.0970773687231,1215.0970773685458,1215.097077369123,1215.097077369176"
61768,617.715,world,617.7149999997066,-5.254745732951595,0.5089864110158524,1.1444785530726374,1.0621238094712844e-13,1.5193862774430454e-14,-0.7458749567053251,0.6660859921660488,3.944560920868239e-11,8.783636842438503e-11,-9.964825229953575e-14,3.8967661760249616e-14,-1.903438039911406e-14,-7.16090215869786e-10,-1.35509462237313e-12,-1.6099463629324886e-12,-1.7763568393961105e-15,0.0,0.0,0.0,0.0,0.0,0.0,0.0,0.0,0.0,0.0,0.0,0.0,0.0,0.0,0.0,4,"1215.097077368634,1215.0970773685324,1215.0970773692075,1215.0970773691938"
61769,617.724,world,617.7239999997067,-5.2547457329512435,0.5089864110166428,1.1444785530726374,1.0633881998102142e-13,1.5180943471280195e-14,-0.7458749567074712,0.6660859921636455,3.9433401369137806e-11,8.782188053308444e-11,-9.96559498458398e-14,1.9856049992310133e-15,6.564038937971368e-14,-7.159524154900112e-10,-1.3572471990888312e-12,-1.6109866604647854e-12,-1.1842378929349476e-15,0.0,0.0,0.0,0.0,0.0,0.0,0.0,0.0,0.0,0.0,0.0,0.0,0.0,0.0,0.0,4,"1215.0970773685726,1215.0970773685171,1215.0970773692711,1215.097077369207"
61770,617.736,world,617.7359999997069,-5.2547457329507745,0.5089864110176966,1.1444785530726374,1.0602176881210355e-13,1.55040621923882e-14,-0.7458749567103324,0.6660859921604415,3.941714704446377e-11,8.780252890709192e-11,-9.967193705739438e-14,-1.527264845698588e-13,-5.730274321153449e-14,-7.158187536328359e-10,-1.349193889742964e-12,-1.6120599828340716e-12,-2.0724163126393138e-15,0.0,0.0,0.0,0.0,0.0,0.0,0.0,0.0,0.0,0.0,0.0,0.0,0.0,0.0,0.0,4,"1215.0970773687525,1215.0970773685165,1215.0970773691479,1215.0970773691506"
61771,617.745,world,617.744999999707,-5.254745732950423,0.508986411018487,1.1444785530726374,1.0521071544530998e-13,1.601076588331366e-14,-0.7458749567124777,0.6660859921580393,3.9405088289975386e-11,8.778803896486102e-11,-9.970095088577124e-14,-2.5315420119676807e-13,-4.8614444698001315e-14,-7.156966032381244e-10,-1.3311983314081194e-12,-1.6087939322147427e-12,-4.440892098496587e-15,0.0,0.0,0.0,0.0,0.0,0.0,0.0,0.0,0.0,0.0,0.0,0.0,0.0,0.0,0.0,4,"1215.09707736866,1215.0970773685071,1215.097077369228,1215.0970773691722"
61772,617.754,world,617.7539999997072,-5.254745732950071,0.5089864110192773,1.1444785530726374,1.0427499828744417e-13,1.6968442563413438e-14,-0.7458749567146229,0.6660859921556371,3.9393232070265055e-11,8.777355983631548e-11,-9.974713616359563e-14,-3.394837493109344e-13,3.041833689424518e-14,-7.155589566857746e-10,-1.3053790240413014e-12,-1.6101568540320013e-12,-5.033011044970372e-15,0.0,0.0,0.0,0.0,0.0,0.0,0.0,0.0,0.0,0.0,0.0,0.0,0.0,0.0,0.0,4,"1215.097077368592,1215.0970773684978,1215.097077369285,1215.0970773691918"
61773,617.766,world,617.7659999997073,-5.254745732949602,0.5089864110203305,1.1444785530726374,1.0233122039581515e-13,1.8764466132539636e-14,-0.7458749567174822,0.6660859921524354,3.9377873863794125e-11,8.77542159241046e-11,-9.981374954507313e-14,-5.330406204202778e-13,-9.914926073761911e-14,-7.154253734919099e-10,-1.2544836042563731e-12,-1.6115362234956352e-12,-5.329070518200953e-15,0.0,0.0,0.0,0.0,0.0,0.0,0.0,0.0,0.0,0.0,0.0,0.0,0.0,0.0,0.0,4,"1215.0970773687607,1215.0970773685078,1215.0970773691529,1215.0970773691454"
61774,617.775,world,617.7749999997075,-5.25474573294925,0.5089864110211199,1.1444785530726374,1.0022103817818349e-13,2.043357905786076e-14,-0.7458749567196264,0.6660859921500343,3.9366837822597404e-11,8.773973037597698e-11,-9.98498688008076e-14,-6.39278905840595e-13,-9.282322532719539e-14,-7.153031708761923e-10,-1.2023306727353364e-12,-1.608311531092678e-12,-1.7763568393961105e-15,0.0,0.0,0.0,0.0,0.0,0.0,0.0,0.0,0.0,0.0,0.0,0.0,0.0,0.0,0.0,4,"1215.0970773686586,1215.0970773685083,1215.097077369226,1215.0970773691747"
61775,617.784,world,617.7839999997076,-5.254745732948899,0.5089864110219092,1.1444785530726374,9.799664586317051e-14,2.2536430954855526e-14,-0.7458749567217704,0.6660859921476335,3.935631167782863e-11,8.772525592699668e-11,-9.987000084498744e-14,-7.11356690246593e-13,-1.2944444386237884e-14,-7.151654701945739e-10,-1.1426322779191693e-12,-1.6095958755468067e-12,-3.2566542055616396e-15,0.0,0.0,0.0,0.0,0.0,0.0,0.0,0.0,0.0,0.0,0.0,0.0,0.0,0.0,0.0,4,"1215.0970773685815,1215.0970773685085,1215.097077369277,1215.0970773692004"
61776,617.796,world,617.7959999997078,-5.25474573294843,0.5089864110229617,1.1444785530726374,9.446436158073633e-14,2.5744412655064504e-14,-0.7458749567246281,0.6660859921444334,3.934318392336301e-11,8.770591950987973e-11,-9.992121913385684e-14,-8.603206933417994e-13,-1.365087779886539e-13,-7.150318913725611e-10,-1.049835806631017e-12,-1.6108740138198958e-12,-5.329070518200953e-15,0.0,0.0,0.0,0.0,0.0,0.0,0.0,0.0,0.0,0.0,0.0,0.0,0.0,0.0,0.0,4,"1215.0970773687407,1215.0970773685283,1215.0970773691377,1215.0970773691604"
61777,617.805,world,617.8049999997079,-5.254745732948078,0.5089864110237511,1.1444785530726374,9.133001254503534e-14,2.8329108611135533e-14,-0.7458749567267714,0.6660859921420335,3.933412889757585e-11,8.769143991951044e-11,-9.996562805484184e-14,-9.167970615225165e-13,-1.2377971766338638e-13,-7.149098219182107e-10,-9.704952699498556e-13,-1.607659756468387e-12,-3.848773152035424e-15,0.0,0.0,0.0,0.0,0.0,0.0,0.0,0.0,0.0,0.0,0.0,0.0,0.0,0.0,0.0,4,"1215.0970773686333,1215.0970773685337,1215.097077369206,1215.0970773691938"
61778,617.814,world,617.813999999708,-5.254745732947726,0.5089864110245405,1.1444785530726374,8.826805199103361e-14,3.118295765592367e-14,-0.7458749567289138,0.6660859921396343,3.932580493966099e-11,8.76769711016583e-11,-9.999197734795962e-14,-9.294122187435476e-13,-3.734135222693862e-14,-7.147722331969451e-10,-8.884411222912683e-13,-1.6089890345883112e-12,-1.7763568393961105e-15,0.0,0.0,0.0,0.0,0.0,0.0,0.0,0.0,0.0,0.0,0.0,0.0,0.0,0.0,0.0,4,"1215.0970773685535,1215.0970773685372,1215.0970773692538,1215.0970773692234"
61779,617.826,world,617.8259999997082,-5.254745732947257,0.5089864110255929,1.1444785530726374,8.394496487046942e-14,3.509294147781151e-14,-0.7458749567317703,0.6660859921364356,3.9315875313724846e-11,8.765764209398173e-11,-1.0000796455951423e-13,-9.90949572513688e-13,-1.5287597933302562e-13,-7.146387253333638e-10,-7.744755266833889e-13,-1.6102146639143291e-12,-1.7763568393961105e-15,0.0,0.0,0.0,0.0,0.0,0.0,0.0,0.0,0.0,0.0,0.0,0.0,0.0,0.0,0.0,4,"1215.0970773687106,1215.097077368559,1215.0970773691124,1215.0970773691856"
61780,617.835,world,617.8349999997083,-5.254745732946906,0.5089864110263816,1.1444785530726374,8.047706443271224e-14,3.79614571405043e-14,-0.7458749567339121,0.6660859921340372,3.930934765196177e-11,8.764316932720875e-11,-1.0000914879740717e-13,-9.790088340890224e-13,-1.3394001334522068e-13,-7.145166785862692e-10,-6.862108707255158e-13,-1.6068024510623735e-12,2.9605947323058146e-16,0.0,0.0,0.0,0.0,0.0,0.0,0.0,0.0,0.0,0.0,0.0,0.0,0.0,0.0,0.0,4,"1215.0970773686033,1215.0970773685647,1215.0970773691813,1215.0970773692193"
61781,617.844,world,617.8439999997084,-5.254745732946554,0.50898641102717,1.1444785530726374,7.730615711400627e-14,4.089099901460376e-14,-0.7458749567360536,0.6660859921316393,3.930360119544139e-11,8.762870972789956e-11,-1.0000026701321016e-13,-9.251796965123367e-13,-4.077240682822823e-14,-7.143791614666699e-10,-6.012460075834224e-13,-1.6078199077468888e-12,1.7763568393961105e-15,0.0,0.0,0.0,0.0,0.0,0.0,0.0,0.0,0.0,0.0,0.0,0.0,0.0,0.0,0.0,4,"1215.0970773685247,1215.097077368567,1215.0970773692306,1215.0970773692466"
61782,617.856,world,617.8559999997086,-5.254745732946085,0.5089864110282212,1.1444785530726374,7.316860550098671e-14,4.460604769393024e-14,-0.7458749567389085,0.6660859921284424,3.929709565978785e-11,8.760939764330122e-11,-9.998072708797679e-14,-9.075536159332118e-13,-1.464340415464565e-13,-7.142457031771837e-10,-4.921483537116215e-13,-1.60861362289368e-12,1.7763568393961105e-15,0.0,0.0,0.0,0.0,0.0,0.0,0.0,0.0,0.0,0.0,0.0,0.0,0.0,0.0,0.0,4,"1215.0970773686854,1215.0970773685847,1215.0970773690938,1215.0970773692047"
61783,617.865,world,617.8649999997087,-5.254745732945733,0.5089864110290095,1.1444785530726374,7.006282224388562e-14,4.713833461322372e-14,-0.7458749567410491,0.6660859921260455,3.929306511994786e-11,8.75949403848756e-11,-9.99762861958783e-14,-8.45165376035151e-13,-1.1994130526572925e-13,-7.141236860167394e-10,-4.133221587108275e-13,-1.605004604529124e-12,0.0,0.0,0.0,0.0,0.0,0.0,0.0,0.0,0.0,0.0,0.0,0.0,0.0,0.0,0.0,0.0,4,"1215.0970773685815,1215.0970773685865,1215.0970773691654,1215.0970773692347"
61784,617.874,world,617.8739999997089,-5.2547457329453815,0.5089864110297979,1.1444785530726374,6.741606175243874e-14,4.95980099974458e-14,-0.7458749567431894,0.6660859921236487,3.9289709475556074e-11,8.758049724506216e-11,-9.997628619587828e-14,-7.494791091540353e-13,-2.038387158607985e-14,-7.139862281819347e-10,-3.41954415294918e-13,-1.6059877345753115e-12,2.9605947323058146e-16,0.0,0.0,0.0,0.0,0.0,0.0,0.0,0.0,0.0,0.0,0.0,0.0,0.0,0.0,0.0,4,"1215.097077368507,1215.0970773685847,1215.0970773692175,1215.0970773692593"
61785,617.886,world,617.885999999709,-5.2547457329449125,0.5089864110308491,1.1444785530726374,6.417394165197352e-14,5.2522458570505304e-14,-0.7458749567460425,0.6660859921204537,3.928616943110962e-11,8.756120642326575e-11,-9.997125318483333e-14,-6.906601396816044e-13,-1.206451074835636e-13,-7.138528494648645e-10,-2.5607848130592717e-13,-1.6069097769325964e-12,2.9605947323058146e-16,0.0,0.0,0.0,0.0,0.0,0.0,0.0,0.0,0.0,0.0,0.0,0.0,0.0,0.0,0.0,4,"1215.0970773686745,1215.097077368596,1215.0970773690842,1215.0970773692138"
61786,617.895,world,617.8949999997092,-5.254745732944561,0.5089864110316374,1.1444785530726374,6.184034194547301e-14,5.4369512934951785e-14,-0.7458749567481822,0.666085992118058,3.9284164162241595e-11,8.754676408489663e-11,-9.995319355696608e-14,-6.07742355597669e-13,-9.295258481500827e-14,-7.137309428914673e-10,-1.9739821543946883e-13,-1.603369729365729e-12,1.1842378929349476e-15,0.0,0.0,0.0,0.0,0.0,0.0,0.0,0.0,0.0,0.0,0.0,0.0,0.0,0.0,0.0,4,"1215.0970773685751,1215.0970773685938,1215.0970773691586,1215.097077369241"
61787,617.904,world,617.9039999997093,-5.254745732944209,0.5089864110324253,1.1444785530726374,6.001596502468984e-14,5.609018240190846e-14,-0.7458749567503212,0.6660859921156627,3.928264453464717e-11,8.753233584220052e-11,-9.9927732442268e-14,-4.998180458089528e-13,6.289983435136005e-15,-7.13593590196584e-10,-1.4765461219068162e-13,-1.6042938963234924e-12,2.6645352591004767e-15,0.0,0.0,0.0,0.0,0.0,0.0,0.0,0.0,0.0,0.0,0.0,0.0,0.0,0.0,0.0,4,"1215.0970773685042,1215.0970773685883,1215.0970773692136,1215.097077369263"
61788,617.916,world,617.9159999997095,-5.25474573294374,0.5089864110334751,1.1444785530726374,5.790346173786173e-14,5.798761848702645e-14,-0.7458749567531728,0.6660859921124693,3.928124222782203e-11,8.751306694150196e-11,-9.989871861389115e-14,-4.3619247046225467e-13,-9.424894254761735e-14,-7.134603154015779e-10,-9.169591444309993e-14,-1.6049535799059634e-12,1.7763568393961105e-15,0.0,0.0,0.0,0.0,0.0,0.0,0.0,0.0,0.0,0.0,0.0,0.0,0.0,0.0,0.0,4,"1215.097077368675,1215.097077368596,1215.0970773690844,1215.0970773692131"
61789,617.925,world,617.9249999997096,-5.254745732943388,0.5089864110342625,1.1444785530726374,5.6417512408538966e-14,5.906479570165494e-14,-0.7458749567553111,0.666085992110075,3.9280603811545986e-11,8.749864321996587e-11,-9.988006686707746e-14,-3.568899397519642e-13,-6.615897615628054e-14,-7.133385000817378e-10,-5.5490131285885496e-14,-1.6012209748383808e-12,1.480297366165529e-15,0.0,0.0,0.0,0.0,0.0,0.0,0.0,0.0,0.0,0.0,0.0,0.0,0.0,0.0,0.0,4,"1215.0970773685776,1215.0970773685917,1215.097077369161,1215.0970773692381"
61790,617.934,world,617.9339999997097,-5.254745732943037,0.5089864110350498,1.1444785530726374,5.542441605040446e-14,6.00379185957526e-14,-0.7458749567574492,0.6660859921076808,3.928025098605996e-11,8.74842348434736e-11,-9.986378359604964e-14,-2.574907083956123e-13,3.3785390059618564e-14,-7.132012298774116e-10,-2.7713642844773577e-14,-1.6020611909385082e-12,1.7763568393961105e-15,0.0,0.0,0.0,0.0,0.0,0.0,0.0,0.0,0.0,0.0,0.0,0.0,0.0,0.0,0.0,4,"1215.0970773685083,1215.0970773685842,1215.0970773692181,1215.0970773692582"
61791,617.946,world,617.9459999997099,-5.254745732942568,0.5089864110360997,1.1444785530726374,5.437330629716871e-14,6.099811871478773e-14,-0.7458749567602991,0.6660859921044895,3.928010500840104e-11,8.746499210990687e-11,-9.983743430293189e-14,-2.1068062261805156e-13,-6.607749540037408e-14,-7.130679723285986e-10,3.92953552322948e-16,-1.6028635974400165e-12,2.6645352591004767e-15,0.0,0.0,0.0,0.0,0.0,0.0,0.0,0.0,0.0,0.0,0.0,0.0,0.0,0.0,0.0,4,"1215.0970773686806,1215.0970773685904,1215.0970773690904,1215.0970773692072"
61792,617.955,world,617.95499999971,-5.254745732942216,0.508986411036887,1.1444785530726374,5.363498421983017e-14,6.142689030548501e-14,-0.7458749567624363,0.6660859921020963,3.928019701305875e-11,8.745058587963654e-11,-9.981759831822524e-14,-1.4634825884550614e-13,-3.8735267239062437e-14,-7.129461736181495e-10,1.7117788700196424e-14,-1.5994076450479526e-12,1.7763568393961105e-15,0.0,0.0,0.0,0.0,0.0,0.0,0.0,0.0,0.0,0.0,0.0,0.0,0.0,0.0,0.0,4,"1215.0970773685845,1215.097077368585,1215.0970773691668,1215.0970773692325"
61793,617.964,world,617.9639999997102,-5.254745732941864,0.5089864110376744,1.1444785530726374,5.333845372567335e-14,6.179866216201113e-14,-0.7458749567645732,0.6660859920997035,3.928040601497258e-11,8.743619227916384e-11,-9.980694017718884e-14,-6.251710833592825e-14,5.910383940542765e-14,-7.128089442806654e-10,2.6771171750072166e-14,-1.6005521889216752e-12,2.0724163126393138e-15,0.0,0.0,0.0,0.0,0.0,0.0,0.0,0.0,0.0,0.0,0.0,0.0,0.0,0.0,0.0,4,"1215.0970773685158,1215.097077368577,1215.0970773692234,1215.0970773692525"
61794,617.976,world,617.9759999997103,-5.254745732941395,0.5089864110387233,1.1444785530726374,5.3130249813997405e-14,6.20267036180678e-14,-0.7458749567674214,0.666085992096514,3.928076838285723e-11,8.741696547950609e-11,-9.978651207353574e-14,-3.660268215078757e-14,-4.457618490325553e-14,-7.126757706128683e-10,3.287802352648298e-14,-1.601662552374168e-12,2.0724163126393138e-15,0.0,0.0,0.0,0.0,0.0,0.0,0.0,0.0,0.0,0.0,0.0,0.0,0.0,0.0,0.0,4,"1215.0970773686886,1215.0970773685829,1215.0970773690954,1215.097077369202"
61795,617.985,world,617.9849999997105,-5.254745732941044,0.5089864110395097,1.1444785530726374,5.29576513619004e-14,6.195814122307596e-14,-0.7458749567695577,0.6660859920941219,3.928107744978945e-11,8.740256941530998e-11,-9.976608396988263e-14,1.1975243959254613e-14,-1.975855554219174e-14,-7.125540550094095e-10,3.475147896891201e-14,-1.5983255231183854e-12,2.6645352591004767e-15,0.0,0.0,0.0,0.0,0.0,0.0,0.0,0.0,0.0,0.0,0.0,0.0,0.0,0.0,0.0,4,"1215.097077368592,1215.097077368578,1215.097077369172,1215.0970773692268"
61796,617.994,world,617.9939999997106,-5.254745732940692,0.5089864110402961,1.1444785530726374,5.3173836715453333e-14,6.187915067601828e-14,-0.745874956771693,0.6660859920917307,3.9281376815735146e-11,8.73881850783589e-11,-9.973973467676484e-14,8.039896604936891e-14,7.687193263076488e-14,-7.124169395995046e-10,3.093969655437441e-14,-1.5995716639257306e-12,4.440892098496587e-15,0.0,0.0,0.0,0.0,0.0,0.0,0.0,0.0,0.0,0.0,0.0,0.0,0.0,0.0,0.0,4,"1215.0970773685226,1215.097077368571,1215.097077369229,1215.0970773692463"
61797,618.006,world,618.0059999997108,-5.254745732940223,0.5089864110413446,1.1444785530726374,5.357820749947741e-14,6.15821396393252e-14,-0.7458749567745401,0.6660859920885426,3.9281683564375045e-11,8.736896833015529e-11,-9.970272724261068e-14,8.738084792824434e-14,-2.640950616477941e-14,-7.122838859089085e-10,2.113351344472421e-14,-1.6009915353316305e-12,3.2566542055616396e-15,0.0,0.0,0.0,0.0,0.0,0.0,0.0,0.0,0.0,0.0,0.0,0.0,0.0,0.0,0.0,4,"1215.097077368694,1215.0970773685779,1215.0970773691008,1215.097077369196"
61798,618.015,world,618.0149999997109,-5.254745732939871,0.5089864110421309,1.1444785530726374,5.3818964562088407e-14,6.117372962690324e-14,-0.7458749567766749,0.666085992086152,3.92818333515092e-11,8.73545762856668e-11,-9.968674003105607e-14,1.2319987301105653e-13,-1.662600630083255e-15,-7.121622623019429e-10,1.2457801391497597e-14,-1.598076128577291e-12,1.7763568393961105e-15,0.0,0.0,0.0,0.0,0.0,0.0,0.0,0.0,0.0,0.0,0.0,0.0,0.0,0.0,0.0,4,"1215.0970773685972,1215.097077368573,1215.0970773691768,1215.0970773692218"
61799,618.024,world,618.023999999711,-5.2547457329395195,0.5089864110429173,1.1444785530726374,5.440970214299996e-14,6.079378848901174e-14,-0.7458749567788093,0.6660859920837621,3.9281883967683315e-11,8.734019173457827e-11,-9.967371341423383e-14,1.8007348883790772e-13,9.349064614423264e-14,-7.120251817038979e-10,-8.22212081117894e-16,-1.5998132186428497e-12,1.480297366165529e-15,0.0,0.0,0.0,0.0,0.0,0.0,0.0,0.0,0.0,0.0,0.0,0.0,0.0,0.0,0.0,4,"1215.097077368528,1215.0970773685656,1215.097077369232,1215.0970773692427"
61800,618.036,world,618.0359999997112,-5.254745732939051,0.5089864110439658,1.1444785530726374,5.5251036523273136e-14,6.013833606404433e-14,-0.7458749567816549,0.6660859920805756,3.928173560155178e-11,8.732096862539159e-11,-9.967637794949294e-14,1.7420529943704347e-13,-1.4344419737835938e-14,-7.118921364353877e-10,-2.1768875190075012e-14,-1.601712726229144e-12,5.921189464611629e-16,0.0,0.0,0.0,0.0,0.0,0.0,0.0,0.0,0.0,0.0,0.0,0.0,0.0,0.0,0.0,4,"1215.0970773686993,1215.0970773685724,1215.0970773691026,1215.097077369194"
61801,618.045,world,618.0449999997113,-5.254745732938699,0.5089864110447513,1.1444785530726374,5.5772185670160465e-14,5.948415485317931e-14,-0.7458749567837883,0.6660859920781865,3.928146183777175e-11,8.730656949972908e-11,-9.96725291763409e-14,2.007734413710814e-13,6.542999966310246e-15,-7.117705576093472e-10,-3.78043618098141e-14,-1.5988787792909504e-12,5.921189464611629e-16,0.0,0.0,0.0,0.0,0.0,0.0,0.0,0.0,0.0,0.0,0.0,0.0,0.0,0.0,0.0,4,"1215.0970773686026,1215.0970773685679,1215.0970773691788,1215.0970773692193"
61802,618.054,world,618.0539999997114,-5.254745732938347,0.5089864110455367,1.1444785530726374,5.660331500189602e-14,5.887929852307775e-14,-0.7458749567859217,0.6660859920757977,3.928102694550389e-11,8.729217828660228e-11,-9.967371341423383e-14,2.4826208664818874e-13,9.864346924335912e-14,-7.116335459606977e-10,-5.758685911245968e-14,-1.6004760564588667e-12,-1.7763568393961105e-15,0.0,0.0,0.0,0.0,0.0,0.0,0.0,0.0,0.0,0.0,0.0,0.0,0.0,0.0,0.0,4,"1215.0970773685326,1215.0970773685608,1215.0970773692347,1215.0970773692395"
61803,618.066,world,618.0659999997116,-5.254745732937878,0.5089864110465838,1.1444785530726374,5.771135050470331e-14,5.796268742331362e-14,-0.7458749567887654,0.6660859920726132,3.9280148020036564e-11,8.727294936700837e-11,-9.971220114575416e-14,2.3003020119130153e-13,-1.0681263400847055e-14,-7.115005408482553e-10,-8.590790061640746e-14,-1.602040120580355e-12,-3.2566542055616396e-15,0.0,0.0,0.0,0.0,0.0,0.0,0.0,0.0,0.0,0.0,0.0,0.0,0.0,0.0,0.0,4,"1215.097077368703,1215.0970773685683,1215.0970773691063,1215.0970773691897"
61804,618.075,world,618.0749999997117,-5.2547457329375264,0.5089864110473692,1.1444785530726374,5.839834839813343e-14,5.714819202711634e-14,-0.7458749567908979,0.6660859920702253,3.927927357271115e-11,8.7258548303875e-11,-9.973618196308607e-14,2.4732164083643793e-13,1.0486499370610016e-14,-7.1137902425088e-10,-1.0650911150439363e-13,-1.5990211485773512e-12,-2.3684757858698952e-15,0.0,0.0,0.0,0.0,0.0,0.0,0.0,0.0,0.0,0.0,0.0,0.0,0.0,0.0,0.0,4,"1215.097077368606,1215.0970773685644,1215.0970773691822,1215.097077369215"
61805,618.084,world,618.0839999997119,-5.254745732937175,0.5089864110481546,1.1444785530726374,5.936962698715634e-14,5.641415474159182e-14,-0.74587495679303,0.6660859920678378,3.927820087179051e-11,8.724415621473488e-11,-9.97595706614715e-14,2.8615754637724413e-13,1.0280350579403708e-13,-7.112421178740148e-10,-1.3007165166170065e-13,-1.6005535920526386e-12,-3.552713678804843e-15,0.0,0.0,0.0,0.0,0.0,0.0,0.0,0.0,0.0,0.0,0.0,0.0,0.0,0.0,0.0,4,"1215.0970773685362,1215.0970773685576,1215.0970773692375,1215.0970773692359"
61806,618.096,world,618.095999999712,-5.254745732936706,0.5089864110492017,1.1444785530726374,6.062636363255358e-14,5.536528819794785e-14,-0.7458749567958721,0.6660859920646552,3.927642532078944e-11,8.72249263329512e-11,-9.981848649664495e-14,2.584327663649587e-13,-7.638468526210179e-15,-7.111092351498313e-10,-1.6234304194895703e-13,-1.6021254002519463e-12,-5.921189464662116e-15,0.0,0.0,0.0,0.0,0.0,0.0,0.0,0.0,0.0,0.0,0.0,0.0,0.0,0.0,0.0,4,"1215.0970773687063,1215.0970773685651,1215.0970773691076,1215.0970773691877"
61807,618.105,world,618.1049999997122,-5.254745732936354,0.5089864110499871,1.1444785530726374,6.139591828285911e-14,5.4471993923829675e-14,-0.7458749567980035,0.6660859920622687,3.927485119076318e-11,8.721052474839747e-11,-9.985875058500468e-14,2.6949324424001005e-13,1.138655709124392e-14,-7.109877819786097e-10,-1.8521294099216374e-13,-1.5990391021577304e-12,-1.7763568393961105e-15,0.0,0.0,0.0,0.0,0.0,0.0,0.0,0.0,0.0,0.0,0.0,0.0,0.0,0.0,0.0,4,"1215.0970773686097,1215.097077368561,1215.0970773691836,1215.0970773692134"
61808,618.114,world,618.1139999997123,-5.254745732936002,0.5089864110507717,1.1444785530726374,6.242317656634893e-14,5.3672928196730017e-14,-0.7458749568001344,0.6660859920598824,3.927306123098869e-11,8.719613343859137e-11,-9.987829051023809e-14,3.020777048262384e-13,1.0122305796438376e-13,-7.108509263604637e-10,-2.1047571606005255e-13,-1.6003601940200989e-12,-1.7763568393961105e-15,0.0,0.0,0.0,0.0,0.0,0.0,0.0,0.0,0.0,0.0,0.0,0.0,0.0,0.0,0.0,4,"1215.09707736854,1215.0970773685542,1215.0970773692393,1215.0970773692343"
61809,618.126,world,618.1259999997125,-5.254745732935533,0.5089864110518175,1.1444785530726374,6.371342995772938e-14,5.256126750592452e-14,-0.745874956802975,0.6660859920567015,3.927031096301874e-11,8.717690883352181e-11,-9.988509987812246e-14,2.6543591183465996e-13,-1.1252847623580245e-14,-7.107181060493394e-10,-2.4410228606422675e-13,-1.6014565848669314e-12,0.0,0.0,0.0,0.0,0.0,0.0,0.0,0.0,0.0,0.0,0.0,0.0,0.0,0.0,0.0,0.0,4,"1215.09707736871,1215.0970773685626,1215.0970773691104,1215.0970773691854"
61810,618.135,world,618.1349999997126,-5.254745732935182,0.5089864110526019,1.1444785530726374,6.448127972666546e-14,5.164417461977149e-14,-0.7458749568051052,0.6660859920543163,3.926799898252771e-11,8.716251516642354e-11,-9.987148114235372e-14,2.699894500197919e-13,7.664010166813527e-15,-7.105967011292938e-10,-2.6729009455337657e-13,-1.597997048275424e-12,5.921189464611629e-16,0.0,0.0,0.0,0.0,0.0,0.0,0.0,0.0,0.0,0.0,0.0,0.0,0.0,0.0,0.0,4,"1215.097077368612,1215.0970773685592,1215.0970773691865,1215.0970773692106"
61811,618.144,world,618.1439999997127,-5.25474573293483,0.5089864110533863,1.1444785530726374,6.5490969290029e-14,5.0843815049237784e-14,-0.7458749568072349,0.6660859920519313,3.92654710315496e-11,8.714813465299434e-11,-9.986378359604965e-14,2.968815360985629e-13,9.884873014974885e-14,-7.104598912279793e-10,-2.9233988677586666e-13,-1.5990601263617904e-12,1.480297366165529e-15,0.0,0.0,0.0,0.0,0.0,0.0,0.0,0.0,0.0,0.0,0.0,0.0,0.0,0.0,0.0,4,"1215.0970773685417,1215.097077368553,1215.0970773692422,1215.0970773692313"
61812,618.156,world,618.1559999997129,-5.254745732934361,0.5089864110544321,1.1444785530726374,6.674256484173341e-14,4.976509075691775e-14,-0.7458749568100739,0.6660859920487523,3.926174398291161e-11,8.712892622788191e-11,-9.986467177446934e-14,2.540587557169631e-13,-1.1557076287945331e-14,-7.103270778702217e-10,-3.249998257235878e-13,-1.600119599103909e-12,8.881784197043661e-16,0.0,0.0,0.0,0.0,0.0,0.0,0.0,0.0,0.0,0.0,0.0,0.0,0.0,0.0,0.0,4,"1215.0970773687113,1215.0970773685613,1215.0970773691124,1215.0970773691834"
61813,618.165,world,618.164999999713,-5.254745732934009,0.5089864110552165,1.1444785530726374,6.7470014492493e-14,4.889279818788091e-14,-0.745874956812203,0.6660859920463681,3.925870945004266e-11,8.711454402593219e-11,-9.985904664447793e-14,2.546116468303616e-13,7.60701265515333e-15,-7.102057098814941e-10,-3.4703073041243177e-13,-1.5967840446336103e-12,-2.9605947323058146e-16,0.0,0.0,0.0,0.0,0.0,0.0,0.0,0.0,0.0,0.0,0.0,0.0,0.0,0.0,0.0,4,"1215.0970773686138,1215.0970773685576,1215.097077369188,1215.097077369209"
61814,618.174,world,618.1739999997131,-5.2547457329336575,0.5089864110560008,1.1444785530726374,6.842658414558231e-14,4.8149023060551166e-14,-0.7458749568143314,0.6660859920439848,3.925547107886507e-11,8.710017371813669e-11,-9.984957274133448e-14,2.778828567004467e-13,9.785388634627823e-14,-7.100689963806861e-10,-3.7058243744408293e-13,-1.5979832808234802e-12,5.921189464611629e-16,0.0,0.0,0.0,0.0,0.0,0.0,0.0,0.0,0.0,0.0,0.0,0.0,0.0,0.0,0.0,4,"1215.097077368544,1215.0970773685515,1215.0970773692425,1215.0970773692304"
61815,618.186,world,618.1859999997133,-5.254745732933189,0.5089864110570456,1.1444785530726374,6.958558065117048e-14,4.715555577205329e-14,-0.7458749568171691,0.6660859920408073,3.9250820590221835e-11,8.708097772873291e-11,-9.982884857820817e-14,2.314196349395392e-13,-1.458215733202076e-14,-7.099363467400864e-10,-4.00792946997994e-13,-1.5990881633643096e-12,1.7763568393961105e-15,0.0,0.0,0.0,0.0,0.0,0.0,0.0,0.0,0.0,0.0,0.0,0.0,0.0,0.0,0.0,4,"1215.0970773687131,1215.0970773685601,1215.0970773691126,1215.0970773691827"
61816,618.195,world,618.1949999997134,-5.254745732932837,0.5089864110578289,1.1444785530726374,7.022989314971373e-14,4.6352318592326256e-14,-0.7458749568192968,0.6660859920384246,3.92471143084537e-11,8.706660512216907e-11,-9.981996679401116e-14,2.298509386223548e-13,3.618529368838031e-15,-7.098150666858253e-10,-4.2071649848618864e-13,-1.5956803071304686e-12,1.1842378929349476e-15,0.0,0.0,0.0,0.0,0.0,0.0,0.0,0.0,0.0,0.0,0.0,0.0,0.0,0.0,0.0,4,"1215.0970773686151,1215.0970773685567,1215.0970773691881,1215.0970773692084"
61817,618.204,world,618.2039999997136,-5.254745732932485,0.5089864110586123,1.1444785530726374,7.109542026738567e-14,4.56822222775165e-14,-0.7458749568214241,0.6660859920360425,3.9243224071163794e-11,8.705224530873973e-11,-9.98193746750647e-14,2.513002352147036e-13,9.379820535064302e-14,-7.096784020419061e-10,-4.419827859868315e-13,-1.596767619256488e-12,2.9605947323058146e-16,0.0,0.0,0.0,0.0,0.0,0.0,0.0,0.0,0.0,0.0,0.0,0.0,0.0,0.0,0.0,4,"1215.0970773685444,1215.0970773685513,1215.0970773692436,1215.0970773692293"
61818,618.216,world,618.2159999997137,-5.254745732932016,0.5089864110596568,1.1444785530726374,7.212920456536761e-14,4.479960783322156e-14,-0.7458749568242604,0.6660859920328664,3.9237737820561853e-11,8.703306427512724e-11,-9.978917660879489e-14,2.0281164535201162e-13,-1.696293290248119e-14,-7.095457638723246e-10,-4.689224506407445e-13,-1.597849209451093e-12,1.7763568393961105e-15,0.0,0.0,0.0,0.0,0.0,0.0,0.0,0.0,0.0,0.0,0.0,0.0,0.0,0.0,0.0,4,"1215.097077368713,1215.0970773685603,1215.0970773691138,1215.0970773691815"
61819,618.225,world,618.2249999997139,-5.2547457329316645,0.5089864110604402,1.1444785530726374,7.26801911973949e-14,4.40887635520959e-14,-0.7458749568263867,0.6660859920304854,3.923343115459968e-11,8.701870226455953e-11,-9.97767421109191e-14,2.002210274693645e-13,2.3062007358826594e-15,-7.094245330598207e-10,-4.862780606429887e-13,-1.5945678493083636e-12,8.881784197043661e-16,0.0,0.0,0.0,0.0,0.0,0.0,0.0,0.0,0.0,0.0,0.0,0.0,0.0,0.0,0.0,4,"1215.0970773686154,1215.097077368557,1215.0970773691888,1215.0970773692077"
61820,618.234,world,618.233999999714,-5.254745732931313,0.5089864110612236,1.1444785530726374,7.34514417383168e-14,4.3516057407570386e-14,-0.7458749568285131,0.6660859920281044,3.9228964038955024e-11,8.700435150553603e-11,-9.975779430463218e-14,2.2079815350887605e-13,9.241807453123289e-14,-7.092879586692289e-10,-5.048971964302968e-13,-1.5958478038374333e-12,1.7763568393961105e-15,0.0,0.0,0.0,0.0,0.0,0.0,0.0,0.0,0.0,0.0,0.0,0.0,0.0,0.0,0.0,4,"1215.0970773685453,1215.097077368551,1215.0970773692432,1215.097077369229"
61821,618.246,world,618.2459999997142,-5.254745732930844,0.508986411062268,1.1444785530726374,7.435381004797797e-14,4.2762552067200776e-14,-0.7458749568313474,0.6660859920249305,3.922274623419035e-11,8.69851801982408e-11,-9.975483370989985e-14,1.7219550042276719e-13,-1.971143206977327e-14,-7.09155485844189e-10,-5.282290945411887e-13,-1.5971077823424507e-12,-1.7763568393961105e-15,0.0,0.0,0.0,0.0,0.0,0.0,0.0,0.0,0.0,0.0,0.0,0.0,0.0,0.0,0.0,4,"1215.0970773687136,1215.09707736856,1215.0970773691126,1215.0970773691815"
61822,618.255,world,618.2549999997143,-5.254745732930492,0.5089864110630504,1.1444785530726374,7.480173978524413e-14,4.2144215945877234e-14,-0.7458749568334728,0.6660859920225505,3.9217919385029164e-11,8.697082471291972e-11,-9.977881452723174e-14,1.6971246229055776e-13,-1.6680437549501206e-15,-7.090343600933465e-10,-5.428687970282832e-13,-1.5938394696555652e-12,-3.552713678804843e-15,0.0,0.0,0.0,0.0,0.0,0.0,0.0,0.0,0.0,0.0,0.0,0.0,0.0,0.0,0.0,4,"1215.0970773686156,1215.0970773685565,1215.0970773691877,1215.0970773692077"
61823,618.264,world,618.2639999997144,-5.25474573293014,0.5089864110638328,1.1444785530726374,7.546756225752161e-14,4.1660172529563585e-14,-0.745874956835598,0.6660859920201707,3.9212956487618577e-11,8.695648084624535e-11,-9.979865051193837e-14,1.9074142328193816e-13,8.781164769206286e-14,-7.088978452019607e-10,-5.587855307106144e-13,-1.5950426395674615e-12,-1.7763568393961105e-15,0.0,0.0,0.0,0.0,0.0,0.0,0.0,0.0,0.0,0.0,0.0,0.0,0.0,0.0,0.0,4,"1215.097077368545,1215.097077368551,1215.0970773692427,1215.097077369229"
61824,618.276,world,618.2759999997146,-5.254745732929671,0.508986411064876,1.1444785530726374,7.623202244842186e-14,4.102262469186156e-14,-0.7458749568384306,0.6660859920169987,3.920611508961044e-11,8.693732001543863e-11,-9.982707222136876e-14,1.427706506180441e-13,-2.326432240767713e-14,-7.087653426208852e-10,-5.785814611808386e-13,-1.5961928543200452e-12,-1.7763568393961105e-15,0.0,0.0,0.0,0.0,0.0,0.0,0.0,0.0,0.0,0.0,0.0,0.0,0.0,0.0,0.0,4,"1215.0970773687127,1215.0970773685608,1215.097077369113,1215.097077369181"
61825,618.285,world,618.2849999997147,-5.25474573292932,0.5089864110656583,1.1444785530726374,7.65835399200116e-14,4.0493441572173864e-14,-0.745874956840555,0.6660859920146199,3.920084803488085e-11,8.692297266686349e-11,-9.984572396818245e-14,1.4115249630356255e-13,-3.695267358607857e-15,-7.086442346790665e-10,-5.906410987708934e-13,-1.5929622507939579e-12,-1.7763568393961105e-15,0.0,0.0,0.0,0.0,0.0,0.0,0.0,0.0,0.0,0.0,0.0,0.0,0.0,0.0,0.0,4,"1215.0970773686145,1215.0970773685578,1215.097077369188,1215.0970773692075"
61826,618.294,world,618.2939999997149,-5.254745732928968,0.5089864110664407,1.1444785530726374,7.71613058931625e-14,4.009859038771183e-14,-0.7458749568426788,0.6660859920122416,3.919546760670547e-11,8.690863601020806e-11,-9.986348753657644e-14,1.6378436688868293e-13,8.692799410231586e-14,-7.08507789531471e-10,-6.040961257022586e-13,-1.5943149924347943e-12,-1.7763568393961105e-15,0.0,0.0,0.0,0.0,0.0,0.0,0.0,0.0,0.0,0.0,0.0,0.0,0.0,0.0,0.0,4,"1215.097077368544,1215.0970773685524,1215.097077369242,1215.0970773692293"
61827,618.306,world,618.305999999715,-5.254745732928499,0.5089864110674839,1.1444785530726374,7.78206079114258e-14,3.9572019598479876e-14,-0.7458749568455102,0.6660859920090711,3.918810236144185e-11,8.688948221900903e-11,-9.98818432239169e-14,1.1891309593089807e-13,-2.433019227476151e-14,-7.083753799224615e-10,-6.208889356254278e-13,-1.5957171606763208e-12,-1.7763568393961105e-15,0.0,0.0,0.0,0.0,0.0,0.0,0.0,0.0,0.0,0.0,0.0,0.0,0.0,0.0,0.0,4,"1215.0970773687122,1215.0970773685617,1215.0970773691115,1215.0970773691822"
61828,618.315,world,618.3149999997152,-5.254745732928147,0.5089864110682663,1.1444785530726374,7.809903971412245e-14,3.9113565958377375e-14,-0.7458749568476333,0.6660859920066937,3.918246473031764e-11,8.687513861086531e-11,-9.991144917124022e-14,1.199722716938318e-13,-6.0692593514132905e-15,-7.082543775719006e-10,-6.309431159354733e-13,-1.5925741940668507e-12,-3.848773152035424e-15,0.0,0.0,0.0,0.0,0.0,0.0,0.0,0.0,0.0,0.0,0.0,0.0,0.0,0.0,0.0,4,"1215.0970773686142,1215.0970773685585,1215.0970773691856,1215.0970773692088"
61829,618.324,world,618.3239999997153,-5.254745732927796,0.5089864110690476,1.1444785530726374,7.860716671446449e-14,3.877604568633479e-14,-0.745874956849756,0.6660859920043167,3.9176730650215815e-11,8.686080566051656e-11,-9.993987088067062e-14,1.45266898886169e-13,8.329286129084392e-14,-7.081180694515127e-10,-6.426180677662123e-13,-1.5938635965107053e-12,-2.3684757858698952e-15,0.0,0.0,0.0,0.0,0.0,0.0,0.0,0.0,0.0,0.0,0.0,0.0,0.0,0.0,0.0,4,"1215.0970773685438,1215.0970773685533,1215.0970773692402,1215.0970773692302"
61830,618.336,world,618.3359999997155,-5.254745732927327,0.5089864110700895,1.1444785530726374,7.918051269575035e-14,3.831055963423899e-14,-0.7458749568525858,0.666085992001148,3.9168916893217594e-11,8.684165868906704e-11,-9.995645021117168e-14,1.031128916091548e-13,-2.8215645788702994e-14,-7.079858131381876e-10,-6.573422884534454e-13,-1.5950394173758582e-12,-1.7763568393961105e-15,0.0,0.0,0.0,0.0,0.0,0.0,0.0,0.0,0.0,0.0,0.0,0.0,0.0,0.0,0.0,4,"1215.0970773687113,1215.097077368563,1215.0970773691108,1215.0970773691827"
61831,618.345,world,618.3449999997156,-5.254745732926975,0.5089864110708708,1.1444785530726374,7.940370798936282e-14,3.789210176666651e-14,-0.7458749568547077,0.6660859919987718,3.9162958025069355e-11,8.682732198017117e-11,-9.996770047115455e-14,1.0612233046407004e-13,-8.372863338640233e-15,-7.0786489629281e-10,-6.660555394233605e-13,-1.5917535824832829e-12,-1.1842378929349476e-15,0.0,0.0,0.0,0.0,0.0,0.0,0.0,0.0,0.0,0.0,0.0,0.0,0.0,0.0,0.0,4,"1215.0970773686129,1215.0970773685606,1215.0970773691859,1215.0970773692086"
61832,618.354,world,618.3539999997157,-5.254745732926623,0.5089864110716522,1.1444785530726374,7.98688055662819e-14,3.7594532311847203e-14,-0.7458749568568293,0.6660859919963963,3.91569138628517e-11,8.681299647676617e-11,-9.99789507311374e-14,1.330859068729562e-13,8.310566611967913e-14,-7.077286225254412e-10,-6.765697027874549e-13,-1.5930558962342224e-12,-1.7763568393961105e-15,0.0,0.0,0.0,0.0,0.0,0.0,0.0,0.0,0.0,0.0,0.0,0.0,0.0,0.0,0.0,4,"1215.0970773685424,1215.097077368555,1215.0970773692404,1215.09707736923"
61833,618.366,world,618.3659999997159,-5.254745732926154,0.508986411072694,1.1444785530726374,8.040219722554718e-14,3.718228569083813e-14,-0.7458749568596574,0.6660859919932293,3.914870138178688e-11,8.679385779470522e-11,-9.999553006163847e-14,9.319503329017399e-14,-2.6404338769314164e-14,-7.075963600981706e-10,-6.900017771111829e-13,-1.5944798934748462e-12,-1.7763568393961105e-15,0.0,0.0,0.0,0.0,0.0,0.0,0.0,0.0,0.0,0.0,0.0,0.0,0.0,0.0,0.0,4,"1215.0970773687104,1215.0970773685638,1215.0970773691106,1215.097077369183"
61834,618.375,world,618.374999999716,-5.2547457329258025,0.5089864110734754,1.1444785530726374,8.06028853751363e-14,3.680045124837293e-14,-0.7458749568617783,0.6660859919908543,3.9142452697015594e-11,8.677952485277233e-11,-1.0000293154846931e-13,9.714641175208522e-14,-7.206399105641747e-15,-7.074754503508873e-10,-6.979028742512724e-13,-1.5914390645683241e-12,2.9605947323058146e-16,0.0,0.0,0.0,0.0,0.0,0.0,0.0,0.0,0.0,0.0,0.0,0.0,0.0,0.0,0.0,4,"1215.0970773686133,1215.0970773685603,1215.0970773691847,1215.0970773692095"
61835,618.384,world,618.3839999997161,-5.254745732925451,0.5089864110742568,1.1444785530726374,8.104317962237328e-14,3.65323358174855e-14,-0.7458749568638986,0.6660859919884802,3.913612570591886e-11,8.67652014652048e-11,-1.0001655028423802e-13,1.2504286238099176e-13,8.232003857416226e-14,-7.073392540579171e-10,-7.07666051665727e-13,-1.5928580932968998e-12,-1.7763568393961105e-15,0.0,0.0,0.0,0.0,0.0,0.0,0.0,0.0,0.0,0.0,0.0,0.0,0.0,0.0,0.0,4,"1215.097077368543,1215.0970773685547,1215.0970773692388,1215.0970773692313"
61836,618.396,world,618.3959999997163,-5.254745732924982,0.5089864110752974,1.1444785530726374,8.153875211413763e-14,3.61431904292488e-14,-0.7458749568667254,0.6660859919853146,3.912754587369751e-11,8.674606575570618e-11,-1.0003727444736435e-13,8.709238324108437e-14,-2.9737635992367945e-14,-7.072070410224919e-10,-7.202350453570386e-13,-1.5941395933741699e-12,-1.7763568393961105e-15,0.0,0.0,0.0,0.0,0.0,0.0,0.0,0.0,0.0,0.0,0.0,0.0,0.0,0.0,0.0,4,"1215.0970773687104,1215.0970773685638,1215.0970773691092,1215.097077369184"
61837,618.405,world,618.4049999997164,-5.25474573292463,0.5089864110760778,1.1444785530726374,8.171037859741618e-14,3.576773837317979e-14,-0.7458749568688449,0.6660859919829414,3.91210277532522e-11,8.673173721638698e-11,-1.0006332768100888e-13,9.249801042557543e-14,-1.1293647239929919e-14,-7.070861523926029e-10,-7.276210062516213e-13,-1.590817244441685e-12,-3.2566542055616396e-15,0.0,0.0,0.0,0.0,0.0,0.0,0.0,0.0,0.0,0.0,0.0,0.0,0.0,0.0,0.0,4,"1215.0970773686126,1215.0970773685608,1215.0970773691843,1215.09707736921"
61838,618.414,world,618.4139999997166,-5.254745732924278,0.5089864110768582,1.1444785530726374,8.212588981345089e-14,3.5502025375041105e-14,-0.7458749568709641,0.6660859919805682,3.911443537846403e-11,8.671742093531754e-11,-1.0008109124940287e-13,1.214887909639626e-13,7.918356582624827e-14,-7.06949958591095e-10,-7.369842974354909e-13,-1.591943914583807e-12,-1.480297366165529e-15,0.0,0.0,0.0,0.0,0.0,0.0,0.0,0.0,0.0,0.0,0.0,0.0,0.0,0.0,0.0,4,"1215.0970773685422,1215.0970773685558,1215.097077369239,1215.0970773692309"
61839,618.426,world,618.4259999997167,-5.254745732923809,0.5089864110778987,1.1444785530726374,8.260013330732502e-14,3.512021664390723e-14,-0.7458749568737892,0.6660859919774047,3.910550649289407e-11,8.669829768798397e-11,-1.000955981635913e-13,8.405687490914126e-14,-3.0280834620258534e-14,-7.068177904684578e-10,-7.491414002243204e-13,-1.59304179550604e-12,-1.7763568393961105e-15,0.0,0.0,0.0,0.0,0.0,0.0,0.0,0.0,0.0,0.0,0.0,0.0,0.0,0.0,0.0,4,"1215.0970773687095,1215.097077368565,1215.09707736911,1215.0970773691834"
61840,618.435,world,618.4349999997169,-5.254745732923458,0.508986411078679,1.1444785530726374,8.276412603721715e-14,3.475503185691705e-14,-0.7458749568759075,0.6660859919750326,3.9098729497846377e-11,8.668397890003064e-11,-1.0011987504039645e-13,8.989511613010205e-14,-1.04965857071118e-14,-7.066969609303927e-10,-7.562786550893464e-13,-1.5897633864723176e-12,-2.6645352591004767e-15,0.0,0.0,0.0,0.0,0.0,0.0,0.0,0.0,0.0,0.0,0.0,0.0,0.0,0.0,0.0,4,"1215.0970773686124,1215.0970773685615,1215.097077369184,1215.0970773692095"
61841,618.444,world,618.443999999717,-5.254745732923106,0.5089864110794594,1.1444785530726374,8.317537451632037e-14,3.4499126097130037e-14,-0.7458749568780257,0.6660859919726606,3.909188022284787e-11,8.666967162844303e-11,-1.0014888886877332e-13,1.1967636398685124e-13,7.957472095560446e-14,-7.065609096332358e-10,-7.654479078219363e-13,-1.590979888713306e-12,-3.2566542055616396e-15,0.0,0.0,0.0,0.0,0.0,0.0,0.0,0.0,0.0,0.0,0.0,0.0,0.0,0.0,0.0,4,"1215.0970773685424,1215.0970773685558,1215.0970773692377,1215.0970773692313"
61842,618.456,world,618.4559999997172,-5.254745732922637,0.5089864110804998,1.1444785530726374,8.364305626854985e-14,3.4119500755439304e-14,-0.7458749568808489,0.6660859919694991,3.908261080141585e-11,8.665055997148794e-11,-1.0017731057820372e-13,8.394133919576337e-14,-3.1914677929643424e-14,-7.064288435972998e-10,-7.774734154617035e-13,-1.5920347450121247e-12,-3.2566542055616396e-15,0.0,0.0,0.0,0.0,0.0,0.0,0.0,0.0,0.0,0.0,0.0,0.0,0.0,0.0,0.0,4,"1215.0970773687097,1215.097077368565,1215.0970773691083,1215.0970773691843"
61843,618.465,world,618.4649999997173,-5.254745732922285,0.5089864110812792,1.1444785530726374,8.380101285982558e-14,3.3745600409296604e-14,-0.7458749568829663,0.6660859919671281,3.90755787971632e-11,8.663625115858617e-11,-1.002048441092144e-13,9.108964358577486e-14,-1.3257879639781088e-14,-7.063081004713791e-10,-7.846304745427835e-13,-1.5885563594430742e-12,-3.2566542055616396e-15,0.0,0.0,0.0,0.0,0.0,0.0,0.0,0.0,0.0,0.0,0.0,0.0,0.0,0.0,0.0,4,"1215.0970773686124,1215.097077368562,1215.0970773691831,1215.0970773692102"
61844,618.474,world,618.4739999997174,-5.254745732921934,0.5089864110820586,1.1444785530726374,8.42075168361299e-14,3.34756251872476e-14,-0.7458749568850832,0.6660859919647577,3.906847385415728e-11,8.662195607207395e-11,-1.0021165347709875e-13,1.2164380174560173e-13,7.677981137720678e-14,-7.061720930996451e-10,-7.939102784649763e-13,-1.5895059064087565e-12,-5.921189464611629e-16,0.0,0.0,0.0,0.0,0.0,0.0,0.0,0.0,0.0,0.0,0.0,0.0,0.0,0.0,0.0,4,"1215.0970773685422,1215.0970773685567,1215.097077369238,1215.0970773692313"
61845,618.486,world,618.4859999997176,-5.254745732921465,0.5089864110830977,1.1444785530726374,8.467545350628157e-14,3.307808933299522e-14,-0.7458749568879052,0.6660859919615978,3.905886143531166e-11,8.660286406782433e-11,-1.0020602834710731e-13,8.636296431693127e-14,-3.269117115378138e-14,-7.060400930574412e-10,-8.061701729076516e-13,-1.5902927590583907e-12,8.881784197043661e-16,0.0,0.0,0.0,0.0,0.0,0.0,0.0,0.0,0.0,0.0,0.0,0.0,0.0,0.0,0.0,4,"1215.0970773687093,1215.0970773685665,1215.097077369109,1215.0970773691836"
61846,618.495,world,618.4949999997177,-5.254745732921113,0.5089864110838771,1.1444785530726374,8.484211005942211e-14,3.2695476684983464e-14,-0.7458749568900214,0.6660859919592281,3.9051570029914417e-11,8.658857115631358e-11,-1.0021342983393814e-13,9.416191103765384e-14,-1.2225642915156567e-14,-7.05919460562522e-10,-8.135642288502027e-13,-1.5867920524599502e-12,-2.960594732331058e-15,0.0,0.0,0.0,0.0,0.0,0.0,0.0,0.0,0.0,0.0,0.0,0.0,0.0,0.0,0.0,4,"1215.0970773686115,1215.0970773685633,1215.0970773691834,1215.0970773692095"
61847,618.504,world,618.5039999997178,-5.254745732920761,0.5089864110846565,1.1444785530726374,8.526512241994173e-14,3.241845770753523e-14,-0.745874956892137,0.666085991956859,3.90442031235521e-11,8.657429147978079e-11,-1.0022852886707302e-13,1.2576994912080965e-13,7.896112557410305e-14,-7.057835758438452e-10,-8.23171779160043e-13,-1.5878490060493626e-12,-1.480297366165529e-15,0.0,0.0,0.0,0.0,0.0,0.0,0.0,0.0,0.0,0.0,0.0,0.0,0.0,0.0,0.0,4,"1215.097077368542,1215.0970773685576,1215.0970773692375,1215.097077369231"
61848,618.516,world,618.515999999718,-5.254745732920292,0.5089864110856956,1.1444785530726374,8.576131759917015e-14,3.2009088344606604e-14,-0.7458749568949575,0.6660859919537007,3.903423600136153e-11,8.655521802392338e-11,-1.0023119340233211e-13,9.131710282746422e-14,-3.086283802803874e-14,-7.056517369083386e-10,-8.359956799114592e-13,-1.5888338080343633e-12,-1.7763568393961105e-15,0.0,0.0,0.0,0.0,0.0,0.0,0.0,0.0,0.0,0.0,0.0,0.0,0.0,0.0,0.0,4,"1215.0970773687097,1215.0970773685663,1215.097077369108,1215.0970773691838"
61849,618.525,world,618.5249999997181,-5.2547457329199405,0.5089864110864749,1.1444785530726374,8.594650719360486e-14,3.1612989772808515e-14,-0.7458749568970724,0.6660859919513323,3.902667391295376e-11,8.65409378766846e-11,-1.0024984514914583e-13,9.910250884360038e-14,-1.2001995119392689e-14,-7.055312304949172e-10,-8.438378814171187e-13,-1.5853856148937131e-12,-2.3684757858698952e-15,0.0,0.0,0.0,0.0,0.0,0.0,0.0,0.0,0.0,0.0,0.0,0.0,0.0,0.0,0.0,4,"1215.0970773686126,1215.0970773685629,1215.0970773691822,1215.0970773692097"
61850,618.534,world,618.5339999997183,-5.254745732919589,0.5089864110872533,1.1444785530726374,8.638207817229912e-14,3.1318229147582556e-14,-0.745874956899187,0.6660859919489646,3.9019032425600214e-11,8.652667120834008e-11,-1.0028981317803233e-13,1.3046520771986573e-13,7.775857670824565e-14,-7.053954981821167e-10,-8.538629655715695e-13,-1.586354016523805e-12,-5.329070518200953e-15,0.0,0.0,0.0,0.0,0.0,0.0,0.0,0.0,0.0,0.0,0.0,0.0,0.0,0.0,0.0,4,"1215.0970773685424,1215.0970773685574,1215.0970773692363,1215.0970773692309"
61851,618.546,world,618.5459999997184,-5.25474573291912,0.5089864110882911,1.1444785530726374,8.689080043403488e-14,3.0880205578525557e-14,-0.7458749569020058,0.6660859919458081,3.900869346413792e-11,8.650761723716713e-11,-1.0034547235900021e-13,9.663597972391157e-14,-3.2713990871456713e-14,-7.052638173719147e-10,-8.67241887608505e-13,-1.5870870077602173e-12,-2.960594732331058e-15,0.0,0.0,0.0,0.0,0.0,0.0,0.0,0.0,0.0,0.0,0.0,0.0,0.0,0.0,0.0,4,"1215.0970773687097,1215.097077368567,1215.0970773691076,1215.0970773691834"
61852,618.555,world,618.5549999997186,-5.254745732918768,0.5089864110890695,1.1444785530726374,8.708819950223115e-14,3.046182284577826e-14,-0.7458749569041196,0.6660859919434411,3.90008478615487e-11,8.649335376102553e-11,-1.0035672261898306e-13,1.0485113098316753e-13,-1.2425574436604882e-14,-7.05143421053466e-10,-8.755509934598173e-13,-1.5834659667002741e-12,-2.3684757858698952e-15,0.0,0.0,0.0,0.0,0.0,0.0,0.0,0.0,0.0,0.0,0.0,0.0,0.0,0.0,0.0,4,"1215.0970773686117,1215.0970773685642,1215.097077369183,1215.097077369209"
61853,618.564,world,618.5639999997187,-5.254745732918416,0.5089864110898479,1.1444785530726374,8.754349377340502e-14,3.0148826480428446e-14,-0.745874956906233,0.6660859919410747,3.89929183732343e-11,8.647910458571466e-11,-1.0037152559264471e-13,1.3652589719953465e-13,7.929001080909425e-14,-7.050077529644304e-10,-8.86100133904082e-13,-1.5844158970900197e-12,-1.1842378929349476e-15,0.0,0.0,0.0,0.0,0.0,0.0,0.0,0.0,0.0,0.0,0.0,0.0,0.0,0.0,0.0,4,"1215.097077368542,1215.0970773685585,1215.0970773692372,1215.0970773692302"
61854,618.576,world,618.5759999997189,-5.254745732917947,0.5089864110908857,1.1444785530726374,8.808838899388602e-14,2.9696209373444944e-14,-0.7458749569090504,0.6660859919379196,3.898218783360227e-11,8.646007258897184e-11,-1.0038899310156546e-13,1.020244535469252e-13,-2.8649763947268266e-14,-7.048760919787208e-10,-9.002006197483532e-13,-1.5853951523120253e-12,-2.3684757858698952e-15,0.0,0.0,0.0,0.0,0.0,0.0,0.0,0.0,0.0,0.0,0.0,0.0,0.0,0.0,0.0,4,"1215.0970773687095,1215.0970773685672,1215.0970773691083,1215.0970773691827"
61855,618.585,world,618.584999999719,-5.254745732917596,0.5089864110916641,1.1444785530726374,8.831525113897432e-14,2.927318624361721e-14,-0.7458749569111629,0.6660859919355541,3.897404309524505e-11,8.644582276393617e-11,-1.0041090150258469e-13,1.0969539470859357e-13,-8.40718702932613e-15,-7.047557139334966e-10,-9.090040211265743e-13,-1.5820906483924643e-12,-1.7763568393961105e-15,0.0,0.0,0.0,0.0,0.0,0.0,0.0,0.0,0.0,0.0,0.0,0.0,0.0,0.0,0.0,4,"1215.0970773686124,1215.0970773685635,1215.0970773691824,1215.097077369209"
61856,618.594,world,618.5939999997191,-5.254745732917244,0.5089864110924425,1.1444785530726374,8.879535007856518e-14,2.8955135187237476e-14,-0.7458749569132751,0.6660859919331888,3.896581030838814e-11,8.643158460018628e-11,-1.0042807295203222e-13,1.406519298230455e-13,8.191333212776601e-14,-7.046200818827547e-10,-9.199862829361593e-13,-1.5832969631158026e-12,-1.480297366165529e-15,0.0,0.0,0.0,0.0,0.0,0.0,0.0,0.0,0.0,0.0,0.0,0.0,0.0,0.0,0.0,4,"1215.097077368543,1215.0970773685576,1215.0970773692368,1215.0970773692306"
61857,618.606,world,618.6059999997193,-5.254745732916775,0.508986411093479,1.1444785530726374,8.936143806450272e-14,2.849145397600591e-14,-0.7458749569160911,0.6660859919300356,3.8954670027067146e-11,8.641256493457174e-11,-1.0042452023835341e-13,1.0538767401993052e-13,-2.845963105115006e-14,-7.044884289267576e-10,-9.345464500363405e-13,-1.5844026360277073e-12,-8.881784197043661e-16,0.0,0.0,0.0,0.0,0.0,0.0,0.0,0.0,0.0,0.0,0.0,0.0,0.0,0.0,0.0,4,"1215.0970773687104,1215.0970773685663,1215.097077369108,1215.0970773691834"
61858,618.615,world,618.6149999997194,-5.254745732916423,0.5089864110942564,1.1444785530726374,8.959632651445343e-14,2.8056657413549612e-14,-0.7458749569182023,0.6660859919276714,3.894621477314479e-11,8.63983242851935e-11,-1.0042600053571958e-13,1.1262456674845611e-13,-9.241642895505846e-15,-7.043680750885979e-10,-9.436237917842387e-13,-1.5810357505795186e-12,-2.9605947323058146e-16,0.0,0.0,0.0,0.0,0.0,0.0,0.0,0.0,0.0,0.0,0.0,0.0,0.0,0.0,0.0,4,"1215.097077368613,1215.0970773685635,1215.0970773691827,1215.097077369209"
61859,618.624,world,618.6239999997196,-5.254745732916072,0.5089864110950337,1.1444785530726374,9.00819127607153e-14,2.7727028338828782e-14,-0.7458749569203136,0.6660859919253073,3.8937669224736774e-11,8.638409612107509e-11,-1.0041563845415642e-13,1.4332537762410684e-13,8.13069656379636e-14,-7.042325088718514e-10,-9.548388322412987e-13,-1.5821433468155944e-12,1.7763568393961105e-15,0.0,0.0,0.0,0.0,0.0,0.0,0.0,0.0,0.0,0.0,0.0,0.0,0.0,0.0,0.0,4,"1215.097077368543,1215.0970773685585,1215.0970773692372,1215.09707736923"
61860,618.636,world,618.6359999997197,-5.254745732915603,0.5089864110960702,1.1444785530726374,9.066030535752952e-14,2.7253867503812683e-14,-0.7458749569231276,0.6660859919221562,3.8926108739418485e-11,8.63650904883299e-11,-1.0038247979315426e-13,1.0781968417305463e-13,-2.68471298487025e-14,-7.041009842636824e-10,-9.69702774151298e-13,-1.5832602887967248e-12,1.7763568393961105e-15,0.0,0.0,0.0,0.0,0.0,0.0,0.0,0.0,0.0,0.0,0.0,0.0,0.0,0.0,0.0,4,"1215.0970773687102,1215.0970773685674,1215.0970773691088,1215.0970773691824"
61861,618.645,world,618.6449999997199,-5.254745732915251,0.5089864110968476,1.1444785530726374,9.090919343262462e-14,2.6818494545453518e-14,-0.7458749569252379,0.6660859919197931,3.8917335970176856e-11,8.635085935409172e-11,-1.0036826893843907e-13,1.144094918746247e-13,-6.571541762194852e-15,-7.039807119673086e-10,-9.789948774478682e-13,-1.5800621552503816e-12,8.881784197043661e-16,0.0,0.0,0.0,0.0,0.0,0.0,0.0,0.0,0.0,0.0,0.0,0.0,0.0,0.0,0.0,4,"1215.0970773686133,1215.0970773685638,1215.097077369183,1215.0970773692084"
61862,618.654,world,618.65399999972,-5.254745732914899,0.508986411097625,1.1444785530726374,9.140834913694375e-14,2.6491944370163144e-14,-0.7458749569273478,0.6660859919174305,3.890847123367248e-11,8.633663884231276e-11,-1.0036353198686734e-13,1.4448215175940012e-13,8.387171983756718e-14,-7.038452053848478e-10,-9.90371312888255e-13,-1.5813919845827863e-12,8.881784197043661e-16,0.0,0.0,0.0,0.0,0.0,0.0,0.0,0.0,0.0,0.0,0.0,0.0,0.0,0.0,0.0,4,"1215.0970773685435,1215.0970773685576,1215.097077369237,1215.0970773692302"
61863,618.666,world,618.6659999997202,-5.25474573291443,0.5089864110986614,1.1444785530726374,9.19972146788323e-14,2.6021085773652462e-14,-0.7458749569301603,0.666085991914281,3.88964834433391e-11,8.6317640804417e-11,-1.0035790685687592e-13,1.0847545223853371e-13,-2.6468836649927222e-14,-7.03713643425114e-10,-1.005362075001994e-12,-1.5826896119807396e-12,-8.881784197043661e-16,0.0,0.0,0.0,0.0,0.0,0.0,0.0,0.0,0.0,0.0,0.0,0.0,0.0,0.0,0.0,4,"1215.0970773687109,1215.0970773685663,1215.0970773691079,1215.097077369183"
61864,618.675,world,618.6749999997203,-5.2547457329140785,0.5089864110994378,1.1444785530726374,9.224593979595064e-14,2.5582387471119574e-14,-0.7458749569322697,0.6660859919119191,3.888738949514117e-11,8.630341490355823e-11,-1.0037330194948404e-13,1.1481957647801203e-13,-7.931389014375029e-15,-7.03593380518894e-10,-1.014697388320296e-12,-1.579449104840898e-12,-1.480297366165529e-15,0.0,0.0,0.0,0.0,0.0,0.0,0.0,0.0,0.0,0.0,0.0,0.0,0.0,0.0,0.0,4,"1215.097077368614,1215.0970773685629,1215.0970773691824,1215.0970773692088"
61865,618.684,world,618.6839999997204,-5.254745732913727,0.5089864111002141,1.1444785530726374,9.27391161261797e-14,2.52491262277557e-14,-0.7458749569343782,0.6660859919095579,3.88782033946795e-11,8.628920069235966e-11,-1.0036886105738554e-13,1.4458412795749778e-13,8.143120177678292e-14,-7.034579023620448e-10,-1.0260761864211568e-12,-1.5806079304790348e-12,1.7763568393961105e-15,0.0,0.0,0.0,0.0,0.0,0.0,0.0,0.0,0.0,0.0,0.0,0.0,0.0,0.0,0.0,4,"1215.097077368544,1215.0970773685578,1215.0970773692368,1215.09707736923"
61866,618.696,world,618.6959999997206,-5.254745732913258,0.5089864111012493,1.1444785530726374,9.331869446158952e-14,2.4769063203735228e-14,-0.7458749569371894,0.6660859919064098,3.886578727161632e-11,8.627021384770837e-11,-1.0034280782374099e-13,1.0866395124391622e-13,-2.7954717387026835e-14,-7.033264333272063e-10,-1.0410505017350883e-12,-1.5816453489316615e-12,1.7763568393961105e-15,0.0,0.0,0.0,0.0,0.0,0.0,0.0,0.0,0.0,0.0,0.0,0.0,0.0,0.0,0.0,4,"1215.0970773687104,1215.0970773685676,1215.0970773691085,1215.0970773691822"
61867,618.705,world,618.7049999997207,-5.254745732912906,0.5089864111020257,1.1444785530726374,9.356663319575906e-14,2.432730460379489e-14,-0.7458749569392975,0.6660859919040494,3.88563720406354e-11,8.625599777573655e-11,-1.0032297183903435e-13,1.1544860738949472e-13,-7.61199875526329e-15,-7.032062899704363e-10,-1.0504112288723165e-12,-1.5783412733494861e-12,1.7763568393961105e-15,0.0,0.0,0.0,0.0,0.0,0.0,0.0,0.0,0.0,0.0,0.0,0.0,0.0,0.0,0.0,4,"1215.0970773686133,1215.0970773685644,1215.097077369183,1215.0970773692081"
61868,618.714,world,618.7139999997208,-5.254745732912554,0.5089864111028021,1.1444785530726374,9.406666073653435e-14,2.399454850898397e-14,-0.7458749569414049,0.6660859919016894,3.884686411410686e-11,8.624179319638706e-11,-1.0030580038958682e-13,1.457322957127468e-13,8.341918403300533e-14,-7.030709282915916e-10,-1.0618801323647634e-12,-1.579589032354754e-12,1.7763568393961105e-15,0.0,0.0,0.0,0.0,0.0,0.0,0.0,0.0,0.0,0.0,0.0,0.0,0.0,0.0,0.0,4,"1215.0970773685435,1215.0970773685588,1215.0970773692368,1215.0970773692295"
61869,618.726,world,618.725999999721,-5.2547457329120855,0.5089864111038372,1.1444785530726374,9.466296456275192e-14,2.351721764110143e-14,-0.7458749569442146,0.6660859918985431,3.883401709673673e-11,8.622281694074095e-11,-1.0029899102170247e-13,1.104705070719177e-13,-2.5768600955210705e-14,-7.029396189397575e-10,-1.0770600342563347e-12,-1.5808839027080268e-12,8.881784197043661e-16,0.0,0.0,0.0,0.0,0.0,0.0,0.0,0.0,0.0,0.0,0.0,0.0,0.0,0.0,0.0,4,"1215.097077368711,1215.0970773685674,1215.0970773691074,1215.0970773691822"
61870,618.741,world,618.7409999997212,-5.254745732911499,0.5089864111051305,1.1444785530726374,9.520105570301033e-14,2.2823914571410646e-14,-0.7458749569477258,0.6660859918946115,3.8817732741732265e-11,8.619914332816914e-11,-1.0029247771329133e-13,1.3793186888326016e-13,5.4845558264106194e-14,-7.027290181392958e-10,-1.0938310811351358e-12,-1.577437586039521e-12,0.0,0.0,0.0,0.0,0.0,0.0,0.0,0.0,0.0,0.0,0.0,0.0,0.0,0.0,0.0,0.0,4,"1215.0970773684007,1215.097077368551,1215.0970773693466,1215.09707736927"
61871,618.744,world,618.7439999997213,-5.254745732911382,0.508986411105389,1.1444785530726374,9.542509532561185e-14,2.273502466634777e-14,-0.7458749569484279,0.6660859918938253,3.8814442609157205e-11,8.619440827109871e-11,-1.0029129347539841e-13,1.471822605279331e-13,8.221653442080474e-14,-7.026843638061689e-10,-1.0982007005838472e-12,-1.5789164996976145e-12,5.921189464611629e-16,0.0,0.0,0.0,0.0,0.0,0.0,0.0,0.0,0.0,0.0,0.0,0.0,0.0,0.0,0.0,4,"1215.0970773685447,1215.097077368558,1215.0970773692359,1215.0970773692297"
61872,618.756,world,618.7559999997214,-5.254745732910913,0.5089864111064228,1.1444785530726374,9.601651331326517e-14,2.224478729272502e-14,-0.745874956951236,0.6660859918906809,3.880115897209917e-11,8.61754415470629e-11,-1.0027885897752263e-13,1.1114681569773929e-13,-2.8137253399780314e-14,-7.025530884471427e-10,-1.1134821416938064e-12,-1.5799643538349997e-12,5.921189464611629e-16,0.0,0.0,0.0,0.0,0.0,0.0,0.0,0.0,0.0,0.0,0.0,0.0,0.0,0.0,0.0,4,"1215.097077368711,1215.0970773685672,1215.0970773691079,1215.097077369182"
61873,618.765,world,618.7649999997216,-5.254745732910561,0.5089864111071982,1.1444785530726374,9.547339339790536e-14,2.1448501769777866e-14,-0.7458749569533415,0.666085991888323,3.879110789912948e-11,8.616127783537196e-11,-1.0027737868015645e-13,-3.438269288338e-14,-4.6731930361278e-13,-7.025347244334482e-10,-1.1168624766593154e-12,-1.563217338866514e-12,2.9605947323058146e-16,0.0,0.0,0.0,0.0,0.0,0.0,0.0,0.0,0.0,0.0,0.0,0.0,0.0,0.0,0.0,4,"1215.0970773691183,1215.097077368604,1215.0970773687907,1215.0970773690551"
61874,618.774,world,618.7739999997217,-5.25474573291021,0.5089864111079736,1.1444785530726374,9.32024926298241e-14,1.990391567083083e-14,-0.7458749569554471,0.6660859918859652,3.878111196510392e-11,8.614744993018166e-11,-1.0027737868015645e-13,-1.1347720155841428e-13,-7.054697513563014e-13,-7.024816499583485e-10,-1.1043572970442054e-12,-1.512114899142116e-12,0.0,0.0,0.0,0.0,0.0,0.0,0.0,0.0,0.0,0.0,0.0,0.0,0.0,0.0,0.0,0.0,4,"1215.0970773688823,1215.0970773686245,1215.0970773689644,1215.0970773690972"
61875,618.786,world,618.7859999997219,-5.254745732909741,0.5089864111090074,1.1444785530726374,8.857180737744766e-14,1.7148073050236617e-14,-0.7458749569582546,0.6660859918828214,3.876804617338253e-11,8.61299166500495e-11,-1.0024895697072605e-13,-2.0886132510565886e-13,-9.960902434754843e-13,-7.024267376311379e-10,-1.0732482170162008e-12,-1.4126785606591479e-12,4.440892098496587e-15,0.0,0.0,0.0,0.0,0.0,0.0,0.0,0.0,0.0,0.0,0.0,0.0,0.0,0.0,0.0,4,"1215.0970773688614,1215.097077368678,1215.0970773689671,1215.0970773690628"
61876,618.795,world,618.794999999722,-5.254745732909389,0.5089864111097828,1.1444785530726374,8.463384701002336e-14,1.487409934183606e-14,-0.7458749569603598,0.6660859918804639,3.875852859973052e-11,8.61176304924686e-11,-1.0021076529867895e-13,-1.9192286179673067e-13,-9.491998960571796e-13,-7.023446537027292e-10,-1.0452555082481702e-12,-1.3277835963984656e-12,3.552713678804843e-15,0.0,0.0,0.0,0.0,0.0,0.0,0.0,0.0,0.0,0.0,0.0,0.0,0.0,0.0,0.0,4,"1215.0970773686547,1215.0970773687018,1215.0970773691172,1215.0970773690954"
61877,618.804,world,618.8039999997221,-5.254745732909037,0.5089864111105582,1.1444785530726374,8.13105646370189e-14,1.285884435174949e-14,-0.745874956962465,0.6660859918781067,3.874924208445407e-11,8.610606477929761e-11,-1.00182935708195e-13,-1.160317853832453e-13,-7.253844947480955e-13,-7.022345230042299e-10,-1.0224852121744831e-12,-1.2538642083246908e-12,4.440892098496587e-15,0.0,0.0,0.0,0.0,0.0,0.0,0.0,0.0,0.0,0.0,0.0,0.0,0.0,0.0,0.0,4,"1215.097077368502,1215.097077368714,1215.0970773692302,1215.097077369123"
61878,618.816,world,618.8159999997223,-5.254745732908568,0.5089864111115915,1.1444785530726374,7.802863846041314e-14,1.0656655948457177e-14,-0.7458749569652712,0.6660859918749641,3.873710901166101e-11,8.609153090267922e-11,-1.0013911890615645e-13,-5.468093365833456e-14,-5.478630604872844e-13,-7.021213430765843e-10,-1.0028408712821421e-12,-1.1779297638307037e-12,3.552713678804843e-15,0.0,0.0,0.0,0.0,0.0,0.0,0.0,0.0,0.0,0.0,0.0,0.0,0.0,0.0,0.0,4,"1215.097077368596,1215.0970773687293,1215.0970773691552,1215.0970773690888"
61879,618.825,world,618.8249999997224,-5.254745732908217,0.5089864111123659,1.1444785530726374,7.659968485303864e-14,9.443572500541395e-15,-0.7458749569673755,0.666085991872608,3.8728120318115684e-11,8.608113643796522e-11,-1.0010299965042196e-13,3.9169190729024435e-14,-2.683070417063172e-13,-7.020060764076836e-10,-9.971812769676675e-13,-1.1402239885146833e-12,4.7369515717397904e-15,0.0,0.0,0.0,0.0,0.0,0.0,0.0,0.0,0.0,0.0,0.0,0.0,0.0,0.0,0.0,4,"1215.0970773684687,1215.0970773687193,1215.0970773692545,1215.0970773691267"
61880,618.834,world,618.8339999997226,-5.254745732907865,0.5089864111131402,1.1444785530726374,7.658087103313049e-14,8.838521099563943e-15,-0.7458749569694796,0.6660859918702517,3.8719122302970086e-11,8.60709518432578e-11,-1.0007161734625921e-13,1.5828070442274448e-13,9.125407957027792e-14,-7.018698292487883e-10,-1.004035791082017e-12,-1.1294507785103451e-12,2.6645352591004767e-15,0.0,0.0,0.0,0.0,0.0,0.0,0.0,0.0,0.0,0.0,0.0,0.0,0.0,0.0,0.0,4,"1215.097077368386,1215.0970773686972,1215.0970773693234,1215.0970773691622"
61881,618.846,world,618.8459999997227,-5.254745732907396,0.5089864111141728,1.1444785530726374,7.824703690243082e-14,8.771679113074067e-15,-0.7458749569722842,0.6660859918671113,3.87069242054506e-11,8.605729529966021e-11,-1.0005148530207936e-13,2.306573617426613e-13,3.166414396125165e-13,-7.017303870244407e-10,-1.0287918205660388e-12,-1.1491513018136211e-12,1.480297366165529e-15,0.0,0.0,0.0,0.0,0.0,0.0,0.0,0.0,0.0,0.0,0.0,0.0,0.0,0.0,0.0,4,"1215.0970773685576,1215.0970773686718,1215.0970773692004,1215.0970773691383"
61882,618.855,world,618.8549999997228,-5.254745732907044,0.5089864111149471,1.1444785530726374,8.048921475080148e-14,9.165497021002603e-15,-0.7458749569743874,0.666085991864756,3.869753624779405e-11,8.604679878765115e-11,-1.0006540009732133e-13,3.0452134878227803e-13,5.495661435988425e-13,-7.016004247688331e-10,-1.0559625949788422e-12,-1.1831182280375063e-12,-1.7763568393961105e-15,0.0,0.0,0.0,0.0,0.0,0.0,0.0,0.0,0.0,0.0,0.0,0.0,0.0,0.0,0.0,4,"1215.0970773684753,1215.0970773686377,1215.0970773692713,1215.0970773691831"
61883,618.864,world,618.863999999723,-5.2547457329066924,0.5089864111157215,1.1444785530726374,8.380262048484671e-14,1.00406438467534e-14,-0.7458749569764901,0.6660859918624014,3.868785788757619e-11,8.603589377597998e-11,-1.0008967697412645e-13,3.864712019939398e-13,8.084357454921393e-13,-7.014528547298341e-10,-1.0924599263698534e-12,-1.237993090021302e-12,-1.7763568393961105e-15,0.0,0.0,0.0,0.0,0.0,0.0,0.0,0.0,0.0,0.0,0.0,0.0,0.0,0.0,0.0,4,"1215.0970773684267,1215.0970773685992,1215.0970773693177,1215.0970773692243"
61884,618.876,world,618.8759999997231,-5.2547457329062235,0.508986411116754,1.1444785530726374,8.906132854977716e-14,1.1599567401395167e-14,-0.7458749569792932,0.6660859918592625,3.8674382413197625e-11,8.602044852868081e-11,-1.0009737452043051e-13,3.934615181285449e-13,8.454607731474288e-13,-7.013023847757505e-10,-1.1489521187965322e-12,-1.329285605094358e-12,-1.1842378929349476e-15,0.0,0.0,0.0,0.0,0.0,0.0,0.0,0.0,0.0,0.0,0.0,0.0,0.0,0.0,0.0,4,"1215.0970773686265,1215.097077368564,1215.0970773691754,1215.0970773692022"
61885,618.885,world,618.8849999997233,-5.254745732905872,0.5089864111175284,1.1444785530726374,9.321298908369395e-14,1.2881514349371926e-14,-0.7458749569813952,0.6660859918569089,3.866382478612603e-11,8.600812710942514e-11,-1.0009915087726991e-13,4.122528203131638e-13,9.150867485576402e-13,-7.011666421679794e-10,-1.1928121217150445e-12,-1.4019540144140293e-12,-2.3684757858698952e-15,0.0,0.0,0.0,0.0,0.0,0.0,0.0,0.0,0.0,0.0,0.0,0.0,0.0,0.0,0.0,4,"1215.0970773685544,1215.0970773685306,1215.0970773692377,1215.097077369245"
61886,618.894,world,618.8939999997234,-5.25474573290552,0.5089864111183028,1.1444785530726374,9.771363845546941e-14,1.4333758701051055e-14,-0.7458749569834965,0.6660859918545557,3.8652859015507226e-11,8.599511850699044e-11,-1.0011632232671742e-13,4.3911300541271707e-13,1.0079794858800775e-12,-7.010149639746674e-10,-1.239498804731908e-12,-1.4815602955396387e-12,-1.7763568393961105e-15,0.0,0.0,0.0,0.0,0.0,0.0,0.0,0.0,0.0,0.0,0.0,0.0,0.0,0.0,0.0,4,"1215.0970773685078,1215.0970773684985,1215.0970773692804,1215.0970773692807"
