header_seq,header_stamp,header_frame_id,t,is_single_rotor_thrust,collective_thrust,bodyrates_x,bodyrates_y,bodyrates_z,thrusts_0,thrusts_1,thrusts_2,thrusts_3
30344,303.452999999,,303.4529999991803,False,8.361814469274888,5.5981859744923994e-05,-7.986248310797028e-05,4.86017714113285e-05,nan,nan,nan,nan
30345,303.461999999,,303.46199999918025,False,8.361814469274888,5.597261875335384e-05,-7.98493002989638e-05,4.859375080714755e-05,nan,nan,nan,nan
30346,303.470999999,,303.4709999991802,False,8.36181446927489,5.596338431429812e-05,-7.983612660105244e-05,4.858573164714449e-05,nan,nan,nan,nan
30347,303.482999999,,303.48299999918015,False,8.361814469274892,5.595107276668786e-05,-7.981856322282279e-05,4.8575041432763695e-05,nan,nan,nan,nan
30348,303.491999999,,303.4919999991801,False,8.361814469274892,5.594183675754248e-05,-7.980538754597318e-05,4.856702519575602e-05,nan,nan,nan,nan
30349,303.500999999,,303.50099999918007,False,8.361814469274892,5.59326072716634e-05,-7.979222092535513e-05,4.8559010405590784e-05,nan,nan,nan,nan
30350,303.512999999,,303.51299999918,False,8.361814469274895,5.5920302296732744e-05,-7.977466692468396e-05,4.8548326018215554e-05,nan,nan,nan,nan
30351,303.521999999,,303.52199999917997,False,8.361814469274895,5.591107120446731e-05,-7.976149825110781e-05,4.854031414871422e-05,nan,nan,nan,nan
30352,303.530999999,,303.5309999991799,False,8.361814469274897,5.590184662333664e-05,-7.974833861252328e-05,4.8532303728719864e-05,nan,nan,nan,nan
30353,303.542999999,,303.54299999917987,False,8.361814469274897,5.588954818330275e-05,-7.973079390599559e-05,4.852162516535253e-05,nan,nan,nan,nan
30354,303.551999999,,303.5519999991798,False,8.361814469274899,5.5880321995332247e-05,-7.971763220085008e-05,4.851361766602209e-05,nan,nan,nan,nan
30355,303.560999999,,303.5609999991798,False,8.361814469274899,5.58711023192849e-05,-7.970447952735342e-05,4.850561161386712e-05,nan,nan,nan,nan
30356,303.572999999,,303.57299999917973,False,8.3618144692749,5.585881042502941e-05,-7.968694411573991e-05,4.849493887650611e-05,nan,nan,nan,nan
30357,303.581999999,,303.5819999991797,False,8.361814469274902,5.584958915299786e-05,-7.967378939298504e-05,4.8486935747013454e-05,nan,nan,nan,nan
30358,303.590999999,,303.59099999917964,False,8.3618144692749,5.5840374394128724e-05,-7.966064370657874e-05,4.847893406769391e-05,nan,nan,nan,nan
30359,303.602999999,,303.6029999991796,False,8.361814469274902,5.5828089062616495e-05,-7.964311762588112e-05,4.846826715633922e-05,nan,nan,nan,nan
30360,303.611999999,,303.61199999917955,False,8.3618144692749,5.581887271881761e-05,-7.96299699146975e-05,4.84602683986828e-05,nan,nan,nan,nan
30361,303.620999999,,303.6209999991795,False,8.361814469274902,5.580966288861797e-05,-7.961683124486228e-05,4.845227108720267e-05,nan,nan,nan,nan
30362,303.632999999,,303.63299999917945,False,8.361814469274904,5.579738413388646e-05,-7.959931453332824e-05,4.8441610005518055e-05,nan,nan,nan,nan
30363,303.641999999,,303.6419999991794,False,8.361814469274904,5.5788172728266764e-05,-7.958617386113025e-05,4.8433615617699445e-05,nan,nan,nan,nan
30364,303.650999999,,303.65099999917936,False,8.361814469274904,5.5778967836706e-05,-7.95730422340762e-05,4.84256226797209e-05,nan,nan,nan,nan
30365,303.662999999,,303.6629999991793,False,8.361814469274904,5.5766695672990156e-05,-7.955553492534711e-05,4.8414967426707185e-05,nan,nan,nan,nan
30366,303.671999999,,303.67199999917926,False,8.361814469274906,5.575748921739234e-05,-7.954240131675083e-05,4.8406977410724815e-05,nan,nan,nan,nan
30367,303.680999999,,303.6809999991792,False,8.361814469274908,5.5748289277581614e-05,-7.952927675693119e-05,4.839898884391636e-05,nan,nan,nan,nan
30368,303.692999999,,303.69299999917916,False,8.361814469274908,5.573602372237393e-05,-7.951177888521989e-05,4.838833941990661e-05,nan,nan,nan,nan
30369,303.701999999,,303.7019999991791,False,8.36181446927491,5.572682223095132e-05,-7.949865236707387e-05,4.838035377742581e-05,nan,nan,nan,nan
30370,303.710999999,,303.7109999991791,False,8.361814469274911,5.5717627258676466e-05,-7.948553490229953e-05,4.83723695824536e-05,nan,nan,nan,nan
30371,303.722999999,,303.722999999179,False,8.361814469274911,5.5705368339975284e-05,-7.946804650383048e-05,4.8361725989779286e-05,nan,nan,nan,nan
30372,303.731999999,,303.731999999179,False,8.361814469274911,5.5696171835636035e-05,-7.945492710462415e-05,4.83537447214662e-05,nan,nan,nan,nan
30373,303.740999999,,303.74099999917894,False,8.361814469274913,5.56869818536716e-05,-7.944181676481275e-05,4.8345764899662474e-05,nan,nan,nan,nan
30374,303.752999999,,303.7529999991789,False,8.361814469274915,5.567472959958016e-05,-7.942433788234959e-05,4.833512713732438e-05,nan,nan,nan,nan
30375,303.761999999,,303.76199999917884,False,8.361814469274913,5.566553810394629e-05,-7.941122563391855e-05,4.832715024251287e-05,nan,nan,nan,nan
30376,303.770999999,,303.7709999991788,False,8.361814469274915,5.565635313469386e-05,-7.939812245031528e-05,4.8319174795876045e-05,nan,nan,nan,nan
30377,303.782999999,,303.78299999917874,False,8.361814469274915,5.564410757500652e-05,-7.938065312439304e-05,4.830854286420724e-05,nan,nan,nan,nan
30378,303.791999999,,303.7919999991787,False,8.361814469274917,5.563492110973713e-05,-7.936754805612337e-05,4.830057034356343e-05,nan,nan,nan,nan
30379,303.800999999,,303.80099999917866,False,8.361814469274917,5.5625741173740495e-05,-7.935445205686139e-05,4.829259927076123e-05,nan,nan,nan,nan
30380,303.812999999,,303.8129999991786,False,8.361814469274918,5.561350233340151e-05,-7.933699232233119e-05,4.8281973172093184e-05,nan,nan,nan,nan
30381,303.821999999,,303.82199999917856,False,8.36181446927492,5.560432091507744e-05,-7.932389445847579e-05,4.827400502428478e-05,nan,nan,nan,nan
30382,303.830999999,,303.8309999991785,False,8.36181446927492,5.5595146027330275e-05,-7.931080566561931e-05,4.826603832664951e-05,nan,nan,nan,nan
30383,303.842999999,,303.84299999917846,False,8.361814469274922,5.558291392366289e-05,-7.929335554871733e-05,4.825541806031607e-05,nan,nan,nan,nan
30384,303.851999999,,303.8519999991784,False,8.361814469274922,5.557373756410082e-05,-7.928026490568212e-05,4.8247454286675376e-05,nan,nan,nan,nan
30385,303.860999999,,303.8609999991784,False,8.361814469274922,5.556456773448844e-05,-7.926718333355318e-05,4.8239491961875544e-05,nan,nan,nan,nan
30386,303.872999999,,303.8729999991783,False,8.361814469274924,5.555234237887938e-05,-7.924974284943363e-05,4.822887752721059e-05,nan,nan,nan,nan
30387,303.881999999,,303.8819999991783,False,8.361814469274924,5.5543171084110285e-05,-7.923665943676097e-05,4.82209181277376e-05,nan,nan,nan,nan
30388,303.890999999,,303.89099999917823,False,8.361814469274924,5.553400631767752e-05,-7.922358509267575e-05,4.821296017743851e-05,nan,nan,nan,nan
30389,303.902999999,,303.9029999991782,False,8.361814469274924,5.552178771511498e-05,-7.920615424807879e-05,4.820235157377592e-05,nan,nan,nan,nan
30390,303.911999999,,303.91199999917814,False,8.361814469274925,5.551262148798379e-05,-7.919307806830422e-05,4.8194396547138354e-05,nan,nan,nan,nan
30391,303.920999999,,303.9209999991781,False,8.361814469274911,5.550346178676566e-05,-7.918001095304646e-05,4.8186442967676295e-05,nan,nan,nan,nan
30392,303.932999999,,303.93299999917804,False,8.361814469274885,5.5491249937922356e-05,-7.916258974720632e-05,4.8175840195682185e-05,nan,nan,nan,nan
30393,303.941999999,,303.941999999178,False,8.361814469274867,5.5482088777447214e-05,-7.9149520798698e-05,4.816788953988165e-05,nan,nan,nan,nan
30394,303.950999999,,303.95099999917795,False,8.361814469274846,5.547293413942066e-05,-7.913646090956293e-05,4.815994033225584e-05,nan,nan,nan,nan
30395,303.962999999,,303.9629999991779,False,8.361814469274822,5.546072904171891e-05,-7.911904933670029e-05,4.814934338760033e-05,nan,nan,nan,nan
30396,303.971999999,,303.97199999917785,False,8.361814469274803,5.5451572946119274e-05,-7.910598761350605e-05,4.814139710330295e-05,nan,nan,nan,nan
30397,303.980999999,,303.9809999991778,False,8.361814469274787,5.544242336816549e-05,-7.909293494397452e-05,4.813345226784641e-05,nan,nan,nan,nan
30398,303.992999999,,303.99299999917775,False,8.361814469274764,5.543022501554418e-05,-7.907553299458538e-05,4.8122861150196444e-05,nan,nan,nan,nan
30399,304.001999999,,304.0019999991777,False,8.361814469274748,5.542107397929487e-05,-7.906247848891381e-05,4.811491923806836e-05,nan,nan,nan,nan
30400,304.010999999,,304.01099999917767,False,8.361814469274734,5.541192945638076e-05,-7.904943303034342e-05,4.810697877178351e-05,nan,nan,nan,nan
30401,304.022999999,,304.0229999991776,False,8.361814469274718,5.539973784153742e-05,-7.903204069204833e-05,4.809639348013989e-05,nan,nan,nan,nan
30402,304.031999999,,304.0319999991776,False,8.361814469274703,5.539059185780169e-05,-7.901899339474223e-05,4.80884559361843e-05,nan,nan,nan,nan
30403,304.040999999,,304.04099999917753,False,8.361814469274693,5.538145238332577e-05,-7.900595513734505e-05,4.808051983840501e-05,nan,nan,nan,nan
30404,304.052999999,,304.0529999991775,False,8.36181446927468,5.536926749661756e-05,-7.898857239693722e-05,4.806994037110239e-05,nan,nan,nan,nan
30405,304.061999999,,304.06199999917743,False,8.36181446927467,5.536012655942037e-05,-7.89755322972254e-05,4.8062007193653945e-05,nan,nan,nan,nan
30406,304.070999999,,304.0709999991774,False,8.361814469274663,5.535099212611965e-05,-7.896250123073482e-05,4.8054075462381804e-05,nan,nan,nan,nan
30407,304.082999999,,304.08299999917733,False,8.361814469274652,5.533881395865243e-05,-7.894512807427204e-05,4.8043501817754885e-05,nan,nan,nan,nan
30408,304.091999999,,304.0919999991773,False,8.361814469274648,5.532967806007589e-05,-7.893209516218774e-05,4.803557300381598e-05,nan,nan,nan,nan
30409,304.100999999,,304.10099999917725,False,8.361814469274641,5.532054866102467e-05,-7.891907127630995e-05,4.802764563705261e-05,nan,nan,nan,nan
30410,304.112999999,,304.1129999991772,False,8.361814469274636,5.530837720300252e-05,-7.890170769044579e-05,4.801707780943919e-05,nan,nan,nan,nan
30411,304.121999999,,304.12199999917715,False,8.361814469274632,5.529924633713686e-05,-7.888868195555968e-05,4.800915336167439e-05,nan,nan,nan,nan
30412,304.130999999,,304.1309999991771,False,8.361814469274629,5.529012196535984e-05,-7.88756652405338e-05,4.800123035875365e-05,nan,nan,nan,nan
30413,304.142999999,,304.14299999917705,False,8.361814469274625,5.5277957208606465e-05,-7.885831121235089e-05,4.7990668347820704e-05,nan,nan,nan,nan
30414,304.151999999,,304.151999999177,False,8.361814469274623,5.526883136850564e-05,-7.884529264586924e-05,4.798274826190012e-05,nan,nan,nan,nan
30415,304.160999999,,304.16099999917697,False,8.361814469274622,5.525971201803088e-05,-7.883228309274603e-05,4.797482962182276e-05,nan,nan,nan,nan
30416,304.172999999,,304.1729999991769,False,8.36181446927462,5.524755395452002e-05,-7.881493861072065e-05,4.796427342324043e-05,nan,nan,nan,nan
30417,304.181999999,,304.18199999917687,False,8.361814469274618,5.5238433134727834e-05,-7.880192720403144e-05,4.79563576978318e-05,nan,nan,nan,nan
30418,304.190999999,,304.1909999991768,False,8.361814469274618,5.5229318800350955e-05,-7.878892480469843e-05,4.79484434152688e-05,nan,nan,nan,nan
30419,304.202999999,,304.20299999917677,False,8.361814469274616,5.5217167422760575e-05,-7.877158985883541e-05,4.7937893027371715e-05,nan,nan,nan,nan
30420,304.211999999,,304.2119999991767,False,8.361814469274616,5.520805161759912e-05,-7.875858560514789e-05,4.792998165714598e-05,nan,nan,nan,nan
30421,304.220999999,,304.2209999991767,False,8.361814469274616,5.5198942293827956e-05,-7.874559035310209e-05,4.7922071731098146e-05,nan,nan,nan,nan
30422,304.232999999,,304.2329999991766,False,8.361814469274615,5.5186797595626565e-05,-7.87282649353201e-05,4.7911527151554866e-05,nan,nan,nan,nan
30423,304.241999999,,304.2419999991766,False,8.361814469274615,5.517768680079562e-05,-7.871526782868452e-05,4.7903620137511206e-05,nan,nan,nan,nan
30424,304.250999999,,304.25099999917654,False,8.361814469274625,5.5168582483584706e-05,-7.8702279718293e-05,4.7895714563648637e-05,nan,nan,nan,nan
30425,304.262999999,,304.2629999991765,False,8.361814469274652,5.515644445970366e-05,-7.86849638211444e-05,4.7885175790127693e-05,nan,nan,nan,nan
30426,304.271999999,,304.27199999917644,False,8.361814469274671,5.514733867164933e-05,-7.867197385638882e-05,4.787727312693703e-05,nan,nan,nan,nan
30427,304.280999999,,304.2809999991764,False,8.361814469274691,5.513823935736459e-05,-7.865899288272499e-05,4.786937190592588e-05,nan,nan,nan,nan
30428,304.292999999,,304.29299999917635,False,8.361814469274721,5.512610800343283e-05,-7.864168650024827e-05,4.785883893076674e-05,nan,nan,nan,nan
30429,304.301999999,,304.3019999991763,False,8.36181446927474,5.5117007219244985e-05,-7.862870367299983e-05,4.7850940619095204e-05,nan,nan,nan,nan
30430,304.310999999,,304.31099999917626,False,8.361814469274758,5.510791290521077e-05,-7.861572983199232e-05,4.784304374627253e-05,nan,nan,nan,nan
30431,304.322999999,,304.3229999991762,False,8.361814469274785,5.5095788217923006e-05,-7.859843295884939e-05,4.78325165711405e-05,nan,nan,nan,nan
30432,304.331999999,,304.33199999917616,False,8.361814469274801,5.508669243501233e-05,-7.858545726544756e-05,4.7824622607657475e-05,nan,nan,nan,nan
30433,304.340999999,,304.3409999991761,False,8.361814469274815,5.5077603118643e-05,-7.857249055361511e-05,4.781673008335635e-05,nan,nan,nan,nan
30434,304.352999999,,304.35299999917606,False,8.361814469274837,5.5065485094510556e-05,-7.85552031855317e-05,4.780620870159008e-05,nan,nan,nan,nan
30435,304.361999999,,304.361999999176,False,8.36181446927485,5.505639431007491e-05,-7.854223462306224e-05,4.779831908196566e-05,nan,nan,nan,nan
30436,304.370999999,,304.370999999176,False,8.361814469274863,5.5047309989186437e-05,-7.852927503733035e-05,4.77904309018562e-05,nan,nan,nan,nan
30437,304.382999999,,304.3829999991759,False,8.36181446927488,5.503519862544807e-05,-7.851199717025963e-05,4.777991531212351e-05,nan,nan,nan,nan
30438,304.391999999,,304.3919999991759,False,8.361814469274888,5.502611283741542e-05,-7.849903573582959e-05,4.777203003535846e-05,nan,nan,nan,nan
30439,304.400999999,,304.40099999917584,False,8.361814469274899,5.501703350939362e-05,-7.848608327355895e-05,4.7764146195776946e-05,nan,nan,nan,nan
30440,304.412999999,,304.4129999991758,False,8.361814469274911,5.500492880240574e-05,-7.846881490416488e-05,4.77536363947471e-05,nan,nan,nan,nan
30441,304.421999999,,304.42199999917574,False,8.36181446927492,5.499584800886793e-05,-7.84558605947214e-05,4.774575545584545e-05,nan,nan,nan,nan
30442,304.430999999,,304.4309999991757,False,8.361814469274925,5.4986773671903464e-05,-7.844291525292418e-05,4.773787595645881e-05,nan,nan,nan,nan
30443,304.442999999,,304.44299999917564,False,8.361814469274934,5.497467561902394e-05,-7.842565637721078e-05,4.772737193880274e-05,nan,nan,nan,nan
30444,304.451999999,,304.4519999991756,False,8.361814469274941,5.496559981736302e-05,-7.841270919020163e-05,4.7719495339096795e-05,nan,nan,nan,nan
30445,304.460999999,,304.46099999917556,False,8.361814469274947,5.495653046904498e-05,-7.83997709659651e-05,4.7711620174908984e-05,nan,nan,nan,nan
30446,304.472999999,,304.4729999991755,False,8.361814469274952,5.494443906776187e-05,-7.83825215798131e-05,4.7701121937629085e-05,nan,nan,nan,nan
30447,304.481999999,,304.48199999917546,False,8.361814469274957,5.4935368256476706e-05,-7.836958151188631e-05,4.769324967112361e-05,nan,nan,nan,nan
30448,304.490999999,,304.4909999991754,False,8.361814469274943,5.492630389540276e-05,-7.835665040203344e-05,4.768537884046935e-05,nan,nan,nan,nan
30449,304.502999999,,304.50299999917536,False,8.361814469274922,5.491421914293109e-05,-7.833941050151104e-05,4.7674886379568815e-05,nan,nan,nan,nan
30450,304.511999999,,304.5119999991753,False,8.361814469274904,5.490515332008627e-05,-7.83264775496434e-05,4.7667018446929954e-05,nan,nan,nan,nan
30451,304.520999999,,304.5209999991753,False,8.361814469274888,5.489609394341561e-05,-7.831355355153089e-05,4.765915194647855e-05,nan,nan,nan,nan
30452,304.532999999,,304.5329999991752,False,8.361814469274863,5.4884015837315114e-05,-7.829632313245264e-05,4.764866526062515e-05,nan,nan,nan,nan
30453,304.541999999,,304.5419999991752,False,8.361814469274847,5.487495500020557e-05,-7.828339729372224e-05,4.764080165585766e-05,nan,nan,nan,nan
30454,304.550999999,,304.55099999917513,False,8.361814469274831,5.486590060632262e-05,-7.827048040369991e-05,4.7632939484276847e-05,nan,nan,nan,nan
30455,304.562999999,,304.5629999991751,False,8.361814469274808,5.485382914334503e-05,-7.825325946147581e-05,4.762245856714226e-05,nan,nan,nan,nan
30456,304.571999999,,304.57199999917503,False,8.361814469274794,5.484477328983211e-05,-7.824034073230959e-05,4.761459929191152e-05,nan,nan,nan,nan
30457,304.580999999,,304.580999999175,False,8.36181446927478,5.4835723876307026e-05,-7.82274309470608e-05,4.760674144786906e-05,nan,nan,nan,nan
30458,304.592999999,,304.59299999917494,False,8.361814469274764,5.482365905315849e-05,-7.82102194773335e-05,4.759626629712183e-05,nan,nan,nan,nan
30459,304.601999999,,304.6019999991749,False,8.361814469274751,5.4814608180851174e-05,-7.819730785435221e-05,4.758841134243499e-05,nan,nan,nan,nan
30460,304.610999999,,304.61099999917485,False,8.36181446927474,5.480556374524963e-05,-7.81844051704122e-05,4.7580557820934865e-05,nan,nan,nan,nan
30461,304.622999999,,304.6229999991748,False,8.361814469274728,5.47935055582248e-05,-7.816720316863795e-05,4.757008843257821e-05,nan,nan,nan,nan
30462,304.631999999,,304.63199999917475,False,8.36181446927472,5.478445966455634e-05,-7.815429864819311e-05,4.756223780143291e-05,nan,nan,nan,nan
30463,304.640999999,,304.6409999991747,False,8.36181446927471,5.4775420203649996e-05,-7.814140306210215e-05,4.755438860147589e-05,nan,nan,nan,nan
30464,304.652999999,,304.65299999917465,False,8.361814469274702,5.4763368650017445e-05,-7.812421052290866e-05,4.754392497317832e-05,nan,nan,nan,nan
30465,304.661999999,,304.6619999991746,False,8.361814469274696,5.475432773229814e-05,-7.811131310117202e-05,4.7536078659912405e-05,nan,nan,nan,nan
30466,304.670999999,,304.67099999917457,False,8.36181446927469,5.474529324396686e-05,-7.809842460874454e-05,4.752823377550332e-05,nan,nan,nan,nan
30467,304.682999999,,304.6829999991745,False,8.361814469274686,5.47332483193159e-05,-7.808124152702923e-05,4.7517775903268053e-05,nan,nan,nan,nan
30468,304.691999999,,304.69199999917447,False,8.36181446927468,5.4724212375121144e-05,-7.806835119973951e-05,4.750993390721537e-05,nan,nan,nan,nan
30469,304.700999999,,304.7009999991744,False,8.361814469274677,5.4715182856389177e-05,-7.80554697969742e-05,4.750209334001955e-05,nan,nan,nan,nan
30470,304.712999999,,304.7129999991744,False,8.361814469274673,5.470314455763439e-05,-7.803829616696376e-05,4.7491641221182044e-05,nan,nan,nan,nan
30471,304.721999999,,304.72199999917433,False,8.36181446927467,5.469411358353892e-05,-7.802541293023243e-05,4.7483803538345826e-05,nan,nan,nan,nan
30472,304.730999999,,304.7309999991743,False,8.361814469274668,5.4685089031764494e-05,-7.801253861289463e-05,4.747596728236803e-05,nan,nan,nan,nan
30473,304.742999999,,304.74299999917423,False,8.361814469274666,5.467305735445206e-05,-7.799537442941946e-05,4.746552091359763e-05,nan,nan,nan,nan
30474,304.751999999,,304.7519999991742,False,8.361814469274666,5.466403134804961e-05,-7.798249827904542e-05,4.745768753998104e-05,nan,nan,nan,nan
30475,304.760999999,,304.76099999917415,False,8.361814469274664,5.465501175997985e-05,-7.7969631043307e-05,4.744985559588744e-05,nan,nan,nan,nan
30476,304.772999999,,304.7729999991741,False,8.361814469274663,5.464298670053108e-05,-7.795247630089779e-05,4.7439414973187334e-05,nan,nan,nan,nan
30477,304.781999999,,304.78199999917405,False,8.361814469274663,5.4633965658786404e-05,-7.793960723297462e-05,4.7431585910122666e-05,nan,nan,nan,nan
30478,304.790999999,,304.790999999174,False,8.361814469274663,5.462495103204093e-05,-7.792674707470715e-05,4.742375827258417e-05,nan,nan,nan,nan
30479,304.802999999,,304.80299999917395,False,8.36181446927466,5.4612932587108434e-05,-7.790960176813623e-05,4.741332339129142e-05,nan,nan,nan,nan
30480,304.811999999,,304.8119999991739,False,8.361814469274663,5.460391650699972e-05,-7.789673977902496e-05,4.740549863344958e-05,nan,nan,nan,nan
30481,304.820999999,,304.82099999917386,False,8.361814469274663,5.459490683845418e-05,-7.78838866944853e-05,4.739767530279927e-05,nan,nan,nan,nan
30482,304.832999999,,304.8329999991738,False,8.361814469274663,5.458289500380352e-05,-7.786675081859826e-05,4.738724616124852e-05,nan,nan,nan,nan
30483,304.841999999,,304.84199999917377,False,8.361814469274664,5.457388388304591e-05,-7.785389590382332e-05,4.737942570696422e-05,nan,nan,nan,nan
30484,304.850999999,,304.8509999991737,False,8.361814469274664,5.456487917019911e-05,-7.784104988871632e-05,4.737160667687381e-05,nan,nan,nan,nan
30485,304.862999999,,304.86299999917367,False,8.361814469274664,5.455287394256561e-05,-7.782392343766983e-05,4.73611832717344e-05,nan,nan,nan,nan
30486,304.871999999,,304.8719999991736,False,8.361814469274666,5.454386777803128e-05,-7.781107559318577e-05,4.735336712134069e-05,nan,nan,nan,nan
30487,304.880999999,,304.8809999991736,False,8.361814469274668,5.453486801775521e-05,-7.779823664347496e-05,4.7345552392476306e-05,nan,nan,nan,nan
30488,304.892999999,,304.8929999991735,False,8.36181446927467,5.452286939275517e-05,-7.778111961217702e-05,4.733513472174985e-05,nan,nan,nan,nan
30489,304.901999999,,304.9019999991735,False,8.36181446927467,5.451386818136507e-05,-7.776827883408895e-05,4.73273228682523e-05,nan,nan,nan,nan
30490,304.910999999,,304.91099999917344,False,8.36181446927467,5.450487337090426e-05,-7.77554469458557e-05,4.731951243961477e-05,nan,nan,nan,nan
30491,304.922999999,,304.9229999991734,False,8.361814469274671,5.449288134532737e-05,-7.773833932887901e-05,4.730910049663991e-05,nan,nan,nan,nan
30492,304.931999999,,304.93199999917334,False,8.361814469274671,5.448388508491444e-05,-7.772550561307737e-05,4.7301292941703874e-05,nan,nan,nan,nan
30493,304.940999999,,304.9409999991733,False,8.361814469274673,5.447489522173492e-05,-7.771268078217188e-05,4.729348680629878e-05,nan,nan,nan,nan
30494,304.952999999,,304.95299999917324,False,8.361814469274675,5.446290979202467e-05,-7.769558257393378e-05,4.728308058807794e-05,nan,nan,nan,nan
30495,304.961999999,,304.9619999991732,False,8.361814469274693,5.445391847952969e-05,-7.768275591643099e-05,4.7275277325375125e-05,nan,nan,nan,nan
30496,304.970999999,,304.97099999917316,False,8.361814469274712,5.4444933560908404e-05,-7.766993813882216e-05,4.7267475484534734e-05,nan,nan,nan,nan
30497,304.982999999,,304.9829999991731,False,8.361814469274742,5.4432954723027764e-05,-7.76528493343865e-05,4.725707498873642e-05,nan,nan,nan,nan
30498,304.991999999,,304.99199999917306,False,8.361814469274764,5.4423968355954495e-05,-7.764002973122067e-05,4.724927601726765e-05,nan,nan,nan,nan
30499,305.000999999,,305.000999999173,False,8.361814469274783,5.441498837881651e-05,-7.762721900335731e-05,4.724147846566288e-05,nan,nan,nan,nan
30500,305.012999999,,305.01299999917296,False,8.361814469274808,5.440301612917074e-05,-7.761013959742166e-05,4.7231083692620185e-05,nan,nan,nan,nan
30501,305.024999999,,305.0249999991729,False,8.361814469274833,5.439104177265083e-05,-7.759305741683585e-05,4.7220691081514956e-05,nan,nan,nan,nan
30502,305.030999999,,305.0309999991729,False,8.361814469274844,5.438505966637174e-05,-7.758452336273024e-05,4.721549574502034e-05,nan,nan,nan,nan
30503,305.042999999,,305.0429999991728,False,8.361814469274867,5.437309400176881e-05,-7.756745335036292e-05,4.720510668574041e-05,nan,nan,nan,nan
30504,305.051999999,,305.0519999991728,False,8.361814469274883,5.4364107167059735e-05,-7.755463356411515e-05,4.719731600530654e-05,nan,nan,nan,nan
30505,305.060999999,,305.06099999917274,False,8.361814469274897,5.4355114278398665e-05,-7.754180543034264e-05,4.718952639734833e-05,nan,nan,nan,nan
30506,305.072999999,,305.0729999991727,False,8.361814469274917,5.434312016195365e-05,-7.75246961448577e-05,4.717914200666818e-05,nan,nan,nan,nan
30507,305.081999999,,305.08199999917264,False,8.361814469274927,5.433412282031227e-05,-7.751186156501609e-05,4.7171355008955134e-05,nan,nan,nan,nan
30508,305.090999999,,305.0909999991726,False,8.36181446927494,5.4325134885600335e-05,-7.749903974635322e-05,4.716356937881425e-05,nan,nan,nan,nan
30509,305.102999999,,305.10299999917254,False,8.361814469274952,5.4313159420490026e-05,-7.74819553636838e-05,4.715319045875661e-05,nan,nan,nan,nan
30510,305.111999999,,305.1119999991725,False,8.361814469274963,5.430418228270377e-05,-7.746914810769408e-05,4.7145407658018457e-05,nan,nan,nan,nan
30511,305.120999999,,305.12099999917245,False,8.361814469274965,5.4295217593159644e-05,-7.745635800345624e-05,4.713762628880146e-05,nan,nan,nan,nan
30512,305.132999999,,305.1329999991724,False,8.361814469274949,5.428327469563389e-05,-7.743931852937015e-05,4.712725311980908e-05,nan,nan,nan,nan
30513,305.141999999,,305.14199999917236,False,8.361814469274936,5.427432117239698e-05,-7.7426544236565e-05,4.71194746759188e-05,nan,nan,nan,nan
30514,305.150999999,,305.1509999991723,False,8.361814469274922,5.42653780795836e-05,-7.741378466149596e-05,4.7111697687197766e-05,nan,nan,nan,nan
30515,305.162999999,,305.16299999917226,False,8.3618144692749,5.4253459534581554e-05,-7.739678024990596e-05,4.7101330392507e-05,nan,nan,nan,nan
30516,305.171999999,,305.1719999991722,False,8.361814469274888,5.42445204240258e-05,-7.738402721686052e-05,4.70935563677492e-05,nan,nan,nan,nan
30517,305.180999999,,305.1809999991722,False,8.361814469274874,5.423558831920646e-05,-7.737128432157963e-05,4.70857838078198e-05,nan,nan,nan,nan
30518,305.192999999,,305.1929999991721,False,8.361814469274854,5.4223679439873815e-05,-7.735429532742336e-05,4.707542242306964e-05,nan,nan,nan,nan
30519,305.201999999,,305.2019999991721,False,8.361814469274842,5.421474433101658e-05,-7.734154930051389e-05,4.706765283642942e-05,nan,nan,nan,nan
30520,305.210999999,,305.21099999917203,False,8.361814469274828,5.4205813979415257e-05,-7.732881015014234e-05,4.705988471528362e-05,nan,nan,nan,nan
30521,305.222999999,,305.222999999172,False,8.361814469274814,5.419390489751664e-05,-7.731182229468538e-05,4.704952924580272e-05,nan,nan,nan,nan
30522,305.231999999,,305.23199999917193,False,8.361814469274803,5.4184968450995e-05,-7.729907517082428e-05,4.7041764093282704e-05,nan,nan,nan,nan
30523,305.240999999,,305.2409999991719,False,8.361814469274792,5.417603630458142e-05,-7.728633400533892e-05,4.703400040159394e-05,nan,nan,nan,nan
30524,305.252999999,,305.25299999917183,False,8.361814469274782,5.416412485785522e-05,-7.726934306884226e-05,4.7023650836056964e-05,nan,nan,nan,nan
30525,305.261999999,,305.2619999991718,False,8.361814469274771,5.415518709649847e-05,-7.725659397802109e-05,4.7015890104333714e-05,nan,nan,nan,nan
30526,305.270999999,,305.27099999917175,False,8.361814469274766,5.414625429484024e-05,-7.724385155366789e-05,4.7008130827779404e-05,nan,nan,nan,nan
30527,305.282999999,,305.2829999991717,False,8.361814469274755,5.4134343234885454e-05,-7.722686045327315e-05,4.6997787140872526e-05,nan,nan,nan,nan
30528,305.291999999,,305.29199999917165,False,8.361814469274748,5.4125406775338e-05,-7.721411253990017e-05,4.6990030811293955e-05,nan,nan,nan,nan
30529,305.300999999,,305.3009999991716,False,8.361814469274742,5.4116476124251274e-05,-7.720137244163083e-05,4.6982275931222165e-05,nan,nan,nan,nan
30530,305.312999999,,305.31299999917155,False,8.361814469274737,5.4104569122331404e-05,-7.718438613496401e-05,4.6971938094634675e-05,nan,nan,nan,nan
30531,305.321999999,,305.3219999991715,False,8.361814469274732,5.409563645788063e-05,-7.717164294024634e-05,4.69641861465507e-05,nan,nan,nan,nan
30532,305.330999999,,305.33099999917147,False,8.361814469274728,5.408671009953626e-05,-7.715890836038377e-05,4.695643564297762e-05,nan,nan,nan,nan
30533,305.342999999,,305.3429999991714,False,8.361814469274726,5.407480937540111e-05,-7.714193037211638e-05,4.694610363039765e-05,nan,nan,nan,nan
30534,305.351999999,,305.35199999917137,False,8.361814469274723,5.406588167195265e-05,-7.712919392462255e-05,4.693835604648922e-05,nan,nan,nan,nan
30535,305.360999999,,305.3609999991713,False,8.361814469274721,5.405696037053457e-05,-7.711646635379763e-05,4.693060989876508e-05,nan,nan,nan,nan
30536,305.372999999,,305.37299999917127,False,8.361814469274718,5.404506639337578e-05,-7.709949790319387e-05,4.692028368854382e-05,nan,nan,nan,nan
30537,305.381999999,,305.3819999991712,False,8.361814469274716,5.403614367639189e-05,-7.708676862219642e-05,4.6912540446828777e-05,nan,nan,nan,nan
30538,305.390999999,,305.3909999991712,False,8.361814469274714,5.402722725180336e-05,-7.707404814173692e-05,4.690479863730132e-05,nan,nan,nan,nan
30539,305.402999999,,305.40299999917113,False,8.361814469274712,5.4015339585365765e-05,-7.70570889596114e-05,4.689447820179439e-05,nan,nan,nan,nan
30540,305.411999999,,305.4119999991711,False,8.361814469274714,5.400642146251206e-05,-7.704436646989756e-05,4.688673928595262e-05,nan,nan,nan,nan
30541,305.420999999,,305.42099999917104,False,8.361814469274712,5.399750952657776e-05,-7.703165263980848e-05,4.687900179663626e-05,nan,nan,nan,nan
30542,305.432999999,,305.432999999171,False,8.361814469274712,5.398562772976515e-05,-7.701470214604631e-05,4.686868711319515e-05,nan,nan,nan,nan
30543,305.441999999,,305.44199999917095,False,8.36181446927471,5.397671396392412e-05,-7.700198607941009e-05,4.686095250557399e-05,nan,nan,nan,nan
30544,305.450999999,,305.4509999991709,False,8.361814469274712,5.3967806376083033e-05,-7.69892786261863e-05,4.685321931814996e-05,nan,nan,nan,nan
30545,305.462999999,,305.46299999917085,False,8.361814469274712,5.3955930417595413e-05,-7.69723366325905e-05,4.6842910365125104e-05,nan,nan,nan,nan
30546,305.471999999,,305.4719999991708,False,8.361814469274712,5.394702109513733e-05,-7.69596269859412e-05,4.683518004973724e-05,nan,nan,nan,nan
30547,305.480999999,,305.48099999917076,False,8.361814469274712,5.393811802321525e-05,-7.694692601819988e-05,4.6827451149217394e-05,nan,nan,nan,nan
30548,305.492999999,,305.4929999991707,False,8.361814469274714,5.3926248224652426e-05,-7.692999281837496e-05,4.681714790828999e-05,nan,nan,nan,nan
30549,305.501999999,,305.50199999917066,False,8.361814469274714,5.391734363476273e-05,-7.691728989866895e-05,4.680942187048039e-05,nan,nan,nan,nan
30550,305.510999999,,305.5109999991706,False,8.361814469274714,5.390844538882213e-05,-7.690459577322463e-05,4.680169724753878e-05,nan,nan,nan,nan
30551,305.522999999,,305.52299999917057,False,8.361814469274716,5.3896582166153216e-05,-7.68876718825433e-05,4.679139969872477e-05,nan,nan,nan,nan
30552,305.531999999,,305.5319999991705,False,8.361814469274716,5.388768260484837e-05,-7.687497607933014e-05,4.678367792783526e-05,nan,nan,nan,nan
30553,305.540999999,,305.5409999991705,False,8.361814469274716,5.387878945361455e-05,-7.68622891684994e-05,4.677595756681777e-05,nan,nan,nan,nan
30554,305.552999999,,305.5529999991704,False,8.361814469274718,5.386693310939981e-05,-7.684537503428004e-05,4.676566569479608e-05,nan,nan,nan,nan
30555,305.561999999,,305.5619999991704,False,8.361814469274718,5.38580387568209e-05,-7.683268663271455e-05,4.675794817817016e-05,nan,nan,nan,nan
30556,305.570999999,,305.57099999917034,False,8.361814469274718,5.384915083896738e-05,-7.682000717191535e-05,4.675023206875174e-05,nan,nan,nan,nan
30557,305.582999999,,305.5829999991703,False,8.36181446927472,5.3837301497062504e-05,-7.680310302595503e-05,4.6739945860532815e-05,nan,nan,nan,nan
30558,305.591999999,,305.59199999917024,False,8.361814469274721,5.382841240341076e-05,-7.679042214101938e-05,4.673223258784545e-05,nan,nan,nan,nan
30559,305.600999999,,305.6009999991702,False,8.361814469274721,5.381952973801579e-05,-7.677775019758507e-05,4.672452071970105e-05,nan,nan,nan,nan
30560,305.612999999,,305.61299999917014,False,8.361814469274723,5.380768738379736e-05,-7.676085606612244e-05,4.671424016396065e-05,nan,nan,nan,nan
30561,305.621999999,,305.6219999991701,False,8.361814469274723,5.3798803516618675e-05,-7.674818267697681e-05,4.670653112688517e-05,nan,nan,nan,nan
30562,305.630999999,,305.63099999917006,False,8.361814469274723,5.378992605701829e-05,-7.673551820334876e-05,4.669882348869052e-05,nan,nan,nan,nan
30563,305.642999999,,305.64299999917,False,8.361814469274723,5.377809061684512e-05,-7.671863399085488e-05,4.6688548573105165e-05,nan,nan,nan,nan
30564,305.651999999,,305.65199999916996,False,8.361814469274725,5.37692119154382e-05,-7.670596801054351e-05,4.668084376464717e-05,nan,nan,nan,nan
30565,305.660999999,,305.6609999991699,False,8.361814469274725,5.376033960069499e-05,-7.66933109121012e-05,4.66731403540708e-05,nan,nan,nan,nan
30566,305.672999999,,305.67299999916986,False,8.361814469274726,5.374851099485881e-05,-7.667643648797948e-05,4.666287106898155e-05,nan,nan,nan,nan
30567,305.681999999,,305.6819999991698,False,8.361814469274726,5.373963740329561e-05,-7.666377781866388e-05,4.665517048048126e-05,nan,nan,nan,nan
30568,305.690999999,,305.6909999991698,False,8.361814469274726,5.3730770180903065e-05,-7.665112800036758e-05,4.664747128986263e-05,nan,nan,nan,nan
30569,305.702999999,,305.7029999991697,False,8.361814469274728,5.3718948343562794e-05,-7.663426324499085e-05,4.6637207627608887e-05,nan,nan,nan,nan
30570,305.711999999,,305.7119999991697,False,8.36181446927473,5.3710079815956184e-05,-7.662161180265849e-05,4.662951125473645e-05,nan,nan,nan,nan
30571,305.720999999,,305.72099999916963,False,8.361814469274728,5.37012176422712e-05,-7.66089691853899e-05,4.662181627741417e-05,nan,nan,nan,nan
30572,305.732999999,,305.7329999991696,False,8.36181446927473,5.368940251882233e-05,-7.65921139997349e-05,4.6611558231667676e-05,nan,nan,nan,nan
30573,305.741999999,,305.74199999916954,False,8.361814469274732,5.3680539014130457e-05,-7.657946971487196e-05,4.6603866072091614e-05,nan,nan,nan,nan
30574,305.750999999,,305.7509999991695,False,8.361814469274732,5.3671681849056805e-05,-7.656683423167278e-05,4.659617530373582e-05,nan,nan,nan,nan
30575,305.762999999,,305.76299999916944,False,8.361814469274732,5.3659873384489875e-05,-7.654998853023333e-05,4.658592287149894e-05,nan,nan,nan,nan
30576,305.771999999,,305.7719999991694,False,8.361814469274735,5.3651014861380855e-05,-7.653735134010766e-05,4.657823491622643e-05,nan,nan,nan,nan
30577,305.780999999,,305.78099999916935,False,8.361814469274735,5.364216266208907e-05,-7.652472292983462e-05,4.657054835483873e-05,nan,nan,nan,nan
30578,305.792999999,,305.7929999991693,False,8.361814469274735,5.363036079925281e-05,-7.650788663176173e-05,4.656030152845098e-05,nan,nan,nan,nan
30579,305.801999999,,305.80199999916925,False,8.361814469274737,5.362150721495065e-05,-7.649525647621091e-05,4.655261777948042e-05,nan,nan,nan,nan
30580,305.810999999,,305.8109999991692,False,8.361814469274737,5.361265993843191e-05,-7.648263507968452e-05,4.654493542239628e-05,nan,nan,nan,nan
30581,305.822999999,,305.82299999916916,False,8.361814469274737,5.360086462048025e-05,-7.646580810775967e-05,4.653469419719471e-05,nan,nan,nan,nan
30582,305.831999999,,305.8319999991691,False,8.361814469274739,5.359201593288223e-05,-7.645318493087311e-05,4.652701464753171e-05,nan,nan,nan,nan
30583,305.840999999,,305.84099999916907,False,8.36181446927474,5.35831735391205e-05,-7.64405704936771e-05,4.6519336491087394e-05,nan,nan,nan,nan
30584,305.852999999,,305.852999999169,False,8.361814469274739,5.357138471591686e-05,-7.642375277913096e-05,4.6509100864407455e-05,nan,nan,nan,nan
30585,305.861999999,,305.861999999169,False,8.36181446927474,5.3562540890321756e-05,-7.641113653240669e-05,4.6501425515051235e-05,nan,nan,nan,nan
30586,305.870999999,,305.87099999916893,False,8.361814469274744,5.355370334690803e-05,-7.6398529009317e-05,4.6493751555249956e-05,nan,nan,nan,nan
30587,305.882999999,,305.8829999991689,False,8.361814469274742,5.354192097914743e-05,-7.638172049680573e-05,4.6483521527424716e-05,nan,nan,nan,nan
30588,305.891999999,,305.89199999916883,False,8.361814469274744,5.3533081989225905e-05,-7.636911114290975e-05,4.647585037437846e-05,nan,nan,nan,nan
30589,305.900999999,,305.9009999991688,False,8.361814469274744,5.3524249273096045e-05,-7.635651050027813e-05,4.646818061388475e-05,nan,nan,nan,nan
30590,305.912999999,,305.91299999916873,False,8.361814469274746,5.3512473334126755e-05,-7.633971115144372e-05,4.645795618224968e-05,nan,nan,nan,nan
30591,305.921999999,,305.9219999991687,False,8.361814469274746,5.3503639163187146e-05,-7.632710866603563e-05,4.6450289225846456e-05,nan,nan,nan,nan
30592,305.930999999,,305.93099999916865,False,8.361814469274746,5.3494811259634557e-05,-7.631451488348901e-05,4.644262365833202e-05,nan,nan,nan,nan
30593,305.942999999,,305.9429999991686,False,8.361814469274748,5.348304173422248e-05,-7.62977246762307e-05,4.643240481889033e-05,nan,nan,nan,nan
30594,305.951999999,,305.95199999916855,False,8.361814469274748,5.3474212372817333e-05,-7.628512904675926e-05,4.64247420564656e-05,nan,nan,nan,nan
30595,305.960999999,,305.9609999991685,False,8.361814469274748,5.3465389274972964e-05,-7.627254211443328e-05,4.641708068759262e-05,nan,nan,nan,nan
30596,305.972999999,,305.97299999916845,False,8.36181446927475,5.345362615606467e-05,-7.625576104007617e-05,4.64068674413435e-05,nan,nan,nan,nan
30597,305.981999999,,305.9819999991684,False,8.36181446927475,5.3444801600747015e-05,-7.62431722629698e-05,4.639920887456259e-05,nan,nan,nan,nan
30598,305.990999999,,305.99099999916837,False,8.361814469274751,5.343598330623312e-05,-7.623059217961016e-05,4.639155169633745e-05,nan,nan,nan,nan
30599,306.002999999,,306.0029999991683,False,8.361814469274751,5.3424226592535285e-05,-7.62138202391098e-05,4.638134404261477e-05,nan,nan,nan,nan
30600,306.011999999,,306.01199999916827,False,8.361814469274753,5.3415406843915026e-05,-7.62012383165554e-05,4.637368966914622e-05,nan,nan,nan,nan
30601,306.020999999,,306.0209999991682,False,8.361814469274753,5.3406593354172345e-05,-7.618866508537665e-05,4.636603668290117e-05,nan,nan,nan,nan
30602,306.032999999,,306.03299999916817,False,8.361814469274755,5.339484304883115e-05,-7.617190228505455e-05,4.6355834617708135e-05,nan,nan,nan,nan
30548,305.492999999,,305.4929999991707,False,8.361814469274714,5.3926248224652426e-05,-7.692999281837496e-05,4.681714790828999e-05,nan,nan,nan,nan
30549,305.501999999,,305.50199999917066,False,8.361814469274714,5.391734363476273e-05,-7.691728989866895e-05,4.680942187048039e-05,nan,nan,nan,nan
30550,305.510999999,,305.5109999991706,False,8.361814469274714,5.390844538882213e-05,-7.690459577322463e-05,4.680169724753878e-05,nan,nan,nan,nan
30551,305.522999999,,305.52299999917057,False,8.361814469274716,5.3896582166153216e-05,-7.68876718825433e-05,4.679139969872477e-05,nan,nan,nan,nan
30552,305.531999999,,305.5319999991705,False,8.361814469274716,5.388768260484837e-05,-7.687497607933014e-05,4.678367792783526e-05,nan,nan,nan,nan
30553,305.540999999,,305.5409999991705,False,8.361814469274716,5.387878945361455e-05,-7.68622891684994e-05,4.677595756681777e-05,nan,nan,nan,nan
30554,305.552999999,,305.5529999991704,False,8.361814469274718,5.386693310939981e-05,-7.684537503428004e-05,4.676566569479608e-05,nan,nan,nan,nan
30555,305.561999999,,305.5619999991704,False,8.361814469274718,5.38580387568209e-05,-7.683268663271455e-05,4.675794817817016e-05,nan,nan,nan,nan
30556,305.570999999,,305.57099999917034,False,8.361814469274718,5.384915083896738e-05,-7.682000717191535e-05,4.675023206875174e-05,nan,nan,nan,nan
30557,305.582999999,,305.5829999991703,False,8.36181446927472,5.3837301497062504e-05,-7.680310302595503e-05,4.6739945860532815e-05,nan,nan,nan,nan
30558,305.591999999,,305.59199999917024,False,8.361814469274721,5.382841240341076e-05,-7.679042214101938e-05,4.673223258784545e-05,nan,nan,nan,nan
30559,305.600999999,,305.6009999991702,False,8.361814469274721,5.381952973801579e-05,-7.677775019758507e-05,4.672452071970105e-05,nan,nan,nan,nan
30560,305.612999999,,305.61299999917014,False,8.361814469274723,5.380768738379736e-05,-7.676085606612244e-05,4.671424016396065e-05,nan,nan,nan,nan
30561,305.621999999,,305.6219999991701,False,8.361814469274723,5.3798803516618675e-05,-7.674818267697681e-05,4.670653112688517e-05,nan,nan,nan,nan
30562,305.630999999,,305.63099999917006,False,8.361814469274723,5.378992605701829e-05,-7.673551820334876e-05,4.669882348869052e-05,nan,nan,nan,nan
30563,305.642999999,,305.64299999917,False,8.361814469274723,5.377809061684512e-05,-7.671863399085488e-05,4.6688548573105165e-05,nan,nan,nan,nan
30564,305.651999999,,305.65199999916996,False,8.361814469274725,5.37692119154382e-05,-7.670596801054351e-05,4.668084376464717e-05,nan,nan,nan,nan
30565,305.660999999,,305.6609999991699,False,8.361814469274725,5.376033960069499e-05,-7.66933109121012e-05,4.66731403540708e-05,nan,nan,nan,nan
30566,305.672999999,,305.67299999916986,False,8.361814469274726,5.374851099485881e-05,-7.667643648797948e-05,4.666287106898155e-05,nan,nan,nan,nan
30567,305.681999999,,305.6819999991698,False,8.361814469274726,5.373963740329561e-05,-7.666377781866388e-05,4.665517048048126e-05,nan,nan,nan,nan
30568,305.690999999,,305.6909999991698,False,8.361814469274726,5.3730770180903065e-05,-7.665112800036758e-05,4.664747128986263e-05,nan,nan,nan,nan
30569,305.702999999,,305.7029999991697,False,8.361814469274728,5.3718948343562794e-05,-7.663426324499085e-05,4.6637207627608887e-05,nan,nan,nan,nan
30570,305.711999999,,305.7119999991697,False,8.36181446927473,5.3710079815956184e-05,-7.662161180265849e-05,4.662951125473645e-05,nan,nan,nan,nan
30571,305.720999999,,305.72099999916963,False,8.361814469274728,5.37012176422712e-05,-7.66089691853899e-05,4.662181627741417e-05,nan,nan,nan,nan
30572,305.732999999,,305.7329999991696,False,8.36181446927473,5.368940251882233e-05,-7.65921139997349e-05,4.6611558231667676e-05,nan,nan,nan,nan
30573,305.741999999,,305.74199999916954,False,8.361814469274732,5.3680539014130457e-05,-7.657946971487196e-05,4.6603866072091614e-05,nan,nan,nan,nan
30574,305.750999999,,305.7509999991695,False,8.361814469274732,5.3671681849056805e-05,-7.656683423167278e-05,4.659617530373582e-05,nan,nan,nan,nan
30575,305.762999999,,305.76299999916944,False,8.361814469274732,5.3659873384489875e-05,-7.654998853023333e-05,4.658592287149894e-05,nan,nan,nan,nan
30576,305.771999999,,305.7719999991694,False,8.361814469274735,5.3651014861380855e-05,-7.653735134010766e-05,4.657823491622643e-05,nan,nan,nan,nan
30577,305.780999999,,305.78099999916935,False,8.361814469274735,5.364216266208907e-05,-7.652472292983462e-05,4.657054835483873e-05,nan,nan,nan,nan
30578,305.792999999,,305.7929999991693,False,8.361814469274735,5.363036079925281e-05,-7.650788663176173e-05,4.656030152845098e-05,nan,nan,nan,nan
30579,305.801999999,,305.80199999916925,False,8.361814469274737,5.362150721495065e-05,-7.649525647621091e-05,4.655261777948042e-05,nan,nan,nan,nan
30580,305.810999999,,305.8109999991692,False,8.361814469274737,5.361265993843191e-05,-7.648263507968452e-05,4.654493542239628e-05,nan,nan,nan,nan
30581,305.822999999,,305.82299999916916,False,8.361814469274737,5.360086462048025e-05,-7.646580810775967e-05,4.653469419719471e-05,nan,nan,nan,nan
30582,305.831999999,,305.8319999991691,False,8.361814469274739,5.359201593288223e-05,-7.645318493087311e-05,4.652701464753171e-05,nan,nan,nan,nan
30583,305.840999999,,305.84099999916907,False,8.36181446927474,5.35831735391205e-05,-7.64405704936771e-05,4.6519336491087394e-05,nan,nan,nan,nan
30584,305.852999999,,305.852999999169,False,8.361814469274739,5.357138471591686e-05,-7.642375277913096e-05,4.6509100864407455e-05,nan,nan,nan,nan
30585,305.861999999,,305.861999999169,False,8.36181446927474,5.3562540890321756e-05,-7.641113653240669e-05,4.6501425515051235e-05,nan,nan,nan,nan
30586,305.870999999,,305.87099999916893,False,8.361814469274744,5.355370334690803e-05,-7.6398529009317e-05,4.6493751555249956e-05,nan,nan,nan,nan
30587,305.882999999,,305.8829999991689,False,8.361814469274742,5.354192097914743e-05,-7.638172049680573e-05,4.6483521527424716e-05,nan,nan,nan,nan
30588,305.891999999,,305.89199999916883,False,8.361814469274744,5.3533081989225905e-05,-7.636911114290975e-05,4.647585037437846e-05,nan,nan,nan,nan
30589,305.900999999,,305.9009999991688,False,8.361814469274744,5.3524249273096045e-05,-7.635651050027813e-05,4.646818061388475e-05,nan,nan,nan,nan
30590,305.912999999,,305.91299999916873,False,8.361814469274746,5.3512473334126755e-05,-7.633971115144372e-05,4.645795618224968e-05,nan,nan,nan,nan
30591,305.921999999,,305.9219999991687,False,8.361814469274746,5.3503639163187146e-05,-7.632710866603563e-05,4.6450289225846456e-05,nan,nan,nan,nan
30592,305.930999999,,305.93099999916865,False,8.361814469274746,5.3494811259634557e-05,-7.631451488348901e-05,4.644262365833202e-05,nan,nan,nan,nan
30593,305.942999999,,305.9429999991686,False,8.361814469274748,5.348304173422248e-05,-7.62977246762307e-05,4.643240481889033e-05,nan,nan,nan,nan
30594,305.951999999,,305.95199999916855,False,8.361814469274748,5.3474212372817333e-05,-7.628512904675926e-05,4.64247420564656e-05,nan,nan,nan,nan
30595,305.960999999,,305.9609999991685,False,8.361814469274748,5.3465389274972964e-05,-7.627254211443328e-05,4.641708068759262e-05,nan,nan,nan,nan
30596,305.972999999,,305.97299999916845,False,8.36181446927475,5.345362615606467e-05,-7.625576104007617e-05,4.64068674413435e-05,nan,nan,nan,nan
30597,305.981999999,,305.9819999991684,False,8.36181446927475,5.3444801600747015e-05,-7.62431722629698e-05,4.639920887456259e-05,nan,nan,nan,nan
30598,305.990999999,,305.99099999916837,False,8.361814469274751,5.343598330623312e-05,-7.623059217961016e-05,4.639155169633745e-05,nan,nan,nan,nan
30599,306.002999999,,306.0029999991683,False,8.361814469274751,5.3424226592535285e-05,-7.62138202391098e-05,4.638134404261477e-05,nan,nan,nan,nan
30600,306.011999999,,306.01199999916827,False,8.361814469274753,5.3415406843915026e-05,-7.62012383165554e-05,4.637368966914622e-05,nan,nan,nan,nan
30601,306.020999999,,306.0209999991682,False,8.361814469274753,5.3406593354172345e-05,-7.618866508537665e-05,4.636603668290117e-05,nan,nan,nan,nan
30602,306.032999999,,306.03299999916817,False,8.361814469274755,5.339484304883115e-05,-7.617190228505455e-05,4.6355834617708135e-05,nan,nan,nan,nan
30603,306.041999999,,306.0419999991681,False,8.361814469274755,5.338602810974172e-05,-7.615932722297502e-05,4.634818443721889e-05,nan,nan,nan,nan
30604,306.050999999,,306.0509999991681,False,8.361814469274755,5.337721942782145e-05,-7.614676085128908e-05,4.6340535643287016e-05,nan,nan,nan,nan
30605,306.062999999,,306.062999999168,False,8.361814469274757,5.33654755359684e-05,-7.613000720139247e-05,4.633033916695668e-05,nan,nan,nan,nan
30606,306.071999999,,306.071999999168,False,8.361814469274758,5.3356665411062204e-05,-7.61174390077334e-05,4.632269317911368e-05,nan,nan,nan,nan
30607,306.080999999,,306.08099999916794,False,8.361814469274758,5.3347861542159475e-05,-7.610487950334368e-05,4.6315048576495744e-05,nan,nan,nan,nan
30608,306.092999999,,306.0929999991679,False,8.361814469274758,5.333612407099491e-05,-7.608813501464932e-05,4.630485768969427e-05,nan,nan,nan,nan
30609,306.101999999,,306.10199999916784,False,8.36181446927476,5.3327318765434085e-05,-7.607557369785184e-05,4.629721589216603e-05,nan,nan,nan,nan
30610,306.110999999,,306.1109999991678,False,8.36181446927476,5.3318519715088667e-05,-7.606302106903281e-05,4.628957548086206e-05,nan,nan,nan,nan
30611,306.122999999,,306.12299999916775,False,8.361814469274762,5.330678867169892e-05,-7.604628575257523e-05,4.6279390182923306e-05,nan,nan,nan,nan
30612,306.131999999,,306.1319999991677,False,8.361814469274762,5.329798819114343e-05,-7.603373132056275e-05,4.62717525760429e-05,nan,nan,nan,nan
30613,306.140999999,,306.14099999916766,False,8.361814469274764,5.328919396459669e-05,-7.602118557502464e-05,4.6264116356385955e-05,nan,nan,nan,nan
30614,306.152999999,,306.1529999991676,False,8.361814469274764,5.327746935585076e-05,-7.600445944039836e-05,4.6253936645644555e-05,nan,nan,nan,nan
30615,306.161999999,,306.16199999916756,False,8.361814469274766,5.3268673705046156e-05,-7.599191189982597e-05,4.624630322941199e-05,nan,nan,nan,nan
30616,306.170999999,,306.1709999991675,False,8.361814469274766,5.3259884306746454e-05,-7.597937304396568e-05,4.6238671200069815e-05,nan,nan,nan,nan
30617,306.182999999,,306.18299999916746,False,8.361814469274766,5.324816613789019e-05,-7.596265609893968e-05,4.622849707819115e-05,nan,nan,nan,nan
30618,306.191999999,,306.1919999991674,False,8.361814469274766,5.3239375319862194e-05,-7.595011545523933e-05,4.622086785194027e-05,nan,nan,nan,nan
30619,306.200999999,,306.2009999991674,False,8.361814469274766,5.323059075306745e-05,-7.593758349365068e-05,4.621324001158061e-05,nan,nan,nan,nan
30620,306.212999999,,306.2129999991673,False,8.361814469274767,5.321887902788386e-05,-7.592087574363449e-05,4.6203071470237956e-05,nan,nan,nan,nan
30621,306.221999999,,306.2219999991673,False,8.361814469274767,5.321009304546169e-05,-7.590834200001382e-05,4.61954464306381e-05,nan,nan,nan,nan
30622,306.230999999,,306.23099999916724,False,8.361814469274767,5.3201313312020806e-05,-7.589581693551681e-05,4.618782278059321e-05,nan,nan,nan,nan
30623,306.242999999,,306.2429999991672,False,8.361814469274767,5.318960803192752e-05,-7.58791183832275e-05,4.617765982644793e-05,nan,nan,nan,nan
30624,306.251999999,,306.25199999916714,False,8.361814469274767,5.3180826885955326e-05,-7.5866591541026e-05,4.617003897616365e-05,nan,nan,nan,nan
30625,306.260999999,,306.2609999991671,False,8.361814469274767,5.3172051986251e-05,-7.585407337422715e-05,4.616241951143751e-05,nan,nan,nan,nan
30626,306.272999999,,306.27299999916704,False,8.36181446927477,5.3160353152496666e-05,-7.583738401918448e-05,4.615226213816132e-05,nan,nan,nan,nan
30627,306.281999999,,306.281999999167,False,8.36181446927477,5.315157684285324e-05,-7.582486407752593e-05,4.614464547286272e-05,nan,nan,nan,nan
30628,306.290999999,,306.29099999916696,False,8.361814469274771,5.31428067765222e-05,-7.581235280719923e-05,4.613703019445453e-05,nan,nan,nan,nan
30629,306.302999999,,306.3029999991669,False,8.361814469274773,5.313111438732637e-05,-7.579567264720623e-05,4.6126878402380535e-05,nan,nan,nan,nan
30630,306.311999999,,306.31199999916686,False,8.361814469274773,5.312234291251034e-05,-7.578315960395248e-05,4.611926592140149e-05,nan,nan,nan,nan
30631,306.320999999,,306.3209999991668,False,8.361814469274774,5.311357767786135e-05,-7.577065522728777e-05,4.6111654828312064e-05,nan,nan,nan,nan
30632,306.332999999,,306.33299999916676,False,8.361814469274774,5.3101891730316736e-05,-7.575398425813041e-05,4.6101508615774895e-05,nan,nan,nan,nan
30633,306.341999999,,306.3419999991667,False,8.361814469274776,5.309312508805008e-05,-7.57414781092355e-05,4.609390031978156e-05,nan,nan,nan,nan
30634,306.350999999,,306.3509999991667,False,8.361814469274776,5.308436468233788e-05,-7.572898062206303e-05,4.608629341034555e-05,nan,nan,nan,nan
30635,306.362999999,,306.3629999991666,False,8.361814469274778,5.3072685172346915e-05,-7.571231883769736e-05,4.60761527753468e-05,nan,nan,nan,nan
30636,306.371999999,,306.3719999991666,False,8.361814469274778,5.306392335949282e-05,-7.569981957846909e-05,4.6068548663673014e-05,nan,nan,nan,nan
30637,306.380999999,,306.38099999916653,False,8.36181446927478,5.3055167779330406e-05,-7.568732897575173e-05,4.6060945936558165e-05,nan,nan,nan,nan
30638,306.392999999,,306.3929999991665,False,8.36181446927478,5.304349470268844e-05,-7.567067636903433e-05,4.6050810879764005e-05,nan,nan,nan,nan
30639,306.401999999,,306.40199999916643,False,8.361814469274782,5.3034737715586956e-05,-7.565818399410503e-05,4.604321094774683e-05,nan,nan,nan,nan
30640,306.410999999,,306.4109999991664,False,8.361814469274782,5.302598695730427e-05,-7.56457002704676e-05,4.6035612400621664e-05,nan,nan,nan,nan
30641,306.422999999,,306.42299999916634,False,8.361814469274783,5.3014320308566615e-05,-7.562905683411398e-05,4.602548291503765e-05,nan,nan,nan,nan
30642,306.431999999,,306.4319999991663,False,8.361814469274783,5.300556814334755e-05,-7.56165713376986e-05,4.601788716467551e-05,nan,nan,nan,nan
30643,306.440999999,,306.44099999916625,False,8.361814469274785,5.2996822202984975e-05,-7.560409448717541e-05,4.601029279620776e-05,nan,nan,nan,nan
30644,306.452999999,,306.4529999991662,False,8.361814469274787,5.298516197712392e-05,-7.558746021324661e-05,4.600016888250005e-05,nan,nan,nan,nan
30645,306.461999999,,306.46199999916615,False,8.361814469274785,5.2976414629625856e-05,-7.557498158975783e-05,4.599257730912997e-05,nan,nan,nan,nan
30646,306.470999999,,306.4709999991661,False,8.361814469274787,5.2967673503440785e-05,-7.556251160688247e-05,4.598498712031888e-05,nan,nan,nan,nan
30647,306.482999999,,306.48299999916605,False,8.361814469274787,5.295601969560176e-05,-7.5545886487925e-05,4.597486877515677e-05,nan,nan,nan,nan
30648,306.491999999,,306.491999999166,False,8.361814469274789,5.294727716259922e-05,-7.553341473153298e-05,4.5967281376780385e-05,nan,nan,nan,nan
30649,306.500999999,,306.50099999916597,False,8.361814469274787,5.293854084724955e-05,-7.55209516102679e-05,4.595969536362909e-05,nan,nan,nan,nan
30650,306.512999999,,306.5129999991659,False,8.36181446927479,5.292689345203139e-05,-7.550433563861437e-05,4.594958258501421e-05,nan,nan,nan,nan
30651,306.521999999,,306.52199999916587,False,8.361814469274792,5.291815572955819e-05,-7.549187074360274e-05,4.5941999362297654e-05,nan,nan,nan,nan
30652,306.530999999,,306.53099999916583,False,8.361814469274792,5.290942422053438e-05,-7.547941447871273e-05,4.593441752047629e-05,nan,nan,nan,nan
30653,306.542999999,,306.5429999991658,False,8.361814469274794,5.2897783233008986e-05,-7.546280764716404e-05,4.592431030641024e-05,nan,nan,nan,nan
30654,306.551999999,,306.55199999916573,False,8.361814469274794,5.288905031692057e-05,-7.545034960834294e-05,4.5916731256022815e-05,nan,nan,nan,nan
30655,306.560999999,,306.5609999991657,False,8.361814469274796,5.288032361070843e-05,-7.543790019435842e-05,4.5909153585531415e-05,nan,nan,nan,nan
30656,306.572999999,,306.57299999916563,False,8.361814469274796,5.28686890261165e-05,-7.542130249599651e-05,4.589905193301659e-05,nan,nan,nan,nan
30657,306.581999999,,306.5819999991656,False,8.361814469274796,5.285996091275332e-05,-7.54088513084683e-05,4.589147705062846e-05,nan,nan,nan,nan
30658,306.590999999,,306.59099999916555,False,8.361814469274796,5.285123900579478e-05,-7.539640874074604e-05,4.5883903548469396e-05,nan,nan,nan,nan
30659,306.602999999,,306.6029999991655,False,8.361814469274796,5.283961081973291e-05,-7.537982016943128e-05,4.587380745417512e-05,nan,nan,nan,nan
30660,306.611999999,,306.61199999916545,False,8.361814469274796,5.283088750616555e-05,-7.53673758287839e-05,4.5866236743449996e-05,nan,nan,nan,nan
30661,306.620999999,,306.6209999991654,False,8.3618144692748,5.282217039557956e-05,-7.535494010289891e-05,4.5858667410622496e-05,nan,nan,nan,nan
30662,306.632999999,,306.63299999916535,False,8.3618144692748,5.28105486031187e-05,-7.53383606532651e-05,4.584857687021889e-05,nan,nan,nan,nan
30663,306.641999999,,306.6419999991653,False,8.3618144692748,5.2801830086125357e-05,-7.532592315510733e-05,4.584101032382932e-05,nan,nan,nan,nan
30664,306.650999999,,306.65099999916526,False,8.3618144692748,5.2793117768501874e-05,-7.531349426694137e-05,4.5833445155337356e-05,nan,nan,nan,nan
30665,306.662999999,,306.6629999991652,False,8.361814469274801,5.2781502366499496e-05,-7.529692393308442e-05,4.582336016815829e-05,nan,nan,nan,nan
30666,306.671999999,,306.67199999916517,False,8.361814469274801,5.277278864325335e-05,-7.528449327343124e-05,4.581579778343973e-05,nan,nan,nan,nan
30667,306.680999999,,306.6809999991651,False,8.361814469274803,5.276408111607967e-05,-7.527207121896963e-05,4.580823677861718e-05,nan,nan,nan,nan
30668,306.692999999,,306.69299999916507,False,8.361814469274801,5.2752472100349596e-05,-7.52555099961023e-05,4.579815733999973e-05,nan,nan,nan,nan
30669,306.701999999,,306.701999999165,False,8.361814469274803,5.274376316831368e-05,-7.524308617123354e-05,4.579059911961671e-05,nan,nan,nan,nan
30670,306.710999999,,306.710999999165,False,8.361814469274803,5.273506042909288e-05,-7.52306709467828e-05,4.578304227479982e-05,nan,nan,nan,nan
30671,306.722999999,,306.7229999991649,False,8.361814469274805,5.272345779659275e-05,-7.521411883003609e-05,4.5772968382745596e-05,nan,nan,nan,nan
30672,306.731999999,,306.7319999991649,False,8.361814469274805,5.271475365296247e-05,-7.520170183656693e-05,4.5765414321035955e-05,nan,nan,nan,nan
30673,306.740999999,,306.74099999916484,False,8.361814469274806,5.270605569878032e-05,-7.518929343892819e-05,4.575786163522554e-05,nan,nan,nan,nan
30674,306.752999999,,306.7529999991648,False,8.361814469274806,5.269445944610455e-05,-7.51727504236403e-05,4.574779328773615e-05,nan,nan,nan,nan
30675,306.761999999,,306.76199999916474,False,8.361814469274806,5.268576008893423e-05,-7.516034025777182e-05,4.5740243380036975e-05,nan,nan,nan,nan
30676,306.770999999,,306.7709999991647,False,8.361814469274806,5.2677066917781535e-05,-7.514793868313456e-05,4.573269484923624e-05,nan,nan,nan,nan
30677,306.782999999,,306.78299999916464,False,8.361814469274808,5.266547704227606e-05,-7.513140476436913e-05,4.572263204098255e-05,nan,nan,nan,nan
30678,306.791999999,,306.7919999991646,False,8.36181446927481,5.2656782468776295e-05,-7.511900142278918e-05,4.571508628929227e-05,nan,nan,nan,nan
30679,306.800999999,,306.80099999916456,False,8.361814469274808,5.264809407807343e-05,-7.510660666781511e-05,4.5707541911835875e-05,nan,nan,nan,nan
30680,306.812999999,,306.8129999991645,False,8.36181446927481,5.263651057562072e-05,-7.50900818416037e-05,4.5697484640153394e-05,nan,nan,nan,nan
30681,306.821999999,,306.82199999916446,False,8.361814469274812,5.2627820783872864e-05,-7.507768532074826e-05,4.56899430381437e-05,nan,nan,nan,nan
30682,306.830999999,,306.8309999991644,False,8.36181446927481,5.26191371711531e-05,-7.506529738208437e-05,4.5682402814697777e-05,nan,nan,nan,nan
30683,306.842999999,,306.84299999916436,False,8.361814469274812,5.260756003943559e-05,-7.504878164323254e-05,4.56723510752566e-05,nan,nan,nan,nan
30684,306.851999999,,306.8519999991643,False,8.361814469274812,5.2598875025980574e-05,-7.503639194017495e-05,4.566481362392672e-05,nan,nan,nan,nan
30685,306.860999999,,306.8609999991643,False,8.361814469274814,5.259019618890667e-05,-7.502401081421791e-05,4.565727754616459e-05,nan,nan,nan,nan
30686,306.872999999,,306.8729999991642,False,8.361814469274814,5.2578625423498544e-05,-7.500750415861184e-05,4.564723133829865e-05,nan,nan,nan,nan
30687,306.881999999,,306.8819999991642,False,8.361814469274815,5.2569945186720223e-05,-7.499512126940092e-05,4.563969803565015e-05,nan,nan,nan,nan
30688,306.890999999,,306.89099999916414,False,8.361814469274815,5.256127112258354e-05,-7.498274695289561e-05,4.563216610590328e-05,nan,nan,nan,nan
30689,306.902999999,,306.9029999991641,False,8.361814469274817,5.254970672083402e-05,-7.49662493758223e-05,4.56221254279472e-05,nan,nan,nan,nan
30690,306.911999999,,306.91199999916404,False,8.361814469274817,5.2541031257990835e-05,-7.495387329715329e-05,4.561459626898413e-05,nan,nan,nan,nan
30691,306.920999999,,306.920999999164,False,8.361814469274817,5.2532361964372955e-05,-7.494150578669524e-05,4.560706848159038e-05,nan,nan,nan,nan
30692,306.932999999,,306.93299999916394,False,8.361814469274819,5.252080392291661e-05,-7.492501728349437e-05,4.559703332654974e-05,nan,nan,nan,nan
30693,306.941999999,,306.9419999991639,False,8.361814469274819,5.251213323135654e-05,-7.49126480121001e-05,4.558950830993978e-05,nan,nan,nan,nan
30694,306.950999999,,306.95099999916386,False,8.361814469274819,5.250346870579839e-05,-7.490028730407213e-05,4.5581984664233033e-05,nan,nan,nan,nan
30695,306.962999999,,306.9629999991638,False,8.36181446927482,5.2491917021539314e-05,-7.488380786996519e-05,4.557195502777799e-05,nan,nan,nan,nan
30696,306.971999999,,306.97199999916376,False,8.36181446927482,5.248325109929863e-05,-7.487144540188192e-05,4.5564434150523555e-05,nan,nan,nan,nan
30697,306.980999999,,306.9809999991637,False,8.36181446927482,5.247459133953734e-05,-7.485909149245567e-05,4.555691464383925e-05,nan,nan,nan,nan
30698,306.992999999,,306.99299999916366,False,8.361814469274822,5.246304600894913e-05,-7.48426211224507e-05,4.5546890525969806e-05,nan,nan,nan,nan
30699,307.001999999,,307.0019999991636,False,8.361814469274822,5.245438485313427e-05,-7.483026545402055e-05,4.553937378673864e-05,nan,nan,nan,nan
30700,307.010999999,,307.0109999991636,False,8.361814469274822,5.244572985634957e-05,-7.481791833973149e-05,4.553185841674532e-05,nan,nan,nan,nan
30701,307.022999999,,307.0229999991635,False,8.361814469274824,5.243419087617105e-05,-7.48014570288813e-05,4.552183981446386e-05,nan,nan,nan,nan
30702,307.031999999,,307.0319999991635,False,8.361814469274826,5.2425534484171264e-05,-7.478910815646441e-05,4.5514327209259164e-05,nan,nan,nan,nan
30703,307.040999999,,307.04099999916343,False,8.361814469274826,5.241688424799056e-05,-7.477676783329912e-05,4.550681597362536e-05,nan,nan,nan,nan
30704,307.052999999,,307.0529999991634,False,8.361814469274826,5.240535161442752e-05,-7.476031557669826e-05,4.5496802880603594e-05,nan,nan,nan,nan
30705,307.061999999,,307.06199999916333,False,8.361814469274826,5.2396699983770875e-05,-7.474797349647688e-05,4.548929440942536e-05,nan,nan,nan,nan
30706,307.070999999,,307.0709999991633,False,8.361814469274828,5.2388054505502393e-05,-7.47356399610191e-05,4.54817873041543e-05,nan,nan,nan,nan
30707,307.082999999,,307.08299999916323,False,8.361814469274828,5.237652821566145e-05,-7.47191967536004e-05,4.547177972072533e-05,nan,nan,nan,nan
30708,307.091999999,,307.0919999991632,False,8.36181446927483,5.236788134402311e-05,-7.47068614619454e-05,4.546427537857752e-05,nan,nan,nan,nan
30709,307.100999999,,307.10099999916315,False,8.361814469274831,5.23592406212277e-05,-7.469453471046614e-05,4.5456772403336095e-05,nan,nan,nan,nan
30710,307.112999999,,307.1129999991631,False,8.361814469274831,5.2347720671130464e-05,-7.467810054783623e-05,4.544677032383778e-05,nan,nan,nan,nan
30711,307.121999999,,307.12199999916305,False,8.36181446927483,5.2339078555452455e-05,-7.466577204130978e-05,4.543927010905508e-05,nan,nan,nan,nan
30712,307.130999999,,307.130999999163,False,8.361814469274833,5.2330442585291125e-05,-7.465345207001988e-05,4.543177126151184e-05,nan,nan,nan,nan
30603,306.041999999,,306.0419999991681,False,8.361814469274755,5.338602810974172e-05,-7.615932722297502e-05,4.634818443721889e-05,nan,nan,nan,nan
30604,306.050999999,,306.0509999991681,False,8.361814469274755,5.337721942782145e-05,-7.614676085128908e-05,4.6340535643287016e-05,nan,nan,nan,nan
30605,306.062999999,,306.062999999168,False,8.361814469274757,5.33654755359684e-05,-7.613000720139247e-05,4.633033916695668e-05,nan,nan,nan,nan
30606,306.071999999,,306.071999999168,False,8.361814469274758,5.3356665411062204e-05,-7.61174390077334e-05,4.632269317911368e-05,nan,nan,nan,nan
30607,306.080999999,,306.08099999916794,False,8.361814469274758,5.3347861542159475e-05,-7.610487950334368e-05,4.6315048576495744e-05,nan,nan,nan,nan
30608,306.092999999,,306.0929999991679,False,8.361814469274758,5.333612407099491e-05,-7.608813501464932e-05,4.630485768969427e-05,nan,nan,nan,nan
30609,306.101999999,,306.10199999916784,False,8.36181446927476,5.3327318765434085e-05,-7.607557369785184e-05,4.629721589216603e-05,nan,nan,nan,nan
30610,306.110999999,,306.1109999991678,False,8.36181446927476,5.3318519715088667e-05,-7.606302106903281e-05,4.628957548086206e-05,nan,nan,nan,nan
30611,306.122999999,,306.12299999916775,False,8.361814469274762,5.330678867169892e-05,-7.604628575257523e-05,4.6279390182923306e-05,nan,nan,nan,nan
30612,306.131999999,,306.1319999991677,False,8.361814469274762,5.329798819114343e-05,-7.603373132056275e-05,4.62717525760429e-05,nan,nan,nan,nan
30613,306.140999999,,306.14099999916766,False,8.361814469274764,5.328919396459669e-05,-7.602118557502464e-05,4.6264116356385955e-05,nan,nan,nan,nan
30614,306.152999999,,306.1529999991676,False,8.361814469274764,5.327746935585076e-05,-7.600445944039836e-05,4.6253936645644555e-05,nan,nan,nan,nan
30615,306.161999999,,306.16199999916756,False,8.361814469274766,5.3268673705046156e-05,-7.599191189982597e-05,4.624630322941199e-05,nan,nan,nan,nan
30616,306.170999999,,306.1709999991675,False,8.361814469274766,5.3259884306746454e-05,-7.597937304396568e-05,4.6238671200069815e-05,nan,nan,nan,nan
30617,306.182999999,,306.18299999916746,False,8.361814469274766,5.324816613789019e-05,-7.596265609893968e-05,4.622849707819115e-05,nan,nan,nan,nan
30618,306.191999999,,306.1919999991674,False,8.361814469274766,5.3239375319862194e-05,-7.595011545523933e-05,4.622086785194027e-05,nan,nan,nan,nan
30619,306.200999999,,306.2009999991674,False,8.361814469274766,5.323059075306745e-05,-7.593758349365068e-05,4.621324001158061e-05,nan,nan,nan,nan
30620,306.212999999,,306.2129999991673,False,8.361814469274767,5.321887902788386e-05,-7.592087574363449e-05,4.6203071470237956e-05,nan,nan,nan,nan
30621,306.221999999,,306.2219999991673,False,8.361814469274767,5.321009304546169e-05,-7.590834200001382e-05,4.61954464306381e-05,nan,nan,nan,nan
30622,306.230999999,,306.23099999916724,False,8.361814469274767,5.3201313312020806e-05,-7.589581693551681e-05,4.618782278059321e-05,nan,nan,nan,nan
30623,306.242999999,,306.2429999991672,False,8.361814469274767,5.318960803192752e-05,-7.58791183832275e-05,4.617765982644793e-05,nan,nan,nan,nan
30624,306.251999999,,306.25199999916714,False,8.361814469274767,5.3180826885955326e-05,-7.5866591541026e-05,4.617003897616365e-05,nan,nan,nan,nan
30625,306.260999999,,306.2609999991671,False,8.361814469274767,5.3172051986251e-05,-7.585407337422715e-05,4.616241951143751e-05,nan,nan,nan,nan
30626,306.272999999,,306.27299999916704,False,8.36181446927477,5.3160353152496666e-05,-7.583738401918448e-05,4.615226213816132e-05,nan,nan,nan,nan
30627,306.281999999,,306.281999999167,False,8.36181446927477,5.315157684285324e-05,-7.582486407752593e-05,4.614464547286272e-05,nan,nan,nan,nan
30628,306.290999999,,306.29099999916696,False,8.361814469274771,5.31428067765222e-05,-7.581235280719923e-05,4.613703019445453e-05,nan,nan,nan,nan
30629,306.302999999,,306.3029999991669,False,8.361814469274773,5.313111438732637e-05,-7.579567264720623e-05,4.6126878402380535e-05,nan,nan,nan,nan
30630,306.311999999,,306.31199999916686,False,8.361814469274773,5.312234291251034e-05,-7.578315960395248e-05,4.611926592140149e-05,nan,nan,nan,nan
30631,306.320999999,,306.3209999991668,False,8.361814469274774,5.311357767786135e-05,-7.577065522728777e-05,4.6111654828312064e-05,nan,nan,nan,nan
30632,306.332999999,,306.33299999916676,False,8.361814469274774,5.3101891730316736e-05,-7.575398425813041e-05,4.6101508615774895e-05,nan,nan,nan,nan
30633,306.341999999,,306.3419999991667,False,8.361814469274776,5.309312508805008e-05,-7.57414781092355e-05,4.609390031978156e-05,nan,nan,nan,nan
30634,306.350999999,,306.3509999991667,False,8.361814469274776,5.308436468233788e-05,-7.572898062206303e-05,4.608629341034555e-05,nan,nan,nan,nan
30635,306.362999999,,306.3629999991666,False,8.361814469274778,5.3072685172346915e-05,-7.571231883769736e-05,4.60761527753468e-05,nan,nan,nan,nan
30636,306.371999999,,306.3719999991666,False,8.361814469274778,5.306392335949282e-05,-7.569981957846909e-05,4.6068548663673014e-05,nan,nan,nan,nan
30637,306.380999999,,306.38099999916653,False,8.36181446927478,5.3055167779330406e-05,-7.568732897575173e-05,4.6060945936558165e-05,nan,nan,nan,nan
30638,306.392999999,,306.3929999991665,False,8.36181446927478,5.304349470268844e-05,-7.567067636903433e-05,4.6050810879764005e-05,nan,nan,nan,nan
30639,306.401999999,,306.40199999916643,False,8.361814469274782,5.3034737715586956e-05,-7.565818399410503e-05,4.604321094774683e-05,nan,nan,nan,nan
30640,306.410999999,,306.4109999991664,False,8.361814469274782,5.302598695730427e-05,-7.56457002704676e-05,4.6035612400621664e-05,nan,nan,nan,nan
30641,306.422999999,,306.42299999916634,False,8.361814469274783,5.3014320308566615e-05,-7.562905683411398e-05,4.602548291503765e-05,nan,nan,nan,nan
30642,306.431999999,,306.4319999991663,False,8.361814469274783,5.300556814334755e-05,-7.56165713376986e-05,4.601788716467551e-05,nan,nan,nan,nan
30643,306.440999999,,306.44099999916625,False,8.361814469274785,5.2996822202984975e-05,-7.560409448717541e-05,4.601029279620776e-05,nan,nan,nan,nan
30644,306.452999999,,306.4529999991662,False,8.361814469274787,5.298516197712392e-05,-7.558746021324661e-05,4.600016888250005e-05,nan,nan,nan,nan
30645,306.461999999,,306.46199999916615,False,8.361814469274785,5.2976414629625856e-05,-7.557498158975783e-05,4.599257730912997e-05,nan,nan,nan,nan
30646,306.470999999,,306.4709999991661,False,8.361814469274787,5.2967673503440785e-05,-7.556251160688247e-05,4.598498712031888e-05,nan,nan,nan,nan
30647,306.482999999,,306.48299999916605,False,8.361814469274787,5.295601969560176e-05,-7.5545886487925e-05,4.597486877515677e-05,nan,nan,nan,nan
30648,306.491999999,,306.491999999166,False,8.361814469274789,5.294727716259922e-05,-7.553341473153298e-05,4.5967281376780385e-05,nan,nan,nan,nan
30649,306.500999999,,306.50099999916597,False,8.361814469274787,5.293854084724955e-05,-7.55209516102679e-05,4.595969536362909e-05,nan,nan,nan,nan
30650,306.512999999,,306.5129999991659,False,8.36181446927479,5.292689345203139e-05,-7.550433563861437e-05,4.594958258501421e-05,nan,nan,nan,nan
30651,306.521999999,,306.52199999916587,False,8.361814469274792,5.291815572955819e-05,-7.549187074360274e-05,4.5941999362297654e-05,nan,nan,nan,nan
30652,306.530999999,,306.53099999916583,False,8.361814469274792,5.290942422053438e-05,-7.547941447871273e-05,4.593441752047629e-05,nan,nan,nan,nan
30653,306.542999999,,306.5429999991658,False,8.361814469274794,5.2897783233008986e-05,-7.546280764716404e-05,4.592431030641024e-05,nan,nan,nan,nan
30654,306.551999999,,306.55199999916573,False,8.361814469274794,5.288905031692057e-05,-7.545034960834294e-05,4.5916731256022815e-05,nan,nan,nan,nan
30655,306.560999999,,306.5609999991657,False,8.361814469274796,5.288032361070843e-05,-7.543790019435842e-05,4.5909153585531415e-05,nan,nan,nan,nan
30656,306.572999999,,306.57299999916563,False,8.361814469274796,5.28686890261165e-05,-7.542130249599651e-05,4.589905193301659e-05,nan,nan,nan,nan
30657,306.581999999,,306.5819999991656,False,8.361814469274796,5.285996091275332e-05,-7.54088513084683e-05,4.589147705062846e-05,nan,nan,nan,nan
30713,307.142999999,,307.14299999916295,False,8.361814469274833,5.231892897099081e-05,-7.463702694694383e-05,4.542177468361271e-05,nan,nan,nan,nan
30714,307.151999999,,307.1519999991629,False,8.361814469274835,5.231029160847852e-05,-7.462470522154527e-05,4.541427859519592e-05,nan,nan,nan,nan
30715,307.160999999,,307.16099999916287,False,8.361814469274835,5.230166038830071e-05,-7.461239202654477e-05,4.540678387335248e-05,nan,nan,nan,nan
30716,307.172999999,,307.1729999991628,False,8.361814469274837,5.2290153107044874e-05,-7.459597593720681e-05,4.539679279505413e-05,nan,nan,nan,nan
30717,307.181999999,,307.18199999916277,False,8.361814469274838,5.2281520495028395e-05,-7.458366098881957e-05,4.538930082667498e-05,nan,nan,nan,nan
30718,307.190999999,,307.1909999991627,False,8.361814469274837,5.227289402211012e-05,-7.457135456600343e-05,4.538181022720065e-05,nan,nan,nan,nan
30719,307.202999999,,307.20299999916267,False,8.361814469274838,5.2261393069632385e-05,-7.455494750564102e-05,4.537182464284092e-05,nan,nan,nan,nan
30720,307.211999999,,307.21199999916263,False,8.361814469274838,5.2252765205732864e-05,-7.454263933045562e-05,4.5364336797497024e-05,nan,nan,nan,nan
30721,307.220999999,,307.2209999991626,False,8.36181446927484,5.224414347737162e-05,-7.453033967608109e-05,4.535685031806035e-05,nan,nan,nan,nan
30722,307.232999999,,307.23299999916253,False,8.36181446927484,5.2232648850322894e-05,-7.451394163958314e-05,4.5346870224974704e-05,nan,nan,nan,nan
30723,307.241999999,,307.2419999991625,False,8.361814469274842,5.2224025731855144e-05,-7.45016402336762e-05,4.533938650100073e-05,nan,nan,nan,nan
30724,307.250999999,,307.25099999916245,False,8.361814469274844,5.221540874490053e-05,-7.448934734431698e-05,4.533190413727182e-05,nan,nan,nan,nan
30725,307.262999999,,307.2629999991624,False,8.361814469274844,5.2203920440371655e-05,-7.447295832641058e-05,4.5321929534461096e-05,nan,nan,nan,nan
30726,307.271999999,,307.27199999916235,False,8.361814469274842,5.2195302064524114e-05,-7.446066368625561e-05,4.5314449924529525e-05,nan,nan,nan,nan
30727,307.280999999,,307.2809999991623,False,8.361814469274844,5.2186689817643624e-05,-7.44483775576516e-05,4.530697167784068e-05,nan,nan,nan,nan
30728,307.292999999,,307.29299999916225,False,8.361814469274846,5.21752078319443e-05,-7.443199755363062e-05,4.529700256197419e-05,nan,nan,nan,nan
30729,307.301999999,,307.3019999991622,False,8.361814469274846,5.21665941960204e-05,-7.44197096757391e-05,4.528952706541896e-05,nan,nan,nan,nan
30730,307.310999999,,307.31099999916216,False,8.361814469274847,5.2157986686769156e-05,-7.440743030419071e-05,4.5282052930441054e-05,nan,nan,nan,nan
30731,307.322999999,,307.3229999991621,False,8.361814469274847,5.214651101671743e-05,-7.439105930916248e-05,4.527208929718893e-05,nan,nan,nan,nan
30732,307.331999999,,307.33199999916206,False,8.361814469274849,5.213790211864012e-05,-7.437877818969022e-05,4.526461791001321e-05,nan,nan,nan,nan
30733,307.340999999,,307.340999999162,False,8.361814469274849,5.212929934368293e-05,-7.436650557203232e-05,4.5257147886413216e-05,nan,nan,nan,nan
30734,307.352999999,,307.35299999916197,False,8.36181446927485,5.2117829985042624e-05,-7.435014358144542e-05,4.5247189731445563e-05,nan,nan,nan,nan
30735,307.361999999,,307.3619999991619,False,8.36181446927485,5.210922582245722e-05,-7.433786921635685e-05,4.5239722456980015e-05,nan,nan,nan,nan
30736,307.370999999,,307.3709999991619,False,8.36181446927485,5.21006277776996e-05,-7.432560334931614e-05,4.523225654076113e-05,nan,nan,nan,nan
30737,307.382999999,,307.3829999991618,False,8.36181446927485,5.208916472760592e-05,-7.430925035763463e-05,4.522230386441106e-05,nan,nan,nan,nan
30738,307.391999999,,307.3919999991618,False,8.361814469274853,5.2080565297581826e-05,-7.429698274337184e-05,4.5214840694995116e-05,nan,nan,nan,nan
30739,307.400999999,,307.40099999916174,False,8.361814469274853,5.20719719827597e-05,-7.428472362217734e-05,4.5207378885824275e-05,nan,nan,nan,nan
30740,307.412999999,,307.4129999991617,False,8.361814469274853,5.206051523664725e-05,-7.426837962527478e-05,4.5197431682762684e-05,nan,nan,nan,nan
30741,307.421999999,,307.42199999916164,False,8.361814469274853,5.2051920536241966e-05,-7.42561187586169e-05,4.518997261806333e-05,nan,nan,nan,nan
30742,307.430999999,,307.4309999991616,False,8.361814469274854,5.2043331946938906e-05,-7.424386638068546e-05,4.518251491194371e-05,nan,nan,nan,nan
30743,307.442999999,,307.44299999916154,False,8.361814469274854,5.2031881502411806e-05,-7.422753137317152e-05,4.517257318050527e-05,nan,nan,nan,nan
30744,307.451999999,,307.4519999991615,False,8.361814469274853,5.2023291528694766e-05,-7.421527725042475e-05,4.516511821885715e-05,nan,nan,nan,nan
30745,307.460999999,,307.46099999916146,False,8.361814469274854,5.2014707662920505e-05,-7.420303161163966e-05,4.515766461412345e-05,nan,nan,nan,nan
30658,306.590999999,,306.59099999916555,False,8.361814469274796,5.285123900579478e-05,-7.539640874074604e-05,4.5883903548469396e-05,nan,nan,nan,nan
30659,306.602999999,,306.6029999991655,False,8.361814469274796,5.283961081973291e-05,-7.537982016943128e-05,4.587380745417512e-05,nan,nan,nan,nan
30660,306.611999999,,306.61199999916545,False,8.361814469274796,5.283088750616555e-05,-7.53673758287839e-05,4.5866236743449996e-05,nan,nan,nan,nan
30661,306.620999999,,306.6209999991654,False,8.3618144692748,5.282217039557956e-05,-7.535494010289891e-05,4.5858667410622496e-05,nan,nan,nan,nan
30662,306.632999999,,306.63299999916535,False,8.3618144692748,5.28105486031187e-05,-7.53383606532651e-05,4.584857687021889e-05,nan,nan,nan,nan
30663,306.641999999,,306.6419999991653,False,8.3618144692748,5.2801830086125357e-05,-7.532592315510733e-05,4.584101032382932e-05,nan,nan,nan,nan
30664,306.650999999,,306.65099999916526,False,8.3618144692748,5.2793117768501874e-05,-7.531349426694137e-05,4.5833445155337356e-05,nan,nan,nan,nan
30665,306.662999999,,306.6629999991652,False,8.361814469274801,5.2781502366499496e-05,-7.529692393308442e-05,4.582336016815829e-05,nan,nan,nan,nan
30666,306.671999999,,306.67199999916517,False,8.361814469274801,5.277278864325335e-05,-7.528449327343124e-05,4.581579778343973e-05,nan,nan,nan,nan
30667,306.680999999,,306.6809999991651,False,8.361814469274803,5.276408111607967e-05,-7.527207121896963e-05,4.580823677861718e-05,nan,nan,nan,nan
30668,306.692999999,,306.69299999916507,False,8.361814469274801,5.2752472100349596e-05,-7.52555099961023e-05,4.579815733999973e-05,nan,nan,nan,nan
30669,306.701999999,,306.701999999165,False,8.361814469274803,5.274376316831368e-05,-7.524308617123354e-05,4.579059911961671e-05,nan,nan,nan,nan
30670,306.710999999,,306.710999999165,False,8.361814469274803,5.273506042909288e-05,-7.52306709467828e-05,4.578304227479982e-05,nan,nan,nan,nan
30671,306.722999999,,306.7229999991649,False,8.361814469274805,5.272345779659275e-05,-7.521411883003609e-05,4.5772968382745596e-05,nan,nan,nan,nan
30672,306.731999999,,306.7319999991649,False,8.361814469274805,5.271475365296247e-05,-7.520170183656693e-05,4.5765414321035955e-05,nan,nan,nan,nan
30673,306.740999999,,306.74099999916484,False,8.361814469274806,5.270605569878032e-05,-7.518929343892819e-05,4.575786163522554e-05,nan,nan,nan,nan
30674,306.752999999,,306.7529999991648,False,8.361814469274806,5.269445944610455e-05,-7.51727504236403e-05,4.574779328773615e-05,nan,nan,nan,nan
30675,306.761999999,,306.76199999916474,False,8.361814469274806,5.268576008893423e-05,-7.516034025777182e-05,4.5740243380036975e-05,nan,nan,nan,nan
30676,306.770999999,,306.7709999991647,False,8.361814469274806,5.2677066917781535e-05,-7.514793868313456e-05,4.573269484923624e-05,nan,nan,nan,nan
30677,306.782999999,,306.78299999916464,False,8.361814469274808,5.266547704227606e-05,-7.513140476436913e-05,4.572263204098255e-05,nan,nan,nan,nan
30678,306.791999999,,306.7919999991646,False,8.36181446927481,5.2656782468776295e-05,-7.511900142278918e-05,4.571508628929227e-05,nan,nan,nan,nan
30679,306.800999999,,306.80099999916456,False,8.361814469274808,5.264809407807343e-05,-7.510660666781511e-05,4.5707541911835875e-05,nan,nan,nan,nan
30680,306.812999999,,306.8129999991645,False,8.36181446927481,5.263651057562072e-05,-7.50900818416037e-05,4.5697484640153394e-05,nan,nan,nan,nan
30681,306.821999999,,306.82199999916446,False,8.361814469274812,5.2627820783872864e-05,-7.507768532074826e-05,4.56899430381437e-05,nan,nan,nan,nan
30682,306.830999999,,306.8309999991644,False,8.36181446927481,5.26191371711531e-05,-7.506529738208437e-05,4.5682402814697777e-05,nan,nan,nan,nan
30683,306.842999999,,306.84299999916436,False,8.361814469274812,5.260756003943559e-05,-7.504878164323254e-05,4.56723510752566e-05,nan,nan,nan,nan
30684,306.851999999,,306.8519999991643,False,8.361814469274812,5.2598875025980574e-05,-7.503639194017495e-05,4.566481362392672e-05,nan,nan,nan,nan
30685,306.860999999,,306.8609999991643,False,8.361814469274814,5.259019618890667e-05,-7.502401081421791e-05,4.565727754616459e-05,nan,nan,nan,nan
30686,306.872999999,,306.8729999991642,False,8.361814469274814,5.2578625423498544e-05,-7.500750415861184e-05,4.564723133829865e-05,nan,nan,nan,nan
30687,306.881999999,,306.8819999991642,False,8.361814469274815,5.2569945186720223e-05,-7.499512126940092e-05,4.563969803565015e-05,nan,nan,nan,nan
30688,306.890999999,,306.89099999916414,False,8.361814469274815,5.256127112258354e-05,-7.498274695289561e-05,4.563216610590328e-05,nan,nan,nan,nan
30689,306.902999999,,306.9029999991641,False,8.361814469274817,5.254970672083402e-05,-7.49662493758223e-05,4.56221254279472e-05,nan,nan,nan,nan
30690,306.911999999,,306.91199999916404,False,8.361814469274817,5.2541031257990835e-05,-7.495387329715329e-05,4.561459626898413e-05,nan,nan,nan,nan
30691,306.920999999,,306.920999999164,False,8.361814469274817,5.2532361964372955e-05,-7.494150578669524e-05,4.560706848159038e-05,nan,nan,nan,nan
30692,306.932999999,,306.93299999916394,False,8.361814469274819,5.252080392291661e-05,-7.492501728349437e-05,4.559703332654974e-05,nan,nan,nan,nan
30693,306.941999999,,306.9419999991639,False,8.361814469274819,5.251213323135654e-05,-7.49126480121001e-05,4.558950830993978e-05,nan,nan,nan,nan
30694,306.950999999,,306.95099999916386,False,8.361814469274819,5.250346870579839e-05,-7.490028730407213e-05,4.5581984664233033e-05,nan,nan,nan,nan
30695,306.962999999,,306.9629999991638,False,8.36181446927482,5.2491917021539314e-05,-7.488380786996519e-05,4.557195502777799e-05,nan,nan,nan,nan
30696,306.971999999,,306.97199999916376,False,8.36181446927482,5.248325109929863e-05,-7.487144540188192e-05,4.5564434150523555e-05,nan,nan,nan,nan
30697,306.980999999,,306.9809999991637,False,8.36181446927482,5.247459133953734e-05,-7.485909149245567e-05,4.555691464383925e-05,nan,nan,nan,nan
30698,306.992999999,,306.99299999916366,False,8.361814469274822,5.246304600894913e-05,-7.48426211224507e-05,4.5546890525969806e-05,nan,nan,nan,nan
30699,307.001999999,,307.0019999991636,False,8.361814469274822,5.245438485313427e-05,-7.483026545402055e-05,4.553937378673864e-05,nan,nan,nan,nan
30700,307.010999999,,307.0109999991636,False,8.361814469274822,5.244572985634957e-05,-7.481791833973149e-05,4.553185841674532e-05,nan,nan,nan,nan
30701,307.022999999,,307.0229999991635,False,8.361814469274824,5.243419087617105e-05,-7.48014570288813e-05,4.552183981446386e-05,nan,nan,nan,nan
30702,307.031999999,,307.0319999991635,False,8.361814469274826,5.2425534484171264e-05,-7.478910815646441e-05,4.5514327209259164e-05,nan,nan,nan,nan
30703,307.040999999,,307.04099999916343,False,8.361814469274826,5.241688424799056e-05,-7.477676783329912e-05,4.550681597362536e-05,nan,nan,nan,nan
30704,307.052999999,,307.0529999991634,False,8.361814469274826,5.240535161442752e-05,-7.476031557669826e-05,4.5496802880603594e-05,nan,nan,nan,nan
30705,307.061999999,,307.06199999916333,False,8.361814469274826,5.2396699983770875e-05,-7.474797349647688e-05,4.548929440942536e-05,nan,nan,nan,nan
30706,307.070999999,,307.0709999991633,False,8.361814469274828,5.2388054505502393e-05,-7.47356399610191e-05,4.54817873041543e-05,nan,nan,nan,nan
30707,307.082999999,,307.08299999916323,False,8.361814469274828,5.237652821566145e-05,-7.47191967536004e-05,4.547177972072533e-05,nan,nan,nan,nan
30708,307.091999999,,307.0919999991632,False,8.36181446927483,5.236788134402311e-05,-7.47068614619454e-05,4.546427537857752e-05,nan,nan,nan,nan
30709,307.100999999,,307.10099999916315,False,8.361814469274831,5.23592406212277e-05,-7.469453471046614e-05,4.5456772403336095e-05,nan,nan,nan,nan
30710,307.112999999,,307.1129999991631,False,8.361814469274831,5.2347720671130464e-05,-7.467810054783623e-05,4.544677032383778e-05,nan,nan,nan,nan
30711,307.121999999,,307.12199999916305,False,8.36181446927483,5.2339078555452455e-05,-7.466577204130978e-05,4.543927010905508e-05,nan,nan,nan,nan
30712,307.130999999,,307.130999999163,False,8.361814469274833,5.2330442585291125e-05,-7.465345207001988e-05,4.543177126151184e-05,nan,nan,nan,nan
30713,307.142999999,,307.14299999916295,False,8.361814469274833,5.231892897099081e-05,-7.463702694694383e-05,4.542177468361271e-05,nan,nan,nan,nan
30714,307.151999999,,307.1519999991629,False,8.361814469274835,5.231029160847852e-05,-7.462470522154527e-05,4.541427859519592e-05,nan,nan,nan,nan
30715,307.160999999,,307.16099999916287,False,8.361814469274835,5.230166038830071e-05,-7.461239202654477e-05,4.540678387335248e-05,nan,nan,nan,nan
30716,307.172999999,,307.1729999991628,False,8.361814469274837,5.2290153107044874e-05,-7.459597593720681e-05,4.539679279505413e-05,nan,nan,nan,nan
30717,307.181999999,,307.18199999916277,False,8.361814469274838,5.2281520495028395e-05,-7.458366098881957e-05,4.538930082667498e-05,nan,nan,nan,nan
30718,307.190999999,,307.1909999991627,False,8.361814469274837,5.227289402211012e-05,-7.457135456600343e-05,4.538181022720065e-05,nan,nan,nan,nan
30719,307.202999999,,307.20299999916267,False,8.361814469274838,5.2261393069632385e-05,-7.455494750564102e-05,4.537182464284092e-05,nan,nan,nan,nan
30720,307.211999999,,307.21199999916263,False,8.361814469274838,5.2252765205732864e-05,-7.454263933045562e-05,4.5364336797497024e-05,nan,nan,nan,nan
30721,307.220999999,,307.2209999991626,False,8.36181446927484,5.224414347737162e-05,-7.453033967608109e-05,4.535685031806035e-05,nan,nan,nan,nan
30722,307.232999999,,307.23299999916253,False,8.36181446927484,5.2232648850322894e-05,-7.451394163958314e-05,4.5346870224974704e-05,nan,nan,nan,nan
30723,307.241999999,,307.2419999991625,False,8.361814469274842,5.2224025731855144e-05,-7.45016402336762e-05,4.533938650100073e-05,nan,nan,nan,nan
30724,307.250999999,,307.25099999916245,False,8.361814469274844,5.221540874490053e-05,-7.448934734431698e-05,4.533190413727182e-05,nan,nan,nan,nan
30725,307.262999999,,307.2629999991624,False,8.361814469274844,5.2203920440371655e-05,-7.447295832641058e-05,4.5321929534461096e-05,nan,nan,nan,nan
30726,307.271999999,,307.27199999916235,False,8.361814469274842,5.2195302064524114e-05,-7.446066368625561e-05,4.5314449924529525e-05,nan,nan,nan,nan
30727,307.280999999,,307.2809999991623,False,8.361814469274844,5.2186689817643624e-05,-7.44483775576516e-05,4.530697167784068e-05,nan,nan,nan,nan
30728,307.292999999,,307.29299999916225,False,8.361814469274846,5.21752078319443e-05,-7.443199755363062e-05,4.529700256197419e-05,nan,nan,nan,nan
30729,307.301999999,,307.3019999991622,False,8.361814469274846,5.21665941960204e-05,-7.44197096757391e-05,4.528952706541896e-05,nan,nan,nan,nan
30730,307.310999999,,307.31099999916216,False,8.361814469274847,5.2157986686769156e-05,-7.440743030419071e-05,4.5282052930441054e-05,nan,nan,nan,nan
30731,307.322999999,,307.3229999991621,False,8.361814469274847,5.214651101671743e-05,-7.439105930916248e-05,4.527208929718893e-05,nan,nan,nan,nan
30732,307.331999999,,307.33199999916206,False,8.361814469274849,5.213790211864012e-05,-7.437877818969022e-05,4.526461791001321e-05,nan,nan,nan,nan
30733,307.340999999,,307.340999999162,False,8.361814469274849,5.212929934368293e-05,-7.436650557203232e-05,4.5257147886413216e-05,nan,nan,nan,nan
30734,307.352999999,,307.35299999916197,False,8.36181446927485,5.2117829985042624e-05,-7.435014358144542e-05,4.5247189731445563e-05,nan,nan,nan,nan
30735,307.361999999,,307.3619999991619,False,8.36181446927485,5.210922582245722e-05,-7.433786921635685e-05,4.5239722456980015e-05,nan,nan,nan,nan
30736,307.370999999,,307.3709999991619,False,8.36181446927485,5.21006277776996e-05,-7.432560334931614e-05,4.523225654076113e-05,nan,nan,nan,nan
30737,307.382999999,,307.3829999991618,False,8.36181446927485,5.208916472760592e-05,-7.430925035763463e-05,4.522230386441106e-05,nan,nan,nan,nan
30738,307.391999999,,307.3919999991618,False,8.361814469274853,5.2080565297581826e-05,-7.429698274337184e-05,4.5214840694995116e-05,nan,nan,nan,nan
30739,307.400999999,,307.40099999916174,False,8.361814469274853,5.20719719827597e-05,-7.428472362217734e-05,4.5207378885824275e-05,nan,nan,nan,nan
30740,307.412999999,,307.4129999991617,False,8.361814469274853,5.206051523664725e-05,-7.426837962527478e-05,4.5197431682762684e-05,nan,nan,nan,nan
30741,307.421999999,,307.42199999916164,False,8.361814469274853,5.2051920536241966e-05,-7.42561187586169e-05,4.518997261806333e-05,nan,nan,nan,nan
30742,307.430999999,,307.4309999991616,False,8.361814469274854,5.2043331946938906e-05,-7.424386638068546e-05,4.518251491194371e-05,nan,nan,nan,nan
30743,307.442999999,,307.44299999916154,False,8.361814469274854,5.2031881502411806e-05,-7.422753137317152e-05,4.517257318050527e-05,nan,nan,nan,nan
30744,307.451999999,,307.4519999991615,False,8.361814469274853,5.2023291528694766e-05,-7.421527725042475e-05,4.516511821885715e-05,nan,nan,nan,nan
30745,307.460999999,,307.46099999916146,False,8.361814469274854,5.2014707662920505e-05,-7.420303161163966e-05,4.515766461412345e-05,nan,nan,nan,nan
30750,307.511999999,,307.5119999991612,False,8.361814469274858,5.196608074298639e-05,-7.413366161036073e-05,4.5115450419981915e-05,nan,nan,nan,nan
30751,307.520999999,,307.5209999991612,False,8.361814469274858,5.1957506318158404e-05,-7.412142943705282e-05,4.510800501302397e-05,nan,nan,nan,nan
30752,307.532999999,,307.5329999991611,False,8.36181446927486,5.1946074756716524e-05,-7.410512136712247e-05,4.509807967380646e-05,nan,nan,nan,nan
30753,307.541999999,,307.5419999991611,False,8.36181446927486,5.193749894835278e-05,-7.409288745242021e-05,4.509063700565788e-05,nan,nan,nan,nan
30754,307.550999999,,307.55099999916104,False,8.361814469274861,5.1928929238438924e-05,-7.408066200743178e-05,4.5083195691426105e-05,nan,nan,nan,nan
30755,307.562999999,,307.562999999161,False,8.361814469274861,5.1917503963302e-05,-7.406436290772557e-05,4.507327581284055e-05,nan,nan,nan,nan
30756,307.571999999,,307.57199999916094,False,8.361814469274865,5.1908932870987155e-05,-7.405213572211321e-05,4.5065837236752e-05,nan,nan,nan,nan
30757,307.580999999,,307.5809999991609,False,8.361814469274865,5.190036787389922e-05,-7.403991700143422e-05,4.5058400015579445e-05,nan,nan,nan,nan
30758,307.592999999,,307.59299999916084,False,8.361814469274865,5.1888948882187825e-05,-7.402362686646837e-05,4.504848559329597e-05,nan,nan,nan,nan
30759,307.601999999,,307.6019999991608,False,8.361814469274867,5.1880382503890566e-05,-7.401140640603725e-05,4.5041051108934384e-05,nan,nan,nan,nan
30760,307.610999999,,307.61099999916075,False,8.361814469274865,5.187182221762986e-05,-7.399919440577104e-05,4.503361798015493e-05,nan,nan,nan,nan
30761,307.622999999,,307.6229999991607,False,8.361814469274869,5.1860409506766416e-05,-7.398291323036196e-05,4.502370900851138e-05,nan,nan,nan,nan
30762,307.631999999,,307.63199999916066,False,8.361814469274867,5.185184784046311e-05,-7.397069949096306e-05,4.50162786132122e-05,nan,nan,nan,nan
30763,307.640999999,,307.6409999991606,False,8.361814469274869,5.184329226310132e-05,-7.395849420702761e-05,4.500884957149678e-05,nan,nan,nan,nan
30764,307.652999999,,307.65299999916056,False,8.36181446927487,5.183188583065406e-05,-7.394222198578234e-05,4.4998946049827024e-05,nan,nan,nan,nan
30765,307.661999999,,307.6619999991605,False,8.36181446927487,5.1823328874659014e-05,-7.393001496345794e-05,4.499151974325721e-05,nan,nan,nan,nan
30766,307.670999999,,307.6709999991605,False,8.36181446927487,5.181477800390985e-05,-7.391781639210423e-05,4.498409478694047e-05,nan,nan,nan,nan
30767,307.682999999,,307.6829999991604,False,8.361814469274872,5.1803377844040796e-05,-7.390155312138468e-05,4.497419671324613e-05,nan,nan,nan,nan
30768,307.691999999,,307.6919999991604,False,8.361814469274872,5.179482559389846e-05,-7.388935281336637e-05,4.49667744880782e-05,nan,nan,nan,nan
30769,307.700999999,,307.70099999916033,False,8.361814469274872,5.1786279426331935e-05,-7.387716095126733e-05,4.495935361449559e-05,nan,nan,nan,nan
30770,307.712999999,,307.7129999991603,False,8.361814469274874,5.177488553957493e-05,-7.386090662390556e-05,4.494946098378065e-05,nan,nan,nan,nan
30771,307.721999999,,307.72199999916023,False,8.361814469274874,5.176633799423967e-05,-7.384871302548038e-05,4.494204284034767e-05,nan,nan,nan,nan
30772,307.730999999,,307.7309999991602,False,8.361814469274876,5.175779652680284e-05,-7.383652786913882e-05,4.493462605049844e-05,nan,nan,nan,nan
30773,307.742999999,,307.74299999916013,False,8.361814469274876,5.174640890660006e-05,-7.382028248197486e-05,4.4924738861097554e-05,nan,nan,nan,nan
30774,307.751999999,,307.7519999991601,False,8.361814469274876,5.173786606226464e-05,-7.380809559052196e-05,4.4917324798067263e-05,nan,nan,nan,nan
30775,307.760999999,,307.76099999916005,False,8.361814469274877,5.172932929279688e-05,-7.379591713622065e-05,4.49099120876215e-05,nan,nan,nan,nan
30776,307.772999999,,307.77299999916,False,8.361814469274877,5.171794793578636e-05,-7.37796806844096e-05,4.490003033353948e-05,nan,nan,nan,nan
30777,307.781999999,,307.78199999915995,False,8.361814469274877,5.1709409789096925e-05,-7.376750049642168e-05,4.489262034924653e-05,nan,nan,nan,nan
30778,307.790999999,,307.7909999991599,False,8.36181446927488,5.170087771495174e-05,-7.375532874044693e-05,4.488521171354131e-05,nan,nan,nan,nan
30779,307.802999999,,307.80299999915985,False,8.36181446927488,5.168950261519255e-05,-7.373910122018785e-05,4.48753353964435e-05,nan,nan,nan,nan
30780,307.811999999,,307.8119999991598,False,8.361814469274881,5.1680969165284165e-05,-7.372692773103585e-05,4.486792948755725e-05,nan,nan,nan,nan
30781,307.820999999,,307.82099999915977,False,8.361814469274881,5.167244178277243e-05,-7.371476267026966e-05,4.486052492625951e-05,nan,nan,nan,nan
30782,307.832999999,,307.8329999991597,False,8.361814469274883,5.166107294075464e-05,-7.369854407465181e-05,4.4850654042149086e-05,nan,nan,nan,nan
30783,307.841999999,,307.84199999915967,False,8.361814469274883,5.1652544183171194e-05,-7.36863772816871e-05,4.4843252205338825e-05,nan,nan,nan,nan
30784,307.850999999,,307.8509999991596,False,8.361814469274883,5.164402149104901e-05,-7.367421891172193e-05,4.4835851719447764e-05,nan,nan,nan,nan
30785,307.862999999,,307.86299999915957,False,8.361814469274885,5.163265890150028e-05,-7.365800923686761e-05,4.4825986261663394e-05,nan,nan,nan,nan
30786,307.871999999,,307.8719999991595,False,8.361814469274885,5.162413483504522e-05,-7.364584913560172e-05,4.481858849592997e-05,nan,nan,nan,nan
30787,307.880999999,,307.8809999991595,False,8.361814469274885,5.16156168303525e-05,-7.363369745284373e-05,4.481119207811811e-05,nan,nan,nan,nan
30788,307.892999999,,307.89299999915943,False,8.361814469274886,5.1604260490403576e-05,-7.361749669309882e-05,4.4801332045327527e-05,nan,nan,nan,nan
30789,307.901999999,,307.9019999991594,False,8.361814469274886,5.159574111222983e-05,-7.360534327979994e-05,4.4793938349338616e-05,nan,nan,nan,nan
30790,307.910999999,,307.91099999915934,False,8.361814469274886,5.1587227792555996e-05,-7.359319828019521e-05,4.4786545999939035e-05,nan,nan,nan,nan
30791,307.922999999,,307.9229999991593,False,8.361814469274888,5.15758776984199e-05,-7.357700643071486e-05,4.477669139080998e-05,nan,nan,nan,nan
30792,307.931999999,,307.93199999915925,False,8.361814469274888,5.156736300626952e-05,-7.356485970139016e-05,4.476930176023576e-05,nan,nan,nan,nan
30793,307.940999999,,307.9409999991592,False,8.361814469274888,5.1558854368649006e-05,-7.355272138170755e-05,4.476191347691699e-05,nan,nan,nan,nan
30794,307.952999999,,307.95299999915915,False,8.36181446927489,5.154751051642579e-05,-7.35365384379616e-05,4.4752064287785715e-05,nan,nan,nan,nan
30795,307.961999999,,307.9619999991591,False,8.36181446927489,5.153900050719355e-05,-7.352439838944196e-05,4.474467872129388e-05,nan,nan,nan,nan
30796,307.970999999,,307.97099999915906,False,8.36181446927489,5.1530496549590816e-05,-7.351226674562622e-05,4.473729450105833e-05,nan,nan,nan,nan
30797,307.982999999,,307.982999999159,False,8.361814469274892,5.151915893671787e-05,-7.349609270252465e-05,4.4727450730259486e-05,nan,nan,nan,nan
30798,307.991999999,,307.99199999915896,False,8.361814469274892,5.151065360819864e-05,-7.348395933109322e-05,4.472006922685088e-05,nan,nan,nan,nan
30799,308.000999999,,308.0009999991589,False,8.361814469274893,5.1502154327632666e-05,-7.347183436002123e-05,4.47126890667009e-05,nan,nan,nan,nan
30800,308.012999999,,308.01299999915886,False,8.361814469274893,5.149082295075541e-05,-7.345566921289183e-05,4.4702850709571594e-05,nan,nan,nan,nan
30801,308.024999999,,308.0249999991588,False,8.361814469274893,5.1479489579544676e-05,-7.343950143994684e-05,4.4693014401470055e-05,nan,nan,nan,nan
30802,308.030999999,,308.0309999991588,False,8.361814469274893,5.1473827694371544e-05,-7.343142421310289e-05,4.468809716485194e-05,nan,nan,nan,nan
30803,308.042999999,,308.0429999991587,False,8.361814469274895,5.1462502549921846e-05,-7.341526795716491e-05,4.4678264216729186e-05,nan,nan,nan,nan
30804,308.051999999,,308.0519999991587,False,8.361814469274897,5.145399677925395e-05,-7.3403134413169e-05,4.4670890560044184e-05,nan,nan,nan,nan
30805,308.060999999,,308.06099999915864,False,8.361814469274897,5.144548527890303e-05,-7.339099296853703e-05,4.466351791821422e-05,nan,nan,nan,nan
30806,308.072999999,,308.0729999991586,False,8.361814469274899,5.143413320603824e-05,-7.33747995421948e-05,4.465368938922405e-05,nan,nan,nan,nan
30807,308.081999999,,308.08199999915854,False,8.361814469274899,5.1425617490991936e-05,-7.336265199684142e-05,4.464631921841731e-05,nan,nan,nan,nan
30808,308.090999999,,308.0909999991585,False,8.3618144692749,5.141711067981966e-05,-7.335051652929833e-05,4.463895034224114e-05,nan,nan,nan,nan
30809,308.102999999,,308.10299999915844,False,8.3618144692749,5.140577626036466e-05,-7.333434667291978e-05,4.462912698944247e-05,nan,nan,nan,nan
30810,308.111999999,,308.1119999991584,False,8.361814469274902,5.1397279667982596e-05,-7.33222249889035e-05,4.4621760793122076e-05,nan,nan,nan,nan
30811,308.120999999,,308.12099999915836,False,8.361814469274902,5.138879485768591e-05,-7.331011953851886e-05,4.461439594805371e-05,nan,nan,nan,nan
30812,308.132999999,,308.1329999991583,False,8.361814469274902,5.1377491263177686e-05,-7.329399218661662e-05,4.46045780415642e-05,nan,nan,nan,nan
30813,308.141999999,,308.14199999915826,False,8.361814469274902,5.13690170213577e-05,-7.328190170134418e-05,4.459721596861181e-05,nan,nan,nan,nan
30814,308.150999999,,308.1509999991582,False,8.361814469274904,5.136055265107621e-05,-7.326982514627057e-05,4.4589855270226456e-05,nan,nan,nan,nan
30815,308.162999999,,308.16299999915816,False,8.361814469274904,5.134927210528332e-05,-7.325373098008004e-05,4.458004292229108e-05,nan,nan,nan,nan
30816,308.171999999,,308.1719999991581,False,8.361814469274906,5.1340811504538365e-05,-7.324166061658144e-05,4.457268503166049e-05,nan,nan,nan,nan
30817,308.180999999,,308.1809999991581,False,8.361814469274906,5.1332357535564945e-05,-7.322959984773005e-05,4.456532852692144e-05,nan,nan,nan,nan
30818,308.192999999,,308.192999999158,False,8.361814469274908,5.132108613820856e-05,-7.321352027388886e-05,4.455552177584362e-05,nan,nan,nan,nan
30819,308.201999999,,308.201999999158,False,8.361814469274908,5.1312629325565224e-05,-7.320145654126263e-05,4.4548168084521536e-05,nan,nan,nan,nan
30820,308.210999999,,308.21099999915793,False,8.361814469274906,5.13041770152054e-05,-7.31893993173223e-05,4.45408157820885e-05,nan,nan,nan,nan
30821,308.222999999,,308.2229999991579,False,8.361814469274908,5.1292905426433464e-05,-7.317332082112945e-05,4.4531014628867065e-05,nan,nan,nan,nan
30822,308.231999999,,308.23199999915784,False,8.36181446927491,5.1284447348131546e-05,-7.316125605016412e-05,4.452366513651992e-05,nan,nan,nan,nan
30823,308.240999999,,308.2409999991578,False,8.36181446927491,5.1275993339667526e-05,-7.314919691872253e-05,4.451631702640023e-05,nan,nan,nan,nan
30824,308.252999999,,308.25299999915774,False,8.36181446927491,5.126471951271388e-05,-7.313311550655054e-05,4.450652145970995e-05,nan,nan,nan,nan
30825,308.261999999,,308.2619999991577,False,8.36181446927491,5.1256260189860426e-05,-7.312104887412615e-05,4.4499176150016776e-05,nan,nan,nan,nan
30826,308.270999999,,308.27099999915765,False,8.36181446927491,5.1247805561024386e-05,-7.310898855140407e-05,4.4491832218887165e-05,nan,nan,nan,nan
30827,308.282999999,,308.2829999991576,False,8.361814469274911,5.123653210034813e-05,-7.309290698382338e-05,4.448204221707808e-05,nan,nan,nan,nan
30828,308.291999999,,308.29199999915755,False,8.361814469274911,5.1228074009266866e-05,-7.308084146580444e-05,4.447470107538358e-05,nan,nan,nan,nan
30829,308.300999999,,308.3009999991575,False,8.361814469274913,5.121962141566045e-05,-7.30687833445373e-05,4.446736130525823e-05,nan,nan,nan,nan
30830,308.312999999,,308.31299999915746,False,8.361814469274913,5.120835179524618e-05,-7.305270631411766e-05,4.4457576842018e-05,nan,nan,nan,nan
30831,308.321999999,,308.3219999991574,False,8.361814469274913,5.119989729498818e-05,-7.304064526246772e-05,4.445023984800519e-05,nan,nan,nan,nan
30832,308.330999999,,308.33099999915737,False,8.361814469274915,5.119144876487634e-05,-7.302859236379656e-05,4.444290421956644e-05,nan,nan,nan,nan
30833,308.342999999,,308.3429999991573,False,8.361814469274915,5.118018508568231e-05,-7.30125232066166e-05,4.443312527124769e-05,nan,nan,nan,nan
30834,308.351999999,,308.3519999991573,False,8.361814469274918,5.117173528168198e-05,-7.300046854085038e-05,4.442579240593213e-05,nan,nan,nan,nan
30835,308.360999999,,308.36099999915723,False,8.361814469274918,5.116329153784954e-05,-7.298842227605428e-05,4.4418460902526974e-05,nan,nan,nan,nan
30836,308.372999999,,308.3729999991572,False,8.361814469274918,5.1152034244912056e-05,-7.29723621459703e-05,4.4408687445149334e-05,nan,nan,nan,nan
30837,308.381999999,,308.38199999915713,False,8.361814469274918,5.114358916108725e-05,-7.296031426269558e-05,4.440135869187792e-05,nan,nan,nan,nan
30838,308.390999999,,308.3909999991571,False,8.361814469274913,5.113515003288068e-05,-7.294827470896065e-05,4.4394031292190324e-05,nan,nan,nan,nan
30839,308.402999999,,308.40299999915703,False,8.361814469274886,5.112389871317735e-05,-7.293222335118101e-05,4.4384263299441705e-05,nan,nan,nan,nan
30840,308.411999999,,308.411999999157,False,8.361814469274867,5.111545797782161e-05,-7.292018189555295e-05,4.437693863856363e-05,nan,nan,nan,nan
30841,308.420999999,,308.42099999915695,False,8.361814469274847,5.110702309780736e-05,-7.290814863623812e-05,4.436961532993709e-05,nan,nan,nan,nan
30842,308.432999999,,308.4329999991569,False,8.361814469274824,5.109577733293761e-05,-7.289210550191895e-05,4.435985278083428e-05,nan,nan,nan,nan
30843,308.441999999,,308.44199999915685,False,8.361814469274805,5.108734072089362e-05,-7.288007012585532e-05,4.4352532199359836e-05,nan,nan,nan,nan
30844,308.450999999,,308.4509999991568,False,8.361814469274787,5.107890995651924e-05,-7.286804290214186e-05,4.434521296280943e-05,nan,nan,nan,nan
30845,308.462999999,,308.46299999915675,False,8.361814469274764,5.106766971844789e-05,-7.28520078129714e-05,4.433545583803437e-05,nan,nan,nan,nan
30846,308.471999999,,308.4719999991567,False,8.36181446927475,5.105923731191446e-05,-7.2839978513612e-05,4.432813931897707e-05,nan,nan,nan,nan
30847,308.480999999,,308.48099999915667,False,8.361814469274734,5.1050810821758226e-05,-7.28279574283104e-05,4.432082414184614e-05,nan,nan,nan,nan
30848,308.492999999,,308.4929999991566,False,8.361814469274716,5.10395764131716e-05,-7.281193066258128e-05,4.431107242174779e-05,nan,nan,nan,nan
30849,308.501999999,,308.50199999915657,False,8.361814469274703,5.10311484860937e-05,-7.279990772985196e-05,4.430375995078564e-05,nan,nan,nan,nan
30850,308.510999999,,308.5109999991565,False,8.36181446927469,5.1022726563125216e-05,-7.278789312066276e-05,4.4296448819751476e-05,nan,nan,nan,nan
30851,308.522999999,,308.52299999915647,False,8.361814469274677,5.1011498377898924e-05,-7.277187516593186e-05,4.428670249067403e-05,nan,nan,nan,nan
30852,308.531999999,,308.5319999991564,False,8.361814469274668,5.100307520967034e-05,-7.275985896880712e-05,4.42793940571489e-05,nan,nan,nan,nan
30853,308.540999999,,308.5409999991564,False,8.361814469274659,5.099465810815031e-05,-7.274785118827613e-05,4.42720869588888e-05,nan,nan,nan,nan
30854,308.552999999,,308.5529999991563,False,8.36181446927465,5.0983436433387005e-05,-7.273184246724678e-05,4.426234600018213e-05,nan,nan,nan,nan
30855,308.561999999,,308.5619999991563,False,8.361814469274643,5.097501819515269e-05,-7.271983327551245e-05,4.425504159443507e-05,nan,nan,nan,nan
30856,308.570999999,,308.57099999915624,False,8.361814469274638,5.096660604682671e-05,-7.270783254598579e-05,4.424773851895709e-05,nan,nan,nan,nan
30857,308.582999999,,308.5829999991562,False,8.36181446927463,5.095539099912526e-05,-7.269183327873441e-05,4.4238002922627634e-05,nan,nan,nan,nan
30858,308.591999999,,308.59199999915614,False,8.361814469274627,5.0946977738636686e-05,-7.267983120098399e-05,4.42307025346667e-05,nan,nan,nan,nan
30859,308.600999999,,308.6009999991561,False,8.361814469274622,5.093857056149509e-05,-7.266783758656552e-05,4.422340347331108e-05,nan,nan,nan,nan
30860,308.612999999,,308.61299999915605,False,8.36181446927462,5.092736212834636e-05,-7.265184779727704e-05,4.421367322503701e-05,nan,nan,nan,nan
30861,308.621999999,,308.621999999156,False,8.361814469274615,5.091895381417917e-05,-7.263985281428693e-05,4.420637684620249e-05,nan,nan,nan,nan
30862,308.630999999,,308.63099999915596,False,8.361814469274613,5.0910551564656895e-05,-7.26278662697165e-05,4.4199081789976465e-05,nan,nan,nan,nan
30863,308.642999999,,308.6429999991559,False,8.361814469274613,5.0899349675206686e-05,-7.261188586879375e-05,4.418935688043188e-05,nan,nan,nan,nan
30864,308.651999999,,308.65199999915586,False,8.36181446927461,5.089094625071036e-05,-7.259989789803465e-05,4.418206450306318e-05,nan,nan,nan,nan
30865,308.660999999,,308.6609999991558,False,8.36181446927461,5.0882548870972854e-05,-7.258791833376713e-05,4.417477344896916e-05,nan,nan,nan,nan
30866,308.672999999,,308.67299999915576,False,8.36181446927461,5.087135344952168e-05,-7.25719471975696e-05,4.4165053870160436e-05,nan,nan,nan,nan
30867,308.681999999,,308.6819999991557,False,8.361814469274607,5.086295486131683e-05,-7.255996614649482e-05,4.4157765485264766e-05,nan,nan,nan,nan
30868,308.690999999,,308.6909999991557,False,8.361814469274607,5.0854562301011015e-05,-7.25479934728883e-05,4.4150478424976e-05,nan,nan,nan,nan
30869,308.702999999,,308.7029999991556,False,8.361814469274615,5.0843373286647884e-05,-7.253203148745117e-05,4.414076416691112e-05,nan,nan,nan,nan
30870,308.711999999,,308.7119999991556,False,8.361814469274634,5.083497949096286e-05,-7.252005727660363e-05,4.413347977548768e-05,nan,nan,nan,nan
30871,308.720999999,,308.72099999915554,False,8.361814469274654,5.082659170930679e-05,-7.250809141832707e-05,4.412619670234286e-05,nan,nan,nan,nan
30872,308.732999999,,308.7329999991555,False,8.361814469274682,5.081540904916447e-05,-7.249213849030138e-05,4.411648776202423e-05,nan,nan,nan,nan
30873,308.741999999,,308.74199999915544,False,8.361814469274702,5.08070200074884e-05,-7.248017105375959e-05,4.410920735541323e-05,nan,nan,nan,nan
30874,308.750999999,,308.7509999991554,False,8.361814469274721,5.079863696582586e-05,-7.24682119479489e-05,4.4101928266414754e-05,nan,nan,nan,nan
30875,308.762999999,,308.76299999915534,False,8.361814469274746,5.07874606077196e-05,-7.245226799663551e-05,4.4092224635848724e-05,nan,nan,nan,nan
30876,308.771999999,,308.7719999991553,False,8.361814469274766,5.0779076281331955e-05,-7.244030727488408e-05,4.408494821071953e-05,nan,nan,nan,nan
30877,308.780999999,,308.78099999915526,False,8.361814469274782,5.077069793989999e-05,-7.242835486313159e-05,4.407767310486819e-05,nan,nan,nan,nan
30878,308.792999999,,308.7929999991552,False,8.361814469274803,5.075952782994746e-05,-7.241241981184917e-05,4.4067974779724885e-05,nan,nan,nan,nan
30879,308.801999999,,308.80199999915516,False,8.36181446927482,5.075114817717061e-05,-7.240046574851767e-05,4.406070233274682e-05,nan,nan,nan,nan
30880,308.810999999,,308.8109999991551,False,8.361814469274833,5.0742774495142834e-05,-7.238851997515908e-05,4.4053431205379685e-05,nan,nan,nan,nan
30881,308.822999999,,308.82299999915506,False,8.36181446927485,5.073161058015887e-05,-7.237259375102654e-05,4.404373818432689e-05,nan,nan,nan,nan
30882,308.831999999,,308.831999999155,False,8.361814469274863,5.07232355628611e-05,-7.236064629270248e-05,4.403646971450078e-05,nan,nan,nan,nan
30883,308.840999999,,308.840999999155,False,8.361814469274872,5.0714866502226466e-05,-7.234870710640303e-05,4.402920256062182e-05,nan,nan,nan,nan
30884,308.852999999,,308.8529999991549,False,8.361814469274886,5.070370873445723e-05,-7.23327896440602e-05,4.4019514840661924e-05,nan,nan,nan,nan
30885,308.861999999,,308.8619999991549,False,8.361814469274897,5.069533831854087e-05,-7.232084874498255e-05,4.401225034365788e-05,nan,nan,nan,nan
30886,308.870999999,,308.87099999915483,False,8.361814469274904,5.06869738488435e-05,-7.230891610236699e-05,4.4004987165931655e-05,nan,nan,nan,nan
30887,308.882999999,,308.8829999991548,False,8.361814469274915,5.0675822191527255e-05,-7.229300734931824e-05,4.399530474073638e-05,nan,nan,nan,nan
30888,308.891999999,,308.89199999915473,False,8.36181446927492,5.066745635309931e-05,-7.228107297392491e-05,4.398804421821972e-05,nan,nan,nan,nan
30889,308.900999999,,308.9009999991547,False,8.361814469274925,5.065909645230111e-05,-7.226914684355257e-05,4.398078501165025e-05,nan,nan,nan,nan
30890,308.912999999,,308.91299999915464,False,8.361814469274934,5.0647950879709415e-05,-7.225324676363142e-05,4.39711078842172e-05,nan,nan,nan,nan
30891,308.921999999,,308.9219999991546,False,8.36181446927494,5.0639589602188816e-05,-7.224131888922506e-05,4.396385133418955e-05,nan,nan,nan,nan
30892,308.930999999,,308.93099999915455,False,8.361814469274941,5.0631234256781335e-05,-7.222939925160842e-05,4.395659609944294e-05,nan,nan,nan,nan
30893,308.942999999,,308.9429999991545,False,8.361814469274945,5.062009475434411e-05,-7.221350782390259e-05,4.3946924264443046e-05,nan,nan,nan,nan
30894,308.951999999,,308.95199999915445,False,8.361814469274949,5.061173802870631e-05,-7.220158643849224e-05,4.393967168224144e-05,nan,nan,nan,nan
30895,308.960999999,,308.9609999991544,False,8.361814469274936,5.0603387231257134e-05,-7.21896732846074e-05,4.3932420416653184e-05,nan,nan,nan,nan
30896,308.972999999,,308.97299999915435,False,8.361814469274913,5.059225379223327e-05,-7.217379050092682e-05,4.3922753877417114e-05,nan,nan,nan,nan
30897,308.981999999,,308.9819999991543,False,8.361814469274895,5.05839016153385e-05,-7.216187560092246e-05,4.391550526637227e-05,nan,nan,nan,nan
30898,308.990999999,,308.99099999915427,False,8.361814469274876,5.057555536402591e-05,-7.214996892911088e-05,4.3908257969609264e-05,nan,nan,nan,nan
30899,309.002999999,,309.0029999991542,False,8.36181446927485,5.056442798724525e-05,-7.213409479028056e-05,4.3898596720474884e-05,nan,nan,nan,nan
30900,309.011999999,,309.01199999915417,False,8.361814469274835,5.055608035977043e-05,-7.212218637770896e-05,4.389135207825531e-05,nan,nan,nan,nan
30901,309.020999999,,309.0209999991541,False,8.361814469274819,5.054773865614994e-05,-7.211028619137874e-05,4.3884108749984504e-05,nan,nan,nan,nan
30902,309.032999999,,309.0329999991541,False,8.361814469274796,5.053661734448072e-05,-7.209442070351997e-05,4.387445279161795e-05,nan,nan,nan,nan
30903,309.041999999,,309.04199999915403,False,8.36181446927478,5.0528274268877576e-05,-7.208251878438504e-05,4.386721211689138e-05,nan,nan,nan,nan
30904,309.050999999,,309.050999999154,False,8.361814469274767,5.051993711604252e-05,-7.20706250900595e-05,4.385997275711278e-05,nan,nan,nan,nan
30905,309.062999999,,309.06299999915393,False,8.361814469274748,5.0508821874524775e-05,-7.205476826277138e-05,4.38503220901802e-05,nan,nan,nan,nan
30906,309.071999999,,309.0719999991539,False,8.361814469274735,5.0500483355832594e-05,-7.204287284417819e-05,4.3843085383279684e-05,nan,nan,nan,nan
30907,309.080999999,,309.08099999915385,False,8.361814469274725,5.0492150758145283e-05,-7.203098564959558e-05,4.3835849990327956e-05,nan,nan,nan,nan
30908,309.092999999,,309.0929999991538,False,8.361814469274712,5.0481041594038326e-05,-7.201513749274615e-05,4.3826204614163195e-05,nan,nan,nan,nan
30909,309.101999999,,309.10199999915375,False,8.361814469274703,5.047270763634712e-05,-7.200324858286335e-05,4.381897187408954e-05,nan,nan,nan,nan
30910,309.110999999,,309.1109999991537,False,8.361814469274696,5.0464379598953314e-05,-7.199136789594381e-05,4.381174044863084e-05,nan,nan,nan,nan
30911,309.122999999,,309.12299999915365,False,8.361814469274686,5.045327651812882e-05,-7.197552842041375e-05,4.380210036090242e-05,nan,nan,nan,nan
30912,309.131999999,,309.1319999991536,False,8.36181446927468,5.044494712726149e-05,-7.196364602672031e-05,4.379487158765567e-05,nan,nan,nan,nan
30913,309.140999999,,309.14099999915356,False,8.361814469274675,5.043662365555981e-05,-7.195177185471651e-05,4.378764412802459e-05,nan,nan,nan,nan
30914,309.152999999,,309.1529999991535,False,8.361814469274668,5.042552666456104e-05,-7.193594107008943e-05,4.37780093283995e-05,nan,nan,nan,nan
30915,309.161999999,,309.16199999915347,False,8.361814469274663,5.041720184450364e-05,-7.192406519933375e-05,4.3770784519648134e-05,nan,nan,nan,nan
30916,309.170999999,,309.1709999991534,False,8.361814469274659,5.0408882942558066e-05,-7.191219754848968e-05,4.3763561026177827e-05,nan,nan,nan,nan
30917,309.182999999,,309.18299999915337,False,8.361814469274655,5.0397792046907924e-05,-7.189637546189334e-05,4.3753931511325316e-05,nan,nan,nan,nan
30918,309.191999999,,309.1919999991533,False,8.361814469274652,5.038947180139984e-05,-7.188450611909155e-05,4.374671066806856e-05,nan,nan,nan,nan
30919,309.200999999,,309.2009999991533,False,8.361814469274652,5.038115747219412e-05,-7.187264499383584e-05,4.3739491138094443e-05,nan,nan,nan,nan
30920,309.212999999,,309.2129999991532,False,8.361814469274648,5.0370072675490673e-05,-7.185683161012657e-05,4.372986691001297e-05,nan,nan,nan,nan
30921,309.221999999,,309.2219999991532,False,8.361814469274647,5.0361757006741805e-05,-7.184496879812938e-05,4.372265003358309e-05,nan,nan,nan,nan
30922,309.230999999,,309.23099999915314,False,8.361814469274645,5.035344725236681e-05,-7.183311420060384e-05,4.371543446710516e-05,nan,nan,nan,nan
30923,309.242999999,,309.2429999991531,False,8.361814469274645,5.0342368556266906e-05,-7.181730952191599e-05,4.370581552712699e-05,nan,nan,nan,nan
30924,309.251999999,,309.25199999915304,False,8.361814469274645,5.033405746487947e-05,-7.180545324175722e-05,4.369860261219488e-05,nan,nan,nan,nan
30925,309.260999999,,309.260999999153,False,8.361814469274643,5.032575228559946e-05,-7.179360517246507e-05,4.3691391009546226e-05,nan,nan,nan,nan
30926,309.272999999,,309.27299999915294,False,8.361814469274641,5.031467968993966e-05,-7.177780919874627e-05,4.3681777352009217e-05,nan,nan,nan,nan
30927,309.281999999,,309.2819999991529,False,8.361814469274643,5.03063731762772e-05,-7.176595944940849e-05,4.3674568398574914e-05,nan,nan,nan,nan
30928,309.290999999,,309.29099999915286,False,8.361814469274643,5.029807257116178e-05,-7.175411790728222e-05,4.3667360758090183e-05,nan,nan,nan,nan
30929,309.302999999,,309.3029999991528,False,8.361814469274645,5.0287006075100975e-05,-7.173833063593997e-05,4.3657752380995924e-05,nan,nan,nan,nan
30930,309.311999999,,309.31199999915276,False,8.361814469274645,5.0278704136900624e-05,-7.172648741547778e-05,4.3650547390058605e-05,nan,nan,nan,nan
30931,309.320999999,,309.3209999991527,False,8.361814469274645,5.027040810476732e-05,-7.171465239777491e-05,4.3643343711737805e-05,nan,nan,nan,nan
30932,309.332999999,,309.33299999915266,False,8.361814469274647,5.025934770528777e-05,-7.169887382528213e-05,4.363374061641856e-05,nan,nan,nan,nan
30933,309.341999999,,309.3419999991526,False,8.361814469274647,5.0251050341074886e-05,-7.168703713018617e-05,4.362653958531372e-05,nan,nan,nan,nan
30934,309.350999999,,309.3509999991526,False,8.361814469274648,5.024275887947504e-05,-7.167520863323351e-05,4.361933986715845e-05,nan,nan,nan,nan
30935,309.362999999,,309.3629999991525,False,8.36181446927465,5.0231704573118606e-05,-7.165943875395538e-05,4.360974204928436e-05,nan,nan,nan,nan
30936,309.371999999,,309.3719999991525,False,8.36181446927466,5.0223411779771695e-05,-7.164760858000505e-05,4.360254497734583e-05,nan,nan,nan,nan
30937,309.380999999,,309.38099999915244,False,8.36181446927468,5.021512488583412e-05,-7.163578659926842e-05,4.35953492153593e-05,nan,nan,nan,nan
30938,309.392999999,,309.3929999991524,False,8.361814469274709,5.020407666894304e-05,-7.162002540645843e-05,4.358575667559648e-05,nan,nan,nan,nan
30939,309.401999999,,309.40199999915234,False,8.361814469274728,5.0195788443669636e-05,-7.160820174817701e-05,4.357856356049283e-05,nan,nan,nan,nan
30940,309.410999999,,309.4109999991523,False,8.361814469274748,5.0187506113691774e-05,-7.159638627808649e-05,4.3571371755341144e-05,nan,nan,nan,nan
30941,309.422999999,,309.42299999915224,False,8.361814469274774,5.0176463981219793e-05,-7.158063376459666e-05,4.3561784492690405e-05,nan,nan,nan,nan
30942,309.431999999,,309.4319999991522,False,8.361814469274796,5.016818031956056e-05,-7.156881661675378e-05,4.355459533342241e-05,nan,nan,nan,nan
30943,309.440999999,,309.44099999915215,False,8.361814469274814,5.015990255000051e-05,-7.155700765182422e-05,4.3547407484439456e-05,nan,nan,nan,nan
30944,309.452999999,,309.4529999991521,False,8.361814469274835,5.014886649647932e-05,-7.15412638102799e-05,4.353782549357171e-05,nan,nan,nan,nan
30945,309.461999999,,309.46199999915206,False,8.36181446927485,5.014058739499201e-05,-7.15294531671353e-05,4.353064028980631e-05,nan,nan,nan,nan
30946,309.470999999,,309.470999999152,False,8.361814469274867,5.0132314181822804e-05,-7.151765070195628e-05,4.352345639466062e-05,nan,nan,nan,nan
30947,309.482999999,,309.48299999915196,False,8.361814469274885,5.012128420221045e-05,-7.150191552521534e-05,4.3513879672911345e-05,nan,nan,nan,nan
30948,309.491999999,,309.4919999991519,False,8.361814469274897,5.011300965679195e-05,-7.149011138172875e-05,4.350669842098481e-05,nan,nan,nan,nan
30949,309.500999999,,309.5009999991519,False,8.361814469274908,5.010474099624427e-05,-7.147831541111976e-05,4.349951847967638e-05,nan,nan,nan,nan
30950,309.512999999,,309.5129999991518,False,8.361814469274924,5.0093717086097034e-05,-7.14625888921163e-05,4.348994702737865e-05,nan,nan,nan,nan
30951,309.521999999,,309.5219999991518,False,8.361814469274933,5.008544709337503e-05,-7.145079124300057e-05,4.34827697289563e-05,nan,nan,nan,nan
30952,309.530999999,,309.53099999915173,False,8.361814469274943,5.0077182982158636e-05,-7.143900176168501e-05,4.3475593734157643e-05,nan,nan,nan,nan
30953,309.542999999,,309.5429999991517,False,8.36181446927495,5.006616513641085e-05,-7.142328389376812e-05,4.3466027547980803e-05,nan,nan,nan,nan
30954,309.551999999,,309.55199999915163,False,8.361814469274957,5.005789969319164e-05,-7.14114927337214e-05,4.345885419606822e-05,nan,nan,nan,nan
30955,309.560999999,,309.5609999991516,False,8.361814469274965,5.004964012750681e-05,-7.139970973673905e-05,4.345168215177617e-05,nan,nan,nan,nan
30956,309.572999999,,309.57299999915153,False,8.361814469274947,5.0038628341660926e-05,-7.13840005131535e-05,4.344212123105406e-05,nan,nan,nan,nan
30957,309.581999999,,309.5819999991515,False,8.361814469274934,5.003036744450765e-05,-7.137221583743302e-05,4.343495182631741e-05,nan,nan,nan,nan
30958,309.590999999,,309.59099999915145,False,8.361814469274917,5.002211242127978e-05,-7.13604393201043e-05,4.34277837288682e-05,nan,nan,nan,nan
30959,309.602999999,,309.6029999991514,False,8.361814469274895,5.001110669149851e-05,-7.134473873499706e-05,4.3418228069270965e-05,nan,nan,nan,nan
30960,309.611999999,,309.61199999915135,False,8.36181446927488,5.000285033631923e-05,-7.13329605399645e-05,4.3411062608046495e-05,nan,nan,nan,nan
30961,309.620999999,,309.6209999991513,False,8.361814469274863,4.999459985308788e-05,-7.132119049814352e-05,4.340389845444253e-05,nan,nan,nan,nan
30962,309.632999999,,309.63299999915125,False,8.361814469274844,4.998360017493994e-05,-7.130549854652228e-05,4.339434804897576e-05,nan,nan,nan,nan
30963,309.641999999,,309.6419999991512,False,8.361814469274828,4.9975348360551826e-05,-7.129372682737994e-05,4.3387186533261876e-05,nan,nan,nan,nan
30964,309.650999999,,309.65099999915117,False,8.361814469274817,4.9967102413501404e-05,-7.128196325754126e-05,4.338002631983943e-05,nan,nan,nan,nan
30965,309.662999999,,309.6629999991511,False,8.361814469274798,4.995610878375336e-05,-7.126627993389023e-05,4.337048117283298e-05,nan,nan,nan,nan
30966,309.671999999,,309.67199999915107,False,8.361814469274785,4.9947861506601986e-05,-7.125451468729623e-05,4.336332359663448e-05,nan,nan,nan,nan
30967,309.680999999,,309.680999999151,False,8.361814469274774,4.993962009394881e-05,-7.124275758514866e-05,4.3356167324059694e-05,nan,nan,nan,nan
30968,309.692999999,,309.69299999915097,False,8.36181446927476,4.992863250919261e-05,-7.122708288433556e-05,4.334662742785305e-05,nan,nan,nan,nan
30969,309.701999999,,309.7019999991509,False,8.361814469274751,4.992038976600572e-05,-7.121532410699889e-05,4.333947378917152e-05,nan,nan,nan,nan
30970,309.710999999,,309.7109999991509,False,8.361814469274744,4.991215288420892e-05,-7.120357346957984e-05,4.333232145444677e-05,nan,nan,nan,nan
30971,309.722999999,,309.72299999915083,False,8.361814469274732,4.9901171340378594e-05,-7.118790738774833e-05,4.332278680970606e-05,nan,nan,nan,nan
30972,309.731999999,,309.7319999991508,False,8.361814469274726,4.98929331291844e-05,-7.117615507611094e-05,4.331563710654311e-05,nan,nan,nan,nan
30973,309.740999999,,309.74099999915074,False,8.36181446927472,4.9884700776389444e-05,-7.116441090005308e-05,4.330848870767e-05,nan,nan,nan,nan
30974,309.752999999,,309.7529999991507,False,8.36181446927471,4.9873725270934396e-05,-7.114875343250553e-05,4.329895930906615e-05,nan,nan,nan,nan
30975,309.761999999,,309.76199999915065,False,8.361814469274707,4.9865491589933166e-05,-7.113700758316933e-05,4.329181353842417e-05,nan,nan,nan,nan
30976,309.770999999,,309.7709999991506,False,8.361814469274705,4.9857263764322206e-05,-7.112526986483944e-05,4.328466907340431e-05,nan,nan,nan,nan
30977,309.782999999,,309.78299999915055,False,8.361814469274698,4.9846294295027126e-05,-7.110962100676825e-05,4.327514491727359e-05,nan,nan,nan,nan
30978,309.791999999,,309.7919999991505,False,8.361814469274696,4.983806514190874e-05,-7.109788161609848e-05,4.326800308081792e-05,nan,nan,nan,nan
30979,309.800999999,,309.80099999915046,False,8.361814469274693,4.9829841840391146e-05,-7.108615035250791e-05,4.3260862548652114e-05,nan,nan,nan,nan
30980,309.812999999,,309.8129999991504,False,8.361814469274691,4.981887840323012e-05,-7.107051009977326e-05,4.3251343631663824e-05,nan,nan,nan,nan
30981,309.821999999,,309.82199999915036,False,8.36181446927469,4.981065377547817e-05,-7.105877716481907e-05,4.324420572539769e-05,nan,nan,nan,nan
30982,309.830999999,,309.8309999991503,False,8.361814469274687,4.980243499624887e-05,-7.104705235243296e-05,4.3237069119757626e-05,nan,nan,nan,nan
30983,309.842999999,,309.84299999915027,False,8.361814469274687,4.9791477587055466e-05,-7.103142070151233e-05,4.3227555440912616e-05,nan,nan,nan,nan
30984,309.851999999,,309.8519999991502,False,8.361814469274687,4.9783257482539556e-05,-7.101969421897608e-05,4.32204214635037e-05,nan,nan,nan,nan
30985,309.860999999,,309.8609999991502,False,8.361814469274687,4.977504322295372e-05,-7.100797585484591e-05,4.3213288785055556e-05,nan,nan,nan,nan
30986,309.872999999,,309.8729999991501,False,8.361814469274686,4.976409184052188e-05,-7.099235280049368e-05,4.320378034235538e-05,nan,nan,nan,nan
30987,309.881999999,,309.8819999991501,False,8.361814469274686,4.975587625656013e-05,-7.098063276740748e-05,4.319665028980691e-05,nan,nan,nan,nan
30988,309.890999999,,309.89099999915004,False,8.361814469274686,4.9747666514602865e-05,-7.096892084833964e-05,4.318952153555307e-05,nan,nan,nan,nan
30989,309.911999999,,309.91199999914994,False,8.361814469274687,4.972851008921354e-05,-7.0941592799797e-05,4.3172892191983845e-05,nan,nan,nan,nan
30990,309.911999999,,309.91199999914994,False,8.361814469274687,4.972851008921354e-05,-7.0941592799797e-05,4.3172892191983845e-05,nan,nan,nan,nan
30991,309.920999999,,309.9209999991499,False,8.361814469274686,4.9720304862533017e-05,-7.092988732231107e-05,4.316576736059203e-05,nan,nan,nan,nan
30992,309.932999999,,309.93299999914984,False,8.361814469274687,4.970934440059587e-05,-7.091425230455292e-05,4.3156268793992535e-05,nan,nan,nan,nan
