header_seq,header_stamp,header_frame_id,t,is_single_rotor_thrust,collective_thrust,bodyrates_x,bodyrates_y,bodyrates_z,thrusts_0,thrusts_1,thrusts_2,thrusts_3
1748,17.49,,17.49000000000055,False,8.361814208605624,-1.5552652598273353e-05,-1.0061815882541526e-05,0.00010927031722649863,nan,nan,nan,nan
1749,17.502,,17.50200000000055,False,8.36181421609644,-1.555882062883349e-05,-1.0066478140769997e-05,0.00010924647510671918,nan,nan,nan,nan
1750,17.511,,17.51100000000055,False,8.361814221565707,-1.556328147426922e-05,-1.0069856369728524e-05,0.00010922859587147687,nan,nan,nan,nan
1751,17.52,,17.52000000000055,False,8.361814226911498,-1.556759934006326e-05,-1.0073132014168567e-05,0.00010921071891445524,nan,nan,nan,nan
1752,17.532,,17.53200000000055,False,8.361814233876268,-1.5573143444163694e-05,-1.0077346726869996e-05,0.0001091868855858991,nan,nan,nan,nan
1753,17.541,,17.54100000000055,False,8.361814238961445,-1.5577146987441777e-05,-1.008039694721088e-05,0.00010916901213345877,nan,nan,nan,nan
1754,17.55,,17.55000000000055,False,8.361814243931834,-1.5581016928745635e-05,-1.0083351294625052e-05,0.00010915114031146641,nan,nan,nan,nan
1755,17.562,,17.562000000000552,False,8.361814250407487,-1.5585977612572862e-05,-1.0087147523143004e-05,0.00010912731289359074,nan,nan,nan,nan
1756,17.571,,17.571000000000552,False,8.36181425513555,-1.5589553561046996e-05,-1.0089891020097329e-05,0.00010910944322427849,nan,nan,nan,nan
1757,17.58,,17.580000000000553,False,8.361814085742303,-1.5862725602399185e-05,-7.068881318157643e-06,0.0001090915754758299,nan,nan,nan,nan
1758,17.592,,17.592000000000553,False,8.361813755323528,-1.6388590131268494e-05,-1.2262830748841044e-06,0.00010906775324993353,nan,nan,nan,nan
1759,17.601,,17.601000000000553,False,8.361812421361993,-1.8466136362756948e-05,2.202622622966316e-05,0.00010904989234617925,nan,nan,nan,nan
1760,17.61,,17.610000000000554,False,8.361810778382367,-2.1023984055656926e-05,5.066474667610968e-05,0.00010903203436212791,nan,nan,nan,nan
1761,17.622,,17.622000000000554,False,8.361806039221653,-2.8388258001306103e-05,0.0001331787045741149,0.00010900824262236944,nan,nan,nan,nan
1762,17.631,,17.631000000000554,False,8.361801544299933,-3.538036014604598e-05,0.00021153865817332736,0.0001089904116955893,nan,nan,nan,nan
1763,17.64,,17.640000000000555,False,8.361794119543259,-4.6926284363798355e-05,0.0003409656099088941,0.00010897262120013067,nan,nan,nan,nan
1764,17.652,,17.652000000000555,False,8.361782339731993,-6.523563024184074e-05,0.0005462623842289352,0.00010894896240374288,nan,nan,nan,nan
1765,17.661,,17.661000000000556,False,8.361768892177391,-8.610916329068787e-05,0.0007803695018017974,0.00010893135453470669,nan,nan,nan,nan
1766,17.67,,17.670000000000556,False,8.361754274719347,-0.00010873114331800755,0.0010341870902268217,0.00010891385702197022,nan,nan,nan,nan
1767,17.682,,17.682000000000556,False,8.361728192442662,-0.00014884434449591517,0.0014844139957870615,0.00010889094397393767,nan,nan,nan,nan
1768,17.691,,17.691000000000557,False,8.361706468095067,-0.00018197477229137262,0.0018564962108111017,0.00010887408360471466,nan,nan,nan,nan
1769,17.7,,17.700000000000557,False,8.361678808539681,-0.00022386490083882622,0.0023270889636203126,0.00010885786054223748,nan,nan,nan,nan
1770,17.712,,17.712000000000558,False,8.361638618052051,-0.0002836929415955225,0.0029997095789231674,0.00010883714383600767,nan,nan,nan,nan
1771,17.721,,17.721000000000558,False,8.361600472293938,-0.0003399092607132724,0.003631886257141736,0.00010882308567349702,nan,nan,nan,nan
1772,17.73,,17.730000000000558,False,8.361560830225525,-0.00039713395191421383,0.004275914179942493,0.00010881006397253683,nan,nan,nan,nan
1773,17.742,,17.74200000000056,False,8.361497815725366,-0.0004864949912882711,0.005281902658135579,0.00010879591665242667,nan,nan,nan,nan
1774,17.751,,17.75100000000056,False,8.361447873403794,-0.0005553107920753268,0.006057222850095857,0.00010878746548981244,nan,nan,nan,nan
1775,17.76,,17.76000000000056,False,8.361389373991084,-0.0006349871017089064,0.006954844498198156,0.00010878272135571118,nan,nan,nan,nan
1776,17.772,,17.77200000000056,False,8.361307626336915,-0.0007422075472083545,0.008163631702528021,0.00010878094612269683,nan,nan,nan,nan
1777,17.781,,17.78100000000056,False,8.361235459488652,-0.000835732648182074,0.00921764094449196,0.00010878638921579378,nan,nan,nan,nan
1778,17.79,,17.79000000000056,False,8.36116221684068,-0.0009270098359702976,0.010246936105783845,0.00010879581847974434,nan,nan,nan,nan
1779,17.802,,17.80200000000056,False,8.36105166045676,-0.0010619111999916177,0.0117675191899397,0.00010882036367969631,nan,nan,nan,nan
1780,17.811,,17.81100000000056,False,8.360966378068108,-0.00116127609377624,0.012887882582949014,0.00010884572118422805,nan,nan,nan,nan
1781,17.82,,17.82000000000056,False,8.360870447312726,-0.001272284688395547,0.014138449436262603,0.0001088829662427688,nan,nan,nan,nan
1782,17.832,,17.832000000000562,False,8.360739411809403,-0.001415958082446441,0.01575707521981188,0.00010894497954919397,nan,nan,nan,nan
1783,17.841,,17.841000000000562,False,8.360628059647388,-0.0015376634314932293,0.017126358801959986,0.00010901040383094575,nan,nan,nan,nan
1784,17.85,,17.850000000000563,False,8.360516751159471,-0.0016528120879469315,0.018421799846865042,0.00010908484539717738,nan,nan,nan,nan
1785,17.862,,17.862000000000563,False,8.360353558801563,-0.001819018371774743,0.020288967893142173,0.00010921328484891872,nan,nan,nan,nan
1786,17.871,,17.871000000000564,False,8.360229851256761,-0.0019376124667715444,0.021620432178770205,0.0001093239221994787,nan,nan,nan,nan
1787,17.88,,17.880000000000564,False,8.360093931688928,-0.0020687034308265236,0.02308957018796048,0.00010946136442918837,nan,nan,nan,nan
1788,17.892,,17.892000000000564,False,8.359911081445532,-0.0022334717024263045,0.024934276061942175,0.00010966728107344446,nan,nan,nan,nan
1789,17.901,,17.901000000000565,False,8.359759247078639,-0.0023722151179622454,0.02648381480434236,0.000109860887953844,nan,nan,nan,nan
1790,17.91,,17.910000000000565,False,8.35960910565616,-0.0025000095175391427,0.02790944018443022,0.00011006839557594235,nan,nan,nan,nan
1791,17.922,,17.922000000000565,False,8.359393011707638,-0.002683151494722303,0.029946992952324676,0.00011039971533737035,nan,nan,nan,nan
1792,17.931,,17.931000000000566,False,8.359231216776953,-0.002810323701233898,0.03135878993970134,0.000110669510108704,nan,nan,nan,nan
1793,17.94,,17.940000000000566,False,8.35905611477385,-0.0029514522284332136,0.032920923721303605,0.00011098779119685623,nan,nan,nan,nan
1794,17.951999999999998,,17.952000000000567,False,8.358823143863543,-0.0031242148880757277,0.03482756447062862,0.00011144279008283606,nan,nan,nan,nan
1795,17.961,,17.961000000000567,False,8.358632621154934,-0.003270945299227441,0.03644054126389324,0.00011185110970873312,nan,nan,nan,nan
1796,17.97,,17.970000000000567,False,8.358445767982337,-0.0034025037303975236,0.037881700273928245,0.0001122739631250564,nan,nan,nan,nan
1797,17.982,,17.982000000000568,False,8.358180225692474,-0.003591681877418847,0.03994416798366541,0.00011292377041224709,nan,nan,nan,nan
1798,17.991,,17.991000000000568,False,8.357983258190512,-0.003719576670883676,0.041330589340936245,0.0001134344218978776,nan,nan,nan,nan
1799,18.0,,18.00000000000057,False,8.357772294564022,-0.0038636625601931015,0.04288540305577131,0.00011402101026997722,nan,nan,nan,nan
1800,18.012,,18.01200000000057,False,8.357493986573697,-0.004035458647447643,0.04472519670182941,0.0001148328134177326,nan,nan,nan,nan
1801,18.021,,18.02100000000057,False,8.357268815815297,-0.004184403114008079,0.04631092447013678,0.00011554295631950022,nan,nan,nan,nan
1802,18.03,,18.03000000000057,False,8.35704942913183,-0.004314207084351553,0.04768005825186999,0.00011625916987370369,nan,nan,nan,nan
1803,18.042,,18.04200000000057,False,8.356740512352687,-0.004503196103816646,0.04965752339977961,0.00011733432939732311,nan,nan,nan,nan
1804,18.051,,18.05100000000057,False,8.3565130623114,-0.004627542273852236,0.050940209650432756,0.00011815596560049813,nan,nan,nan,nan
1805,18.06,,18.06000000000057,False,8.356271276284154,-0.00477120247691514,0.05241368216617724,0.00011908562901718059,nan,nan,nan,nan
1806,18.072,,18.07200000000057,False,8.355954473069504,-0.004938047048572631,0.05409345523652221,0.00012033854952439643,nan,nan,nan,nan
1807,18.081,,18.08100000000057,False,8.355700169864106,-0.005087265640163662,0.055586277294763786,0.00012141888912027591,nan,nan,nan,nan
1808,18.09,,18.090000000000572,False,8.355453738850825,-0.005213598329015614,0.056821162216170173,0.00012248329462434448,nan,nan,nan,nan
1809,18.102,,18.102000000000572,False,8.35510914700696,-0.005401284733700691,0.058635176329796396,0.0001240573012234629,nan,nan,nan,nan
1810,18.111,,18.111000000000573,False,8.35485695751532,-0.005521566801490062,0.059759037953839876,0.00012523077680945296,nan,nan,nan,nan
1811,18.12,,18.120000000000573,False,8.354590372443221,-0.005665183960078809,0.06109797725575776,0.00012654836666754673,nan,nan,nan,nan
1812,18.132,,18.132000000000573,False,8.354243019210298,-0.005827930902815386,0.0625513657727245,0.00012828168087254175,nan,nan,nan,nan
1813,18.141,,18.141000000000574,False,8.353965832878632,-0.005979092503850912,0.06390238049884242,0.00012976626708343126,nan,nan,nan,nan
1814,18.15,,18.150000000000574,False,8.353698435498412,-0.006103666371875291,0.06495701207080772,0.00013119595086548492,nan,nan,nan,nan
1815,18.162,,18.162000000000575,False,8.353326493917365,-0.006293398000503083,0.06654657928749266,0.00013329049463715358,nan,nan,nan,nan
1816,18.171,,18.171000000000575,False,8.353055622305854,-0.006412229101748061,0.06746846058430055,0.00013481472826212517,nan,nan,nan,nan
1817,18.18,,18.180000000000575,False,8.352770464006548,-0.0065592651679009665,0.06862812766233903,0.00013652293748748302,nan,nan,nan,nan
1818,18.192,,18.192000000000576,False,8.352400571628795,-0.006722554441081082,0.06979850064372033,0.000138716059591989,nan,nan,nan,nan
1819,18.201,,18.201000000000576,False,8.352106644795924,-0.006880117051585347,0.07096195074346574,0.00014059378935642972,nan,nan,nan,nan
1820,18.21,,18.210000000000576,False,8.351824117975493,-0.007007191500708096,0.07179303916519478,0.0001423582491381434,nan,nan,nan,nan
1821,18.222,,18.222000000000577,False,8.351432593773277,-0.00720559316061357,0.07309632265549834,0.00014493043225908644,nan,nan,nan,nan
1822,18.231,,18.231000000000577,False,8.351148522861894,-0.00732779545754062,0.07377171668173606,0.00014675371175264934,nan,nan,nan,nan
1823,18.24,,18.240000000000578,False,8.35085025954508,-0.007483904687366549,0.07470256654932567,0.00014880415743580253,nan,nan,nan,nan
1824,18.252,,18.252000000000578,False,8.35046461843657,-0.0076549710296051985,0.07552639172598766,0.00015136574188024133,nan,nan,nan,nan
1825,18.261,,18.26100000000058,False,8.350158931202916,-0.007825345065098388,0.0764474983146735,0.0001535715996140455,nan,nan,nan,nan
1826,18.27,,18.27000000000058,False,8.349865827074339,-0.007960890020997117,0.07700327373902695,0.00015558466761531804,nan,nan,nan,nan
1827,18.282,,18.28200000000058,False,8.349460436356331,-0.008176818925595911,0.0779435445187709,0.00015851546915592014,nan,nan,nan,nan
1828,18.291,,18.29100000000058,False,8.349166958317571,-0.00830865536241695,0.07831720823617093,0.00016052726380561642,nan,nan,nan,nan
1829,18.3,,18.30000000000058,False,8.348859099602711,-0.00848097577349549,0.07895603379618574,0.00016281121358623608,nan,nan,nan,nan
1830,18.312,,18.31200000000058,False,8.348461685922985,-0.008668726276882687,0.07935268341637286,0.0001655672548167303,nan,nan,nan,nan
1831,18.321,,18.32100000000058,False,8.348146761861866,-0.008859648111380082,0.07996064142600191,0.0001679717589461696,nan,nan,nan,nan
1832,18.33,,18.33000000000058,False,8.347845084309789,-0.009010723068710634,0.08017496703961725,0.0001700815330642762,nan,nan,nan,nan
1833,18.342,,18.34200000000058,False,8.347427714304748,-0.009254504997610937,0.08065379195055625,0.00017316044603546502,nan,nan,nan,nan
1834,18.351,,18.35100000000058,False,8.347125625403025,-0.009403117215132603,0.08065579135882452,0.00017518008542790324,nan,nan,nan,nan
1835,18.36,,18.360000000000582,False,8.346808341455498,-0.00959975395928656,0.0809222972937871,0.00017751512065492997,nan,nan,nan,nan
1836,18.372,,18.372000000000583,False,8.346398524039447,-0.0098140888338938,0.08079093982030186,0.00018019139661410087,nan,nan,nan,nan
1837,18.381,,18.381000000000583,False,8.346073007852462,-0.010034155838170647,0.08099716618941016,0.00018258469190657534,nan,nan,nan,nan
1838,18.39,,18.390000000000583,False,8.34576085459022,-0.010208442606002883,0.08078873513444725,0.00018455817447578034,nan,nan,nan,nan
1839,18.402,,18.402000000000584,False,8.345327703835478,-0.01049128488623537,0.08068578989034049,0.00018745962947136203,nan,nan,nan,nan
1840,18.411,,18.411000000000584,False,8.34501347992196,-0.010664253329262565,0.08023230418968211,0.0001892188445185824,nan,nan,nan,nan
1841,18.42,,18.420000000000584,False,8.34468223791811,-0.01089386207557262,0.08003035792671451,0.00019132838844707,nan,nan,nan,nan
1842,18.432,,18.432000000000585,False,8.344253071191723,-0.011145115891804799,0.0792527803352247,0.00019352356927022772,nan,nan,nan,nan
1843,18.441,,18.441000000000585,False,8.343910425300448,-0.011403384006693159,0.07895352519597469,0.0001955913175725638,nan,nan,nan,nan
1844,18.45,,18.450000000000585,False,8.343580792497416,-0.011608776525167534,0.07822918875726773,0.00019709126543390024,nan,nan,nan,nan
1845,18.462,,18.462000000000586,False,8.343120813733352,-0.011942224066976252,0.07740741864442573,0.00019933953761225822,nan,nan,nan,nan
1846,18.471,,18.471000000000586,False,8.342785567413008,-0.012147151672515056,0.07640529803246374,0.00020045676033058035,nan,nan,nan,nan
1847,18.48,,18.480000000000587,False,8.342430117277765,-0.012418517933565519,0.07562786737854217,0.00020194028734493648,nan,nan,nan,nan
1848,18.492,,18.492000000000587,False,8.341967176318617,-0.01271688435692006,0.0740758447858489,0.00020308733692064513,nan,nan,nan,nan
1849,18.501,,18.501000000000587,False,8.341594876252657,-0.01302241898848008,0.07315814395489594,0.00020437653446022392,nan,nan,nan,nan
1850,18.51,,18.510000000000588,False,8.341235006981112,-0.013266563755346926,0.0718192992265195,0.00020492909745856914,nan,nan,nan,nan
1851,18.522,,18.522000000000588,False,8.340729200546765,-0.013661850411150025,0.07013399780073228,0.00020584987173015342,nan,nan,nan,nan
1852,18.531,,18.53100000000059,False,8.340358332828977,-0.013905861899489665,0.06848795712563557,0.00020579540356140927,nan,nan,nan,nan
1853,18.54,,18.54000000000059,False,8.33996248712807,-0.014227364360706094,0.06702463721608702,0.00020608839250533745,nan,nan,nan,nan
1854,18.552,,18.55200000000059,False,8.339443837854873,-0.014582161737366376,0.0645703416296476,0.00020540371032093507,nan,nan,nan,nan
1855,18.561,,18.56100000000059,False,8.339023546533467,-0.014943432707836858,0.06292021435155068,0.00020527800089093894,nan,nan,nan,nan
1856,18.57,,18.57000000000059,False,8.33861529218964,-0.015233118153548112,0.06087113240897928,0.00020423129184056265,nan,nan,nan,nan
1857,18.582,,18.58200000000059,False,8.338037509034617,-0.01570028110058065,0.058181496767169646,0.00020289032997796087,nan,nan,nan,nan
1858,18.591,,18.59100000000059,False,8.33761153874811,-0.015989348250655153,0.0558028657680105,0.00020094335060806458,nan,nan,nan,nan
1859,18.6,,18.60000000000059,False,8.337154255254436,-0.01636821860300749,0.05354897582823691,0.00019926806749785047,nan,nan,nan,nan
1860,18.612,,18.61200000000059,False,8.336552216978873,-0.01678689477775267,0.0500770897944791,0.0001956907629451058,nan,nan,nan,nan
1861,18.621,,18.621000000000592,False,8.336061456743021,-0.017210942146081716,0.047589062410146744,0.00019327728869987908,nan,nan,nan,nan
1862,18.63,,18.630000000000592,False,8.335583144459688,-0.017551275238867806,0.04474625727560628,0.0001897536787974771,nan,nan,nan,nan
1863,18.642,,18.642000000000593,False,8.334903068860628,-0.018097958410584647,0.040928319102191066,0.00018488698304878007,nan,nan,nan,nan
1864,18.651,,18.651000000000593,False,8.334400113095837,-0.018436008091849424,0.03774456137158716,0.0001800885702000525,nan,nan,nan,nan
1865,18.66,,18.660000000000593,False,8.333858364510004,-0.018877347429276322,0.0346110997224087,0.00017540033109090516,nan,nan,nan,nan
1866,18.672,,18.672000000000594,False,8.333143665751095,-0.01936418617897017,0.030031739128752934,0.00016752911621737028,nan,nan,nan,nan
1867,18.681,,18.681000000000594,False,8.332559442187222,-0.019855533138034905,0.026619105891958535,0.0001616632749348254,nan,nan,nan,nan
1868,18.69,,18.690000000000595,False,8.331989659699238,-0.020248890340905698,0.022921181079114263,0.000154512721092878,nan,nan,nan,nan
1869,18.701999999999998,,18.702000000000595,False,8.331178500842965,-0.020878826312488195,0.017881449264113797,0.00014445929441368426,nan,nan,nan,nan
1870,18.711,,18.711000000000595,False,8.330578754350412,-0.0212666335216017,0.013845983674025184,0.00013557089795481744,nan,nan,nan,nan
1871,18.72,,18.720000000000596,False,8.329932517967894,-0.02177219049051971,0.009770030568894446,0.00012651029797765745,nan,nan,nan,nan
1872,18.732,,18.732000000000596,False,8.329081216608618,-0.022326739466582264,0.004031963805753635,0.00011255354081593009,nan,nan,nan,nan
1873,18.741,,18.741000000000597,False,8.328385842020317,-0.02288606945612334,-0.0003625460369163121,0.00010173479895166523,nan,nan,nan,nan
1874,18.75,,18.750000000000597,False,8.3277093303524,-0.02333084754296711,-0.0049448921762446545,8.950335358926706e-05,nan,nan,nan,nan
1875,18.762,,18.762000000000597,False,8.32674841113082,-0.024042057730065083,-0.011255455184169772,7.216160302842298e-05,nan,nan,nan,nan
1876,18.771,,18.771000000000598,False,8.326040698115577,-0.024475961811832845,-0.016153400908991103,5.764595132478163e-05,nan,nan,nan,nan
1877,18.78,,18.780000000000598,False,8.325280087270729,-0.02504271233239184,-0.021198075342760744,4.2515790322111034e-05,nan,nan,nan,nan
1878,18.792,,18.7920000000006,False,8.32428318676236,-0.025657995266782793,-0.02809422450839859,2.0281245583638357e-05,nan,nan,nan,nan
1879,18.801,,18.8010000000006,False,8.323472175630272,-0.02628064294392111,-0.0334875864298889,2.6622270597881406e-06,nan,nan,nan,nan
1880,18.81,,18.8100000000006,False,8.322687634845867,-0.02676986596317797,-0.03894160966166132,-1.6401298686335906e-05,nan,nan,nan,nan
1881,18.822,,18.8220000000006,False,8.321579496802876,-0.027552658727533996,-0.04651355116476128,-4.35599233652063e-05,nan,nan,nan,nan
1882,18.831,,18.8310000000006,False,8.320769528278761,-0.028023168748616212,-0.05223926197180015,-6.550939303733655e-05,nan,nan,nan,nan
1883,18.84,,18.8400000000006,False,8.319903604856083,-0.02864176606606344,-0.058231591727939125,-8.871396158839003e-05,nan,nan,nan,nan
1884,18.852,,18.8520000000006,False,8.318778640797063,-0.029302379027126187,-0.06622044273127921,-0.00012175080566698655,nan,nan,nan,nan
1885,18.861,,18.8610000000006,False,8.317870004648608,-0.029976713400920747,-0.07257850813766775,-0.00014830966282931678,nan,nan,nan,nan
1886,18.87,,18.8700000000006,False,8.316999074250115,-0.030496579257292142,-0.07883975720080377,-0.00017617661180706427,nan,nan,nan,nan
1887,18.882,,18.882000000000602,False,8.315779939745639,-0.03133146404186428,-0.08759138069649174,-0.00021599037785958016,nan,nan,nan,nan
1888,18.891,,18.891000000000602,False,8.314899326565184,-0.031821847560014,-0.09405542712649757,-0.00024733682818541496,nan,nan,nan,nan
1889,18.9,,18.900000000000603,False,8.313965507761047,-0.032475041642266105,-0.10091675403196182,-0.00028080732224720814,nan,nan,nan,nan
1890,18.912,,18.912000000000603,False,8.312768548892896,-0.033155272529310484,-0.10985601225875676,-0.0003273068339712823,nan,nan,nan,nan
1891,18.921,,18.921000000000603,False,8.311812150506398,-0.03386108432961089,-0.11708309462689857,-0.00036507657494261455,nan,nan,nan,nan
1892,18.93,,18.930000000000604,False,8.310908177282995,-0.034389567617663014,-0.12402644712307058,-0.0004037519959421494,nan,nan,nan,nan
1893,18.942,,18.942000000000604,False,8.309659705374587,-0.03524525190149286,-0.13379096558848463,-0.0004590932806040671,nan,nan,nan,nan
1894,18.951,,18.951000000000604,False,8.308774118426157,-0.03573023783658122,-0.14084093403646517,-0.0005017213107922718,nan,nan,nan,nan
1895,18.96,,18.960000000000605,False,8.307846403976795,-0.036391405146160107,-0.14842560102448973,-0.0005475822631318318,nan,nan,nan,nan
1896,18.972,,18.972000000000605,False,8.306682031446325,-0.03705357244789658,-0.1580854768635767,-0.0006099639685404395,nan,nan,nan,nan
1897,18.981,,18.981000000000606,False,8.305766972750444,-0.03776062719816397,-0.16601508382883629,-0.0006610384305829161,nan,nan,nan,nan
1898,18.99,,18.990000000000606,False,8.30492153381191,-0.038266303634887616,-0.17344724569855224,-0.0007122272856466243,nan,nan,nan,nan
1899,19.002,,19.002000000000606,False,8.30377894541025,-0.03909801354782985,-0.1839620115730556,-0.0007855170818389086,nan,nan,nan,nan
1900,19.011,,19.011000000000607,False,8.302993216904126,-0.03954279588257741,-0.19137612498913753,-0.0008408412071057069,nan,nan,nan,nan
1901,19.02,,19.020000000000607,False,8.302186865514795,-0.040174783649820016,-0.19946402083606446,-0.0009007286272911142,nan,nan,nan,nan
1902,19.032,,19.032000000000608,False,8.30121297235131,-0.040768073946093775,-0.2095197192788852,-0.0009805751972542718,nan,nan,nan,nan
1903,19.041,,19.041000000000608,False,8.300470465317582,-0.04143506491582671,-0.21790772618315143,-0.0010463844077880642,nan,nan,nan,nan
1904,19.05,,19.05000000000061,False,8.29981515489803,-0.04187639312097523,-0.22556252490449918,-0.0011109877352654888,nan,nan,nan,nan
1905,19.062,,19.06200000000061,False,8.298968247579497,-0.0426248607010196,-0.2364623318064386,-0.0012034731169319603,nan,nan,nan,nan
1906,19.071,,19.07100000000061,False,8.298425870170272,-0.04298466347408124,-0.2439465133646085,-0.001271878133617996,nan,nan,nan,nan
1907,19.08,,19.08000000000061,False,8.297895863126787,-0.04353923494686688,-0.2522393110199562,-0.0013463398978583133,nan,nan,nan,nan
1908,19.092,,19.09200000000061,False,8.297319845985934,-0.043999423254627815,-0.26226898043932967,-0.0014435815699051064,nan,nan,nan,nan
1909,19.101,,19.10100000000061,False,8.29691889117435,-0.04457364471326816,-0.27079128169430633,-0.0015242304250816102,nan,nan,nan,nan
1910,19.11,,19.11000000000061,False,8.29661984365113,-0.04489901951965972,-0.27832979113508055,-0.001601685484310338,nan,nan,nan,nan
1911,19.122,,19.12200000000061,False,8.296303502496766,-0.0454905906836211,-0.2891472390255525,-0.001712507945647453,nan,nan,nan,nan
1912,19.131,,19.13100000000061,False,8.296178154617403,-0.0457111295698975,-0.29633787651912785,-0.0017926548351530555,nan,nan,nan,nan
1913,19.14,,19.14000000000061,False,8.296109062755642,-0.04612937576681544,-0.3044614562173808,-0.0018804127024539359,nan,nan,nan,nan
1914,19.152,,19.152000000000612,False,8.296172501615285,-0.0463799019532168,-0.3139528998848181,-0.001992363607613217,nan,nan,nan,nan
1915,19.161,,19.161000000000612,False,8.29630623955384,-0.046798034660505555,-0.32221029746046786,-0.0020858585707748093,nan,nan,nan,nan
1916,19.17,,19.170000000000613,False,8.29654949889143,-0.046946982498414204,-0.3292284631641649,-0.0021733992301421366,nan,nan,nan,nan
1917,19.182,,19.182000000000613,False,8.297021375463148,-0.047295366673118476,-0.33940520217338155,-0.002298571946207424,nan,nan,nan,nan
1918,19.191,,19.191000000000614,False,8.297499019214058,-0.04731457278897923,-0.34588037272777794,-0.002386673239272238,nan,nan,nan,nan
1919,19.2,,19.200000000000614,False,8.298084972073577,-0.04752868345409073,-0.3533964126444004,-0.002483861729063717,nan,nan,nan,nan
1920,19.212,,19.212000000000614,False,8.299035494221556,-0.047483564265668514,-0.36176632881159176,-0.0026042825183675705,nan,nan,nan,nan
1921,19.221,,19.221000000000615,False,8.299897507721182,-0.04767395829875419,-0.3692997203594724,-0.002705792293087737,nan,nan,nan,nan
1922,19.23,,19.230000000000615,False,8.300864845833853,-0.04757981281985331,-0.3753462896245068,-0.0027977886612791276,nan,nan,nan,nan
1923,19.242,,19.242000000000616,False,8.302370132476572,-0.04758993042597181,-0.38425899373708583,-0.002929316417561332,nan,nan,nan,nan
1924,19.251,,19.251000000000616,False,8.303622015175268,-0.04734122495459427,-0.3895607318332022,-0.0030185701521710942,nan,nan,nan,nan
1925,19.26,,19.260000000000616,False,8.305037455502843,-0.04727791560860218,-0.3959901688388906,-0.0031181566473832563,nan,nan,nan,nan
1926,19.272,,19.272000000000617,False,8.307089232648806,-0.046846800507157185,-0.4026190060198886,-0.0032366317556467112,nan,nan,nan,nan
1927,19.281,,19.281000000000617,False,8.30884137536398,-0.04673348803770789,-0.408937262214629,-0.0033380166537657218,nan,nan,nan,nan
1928,19.29,,19.290000000000617,False,8.310678477386977,-0.046327702789417106,-0.41354392647518584,-0.003425635304217994,nan,nan,nan,nan
1929,19.302,,19.302000000000618,False,8.313405035197476,-0.045901798729695464,-0.42054735973375706,-0.003551119685472175,nan,nan,nan,nan
1930,19.311,,19.311000000000618,False,8.31555443888635,-0.04531895694527665,-0.42421617871246653,-0.003631563776155449,nan,nan,nan,nan
1931,19.32,,19.32000000000062,False,8.317919033530082,-0.044904569834968426,-0.4290756631188458,-0.0037232263077840617,nan,nan,nan,nan
1932,19.335,,19.33500000000062,False,8.322062213481045,-0.04374226914574035,-0.43425911154012925,-0.003849083523193701,nan,nan,nan,nan
1933,19.341,,19.34100000000062,False,8.323943095648275,-0.043508156717218624,-0.43797954571285413,-0.003915126179222042,nan,nan,nan,nan
1934,19.35,,19.35000000000062,False,8.326724786662687,-0.042726039851416014,-0.44070289670931956,-0.003986595113697825,nan,nan,nan,nan
1935,19.362,,19.36200000000062,False,8.33076622733539,-0.04177057048078805,-0.44519346501764306,-0.004089722185251376,nan,nan,nan,nan
1936,19.371,,19.37100000000062,False,8.33385982402825,-0.04079120789554615,-0.44682680354523163,-0.004148827959675307,nan,nan,nan,nan
1937,19.38,,19.38000000000062,False,8.337207875720477,-0.03995489270614565,-0.4496939283004584,-0.004219638601332344,nan,nan,nan,nan
1938,19.392,,19.39200000000062,False,8.341747968091621,-0.03849566092912541,-0.45113134991194137,-0.004287721792868129,nan,nan,nan,nan
1939,19.401,,19.40100000000062,False,8.345463234396814,-0.037555873323618136,-0.4536507128923504,-0.004352580937868693,nan,nan,nan,nan
1940,19.41,,19.410000000000622,False,8.349164551829437,-0.036340548599434364,-0.45413846454539925,-0.004394406172283974,nan,nan,nan,nan
1941,19.422,,19.422000000000622,False,8.35443962111609,-0.03477724716585277,-0.45562147351351084,-0.0044567145486560785,nan,nan,nan,nan
1942,19.431,,19.431000000000623,False,8.358399951868721,-0.03335873096670658,-0.45487838219201826,-0.004480776066912617,nan,nan,nan,nan
1943,19.44,,19.440000000000623,False,8.362637637985387,-0.03205163436312623,-0.455376300503461,-0.00451659750711597,nan,nan,nan,nan
1944,19.452,,19.452000000000623,False,8.368279374244482,-0.029990699701244915,-0.45353287879226606,-0.004532410704186357,nan,nan,nan,nan
1945,19.461,,19.461000000000624,False,8.372838669958263,-0.02855794708775036,-0.4535963391260539,-0.004558011491226515,nan,nan,nan,nan
1946,19.47,,19.470000000000624,False,8.377309217274018,-0.026878189960474776,-0.4515624520894333,-0.004556638433917498,nan,nan,nan,nan
1947,19.482,,19.482000000000625,False,8.383597012917722,-0.024657389919925072,-0.4496665884945917,-0.004559943351611936,nan,nan,nan,nan
0.00028080732224720814,nan,nan,nan,nan
1890,18.912,,18.912000000000603,False,8.312768548892896,-0.033155272529310484,-0.10985601225875676,-0.0003273068339712823,nan,nan,nan,nan
1891,18.921,,18.921000000000603,False,8.311812150506398,-0.03386108432961089,-0.11708309462689857,-0.00036507657494261455,nan,nan,nan,nan
1892,18.93,,18.930000000000604,False,8.310908177282995,-0.034389567617663014,-0.12402644712307058,-0.0004037519959421494,nan,nan,nan,nan
1893,18.942,,18.942000000000604,False,8.309659705374587,-0.03524525190149286,-0.13379096558848463,-0.0004590932806040671,nan,nan,nan,nan
1894,18.951,,18.951000000000604,False,8.308774118426157,-0.03573023783658122,-0.14084093403646517,-0.0005017213107922718,nan,nan,nan,nan
1895,18.96,,18.960000000000605,False,8.307846403976795,-0.036391405146160107,-0.14842560102448973,-0.0005475822631318318,nan,nan,nan,nan
1896,18.972,,18.972000000000605,False,8.306682031446325,-0.03705357244789658,-0.1580854768635767,-0.0006099639685404395,nan,nan,nan,nan
1897,18.981,,18.981000000000606,False,8.305766972750444,-0.03776062719816397,-0.16601508382883629,-0.0006610384305829161,nan,nan,nan,nan
1898,18.99,,18.990000000000606,False,8.30492153381191,-0.038266303634887616,-0.17344724569855224,-0.0007122272856466243,nan,nan,nan,nan
1899,19.002,,19.002000000000606,False,8.30377894541025,-0.03909801354782985,-0.1839620115730556,-0.0007855170818389086,nan,nan,nan,nan
1900,19.011,,19.011000000000607,False,8.302993216904126,-0.03954279588257741,-0.19137612498913753,-0.0008408412071057069,nan,nan,nan,nan
1901,19.02,,19.020000000000607,False,8.302186865514795,-0.040174783649820016,-0.19946402083606446,-0.0009007286272911142,nan,nan,nan,nan
1902,19.032,,19.032000000000608,False,8.30121297235131,-0.040768073946093775,-0.2095197192788852,-0.0009805751972542718,nan,nan,nan,nan
1903,19.041,,19.041000000000608,False,8.300470465317582,-0.04143506491582671,-0.21790772618315143,-0.0010463844077880642,nan,nan,nan,nan
1904,19.05,,19.05000000000061,False,8.29981515489803,-0.04187639312097523,-0.22556252490449918,-0.0011109877352654888,nan,nan,nan,nan
1905,19.062,,19.06200000000061,False,8.298968247579497,-0.0426248607010196,-0.2364623318064386,-0.0012034731169319603,nan,nan,nan,nan
1906,19.071,,19.07100000000061,False,8.298425870170272,-0.04298466347408124,-0.2439465133646085,-0.001271878133617996,nan,nan,nan,nan
1907,19.08,,19.08000000000061,False,8.297895863126787,-0.04353923494686688,-0.2522393110199562,-0.0013463398978583133,nan,nan,nan,nan
1908,19.092,,19.09200000000061,False,8.297319845985934,-0.043999423254627815,-0.26226898043932967,-0.0014435815699051064,nan,nan,nan,nan
1909,19.101,,19.10100000000061,False,8.29691889117435,-0.04457364471326816,-0.27079128169430633,-0.0015242304250816102,nan,nan,nan,nan
1910,19.11,,19.11000000000061,False,8.29661984365113,-0.04489901951965972,-0.27832979113508055,-0.001601685484310338,nan,nan,nan,nan
1911,19.122,,19.12200000000061,False,8.296303502496766,-0.0454905906836211,-0.2891472390255525,-0.001712507945647453,nan,nan,nan,nan
1912,19.131,,19.13100000000061,False,8.296178154617403,-0.0457111295698975,-0.29633787651912785,-0.0017926548351530555,nan,nan,nan,nan
1913,19.14,,19.14000000000061,False,8.296109062755642,-0.04612937576681544,-0.3044614562173808,-0.0018804127024539359,nan,nan,nan,nan
1914,19.152,,19.152000000000612,False,8.296172501615285,-0.0463799019532168,-0.3139528998848181,-0.001992363607613217,nan,nan,nan,nan
1915,19.161,,19.161000000000612,False,8.29630623955384,-0.046798034660505555,-0.32221029746046786,-0.0020858585707748093,nan,nan,nan,nan
1916,19.17,,19.170000000000613,False,8.29654949889143,-0.046946982498414204,-0.3292284631641649,-0.0021733992301421366,nan,nan,nan,nan
1917,19.182,,19.182000000000613,False,8.297021375463148,-0.047295366673118476,-0.33940520217338155,-0.002298571946207424,nan,nan,nan,nan
1918,19.191,,19.191000000000614,False,8.297499019214058,-0.04731457278897923,-0.34588037272777794,-0.002386673239272238,nan,nan,nan,nan
1919,19.2,,19.200000000000614,False,8.298084972073577,-0.04752868345409073,-0.3533964126444004,-0.002483861729063717,nan,nan,nan,nan
1920,19.212,,19.212000000000614,False,8.299035494221556,-0.047483564265668514,-0.36176632881159176,-0.0026042825183675705,nan,nan,nan,nan
1921,19.221,,19.221000000000615,False,8.299897507721182,-0.04767395829875419,-0.3692997203594724,-0.002705792293087737,nan,nan,nan,nan
1922,19.23,,19.230000000000615,False,8.300864845833853,-0.04757981281985331,-0.3753462896245068,-0.0027977886612791276,nan,nan,nan,nan
1923,19.242,,19.242000000000616,False,8.302370132476572,-0.04758993042597181,-0.38425899373708583,-0.002929316417561332,nan,nan,nan,nan
1924,19.251,,19.251000000000616,False,8.303622015175268,-0.04734122495459427,-0.3895607318332022,-0.0030185701521710942,nan,nan,nan,nan
1925,19.26,,19.260000000000616,False,8.305037455502843,-0.04727791560860218,-0.3959901688388906,-0.0031181566473832563,nan,nan,nan,nan
1926,19.272,,19.272000000000617,False,8.307089232648806,-0.046846800507157185,-0.4026190060198886,-0.0032366317556467112,nan,nan,nan,nan
1927,19.281,,19.281000000000617,False,8.30884137536398,-0.04673348803770789,-0.408937262214629,-0.0033380166537657218,nan,nan,nan,nan
1928,19.29,,19.290000000000617,False,8.310678477386977,-0.046327702789417106,-0.41354392647518584,-0.003425635304217994,nan,nan,nan,nan
1929,19.302,,19.302000000000618,False,8.313405035197476,-0.045901798729695464,-0.42054735973375706,-0.003551119685472175,nan,nan,nan,nan
1930,19.311,,19.311000000000618,False,8.31555443888635,-0.04531895694527665,-0.42421617871246653,-0.003631563776155449,nan,nan,nan,nan
1931,19.32,,19.32000000000062,False,8.317919033530082,-0.044904569834968426,-0.4290756631188458,-0.0037232263077840617,nan,nan,nan,nan
1932,19.335,,19.33500000000062,False,8.322062213481045,-0.04374226914574035,-0.43425911154012925,-0.003849083523193701,nan,nan,nan,nan
1933,19.341,,19.34100000000062,False,8.323943095648275,-0.043508156717218624,-0.43797954571285413,-0.003915126179222042,nan,nan,nan,nan
1934,19.35,,19.35000000000062,False,8.326724786662687,-0.042726039851416014,-0.44070289670931956,-0.003986595113697825,nan,nan,nan,nan
1935,19.362,,19.36200000000062,False,8.33076622733539,-0.04177057048078805,-0.44519346501764306,-0.004089722185251376,nan,nan,nan,nan
1936,19.371,,19.37100000000062,False,8.33385982402825,-0.04079120789554615,-0.44682680354523163,-0.004148827959675307,nan,nan,nan,nan
1937,19.38,,19.38000000000062,False,8.337207875720477,-0.03995489270614565,-0.4496939283004584,-0.004219638601332344,nan,nan,nan,nan
1938,19.392,,19.39200000000062,False,8.341747968091621,-0.03849566092912541,-0.45113134991194137,-0.004287721792868129,nan,nan,nan,nan
1939,19.401,,19.40100000000062,False,8.345463234396814,-0.037555873323618136,-0.4536507128923504,-0.004352580937868693,nan,nan,nan,nan
1940,19.41,,19.410000000000622,False,8.349164551829437,-0.036340548599434364,-0.45413846454539925,-0.004394406172283974,nan,nan,nan,nan
1941,19.422,,19.422000000000622,False,8.35443962111609,-0.03477724716585277,-0.45562147351351084,-0.0044567145486560785,nan,nan,nan,nan
1942,19.431,,19.431000000000623,False,8.358399951868721,-0.03335873096670658,-0.45487838219201826,-0.004480776066912617,nan,nan,nan,nan
1943,19.44,,19.440000000000623,False,8.362637637985387,-0.03205163436312623,-0.455376300503461,-0.00451659750711597,nan,nan,nan,nan
1944,19.452,,19.452000000000623,False,8.368279374244482,-0.029990699701244915,-0.45353287879226606,-0.004532410704186357,nan,nan,nan,nan
1945,19.461,,19.461000000000624,False,8.372838669958263,-0.02855794708775036,-0.4535963391260539,-0.004558011491226515,nan,nan,nan,nan
1946,19.47,,19.470000000000624,False,8.377309217274018,-0.026878189960474776,-0.4515624520894333,-0.004556638433917498,nan,nan,nan,nan
1947,19.482,,19.482000000000625,False,8.383597012917722,-0.024657389919925072,-0.4496665884945917,-0.004559943351611936,nan,nan,nan,nan
1948,19.494,,19.494000000000625,False,8.389709610434918,-0.02205776417761019,-0.4444124911877203,-0.004517567300249277,nan,nan,nan,nan
1949,19.5,,19.500000000000625,False,8.393157462458882,-0.020957045126702666,-0.44428161074404515,-0.0045241706288361595,nan,nan,nan,nan
1950,19.512,,19.512000000000626,False,8.399600300503474,-0.01826023423365723,-0.4389983061958253,-0.004472074245989079,nan,nan,nan,nan
1951,19.521,,19.521000000000626,False,8.404764143396532,-0.016295912511481943,-0.43647080901003876,-0.004446545325567509,nan,nan,nan,nan
1952,19.53,,19.530000000000626,False,8.409745599226085,-0.014125792994109524,-0.4318586135664548,-0.004391546220603673,nan,nan,nan,nan
1953,19.542,,19.542000000000627,False,8.41666669858181,-0.011207539319205232,-0.42652156686890536,-0.0043224114383806625,nan,nan,nan,nan
1954,19.551,,19.551000000000627,False,8.421693844539142,-0.008841012601041292,-0.4206646417663474,-0.004242553149220491,nan,nan,nan,nan
1955,19.56,,19.560000000000628,False,8.426972788551609,-0.006495083430859755,-0.41603643728404616,-0.004174209387433849,nan,nan,nan,nan
1956,19.572,,19.572000000000628,False,8.433777251404024,-0.0031542512784648825,-0.40742189685379226,-0.004045558935505569,nan,nan,nan,nan
1957,19.581,,19.58100000000063,False,8.439160559962989,-0.0006490449541165747,-0.40237365595081215,-0.003962553523454372,nan,nan,nan,nan
1958,19.59,,19.59000000000063,False,8.44428492844496,0.0019991546290673927,-0.39532136732063033,-0.0038495848882216448,nan,nan,nan,nan
1959,19.602,,19.60200000000063,False,8.45132386150884,0.005600224168862589,-0.3867209049256766,-0.0037031713193089667,nan,nan,nan,nan
1960,19.611,,19.61100000000063,False,8.456351640012786,0.008422459124855303,-0.37851239503841994,-0.003565773817207626,nan,nan,nan,nan
1961,19.623,,19.62300000000063,False,8.463342169921487,0.012245786734530853,-0.36917416734200115,-0.003397433024926945,nan,nan,nan,nan
1962,19.632,,19.63200000000063,False,8.468221283653772,0.015226034806190985,-0.35987207537702487,-0.0032366684950352947,nan,nan,nan,nan
1963,19.641,,19.64100000000063,False,8.473419192747087,0.018255196618823053,-0.35252412353214674,-0.0030979790657053915,nan,nan,nan,nan
1964,19.65,,19.65000000000063,False,8.478299707283957,0.021356652865029975,-0.34331044777889586,-0.0029313253854829483,nan,nan,nan,nan
1965,19.662,,19.66200000000063,False,8.48490010224832,0.025618245717960998,-0.33183363552185074,-0.002714783485292529,nan,nan,nan,nan
1966,19.671,,19.67100000000063,False,8.489522823969937,0.028865204075729067,-0.3216363476582205,-0.002527819753017791,nan,nan,nan,nan
1967,19.68,,19.680000000000632,False,8.494298308062525,0.03221272320998461,-0.31261295670846767,-0.002353295240838666,nan,nan,nan,nan
1968,19.692,,19.692000000000633,False,8.500224793041271,0.036708658941671274,-0.2985488569889181,-0.0020899771959932297,nan,nan,nan,nan
1969,19.701,,19.701000000000633,False,8.504825332291217,0.04022942252230514,-0.28934466799177033,-0.001907442193304225,nan,nan,nan,nan
1970,19.71,,19.710000000000633,False,8.509040082932032,0.04372988169366169,-0.27848908008939716,-0.0017014781294561597,nan,nan,nan,nan
1971,19.722,,19.722000000000634,False,8.514688300394806,0.048575698924699214,-0.26486741293255334,-0.001435557575103817,nan,nan,nan,nan
1972,19.731,,19.731000000000634,False,8.518212704842243,0.052183693983681244,-0.2532800410421734,-0.001217304537700294,nan,nan,nan,nan
1973,19.74,,19.740000000000634,False,8.521278740981396,0.055970286245305804,-0.24285511390936687,-0.0010130361233659886,nan,nan,nan,nan
1974,19.752,,19.752000000000635,False,8.524232732393283,0.060946473732193446,-0.2272365576791504,-0.0007187369284430112,nan,nan,nan,nan
1975,19.761,,19.761000000000635,False,8.526203339851769,0.06492012551342971,-0.21684739111567303,-0.0005148457130465643,nan,nan,nan,nan
1976,19.77,,19.770000000000636,False,8.527563240749858,0.06877691298854136,-0.2050487353967453,-0.00029428298734267017,nan,nan,nan,nan
1977,19.782,,19.782000000000636,False,8.529126590653123,0.07416327464150135,-0.19023226431124465,-1.3349024024080899e-05,nan,nan,nan,nan
1978,19.791,,19.791000000000636,False,8.529816132215538,0.07808604356169391,-0.17798027302020553,0.0002086399346237185,nan,nan,nan,nan
1979,19.8,,19.800000000000637,False,8.530533848481081,0.08226331818082182,-0.16686198539096084,0.00041497495686965006,nan,nan,nan,nan
1980,19.812,,19.812000000000637,False,8.530979134141937,0.08762844838915225,-0.1506262263256387,0.0007014463011119054,nan,nan,nan,nan
1981,19.821,,19.821000000000637,False,8.531409329463301,0.09198201742020688,-0.13975523283450444,0.0008973571039696512,nan,nan,nan,nan
1982,19.83,,19.830000000000638,False,8.531495772884634,0.09610200986702784,-0.12771638797835766,0.001101923505759819,nan,nan,nan,nan
1983,19.842,,19.84200000000064,False,8.53164112806168,0.10189131242189832,-0.11265762655775236,0.0013564943206915117,nan,nan,nan,nan
1984,19.851,,19.85100000000064,False,8.531463837283201,0.10600712724554633,-0.10046948406107181,0.0015500913932758097,nan,nan,nan,nan
1985,19.86,,19.86000000000064,False,8.531414088631179,0.11045126699976271,-0.08942741317005021,0.001726169920303154,nan,nan,nan,nan
1986,19.872,,19.87200000000064,False,8.530999870152506,0.11602094738198276,-0.07363084815297265,0.001960717374691114,nan,nan,nan,nan
1987,19.881,,19.88100000000064,False,8.530846202980003,0.12061349465427988,-0.06312588646762526,0.002115685904758451,nan,nan,nan,nan
1988,19.89,,19.89000000000064,False,8.53042411782404,0.12484391498887598,-0.05170737118487678,0.0022710038821195113,nan,nan,nan,nan
1989,19.905,,19.90500000000064,False,8.52979336599607,0.13229573452917134,-0.03410026758495276,0.002499018279978007,nan,nan,nan,nan
1990,19.911,,19.91100000000064,False,8.529347032965033,0.13496902080208895,-0.02643462401730193,0.0025879809613689304,nan,nan,nan,nan
1991,19.92,,19.92000000000064,False,8.528892509610642,0.1395122055891769,-0.016462953379797435,0.0027019919178452685,nan,nan,nan,nan
1992,19.932,,19.93200000000064,False,8.527990537967037,0.1450609757863206,-0.0024267571208226478,0.0028433738063288827,nan,nan,nan,nan
1993,19.941,,19.941000000000642,False,8.527481127540764,0.14973402280114043,0.006673734480950797,0.002927772506272385,nan,nan,nan,nan
1994,19.95,,19.950000000000642,False,8.526737106879674,0.1539167285377966,0.016457632764971964,0.003005449476926855,nan,nan,nan,nan
1995,19.962,,19.962000000000643,False,8.525849207188957,0.1598784901371228,0.028137799610839308,0.0030841625915674483,nan,nan,nan,nan
1996,19.971,,19.971000000000643,False,8.524985465721194,0.16388114460162148,0.037280402257234085,0.0031313830448156618,nan,nan,nan,nan
1997,19.983,,19.983000000000644,False,8.524050357716158,0.16984886218364592,0.047498521469022455,0.003167688027065491,nan,nan,nan,nan
1998,19.992,,19.992000000000644,False,8.523092029171156,0.17361443857106074,0.05582368189749934,0.003183090060000006,nan,nan,nan,nan
1999,20.001,,20.001000000000644,False,8.52240316846632,0.17812974302105383,0.06223990821970543,0.0031805280559583007,nan,nan,nan,nan
2000,20.01,,20.010000000000645,False,8.521512042095171,0.182013360381824,0.06913901669052283,0.0031670146882857345,nan,nan,nan,nan
2001,20.022,,20.022000000000645,False,8.520495143898017,0.18759633009178106,0.07667259594160708,0.003126965046799644,nan,nan,nan,nan
2002,20.031,,20.031000000000645,False,8.519577197477732,0.19118177925405858,0.08250597396259776,0.0030827560828435587,nan,nan,nan,nan
2003,20.04,,20.040000000000646,False,8.51887591974081,0.1952817246049318,0.08676326954268485,0.0030256964956335954,nan,nan,nan,nan
2004,20.052,,20.052000000000646,False,8.517752900599733,0.1998910538526097,0.09263205363642128,0.0029312022482063816,nan,nan,nan,nan
2005,20.061,,20.061000000000647,False,8.51719761656315,0.20397089654836198,0.09511240857411177,0.0028487032823366386,nan,nan,nan,nan
2006,20.07,,20.070000000000647,False,8.516479664564445,0.20728411265178792,0.09798447956817743,0.0027549292266203017,nan,nan,nan,nan
2007,20.082,,20.082000000000647,False,8.515811903209961,0.21211372601903547,0.09981621794156291,0.0026180466531923333,nan,nan,nan,nan
2008,20.091,,20.091000000000648,False,8.51520832164363,0.21501962281979461,0.10129800814711816,0.00250371289419043,nan,nan,nan,nan
2009,20.1,,20.100000000000648,False,8.514923480657055,0.21848166470958416,0.1009445578585017,0.002386694347770298,nan,nan,nan,nan
2010,20.112,,20.11200000000065,False,8.514429363729942,0.22208798181855327,0.10061479297802318,0.002217829455293862,nan,nan,nan,nan
2011,20.121,,20.12100000000065,False,8.514482500732205,0.22545078598479945,0.09810728947077399,0.002093920699213934,nan,nan,nan,nan
2012,20.13,,20.13000000000065,False,8.51441059005819,0.22792648056803844,0.0960337705917647,0.001962368834049671,nan,nan,nan,nan
2013,20.142,,20.14200000000065,False,8.514781059807545,0.23162089242982367,0.09089655429633414,0.0017942106796984868,nan,nan,nan,nan
2014,20.151,,20.15100000000065,False,8.515013627174676,0.23356034642612172,0.08718575477206887,0.0016636080111447139,nan,nan,nan,nan
2015,20.16,,20.16000000000065,False,8.515712874321215,0.23606332666517205,0.0812975221139925,0.001547006619950852,nan,nan,nan,nan
2016,20.172,,20.17200000000065,False,8.516611164540105,0.23824089120575034,0.07369433680861123,0.0013899569164330283,nan,nan,nan,nan
2017,20.181,,20.18100000000065,False,8.51790022714477,0.24052683613893094,0.06530107060436487,0.001297096000418001,nan,nan,nan,nan
2018,20.19,,20.19000000000065,False,8.51909726614541,0.24181856240998845,0.057529035586667485,0.0012028020349929055,nan,nan,nan,nan
2019,20.202,,20.202000000000652,False,8.521396747919425,0.2438811259121782,0.0443864968808296,0.0011123538800418612,nan,nan,nan,nan
2020,20.211,,20.211000000000652,False,8.52313662837946,0.24449751090075372,0.03485596697402134,0.0010499358328856301,nan,nan,nan,nan
2021,20.22,,20.220000000000653,False,8.525542923175797,0.24565503422321905,0.022752299159542782,0.0010247063851912047,nan,nan,nan,nan
2022,20.232,,20.232000000000653,False,8.528805352635686,0.24592031139439605,0.007192658844573102,0.0010028496367019573,nan,nan,nan,nan
2023,20.241,,20.241000000000653,False,8.532124573657612,0.24673423378088033,-0.007643969749313497,0.001040714657876458,nan,nan,nan,nan
2024,20.25,,20.250000000000654,False,8.535381451209561,0.2464816814544715,-0.021482460604017258,0.0010826568547061008,nan,nan,nan,nan
2025,20.262,,20.262000000000654,False,8.540741218985591,0.2464118128467956,-0.04308488961098601,0.0012081448316206107,nan,nan,nan,nan
2026,20.271,,20.271000000000654,False,8.544845081599616,0.2453658459003977,-0.05858073376022359,0.0013161165025672036,nan,nan,nan,nan
2027,20.28,,20.280000000000655,False,8.549882993399063,0.24481300131002232,-0.07705431523353906,0.0014890414790856188,nan,nan,nan,nan
2028,20.292,,20.292000000000655,False,8.556760336941561,0.24273392479458084,-0.10050351367838231,0.0017403128426603475,nan,nan,nan,nan
2029,20.301,,20.301000000000656,False,8.563136314828657,0.2417215927628129,-0.12172602223843752,0.0020163540803235912,nan,nan,nan,nan
2030,20.31,,20.310000000000656,False,8.56948154641665,0.23961949753576034,-0.1413641554701735,0.0022962023333724796,nan,nan,nan,nan
2031,20.322,,20.322000000000656,False,8.579379977641482,0.23699528332881978,-0.17097291474745172,0.002773427415708341,nan,nan,nan,nan
2032,20.331,,20.331000000000657,False,8.586973623514838,0.23401905824318928,-0.19188137963074067,0.0031460679605561995,nan,nan,nan,nan
2033,20.34,,20.340000000000657,False,8.595861744371723,0.23146275211323591,-0.21613356206396891,0.0036117680362926763,nan,nan,nan,nan
2034,20.352,,20.352000000000658,False,8.608008466995285,0.22671851699086404,-0.2463989142765259,0.004249180459619997,nan,nan,nan,nan
2035,20.361,,20.361000000000658,False,8.618800922678817,0.22361076704631996,-0.27313430197260324,0.004846314256105177,nan,nan,nan,nan
2036,20.37,,20.37000000000066,False,8.629598039662719,0.2194503314592121,-0.2974963319982745,0.005435280046471423,nan,nan,nan,nan
2037,20.382,,20.38200000000066,False,8.645992099528685,0.2139859591636984,-0.3335130063672549,0.006350525725611352,nan,nan,nan,nan
2038,20.391,,20.39100000000066,False,8.658562340486295,0.2089255546897027,-0.35842892677097343,0.007038256586456098,nan,nan,nan,nan
2039,20.4,,20.40000000000066,False,8.672902907930826,0.2041913084735744,-0.38695597381217656,0.007841291505227336,nan,nan,nan,nan
2040,20.412,,20.41200000000066,False,8.692481659592211,0.1966354251412108,-0.42176728602558583,0.008902496736730783,nan,nan,nan,nan
2041,20.421,,20.42100000000066,False,8.709452117370848,0.19130153189623364,-0.4521700722742315,0.009839377547219261,nan,nan,nan,nan
2042,20.43,,20.43000000000066,False,8.726453512846584,0.18502320026563746,-0.4792432394625767,0.010739586772881095,nan,nan,nan,nan
2043,20.442,,20.44200000000066,False,8.751826392284102,0.1766455445399126,-0.5187527447685478,0.012077243775410411,nan,nan,nan,nan
2044,20.451,,20.45100000000066,False,8.771235210427074,0.1695175942817581,-0.5453218346070927,0.013049223244449067,nan,nan,nan,nan
2045,20.46,,20.46000000000066,False,8.793005233119676,0.16261096141247933,-0.5756070883569294,0.014146242067951531,nan,nan,nan,nan
2046,20.472,,20.472000000000662,False,8.822639531847788,0.15234997688618798,-0.6114153271261481,0.01554700981135286,nan,nan,nan,nan
2047,20.481,,20.481000000000662,False,8.847878845757545,0.1448616663262538,-0.6426098854207941,0.016743600589824853,nan,nan,nan,nan
2048,20.49,,20.490000000000663,False,8.873127475064996,0.1366144349317358,-0.6694322311637366,0.017857647828228327,nan,nan,nan,nan
2049,20.502,,20.502000000000663,False,8.910298978403924,0.1255446628335741,-0.7082173969386857,0.019462803920276054,nan,nan,nan,nan
2050,20.511,,20.511000000000664,False,8.938606717824316,0.11659174113704142,-0.7332007707481196,0.020584207157756062,nan,nan,nan,nan
2051,20.52,,20.520000000000664,False,8.969932555603766,0.10775630934008221,-0.7618005857480353,0.021823709284726853,nan,nan,nan,nan
2052,20.532,,20.532000000000664,False,9.012356538426175,0.09521714253083334,-0.7939728317781523,0.02333961020121065,nan,nan,nan,nan
2053,20.541,,20.541000000000665,False,9.047956244028436,0.08590103239044154,-0.8222366641501547,0.02460771117742612,nan,nan,nan,nan
2054,20.55,,20.550000000000665,False,9.083428674343747,0.07608536357995792,-0.8451399597868183,0.025736020595468284,nan,nan,nan,nan
2055,20.562,,20.562000000000666,False,9.134992685047138,0.0628930777141068,-0.878076836178775,0.027319134638509674,nan,nan,nan,nan
2056,20.571,,20.571000000000666,False,9.174000780786239,0.052612960062004596,-0.8977144722450053,0.028362851917889672,nan,nan,nan,nan
2057,20.58,,20.580000000000666,False,9.216634090279507,0.04235803537003642,-0.9206717806031869,0.029502579279503855,nan,nan,nan,nan
2058,20.592,,20.592000000000667,False,9.273950965755965,0.02830683651570358,-0.9441308788448012,0.03080356809659475,nan,nan,nan,nan
2059,20.601,,20.601000000000667,False,9.321366981815686,0.017754025781658928,-0.9654415875366775,0.03188025860371449,nan,nan,nan,nan
2060,20.61,,20.610000000000667,False,9.368323338450384,0.0070163830502600185,-0.9806493226391146,0.03276183719187714,nan,nan,nan,nan
2061,20.622,,20.622000000000668,False,9.435693926548513,-0.007401133640566109,-1.0025950226552118,0.03396361897590347,nan,nan,nan,nan
2062,20.631,,20.631000000000668,False,9.486214785049187,-0.018288893210150127,-1.0133196047955042,0.03466641118750411,nan,nan,nan,nan
2063,20.64,,20.64000000000067,False,9.540876600523847,-0.029230831167963073,-1.0269216639403613,0.03543550533572813,nan,nan,nan,nan
2064,20.652,,20.65200000000067,False,9.613976946379166,-0.04376983337994252,-1.0371616903603844,0.03617574669087028,nan,nan,nan,nan
2065,20.661,,20.66100000000067,False,9.673586349763609,-0.0547779873874361,-1.04801007472359,0.03679724903247671,nan,nan,nan,nan
2066,20.67,,20.67000000000067,False,9.73209505796323,-0.06563696695871313,-1.0524520504166466,0.037186908097354886,nan,nan,nan,nan
2067,20.682,,20.68200000000067,False,9.814645690353835,-0.08020128740065033,-1.0593916346662398,0.03768819605793202,nan,nan,nan,nan
2068,20.691,,20.69100000000067,False,9.875649243599296,-0.09088611919887336,-1.0586907880812386,0.03783543079219221,nan,nan,nan,nan
2069,20.7,,20.70000000000067,False,9.94034380401033,-0.10171006719814656,-1.060442481898598,0.03802505169608875,nan,nan,nan,nan
2070,20.712,,20.71200000000067,False,10.025077512811654,-0.11569113514634563,-1.0549523200060078,0.03796846316327129,nan,nan,nan,nan
2071,20.721,,20.72100000000067,False,10.09267155254502,-0.12639047209334478,-1.0535034593540058,0.03796827258412211,nan,nan,nan,nan
2072,20.73,,20.730000000000672,False,10.157999642525185,-0.13664412626815725,-1.0459293202439293,0.037731567396769874,nan,nan,nan,nan
2073,20.742,,20.742000000000672,False,10.24842023739345,-0.15043551526413404,-1.0364135487518447,0.03737684100109593,nan,nan,nan,nan
2074,20.751,,20.751000000000673,False,10.314085052016862,-0.16028612390668182,-1.0237468070926476,0.03688659230907622,nan,nan,nan,nan
2075,20.76,,20.760000000000673,False,10.38259878317119,-0.17039865441337615,-1.0130792783431213,0.036425750129481176,nan,nan,nan,nan
2076,20.772,,20.772000000000673,False,10.470875045606114,-0.18312281638358766,-0.9917088467796881,0.03552287995555143,nan,nan,nan,nan
2077,20.781,,20.781000000000674,False,10.540077053411657,-0.19303746619845755,-0.977752700759463,0.03487723646829932,nan,nan,nan,nan
2078,20.79,,20.790000000000674,False,10.605921936575898,-0.20228030779411288,-0.958370411152719,0.034022367828033404,nan,nan,nan,nan
2079,20.802,,20.802000000000675,False,10.695087295648722,-0.21484432129927983,-0.932674978010797,0.032848344928313206,nan,nan,nan,nan
2080,20.811,,20.811000000000675,False,10.758356361556064,-0.2236062665451767,-0.9085951813819477,0.031781228930417654,nan,nan,nan,nan
2081,20.82,,20.820000000000675,False,10.822839488228917,-0.23281222123251677,-0.8859148264266792,0.030743255124741155,nan,nan,nan,nan
2082,20.832,,20.832000000000676,False,10.903559146260141,-0.2441466598809647,-0.8496107481271767,0.0291342433562346,nan,nan,nan,nan
2083,20.841,,20.841000000000676,False,10.964679656532198,-0.253262150573778,-0.8236707345249691,0.02796375208784101,nan,nan,nan,nan
2084,20.85,,20.850000000000676,False,11.021084060192164,-0.2615677414686531,-0.793270997049303,0.026638295328413837,nan,nan,nan,nan
2085,20.862,,20.862000000000677,False,11.094563011638668,-0.27312527786650753,-0.7522331999843022,0.02486460360331227,nan,nan,nan,nan
2086,20.871,,20.871000000000677,False,11.144554968313285,-0.2810586465739219,-0.7175025518999885,0.023410231377654227,nan,nan,nan,nan
2087,20.88,,20.880000000000678,False,11.193465628038416,-0.2896980814008928,-0.6832498025218539,0.0219954714907836,nan,nan,nan,nan
2088,20.892,,20.892000000000678,False,11.251739453948744,-0.3002088121383037,-0.6326453062781963,0.019975854331164767,nan,nan,nan,nan
2089,20.901,,20.90100000000068,False,11.29347842152977,-0.3090371377429918,-0.5946922537067407,0.018513895723951315,nan,nan,nan,nan
2090,20.91,,20.91000000000068,False,11.329760003074457,-0.31697874748723204,-0.5532671602335492,0.016968480350457504,nan,nan,nan,nan
2091,20.922,,20.92200000000068,False,11.372853041631657,-0.32842728472494864,-0.49627400135890143,0.014949053882435852,nan,nan,nan,nan
2092,20.931,,20.93100000000068,False,11.398836766050295,-0.33628145121045866,-0.4503277351586221,0.013390392695880238,nan,nan,nan,nan
2093,20.94,,20.94000000000068,False,11.42076809783378,-0.3452128075648807,-0.4033603640916822,0.011895594434572856,nan,nan,nan,nan
2094,20.951999999999998,,20.95200000000068,False,11.441232845251118,-0.35616258508706095,-0.33673232693760946,0.00988403988126552,nan,nan,nan,nan
2095,20.961,,20.96100000000068,False,11.450584466813599,-0.3658261181597597,-0.28470822349957525,0.008465473853987783,nan,nan,nan,nan
2096,20.97,,20.97000000000068,False,11.453846608677441,-0.3745984167941301,-0.23009202571877474,0.007049828777896289,nan,nan,nan,nan
2097,20.982,,20.98200000000068,False,11.448638529935483,-0.3877583986502027,-0.15319108371367965,0.005283480045505674,nan,nan,nan,nan
2098,20.991,,20.991000000000682,False,11.437799927992021,-0.39698610653216315,-0.0927351657933391,0.004014079371244632,nan,nan,nan,nan
2099,21.0,,21.000000000000682,False,11.419808992058247,-0.40784799710750325,-0.028745276747718866,0.002862697711150252,nan,nan,nan,nan
2100,21.012,,21.012000000000683,False,11.38677548327857,-0.42153019806643666,0.060243135114308885,0.001455806801469118,nan,nan,nan,nan
2101,21.021,,21.021000000000683,False,11.352649719120242,-0.43399267634251204,0.13252372446191837,0.0005761385785447055,nan,nan,nan,nan
2102,21.03,,21.030000000000683,False,11.313331974516965,-0.44559687793190084,0.2068428909650468,-0.000189105934027393,nan,nan,nan,nan
2103,21.042,,21.042000000000684,False,11.248894841324578,-0.46343458225935846,0.3136288307837863,-0.000930289929558084,nan,nan,nan,nan
2104,21.051,,21.051000000000684,False,11.19490706166092,-0.4763221976081926,0.3964487472462129,-0.001288450774696352,nan,nan,nan,nan
2105,21.06,,21.060000000000684,False,11.13282441367058,-0.4916223394719377,0.4855534606739798,-0.0014023004447040383,nan,nan,nan,nan
2106,21.072,,21.072000000000685,False,11.04389716476688,-0.5114151026972277,0.607567311082129,-0.0012070646378702433,nan,nan,nan,nan
2107,21.081,,21.081000000000685,False,10.96846102785718,-0.5294213735939537,0.7072559510616203,-0.000694880026130308,nan,nan,nan,nan
2108,21.09,,21.090000000000686,False,10.891138183355386,-0.5465249140647837,0.8077873883884776,9.164270741454795e-05,nan,nan,nan,nan
2109,21.102,,21.102000000000686,False,10.778917970088056,-0.5727232861700583,0.9514788500873179,0.0017266664989064166,nan,nan,nan,nan
2110,21.111,,21.111000000000686,False,10.692897785833873,-0.5919235624619467,1.060776290419159,0.003365416668284121,nan,nan,nan,nan
2111,21.12,,21.120000000000687,False,10.60084505623756,-0.6144206785188655,1.1783541913344862,0.005501179323127536,nan,nan,nan,nan
2112,21.132,,21.132000000000687,False,10.477659307367963,-0.6437636871952499,1.3364070316849217,0.009023318140897213,nan,nan,nan,nan
2113,21.141,,21.141000000000687,False,10.379890116370968,-0.6699835354392891,1.4655942572194596,0.012391894495276086,nan,nan,nan,nan
2114,21.15,,21.150000000000688,False,10.284610345959969,-0.6949963687873646,1.593562192049717,0.016257918951044694,nan,nan,nan,nan
2115,21.162,,21.16200000000069,False,10.154701662938972,-0.7326697107033812,1.7757761174384963,0.0225265453441047,nan,nan,nan,nan
2116,21.171,,21.17100000000069,False,10.061313610888774,-0.7601046604096903,1.9118453653200458,0.027939185140132505,nan,nan,nan,nan
2117,21.18,,21.18000000000069,False,9.967060430633786,-0.7915642196976751,2.0582252178854072,0.03427157636889695,nan,nan,nan,nan
2118,21.192,,21.19200000000069,False,9.849396881509552,-0.8320180720158022,2.2511155577692286,0.04380523016852342,nan,nan,nan,nan
2119,21.201,,21.20100000000069,False,9.76276907969877,-0.867223577144415,2.4084796450484864,0.052236053100477395,nan,nan,nan,nan
2120,21.21,,21.21000000000069,False,9.68420901685645,-0.9001703483342999,2.560816588691447,0.06138579008874762,nan,nan,nan,nan
2121,21.222,,21.22200000000069,False,9.587066562397498,-0.9483081966496153,2.7752821864101307,0.07537206704127389,nan,nan,nan,nan
2122,21.231,,21.23100000000069,False,9.525036503815969,-0.9821403411728076,2.930592468938401,0.0868045830256985,nan,nan,nan,nan
2123,21.24,,21.24000000000069,False,9.4700476811018,-1.0197766121646008,3.0958386772963613,0.09962730669311408,nan,nan,nan,nan
2124,21.252,,21.25200000000069,False,9.41412184010154,-1.0657309015067162,3.304756003473961,0.11794771784777558,nan,nan,nan,nan
2125,21.264,,21.264000000000692,False,9.377309649331439,-1.1162252108073845,3.5250995645074994,0.13874397660262894,nan,nan,nan,nan
2126,21.27,,21.270000000000692,False,9.367959881605737,-1.1375885228793052,3.624331985396749,0.14941662097708797,nan,nan,nan,nan
2127,21.282,,21.282000000000693,False,9.367189032528064,-1.1836127044695164,3.8305442931257714,0.17268230497378764,nan,nan,nan,nan
2128,21.291,,21.291000000000693,False,9.383325195437717,-1.2125614104057485,3.968479740999806,0.1906232454037751,nan,nan,nan,nan
2129,21.3,,21.300000000000693,False,9.41582018636671,-1.2430846343501716,4.109328784809451,0.20988999589755417,nan,nan,nan,nan
2130,21.312,,21.312000000000694,False,9.482671354243141,-1.2744875417437838,4.268229129983894,0.23568189835203074,nan,nan,nan,nan
2131,21.324,,21.324000000000694,False,9.582540882697668,-1.3052246372029337,4.421430720152998,0.26315543473248987,nan,nan,nan,nan
2132,21.33,,21.330000000000695,False,9.641492495379563,-1.3144344982201748,4.478919497688384,0.2763586264920566,nan,nan,nan,nan
2133,21.342,,21.342000000000695,False,9.786784983630657,-1.3320209188038208,4.587899246510534,0.3037866594814817,nan,nan,nan,nan
2134,21.351,,21.351000000000695,False,9.912070050356988,-1.336194334466919,4.640415038433203,0.32333075966373365,nan,nan,nan,nan
2135,21.36,,21.360000000000696,False,10.05848981654838,-1.3391159595588085,4.68629792950046,0.3433779163286823,nan,nan,nan,nan
2136,21.372,,21.372000000000696,False,10.272828657395426,-1.3304675196858144,4.706189577778622,0.3680109086958192,nan,nan,nan,nan
2137,21.381,,21.381000000000697,False,10.458672744839662,-1.3219842694188637,4.7114886407138306,0.38675915585653503,nan,nan,nan,nan
2138,21.39,,21.390000000000697,False,10.652397340867452,-1.3046008460030472,4.687573035816825,0.4034901966864103,nan,nan,nan,nan
2139,21.402,,21.402000000000697,False,10.938863028646312,-1.27647488660009,4.636092388092019,0.4251207796077882,nan,nan,nan,nan
2140,21.411,,21.411000000000698,False,11.161399693215548,-1.2470686154401016,4.569441369963817,0.43898749996934516,nan,nan,nan,nan
2141,21.42,,21.420000000000698,False,11.403573056762275,-1.2164845438976108,4.496222488688583,0.45281472874278456,nan,nan,nan,nan
2142,21.432,,21.4320000000007,False,11.732264077493637,-1.1662002427015987,4.366133935058868,0.46780100627390503,nan,nan,nan,nan
2143,21.441,,21.4410000000007,False,12.000095580053031,-1.1279011582112612,4.263660827577731,0.47896914114577255,nan,nan,nan,nan
2144,21.45,,21.4500000000007,False,12.265195267334413,-1.0840283448368109,4.1423503904415115,0.4874943891850672,nan,nan,nan,nan
2145,21.462,,21.4620000000007,False,12.637809414169796,-1.0243830592328897,3.973747732491936,0.49793698529644004,nan,nan,nan,nan
2146,21.471,,21.4710000000007,False,12.912425340774384,-0.9757811075182625,3.8337553182015736,0.5031281506187557,nan,nan,nan,nan
2147,21.48,,21.4800000000007,False,13.201103638814876,-0.9285758229327511,3.696237698819745,0.5083826936694495,nan,nan,nan,nan
2148,21.492,,21.4920000000007,False,13.57837108118652,-0.8621360216352376,3.500250046882297,0.5117695897021421,nan,nan,nan,nan
2149,21.501,,21.5010000000007,False,13.878859897568242,-0.8145054229618819,3.358179270234109,0.5143310788268521,nan,nan,nan,nan
2150,21.51,,21.5100000000007,False,14.169935218298896,-0.7650102082785596,3.2094335662735602,0.5141770892037154,nan,nan,nan,nan
2151,21.522,,21.522000000000702,False,14.573508516691636,-0.701464891635841,3.016591592274573,0.5130864169263162,nan,nan,nan,nan
2152,21.531,,21.531000000000702,False,14.867131444922208,-0.6532554494231883,2.869198282328321,0.5096274249950433,nan,nan,nan,nan
2153,21.54,,21.540000000000703,False,15.174063450669003,-0.6079130729914803,2.7293227088365857,0.506253531955916,nan,nan,nan,nan
2154,21.552,,21.552000000000703,False,15.568569579452069,-0.547656501854945,2.5419431926237412,0.49837126597919873,nan,nan,nan,nan
2155,21.561,,21.561000000000703,False,15.877339576393187,-0.5060166837347532,2.4108431269167236,0.4926491038310622,nan,nan,nan,nan
2156,21.57,,21.570000000000704,False,16.17018210495306,-0.4645519259006935,2.2792827740788493,0.4845087628524024,nan,nan,nan,nan
2157,21.582,,21.582000000000704,False,16.569073366052255,-0.41319420070422713,2.1137290801033477,0.4730631871443938,nan,nan,nan,nan
2158,21.591,,21.591000000000705,False,16.853230190124712,-0.3756837611422409,1.9911414436136472,0.4622081239619801,nan,nan,nan,nan
2159,21.6,,21.600000000000705,False,17.148636554106133,-0.34133291185973075,1.876526775808118,0.4515424016961412,nan,nan,nan,nan
2160,21.612,,21.612000000000705,False,17.5255828126941,-0.2970851085440596,1.7259051536199248,0.434378346568788,nan,nan,nan,nan
2161,21.621,,21.621000000000706,False,17.820907589055516,-0.2674492444653354,1.621653477302863,0.4217770635750317,nan,nan,nan,nan
2162,21.63,,21.630000000000706,False,18.099818968970183,-0.23862834269539335,1.5182282686818247,0.40708961753302686,nan,nan,nan,nan
2163,21.642,,21.642000000000706,False,18.479328623939434,-0.2040849791686814,1.3893455778041592,0.3871651300998762,nan,nan,nan,nan
2164,21.651,,21.651000000000707,False,18.746768984485424,-0.17954487644281403,1.295006158926532,0.37038357878100375,nan,nan,nan,nan
2165,21.66,,21.660000000000707,False,19.020901168585038,-0.15785990484244417,1.2078003524556669,0.35399948553149163,nan,nan,nan,nan
2166,21.672,,21.672000000000708,False,19.36205716207986,-0.1307240469847801,1.094822238926223,0.32994469820274636,nan,nan,nan,nan
2167,21.681,,21.681000000000708,False,19.624093925183775,-0.11341686376568358,1.0178771938970703,0.3124667536787344,nan,nan,nan,nan
2168,21.69,,21.69000000000071,False,19.865579462970672,-0.09691665709780631,0.9424095841766902,0.29342601682876485,nan,nan,nan,nan
2169,21.701999999999998,,21.70200000000071,False,20.191197696075523,-0.07805016576072175,0.8497781029051641,0.2681701159198312,nan,nan,nan,nan
2170,21.711,,21.71100000000071,False,20.42087874323812,-0.0649317129273667,0.782539020052552,0.24789559971880995,nan,nan,nan,nan
2171,21.72,,21.72000000000071,False,20.660633068432354,-0.05392567243698612,0.7210353403336897,0.2282176431292891,nan,nan,nan,nan
2172,21.732,,21.73200000000071,False,20.964752106237178,-0.04036647089569438,0.6417409239515922,0.20044215913072888,nan,nan,nan,nan
2173,21.741,,21.74100000000071,False,21.205908804155467,-0.03231902292640772,0.5882719289808253,0.18041410216164508,nan,nan,nan,nan
2174,21.75,,21.75000000000071,False,21.434896833116394,-0.024619133623299996,0.5357973111575742,0.15929296514666041,nan,nan,nan,nan
2175,21.762,,21.76200000000071,False,21.748329166647732,-0.016365209227260542,0.4719049874510324,0.13175567380198142,nan,nan,nan,nan
2176,21.771,,21.77100000000071,False,21.97067762638516,-0.010620378100002749,0.42564303552926214,0.11035711459448622,nan,nan,nan,nan
2177,21.78,,21.78000000000071,False,22.199588931818436,-0.006225994635725659,0.38375660313247634,0.08985703264182911,nan,nan,nan,nan
2178,21.792,,21.792000000000712,False,22.485804981179363,-0.000733420021297666,0.32989988525455405,0.06178851363905892,nan,nan,nan,nan
2179,21.801,,21.801000000000712,False,22.705423764569808,0.0020696619994535377,0.2940351361972314,0.04188605235159188,nan,nan,nan,nan
2180,21.81,,21.810000000000713,False,22.908380695124094,0.004929462181023158,0.2588554489960158,0.021426701755874324,nan,nan,nan,nan
2181,21.822,,21.822000000000713,False,23.176400162563993,0.007621535395740991,0.21636020091577193,-0.004741041080196399,nan,nan,nan,nan
2182,21.831,,21.831000000000714,False,23.36061206305519,0.009651225976842094,0.1855666514380943,-0.024589320440234756,nan,nan,nan,nan
2183,21.84,,21.840000000000714,False,23.544992569399962,0.010890006345513525,0.15781281435164782,-0.043336099134503835,nan,nan,nan,nan
2184,21.852,,21.852000000000714,False,23.768109054534705,0.012708807619352894,0.12193188688278987,-0.06844657378673678,nan,nan,nan,nan
2185,21.861,,21.861000000000715,False,23.933181210539775,0.013319528985779868,0.09795658243078112,-0.08595408019458949,nan,nan,nan,nan
2186,21.87,,21.870000000000715,False,24.080308050857635,0.014255374580800291,0.07415828137404716,-0.10363454895186659,nan,nan,nan,nan
2187,21.882,,21.882000000000716,False,24.265877136639432,0.014974940244291832,0.04490345966035569,-0.12585748584453288,nan,nan,nan,nan
2188,21.891,,21.891000000000716,False,24.38631836778183,0.015812745553221062,0.02324596656870689,-0.1424047706112099,nan,nan,nan,nan
2189,21.9,,21.900000000000716,False,24.500714715576418,0.016214773433370248,0.0031286951307534137,-0.157810421687765,nan,nan,nan,nan
2190,21.912,,21.912000000000717,False,24.627629220905327,0.01722939324827575,-0.0236696852917841,-0.17809656932068157,nan,nan,nan,nan
2191,21.921,,21.921000000000717,False,24.712589293499594,0.017576026361708085,-0.04259128672249461,-0.19200836911714406,nan,nan,nan,nan
2192,21.93,,21.930000000000717,False,24.778463313974555,0.01838506069137077,-0.06190357631410201,-0.2058764098771515,nan,nan,nan,nan
2193,21.942,,21.942000000000718,False,24.8462768707756,0.019265788000655787,-0.08720101031274789,-0.22304679017119428,nan,nan,nan,nan
2194,21.951,,21.951000000000718,False,24.876063296324183,0.020363630840985664,-0.10664162973524269,-0.23566180334777379,nan,nan,nan,nan
2195,21.96,,21.96000000000072,False,24.89226912565719,0.021219422191104738,-0.126028086030026,-0.24726802765985395,nan,nan,nan,nan
2196,21.972,,21.97200000000072,False,24.885458874537946,0.02298173225162781,-0.1527537044280073,-0.26238161033350604,nan,nan,nan,nan
2197,21.981,,21.98100000000072,False,24.862122183346138,0.024078965741957097,-0.17326099949059165,-0.27262953554996827,nan,nan,nan,nan
2198,21.99,,21.99000000000072,False,24.819754438379245,0.025700860005047652,-0.1945072621369272,-0.2827768780698129,nan,nan,nan,nan
2199,22.002,,22.00200000000072,False,24.736922209089023,0.027870613906119526,-0.22388646887471209,-0.295245296317254,nan,nan,nan,nan
2200,22.011,,22.01100000000072,False,24.654045785511773,0.030022478443959343,-0.24677728771512483,-0.3043590705257999,nan,nan,nan,nan
2201,22.02,,22.02000000000072,False,24.554581112464405,0.03208387419068651,-0.2704634591228553,-0.31270662303035124,nan,nan,nan,nan
2202,22.032,,22.03200000000072,False,24.39566510895239,0.03558151565580581,-0.3031591586247683,-0.32355505204023566,nan,nan,nan,nan
2203,22.041,,22.04100000000072,False,24.257109849573904,0.038170342628966014,-0.3288243591198138,-0.33089080282674205,nan,nan,nan,nan
2204,22.05,,22.050000000000722,False,24.10280463363399,0.04136558103537588,-0.35512647163064337,-0.3381608498385029,nan,nan,nan,nan
2205,22.062,,22.062000000000722,False,23.871441955088013,0.04588236322408204,-0.3918242082067911,-0.3470968983956715,nan,nan,nan,nan
2206,22.071,,22.071000000000723,False,23.68112048708186,0.04992297031795565,-0.4201356380883257,-0.35364783420122203,nan,nan,nan,nan
2207,22.08,,22.080000000000723,False,23.47466557335667,0.05406899082170882,-0.4497650588440288,-0.3596608616607419,nan,nan,nan,nan
2208,22.092,,22.092000000000724,False,23.178557122911478,0.060541513965617896,-0.490333239576872,-0.3675206050035755,nan,nan,nan,nan
2209,22.101,,22.101000000000724,False,22.937853249535937,0.06561952060744344,-0.5226364473881762,-0.37287102965487656,nan,nan,nan,nan
2210,22.11,,22.110000000000724,False,22.685354641316103,0.071431830980573,-0.555523367892491,-0.37821643605987104,nan,nan,nan,nan
2211,22.122,,22.122000000000725,False,22.32472806932329,0.07979459850762446,-0.6019908978614561,-0.38486904725033466,nan,nan,nan,nan
2212,22.131,,22.131000000000725,False,22.041515300186916,0.08691407690855597,-0.6378472838826345,-0.3898131150033787,nan,nan,nan,nan
2213,22.14,,22.140000000000725,False,21.742862555730714,0.09442860603227778,-0.6760263931311622,-0.3944277583064977,nan,nan,nan,nan
2214,22.152,,22.152000000000726,False,21.329047413999792,0.10569985539585738,-0.7285397549592475,-0.4005814483135424,nan,nan,nan,nan
2215,22.161,,22.161000000000726,False,21.001595306388804,0.11478120685248976,-0.7712629429404863,-0.4048919319736716,nan,nan,nan,nan
2216,22.17,,22.170000000000726,False,20.667465590325026,0.12480547482950742,-0.8148980546182903,-0.4092787574629911,nan,nan,nan,nan
2217,22.182,,22.182000000000727,False,20.202309374820114,0.13937164677207078,-0.8776635421555404,-0.41492175308385537,nan,nan,nan,nan
2218,22.191,,22.191000000000727,False,19.847051367447513,0.1514699280755534,-0.9264296337307705,-0.41922097660653657,nan,nan,nan,nan
2219,22.2,,22.200000000000728,False,19.480108821613477,0.1644527614362494,-0.9792008258097041,-0.42336339298319636,nan,nan,nan,nan
2220,22.212,,22.212000000000728,False,18.983616987041508,0.18355187724221197,-1.0523169757302608,-0.42904105881961024,nan,nan,nan,nan
2221,22.221,,22.22100000000073,False,18.59612805563128,0.19924320264656983,-1.1129832858142408,-0.433221138675436,nan,nan,nan,nan
2222,22.23,,22.23000000000073,False,18.20513406914399,0.2162977013905661,-1.175430691833821,-0.4376002247706681,nan,nan,nan,nan
2223,22.242,,22.24200000000073,False,17.665108406107027,0.24141550846476065,-1.2669792184538622,-0.4435520480968227,nan,nan,nan,nan
2224,22.251,,22.25100000000073,False,17.256671989214432,0.26213390192182456,-1.3390114276531044,-0.4482616768277895,nan,nan,nan,nan
2225,22.26,,22.26000000000073,False,16.839373454468184,0.28473860670619694,-1.4181548078386934,-0.4529921139154662,nan,nan,nan,nan
2226,22.272,,22.27200000000073,False,16.287228112056457,0.3177502173133924,-1.5286568709629365,-0.4595583651288148,nan,nan,nan,nan
2227,22.281,,22.28100000000073,False,15.871398477474402,0.3451681535767774,-1.6208389478806484,-0.4643890338304304,nan,nan,nan,nan
2228,22.29,,22.29000000000073,False,15.467676255182324,0.37451641637561484,-1.7151700105812373,-0.4692409820009593,nan,nan,nan,nan
2229,22.302,,22.30200000000073,False,14.934321352488553,0.4176854887541998,-1.8526841134045735,-0.47547165881194126,nan,nan,nan,nan
2230,22.311,,22.311000000000732,False,14.549073566784143,0.4526689939228745,-1.959387999230132,-0.47998960152734144,nan,nan,nan,nan
2231,22.32,,22.320000000000732,False,14.166436141323258,0.4908721683513501,-2.076006671057764,-0.4841725913774615,nan,nan,nan,nan
2232,22.332,,22.332000000000733,False,13.67636708216105,0.5457429688670862,-2.236555990263153,-0.48934282831443454,nan,nan,nan,nan
2233,22.341,,22.341000000000733,False,13.31636920700519,0.5912942378262113,-2.3696186433491317,-0.4925316504143059,nan,nan,nan,nan
2234,22.35,,22.350000000000733,False,12.976235754098589,0.6391969276986086,-2.503620371622424,-0.4951378948540727,nan,nan,nan,nan
2235,22.362,,22.362000000000734,False,12.541076413691464,0.7090202075649255,-2.6962520673188286,-0.49719582418908903,nan,nan,nan,nan
2236,22.371,,22.371000000000734,False,12.239229001213518,0.7643171207111107,-2.8419910037980634,-0.49760083042049696,nan,nan,nan,nan
2237,22.38,,22.380000000000734,False,11.949399242715613,0.8241423103978076,-2.998922417657892,-0.49663478469510774,nan,nan,nan,nan
2238,22.392,,22.392000000000735,False,11.594597387856863,0.9077573419540517,-3.208224545081364,-0.49335596552487104,nan,nan,nan,nan
2239,22.401,,22.401000000000735,False,11.343630855103891,0.9762860039439452,-3.3786449951368547,-0.48883451291431246,nan,nan,nan,nan
2240,22.41,,22.410000000000736,False,11.115220940485816,1.0465009197620434,-3.545068954058655,-0.48270498873301426,nan,nan,nan,nan
2241,22.422,,22.422000000000736,False,10.836686245786144,1.1467541695260246,-3.7781735915108148,-0.4711896028613683,nan,nan,nan,nan
2242,22.431,,22.431000000000736,False,10.656757235053405,1.2232476523244327,-3.946245536201733,-0.4600920126359457,nan,nan,nan,nan
2243,22.44,,22.440000000000737,False,10.497216688430944,1.3039272206318182,-4.121409025781703,-0.44622276585696535,nan,nan,nan,nan
2244,22.452,,22.452000000000737,False,10.324362538720326,1.411030153809887,-4.338962452109632,-0.42402066150468887,nan,nan,nan,nan
2245,22.461,,22.461000000000737,False,10.221038287820416,1.4950967877704024,-4.506398858211682,-0.4038199290323944,nan,nan,nan,nan
2246,22.47,,22.470000000000738,False,10.144283418085896,1.576108606606869,-4.655286097712177,-0.38123970949022556,nan,nan,nan,nan
2247,22.482,,22.48200000000074,False,10.079495841035191,1.6846874113623351,-4.845688009248717,-0.3466348362873127,nan,nan,nan,nan
2248,22.491,,22.49100000000074,False,10.059961290344852,1.760765577606045,-4.963850648145631,-0.3180382499603136,nan,nan,nan,nan
2249,22.5,,22.50000000000074,False,10.065082932881454,1.836323434207403,-5.076135399869986,-0.2867117811403595,nan,nan,nan,nan
2250,22.512,,22.51200000000074,False,10.107103240054956,1.9262517701627437,-5.185830092860569,-0.24218239366284372,nan,nan,nan,nan
2251,22.521,,22.52100000000074,False,10.167279914466517,1.990789246538322,-5.256614192316147,-0.20636035150803067,nan,nan,nan,nan
2252,22.53,,22.53000000000074,False,10.246734346308639,2.0452261264267975,-5.295400469472037,-0.1695665081175322,nan,nan,nan,nan
2253,22.542,,22.54200000000074,False,10.387003628994842,2.108875167974398,-5.3208411685719135,-0.11884982955871329,nan,nan,nan,nan
2254,22.551,,22.55100000000074,False,10.510641029308823,2.1441732055065987,-5.305069865278313,-0.0804766843656239,nan,nan,nan,nan
2255,22.56,,22.56000000000074,False,10.655721756452053,2.173864309391739,-5.275953064511467,-0.04183000018115308,nan,nan,nan,nan
2256,22.572,,22.57200000000074,False,10.867562901904535,2.19547753338983,-5.192249489629962,0.008994192808888551,nan,nan,nan,nan
2257,22.581,,22.581000000000742,False,11.048601821477739,2.204598692222562,-5.115302561743271,0.04646251310802427,nan,nan,nan,nan
2258,22.59,,22.590000000000742,False,11.23492919554355,2.2013950999492,-5.010530317823907,0.0828391392636173,nan,nan,nan,nan
2259,22.602,,22.602000000000743,False,11.504380576540578,2.1859340091488084,-4.850916211241332,0.12944699849207641,nan,nan,nan,nan
2260,22.611,,22.611000000000743,False,11.709098815121099,2.1620869129745137,-4.707435619948903,0.1627037478108686,nan,nan,nan,nan
2261,22.62,,22.620000000000744,False,11.927039788433218,2.1332995944842055,-4.558842108057102,0.19441129113053718,nan,nan,nan,nan
2262,22.632,,22.632000000000744,False,12.215643309392723,2.080568646228012,-4.337190116272322,0.23405428214303098,nan,nan,nan,nan
2263,22.641,,22.641000000000744,False,12.444175047968455,2.036790973891815,-4.169926558129495,0.2618090864503087,nan,nan,nan,nan
2264,22.65,,22.650000000000745,False,12.664177491477089,1.985007123202024,-3.9917085675478616,0.2877694339569131,nan,nan,nan,nan
2265,22.662,,22.662000000000745,False,12.964282179696424,1.910955983318147,-3.75506086633364,0.3196911176417277,nan,nan,nan,nan
2266,22.671,,22.671000000000745,False,13.180343943227946,1.8487827354901447,-3.57191805671598,0.3414963436733693,nan,nan,nan,nan
2267,22.68,,22.680000000000746,False,13.404400894194863,1.7857246102415532,-3.394751096335088,0.3616566382432415,nan,nan,nan,nan
2268,22.692,,22.692000000000746,False,13.691396566765388,1.6948559379805572,-3.1557063912103076,0.38566733660546776,nan,nan,nan,nan
2269,22.701,,22.701000000000747,False,13.916082186826467,1.6268723878200233,-2.985153683197785,0.4018679743687249,nan,nan,nan,nan
2270,22.71,,22.710000000000747,False,14.129133122968325,1.5553719471463987,-2.814006669248124,0.4162032138530131,nan,nan,nan,nan
2271,22.722,,22.722000000000747,False,14.419263581086607,1.4604883507759707,-2.596160629645818,0.43291899804761275,nan,nan,nan,nan
2272,22.731,,22.731000000000748,False,14.625605627397116,1.3872927534938926,-2.4351102664836204,0.4433671326374058,nan,nan,nan,nan
2273,22.74,,22.740000000000748,False,14.838173053942853,1.3163883659494622,-2.2831523476160296,0.45247640736693867,nan,nan,nan,nan
2274,22.752,,22.75200000000075,False,15.104936412980653,1.2208333973952905,-2.0848931018643206,0.4619208393442228,nan,nan,nan,nan
2275,22.761,,22.76100000000075,False,15.310422784582881,1.152747212356821,-1.946474502796715,0.46757452468392297,nan,nan,nan,nan
2276,22.77,,22.77000000000075,False,15.500547966291792,1.0845327445950879,-1.8104308647280885,0.47148550895846714,nan,nan,nan,nan
2277,22.782,,22.78200000000075,False,15.754808735965392,0.9982221572379644,-1.6400249466664882,0.47473991830376344,nan,nan,nan,nan
2278,22.791,,22.79100000000075,False,15.930303124917335,0.9347593198712925,-1.5160547503442925,0.4753249623636113,nan,nan,nan,nan
2279,22.803,,22.80300000000075,False,16.1680109022758,0.8567198070282944,-1.3628222259870708,0.47447054493096175,nan,nan,nan,nan
2280,22.812,,22.81200000000075,False,16.328849935782248,0.7994484545733482,-1.2505677576334655,0.47195769072130367,nan,nan,nan,nan
2281,22.821,,22.82100000000075,False,16.498656592342165,0.7476445018224822,-1.1468782850408499,0.46868947482062046,nan,nan,nan,nan
2282,22.83,,22.83000000000075,False,16.655297933184496,0.6972342846455655,-1.045414448539488,0.46392875673456574,nan,nan,nan,nan
2283,22.842,,22.842000000000752,False,16.866013008831107,0.6363397112183019,-0.9190342713091414,0.45611045064652245,nan,nan,nan,nan
2284,22.851,,22.851000000000752,False,17.01180121302595,0.5931457853653517,-0.8277650707895522,0.44875488291948623,nan,nan,nan,nan
2285,22.86,,22.860000000000753,False,17.161503446547087,0.5549165949852819,-0.7430473397406054,0.44072038620806697,nan,nan,nan,nan
2286,22.872,,22.872000000000753,False,17.344737567806625,0.5072834509139006,-0.6346828954983911,0.428233613073251,nan,nan,nan,nan
2287,22.881,,22.881000000000753,False,17.485788534980493,0.4771532254763347,-0.5603699243886217,0.4182328265182382,nan,nan,nan,nan
2288,22.89,,22.890000000000754,False,17.613722274238786,0.44861545466628144,-0.48838104898889123,0.407145437205212,nan,nan,nan,nan
2289,22.902,,22.902000000000754,False,17.78219941794027,0.4167283545454311,-0.399838741001754,0.39151212514508077,nan,nan,nan,nan
2290,22.911,,22.911000000000755,False,17.894331171002623,0.394938516528777,-0.3364756102865091,0.37879102786539576,nan,nan,nan,nan
2291,22.92,,22.920000000000755,False,18.005860627753076,0.37759532329230255,-0.2781577199374903,0.3657829813797905,nan,nan,nan,nan
2292,22.932,,22.932000000000755,False,18.134932408163582,0.35691483306365135,-0.20410163344486135,0.34732844062522217,nan,nan,nan,nan
2293,22.941,,22.941000000000756,False,18.228329899602944,0.3462663310723799,-0.1536725178881184,0.33329301670374617,nan,nan,nan,nan
2294,22.95,,22.950000000000756,False,18.30534682336987,0.3364967751260304,-0.104985357337036,0.3185951027221007,nan,nan,nan,nan
2295,22.962,,22.962000000000756,False,18.398253453356766,0.3285134670092672,-0.045139750279560256,0.298716227339498,nan,nan,nan,nan
2296,22.971,,22.971000000000757,False,18.452210935408857,0.323699552726048,-0.002239544051899863,0.2832682760167035,nan,nan,nan,nan
2297,22.98,,22.980000000000757,False,18.501985634696116,0.3225583972127947,0.03750134462160325,0.26785099850825916,nan,nan,nan,nan
2298,22.992,,22.992000000000758,False,18.548877757734463,0.3221234110677607,0.0883504966716685,0.2467506381328846,nan,nan,nan,nan
2299,23.001,,23.001000000000758,False,18.57953906034756,0.3257205616647551,0.12334092927063169,0.2310623909054109,nan,nan,nan,nan
2300,23.01,,23.01000000000076,False,18.59697235692496,0.3292290765069225,0.15742618880525977,0.21505482402670018,nan,nan,nan,nan
2301,23.022,,23.02200000000076,False,18.611934209931142,0.3375920468904166,0.19968956954560296,0.19385418944989624,nan,nan,nan,nan
2302,23.031,,23.03100000000076,False,18.61048695280263,0.34393948882973785,0.2302794568800621,0.1777692325240554,nan,nan,nan,nan
2303,23.04,,23.04000000000076,False,18.605987783377987,0.3530902884958207,0.2587065288246193,0.16194646684691166,nan,nan,nan,nan
2304,23.052,,23.05200000000076,False,18.58450010130138,0.3649154968625756,0.2953007001226033,0.14073172318984428,nan,nan,nan,nan
2305,23.061,,23.06100000000076,False,18.565202291164027,0.3767644914674235,0.3205164890754677,0.12519572244799013,nan,nan,nan,nan
2306,23.07,,23.07000000000076,False,18.535553821863353,0.38759963858586194,0.3451660217572761,0.10959414854247951,nan,nan,nan,nan
2307,23.082,,23.08200000000076,False,18.48961782552529,0.40454445403778044,0.3757845688192973,0.08922957347014836,nan,nan,nan,nan
2308,23.091,,23.09100000000076,False,18.445353003433464,0.41636870846498086,0.3980031012925865,0.07402231580874229,nan,nan,nan,nan
2309,23.1,,23.10000000000076,False,18.398855458951388,0.43036270142753463,0.41870605566514585,0.05922463037661775,nan,nan,nan,nan
2310,23.112,,23.112000000000762,False,18.324723898729214,0.44750898777680936,0.4454740474744667,0.039664708566922634,nan,nan,nan,nan
2311,23.121,,23.121000000000762,False,18.266768748776826,0.46275932086242383,0.4640871616997483,0.025508079307187122,nan,nan,nan,nan
2312,23.13,,23.130000000000763,False,18.200855765809514,0.4763321771602455,0.48241916658748873,0.011451122039465871,nan,nan,nan,nan
2313,23.142,,23.142000000000763,False,18.107903808034038,0.4962553203223773,0.5056012229667223,-0.0066947166885183125,nan,nan,nan,nan
2314,23.151,,23.151000000000764,False,18.03073380149834,0.5096934957661413,0.5226952924300564,-0.020089270942689176,nan,nan,nan,nan
2315,23.16,,23.160000000000764,False,17.9518578790454,0.5250294852057301,0.5390599679575336,-0.03301465614723453,nan,nan,nan,nan
2316,23.172,,23.172000000000764,False,17.837370778508408,0.5432817323336344,0.5607203783059951,-0.04992643962955145,nan,nan,nan,nan
2317,23.181,,23.181000000000765,False,17.749710611232125,0.5591719708279139,0.5764601243950818,-0.06206274608889029,nan,nan,nan,nan
2318,23.19,,23.190000000000765,False,17.656140707279928,0.5729789555042075,0.5922983669274762,-0.07402058777021937,nan,nan,nan,nan
2319,23.202,,23.202000000000766,False,17.528212739595208,0.5929768558940236,0.6132699570821853,-0.08934195045022919,nan,nan,nan,nan
2320,23.211,,23.211000000000766,False,17.428627651801435,0.6060485052492758,0.6291139492289735,-0.10055669180705186,nan,nan,nan,nan
2321,23.22,,23.220000000000766,False,17.32936252346965,0.6209502710713316,0.6449629579204184,-0.11131816913723186,nan,nan,nan,nan
2322,23.232,,23.232000000000767,False,17.192610207570862,0.6381079089554386,0.6663625895389957,-0.1252946047568946,nan,nan,nan,nan
2323,23.241,,23.241000000000767,False,17.09070998192,0.6531432056620919,0.6826753064015767,-0.13527171915206912,nan,nan,nan,nan
2324,23.25,,23.250000000000767,False,16.986397480261516,0.6657206208682542,0.6991777773462596,-0.14504184058720312,nan,nan,nan,nan
2325,23.262,,23.262000000000768,False,16.84685221659547,0.6839905044885685,0.7217942592007731,-0.15750898232202173,nan,nan,nan,nan
2326,23.271,,23.271000000000768,False,16.740517270576138,0.6954646254551543,0.7390113282435269,-0.1665849006021914,nan,nan,nan,nan
2327,23.28,,23.28000000000077,False,16.63440782633171,0.7088871116617724,0.7568342606646814,-0.17528901528543114,nan,nan,nan,nan
2328,23.292,,23.29200000000077,False,16.489068959029286,0.7238129933748422,0.7810427665039815,-0.18656045721947584,nan,nan,nan,nan
2329,23.301,,23.30100000000077,False,16.37972370795548,0.7374193029472824,0.8001797358575491,-0.19463178557017938,nan,nan,nan,nan
2330,23.31,,23.31000000000077,False,16.26813886191559,0.7484040844973724,0.8195083017189824,-0.20252305099168105,nan,nan,nan,nan
2331,23.322,,23.32200000000077,False,16.11773213290451,0.764847029680538,0.8466526700629622,-0.2126481310831094,nan,nan,nan,nan
2332,23.331,,23.33100000000077,False,16.00304862925154,0.7748847320426987,0.8673497868800951,-0.2200278716488496,nan,nan,nan,nan
2333,23.34,,23.34000000000077,False,15.888105489962834,0.7871821641729362,0.8892532263557432,-0.22717271286023727,nan,nan,nan,nan
2334,23.352,,23.35200000000077,False,15.731866665604544,0.8005152311615722,0.9189228555509028,-0.23645406299053567,nan,nan,nan,nan
2335,23.361,,23.36100000000077,False,15.61349629253927,0.8133380702763515,0.9428754302736392,-0.24321593667058283,nan,nan,nan,nan
2336,23.37,,23.370000000000772,False,15.493005603433266,0.8234469451436188,0.9669230210430272,-0.24985422463952692,nan,nan,nan,nan
2337,23.382,,23.382000000000772,False,15.330000121999914,0.8391253698771871,1.0010582409028461,-0.2585400837350603,nan,nan,nan,nan
2338,23.391,,23.391000000000773,False,15.205854059416355,0.8485364139448477,1.0269499912866604,-0.26493209675149876,nan,nan,nan,nan
2339,23.4,,23.400000000000773,False,15.080894260865211,0.8605492053247922,1.0546204048071697,-0.27127580168128823,nan,nan,nan,nan
2340,23.412,,23.412000000000774,False,14.911907791921879,0.873358142851649,1.0917981094782707,-0.27961466489392034,nan,nan,nan,nan
2341,23.421,,23.421000000000774,False,14.785331547833657,0.8860420617736434,1.1218856357203095,-0.2858777064888071,nan,nan,nan,nan
2342,23.43,,23.430000000000774,False,14.659275225714683,0.895660228991584,1.1515828299772168,-0.2920427576443186,nan,nan,nan,nan
2343,23.442,,23.442000000000775,False,14.492588900817667,0.9106366552714037,1.1933703870898287,-0.30029707701249886,nan,nan,nan,nan
2344,23.451,,23.451000000000775,False,14.369103584560502,0.9190489232948561,1.2243619968405344,-0.306385923242112,nan,nan,nan,nan
2345,23.46,,23.460000000000775,False,14.247586618944881,0.9300000909706372,1.2571998488374592,-0.3125626978222894,nan,nan,nan,nan
2346,23.472,,23.472000000000776,False,14.087853594258895,0.9405977514961212,1.3001421366715167,-0.32065857951497817,nan,nan,nan,nan
2347,23.481,,23.481000000000776,False,13.971288215127686,0.9514288023309729,1.334465234021028,-0.32687225370635486,nan,nan,nan,nan
2348,23.49,,23.490000000000776,False,13.857583988441363,0.9585617085848772,1.3674102948520583,-0.3329160412679652,nan,nan,nan,nan
2349,23.502,,23.502000000000777,False,13.710715654163485,0.9697298708297777,1.4129594769366665,-0.3410897305502545,nan,nan,nan,nan
2350,23.514,,23.514000000000777,False,13.56967669120693,0.9746127421692659,1.4557152751356932,-0.3488890969546627,nan,nan,nan,nan
2351,23.52,,23.520000000000778,False,13.502161255221147,0.9817000013046424,1.4798494596502987,-0.3530832684329967,nan,nan,nan,nan
2352,23.532,,23.532000000000778,False,13.37072612439498,0.986258783140097,1.522993206551352,-0.36083347700747215,nan,nan,nan,nan
2353,23.541,,23.54100000000078,False,13.276483802355699,0.9922820407972258,1.557188986187759,-0.3668397842380932,nan,nan,nan,nan
2354,23.55,,23.55000000000078,False,13.185124992805834,0.9941272544909399,1.5889953943933022,-0.3725106161081224,nan,nan,nan,nan
2355,23.562,,23.56200000000078,False,13.067814663039378,0.9979131686175519,1.6324927649204037,-0.3801865628925268,nan,nan,nan,nan
2356,23.571,,23.57100000000078,False,12.98285267151305,0.9968565941767641,1.6626538275922278,-0.3855653950745185,nan,nan,nan,nan
2357,23.58,,23.58000000000078,False,12.901208926292242,0.9979597110441729,1.6942506796515149,-0.39113007915913606,nan,nan,nan,nan
2358,23.592,,23.59200000000078,False,12.79581055741092,0.9941418783295664,1.7327065783520086,-0.3979531413233482,nan,nan,nan,nan
2359,23.601,,23.60100000000078,False,12.72076311211316,0.9937306414049395,1.763178464939722,-0.40328936146295236,nan,nan,nan,nan
2360,23.61,,23.61000000000078,False,12.64792696485134,0.9889124043163123,1.790330620370935,-0.4080581784827603,nan,nan,nan,nan
2361,23.622,,23.62200000000078,False,12.555473035188243,0.983510345238015,1.827030531539924,-0.4144420147371555,nan,nan,nan,nan
2362,23.631,,23.631000000000782,False,12.488484174118,0.9753744115631512,1.8512119484634082,-0.4185952913825503,nan,nan,nan,nan
2363,23.64,,23.640000000000782,False,12.424465837336212,0.9692402070795273,1.8766662509318603,-0.42293663658503433,nan,nan,nan,nan
2364,23.652,,23.652000000000783,False,12.341296642937484,0.9556214569147365,1.9058681792055288,-0.4277787995761417,nan,nan,nan,nan
2365,23.661,,23.661000000000783,False,12.282547219373036,0.947616852870581,1.9291427384609854,-0.4316225553847116,nan,nan,nan,nan
2366,23.67,,23.670000000000783,False,12.22499718278769,0.9351751145151147,1.9483600875785267,-0.434627646629617,nan,nan,nan,nan
2367,23.682,,23.682000000000784,False,12.152311051882371,0.9192871950351567,1.9738657375884119,-0.4385512518591384,nan,nan,nan,nan
2368,23.691,,23.691000000000784,False,12.099381034339157,0.9032435138122565,1.9888339044917887,-0.44056490318683655,nan,nan,nan,nan
2369,23.7,,23.700000000000784,False,12.049726386915145,0.888865540146936,2.004608311568924,-0.44272274873449546,nan,nan,nan,nan
2370,23.712,,23.712000000000785,False,11.98526797072669,0.8642164842234177,2.019707352871492,-0.444222009464517,nan,nan,nan,nan
2371,23.721,,23.721000000000785,False,11.940851623724036,0.8474967995925194,2.0317319503350886,-0.44549056340568816,nan,nan,nan,nan
2372,23.73,,23.730000000000786,False,11.897164537978776,0.8264452338783859,2.0389122740791046,-0.44559898405511805,nan,nan,nan,nan
2373,23.742,,23.742000000000786,False,11.843016367182988,0.7986464646544816,2.047318453219082,-0.4454685097839748,nan,nan,nan,nan
2374,23.751,,23.751000000000786,False,11.803441203495941,0.7738174871689888,2.048641820215813,-0.4441116020200181,nan,nan,nan,nan
2375,23.76,,23.760000000000787,False,11.7677509255653,0.750253347429235,2.050006433998109,-0.44279484192761204,nan,nan,nan,nan
2376,23.772,,23.772000000000787,False,11.722794998571015,0.7136093355346899,2.044621584259166,-0.43914849169242526,nan,nan,nan,nan
2377,23.781,,23.781000000000788,False,11.694012939935885,0.6874288495566446,2.040275303054503,-0.43639681143945824,nan,nan,nan,nan
2378,23.79,,23.790000000000788,False,11.666194943317803,0.6573300504537251,2.030439358985238,-0.43214023344010205,nan,nan,nan,nan
2379,23.802,,23.80200000000079,False,11.633855356534045,0.6172320928077423,2.0150137701294275,-0.4259136356037929,nan,nan,nan,nan
2380,23.811,,23.81100000000079,False,11.610683198502187,0.5837188850071761,1.9979321497944504,-0.4196586356091186,nan,nan,nan,nan
2381,23.82,,23.82000000000079,False,11.590877932954974,0.5512874399053427,1.9803847921810387,-0.41334887411123744,nan,nan,nan,nan
2382,23.832,,23.83200000000079,False,11.565000484241706,0.503917643574604,1.9498554245602937,-0.4027720075160093,nan,nan,nan,nan
2383,23.841,,23.84100000000079,False,11.54892966279576,0.46961378230519424,1.9264178132556107,-0.3947721426133546,nan,nan,nan,nan
2384,23.85,,23.85000000000079,False,11.5323127682293,0.4323885428876711,1.897955326568775,-0.38514173298253274,nan,nan,nan,nan
2385,23.862,,23.86200000000079,False,11.512559668833124,0.3831263966759011,1.8579384253629756,-0.3717029938527095,nan,nan,nan,nan
2386,23.871,,23.87100000000079,False,11.49707261517882,0.343851734121967,1.8232337119943234,-0.35999804764359766,nan,nan,nan,nan
2387,23.88,,23.88000000000079,False,11.48331904546704,0.3057353209131262,1.7884106347962148,-0.34826402680988067,nan,nan,nan,nan
2388,23.892,,23.89200000000079,False,11.463365311355426,0.25237897646759255,1.7363941970882493,-0.3305134557983463,nan,nan,nan,nan
2389,23.901,,23.901000000000792,False,11.450040788490774,0.21391962376679047,1.697819879027555,-0.3172313380182505,nan,nan,nan,nan
2390,23.91,,23.910000000000792,False,11.435032144753336,0.1738009867768632,1.6556242952073774,-0.30243781406152476,nan,nan,nan,nan
2391,23.922,,23.922000000000793,False,11.415796341538783,0.12176678831392851,1.59950840519763,-0.28235950056071196,nan,nan,nan,nan
2392,23.931,,23.931000000000793,False,11.39973743639486,0.08180283091765006,1.5545999775726038,-0.2659118039620754,nan,nan,nan,nan
2393,23.94,,23.940000000000794,False,11.384718345982591,0.043692909483609925,1.5113711650422028,-0.24966892051001538,nan,nan,nan,nan
2394,23.951999999999998,,23.952000000000794,False,11.362358472146942,-0.007771697101218082,1.450912250489772,-0.22633984137146787,nan,nan,nan,nan
2395,23.961,,23.961000000000794,False,11.346733659651264,-0.04405634910400458,1.4081603567330263,-0.20920976633533545,nan,nan,nan,nan
2396,23.97,,23.970000000000795,False,11.329246874906813,-0.08080045874350669,1.3635239988468453,-0.19091026038665354,nan,nan,nan,nan
2397,23.982,,23.982000000000795,False,11.306393269464142,-0.12734710649955397,1.3068231936461077,-0.16667714418154544,nan,nan,nan,nan
2398,23.991,,23.991000000000795,False,11.28762708749556,-0.16209470112948685,1.2633043165065854,-0.14756000323769475,nan,nan,nan,nan
2399,24.0,,24.000000000000796,False,11.269803752272352,-0.19467500464837448,1.222983015443228,-0.12900058123376223,nan,nan,nan,nan
2400,24.012,,24.012000000000796,False,11.243918154209513,-0.23761469827474246,1.168444456939754,-0.10322335850936805,nan,nan,nan,nan
2401,24.021,,24.021000000000797,False,11.225631994600365,-0.26738280639302714,1.1315691517422444,-0.08468272695113321,nan,nan,nan,nan
2402,24.03,,24.030000000000797,False,11.20575021341044,-0.2969999805962041,1.0938028248369034,-0.06540608150204281,nan,nan,nan,nan
2403,24.042,,24.042000000000797,False,11.179823207485033,-0.3340077734471096,1.0476625841040248,-0.04045632031487312,nan,nan,nan,nan
2404,24.051,,24.051000000000798,False,11.15907637890463,-0.36121818976743897,1.0128766399721267,-0.021291913004003297,nan,nan,nan,nan
2405,24.06,,24.060000000000798,False,11.139309973940373,-0.38656025739720207,0.9818975363629233,-0.003029677527492179,nan,nan,nan,nan
2406,24.072,,24.0720000000008,False,11.111272964586993,-0.41959519098472187,0.9404565983244266,0.021728110379868555,nan,nan,nan,nan
2407,24.081,,24.0810000000008,False,11.091401289392026,-0.4424401371090364,0.9138158529738921,0.03913790539711403,nan,nan,nan,nan
2408,24.09,,24.0900000000008,False,11.070260554665145,-0.46500352006075285,0.8864423420424793,0.056902371615717144,nan,nan,nan,nan
2409,24.102,,24.1020000000008,False,11.042752733760816,-0.49322919404043125,0.8543460394102897,0.07938008071583362,nan,nan,nan,nan
2410,24.111,,24.1110000000008,False,11.021129096034771,-0.5138809697664676,0.8300865005908086,0.09630625757567807,nan,nan,nan,nan
2411,24.12,,24.1200000000008,False,11.000460349151826,-0.5332589449436982,0.8095970677016766,0.11210114255117182,nan,nan,nan,nan
2412,24.132,,24.1320000000008,False,10.971341119760647,-0.5584514947684309,0.7819328185050248,0.13312368752850165,nan,nan,nan,nan
2413,24.141,,24.1410000000008,False,10.950095649459868,-0.5761552925193989,0.765488232844188,0.1475131257691693,nan,nan,nan,nan
2414,24.15,,24.1500000000008,False,10.927461734023947,-0.5935875171984839,0.7480798655541657,0.16200087578933653,nan,nan,nan,nan
2415,24.162,,24.162000000000802,False,10.89744304320172,-0.6157610706148104,0.7289154828981046,0.17986427448161152,nan,nan,nan,nan
2416,24.171,,24.171000000000802,False,10.873817725506374,-0.6319790826897085,0.7140162286585391,0.1931026509165786,nan,nan,nan,nan
2417,24.18,,24.180000000000803,False,10.850799504533898,-0.6475622996105787,0.702591890297604,0.20511997932896933,nan,nan,nan,nan
2418,24.192,,24.192000000000803,False,10.81872102654444,-0.6678013623781378,0.6864457817243421,0.22088000435703983,nan,nan,nan,nan
2419,24.201,,24.201000000000803,False,10.79541537028966,-0.6824792625648134,0.6782015501176742,0.2312791884784877,nan,nan,nan,nan
2420,24.21,,24.210000000000804,False,10.771142157278446,-0.6968218104546848,0.6685510935075927,0.2416655555385832,nan,nan,nan,nan
2421,24.222,,24.222000000000804,False,10.739169738724197,-0.7155425725952711,0.6590650245499078,0.2540346028398408,nan,nan,nan,nan
2422,24.231,,24.231000000000805,False,10.714458658347697,-0.7291629831041275,0.6508895443154862,0.2630840729270216,nan,nan,nan,nan
2423,24.24,,24.240000000000805,False,10.69041618613379,-0.7426855346414333,0.6457360315188353,0.27095348261546887,nan,nan,nan,nan
2424,24.252,,24.252000000000805,False,10.657411520353849,-0.7601157960199355,0.6372100265168046,0.28114719787657333,nan,nan,nan,nan
2425,24.261,,24.261000000000806,False,10.633460791063113,-0.7732723305802119,0.6341500202988376,0.2874579958114774,nan,nan,nan,nan
2426,24.27,,24.270000000000806,False,10.608838105919869,-0.7859284424800321,0.6292034969292932,0.293750235875466,nan,nan,nan,nan
2427,24.282,,24.282000000000806,False,10.57652756572639,-0.8029214030451791,0.6252841262231551,0.3007880023591411,nan,nan,nan,nan
2428,24.291,,24.291000000000807,False,10.551833928629831,-0.8151261741713811,0.6207587472110927,0.3058781584523825,nan,nan,nan,nan
2429,24.3,,24.300000000000807,False,10.52783565708081,-0.8276826707855423,0.6188291498290382,0.3099139535537684,nan,nan,nan,nan
2430,24.312,,24.312000000000808,False,10.495220473815488,-0.8436257798872692,0.6139527070458274,0.3150810060792973,nan,nan,nan,nan
2431,24.321,,24.321000000000808,False,10.47159598143348,-0.8561616056648591,0.6131819077077917,0.31779001292176323,nan,nan,nan,nan
2432,24.33,,24.33000000000081,False,10.447528009177192,-0.8679512695559963,0.61014758393811,0.3205372764754518,nan,nan,nan,nan
2433,24.342,,24.34200000000081,False,10.416074274352306,-0.8841981669909769,0.6082427160470748,0.32306221605343227,nan,nan,nan,nan
2434,24.351,,24.35100000000081,False,10.392239226427709,-0.8956412717881655,0.6048502274448638,0.3248626280762833,nan,nan,nan,nan
2435,24.363,,24.36300000000081,False,10.36151224105043,-0.911895481419422,0.6035117171334214,0.32596715256888253,nan,nan,nan,nan
2436,24.372,,24.37200000000081,False,10.33800797639592,-0.9229613392339208,0.5995689600270732,0.32691687406946773,nan,nan,nan,nan
2437,24.381,,24.38100000000081,False,10.315559958616886,-0.9353194018092996,0.5990259069952449,0.32680776104045256,nan,nan,nan,nan
2438,24.39,,24.39000000000081,False,10.292789864430729,-0.9466449699891331,0.5959914833671691,0.32681366199171547,nan,nan,nan,nan
2439,24.402,,24.40200000000081,False,10.263318336823207,-0.9625946858815122,0.5937596687032763,0.3259235482300374,nan,nan,nan,nan
2440,24.411,,24.41100000000081,False,10.241154885924619,-0.973534560577739,0.5899051670550759,0.3252687759025341,nan,nan,nan,nan
2441,24.42,,24.42000000000081,False,10.21981571307624,-0.9855285227256826,0.5881885966134368,0.323900645211972,nan,nan,nan,nan
2442,24.432,,24.432000000000812,False,10.191259359546816,-1.0000230652572342,0.5829395397121824,0.3221369035073166,nan,nan,nan,nan
2443,24.441,,24.441000000000813,False,10.170865316197277,-1.0122470678526656,0.5814550875757405,0.3200483518425905,nan,nan,nan,nan
2444,24.45,,24.450000000000813,False,10.15036399425911,-1.0230550267115701,0.5773672571238302,0.3181441626910309,nan,nan,nan,nan
2445,24.462,,24.462000000000813,False,10.12389493737845,-1.0385492659567641,0.5735993588518294,0.3149293250567677,nan,nan,nan,nan
2446,24.471,,24.471000000000814,False,10.103883717780098,-1.0488610667860878,0.5685181294445191,0.3126167129919797,nan,nan,nan,nan
2447,24.48,,24.480000000000814,False,10.0846387141193,-1.0605319462172913,0.565522687596894,0.30974783508413906,nan,nan,nan,nan
2448,24.492,,24.492000000000814,False,10.058819679192865,-1.0741928852447757,0.5585092790188797,0.30608525387111796,nan,nan,nan,nan
2449,24.501,,24.501000000000815,False,10.040478197354394,-1.086123109039443,0.5556662511976327,0.30274753547600836,nan,nan,nan,nan
2450,24.51,,24.510000000000815,False,10.022007451644331,-1.0962722222842103,0.5502065854761699,0.2996359879643669,nan,nan,nan,nan
2451,24.522,,24.522000000000816,False,9.998441160004786,-1.1110698092325242,0.544584294547818,0.2949984074717221,nan,nan,nan,nan
2452,24.531,,24.531000000000816,False,9.980861015096696,-1.1204932249306208,0.5381000111305017,0.2916756826366621,nan,nan,nan,nan
2453,24.54,,24.540000000000816,False,9.964331351336998,-1.1314888373473655,0.5336896235715254,0.2879322078855082,nan,nan,nan,nan
2454,24.552,,24.552000000000817,False,9.942431189696498,-1.1437338571654347,0.524795208291615,0.2831639957395175,nan,nan,nan,nan
2455,24.561,,24.561000000000817,False,9.927352156716147,-1.1548184372976449,0.520535760820007,0.2791452361534878,nan,nan,nan,nan
2456,24.57,,24.570000000000817,False,9.91228384638487,-1.1636885422787484,0.5136772779351496,0.2753657600604523,nan,nan,nan,nan
2457,24.582,,24.582000000000818,False,9.893638933053543,-1.1768319111181833,0.5061958346560773,0.26998506000658945,nan,nan,nan,nan
2458,24.591,,24.591000000000818,False,9.879896786294571,-1.1846025648747207,0.49834450115056544,0.2661265613340076,nan,nan,nan,nan
2459,24.6,,24.60000000000082,False,9.867470501000394,-1.1940911219187942,0.4925708757003309,0.26195745716929514,nan,nan,nan,nan
2460,24.612,,24.61200000000082,False,9.851207168502464,-1.203775353695612,0.4819087571405256,0.25663575067283834,nan,nan,nan,nan
2461,24.627,,24.62700000000082,False,9.8337425019001,-1.2180775567434827,0.47144940840458266,0.2495434779492914,nan,nan,nan,nan
2462,24.63,,24.63000000000082,False,9.830161014035252,-1.2197689962345972,0.46819667298346357,0.2482295719055505,nan,nan,nan,nan
2463,24.642,,24.64200000000082,False,9.817944186415744,-1.2299981875788875,0.45903969860650073,0.24254151350954753,nan,nan,nan,nan
2464,24.651,,24.65100000000082,False,9.809013494237796,-1.2352214233434158,0.44998299197303854,0.23844124545602227,nan,nan,nan,nan
2465,24.66,,24.66000000000082,False,9.801651385250034,-1.242333832694557,0.4429870081041563,0.23411703996884603,nan,nan,nan,nan
2466,24.672,,24.67200000000082,False,9.79219196460887,-1.2484053980821748,0.4307676406445905,0.2285613669984077,nan,nan,nan,nan
2467,24.681,,24.68100000000082,False,9.78702868869264,-1.2551653497142967,0.42401789157013053,0.2241665695332104,nan,nan,nan,nan
2468,24.69,,24.690000000000822,False,9.781868104238221,-1.2589213029420783,0.4147952421210445,0.21995348575127838,nan,nan,nan,nan
2469,24.701999999999998,,24.702000000000822,False,9.777045315320322,-1.2652613864295144,0.4042188808035625,0.2141824389044494,nan,nan,nan,nan
2470,24.711,,24.711000000000823,False,9.773667187837074,-1.2672085838040523,0.39420110812152287,0.20998605444204907,nan,nan,nan,nan
2471,24.72,,24.720000000000823,False,9.772062411557448,-1.2710943191680502,0.3862733858445324,0.20563884688492545,nan,nan,nan,nan
2472,24.732,,24.732000000000824,False,9.770174773996846,-1.2724060189709627,0.37296883668125647,0.19999997914906986,nan,nan,nan,nan
2473,24.741,,24.741000000000824,False,9.770910798455578,-1.2756925323171586,0.3654071781746665,0.19562224877405343,nan,nan,nan,nan
2474,24.75,,24.750000000000824,False,9.771497782297002,-1.2756917190289419,0.3554786968373861,0.19137018330184055,nan,nan,nan,nan
2475,24.762,,24.762000000000825,False,9.774519431365897,-1.2770800840109768,0.3439690411642783,0.1856061044536642,nan,nan,nan,nan
2476,24.771,,24.771000000000825,False,9.776871697595343,-1.2751187537344992,0.33334795832784075,0.18136576900415644,nan,nan,nan,nan
2477,24.78,,24.780000000000825,False,9.78115596623273,-1.2752422325042616,0.3247796134029087,0.17703548082814002,nan,nan,nan,nan
2478,24.792,,24.792000000000826,False,9.786902659841463,-1.2713495803971633,0.3107466604032386,0.17135012293136376,nan,nan,nan,nan
2479,24.801,,24.801000000000826,False,9.793528406509198,-1.2709093506500209,0.3025803447070473,0.16700574260783158,nan,nan,nan,nan
2480,24.81,,24.810000000000827,False,9.799778410427738,-1.267056921683298,0.2921542646255216,0.1627241380818311,nan,nan,nan,nan
2481,24.822,,24.822000000000827,False,9.810444431535734,-1.2634535720471876,0.27994728126805557,0.15696893697357137,nan,nan,nan,nan
2482,24.834,,24.834000000000827,False,9.82050091868141,-1.2543908550510328,0.2642710025980222,0.1512640867076191,nan,nan,nan,nan
2483,24.84,,24.840000000000828,False,9.82819109506821,-1.2541417081728825,0.25986679644101685,0.14836059472582405,nan,nan,nan,nan
2484,24.852,,24.852000000000828,False,9.841099613148794,-1.2453093389861365,0.24535645504238307,0.1426172365523534,nan,nan,nan,nan
2485,24.861,,24.86100000000083,False,9.853213578505366,-1.2413097052055002,0.23674198029661275,0.13829241178442742,nan,nan,nan,nan
2486,24.87,,24.87000000000083,False,9.864656134924463,-1.2338625600271087,0.22599639934956944,0.13397003779069697,nan,nan,nan,nan
2487,24.882,,24.88200000000083,False,9.882247361212027,-1.2256247131076146,0.21333349256899312,0.12820681440038773,nan,nan,nan,nan
2488,24.891,,24.89100000000083,False,9.89500784092155,-1.2164007299818866,0.20209840660362005,0.12386613363878812,nan,nan,nan,nan
2489,24.9,,24.90000000000083,False,9.909869034166993,-1.209572375634224,0.19281925111073422,0.11954571814620421,nan,nan,nan,nan
2490,24.912,,24.91200000000083,False,9.929035900431328,-1.1964420783339667,0.17821695545102229,0.1137453891416818,nan,nan,nan,nan
2491,24.921,,24.92100000000083,False,9.945909528705107,-1.189453499028436,0.16954448433691272,0.10944323867285735,nan,nan,nan,nan
2492,24.93,,24.93000000000083,False,9.961826148252916,-1.1790951868495363,0.15893933481817735,0.10509530956002039,nan,nan,nan,nan
2493,24.942,,24.94200000000083,False,9.985415341488402,-1.1672684652214378,0.1465613521688615,0.09935218392409073,nan,nan,nan,nan
2494,24.951,,24.951000000000832,False,10.002399072982287,-1.1554989145341195,0.1357425315517255,0.094993235217936,nan,nan,nan,nan
2495,24.96,,24.960000000000832,False,10.02157166723253,-1.1463457416561982,0.12690529896194053,0.0907119953719783,nan,nan,nan,nan
2496,24.972,,24.972000000000833,False,10.046139176922905,-1.1303406954971633,0.11316102315244093,0.08492635386246317,nan,nan,nan,nan
2497,24.981,,24.981000000000833,False,10.067155318354901,-1.121433733016129,0.10515048053493244,0.08070249559142494,nan,nan,nan,nan
2498,24.99,,24.990000000000833,False,10.086926274565029,-1.109299580546202,0.0953961693284294,0.0763998601056187,nan,nan,nan,nan
2499,25.002,,25.002000000000834,False,10.115660357902666,-1.095369037083307,0.0842141610128427,0.07077779551122106,nan,nan,nan,nan
2500,25.011,,25.011000000000834,False,10.136225752228421,-1.0821913506029943,0.07446609821385156,0.0664922441664089,nan,nan,nan,nan
2501,25.02,,25.020000000000834,False,10.15903790462254,-1.0717766065028367,0.0666785729987671,0.06234241405769625,nan,nan,nan,nan
2502,25.032,,25.032000000000835,False,10.188099707824371,-1.054294116460046,0.0545353850279099,0.056715201288050195,nan,nan,nan,nan
2503,25.041,,25.041000000000835,False,10.212536125644158,-1.0444011334311516,0.04767401326771488,0.052676931709939576,nan,nan,nan,nan
2504,25.05,,25.050000000000836,False,10.235437028633573,-1.031398102342137,0.03920286601067161,0.04854156686871457,nan,nan,nan,nan
2505,25.062,,25.062000000000836,False,10.268295172505624,-1.0164220743171186,0.029689246349718052,0.043205652909117466,nan,nan,nan,nan
2506,25.071,,25.071000000000836,False,10.291779126477127,-1.0025632403094573,0.021293476201750594,0.03913027802933149,nan,nan,nan,nan
2507,25.08,,25.080000000000837,False,10.317697460924434,-0.9914770231027574,0.014765884633791025,0.035245028146408466,nan,nan,nan,nan
2508,25.092,,25.092000000000837,False,10.350698112366404,-0.9732125111290438,0.004409708265023771,0.029968605622229118,nan,nan,nan,nan
2509,25.101,,25.101000000000838,False,10.378137944681693,-0.9627196572246709,-0.0012386492848186004,0.026253900063120453,nan,nan,nan,nan
2510,25.11,,25.110000000000838,False,10.403757653480781,-0.9492057394236807,-0.00841424865238789,0.022433903945079565,nan,nan,nan,nan
2511,25.122,,25.12200000000084,False,10.440087856112719,-0.9335411436103032,-0.016324740858389503,0.01757590602387826,nan,nan,nan,nan
2512,25.131,,25.13100000000084,False,10.465702541895167,-0.9192717095486314,-0.023464742370441414,0.013861628346674914,nan,nan,nan,nan
2513,25.14,,25.14000000000084,False,10.493449818858563,-0.9077524105072682,-0.02887024995536511,0.010383033569595594,nan,nan,nan,nan
2514,25.152,,25.15200000000084,False,10.528189545032877,-0.8890698621582355,-0.037669246624431864,0.005653518758966438,nan,nan,nan,nan
2515,25.161,,25.16100000000084,False,10.556668562692037,-0.8782129703577523,-0.04231185483748857,0.002397198108253044,nan,nan,nan,nan
2516,25.17,,25.17000000000084,False,10.582914283268924,-0.8644605728851784,-0.048417849547580535,-0.000967730719439812,nan,nan,nan,nan
2517,25.182,,25.18200000000084,False,10.619735901850232,-0.848443446350724,-0.055055155334772544,-0.005174662672715673,nan,nan,nan,nan
2518,25.191,,25.19100000000084,False,10.645340338556561,-0.8340269473163261,-0.06120073088485293,-0.008396826630303686,nan,nan,nan,nan
2519,25.2,,25.20000000000084,False,10.672923385905198,-0.8222801306225677,-0.06575647034538319,-0.011350711090588226,nan,nan,nan,nan
2520,25.212,,25.21200000000084,False,10.707006254153143,-0.8034462233650437,-0.07336947696793525,-0.015376309033910372,nan,nan,nan,nan
2521,25.221,,25.221000000000842,False,10.734829153312027,-0.7923583800949001,-0.07728923807925744,-0.018072376368191454,nan,nan,nan,nan
2522,25.23,,25.230000000000842,False,10.760146162692168,-0.7784980487519805,-0.0826081197650785,-0.02087945436933912,nan,nan,nan,nan
2523,25.242,,25.242000000000843,False,10.79547806233869,-0.7622272246972904,-0.0883464916475633,-0.024315263657946798,nan,nan,nan,nan
2524,25.251,,25.251000000000843,False,10.819702900824163,-0.7477202012826591,-0.09377417506539586,-0.026957643042115127,nan,nan,nan,nan
2525,25.26,,25.260000000000844,False,10.845770973374782,-0.7357420783343845,-0.09775104162707748,-0.029313368212600274,nan,nan,nan,nan
2526,25.272,,25.272000000000844,False,10.87751036696238,-0.7167303126433829,-0.10452937748174916,-0.03254114813242307,nan,nan,nan,nan
2527,25.281,,25.281000000000844,False,10.903409145826787,-0.7053283668348526,-0.10797988978666825,-0.03462301393244658,nan,nan,nan,nan
2528,25.29,,25.290000000000845,False,10.926603243391572,-0.6912762033481022,-0.11275683264674344,-0.036819309460618725,nan,nan,nan,nan
2529,25.302,,25.302000000000845,False,10.958847829945821,-0.6745864659328871,-0.11790711029769116,-0.039430677979816135,nan,nan,nan,nan
2530,25.311,,25.311000000000845,False,10.980555399117003,-0.6598662005983126,-0.12283883001431274,-0.0414568960212318,nan,nan,nan,nan
2531,25.32,,25.320000000000846,False,11.003941646894074,-0.647500206778251,-0.12644629015257153,-0.04319139536745876,nan,nan,nan,nan
2532,25.332,,25.332000000000846,False,11.0318472319536,-0.6281180960033045,-0.13265329618000157,-0.045595387138996586,nan,nan,nan,nan
2533,25.341,,25.341000000000847,False,11.054661706088119,-0.616229462494558,-0.1358168097483566,-0.04705828675798012,nan,nan,nan,nan
2534,25.35,,25.350000000000847,False,11.074627545271014,-0.6018369410827598,-0.14022406293943981,-0.04864030383489314,nan,nan,nan,nan
2535,25.362,,25.362000000000847,False,11.102273450025244,-0.5845174239933737,-0.14499662473260222,-0.050437395502445484,nan,nan,nan,nan
2536,25.371,,25.371000000000848,False,11.120611628153409,-0.5694382188224689,-0.14957569814095048,-0.051857596671716154,nan,nan,nan,nan
2537,25.383,,25.383000000000848,False,11.14757447378077,-0.5522869133545287,-0.15398564943519447,-0.05333790406272342,nan,nan,nan,nan
2538,25.398,,25.39800000000085,False,11.177548074866436,-0.5279079791468818,-0.16083138341772557,-0.05521669637039278,nan,nan,nan,nan
2539,25.401,,25.40100000000085,False,11.1842694739047,-0.5239473170629468,-0.1616874765364089,-0.0554766752570228,nan,nan,nan,nan
2540,25.41,,25.41000000000085,False,11.201107164322153,-0.5090185493660038,-0.16580958421700126,-0.05647692892149708,nan,nan,nan,nan
2541,25.422,,25.42200000000085,False,11.224260469945246,-0.49074641493229704,-0.17031256650817722,-0.05751404494166153,nan,nan,nan,nan
2542,25.431,,25.43100000000085,False,11.238824824359906,-0.4750369786060543,-0.17464312736800958,-0.058372247308927615,nan,nan,nan,nan
2543,25.44,,25.44000000000085,False,11.254489599762634,-0.46124655937885023,-0.17788296510645618,-0.0589593372212444,nan,nan,nan,nan
2544,25.452,,25.45200000000085,False,11.271562535034471,-0.4403469969248932,-0.18341940662349543,-0.05985222650971546,nan,nan,nan,nan
2545,25.461,,25.46100000000085,False,11.285492287110804,-0.4268656393523713,-0.18632809972411196,-0.060212111681158656,nan,nan,nan,nan
2546,25.47,,25.47000000000085,False,11.296291907199388,-0.4112911989240824,-0.19029503607738274,-0.060701570313400434,nan,nan,nan,nan
2547,25.482,,25.482000000000852,False,11.310752424579645,-0.3920780366685627,-0.19466331427917857,-0.061082043026459365,nan,nan,nan,nan
2548,25.491,,25.491000000000852,False,11.318619281332618,-0.37597122949090606,-0.19878565152906258,-0.061454839572828004,nan,nan,nan,nan
2549,25.5,,25.500000000000853,False,11.327241364700502,-0.36164181188486905,-0.2018942837349864,-0.06157550468134428,nan,nan,nan,nan
2550,25.512,,25.512000000000853,False,11.334836857078312,-0.3403386256820072,-0.20713710025038598,-0.06185514146328598,nan,nan,nan,nan
2551,25.521,,25.521000000000853,False,11.341315999441901,-0.3262923290509824,-0.20993439903055058,-0.06177866978862229,nan,nan,nan,nan
2552,25.53,,25.530000000000854,False,11.344748482036485,-0.31035420588393203,-0.21370339722975545,-0.061834637111277735,nan,nan,nan,nan
2553,25.542,,25.542000000000854,False,11.349067449802279,-0.29035478426265043,-0.21791062677467335,-0.06166409490642392,nan,nan,nan,nan
2554,25.551,,25.551000000000855,False,11.349435208855391,-0.27376950871233263,-0.2218545483624382,-0.061629534462432155,nan,nan,nan,nan
2555,25.56,,25.560000000000855,False,11.350312053140216,-0.25862472567917766,-0.22489573528868598,-0.06136517221506883,nan,nan,nan,nan
2556,25.572,,25.572000000000855,False,11.347748451315548,-0.23636640453204177,-0.22997689210535058,-0.06113912077385403,nan,nan,nan,nan
2557,25.581,,25.581000000000856,False,11.34632715110888,-0.22119216455484,-0.23278042501477084,-0.060710480678266995,nan,nan,nan,nan
2558,25.59,,25.590000000000856,False,11.342084387739849,-0.20429330689530656,-0.2364807621699085,-0.060415597870912136,nan,nan,nan,nan
2559,25.602,,25.602000000000857,False,11.33591098139112,-0.18263719281528273,-0.24069968159097957,-0.05980644616828738,nan,nan,nan,nan
2560,25.611,,25.611000000000857,False,11.328628687615101,-0.16494556539862024,-0.24459021214437557,-0.059447072904003646,nan,nan,nan,nan
2561,25.62,,25.620000000000857,False,11.321602720979142,-0.14834474677300213,-0.24767755434712535,-0.05888157900741922,nan,nan,nan,nan
2562,25.632,,25.632000000000858,False,11.30878574044442,-0.12436838658295733,-0.25273101728643527,-0.05825824277177046,nan,nan,nan,nan
2563,25.641,,25.641000000000858,False,11.299367666399432,-0.10749938053901886,-0.25562497834337483,-0.057559246996749185,nan,nan,nan,nan
2564,25.65,,25.65000000000086,False,11.287429905536637,-0.08915350198103955,-0.25932928128382293,-0.05699189152661407,nan,nan,nan,nan
2565,25.662,,25.66200000000086,False,11.270723326742791,-0.0652155817276444,-0.26364056573267325,-0.05604701659398098,nan,nan,nan,nan
2566,25.671,,25.67100000000086,False,11.255822501908028,-0.04601971089641517,-0.2675294047465807,-0.05543603280945324,nan,nan,nan,nan
2567,25.68,,25.68000000000086,False,11.240890910820744,-0.02754277360938123,-0.2707104522323191,-0.05464175421706699,nan,nan,nan,nan
2568,25.692,,25.69200000000086,False,11.217893442303495,-0.0013547599449822163,-0.275797243729556,-0.05371192183167382,nan,nan,nan,nan
2569,25.701,,25.70100000000086,False,11.20049430641856,0.017635910274939468,-0.2788309406396317,-0.05280931644656388,nan,nan,nan,nan
2570,25.71,,25.71000000000086,False,11.18093927444468,0.037816157891167,-0.2825917972782457,-0.052032036306843235,nan,nan,nan,nan
2571,25.722,,25.72200000000086,False,11.153788187700476,0.06462924443767556,-0.28707783979645485,-0.05083182277964381,nan,nan,nan,nan
2572,25.731,,25.73100000000086,False,11.131392930708708,0.085757295893381,-0.29103441365201765,-0.05002514290816591,nan,nan,nan,nan
2573,25.74,,25.74000000000086,False,11.108657422546507,0.10662532149424145,-0.29439029327097,-0.04905656642422873,nan,nan,nan,nan
2574,25.752,,25.752000000000862,False,11.075697541490534,0.13569542581793279,-0.2996298763322556,-0.04788711990975236,nan,nan,nan,nan
2575,25.761,,25.761000000000863,False,11.050466237445157,0.15742417529365163,-0.30290794286186734,-0.046829232949119545,nan,nan,nan,nan
2576,25.77,,25.770000000000863,False,11.023511378129864,0.18002336862764842,-0.306834743083144,-0.045886243754281957,nan,nan,nan,nan
2577,25.782,,25.782000000000863,False,10.986254161959243,0.21056268238913364,-0.3116611464445027,-0.04448529101526143,nan,nan,nan,nan
2578,25.791,,25.791000000000864,False,10.956459539904682,0.2342258304304838,-0.31582163405805086,-0.043520259522794764,nan,nan,nan,nan
2579,25.8,,25.800000000000864,False,10.925697931072996,0.25801895024014815,-0.3195269302971316,-0.042415006956590284,nan,nan,nan,nan
2580,25.812,,25.812000000000864,False,10.882062898704884,0.29053365467122455,-0.3251829163489673,-0.04105305834625052,nan,nan,nan,nan
2581,25.821,,25.821000000000865,False,10.848328779924113,0.3151075809061895,-0.3289637519193556,-0.03987715934392776,nan,nan,nan,nan
2582,25.83,,25.830000000000865,False,10.813114666690934,0.3400543280638976,-0.3333342444179869,-0.03880352634403315,nan,nan,nan,nan
2583,25.842,,25.842000000000866,False,10.764602219311177,0.37361931204340315,-0.33895300512657667,-0.037253437037120585,nan,nan,nan,nan
2584,25.851,,25.851000000000866,False,10.726900728897984,0.39897186033104376,-0.3436712109129476,-0.03616521029113333,nan,nan,nan,nan
2585,25.86,,25.860000000000866,False,10.688486474175987,0.4244530930502323,-0.34810365848167346,-0.03495862989122342,nan,nan,nan,nan
2586,25.872,,25.872000000000867,False,10.635697951062584,0.4583662696747093,-0.35466080637710395,-0.033442441852292275,nan,nan,nan,nan
2587,25.881,,25.881000000000867,False,10.595367763748548,0.4839836238503485,-0.359313366121865,-0.032175443724300375,nan,nan,nan,nan
2588,25.89,,25.890000000000867,False,10.554302676033283,0.5093234330682158,-0.3644620775101842,-0.030990620350581925,nan,nan,nan,nan
2589,25.902,,25.902000000000868,False,10.498470756337202,0.5432272748867762,-0.3712846125468326,-0.029309562872847545,nan,nan,nan,nan
2590,25.911,,25.91100000000087,False,10.456028623952587,0.5682101003340365,-0.3768213717361312,-0.02810398882967129,nan,nan,nan,nan
2591,25.92,,25.92000000000087,False,10.413083536402034,0.5933971340447074,-0.3822263791217838,-0.026798461881914492,nan,nan,nan,nan
2592,25.932,,25.93200000000087,False,10.355185311991972,0.626159904340072,-0.3899432801163653,-0.0251219862978693,nan,nan,nan,nan
2593,25.941,,25.94100000000087,False,10.31126178849259,0.6510886863561528,-0.39563821006799044,-0.02375443398811987,nan,nan,nan,nan
2594,25.95,,25.95000000000087,False,10.267254621336425,0.6752045441216113,-0.401683255915612,-0.02244288072734042,nan,nan,nan,nan
2595,25.962,,25.96200000000087,False,10.207940427869534,0.7075862678275341,-0.40982537459625273,-0.020602315744000902,nan,nan,nan,nan
2596,25.971,,25.97100000000087,False,10.163535450901577,0.7309798162760327,-0.4162125479360738,-0.019251605417816547,nan,nan,nan,nan
2597,25.98,,25.98000000000087,False,10.118827556440984,0.7548724007575751,-0.42260625011103703,-0.017814222349346646,nan,nan,nan,nan
2598,25.992,,25.99200000000087,False,10.05939285945652,0.7853759070831184,-0.4314360624790033,-0.01592568825652228,nan,nan,nan,nan
2599,26.001,,26.00100000000087,False,10.014416372359031,0.809026952710802,-0.43813253461176027,-0.014413037486469455,nan,nan,nan,nan
2600,26.01,,26.010000000000872,False,9.969650236454148,0.8314547371182153,-0.44500096417123924,-0.012927322917447382,nan,nan,nan,nan
2601,26.022,,26.022000000000872,False,9.909383311274581,0.8619567625227518,-0.45436540477603027,-0.010857878684995721,nan,nan,nan,nan
2602,26.031,,26.031000000000873,False,9.864536811576043,0.8836063836079835,-0.46150560762982923,-0.00930761171849914,nan,nan,nan,nan
2603,26.04,,26.040000000000873,False,9.819376443562277,0.9061980531148287,-0.46880570527099635,-0.007679733907218754,nan,nan,nan,nan
2604,26.052,,26.052000000000874,False,9.759710055095104,0.9345254416994238,-0.4786122387574694,-0.0054991863810002475,nan,nan,nan,nan
2605,26.061,,26.061000000000874,False,9.714731485336632,0.9570686465035103,-0.4862173149426494,-0.0037750798881665466,nan,nan,nan,nan
2606,26.07,,26.070000000000874,False,9.670492590689227,0.9779457984202071,-0.49376993503345235,-0.002046741160150265,nan,nan,nan,nan
2607,26.082,,26.082000000000875,False,9.611493266342352,1.0067673929822685,-0.5041437237659472,0.00035185027539509823,nan,nan,nan,nan
2608,26.091,,26.091000000000875,False,9.56815142012302,1.0267530069028368,-0.5118218393915398,0.0021786775873833,nan,nan,nan,nan
2609,26.1,,26.100000000000875,False,9.524843974071649,1.0481110171697487,-0.5197956026969521,0.004080949515808068,nan,nan,nan,nan
2610,26.112,,26.112000000000876,False,9.468366806780512,1.074208346821413,-0.5301818474810546,0.006665775771996891,nan,nan,nan,nan
2611,26.121,,26.121000000000876,False,9.426219257281023,1.0955611961316207,-0.5383731771883932,0.008692684543352916,nan,nan,nan,nan
2612,26.13,,26.130000000000877,False,9.385262954418653,1.1147024311634472,-0.5462322728517015,0.010751088269689808,nan,nan,nan,nan
2613,26.142,,26.142000000000877,False,9.331283033203505,1.1415056211349948,-0.5570700186547318,0.01359965165442608,nan,nan,nan,nan
2614,26.151,,26.151000000000877,False,9.292182509872287,1.1594576231494884,-0.5648185782255309,0.015788026255371096,nan,nan,nan,nan
2615,26.16,,26.160000000000878,False,9.253534514302846,1.1791581200014905,-0.5729805824080578,0.018053565628280855,nan,nan,nan,nan
2616,26.172,,26.172000000000878,False,9.203706961049908,1.2023284863097277,-0.5832378812075641,0.021149650245114514,nan,nan,nan,nan
2617,26.181,,26.18100000000088,False,9.166702338330897,1.2219498347806899,-0.5914908189004392,0.023561981163720432,nan,nan,nan,nan
2618,26.19,,26.19000000000088,False,9.130921952041513,1.238766976529872,-0.5991120530861349,0.026020777985341477,nan,nan,nan,nan
2619,26.202,,26.20200000000088,False,9.084086041774473,1.2627414287983805,-0.6096999250339993,0.029410069226133977,nan,nan,nan,nan
2620,26.211,,26.21100000000088,False,9.050371748768722,1.2780267264838916,-0.6169797605380205,0.03201308674752323,nan,nan,nan,nan
2621,26.22,,26.22000000000088,False,9.01730937826481,1.2954358431172714,-0.6248142261139,0.034695348617032884,nan,nan,nan,nan
2622,26.232,,26.23200000000088,False,8.97515554272269,1.3147764869806076,-0.6342420706161807,0.03835171866481938,nan,nan,nan,nan
2623,26.241,,26.24100000000088,False,8.94454483131346,1.3318834959655173,-0.6420122410649819,0.04118818097426395,nan,nan,nan,nan
2624,26.25,,26.25000000000088,False,8.91542695233799,1.3454982879544268,-0.6488134434760546,0.044067876757911434,nan,nan,nan,nan
2625,26.262,,26.26200000000088,False,8.878281837314198,1.3652946573099753,-0.6583296746239463,0.04801925240295385,nan,nan,nan,nan
2626,26.271,,26.271000000000882,False,8.852150204900084,1.3767745896620656,-0.6644760861088802,0.05103136835705087,nan,nan,nan,nan
2627,26.28,,26.280000000000882,False,8.827260557293767,1.3906058684820781,-0.6712798608066248,0.05412398310983042,nan,nan,nan,nan
2628,26.292,,26.292000000000883,False,8.796382298573501,1.4042433192200559,-0.678879565234361,0.058298225509960944,nan,nan,nan,nan
2629,26.301,,26.301000000000883,False,8.774922925896965,1.4172844262344513,-0.6853864602537629,0.06152331467599859,nan,nan,nan,nan
2630,26.31,,26.310000000000883,False,8.755070921074328,1.42609528640979,-0.6905657916448177,0.06475976380102376,nan,nan,nan,nan
2631,26.322,,26.322000000000884,False,8.731057620512471,1.439420949166268,-0.69790572299989,0.06917215335271178,nan,nan,nan,nan
2632,26.331,,26.331000000000884,False,8.714912770669667,1.4453496634236227,-0.7020803813194353,0.07248506601970776,nan,nan,nan,nan
2633,26.34,,26.340000000000884,False,8.700586320153144,1.4537644920055528,-0.7070010377870869,0.0758740141846323,nan,nan,nan,nan
2634,26.352,,26.352000000000885,False,8.683915679441666,1.459287315471343,-0.7116513679821967,0.08036736297318603,nan,nan,nan,nan
2635,26.361,,26.361000000000885,False,8.673763681138876,1.4663813749358856,-0.7160516019329014,0.08382428323661638,nan,nan,nan,nan
2636,26.37,,26.370000000000886,False,8.665129361337838,1.468610184198405,-0.7188017672790773,0.08722516619602044,nan,nan,nan,nan
2637,26.382,,26.382000000000886,False,8.656721473715251,1.4731051467853478,-0.7229188117058596,0.09182144982035502,nan,nan,nan,nan
2638,26.391,,26.391000000000886,False,8.652201352368861,1.4718739935919796,-0.7243985990924198,0.09518984257445935,nan,nan,nan,nan
2639,26.4,,26.400000000000887,False,8.65000695940988,1.4732739148804033,-0.7267389794265975,0.09862293760743641,nan,nan,nan,nan
2640,26.412,,26.412000000000887,False,8.649350668872676,1.4688410846737494,-0.7276207164014644,0.10304976458442602,nan,nan,nan,nan
2641,26.421,,26.421000000000888,False,8.651765992017502,1.4686492772781479,-0.7293406720531332,0.10644228545908566,nan,nan,nan,nan
2642,26.43,,26.430000000000888,False,8.65540844150622,1.4632148308905566,-0.7291817862049245,0.10967731127091716,nan,nan,nan,nan
2643,26.442,,26.44200000000089,False,8.663847808826079,1.4575986534218166,-0.729520176237917,0.11400096739868693,nan,nan,nan,nan
2644,26.451,,26.45100000000089,False,8.671680222894304,1.448549525903265,-0.7280010354660533,0.11705123188281497,nan,nan,nan,nan
2645,26.46,,26.46000000000089,False,8.682250593604866,1.4423495195634293,-0.7275032478055695,0.12015328876577436,nan,nan,nan,nan
2646,26.472,,26.47200000000089,False,8.698200844355458,1.4276163630815595,-0.7244327106197711,0.12397823497149389,nan,nan,nan,nan
2647,26.481,,26.48100000000089,False,8.713510848410184,1.4199725977312696,-0.7233885540600996,0.12690665232888335,nan,nan,nan,nan
2648,26.49,,26.49000000000089,False,8.729597271053022,1.407034497194839,-0.7203523246222816,0.129555556438868,nan,nan,nan,nan
2649,26.502,,26.50200000000089,False,8.754933745149666,1.3917269200213838,-0.7170468870376128,0.13304703431347306,nan,nan,nan,nan
2650,26.511,,26.51100000000089,False,8.774999650177751,1.3755146449755784,-0.7127518824424889,0.13534741825203392,nan,nan,nan,nan
2651,26.52,,26.52000000000089,False,8.798113262629368,1.3624433705453953,-0.7096788524468897,0.13769646612496036,nan,nan,nan,nan
2652,26.532,,26.53200000000089,False,8.830191145089556,1.3388223497962801,-0.7031625786009854,0.14035158669748993,nan,nan,nan,nan
2653,26.541,,26.541000000000892,False,8.857915642474797,1.324858679114965,-0.6997732898970801,0.14240613059374077,nan,nan,nan,nan
2654,26.55,,26.550000000000892,False,8.885861939854605,1.3058488723606005,-0.6943816823734587,0.14406091903309498,nan,nan,nan,nan
2655,26.562,,26.562000000000893,False,8.927158260659517,1.2829095612838972,-0.6881921033034158,0.14620014501261921,nan,nan,nan,nan
2656,26.571,,26.571000000000893,False,8.958654413995212,1.261356290225074,-0.6817870888938078,0.14737421292300373,nan,nan,nan,nan
2657,26.58,,26.580000000000894,False,8.993405176346364,1.2432548071282623,-0.676819402971697,0.14861573347762733,nan,nan,nan,nan
2658,26.592,,26.592000000000894,False,9.040289137343711,1.2135202888336791,-0.667874626091833,0.14965720879496633,nan,nan,nan,nan
2659,26.601,,26.601000000000894,False,9.079316045871119,1.1953103467962047,-0.6629085883028782,0.15053386525726048,nan,nan,nan,nan
2660,26.61,,26.610000000000895,False,9.117957156811388,1.172499024090447,-0.6559959439035056,0.15091479621561038,nan,nan,nan,nan
2661,26.622,,26.622000000000895,False,9.173514580589776,1.1449701691815437,-0.6480465800577205,0.1513707714278972,nan,nan,nan,nan
2662,26.631,,26.631000000000896,False,9.215112030137579,1.120501163627366,-0.6404239320525912,0.15120556267290092,nan,nan,nan,nan
2663,26.64,,26.640000000000896,False,9.260066310257654,1.099725320120517,-0.6344352097193868,0.1511547947229667,nan,nan,nan,nan
2664,26.652,,26.652000000000896,False,9.31978259866484,1.0671458033843797,-0.6242708770711208,0.15038950400929849,nan,nan,nan,nan
2665,26.661,,26.661000000000897,False,9.368507777887974,1.0470300553132552,-0.6186021486238856,0.14997619543183902,nan,nan,nan,nan
2666,26.67,,26.670000000000897,False,9.416221599512003,1.0228220376313832,-0.6110646237099945,0.14900919143782798,nan,nan,nan,nan
2667,26.682,,26.682000000000897,False,9.483736622254888,0.9937777084058856,-0.6025106726030086,0.14772930366622783,nan,nan,nan,nan
2668,26.691,,26.691000000000898,False,9.533818035713432,0.9686864508944908,-0.594530575775953,0.14622827712849557,nan,nan,nan,nan
2669,26.7,,26.700000000000898,False,9.587444110153672,0.9473630102707485,-0.5883221330681673,0.14491134752110513,nan,nan,nan,nan
2670,26.712,,26.7120000000009,False,9.658043411022836,0.9147141468387835,-0.5779848885810008,0.14243134835719742,nan,nan,nan,nan
2671,26.721,,26.7210000000009,False,9.714835945525248,0.8945917992674275,-0.572340531074407,0.1408228845166091,nan,nan,nan,nan
2672,26.73,,26.7300000000009,False,9.769880637584672,0.8708585777564039,-0.5649005956394643,0.13864292537321296,nan,nan,nan,nan
2673,26.742,,26.7420000000009,False,9.846638771800121,0.8425966684001421,-0.5566498450828109,0.1358451917985884,nan,nan,nan,nan
2674,26.751,,26.7510000000009,False,9.902615998932257,0.8185745341315859,-0.5490016656667932,0.133218274638133,nan,nan,nan,nan
2675,26.76,,26.7600000000009,False,9.96155440371381,0.7982907854083531,-0.5432511233527063,0.1308679376147516,nan,nan,nan,nan
2676,26.772,,26.7720000000009,False,10.037850616273587,0.7676307491008247,-0.5336554194733334,0.12704212147066316,nan,nan,nan,nan
2677,26.781,,26.7810000000009,False,10.098393460031767,0.7488856997270721,-0.5286841287806009,0.12453262536553679,nan,nan,nan,nan
2678,26.79,,26.7900000000009,False,10.15635653506761,0.7269438500251075,-0.5219791780215017,0.12146729984100096,nan,nan,nan,nan
2679,26.802,,26.802000000000902,False,10.236322834204959,0.7010019202085485,-0.5148196422779685,0.11760865841851599,nan,nan,nan,nan
2680,26.811,,26.811000000000902,False,10.29393384848147,0.6790596241111843,-0.5080461578513347,0.11422425408504301,nan,nan,nan,nan
2681,26.82,,26.820000000000903,False,10.354195545872384,0.6606303958010282,-0.5032222789054125,0.11120791065282676,nan,nan,nan,nan
2682,26.832,,26.832000000000903,False,10.431456130419708,0.6328217557446831,-0.4949021945248152,0.10654953231243851,nan,nan,nan,nan
2683,26.841,,26.841000000000903,False,10.492550811753114,0.6158813364440289,-0.4909136006584456,0.1035168438027331,nan,nan,nan,nan
2684,26.85,,26.850000000000904,False,10.550535099049853,0.5960266839160951,-0.4851953208661159,0.09995758130514629,nan,nan,nan,nan
2685,26.862,,26.862000000000904,False,10.629982918437866,0.5725608831969273,-0.4793621634568491,0.09555407268480122,nan,nan,nan,nan
2686,26.871,,26.871000000000905,False,10.686528875832721,0.5526806159679254,-0.47358059499392013,0.09180819775881892,nan,nan,nan,nan
2687,26.88,,26.880000000000905,False,10.745309017054641,0.5359581972060271,-0.4697467851522621,0.08851156781517953,nan,nan,nan,nan
2688,26.892,,26.892000000000905,False,10.819538533041836,0.5106808064858436,-0.4627375582208217,0.08354426116912399,nan,nan,nan,nan
2689,26.904,,26.904000000000906,False,10.896486059750044,0.4897766926144953,-0.45854291519418433,0.07925693695187892,nan,nan,nan,nan
2690,26.91,,26.910000000000906,False,10.931906151037191,0.4770781843031983,-0.4549867805390356,0.07670509175767691,nan,nan,nan,nan
2691,26.922,,26.922000000000907,False,11.005596582320381,0.4555084188409065,-0.4504342922831144,0.07225771470904283,nan,nan,nan,nan
2692,26.931,,26.931000000000907,False,11.057376027226423,0.4371875818868218,-0.4455832457092267,0.06852149915893796,nan,nan,nan,nan
2693,26.94,,26.940000000000907,False,11.110888655036629,0.42161101759809033,-0.44266534410527697,0.0652988098367921,nan,nan,nan,nan
2694,26.951999999999998,,26.952000000000908,False,11.177421865935564,0.39806899323431116,-0.43684596140530896,0.06048369383017789,nan,nan,nan,nan
2695,26.961,,26.961000000000908,False,11.229576762289991,0.383435432661284,-0.43470564729114275,0.057487105378144984,nan,nan,nan,nan
2696,26.97,,26.97000000000091,False,11.277909357456005,0.366339302805222,-0.43078538707223546,0.05402182727770254,nan,nan,nan,nan
2697,26.982,,26.98200000000091,False,11.343440904658689,0.3457430276901427,-0.42729337670243095,0.04990648899674043,nan,nan,nan,nan
2698,26.991,,26.99100000000091,False,11.388630297199692,0.32834077008474616,-0.42321605220793745,0.04645144250895522,nan,nan,nan,nan
2699,27.0,,27.00000000000091,False,11.435267326606201,0.3133034840836898,-0.42105696209143023,0.04355172145307198,nan,nan,nan,nan
2700,27.012,,27.01200000000091,False,11.492027444120042,0.2907177937332097,-0.41621729763286314,0.03920466733718977,nan,nan,nan,nan
2701,27.021,,27.02100000000091,False,11.536007808386529,0.27635229927541527,-0.4148163863650218,0.03660522550429205,nan,nan,nan,nan
2702,27.03,,27.03000000000091,False,11.575382833538129,0.2597712300503843,-0.4116312904442502,0.033559466346426606,nan,nan,nan,nan
2703,27.042,,27.04200000000091,False,11.6278292316967,0.23945951818130004,-0.4091334001861352,0.030052507715616125,nan,nan,nan,nan
2704,27.051,,27.05100000000091,False,11.662664551001832,0.22243835123651165,-0.40579146271234895,0.027076006895425515,nan,nan,nan,nan
2705,27.06,,27.06000000000091,False,11.698436821920094,0.20737577031352447,-0.40437978481360715,0.024681993133010113,nan,nan,nan,nan
2706,27.072,,27.072000000000912,False,11.740305550530152,0.18497878840215676,-0.40051797082354235,0.021031158788305578,nan,nan,nan,nan
2707,27.081,,27.081000000000913,False,11.772710582324855,0.1702788053540377,-0.3998677972525375,0.018977802248279,nan,nan,nan,nan
2708,27.09,,27.090000000000913,False,11.800485107637833,0.15359656997976873,-0.3974093933438506,0.01648554529621326,nan,nan,nan,nan
2709,27.102,,27.102000000000913,False,11.837129817949767,0.1327251348878762,-0.39589244208333707,0.013736765561327916,nan,nan,nan,nan
2710,27.111,,27.111000000000914,False,11.860196618986055,0.11545368344243495,-0.39325706608746064,0.011334359248169718,nan,nan,nan,nan
2711,27.12,,27.120000000000914,False,11.884027551561271,0.09972757694011225,-0.39256846385213556,0.009523649173212408,nan,nan,nan,nan
2712,27.132,,27.132000000000914,False,11.910166590381243,0.07668626088278672,-0.38962496009424175,0.006652065504160273,nan,nan,nan,nan
2713,27.141,,27.141000000000915,False,11.9306176944888,0.06102239308511089,-0.3896878219237066,0.005187975030241688,nan,nan,nan,nan
2714,27.15,,27.150000000000915,False,11.946714037907403,0.04363226439290521,-0.38789805680175665,0.003281043133962836,nan,nan,nan,nan
2715,27.162,,27.162000000000916,False,11.967071676440042,0.021397073833313924,-0.38731106176920876,0.0013162250293281504,nan,nan,nan,nan
2716,27.171,,27.171000000000916,False,11.977105142375395,0.0033007695806734137,-0.38536913367824666,-0.0004951136768232307,nan,nan,nan,nan
2717,27.18,,27.180000000000916,False,11.987106439769942,-0.013671189598010388,-0.3854349179763241,-0.0017120761110237018,nan,nan,nan,nan
2718,27.192,,27.192000000000917,False,11.994523360879784,-0.038101167465728544,-0.3834733160475863,-0.003796858279937274,nan,nan,nan,nan
2719,27.201,,27.201000000000917,False,12.000498268179358,-0.05530674456565054,-0.3843455715859268,-0.0046750381896162665,nan,nan,nan,nan
2720,27.21,,27.210000000000917,False,12.002405840937953,-0.07395706940922818,-0.38332492448208555,-0.006004663611653151,nan,nan,nan,nan
2721,27.222,,27.222000000000918,False,12.004320926208807,-0.09831864451822572,-0.3838115162560472,-0.007217674777597165,nan,nan,nan,nan
2722,27.231,,27.23100000000092,False,12.002130267460615,-0.11779151384690455,-0.38259473776445135,-0.008488644900999988,nan,nan,nan,nan
2723,27.24,,27.24000000000092,False,12.00053317334092,-0.13658728198156309,-0.38342811796625736,-0.00918410129374964,nan,nan,nan,nan
2724,27.252,,27.25200000000092,False,11.993869041751545,-0.16313159010834866,-0.3823930969945099,-0.010602679388022077,nan,nan,nan,nan
2725,27.261,,27.26100000000092,False,11.989529481052868,-0.18245541236625948,-0.3840300747238536,-0.011003658327197942,nan,nan,nan,nan
2726,27.27,,27.27000000000092,False,11.98182375389473,-0.2028953954703189,-0.38369337330273773,-0.011874136207294685,nan,nan,nan,nan
2727,27.282,,27.28200000000092,False,11.970997735123314,-0.2301120303313469,-0.3851583878283196,-0.012504869598088362,nan,nan,nan,nan
2728,27.291,,27.29100000000092,False,11.959738884770715,-0.2514600180076965,-0.38460998574939775,-0.013359246630332007,nan,nan,nan,nan
2729,27.3,,27.30000000000092,False,11.948826407356265,-0.27262231355731886,-0.38620480499468274,-0.013659112026667544,nan,nan,nan,nan
2730,27.312,,27.31200000000092,False,11.930174350415971,-0.30195107224840795,-0.3861092554171497,-0.014575580374596237,nan,nan,nan,nan
2731,27.321,,27.32100000000092,False,11.91642769308446,-0.323968383166301,-0.388585541885498,-0.014625881223016925,nan,nan,nan,nan
2732,27.33,,27.330000000000922,False,11.899652482654071,-0.34673016060547085,-0.38901901609154016,-0.01516010750127899,nan,nan,nan,nan
2733,27.342,,27.342000000000922,False,11.876295813280315,-0.3775978422870055,-0.3916560993452465,-0.015374901067896499,nan,nan,nan,nan
2734,27.351,,27.351000000000923,False,11.855888417288405,-0.40139492308118724,-0.3919425218031348,-0.015933644680058517,nan,nan,nan,nan
2735,27.36,,27.360000000000923,False,11.836025465968161,-0.42557373572265794,-0.3945042043495847,-0.015967009133955396,nan,nan,nan,nan
2736,27.372,,27.372000000000924,False,11.807450890934444,-0.45845940562028803,-0.3955769153701253,-0.016562335494025093,nan,nan,nan,nan
2554,25.551,,25.551000000000855,False,11.349435208855391,-0.27376950871233263,-0.2218545483624382,-0.061629534462432155,nan,nan,nan,nan
2555,25.56,,25.560000000000855,False,11.350312053140216,-0.25862472567917766,-0.22489573528868598,-0.06136517221506883,nan,nan,nan,nan
2556,25.572,,25.572000000000855,False,11.347748451315548,-0.23636640453204177,-0.22997689210535058,-0.06113912077385403,nan,nan,nan,nan
2557,25.581,,25.581000000000856,False,11.34632715110888,-0.22119216455484,-0.23278042501477084,-0.060710480678266995,nan,nan,nan,nan
2558,25.59,,25.590000000000856,False,11.342084387739849,-0.20429330689530656,-0.2364807621699085,-0.060415597870912136,nan,nan,nan,nan
2559,25.602,,25.602000000000857,False,11.33591098139112,-0.18263719281528273,-0.24069968159097957,-0.05980644616828738,nan,nan,nan,nan
2560,25.611,,25.611000000000857,False,11.328628687615101,-0.16494556539862024,-0.24459021214437557,-0.059447072904003646,nan,nan,nan,nan
2561,25.62,,25.620000000000857,False,11.321602720979142,-0.14834474677300213,-0.24767755434712535,-0.05888157900741922,nan,nan,nan,nan
2562,25.632,,25.632000000000858,False,11.30878574044442,-0.12436838658295733,-0.25273101728643527,-0.05825824277177046,nan,nan,nan,nan
2563,25.641,,25.641000000000858,False,11.299367666399432,-0.10749938053901886,-0.25562497834337483,-0.057559246996749185,nan,nan,nan,nan
2564,25.65,,25.65000000000086,False,11.287429905536637,-0.08915350198103955,-0.25932928128382293,-0.05699189152661407,nan,nan,nan,nan
2565,25.662,,25.66200000000086,False,11.270723326742791,-0.0652155817276444,-0.26364056573267325,-0.05604701659398098,nan,nan,nan,nan
2566,25.671,,25.67100000000086,False,11.255822501908028,-0.04601971089641517,-0.2675294047465807,-0.05543603280945324,nan,nan,nan,nan
2567,25.68,,25.68000000000086,False,11.240890910820744,-0.02754277360938123,-0.2707104522323191,-0.05464175421706699,nan,nan,nan,nan
2568,25.692,,25.69200000000086,False,11.217893442303495,-0.0013547599449822163,-0.275797243729556,-0.05371192183167382,nan,nan,nan,nan
2569,25.701,,25.70100000000086,False,11.20049430641856,0.017635910274939468,-0.2788309406396317,-0.05280931644656388,nan,nan,nan,nan
2570,25.71,,25.71000000000086,False,11.18093927444468,0.037816157891167,-0.2825917972782457,-0.052032036306843235,nan,nan,nan,nan
2571,25.722,,25.72200000000086,False,11.153788187700476,0.06462924443767556,-0.28707783979645485,-0.05083182277964381,nan,nan,nan,nan
2572,25.731,,25.73100000000086,False,11.131392930708708,0.085757295893381,-0.29103441365201765,-0.05002514290816591,nan,nan,nan,nan
2573,25.74,,25.74000000000086,False,11.108657422546507,0.10662532149424145,-0.29439029327097,-0.04905656642422873,nan,nan,nan,nan
2574,25.752,,25.752000000000862,False,11.075697541490534,0.13569542581793279,-0.2996298763322556,-0.04788711990975236,nan,nan,nan,nan
2575,25.761,,25.761000000000863,False,11.050466237445157,0.15742417529365163,-0.30290794286186734,-0.046829232949119545,nan,nan,nan,nan
2576,25.77,,25.770000000000863,False,11.023511378129864,0.18002336862764842,-0.306834743083144,-0.045886243754281957,nan,nan,nan,nan
2577,25.782,,25.782000000000863,False,10.986254161959243,0.21056268238913364,-0.3116611464445027,-0.04448529101526143,nan,nan,nan,nan
2578,25.791,,25.791000000000864,False,10.956459539904682,0.2342258304304838,-0.31582163405805086,-0.043520259522794764,nan,nan,nan,nan
2579,25.8,,25.800000000000864,False,10.925697931072996,0.25801895024014815,-0.3195269302971316,-0.042415006956590284,nan,nan,nan,nan
2580,25.812,,25.812000000000864,False,10.882062898704884,0.29053365467122455,-0.3251829163489673,-0.04105305834625052,nan,nan,nan,nan
2581,25.821,,25.821000000000865,False,10.848328779924113,0.3151075809061895,-0.3289637519193556,-0.03987715934392776,nan,nan,nan,nan
2582,25.83,,25.830000000000865,False,10.813114666690934,0.3400543280638976,-0.3333342444179869,-0.03880352634403315,nan,nan,nan,nan
2583,25.842,,25.842000000000866,False,10.764602219311177,0.37361931204340315,-0.33895300512657667,-0.037253437037120585,nan,nan,nan,nan
2584,25.851,,25.851000000000866,False,10.726900728897984,0.39897186033104376,-0.3436712109129476,-0.03616521029113333,nan,nan,nan,nan
2585,25.86,,25.860000000000866,False,10.688486474175987,0.4244530930502323,-0.34810365848167346,-0.03495862989122342,nan,nan,nan,nan
2586,25.872,,25.872000000000867,False,10.635697951062584,0.4583662696747093,-0.35466080637710395,-0.033442441852292275,nan,nan,nan,nan
2587,25.881,,25.881000000000867,False,10.595367763748548,0.4839836238503485,-0.359313366121865,-0.032175443724300375,nan,nan,nan,nan
2588,25.89,,25.890000000000867,False,10.554302676033283,0.5093234330682158,-0.3644620775101842,-0.030990620350581925,nan,nan,nan,nan
2589,25.902,,25.902000000000868,False,10.498470756337202,0.5432272748867762,-0.3712846125468326,-0.029309562872847545,nan,nan,nan,nan
2590,25.911,,25.91100000000087,False,10.456028623952587,0.5682101003340365,-0.3768213717361312,-0.02810398882967129,nan,nan,nan,nan
2591,25.92,,25.92000000000087,False,10.413083536402034,0.5933971340447074,-0.3822263791217838,-0.026798461881914492,nan,nan,nan,nan
2592,25.932,,25.93200000000087,False,10.355185311991972,0.626159904340072,-0.3899432801163653,-0.0251219862978693,nan,nan,nan,nan
2593,25.941,,25.94100000000087,False,10.31126178849259,0.6510886863561528,-0.39563821006799044,-0.02375443398811987,nan,nan,nan,nan
2594,25.95,,25.95000000000087,False,10.267254621336425,0.6752045441216113,-0.401683255915612,-0.02244288072734042,nan,nan,nan,nan
2595,25.962,,25.96200000000087,False,10.207940427869534,0.7075862678275341,-0.40982537459625273,-0.020602315744000902,nan,nan,nan,nan
2596,25.971,,25.97100000000087,False,10.163535450901577,0.7309798162760327,-0.4162125479360738,-0.019251605417816547,nan,nan,nan,nan
2597,25.98,,25.98000000000087,False,10.118827556440984,0.7548724007575751,-0.42260625011103703,-0.017814222349346646,nan,nan,nan,nan
2598,25.992,,25.99200000000087,False,10.05939285945652,0.7853759070831184,-0.4314360624790033,-0.01592568825652228,nan,nan,nan,nan
2599,26.001,,26.00100000000087,False,10.014416372359031,0.809026952710802,-0.43813253461176027,-0.014413037486469455,nan,nan,nan,nan
2600,26.01,,26.010000000000872,False,9.969650236454148,0.8314547371182153,-0.44500096417123924,-0.012927322917447382,nan,nan,nan,nan
2601,26.022,,26.022000000000872,False,9.909383311274581,0.8619567625227518,-0.45436540477603027,-0.010857878684995721,nan,nan,nan,nan
2602,26.031,,26.031000000000873,False,9.864536811576043,0.8836063836079835,-0.46150560762982923,-0.00930761171849914,nan,nan,nan,nan
2603,26.04,,26.040000000000873,False,9.819376443562277,0.9061980531148287,-0.46880570527099635,-0.007679733907218754,nan,nan,nan,nan
2604,26.052,,26.052000000000874,False,9.759710055095104,0.9345254416994238,-0.4786122387574694,-0.0054991863810002475,nan,nan,nan,nan
2605,26.061,,26.061000000000874,False,9.714731485336632,0.9570686465035103,-0.4862173149426494,-0.0037750798881665466,nan,nan,nan,nan
2606,26.07,,26.070000000000874,False,9.670492590689227,0.9779457984202071,-0.49376993503345235,-0.002046741160150265,nan,nan,nan,nan
2607,26.082,,26.082000000000875,False,9.611493266342352,1.0067673929822685,-0.5041437237659472,0.00035185027539509823,nan,nan,nan,nan
2608,26.091,,26.091000000000875,False,9.56815142012302,1.0267530069028368,-0.5118218393915398,0.0021786775873833,nan,nan,nan,nan
2609,26.1,,26.100000000000875,False,9.524843974071649,1.0481110171697487,-0.5197956026969521,0.004080949515808068,nan,nan,nan,nan
2610,26.112,,26.112000000000876,False,9.468366806780512,1.074208346821413,-0.5301818474810546,0.006665775771996891,nan,nan,nan,nan
2611,26.121,,26.121000000000876,False,9.426219257281023,1.0955611961316207,-0.5383731771883932,0.008692684543352916,nan,nan,nan,nan
2612,26.13,,26.130000000000877,False,9.385262954418653,1.1147024311634472,-0.5462322728517015,0.010751088269689808,nan,nan,nan,nan
2613,26.142,,26.142000000000877,False,9.331283033203505,1.1415056211349948,-0.5570700186547318,0.01359965165442608,nan,nan,nan,nan
2614,26.151,,26.151000000000877,False,9.292182509872287,1.1594576231494884,-0.5648185782255309,0.015788026255371096,nan,nan,nan,nan
2737,27.381,,27.381000000000924,False,11.786856803153663,-0.4838254067982778,-0.39908087564380135,-0.01641196279623252,nan,nan,nan,nan
2738,27.39,,27.390000000000924,False,11.764411469013298,-0.5094742372224599,-0.4004257871788788,-0.01676328973711118,nan,nan,nan,nan
2739,27.402,,27.402000000000925,False,11.734192158506794,-0.5447988550974864,-0.40441113987465305,-0.016782640100278193,nan,nan,nan,nan
2740,27.411,,27.411000000000925,False,11.709726908333458,-0.5715535546153502,-0.4056049229673307,-0.017215717851833384,nan,nan,nan,nan
2741,27.42,,27.420000000000925,False,11.685381726480912,-0.5993697321342875,-0.4092432822764339,-0.017155702063366376,nan,nan,nan,nan
2742,27.432,,27.432000000000926,False,11.650413544746197,-0.6366394939175106,-0.4116667304815336,-0.01763710699136238,nan,nan,nan,nan
2743,27.441,,27.441000000000926,False,11.624135521896692,-0.666173841222869,-0.41641618238170014,-0.01743792084134952,nan,nan,nan,nan
2744,27.45,,27.450000000000927,False,11.596129980167273,-0.6955056297903959,-0.4189001824962735,-0.017743085620137346,nan,nan,nan,nan
2745,27.462,,27.462000000000927,False,11.557891436996933,-0.7365786737125812,-0.4246276546315404,-0.0177438613804138,nan,nan,nan,nan
2746,27.471,,27.471000000000927,False,11.527649137047995,-0.7672744810528509,-0.42704651301713326,-0.018169713965730618,nan,nan,nan,nan
2747,27.48,,27.480000000000928,False,11.497193282192704,-0.7999018599857406,-0.43213278284396084,-0.018141065312138212,nan,nan,nan,nan
2748,27.492,,27.492000000000928,False,11.454624790516059,-0.8430683888278939,-0.4363629806655642,-0.018672388934149076,nan,nan,nan,nan
2749,27.501,,27.50100000000093,False,11.422481839916328,-0.8781082607618566,-0.4427392333185372,-0.01856129216310918,nan,nan,nan,nan
2750,27.51,,27.51000000000093,False,11.389221983358363,-0.9123691126855736,-0.446700014734978,-0.018953281971842113,nan,nan,nan,nan
2751,27.522,,27.52200000000093,False,11.344214509793531,-0.9610161930450688,-0.45463320282381975,-0.019128079593262067,nan,nan,nan,nan
2752,27.531,,27.53100000000093,False,11.309634319198317,-0.9969187674962784,-0.4585688510132876,-0.0196896754840729,nan,nan,nan,nan
2753,27.54,,27.54000000000093,False,11.275048728652449,-1.035762162999017,-0.4654058332903429,-0.019851043490946196,nan,nan,nan,nan
2754,27.552,,27.55200000000093,False,11.228104960736921,-1.0864992502101767,-0.47174947133976136,-0.020642922215888895,nan,nan,nan,nan
2755,27.561,,27.56100000000093,False,11.193135658471181,-1.1284332952148806,-0.4799820718964621,-0.020799272287381442,nan,nan,nan,nan
2615,26.16,,26.160000000000878,False,9.253534514302846,1.1791581200014905,-0.5729805824080578,0.018053565628280855,nan,nan,nan,nan
2616,26.172,,26.172000000000878,False,9.203706961049908,1.2023284863097277,-0.5832378812075641,0.021149650245114514,nan,nan,nan,nan
2617,26.181,,26.18100000000088,False,9.166702338330897,1.2219498347806899,-0.5914908189004392,0.023561981163720432,nan,nan,nan,nan
2618,26.19,,26.19000000000088,False,9.130921952041513,1.238766976529872,-0.5991120530861349,0.026020777985341477,nan,nan,nan,nan
2619,26.202,,26.20200000000088,False,9.084086041774473,1.2627414287983805,-0.6096999250339993,0.029410069226133977,nan,nan,nan,nan
2620,26.211,,26.21100000000088,False,9.050371748768722,1.2780267264838916,-0.6169797605380205,0.03201308674752323,nan,nan,nan,nan
2621,26.22,,26.22000000000088,False,9.01730937826481,1.2954358431172714,-0.6248142261139,0.034695348617032884,nan,nan,nan,nan
2622,26.232,,26.23200000000088,False,8.97515554272269,1.3147764869806076,-0.6342420706161807,0.03835171866481938,nan,nan,nan,nan
2623,26.241,,26.24100000000088,False,8.94454483131346,1.3318834959655173,-0.6420122410649819,0.04118818097426395,nan,nan,nan,nan
2624,26.25,,26.25000000000088,False,8.91542695233799,1.3454982879544268,-0.6488134434760546,0.044067876757911434,nan,nan,nan,nan
2625,26.262,,26.26200000000088,False,8.878281837314198,1.3652946573099753,-0.6583296746239463,0.04801925240295385,nan,nan,nan,nan
2626,26.271,,26.271000000000882,False,8.852150204900084,1.3767745896620656,-0.6644760861088802,0.05103136835705087,nan,nan,nan,nan
2627,26.28,,26.280000000000882,False,8.827260557293767,1.3906058684820781,-0.6712798608066248,0.05412398310983042,nan,nan,nan,nan
2628,26.292,,26.292000000000883,False,8.796382298573501,1.4042433192200559,-0.678879565234361,0.058298225509960944,nan,nan,nan,nan
2629,26.301,,26.301000000000883,False,8.774922925896965,1.4172844262344513,-0.6853864602537629,0.06152331467599859,nan,nan,nan,nan
2630,26.31,,26.310000000000883,False,8.755070921074328,1.42609528640979,-0.6905657916448177,0.06475976380102376,nan,nan,nan,nan
2631,26.322,,26.322000000000884,False,8.731057620512471,1.439420949166268,-0.69790572299989,0.06917215335271178,nan,nan,nan,nan
2632,26.331,,26.331000000000884,False,8.714912770669667,1.4453496634236227,-0.7020803813194353,0.07248506601970776,nan,nan,nan,nan
2633,26.34,,26.340000000000884,False,8.700586320153144,1.4537644920055528,-0.7070010377870869,0.0758740141846323,nan,nan,nan,nan
2634,26.352,,26.352000000000885,False,8.683915679441666,1.459287315471343,-0.7116513679821967,0.08036736297318603,nan,nan,nan,nan
2635,26.361,,26.361000000000885,False,8.673763681138876,1.4663813749358856,-0.7160516019329014,0.08382428323661638,nan,nan,nan,nan
2636,26.37,,26.370000000000886,False,8.665129361337838,1.468610184198405,-0.7188017672790773,0.08722516619602044,nan,nan,nan,nan
2637,26.382,,26.382000000000886,False,8.656721473715251,1.4731051467853478,-0.7229188117058596,0.09182144982035502,nan,nan,nan,nan
2638,26.391,,26.391000000000886,False,8.652201352368861,1.4718739935919796,-0.7243985990924198,0.09518984257445935,nan,nan,nan,nan
2639,26.4,,26.400000000000887,False,8.65000695940988,1.4732739148804033,-0.7267389794265975,0.09862293760743641,nan,nan,nan,nan
2640,26.412,,26.412000000000887,False,8.649350668872676,1.4688410846737494,-0.7276207164014644,0.10304976458442602,nan,nan,nan,nan
2641,26.421,,26.421000000000888,False,8.651765992017502,1.4686492772781479,-0.7293406720531332,0.10644228545908566,nan,nan,nan,nan
2642,26.43,,26.430000000000888,False,8.65540844150622,1.4632148308905566,-0.7291817862049245,0.10967731127091716,nan,nan,nan,nan
2643,26.442,,26.44200000000089,False,8.663847808826079,1.4575986534218166,-0.729520176237917,0.11400096739868693,nan,nan,nan,nan
2644,26.451,,26.45100000000089,False,8.671680222894304,1.448549525903265,-0.7280010354660533,0.11705123188281497,nan,nan,nan,nan
2645,26.46,,26.46000000000089,False,8.682250593604866,1.4423495195634293,-0.7275032478055695,0.12015328876577436,nan,nan,nan,nan
2646,26.472,,26.47200000000089,False,8.698200844355458,1.4276163630815595,-0.7244327106197711,0.12397823497149389,nan,nan,nan,nan
2647,26.481,,26.48100000000089,False,8.713510848410184,1.4199725977312696,-0.7233885540600996,0.12690665232888335,nan,nan,nan,nan
2648,26.49,,26.49000000000089,False,8.729597271053022,1.407034497194839,-0.7203523246222816,0.129555556438868,nan,nan,nan,nan
2649,26.502,,26.50200000000089,False,8.754933745149666,1.3917269200213838,-0.7170468870376128,0.13304703431347306,nan,nan,nan,nan
2650,26.511,,26.51100000000089,False,8.774999650177751,1.3755146449755784,-0.7127518824424889,0.13534741825203392,nan,nan,nan,nan
2651,26.52,,26.52000000000089,False,8.798113262629368,1.3624433705453953,-0.7096788524468897,0.13769646612496036,nan,nan,nan,nan
2652,26.532,,26.53200000000089,False,8.830191145089556,1.3388223497962801,-0.7031625786009854,0.14035158669748993,nan,nan,nan,nan
2653,26.541,,26.541000000000892,False,8.857915642474797,1.324858679114965,-0.6997732898970801,0.14240613059374077,nan,nan,nan,nan
2654,26.55,,26.550000000000892,False,8.885861939854605,1.3058488723606005,-0.6943816823734587,0.14406091903309498,nan,nan,nan,nan
2655,26.562,,26.562000000000893,False,8.927158260659517,1.2829095612838972,-0.6881921033034158,0.14620014501261921,nan,nan,nan,nan
2656,26.571,,26.571000000000893,False,8.958654413995212,1.261356290225074,-0.6817870888938078,0.14737421292300373,nan,nan,nan,nan
2657,26.58,,26.580000000000894,False,8.993405176346364,1.2432548071282623,-0.676819402971697,0.14861573347762733,nan,nan,nan,nan
2658,26.592,,26.592000000000894,False,9.040289137343711,1.2135202888336791,-0.667874626091833,0.14965720879496633,nan,nan,nan,nan
2659,26.601,,26.601000000000894,False,9.079316045871119,1.1953103467962047,-0.6629085883028782,0.15053386525726048,nan,nan,nan,nan
2660,26.61,,26.610000000000895,False,9.117957156811388,1.172499024090447,-0.6559959439035056,0.15091479621561038,nan,nan,nan,nan
2661,26.622,,26.622000000000895,False,9.173514580589776,1.1449701691815437,-0.6480465800577205,0.1513707714278972,nan,nan,nan,nan
2662,26.631,,26.631000000000896,False,9.215112030137579,1.120501163627366,-0.6404239320525912,0.15120556267290092,nan,nan,nan,nan
2663,26.64,,26.640000000000896,False,9.260066310257654,1.099725320120517,-0.6344352097193868,0.1511547947229667,nan,nan,nan,nan
2664,26.652,,26.652000000000896,False,9.31978259866484,1.0671458033843797,-0.6242708770711208,0.15038950400929849,nan,nan,nan,nan
2665,26.661,,26.661000000000897,False,9.368507777887974,1.0470300553132552,-0.6186021486238856,0.14997619543183902,nan,nan,nan,nan
2666,26.67,,26.670000000000897,False,9.416221599512003,1.0228220376313832,-0.6110646237099945,0.14900919143782798,nan,nan,nan,nan
2667,26.682,,26.682000000000897,False,9.483736622254888,0.9937777084058856,-0.6025106726030086,0.14772930366622783,nan,nan,nan,nan
2668,26.691,,26.691000000000898,False,9.533818035713432,0.9686864508944908,-0.594530575775953,0.14622827712849557,nan,nan,nan,nan
2669,26.7,,26.700000000000898,False,9.587444110153672,0.9473630102707485,-0.5883221330681673,0.14491134752110513,nan,nan,nan,nan
2670,26.712,,26.7120000000009,False,9.658043411022836,0.9147141468387835,-0.5779848885810008,0.14243134835719742,nan,nan,nan,nan
2671,26.721,,26.7210000000009,False,9.714835945525248,0.8945917992674275,-0.572340531074407,0.1408228845166091,nan,nan,nan,nan
2672,26.73,,26.7300000000009,False,9.769880637584672,0.8708585777564039,-0.5649005956394643,0.13864292537321296,nan,nan,nan,nan
2673,26.742,,26.7420000000009,False,9.846638771800121,0.8425966684001421,-0.5566498450828109,0.1358451917985884,nan,nan,nan,nan
2674,26.751,,26.7510000000009,False,9.902615998932257,0.8185745341315859,-0.5490016656667932,0.133218274638133,nan,nan,nan,nan
2675,26.76,,26.7600000000009,False,9.96155440371381,0.7982907854083531,-0.5432511233527063,0.1308679376147516,nan,nan,nan,nan
2676,26.772,,26.7720000000009,False,10.037850616273587,0.7676307491008247,-0.5336554194733334,0.12704212147066316,nan,nan,nan,nan
2677,26.781,,26.7810000000009,False,10.098393460031767,0.7488856997270721,-0.5286841287806009,0.12453262536553679,nan,nan,nan,nan
2678,26.79,,26.7900000000009,False,10.15635653506761,0.7269438500251075,-0.5219791780215017,0.12146729984100096,nan,nan,nan,nan
2679,26.802,,26.802000000000902,False,10.236322834204959,0.7010019202085485,-0.5148196422779685,0.11760865841851599,nan,nan,nan,nan
2680,26.811,,26.811000000000902,False,10.29393384848147,0.6790596241111843,-0.5080461578513347,0.11422425408504301,nan,nan,nan,nan
2681,26.82,,26.820000000000903,False,10.354195545872384,0.6606303958010282,-0.5032222789054125,0.11120791065282676,nan,nan,nan,nan
2682,26.832,,26.832000000000903,False,10.431456130419708,0.6328217557446831,-0.4949021945248152,0.10654953231243851,nan,nan,nan,nan
2683,26.841,,26.841000000000903,False,10.492550811753114,0.6158813364440289,-0.4909136006584456,0.1035168438027331,nan,nan,nan,nan
2684,26.85,,26.850000000000904,False,10.550535099049853,0.5960266839160951,-0.4851953208661159,0.09995758130514629,nan,nan,nan,nan
2685,26.862,,26.862000000000904,False,10.629982918437866,0.5725608831969273,-0.4793621634568491,0.09555407268480122,nan,nan,nan,nan
2686,26.871,,26.871000000000905,False,10.686528875832721,0.5526806159679254,-0.47358059499392013,0.09180819775881892,nan,nan,nan,nan
2687,26.88,,26.880000000000905,False,10.745309017054641,0.5359581972060271,-0.4697467851522621,0.08851156781517953,nan,nan,nan,nan
2688,26.892,,26.892000000000905,False,10.819538533041836,0.5106808064858436,-0.4627375582208217,0.08354426116912399,nan,nan,nan,nan
2689,26.904,,26.904000000000906,False,10.896486059750044,0.4897766926144953,-0.45854291519418433,0.07925693695187892,nan,nan,nan,nan
2690,26.91,,26.910000000000906,False,10.931906151037191,0.4770781843031983,-0.4549867805390356,0.07670509175767691,nan,nan,nan,nan
2691,26.922,,26.922000000000907,False,11.005596582320381,0.4555084188409065,-0.4504342922831144,0.07225771470904283,nan,nan,nan,nan
2692,26.931,,26.931000000000907,False,11.057376027226423,0.4371875818868218,-0.4455832457092267,0.06852149915893796,nan,nan,nan,nan
2693,26.94,,26.940000000000907,False,11.110888655036629,0.42161101759809033,-0.44266534410527697,0.0652988098367921,nan,nan,nan,nan
2694,26.951999999999998,,26.952000000000908,False,11.177421865935564,0.39806899323431116,-0.43684596140530896,0.06048369383017789,nan,nan,nan,nan
2695,26.961,,26.961000000000908,False,11.229576762289991,0.383435432661284,-0.43470564729114275,0.057487105378144984,nan,nan,nan,nan
2696,26.97,,26.97000000000091,False,11.277909357456005,0.366339302805222,-0.43078538707223546,0.05402182727770254,nan,nan,nan,nan
2697,26.982,,26.98200000000091,False,11.343440904658689,0.3457430276901427,-0.42729337670243095,0.04990648899674043,nan,nan,nan,nan
2698,26.991,,26.99100000000091,False,11.388630297199692,0.32834077008474616,-0.42321605220793745,0.04645144250895522,nan,nan,nan,nan
2699,27.0,,27.00000000000091,False,11.435267326606201,0.3133034840836898,-0.42105696209143023,0.04355172145307198,nan,nan,nan,nan
2700,27.012,,27.01200000000091,False,11.492027444120042,0.2907177937332097,-0.41621729763286314,0.03920466733718977,nan,nan,nan,nan
2701,27.021,,27.02100000000091,False,11.536007808386529,0.27635229927541527,-0.4148163863650218,0.03660522550429205,nan,nan,nan,nan
2702,27.03,,27.03000000000091,False,11.575382833538129,0.2597712300503843,-0.4116312904442502,0.033559466346426606,nan,nan,nan,nan
2703,27.042,,27.04200000000091,False,11.6278292316967,0.23945951818130004,-0.4091334001861352,0.030052507715616125,nan,nan,nan,nan
2704,27.051,,27.05100000000091,False,11.662664551001832,0.22243835123651165,-0.40579146271234895,0.027076006895425515,nan,nan,nan,nan
2705,27.06,,27.06000000000091,False,11.698436821920094,0.20737577031352447,-0.40437978481360715,0.024681993133010113,nan,nan,nan,nan
2706,27.072,,27.072000000000912,False,11.740305550530152,0.18497878840215676,-0.40051797082354235,0.021031158788305578,nan,nan,nan,nan
2707,27.081,,27.081000000000913,False,11.772710582324855,0.1702788053540377,-0.3998677972525375,0.018977802248279,nan,nan,nan,nan
2708,27.09,,27.090000000000913,False,11.800485107637833,0.15359656997976873,-0.3974093933438506,0.01648554529621326,nan,nan,nan,nan
2709,27.102,,27.102000000000913,False,11.837129817949767,0.1327251348878762,-0.39589244208333707,0.013736765561327916,nan,nan,nan,nan
2710,27.111,,27.111000000000914,False,11.860196618986055,0.11545368344243495,-0.39325706608746064,0.011334359248169718,nan,nan,nan,nan
2711,27.12,,27.120000000000914,False,11.884027551561271,0.09972757694011225,-0.39256846385213556,0.009523649173212408,nan,nan,nan,nan
2712,27.132,,27.132000000000914,False,11.910166590381243,0.07668626088278672,-0.38962496009424175,0.006652065504160273,nan,nan,nan,nan
2713,27.141,,27.141000000000915,False,11.9306176944888,0.06102239308511089,-0.3896878219237066,0.005187975030241688,nan,nan,nan,nan
2714,27.15,,27.150000000000915,False,11.946714037907403,0.04363226439290521,-0.38789805680175665,0.003281043133962836,nan,nan,nan,nan
2715,27.162,,27.162000000000916,False,11.967071676440042,0.021397073833313924,-0.38731106176920876,0.0013162250293281504,nan,nan,nan,nan
2716,27.171,,27.171000000000916,False,11.977105142375395,0.0033007695806734137,-0.38536913367824666,-0.0004951136768232307,nan,nan,nan,nan
2717,27.18,,27.180000000000916,False,11.987106439769942,-0.013671189598010388,-0.3854349179763241,-0.0017120761110237018,nan,nan,nan,nan
2718,27.192,,27.192000000000917,False,11.994523360879784,-0.038101167465728544,-0.3834733160475863,-0.003796858279937274,nan,nan,nan,nan
2719,27.201,,27.201000000000917,False,12.000498268179358,-0.05530674456565054,-0.3843455715859268,-0.0046750381896162665,nan,nan,nan,nan
2720,27.21,,27.210000000000917,False,12.002405840937953,-0.07395706940922818,-0.38332492448208555,-0.006004663611653151,nan,nan,nan,nan
2721,27.222,,27.222000000000918,False,12.004320926208807,-0.09831864451822572,-0.3838115162560472,-0.007217674777597165,nan,nan,nan,nan
2722,27.231,,27.23100000000092,False,12.002130267460615,-0.11779151384690455,-0.38259473776445135,-0.008488644900999988,nan,nan,nan,nan
2723,27.24,,27.24000000000092,False,12.00053317334092,-0.13658728198156309,-0.38342811796625736,-0.00918410129374964,nan,nan,nan,nan
2724,27.252,,27.25200000000092,False,11.993869041751545,-0.16313159010834866,-0.3823930969945099,-0.010602679388022077,nan,nan,nan,nan
2725,27.261,,27.26100000000092,False,11.989529481052868,-0.18245541236625948,-0.3840300747238536,-0.011003658327197942,nan,nan,nan,nan
2726,27.27,,27.27000000000092,False,11.98182375389473,-0.2028953954703189,-0.38369337330273773,-0.011874136207294685,nan,nan,nan,nan
2727,27.282,,27.28200000000092,False,11.970997735123314,-0.2301120303313469,-0.3851583878283196,-0.012504869598088362,nan,nan,nan,nan
2728,27.291,,27.29100000000092,False,11.959738884770715,-0.2514600180076965,-0.38460998574939775,-0.013359246630332007,nan,nan,nan,nan
2729,27.3,,27.30000000000092,False,11.948826407356265,-0.27262231355731886,-0.38620480499468274,-0.013659112026667544,nan,nan,nan,nan
2730,27.312,,27.31200000000092,False,11.930174350415971,-0.30195107224840795,-0.3861092554171497,-0.014575580374596237,nan,nan,nan,nan
2731,27.321,,27.32100000000092,False,11.91642769308446,-0.323968383166301,-0.388585541885498,-0.014625881223016925,nan,nan,nan,nan
2732,27.33,,27.330000000000922,False,11.899652482654071,-0.34673016060547085,-0.38901901609154016,-0.01516010750127899,nan,nan,nan,nan
2733,27.342,,27.342000000000922,False,11.876295813280315,-0.3775978422870055,-0.3916560993452465,-0.015374901067896499,nan,nan,nan,nan
2734,27.351,,27.351000000000923,False,11.855888417288405,-0.40139492308118724,-0.3919425218031348,-0.015933644680058517,nan,nan,nan,nan
2735,27.36,,27.360000000000923,False,11.836025465968161,-0.42557373572265794,-0.3945042043495847,-0.015967009133955396,nan,nan,nan,nan
2736,27.372,,27.372000000000924,False,11.807450890934444,-0.45845940562028803,-0.3955769153701253,-0.016562335494025093,nan,nan,nan,nan
2737,27.381,,27.381000000000924,False,11.786856803153663,-0.4838254067982778,-0.39908087564380135,-0.01641196279623252,nan,nan,nan,nan
2738,27.39,,27.390000000000924,False,11.764411469013298,-0.5094742372224599,-0.4004257871788788,-0.01676328973711118,nan,nan,nan,nan
2739,27.402,,27.402000000000925,False,11.734192158506794,-0.5447988550974864,-0.40441113987465305,-0.016782640100278193,nan,nan,nan,nan
2740,27.411,,27.411000000000925,False,11.709726908333458,-0.5715535546153502,-0.4056049229673307,-0.017215717851833384,nan,nan,nan,nan
2741,27.42,,27.420000000000925,False,11.685381726480912,-0.5993697321342875,-0.4092432822764339,-0.017155702063366376,nan,nan,nan,nan
2742,27.432,,27.432000000000926,False,11.650413544746197,-0.6366394939175106,-0.4116667304815336,-0.01763710699136238,nan,nan,nan,nan
2743,27.441,,27.441000000000926,False,11.624135521896692,-0.666173841222869,-0.41641618238170014,-0.01743792084134952,nan,nan,nan,nan
2744,27.45,,27.450000000000927,False,11.596129980167273,-0.6955056297903959,-0.4189001824962735,-0.017743085620137346,nan,nan,nan,nan
2745,27.462,,27.462000000000927,False,11.557891436996933,-0.7365786737125812,-0.4246276546315404,-0.0177438613804138,nan,nan,nan,nan
2746,27.471,,27.471000000000927,False,11.527649137047995,-0.7672744810528509,-0.42704651301713326,-0.018169713965730618,nan,nan,nan,nan
2747,27.48,,27.480000000000928,False,11.497193282192704,-0.7999018599857406,-0.43213278284396084,-0.018141065312138212,nan,nan,nan,nan
2748,27.492,,27.492000000000928,False,11.454624790516059,-0.8430683888278939,-0.4363629806655642,-0.018672388934149076,nan,nan,nan,nan
2749,27.501,,27.50100000000093,False,11.422481839916328,-0.8781082607618566,-0.4427392333185372,-0.01856129216310918,nan,nan,nan,nan
2750,27.51,,27.51000000000093,False,11.389221983358363,-0.9123691126855736,-0.446700014734978,-0.018953281971842113,nan,nan,nan,nan
2751,27.522,,27.52200000000093,False,11.344214509793531,-0.9610161930450688,-0.45463320282381975,-0.019128079593262067,nan,nan,nan,nan
2752,27.531,,27.53100000000093,False,11.309634319198317,-0.9969187674962784,-0.4585688510132876,-0.0196896754840729,nan,nan,nan,nan
2753,27.54,,27.54000000000093,False,11.275048728652449,-1.035762162999017,-0.4654058332903429,-0.019851043490946196,nan,nan,nan,nan
2754,27.552,,27.55200000000093,False,11.228104960736921,-1.0864992502101767,-0.47174947133976136,-0.020642922215888895,nan,nan,nan,nan
2755,27.561,,27.56100000000093,False,11.193135658471181,-1.1284332952148806,-0.4799820718964621,-0.020799272287381442,nan,nan,nan,nan
2759,27.6,,27.600000000000932,False,11.042992769109334,-1.3140747714495684,-0.5097605234475676,-0.02351127664690076,nan,nan,nan,nan
2760,27.612,,27.612000000000933,False,10.998732244266364,-1.3724358485879908,-0.51787232823768,-0.0248417473239426,nan,nan,nan,nan
2761,27.621,,27.621000000000933,False,10.96715569568939,-1.4203809365847824,-0.5274330934665042,-0.02549684432353496,nan,nan,nan,nan
2762,27.63,,27.630000000000933,False,10.936216861975128,-1.4653717280195047,-0.5339548482582791,-0.026637340996971716,nan,nan,nan,nan
2763,27.642,,27.642000000000934,False,10.896748271119817,-1.5286010607916816,-0.545215610544776,-0.02799076861798345,nan,nan,nan,nan
2764,27.651,,27.651000000000934,False,10.868210410618623,-1.573041265827124,-0.5509506076774168,-0.029435222077425872,nan,nan,nan,nan
2765,27.66,,27.660000000000935,False,10.84165654374485,-1.6207358936145249,-0.5595398068207343,-0.030646781563713605,nan,nan,nan,nan
2766,27.672,,27.672000000000935,False,10.808116822358546,-1.6794352214096755,-0.5671296052711692,-0.03282964436240609,nan,nan,nan,nan
2767,27.681,,27.681000000000935,False,10.78596735271702,-1.7270352840871048,-0.5760492000725347,-0.03423992136398085,nan,nan,nan,nan
2768,27.69,,27.690000000000936,False,10.765221524282513,-1.7697923850245052,-0.5814332867966083,-0.036101331302737696,nan,nan,nan,nan
2769,27.701999999999998,,27.702000000000936,False,10.741728912353311,-1.8285894988252767,-0.5906819803977797,-0.03852799894007368,nan,nan,nan,nan
2770,27.711,,27.711000000000936,False,10.726224540638775,-1.8676798205095315,-0.5943738966022696,-0.04074506524794852,nan,nan,nan,nan
2771,27.72,,27.720000000000937,False,10.714314931446555,-1.909339036971429,-0.6006433897762561,-0.042827661184462684,nan,nan,nan,nan
2772,27.732,,27.732000000000937,False,10.701450907298362,-1.9573735595836055,-0.604474723210483,-0.0461039192503254,nan,nan,nan,nan
2773,27.741,,27.741000000000938,False,10.6965960231216,-1.9961907028713153,-0.6102527190954146,-0.0484413396822299,nan,nan,nan,nan
2774,27.75,,27.750000000000938,False,10.693484406606355,-2.0284485809765638,-0.612100932997176,-0.05114203100018475,nan,nan,nan,nan
2775,27.762,,27.76200000000094,False,10.695376964082152,-2.0719462394733195,-0.6161964039610295,-0.054752997626649216,nan,nan,nan,nan
2776,27.771,,27.77100000000094,False,10.69920234462838,-2.09794356336583,-0.6156725562841949,-0.05775695315370633,nan,nan,nan,nan
2777,27.78,,27.78000000000094,False,10.707910093779534,-2.125996887394194,-0.6175005997414682,-0.06069335598264251,nan,nan,nan,nan
2778,27.792,,27.79200000000094,False,10.722632659349188,-2.1540305656385597,-0.6150674769309528,-0.064936869241703,nan,nan,nan,nan
2779,27.801,,27.80100000000094,False,10.739803667364795,-2.177346188833783,-0.615917790006881,-0.06806143138772361,nan,nan,nan,nan
2780,27.81,,27.81000000000094,False,10.758292859904495,-2.1930404200248095,-0.6127177442732256,-0.07138654459781767,nan,nan,nan,nan
2781,27.822,,27.82200000000094,False,10.79010689686877,-2.2137463196056646,-0.6098644038792316,-0.07581808407893953,nan,nan,nan,nan
2782,27.831,,27.83100000000094,False,10.815850510817013,-2.221822766977324,-0.6040958311073776,-0.07925528212348941,nan,nan,nan,nan
2783,27.84,,27.84000000000094,False,10.84731738564255,-2.2317894685741053,-0.6005713036290555,-0.08264867627141878,nan,nan,nan,nan
2784,27.852,,27.852000000000942,False,10.891463582838051,-2.234994705128708,-0.5911015810137156,-0.08722866261710846,nan,nan,nan,nan
2785,27.861,,27.861000000000942,False,10.93150663412079,-2.239624408425772,-0.5865874724320289,-0.0906197245924488,nan,nan,nan,nan
2786,27.87,,27.870000000000942,False,10.971801593910135,-2.236420017039353,-0.5782151198678375,-0.09398788308693794,nan,nan,nan,nan
2787,27.882,,27.882000000000943,False,11.033073741166291,-2.2319952539198686,-0.5684968672032266,-0.09840391743755562,nan,nan,nan,nan
2788,27.891,,27.891000000000943,False,11.07976366942028,-2.221332042166699,-0.5578634099800933,-0.10159402569404286,nan,nan,nan,nan
2789,27.9,,27.900000000000944,False,11.132596716084736,-2.2128076451092737,-0.5494764204974631,-0.10473790325416486,nan,nan,nan,nan
2790,27.912,,27.912000000000944,False,11.20360415237365,-2.1918904604351197,-0.534012221112069,-0.10866226114318757,nan,nan,nan,nan
2791,27.921,,27.921000000000944,False,11.264341462082404,-2.1788005923786296,-0.5250162280718097,-0.11155585100001025,nan,nan,nan,nan
2792,27.93,,27.930000000000945,False,11.324183797304958,-2.1584315361919884,-0.5125789498037128,-0.11418416379023345,nan,nan,nan,nan
2793,27.942,,27.942000000000945,False,11.411550932468495,-2.1318752979639233,-0.49762349239086856,-0.11752981144896997,nan,nan,nan,nan
2794,27.951,,27.951000000000946,False,11.476295866825403,-2.1055366349331486,-0.48355027647692883,-0.11968191744272585,nan,nan,nan,nan
2795,27.96,,27.960000000000946,False,11.547122025870047,-2.081939286622369,-0.47177503883935784,-0.12179142987527432,nan,nan,nan,nan
2796,27.972,,27.972000000000946,False,11.639817217817594,-2.04247141970903,-0.45250058628502804,-0.12404107422451256,nan,nan,nan,nan
2797,27.981,,27.981000000000947,False,11.71622476980828,-2.0163085446979094,-0.4407164694376929,-0.12569418194891185,nan,nan,nan,nan
2798,27.99,,27.990000000000947,False,11.7895076720135,-1.984164511788659,-0.42605135472533173,-0.12687801647516686,nan,nan,nan,nan
2799,28.002,,28.002000000000947,False,11.893420747361361,-1.9432868456499566,-0.408368408187378,-0.12826409404107883,nan,nan,nan,nan
2800,28.011,,28.011000000000948,False,11.968520481583191,-1.907671505599922,-0.39280116837096796,-0.12877004825591207,nan,nan,nan,nan
2801,28.02,,28.020000000000948,False,12.049213214561535,-1.8755445365681933,-0.37955018959768355,-0.12927151094885245,nan,nan,nan,nan
2802,28.032,,28.03200000000095,False,12.152694663947644,-1.8266427589269456,-0.3590048061733017,-0.12917527333346296,nan,nan,nan,nan
2803,28.041,,28.04100000000095,False,12.236280399953603,-1.7942399631338082,-0.34625533510618345,-0.12912882648480684,nan,nan,nan,nan
2804,28.05,,28.05000000000095,False,12.314611230415201,-1.7572255051745898,-0.3311265052408449,-0.1284814357184601,nan,nan,nan,nan
2805,28.062,,28.06200000000095,False,12.424298269009945,-1.7109603885444977,-0.3129035501218009,-0.12746089033796965,nan,nan,nan,nan
2806,28.071,,28.07100000000095,False,12.502793147595373,-1.6724970515497364,-0.2973432691045264,-0.12606409869639507,nan,nan,nan,nan
2807,28.08,,28.08000000000095,False,12.587377734218894,-1.6378351834167775,-0.28397035399303927,-0.1247309526614003,nan,nan,nan,nan
2808,28.092,,28.09200000000095,False,12.695847133028776,-1.5868448794944747,-0.2637297588306057,-0.12208971610016171,nan,nan,nan,nan
2809,28.101,,28.10100000000095,False,12.784766743650746,-1.5529306090828352,-0.25098979915895425,-0.12021754192158984,nan,nan,nan,nan
2810,28.11,,28.11000000000095,False,12.869248895445537,-1.5150594877113421,-0.2361815858674547,-0.11767646729325544,nan,nan,nan,nan
2811,28.122,,28.122000000000952,False,12.988808949671888,-1.467801093813504,-0.21823025879765898,-0.11420751008742755,nan,nan,nan,nan
2812,28.131,,28.131000000000952,False,13.075254413919085,-1.4292241993333945,-0.2031432247038659,-0.11094930925719694,nan,nan,nan,nan
2813,28.14,,28.140000000000953,False,13.168701712276063,-1.3943603052145666,-0.19002562273880208,-0.10783859028412837,nan,nan,nan,nan
2814,28.152,,28.152000000000953,False,13.288816647724941,-1.3440074604316894,-0.1704953868391652,-0.10283056613674117,nan,nan,nan,nan
2815,28.161,,28.161000000000953,False,13.386351248095812,-1.3105790084305575,-0.15805187525754424,-0.0992879455010946,nan,nan,nan,nan
2816,28.17,,28.170000000000954,False,13.478486801248998,-1.273969495055888,-0.14386260886910401,-0.0950878237307971,nan,nan,nan,nan
2817,28.182,,28.182000000000954,False,13.606987922304254,-1.2287729489978638,-0.1266089467551157,-0.08952868363369809,nan,nan,nan,nan
2818,28.191,,28.191000000000955,False,13.698321358700332,-1.1926390504291393,-0.11234606123774626,-0.08475618755445502,nan,nan,nan,nan
2819,28.2,,28.200000000000955,False,13.795064041242629,-1.160416145819808,-0.09986813394617648,-0.08022759039586422,nan,nan,nan,nan
2759,27.6,,27.600000000000932,False,11.042992769109334,-1.3140747714495684,-0.5097605234475676,-0.02351127664690076,nan,nan,nan,nan
2760,27.612,,27.612000000000933,False,10.998732244266364,-1.3724358485879908,-0.51787232823768,-0.0248417473239426,nan,nan,nan,nan
2761,27.621,,27.621000000000933,False,10.96715569568939,-1.4203809365847824,-0.5274330934665042,-0.02549684432353496,nan,nan,nan,nan
2762,27.63,,27.630000000000933,False,10.936216861975128,-1.4653717280195047,-0.5339548482582791,-0.026637340996971716,nan,nan,nan,nan
2763,27.642,,27.642000000000934,False,10.896748271119817,-1.5286010607916816,-0.545215610544776,-0.02799076861798345,nan,nan,nan,nan
2764,27.651,,27.651000000000934,False,10.868210410618623,-1.573041265827124,-0.5509506076774168,-0.029435222077425872,nan,nan,nan,nan
2765,27.66,,27.660000000000935,False,10.84165654374485,-1.6207358936145249,-0.5595398068207343,-0.030646781563713605,nan,nan,nan,nan
2766,27.672,,27.672000000000935,False,10.808116822358546,-1.6794352214096755,-0.5671296052711692,-0.03282964436240609,nan,nan,nan,nan
2767,27.681,,27.681000000000935,False,10.78596735271702,-1.7270352840871048,-0.5760492000725347,-0.03423992136398085,nan,nan,nan,nan
2768,27.69,,27.690000000000936,False,10.765221524282513,-1.7697923850245052,-0.5814332867966083,-0.036101331302737696,nan,nan,nan,nan
2769,27.701999999999998,,27.702000000000936,False,10.741728912353311,-1.8285894988252767,-0.5906819803977797,-0.03852799894007368,nan,nan,nan,nan
2770,27.711,,27.711000000000936,False,10.726224540638775,-1.8676798205095315,-0.5943738966022696,-0.04074506524794852,nan,nan,nan,nan
2771,27.72,,27.720000000000937,False,10.714314931446555,-1.909339036971429,-0.6006433897762561,-0.042827661184462684,nan,nan,nan,nan
2772,27.732,,27.732000000000937,False,10.701450907298362,-1.9573735595836055,-0.604474723210483,-0.0461039192503254,nan,nan,nan,nan
2773,27.741,,27.741000000000938,False,10.6965960231216,-1.9961907028713153,-0.6102527190954146,-0.0484413396822299,nan,nan,nan,nan
2774,27.75,,27.750000000000938,False,10.693484406606355,-2.0284485809765638,-0.612100932997176,-0.05114203100018475,nan,nan,nan,nan
2775,27.762,,27.76200000000094,False,10.695376964082152,-2.0719462394733195,-0.6161964039610295,-0.054752997626649216,nan,nan,nan,nan
2776,27.771,,27.77100000000094,False,10.69920234462838,-2.09794356336583,-0.6156725562841949,-0.05775695315370633,nan,nan,nan,nan
2777,27.78,,27.78000000000094,False,10.707910093779534,-2.125996887394194,-0.6175005997414682,-0.06069335598264251,nan,nan,nan,nan
2778,27.792,,27.79200000000094,False,10.722632659349188,-2.1540305656385597,-0.6150674769309528,-0.064936869241703,nan,nan,nan,nan
2779,27.801,,27.80100000000094,False,10.739803667364795,-2.177346188833783,-0.615917790006881,-0.06806143138772361,nan,nan,nan,nan
2780,27.81,,27.81000000000094,False,10.758292859904495,-2.1930404200248095,-0.6127177442732256,-0.07138654459781767,nan,nan,nan,nan
2781,27.822,,27.82200000000094,False,10.79010689686877,-2.2137463196056646,-0.6098644038792316,-0.07581808407893953,nan,nan,nan,nan
2782,27.831,,27.83100000000094,False,10.815850510817013,-2.221822766977324,-0.6040958311073776,-0.07925528212348941,nan,nan,nan,nan
2783,27.84,,27.84000000000094,False,10.84731738564255,-2.2317894685741053,-0.6005713036290555,-0.08264867627141878,nan,nan,nan,nan
2784,27.852,,27.852000000000942,False,10.891463582838051,-2.234994705128708,-0.5911015810137156,-0.08722866261710846,nan,nan,nan,nan
2785,27.861,,27.861000000000942,False,10.93150663412079,-2.239624408425772,-0.5865874724320289,-0.0906197245924488,nan,nan,nan,nan
2786,27.87,,27.870000000000942,False,10.971801593910135,-2.236420017039353,-0.5782151198678375,-0.09398788308693794,nan,nan,nan,nan
2787,27.882,,27.882000000000943,False,11.033073741166291,-2.2319952539198686,-0.5684968672032266,-0.09840391743755562,nan,nan,nan,nan
2788,27.891,,27.891000000000943,False,11.07976366942028,-2.221332042166699,-0.5578634099800933,-0.10159402569404286,nan,nan,nan,nan
2789,27.9,,27.900000000000944,False,11.132596716084736,-2.2128076451092737,-0.5494764204974631,-0.10473790325416486,nan,nan,nan,nan
2790,27.912,,27.912000000000944,False,11.20360415237365,-2.1918904604351197,-0.534012221112069,-0.10866226114318757,nan,nan,nan,nan
2791,27.921,,27.921000000000944,False,11.264341462082404,-2.1788005923786296,-0.5250162280718097,-0.11155585100001025,nan,nan,nan,nan
2792,27.93,,27.930000000000945,False,11.324183797304958,-2.1584315361919884,-0.5125789498037128,-0.11418416379023345,nan,nan,nan,nan
2793,27.942,,27.942000000000945,False,11.411550932468495,-2.1318752979639233,-0.49762349239086856,-0.11752981144896997,nan,nan,nan,nan
2794,27.951,,27.951000000000946,False,11.476295866825403,-2.1055366349331486,-0.48355027647692883,-0.11968191744272585,nan,nan,nan,nan
2795,27.96,,27.960000000000946,False,11.547122025870047,-2.081939286622369,-0.47177503883935784,-0.12179142987527432,nan,nan,nan,nan
2796,27.972,,27.972000000000946,False,11.639817217817594,-2.04247141970903,-0.45250058628502804,-0.12404107422451256,nan,nan,nan,nan
2797,27.981,,27.981000000000947,False,11.71622476980828,-2.0163085446979094,-0.4407164694376929,-0.12569418194891185,nan,nan,nan,nan
2798,27.99,,27.990000000000947,False,11.7895076720135,-1.984164511788659,-0.42605135472533173,-0.12687801647516686,nan,nan,nan,nan
2799,28.002,,28.002000000000947,False,11.893420747361361,-1.9432868456499566,-0.408368408187378,-0.12826409404107883,nan,nan,nan,nan
2800,28.011,,28.011000000000948,False,11.968520481583191,-1.907671505599922,-0.39280116837096796,-0.12877004825591207,nan,nan,nan,nan
2801,28.02,,28.020000000000948,False,12.049213214561535,-1.8755445365681933,-0.37955018959768355,-0.12927151094885245,nan,nan,nan,nan
2802,28.032,,28.03200000000095,False,12.152694663947644,-1.8266427589269456,-0.3590048061733017,-0.12917527333346296,nan,nan,nan,nan
2803,28.041,,28.04100000000095,False,12.236280399953603,-1.7942399631338082,-0.34625533510618345,-0.12912882648480684,nan,nan,nan,nan
2804,28.05,,28.05000000000095,False,12.314611230415201,-1.7572255051745898,-0.3311265052408449,-0.1284814357184601,nan,nan,nan,nan
2805,28.062,,28.06200000000095,False,12.424298269009945,-1.7109603885444977,-0.3129035501218009,-0.12746089033796965,nan,nan,nan,nan
2806,28.071,,28.07100000000095,False,12.502793147595373,-1.6724970515497364,-0.2973432691045264,-0.12606409869639507,nan,nan,nan,nan
2807,28.08,,28.08000000000095,False,12.587377734218894,-1.6378351834167775,-0.28397035399303927,-0.1247309526614003,nan,nan,nan,nan
2808,28.092,,28.09200000000095,False,12.695847133028776,-1.5868448794944747,-0.2637297588306057,-0.12208971610016171,nan,nan,nan,nan
2809,28.101,,28.10100000000095,False,12.784766743650746,-1.5529306090828352,-0.25098979915895425,-0.12021754192158984,nan,nan,nan,nan
2810,28.11,,28.11000000000095,False,12.869248895445537,-1.5150594877113421,-0.2361815858674547,-0.11767646729325544,nan,nan,nan,nan
2811,28.122,,28.122000000000952,False,12.988808949671888,-1.467801093813504,-0.21823025879765898,-0.11420751008742755,nan,nan,nan,nan
2812,28.131,,28.131000000000952,False,13.075254413919085,-1.4292241993333945,-0.2031432247038659,-0.11094930925719694,nan,nan,nan,nan
2813,28.14,,28.140000000000953,False,13.168701712276063,-1.3943603052145666,-0.19002562273880208,-0.10783859028412837,nan,nan,nan,nan
2814,28.152,,28.152000000000953,False,13.288816647724941,-1.3440074604316894,-0.1704953868391652,-0.10283056613674117,nan,nan,nan,nan
2815,28.161,,28.161000000000953,False,13.386351248095812,-1.3105790084305575,-0.15805187525754424,-0.0992879455010946,nan,nan,nan,nan
2816,28.17,,28.170000000000954,False,13.478486801248998,-1.273969495055888,-0.14386260886910401,-0.0950878237307971,nan,nan,nan,nan
2817,28.182,,28.182000000000954,False,13.606987922304254,-1.2287729489978638,-0.1266089467551157,-0.08952868363369809,nan,nan,nan,nan
2818,28.191,,28.191000000000955,False,13.698321358700332,-1.1926390504291393,-0.11234606123774626,-0.08475618755445502,nan,nan,nan,nan
2819,28.2,,28.200000000000955,False,13.795064041242629,-1.160416145819808,-0.09986813394617648,-0.08022759039586422,nan,nan,nan,nan
2820,28.212,,28.212000000000955,False,13.91743446201768,-1.1147795629732584,-0.08158389672884857,-0.0734241209477979,nan,nan,nan,nan
2821,28.221,,28.221000000000956,False,14.015708352312442,-1.0850255002837919,-0.06984240162435502,-0.06864167964625797,nan,nan,nan,nan
2822,28.23,,28.230000000000956,False,14.107331521917255,-1.0528873034582404,-0.056660433971705504,-0.06327008661036775,nan,nan,nan,nan
2823,28.242,,28.242000000000957,False,14.233002351942092,-1.0140241948026067,-0.0405821344593767,-0.05628199472563009,nan,nan,nan,nan
2824,28.251,,28.251000000000957,False,14.320323374425316,-0.9833719292569076,-0.027440717405900466,-0.05053509313938846,nan,nan,nan,nan
2825,28.26,,28.260000000000957,False,14.4112296493047,-0.9566407620139685,-0.015836884351665612,-0.04511410306708406,nan,nan,nan,nan
2826,28.272,,28.272000000000958,False,14.522661186075785,-0.9191503268343036,0.0010084095227331474,-0.03726041266591383,nan,nan,nan,nan
2827,28.281,,28.281000000000958,False,14.60967303297272,-0.8954505203265897,0.011991321984238683,-0.03177528168155073,nan,nan,nan,nan
2828,28.29,,28.29000000000096,False,14.688034206925643,-0.869832145708532,0.024206584801726022,-0.025794251901324408,nan,nan,nan,nan
2829,28.302,,28.30200000000096,False,14.792851243120554,-0.8395229445345243,0.03931650169800443,-0.018097867903972966,nan,nan,nan,nan
2830,28.311,,28.31100000000096,False,14.862657127328827,-0.815531303625307,0.05161522107260978,-0.011923012340610882,nan,nan,nan,nan
2831,28.32,,28.32000000000096,False,14.93451001868054,-0.7950875628390922,0.06272202404437727,-0.006119850600702612,nan,nan,nan,nan
2832,28.332,,28.33200000000096,False,15.019285637778518,-0.7660608519422304,0.07878364365362767,0.0021107342950957945,nan,nan,nan,nan
2833,28.341,,28.34100000000096,False,15.085246725500307,-0.7481472544503581,0.0896008419181384,0.007841615552492196,nan,nan,nan,nan
2834,28.353,,28.35300000000096,False,15.158521706932303,-0.7207161991608179,0.1059698014431873,0.01620581701288249,nan,nan,nan,nan
2835,28.362,,28.36200000000096,False,15.218666855625996,-0.7050185822918046,0.11663543712296148,0.021833573752037736,nan,nan,nan,nan
2836,28.371,,28.37100000000096,False,15.267601967784652,-0.6860993741036056,0.1288687381158144,0.02803691514869221,nan,nan,nan,nan
2837,28.38,,28.380000000000962,False,15.318529951293055,-0.6700972616159709,0.14029943455427593,0.03386315232051665,nan,nan,nan,nan
2838,28.392,,28.392000000000962,False,15.375714894404224,-0.64673568731903,0.156694305366393,0.04201272451626707,nan,nan,nan,nan
2839,28.401,,28.401000000000963,False,15.420448956577385,-0.6324444152837212,0.16818505508649412,0.04769184997189113,nan,nan,nan,nan
2840,28.41,,28.410000000000963,False,15.456439261975499,-0.6161890753681146,0.18061477598712408,0.05369881952675522,nan,nan,nan,nan
2841,28.422,,28.422000000000963,False,15.50232171886151,-0.5970831070971421,0.19684259655637665,0.06138203169043904,nan,nan,nan,nan
2842,28.431,,28.431000000000964,False,15.528402039631617,-0.5812045368446617,0.20981136576798412,0.06738555213054816,nan,nan,nan,nan
2843,28.44,,28.440000000000964,False,15.55535566922285,-0.5678193061438624,0.22235875629810728,0.07304654274882005,nan,nan,nan,nan
2844,28.452,,28.452000000000965,False,15.581090048651143,-0.5478427774073991,0.24009842847847318,0.0808838137241969,nan,nan,nan,nan
2845,28.461,,28.461000000000965,False,15.601386969934698,-0.5355717254144476,0.25308869791234095,0.08638208928977369,nan,nan,nan,nan
2846,28.47,,28.470000000000965,False,15.614104625415546,-0.5212999952558335,0.2668495650597748,0.09213455996283625,nan,nan,nan,nan
2847,28.482,,28.482000000000966,False,15.629409817089698,-0.5042944735529595,0.2853117333221242,0.09951903652403686,nan,nan,nan,nan
2848,28.491,,28.491000000000966,False,15.63370713019314,-0.4899167470067509,0.2998390400255991,0.10523372422319986,nan,nan,nan,nan
2849,28.5,,28.500000000000966,False,15.638297966099415,-0.4776501546888436,0.314384411952227,0.11067026751267156,nan,nan,nan,nan
2850,28.512,,28.512000000000967,False,15.635036180003983,-0.4591311239540423,0.3346196845861244,0.1181274611947116,nan,nan,nan,nan
2851,28.521,,28.521000000000967,False,15.63242673534931,-0.4475584586606413,0.35002497204640315,0.12342913178964152,nan,nan,nan,nan
2852,28.53,,28.530000000000967,False,15.622804479772563,-0.43404184633663356,0.36599385819123936,0.12891534664005752,nan,nan,nan,nan
2853,28.542,,28.542000000000968,False,15.606825617842826,-0.41768193520936225,0.387950185039615,0.13602871348822249,nan,nan,nan,nan
2854,28.551,,28.55100000000097,False,15.587889924537498,-0.40381056600876514,0.40497422245166004,0.1414863028854033,nan,nan,nan,nan
2855,28.56,,28.56000000000097,False,15.567768107423088,-0.39175175842345333,0.4225656411416322,0.14676354173268993,nan,nan,nan,nan
2856,28.572,,28.57200000000097,False,15.5316816921258,-0.37355749302096164,0.4467127615620226,0.1539424729823904,nan,nan,nan,nan
2857,28.581,,28.58100000000097,False,15.502692482386498,-0.36191467512560277,0.46572326069003184,0.1591617242938816,nan,nan,nan,nan
2858,28.59,,28.59000000000097,False,15.467134964944497,-0.34841824709431846,0.4850842171848397,0.16450072566992766,nan,nan,nan,nan
2859,28.602,,28.60200000000097,False,15.41525288141601,-0.3319006382913763,0.5120612306009569,0.17153141179431844,nan,nan,nan,nan
2860,28.611,,28.61100000000097,False,15.369844949118619,-0.31799463797019617,0.5326606625911623,0.17687731354517494,nan,nan,nan,nan
2861,28.62,,28.62000000000097,False,15.322606213050898,-0.30582549454202596,0.5541327350079907,0.1821464812333912,nan,nan,nan,nan
2862,28.632,,28.63200000000097,False,15.251326948713997,-0.2876615811005033,0.5830449625050087,0.18923746749333153,nan,nan,nan,nan
2863,28.641,,28.64100000000097,False,15.195771421763698,-0.2760620694232118,0.6057931528848873,0.19449577855431802,nan,nan,nan,nan
2864,28.65,,28.650000000000972,False,15.134777068992433,-0.26277461576507494,0.6284358576732499,0.1997854780066057,nan,nan,nan,nan
2865,28.662,,28.662000000000972,False,15.04997608462697,-0.2466269215753168,0.6596946320042434,0.20680200431114382,nan,nan,nan,nan
2866,28.671,,28.671000000000973,False,14.98246012470708,-0.23313768603271517,0.6829434435864955,0.21202484662396642,nan,nan,nan,nan
2867,28.68,,28.680000000000973,False,14.914351854182986,-0.22139266236430716,0.7070592574811836,0.21721002649209323,nan,nan,nan,nan
2868,28.692,,28.692000000000974,False,14.818513902802868,-0.20394538019185154,0.7387009559772214,0.2240116451728315,nan,nan,nan,nan
2869,28.701,,28.701000000000974,False,14.745999098184857,-0.1928619918200196,0.7634940851230355,0.22907596505170913,nan,nan,nan,nan
2870,28.71,,28.710000000000974,False,14.670389515463585,-0.18016625856137863,0.7875712976079046,0.23401287331685583,nan,nan,nan,nan
2871,28.722,,28.722000000000975,False,14.567638689097233,-0.16476615507017436,0.8206130680538908,0.24051721068730544,nan,nan,nan,nan
2872,28.731,,28.731000000000975,False,14.487871071163601,-0.15188286411889101,0.8446796430056165,0.24520160482613756,nan,nan,nan,nan
2873,28.74,,28.740000000000975,False,14.407667382802257,-0.14066294782588107,0.8697574694922884,0.24985661757766864,nan,nan,nan,nan
2874,28.752,,28.752000000000976,False,14.297299918933078,-0.12391770621162275,0.9020793812015299,0.2557382842525974,nan,nan,nan,nan
2875,28.761,,28.761000000000976,False,14.214138034796404,-0.11322467730863976,0.9276492326225013,0.26011734241330325,nan,nan,nan,nan
2876,28.77,,28.770000000000977,False,14.129393334605746,-0.10090714764961824,0.9520485939593681,0.2641984197516617,nan,nan,nan,nan
2877,28.782,,28.782000000000977,False,14.015975127686705,-0.08581658078792657,0.9856966659707926,0.2694930041253106,nan,nan,nan,nan
2878,28.791,,28.791000000000977,False,13.930131284903126,-0.07310970546019531,1.0098132204727404,0.27309005608481024,nan,nan,nan,nan
2879,28.8,,28.800000000000978,False,13.844722320295519,-0.06189269128036165,1.035243804440876,0.2766457801219656,nan,nan,nan,nan
2880,28.812,,28.812000000000978,False,13.729881208883597,-0.04506302270221498,1.0675137693943626,0.2808248556139163,nan,nan,nan,nan
2881,28.821,,28.82100000000098,False,13.644405341234478,-0.03408626816021043,1.0934244444988788,0.28391339991554176,nan,nan,nan,nan
2882,28.83,,28.83000000000098,False,13.558756625892368,-0.02145297220450259,1.117716852235181,0.28653427005887827,nan,nan,nan,nan
2883,28.842,,28.84200000000098,False,13.44484084790965,-0.00568840032611002,1.1515463144045528,0.2898340490268783,nan,nan,nan,nan
2884,28.851,,28.85100000000098,False,13.359692322778338,0.007577150201959416,1.1754169510690309,0.2917799684518997,nan,nan,nan,nan
2885,28.86,,28.86000000000098,False,13.274727175952401,0.019560020434990822,1.201044362097706,0.29370834131272755,nan,nan,nan,nan
2886,28.872,,28.87200000000098,False,13.160305630030646,0.037474858271769995,1.2332131611818524,0.2955682114043222,nan,nan,nan,nan
2887,28.881,,28.88100000000098,False,13.074211909267225,0.04952441046362878,1.2596748314350295,0.2969777895640623,nan,nan,nan,nan
2888,28.89,,28.89000000000098,False,12.987741149061366,0.06323502115788332,1.284191373684801,0.2978200854169773,nan,nan,nan,nan
2889,28.902,,28.90200000000098,False,12.87171548000072,0.08073107717788643,1.3189375260541625,0.2988019797609719,nan,nan,nan,nan
2890,28.911,,28.911000000000982,False,12.784567531061764,0.0953311229270425,1.3432877857996188,0.29894107851900314,nan,nan,nan,nan
2891,28.92,,28.920000000000982,False,12.69732286230568,0.10890244962909197,1.3699820767234887,0.29913554921242197,nan,nan,nan,nan
2892,28.932,,28.932000000000983,False,12.5808603767019,0.12897327046625884,1.4031513496729657,0.29857489591862435,nan,nan,nan,nan
2893,28.941,,28.941000000000983,False,12.493650454526854,0.14295105585280177,1.4309788330635949,0.29824767577543915,nan,nan,nan,nan
2894,28.95,,28.950000000000983,False,12.406527918482007,0.1585609419602585,1.4564265803440033,0.2972744452487157,nan,nan,nan,nan
2895,28.962,,28.962000000000984,False,12.289514987594673,0.17892963842914936,1.4929649866620822,0.29592699784460014,nan,nan,nan,nan
2896,28.971,,28.971000000000984,False,12.201734177117881,0.195686398837239,1.5182941442033844,0.29427445688642084,nan,nan,nan,nan
2897,28.98,,28.980000000000985,False,12.113753599070419,0.21170664113686308,1.5464955401360825,0.2927784372533139,nan,nan,nan,nan
2898,28.992,,28.992000000000985,False,11.996524677317135,0.2350157796510897,1.5810912836864743,0.2899134613104074,nan,nan,nan,nan
2899,29.001,,29.001000000000985,False,11.908726896025012,0.25177004788538515,1.6105500815541982,0.28798221994223805,nan,nan,nan,nan
2900,29.01,,29.010000000000986,False,11.821519686014764,0.2700502664587414,1.636993536239499,0.28534290260691936,nan,nan,nan,nan
2901,29.022,,29.022000000000986,False,11.70568060832975,0.2942854228848322,1.6750172867025968,0.28185454592284825,nan,nan,nan,nan
2902,29.031,,29.031000000000986,False,11.619815181181957,0.3138280342412425,1.7007205705856785,0.2785318427021544,nan,nan,nan,nan
2903,29.04,,29.040000000000987,False,11.535562046155245,0.3328697305420686,1.7293763615703277,0.2754149178622316,nan,nan,nan,nan
2904,29.052,,29.052000000000987,False,11.427202631235703,0.35988565614788576,1.7629864298593982,0.2701995852277223,nan,nan,nan,nan
2905,29.061,,29.061000000000988,False,11.349317658751913,0.3796052359138897,1.7914117677040888,0.26650372449331716,nan,nan,nan,nan
2906,29.07,,29.070000000000988,False,11.274672834416098,0.4004681917241848,1.815407296227514,0.2619268289422853,nan,nan,nan,nan
2907,29.082,,29.08200000000099,False,11.17986431229979,0.42811005623931303,1.8490958919581388,0.25576676505980733,nan,nan,nan,nan
2908,29.091,,29.09100000000099,False,11.11277212092664,0.4497143111115156,1.869859148634474,0.25024375796991377,nan,nan,nan,nan
2909,29.1,,29.10000000000099,False,11.04921927050069,0.4708426327458272,1.893041461025772,0.24491114428935234,nan,nan,nan,nan
2910,29.112,,29.11200000000099,False,10.96957490194722,0.49990422449958544,1.9173705470963471,0.2365579290495265,nan,nan,nan,nan
2911,29.121,,29.12100000000099,False,10.914191289824416,0.5211628506505367,1.9383213369019423,0.230526785736736,nan,nan,nan,nan
2912,29.13,,29.13000000000099,False,10.861973170055805,0.5429546473808632,1.9535800354813828,0.22350469773937956,nan,nan,nan,nan
2913,29.142,,29.14200000000099,False,10.79706701233059,0.5716372879771108,1.974901035627832,0.21411228030812518,nan,nan,nan,nan
2914,29.151,,29.15100000000099,False,10.751672999504082,0.5933904175935449,1.9853554112857406,0.20610469260645695,nan,nan,nan,nan
2915,29.16,,29.16000000000099,False,10.70957870342522,0.6146811416182985,1.9981299403425927,0.19836175051271326,nan,nan,nan,nan
2916,29.172,,29.172000000000992,False,10.65733649537503,0.6431011440414955,2.007551166778851,0.1867586517424092,nan,nan,nan,nan
2917,29.181,,29.181000000000992,False,10.622069956792366,0.6639152142550995,2.0173682540223288,0.17840428565080083,nan,nan,nan,nan
2918,29.19,,29.190000000000992,False,10.589114287930988,0.6846095068093763,2.0209301168685134,0.1690459717946062,nan,nan,nan,nan
2919,29.202,,29.202000000000993,False,10.549833728827988,0.7116350352832388,2.0265426929566077,0.15666180939911428,nan,nan,nan,nan
2920,29.211,,29.211000000000993,False,10.522985852068825,0.731482998759484,2.0248024168864522,0.14643946353719947,nan,nan,nan,nan
2921,29.22,,29.220000000000994,False,10.499518111533991,0.7509004394961556,2.025490205583564,0.13660407003656816,nan,nan,nan,nan
2922,29.232,,29.232000000000994,False,10.471272597332643,0.7759368057364228,2.0184044913658923,0.12228700374806048,nan,nan,nan,nan
2923,29.241,,29.241000000000994,False,10.454094467773523,0.7942524074378312,2.015942140662362,0.11205628437193649,nan,nan,nan,nan
2924,29.25,,29.250000000000995,False,10.438490352109918,0.8117880126288093,2.0070245814187206,0.10088441578663658,nan,nan,nan,nan
2925,29.262,,29.262000000000995,False,10.422235602368524,0.8344305365837962,1.9960128007473046,0.08628597253753172,nan,nan,nan,nan
2926,29.271,,29.271000000000996,False,10.411875085312134,0.8503547858146299,1.9817203266045162,0.07451659505383548,nan,nan,nan,nan
2927,29.28,,29.280000000000996,False,10.404903259788552,0.8659062721962286,1.969918791048545,0.06328997377413932,nan,nan,nan,nan
2928,29.292,,29.292000000000996,False,10.397608659560492,0.8849791130414868,1.946206563109306,0.04729535128212042,nan,nan,nan,nan
2929,29.301,,29.301000000000997,False,10.396079144200325,0.8989110810429508,1.9313295270934496,0.03599054971004506,nan,nan,nan,nan
2930,29.31,,29.310000000000997,False,10.395244271337193,0.91149685847007,1.9101464789903342,0.02386941692979334,nan,nan,nan,nan
2931,29.322,,29.322000000000997,False,10.398301030031549,0.9274948889640605,1.8829258828816215,0.008237968534843031,nan,nan,nan,nan
2932,29.331,,29.331000000000998,False,10.401482337314917,0.9379543392415994,1.8567934446339973,-0.004138488550758391,nan,nan,nan,nan
2933,29.34,,29.340000000000998,False,10.407860065131002,0.9482073573793701,1.8332740400189418,-0.015821123080363268,nan,nan,nan,nan
2934,29.352,,29.352000000001,False,10.41712050692779,0.9596806052687746,1.794567517995677,-0.032187328785180346,nan,nan,nan,nan
2935,29.361,,29.361000000001,False,10.427693154635811,0.9681638641391335,1.7686234610133957,-0.04360532494381009,nan,nan,nan,nan
2936,29.37,,29.370000000001,False,10.438002694126123,0.9749574943492879,1.7369759405703389,-0.05567807893668246,nan,nan,nan,nan
2937,29.382,,29.382000000001,False,10.455242857510214,0.9834685984478995,1.6962527140384376,-0.07103384098757713,nan,nan,nan,nan
2938,29.391,,29.391000000001,False,10.468052412440429,0.9881076730735668,1.6607632837728,-0.08301193359117277,nan,nan,nan,nan
2939,29.4,,29.400000000001,False,10.48366044620496,0.9928875058102351,1.628120432565703,-0.09418075595099122,nan,nan,nan,nan
2940,29.412,,29.412000000001,False,10.503937484083284,0.9969148422113734,1.578417601867341,-0.10960453829629861,nan,nan,nan,nan
2941,29.421,,29.421000000001,False,10.522233089266182,1.0002792507029998,1.5444964808932877,-0.1201999729796219,nan,nan,nan,nan
2942,29.43,,29.430000000001,False,10.539357720996243,1.001866118758612,1.5057861565200892,-0.13127464230001337,nan,nan,nan,nan
2943,29.442,,29.442000000001002,False,10.564797144968294,1.0039716188452121,1.4562181963407885,-0.14514424531154896,nan,nan,nan,nan
2944,29.451,,29.451000000001002,False,10.582812597312698,1.0038678730470374,1.4150875760590402,-0.15581811058484402,nan,nan,nan,nan
2945,29.46,,29.460000000001003,False,10.603066216747818,1.0044122817225831,1.3769949219441175,-0.1656205062345249,nan,nan,nan,nan
2946,29.472,,29.472000000001003,False,10.628365810757648,1.00296142996791,1.3213642480549248,-0.1789768647762503,nan,nan,nan,nan
2947,29.481,,29.481000000001004,False,10.64976064980258,1.0028376005130666,1.2832141362346972,-0.1879721140363023,nan,nan,nan,nan
2948,29.49,,29.490000000001004,False,10.669246220354063,1.0010228718364038,1.241258976652537,-0.19727797627803179,nan,nan,nan,nan
2949,29.502,,29.502000000001004,False,10.697111301205808,0.9992705877193643,1.188142195155975,-0.2087065649781474,nan,nan,nan,nan
2950,29.511,,29.511000000001005,False,10.716279114895805,0.9964650677397762,1.1454334952826997,-0.21738436426132246,nan,nan,nan,nan
2951,29.52,,29.520000000001005,False,10.737476971357967,0.9948064183370452,1.1063429624385968,-0.22518164909173438,nan,nan,nan,nan
2952,29.532,,29.532000000001005,False,10.763417393056276,0.9906547381818879,1.0509475063893452,-0.23565920618340183,nan,nan,nan,nan
2953,29.541,,29.541000000001006,False,10.785299963002107,0.9890152944269511,1.0138561828516384,-0.2424967857535619,nan,nan,nan,nan
2954,29.55,,29.550000000001006,False,10.804982655831608,0.985754875826857,0.9740568222207124,-0.249502219321319,nan,nan,nan,nan
2955,29.562,,29.562000000001007,False,10.833169167708252,0.9825585955554194,0.92508340940434,-0.25783082281253894,nan,nan,nan,nan
2956,29.571,,29.571000000001007,False,10.85241181450991,0.9787671646857613,0.8866219955998007,-0.26405382342950556,nan,nan,nan,nan
2957,29.58,,29.580000000001007,False,10.873836628230567,0.9764466430458311,0.8524198293086483,-0.2694172659512345,nan,nan,nan,nan
2958,29.592,,29.592000000001008,False,10.89994454457163,0.9714821588801227,0.8048619391890292,-0.2764936240755422,nan,nan,nan,nan
2820,28.212,,28.212000000000955,False,13.91743446201768,-1.1147795629732584,-0.08158389672884857,-0.0734241209477979,nan,nan,nan,nan
2821,28.221,,28.221000000000956,False,14.015708352312442,-1.0850255002837919,-0.06984240162435502,-0.06864167964625797,nan,nan,nan,nan
2822,28.23,,28.230000000000956,False,14.107331521917255,-1.0528873034582404,-0.056660433971705504,-0.06327008661036775,nan,nan,nan,nan
2823,28.242,,28.242000000000957,False,14.233002351942092,-1.0140241948026067,-0.0405821344593767,-0.05628199472563009,nan,nan,nan,nan
2824,28.251,,28.251000000000957,False,14.320323374425316,-0.9833719292569076,-0.027440717405900466,-0.05053509313938846,nan,nan,nan,nan
2825,28.26,,28.260000000000957,False,14.4112296493047,-0.9566407620139685,-0.015836884351665612,-0.04511410306708406,nan,nan,nan,nan
2826,28.272,,28.272000000000958,False,14.522661186075785,-0.9191503268343036,0.0010084095227331474,-0.03726041266591383,nan,nan,nan,nan
2827,28.281,,28.281000000000958,False,14.60967303297272,-0.8954505203265897,0.011991321984238683,-0.03177528168155073,nan,nan,nan,nan
2828,28.29,,28.29000000000096,False,14.688034206925643,-0.869832145708532,0.024206584801726022,-0.025794251901324408,nan,nan,nan,nan
2829,28.302,,28.30200000000096,False,14.792851243120554,-0.8395229445345243,0.03931650169800443,-0.018097867903972966,nan,nan,nan,nan
2830,28.311,,28.31100000000096,False,14.862657127328827,-0.815531303625307,0.05161522107260978,-0.011923012340610882,nan,nan,nan,nan
2831,28.32,,28.32000000000096,False,14.93451001868054,-0.7950875628390922,0.06272202404437727,-0.006119850600702612,nan,nan,nan,nan
2832,28.332,,28.33200000000096,False,15.019285637778518,-0.7660608519422304,0.07878364365362767,0.0021107342950957945,nan,nan,nan,nan
2833,28.341,,28.34100000000096,False,15.085246725500307,-0.7481472544503581,0.0896008419181384,0.007841615552492196,nan,nan,nan,nan
2834,28.353,,28.35300000000096,False,15.158521706932303,-0.7207161991608179,0.1059698014431873,0.01620581701288249,nan,nan,nan,nan
2835,28.362,,28.36200000000096,False,15.218666855625996,-0.7050185822918046,0.11663543712296148,0.021833573752037736,nan,nan,nan,nan
2836,28.371,,28.37100000000096,False,15.267601967784652,-0.6860993741036056,0.1288687381158144,0.02803691514869221,nan,nan,nan,nan
2837,28.38,,28.380000000000962,False,15.318529951293055,-0.6700972616159709,0.14029943455427593,0.03386315232051665,nan,nan,nan,nan
2838,28.392,,28.392000000000962,False,15.375714894404224,-0.64673568731903,0.156694305366393,0.04201272451626707,nan,nan,nan,nan
2839,28.401,,28.401000000000963,False,15.420448956577385,-0.6324444152837212,0.16818505508649412,0.04769184997189113,nan,nan,nan,nan
2840,28.41,,28.410000000000963,False,15.456439261975499,-0.6161890753681146,0.18061477598712408,0.05369881952675522,nan,nan,nan,nan
2841,28.422,,28.422000000000963,False,15.50232171886151,-0.5970831070971421,0.19684259655637665,0.06138203169043904,nan,nan,nan,nan
2842,28.431,,28.431000000000964,False,15.528402039631617,-0.5812045368446617,0.20981136576798412,0.06738555213054816,nan,nan,nan,nan
2843,28.44,,28.440000000000964,False,15.55535566922285,-0.5678193061438624,0.22235875629810728,0.07304654274882005,nan,nan,nan,nan
2844,28.452,,28.452000000000965,False,15.581090048651143,-0.5478427774073991,0.24009842847847318,0.0808838137241969,nan,nan,nan,nan
2845,28.461,,28.461000000000965,False,15.601386969934698,-0.5355717254144476,0.25308869791234095,0.08638208928977369,nan,nan,nan,nan
2846,28.47,,28.470000000000965,False,15.614104625415546,-0.5212999952558335,0.2668495650597748,0.09213455996283625,nan,nan,nan,nan
2847,28.482,,28.482000000000966,False,15.629409817089698,-0.5042944735529595,0.2853117333221242,0.09951903652403686,nan,nan,nan,nan
2848,28.491,,28.491000000000966,False,15.63370713019314,-0.4899167470067509,0.2998390400255991,0.10523372422319986,nan,nan,nan,nan
2849,28.5,,28.500000000000966,False,15.638297966099415,-0.4776501546888436,0.314384411952227,0.11067026751267156,nan,nan,nan,nan
2850,28.512,,28.512000000000967,False,15.635036180003983,-0.4591311239540423,0.3346196845861244,0.1181274611947116,nan,nan,nan,nan
2851,28.521,,28.521000000000967,False,15.63242673534931,-0.4475584586606413,0.35002497204640315,0.12342913178964152,nan,nan,nan,nan
2852,28.53,,28.530000000000967,False,15.622804479772563,-0.43404184633663356,0.36599385819123936,0.12891534664005752,nan,nan,nan,nan
2853,28.542,,28.542000000000968,False,15.606825617842826,-0.41768193520936225,0.387950185039615,0.13602871348822249,nan,nan,nan,nan
2854,28.551,,28.55100000000097,False,15.587889924537498,-0.40381056600876514,0.40497422245166004,0.1414863028854033,nan,nan,nan,nan
2855,28.56,,28.56000000000097,False,15.567768107423088,-0.39175175842345333,0.4225656411416322,0.14676354173268993,nan,nan,nan,nan
2856,28.572,,28.57200000000097,False,15.5316816921258,-0.37355749302096164,0.4467127615620226,0.1539424729823904,nan,nan,nan,nan
2857,28.581,,28.58100000000097,False,15.502692482386498,-0.36191467512560277,0.46572326069003184,0.1591617242938816,nan,nan,nan,nan
2858,28.59,,28.59000000000097,False,15.467134964944497,-0.34841824709431846,0.4850842171848397,0.16450072566992766,nan,nan,nan,nan
2859,28.602,,28.60200000000097,False,15.41525288141601,-0.3319006382913763,0.5120612306009569,0.17153141179431844,nan,nan,nan,nan
2860,28.611,,28.61100000000097,False,15.369844949118619,-0.31799463797019617,0.5326606625911623,0.17687731354517494,nan,nan,nan,nan
2861,28.62,,28.62000000000097,False,15.322606213050898,-0.30582549454202596,0.5541327350079907,0.1821464812333912,nan,nan,nan,nan
2862,28.632,,28.63200000000097,False,15.251326948713997,-0.2876615811005033,0.5830449625050087,0.18923746749333153,nan,nan,nan,nan
2863,28.641,,28.64100000000097,False,15.195771421763698,-0.2760620694232118,0.6057931528848873,0.19449577855431802,nan,nan,nan,nan
2864,28.65,,28.650000000000972,False,15.134777068992433,-0.26277461576507494,0.6284358576732499,0.1997854780066057,nan,nan,nan,nan
2865,28.662,,28.662000000000972,False,15.04997608462697,-0.2466269215753168,0.6596946320042434,0.20680200431114382,nan,nan,nan,nan
2866,28.671,,28.671000000000973,False,14.98246012470708,-0.23313768603271517,0.6829434435864955,0.21202484662396642,nan,nan,nan,nan
2867,28.68,,28.680000000000973,False,14.914351854182986,-0.22139266236430716,0.7070592574811836,0.21721002649209323,nan,nan,nan,nan
2868,28.692,,28.692000000000974,False,14.818513902802868,-0.20394538019185154,0.7387009559772214,0.2240116451728315,nan,nan,nan,nan
2869,28.701,,28.701000000000974,False,14.745999098184857,-0.1928619918200196,0.7634940851230355,0.22907596505170913,nan,nan,nan,nan
2870,28.71,,28.710000000000974,False,14.670389515463585,-0.18016625856137863,0.7875712976079046,0.23401287331685583,nan,nan,nan,nan
2871,28.722,,28.722000000000975,False,14.567638689097233,-0.16476615507017436,0.8206130680538908,0.24051721068730544,nan,nan,nan,nan
2872,28.731,,28.731000000000975,False,14.487871071163601,-0.15188286411889101,0.8446796430056165,0.24520160482613756,nan,nan,nan,nan
2873,28.74,,28.740000000000975,False,14.407667382802257,-0.14066294782588107,0.8697574694922884,0.24985661757766864,nan,nan,nan,nan
2874,28.752,,28.752000000000976,False,14.297299918933078,-0.12391770621162275,0.9020793812015299,0.2557382842525974,nan,nan,nan,nan
2875,28.761,,28.761000000000976,False,14.214138034796404,-0.11322467730863976,0.9276492326225013,0.26011734241330325,nan,nan,nan,nan
2876,28.77,,28.770000000000977,False,14.129393334605746,-0.10090714764961824,0.9520485939593681,0.2641984197516617,nan,nan,nan,nan
2877,28.782,,28.782000000000977,False,14.015975127686705,-0.08581658078792657,0.9856966659707926,0.2694930041253106,nan,nan,nan,nan
2878,28.791,,28.791000000000977,False,13.930131284903126,-0.07310970546019531,1.0098132204727404,0.27309005608481024,nan,nan,nan,nan
2879,28.8,,28.800000000000978,False,13.844722320295519,-0.06189269128036165,1.035243804440876,0.2766457801219656,nan,nan,nan,nan
2880,28.812,,28.812000000000978,False,13.729881208883597,-0.04506302270221498,1.0675137693943626,0.2808248556139163,nan,nan,nan,nan
2881,28.821,,28.82100000000098,False,13.644405341234478,-0.03408626816021043,1.0934244444988788,0.28391339991554176,nan,nan,nan,nan
2882,28.83,,28.83000000000098,False,13.558756625892368,-0.02145297220450259,1.117716852235181,0.28653427005887827,nan,nan,nan,nan
2883,28.842,,28.84200000000098,False,13.44484084790965,-0.00568840032611002,1.1515463144045528,0.2898340490268783,nan,nan,nan,nan
2884,28.851,,28.85100000000098,False,13.359692322778338,0.007577150201959416,1.1754169510690309,0.2917799684518997,nan,nan,nan,nan
2885,28.86,,28.86000000000098,False,13.274727175952401,0.019560020434990822,1.201044362097706,0.29370834131272755,nan,nan,nan,nan
2886,28.872,,28.87200000000098,False,13.160305630030646,0.037474858271769995,1.2332131611818524,0.2955682114043222,nan,nan,nan,nan
2887,28.881,,28.88100000000098,False,13.074211909267225,0.04952441046362878,1.2596748314350295,0.2969777895640623,nan,nan,nan,nan
2888,28.89,,28.89000000000098,False,12.987741149061366,0.06323502115788332,1.284191373684801,0.2978200854169773,nan,nan,nan,nan
2889,28.902,,28.90200000000098,False,12.87171548000072,0.08073107717788643,1.3189375260541625,0.2988019797609719,nan,nan,nan,nan
2890,28.911,,28.911000000000982,False,12.784567531061764,0.0953311229270425,1.3432877857996188,0.29894107851900314,nan,nan,nan,nan
2891,28.92,,28.920000000000982,False,12.69732286230568,0.10890244962909197,1.3699820767234887,0.29913554921242197,nan,nan,nan,nan
2892,28.932,,28.932000000000983,False,12.5808603767019,0.12897327046625884,1.4031513496729657,0.29857489591862435,nan,nan,nan,nan
2893,28.941,,28.941000000000983,False,12.493650454526854,0.14295105585280177,1.4309788330635949,0.29824767577543915,nan,nan,nan,nan
2894,28.95,,28.950000000000983,False,12.406527918482007,0.1585609419602585,1.4564265803440033,0.2972744452487157,nan,nan,nan,nan
2895,28.962,,28.962000000000984,False,12.289514987594673,0.17892963842914936,1.4929649866620822,0.29592699784460014,nan,nan,nan,nan
2896,28.971,,28.971000000000984,False,12.201734177117881,0.195686398837239,1.5182941442033844,0.29427445688642084,nan,nan,nan,nan
2897,28.98,,28.980000000000985,False,12.113753599070419,0.21170664113686308,1.5464955401360825,0.2927784372533139,nan,nan,nan,nan
2898,28.992,,28.992000000000985,False,11.996524677317135,0.2350157796510897,1.5810912836864743,0.2899134613104074,nan,nan,nan,nan
2899,29.001,,29.001000000000985,False,11.908726896025012,0.25177004788538515,1.6105500815541982,0.28798221994223805,nan,nan,nan,nan
2900,29.01,,29.010000000000986,False,11.821519686014764,0.2700502664587414,1.636993536239499,0.28534290260691936,nan,nan,nan,nan
2901,29.022,,29.022000000000986,False,11.70568060832975,0.2942854228848322,1.6750172867025968,0.28185454592284825,nan,nan,nan,nan
2902,29.031,,29.031000000000986,False,11.619815181181957,0.3138280342412425,1.7007205705856785,0.2785318427021544,nan,nan,nan,nan
2903,29.04,,29.040000000000987,False,11.535562046155245,0.3328697305420686,1.7293763615703277,0.2754149178622316,nan,nan,nan,nan
2904,29.052,,29.052000000000987,False,11.427202631235703,0.35988565614788576,1.7629864298593982,0.2701995852277223,nan,nan,nan,nan
2905,29.061,,29.061000000000988,False,11.349317658751913,0.3796052359138897,1.7914117677040888,0.26650372449331716,nan,nan,nan,nan
2906,29.07,,29.070000000000988,False,11.274672834416098,0.4004681917241848,1.815407296227514,0.2619268289422853,nan,nan,nan,nan
2907,29.082,,29.08200000000099,False,11.17986431229979,0.42811005623931303,1.8490958919581388,0.25576676505980733,nan,nan,nan,nan
2908,29.091,,29.09100000000099,False,11.11277212092664,0.4497143111115156,1.869859148634474,0.25024375796991377,nan,nan,nan,nan
2909,29.1,,29.10000000000099,False,11.04921927050069,0.4708426327458272,1.893041461025772,0.24491114428935234,nan,nan,nan,nan
2910,29.112,,29.11200000000099,False,10.96957490194722,0.49990422449958544,1.9173705470963471,0.2365579290495265,nan,nan,nan,nan
2911,29.121,,29.12100000000099,False,10.914191289824416,0.5211628506505367,1.9383213369019423,0.230526785736736,nan,nan,nan,nan
2912,29.13,,29.13000000000099,False,10.861973170055805,0.5429546473808632,1.9535800354813828,0.22350469773937956,nan,nan,nan,nan
2913,29.142,,29.14200000000099,False,10.79706701233059,0.5716372879771108,1.974901035627832,0.21411228030812518,nan,nan,nan,nan
2914,29.151,,29.15100000000099,False,10.751672999504082,0.5933904175935449,1.9853554112857406,0.20610469260645695,nan,nan,nan,nan
2915,29.16,,29.16000000000099,False,10.70957870342522,0.6146811416182985,1.9981299403425927,0.19836175051271326,nan,nan,nan,nan
2916,29.172,,29.172000000000992,False,10.65733649537503,0.6431011440414955,2.007551166778851,0.1867586517424092,nan,nan,nan,nan
2917,29.181,,29.181000000000992,False,10.622069956792366,0.6639152142550995,2.0173682540223288,0.17840428565080083,nan,nan,nan,nan
2918,29.19,,29.190000000000992,False,10.589114287930988,0.6846095068093763,2.0209301168685134,0.1690459717946062,nan,nan,nan,nan
2919,29.202,,29.202000000000993,False,10.549833728827988,0.7116350352832388,2.0265426929566077,0.15666180939911428,nan,nan,nan,nan
2920,29.211,,29.211000000000993,False,10.522985852068825,0.731482998759484,2.0248024168864522,0.14643946353719947,nan,nan,nan,nan
2921,29.22,,29.220000000000994,False,10.499518111533991,0.7509004394961556,2.025490205583564,0.13660407003656816,nan,nan,nan,nan
2922,29.232,,29.232000000000994,False,10.471272597332643,0.7759368057364228,2.0184044913658923,0.12228700374806048,nan,nan,nan,nan
2923,29.241,,29.241000000000994,False,10.454094467773523,0.7942524074378312,2.015942140662362,0.11205628437193649,nan,nan,nan,nan
2924,29.25,,29.250000000000995,False,10.438490352109918,0.8117880126288093,2.0070245814187206,0.10088441578663658,nan,nan,nan,nan
2925,29.262,,29.262000000000995,False,10.422235602368524,0.8344305365837962,1.9960128007473046,0.08628597253753172,nan,nan,nan,nan
2926,29.271,,29.271000000000996,False,10.411875085312134,0.8503547858146299,1.9817203266045162,0.07451659505383548,nan,nan,nan,nan
2927,29.28,,29.280000000000996,False,10.404903259788552,0.8659062721962286,1.969918791048545,0.06328997377413932,nan,nan,nan,nan
2928,29.292,,29.292000000000996,False,10.397608659560492,0.8849791130414868,1.946206563109306,0.04729535128212042,nan,nan,nan,nan
2929,29.301,,29.301000000000997,False,10.396079144200325,0.8989110810429508,1.9313295270934496,0.03599054971004506,nan,nan,nan,nan
2930,29.31,,29.310000000000997,False,10.395244271337193,0.91149685847007,1.9101464789903342,0.02386941692979334,nan,nan,nan,nan
2931,29.322,,29.322000000000997,False,10.398301030031549,0.9274948889640605,1.8829258828816215,0.008237968534843031,nan,nan,nan,nan
2932,29.331,,29.331000000000998,False,10.401482337314917,0.9379543392415994,1.8567934446339973,-0.004138488550758391,nan,nan,nan,nan
2933,29.34,,29.340000000000998,False,10.407860065131002,0.9482073573793701,1.8332740400189418,-0.015821123080363268,nan,nan,nan,nan
2934,29.352,,29.352000000001,False,10.41712050692779,0.9596806052687746,1.794567517995677,-0.032187328785180346,nan,nan,nan,nan
2935,29.361,,29.361000000001,False,10.427693154635811,0.9681638641391335,1.7686234610133957,-0.04360532494381009,nan,nan,nan,nan
2936,29.37,,29.370000000001,False,10.438002694126123,0.9749574943492879,1.7369759405703389,-0.05567807893668246,nan,nan,nan,nan
2937,29.382,,29.382000000001,False,10.455242857510214,0.9834685984478995,1.6962527140384376,-0.07103384098757713,nan,nan,nan,nan
2938,29.391,,29.391000000001,False,10.468052412440429,0.9881076730735668,1.6607632837728,-0.08301193359117277,nan,nan,nan,nan
2939,29.4,,29.400000000001,False,10.48366044620496,0.9928875058102351,1.628120432565703,-0.09418075595099122,nan,nan,nan,nan
2940,29.412,,29.412000000001,False,10.503937484083284,0.9969148422113734,1.578417601867341,-0.10960453829629861,nan,nan,nan,nan
2941,29.421,,29.421000000001,False,10.522233089266182,1.0002792507029998,1.5444964808932877,-0.1201999729796219,nan,nan,nan,nan
2942,29.43,,29.430000000001,False,10.539357720996243,1.001866118758612,1.5057861565200892,-0.13127464230001337,nan,nan,nan,nan
2943,29.442,,29.442000000001002,False,10.564797144968294,1.0039716188452121,1.4562181963407885,-0.14514424531154896,nan,nan,nan,nan
2944,29.451,,29.451000000001002,False,10.582812597312698,1.0038678730470374,1.4150875760590402,-0.15581811058484402,nan,nan,nan,nan
2945,29.46,,29.460000000001003,False,10.603066216747818,1.0044122817225831,1.3769949219441175,-0.1656205062345249,nan,nan,nan,nan
2946,29.472,,29.472000000001003,False,10.628365810757648,1.00296142996791,1.3213642480549248,-0.1789768647762503,nan,nan,nan,nan
2947,29.481,,29.481000000001004,False,10.64976064980258,1.0028376005130666,1.2832141362346972,-0.1879721140363023,nan,nan,nan,nan
2948,29.49,,29.490000000001004,False,10.669246220354063,1.0010228718364038,1.241258976652537,-0.19727797627803179,nan,nan,nan,nan
2949,29.502,,29.502000000001004,False,10.697111301205808,0.9992705877193643,1.188142195155975,-0.2087065649781474,nan,nan,nan,nan
2950,29.511,,29.511000000001005,False,10.716279114895805,0.9964650677397762,1.1454334952826997,-0.21738436426132246,nan,nan,nan,nan
2951,29.52,,29.520000000001005,False,10.737476971357967,0.9948064183370452,1.1063429624385968,-0.22518164909173438,nan,nan,nan,nan
2952,29.532,,29.532000000001005,False,10.763417393056276,0.9906547381818879,1.0509475063893452,-0.23565920618340183,nan,nan,nan,nan
2953,29.541,,29.541000000001006,False,10.785299963002107,0.9890152944269511,1.0138561828516384,-0.2424967857535619,nan,nan,nan,nan
2954,29.55,,29.550000000001006,False,10.804982655831608,0.985754875826857,0.9740568222207124,-0.249502219321319,nan,nan,nan,nan
2955,29.562,,29.562000000001007,False,10.833169167708252,0.9825585955554194,0.92508340940434,-0.25783082281253894,nan,nan,nan,nan
2956,29.571,,29.571000000001007,False,10.85241181450991,0.9787671646857613,0.8866219955998007,-0.26405382342950556,nan,nan,nan,nan
2957,29.58,,29.580000000001007,False,10.873836628230567,0.9764466430458311,0.8524198293086483,-0.2694172659512345,nan,nan,nan,nan
2958,29.592,,29.592000000001008,False,10.89994454457163,0.9714821588801227,0.8048619391890292,-0.2764936240755422,nan,nan,nan,nan
2959,29.601,,29.601000000001008,False,10.92215208459895,0.9695389883820721,0.7742275632526443,-0.28081705198027057,nan,nan,nan,nan
2960,29.61,,29.61000000000101,False,10.942065259711057,0.9659426522100596,0.7415973243888855,-0.28519932724140223,nan,nan,nan,nan
2961,29.622,,29.62200000000101,False,10.97074558449091,0.9625380381711861,0.7027676241296148,-0.29004885962213106,nan,nan,nan,nan
2962,29.631,,29.63100000000101,False,10.990313168079485,0.9585647361557269,0.6724619215598096,-0.29357531930355985,nan,nan,nan,nan
2963,29.64,,29.64000000000101,False,11.012225782689306,0.9562251888142497,0.6465212206515241,-0.2962980629478614,nan,nan,nan,nan
2964,29.652,,29.65200000000101,False,11.038922375083475,0.9511652369499982,0.610397835425674,-0.2997592265089838,nan,nan,nan,nan
2965,29.661,,29.66100000000101,False,11.061734478511594,0.949294007105036,0.5882554694774833,-0.30145216126613644,nan,nan,nan,nan
2966,29.67,,29.67000000000101,False,11.082172180469742,0.9456780246483848,0.5642439817611441,-0.3031380751123453,nan,nan,nan,nan
2967,29.682,,29.68200000000101,False,11.111663946256034,0.942327692693606,0.5366448765118194,-0.3044746505388848,nan,nan,nan,nan
2968,29.691,,29.69100000000101,False,11.131992487783013,0.9382938542844348,0.5146961063917634,-0.3053321227969268,nan,nan,nan,nan
2969,29.7,,29.700000000001012,False,11.155112711871874,0.9359276510777548,0.496743937151453,-0.3054841975261264,nan,nan,nan,nan
2970,29.712,,29.712000000001012,False,11.183661641720262,0.9306770357222037,0.4710257831264942,-0.3054949772912023,nan,nan,nan,nan
2971,29.721,,29.721000000001013,False,11.208072747145176,0.9286970911056941,0.45619321457332523,-0.3047285323902882,nan,nan,nan,nan
2972,29.73,,29.730000000001013,False,11.230030198092722,0.9248651495811072,0.43931554923899147,-0.303933513251138,nan,nan,nan,nan
2973,29.742,,29.742000000001013,False,11.261521867003474,0.9212236038890155,0.4206011809597522,-0.30210433476381743,nan,nan,nan,nan
2974,29.751,,29.751000000001014,False,11.28290047230627,0.9169091637191491,0.40505588076704696,-0.3005980622423761,nan,nan,nan,nan
2975,29.76,,29.760000000001014,False,11.30659199898909,0.914322360649573,0.39304667036151153,-0.2985146358634555,nan,nan,nan,nan
2976,29.772,,29.772000000001015,False,11.335118068014875,0.9087332556088028,0.3748994933836491,-0.2955740273834529,nan,nan,nan,nan
2977,29.781,,29.781000000001015,False,11.359138378164875,0.9065527412530014,0.3652087588546626,-0.29275280155864364,nan,nan,nan,nan
2978,29.79,,29.790000000001015,False,11.38031058004235,0.9024833468240685,0.3532785658718601,-0.2899116907198269,nan,nan,nan,nan
2979,29.802,,29.802000000001016,False,11.41038036210155,0.8985567475139128,0.340537856092476,-0.28553104098075344,nan,nan,nan,nan
2980,29.811,,29.811000000001016,False,11.430371449962195,0.8940037704772821,0.32921249534193825,-0.28215093058264995,nan,nan,nan,nan
2981,29.82,,29.820000000001016,False,11.452538661392644,0.8912018176661682,0.32097061377639985,-0.27833808599414234,nan,nan,nan,nan
2982,29.832,,29.832000000001017,False,11.478714467749535,0.88529158411789,0.30751104470766993,-0.27315144968221156,nan,nan,nan,nan
2983,29.841,,29.841000000001017,False,11.500876589045035,0.8828791326588143,0.30082859609019574,-0.2688152020789333,nan,nan,nan,nan
2984,29.85,,29.850000000001017,False,11.52002886244526,0.8785453657815382,0.29173797736057827,-0.2644826254344519,nan,nan,nan,nan
2985,29.862,,29.862000000001018,False,11.547296970229052,0.8742444249351788,0.2822162505205652,-0.25829781139739694,nan,nan,nan,nan
2986,29.871,,29.87100000000102,False,11.565062642944282,0.8693753302341902,0.27308811840268254,-0.2536140289178929,nan,nan,nan,nan
2987,29.88,,29.88000000000102,False,11.584983996962354,0.8662352626111335,0.26664248877293145,-0.24863951340933274,nan,nan,nan,nan
2988,29.892,,29.89200000000102,False,11.608031862719722,0.8598270055580107,0.2553243632863499,-0.2419693900311998,nan,nan,nan,nan
2989,29.901,,29.90100000000102,False,11.627839145214603,0.8570044739378367,0.2498164866931487,-0.23668151677139151,nan,nan,nan,nan
2990,29.91,,29.91000000000102,False,11.644565443710796,0.852232652877949,0.24180200595326673,-0.2314217256417852,nan,nan,nan,nan
2991,29.922,,29.92200000000102,False,11.668563548602721,0.8472951238628033,0.23327379509584573,-0.22417079309185625,nan,nan,nan,nan
2992,29.931,,29.93100000000102,False,11.683821942141488,0.8419243619483494,0.2247733124470151,-0.21873208749675113,nan,nan,nan,nan
2993,29.94,,29.94000000000102,False,11.701232432217434,0.8382458443631785,0.21865077350628634,-0.2131296516300243,nan,nan,nan,nan
2994,29.951999999999998,,29.95200000000102,False,11.720859908870379,0.8311041633356352,0.20766183372054967,-0.2056767982095929,nan,nan,nan,nan
2995,29.961,,29.96100000000102,False,11.738091495573764,0.8276902694231444,0.20208913254739752,-0.19994196118408095,nan,nan,nan,nan
2996,29.97,,29.970000000001022,False,11.752203554584158,0.8223317952546905,0.1940154732024136,-0.19425189290869682,nan,nan,nan,nan
2997,29.982,,29.982000000001022,False,11.772671048351397,0.8165736994949037,0.1851296381592444,-0.18656998101063965,nan,nan,nan,nan
2998,29.991,,29.991000000001023,False,11.785248237949718,0.8105986869049001,0.17636267988891163,-0.18083988329994502,nan,nan,nan,nan
2999,30.0,,30.000000000001023,False,11.799950393858005,0.8062831286559494,0.1697701175357464,-0.17505133822125055,nan,nan,nan,nan
3000,30.012,,30.012000000001024,False,11.81591381699002,0.7983218241401839,0.15820267725387424,-0.1673860580811372,nan,nan,nan,nan
3001,30.021,,30.021000000001024,False,11.8303520888891,0.7942541331765808,0.15199015320196121,-0.16160548406207767,nan,nan,nan,nan
3002,30.03,,30.030000000001024,False,11.841649568694558,0.7882756706152539,0.1433691232663527,-0.15587544027696873,nan,nan,nan,nan
3003,30.042,,30.042000000001025,False,11.858282095387118,0.7816582475898132,0.13359820171190828,-0.1482510312730862,nan,nan,nan,nan
3004,30.051,,30.051000000001025,False,11.867960966617515,0.7750723628969722,0.12425555309002952,-0.1425810862197009,nan,nan,nan,nan
3005,30.06,,30.060000000001025,False,11.879700878816552,0.7701058192531264,0.11695008268356462,-0.13693486068166547,nan,nan,nan,nan
3006,30.072,,30.072000000001026,False,11.891675641843122,0.7613283286726783,0.10457665233997862,-0.12947579926436278,nan,nan,nan,nan
3007,30.081,,30.081000000001026,False,11.9030321188016,0.7565960813366561,0.09761554814243557,-0.1239369824380484,nan,nan,nan,nan
3008,30.09,,30.090000000001027,False,11.911245063162163,0.7500008571942625,0.088389238741686,-0.11844444616649338,nan,nan,nan,nan
3009,30.102,,30.102000000001027,False,11.923639074042898,0.7425146588086233,0.07772154095191118,-0.11121746158306421,nan,nan,nan,nan
3010,30.111,,30.111000000001027,False,11.929503708638352,0.7353594184944634,0.06784448041456718,-0.10585000105968362,nan,nan,nan,nan
3011,30.12,,30.120000000001028,False,11.93628325502463,0.7298371072639331,0.059903514847069766,-0.10056759866347927,nan,nan,nan,nan
3012,30.132,,30.132000000001028,False,11.940455727516113,0.7204670414443057,0.046877658497779695,-0.09359500062510243,nan,nan,nan,nan
3013,30.141,,30.14100000000103,False,11.94521813190265,0.7152711240116438,0.03930878613271565,-0.08848502839311277,nan,nan,nan,nan
3014,30.15,,30.15000000000103,False,11.946513929431545,0.7083041202417326,0.029637743002883726,-0.0834101161084435,nan,nan,nan,nan
3015,30.162,,30.16200000000103,False,11.949177735779905,0.7003010920326295,0.01830521386653041,-0.07679568500624652,nan,nan,nan,nan
3016,30.171,,30.17100000000103,False,11.948271542097144,0.6927849581541704,0.008069328016031748,-0.07188274485519357,nan,nan,nan,nan
3017,30.183,,30.18300000000103,False,11.949479767695141,0.6848136591482612,-0.003051532701669103,-0.0655245978471271,nan,nan,nan,nan
3018,30.192,,30.19200000000103,False,11.946740788251283,0.6767088288948406,-0.01380643737764035,-0.060779279007439985,nan,nan,nan,nan
3019,30.201,,30.20100000000103,False,11.947093564829508,0.6708383167540389,-0.021832023699835116,-0.0562039173744406,nan,nan,nan,nan
3020,30.21,,30.21000000000103,False,11.94451378039567,0.6631939674833276,-0.03180954501701996,-0.051647722239386185,nan,nan,nan,nan
3021,30.222,,30.22200000000103,False,11.942361768353797,0.6541071281662839,-0.043643273381368676,-0.045759806756862545,nan,nan,nan,nan
3022,30.231,,30.231000000001032,False,11.938191503989298,0.6457721632347081,-0.054104903436228036,-0.04138139900339801,nan,nan,nan,nan
3023,30.24,,30.240000000001032,False,11.935825669638351,0.6387975476607544,-0.06284839329332169,-0.03716033887942964,nan,nan,nan,nan
3024,30.252,,30.252000000001033,False,11.929282080972293,0.6274836144522149,-0.07655606905574867,-0.03157787402511214,nan,nan,nan,nan
3025,30.261,,30.261000000001033,False,11.926393229017648,0.6205217983907723,-0.08489504239910835,-0.027583816106389745,nan,nan,nan,nan
3026,30.27,,30.270000000001033,False,11.920678801380626,0.6118509506518274,-0.09500732339576715,-0.023593040435224703,nan,nan,nan,nan
3027,30.282,,30.282000000001034,False,11.914089615178794,0.6012834844489865,-0.10710326914770116,-0.018479954272845583,nan,nan,nan,nan
3028,30.291,,30.291000000001034,False,11.906609930890811,0.5918974729270656,-0.11762244804540155,-0.014670556781069434,nan,nan,nan,nan
3029,30.3,,30.300000000001035,False,11.900644011929165,0.5837641019432552,-0.1265598445818702,-0.011036280047271032,nan,nan,nan,nan
3030,30.312,,30.312000000001035,False,11.889264669714478,0.5710182278844098,-0.14034562117894833,-0.0062199949432720615,nan,nan,nan,nan
3031,30.321,,30.321000000001035,False,11.882357140946686,0.5628653088262577,-0.1489120325694887,-0.002817367768951621,nan,nan,nan,nan
3032,30.33,,30.330000000001036,False,11.87328195055439,0.5530907241698325,-0.1590861877358225,0.0005958993330971928,nan,nan,nan,nan
3033,30.342,,30.342000000001036,False,11.863420812699033,0.5408838048457086,-0.17137454072033437,0.004927987230082598,nan,nan,nan,nan
3034,30.351,,30.351000000001036,False,11.854453404891295,0.5303256760563483,-0.1818864743583954,0.008161454465347022,nan,nan,nan,nan
3035,30.36,,30.360000000001037,False,11.847306008089436,0.5208713843393826,-0.1909614554430973,0.011209849627511825,nan,nan,nan,nan
3036,30.372,,30.372000000001037,False,11.835165834706258,0.5064652243249999,-0.2047286919273233,0.015256920720612481,nan,nan,nan,nan
3037,30.381,,30.381000000001038,False,11.82774513468487,0.49689011796365085,-0.21346125469790242,0.01807419810373993,nan,nan,nan,nan
3038,30.39,,30.390000000001038,False,11.817925893982267,0.4858370098199726,-0.2236345173072073,0.0209119808207124,nan,nan,nan,nan
3039,30.402,,30.40200000000104,False,11.805345585149569,0.4718576851759307,-0.2360956682216918,0.024475495116666905,nan,nan,nan,nan
3040,30.411,,30.41100000000104,False,11.793594864792293,0.46012802403251035,-0.24661269589369872,0.027140596070357164,nan,nan,nan,nan
3041,30.42,,30.42000000000104,False,11.78272026832256,0.449386257639391,-0.2558932494591318,0.029619402761631494,nan,nan,nan,nan
3042,30.432,,30.43200000000104,False,11.764961995713552,0.43347996770880226,-0.26977966852020197,0.03291677512321317,nan,nan,nan,nan
3043,30.441,,30.44100000000104,False,11.752428859475295,0.42262793429671003,-0.27885467252664553,0.035173476364446135,nan,nan,nan,nan
3044,30.45,,30.45000000000104,False,11.73733799210597,0.41048177044551726,-0.2892249818595448,0.037457073313462826,nan,nan,nan,nan
3045,30.462,,30.46200000000104,False,11.7169067566437,0.39491883358849966,-0.3021863524463973,0.04028822389005871,nan,nan,nan,nan
3046,30.471,,30.47100000000104,False,11.699164830040466,0.38215479334206637,-0.31297347761904276,0.042409425777898066,nan,nan,nan,nan
3047,30.48,,30.48000000000104,False,11.681787758733426,0.37022466203818655,-0.32276091721815614,0.0443492545262127,nan,nan,nan,nan
3048,30.492,,30.492000000001042,False,11.655382136685436,0.352938092876451,-0.33717743253402205,0.04693333870066743,nan,nan,nan,nan
3049,30.501,,30.501000000001042,False,11.635941986363976,0.34096896539639077,-0.346895187708041,0.04866239807863164,nan,nan,nan,nan
3050,30.51,,30.510000000001043,False,11.614173828248614,0.32791345268705546,-0.3577402314769526,0.050419751865096986,nan,nan,nan,nan
3051,30.522,,30.522000000001043,False,11.584649793348094,0.3112849262458663,-0.37147911102534037,0.05255870469771638,nan,nan,nan,nan
3052,30.531,,30.531000000001043,False,11.560395290366573,0.297981771833828,-0.38268152643868686,0.054161001429420756,nan,nan,nan,nan
3053,30.54,,30.540000000001044,False,11.536425375141082,0.28568100754925574,-0.39300810824639193,0.055591102201682265,nan,nan,nan,nan
3054,30.552,,30.552000000001044,False,11.501740314352359,0.2683307516596021,-0.4078737842636299,0.0574937023989101,nan,nan,nan,nan
3055,30.561,,30.561000000001044,False,11.476073805147005,0.2565516276671158,-0.4180486978935467,0.05872371286076812,nan,nan,nan,nan
3056,30.57,,30.570000000001045,False,11.44854201963689,0.24398875284580043,-0.42911048030176013,0.059976995098083116,nan,nan,nan,nan
3057,30.582,,30.582000000001045,False,11.411481865879379,0.22836060902770705,-0.4431749967335891,0.061454760786506496,nan,nan,nan,nan
3058,30.591,,30.591000000001046,False,11.382066196512573,0.21612263236749432,-0.4543895026861184,0.06255526993449646,nan,nan,nan,nan
3059,30.6,,30.600000000001046,False,11.352969343094461,0.2050608783790373,-0.46482441623796455,0.06349435508495907,nan,nan,nan,nan
3060,30.612,,30.612000000001046,False,11.312086715717555,0.189720955084457,-0.47952871888045684,0.0647322326052068,nan,nan,nan,nan
3061,30.621,,30.621000000001047,False,11.28181899462875,0.17959867101242463,-0.4897064012896424,0.06547709021323546,nan,nan,nan,nan
3062,30.63,,30.630000000001047,False,11.250175647303433,0.16887868617479745,-0.5005318268526769,0.06623454007725914,nan,nan,nan,nan
3063,30.642,,30.642000000001048,False,11.207817218636489,0.1558431006048122,-0.5143542202881041,0.06706268805491288,nan,nan,nan,nan
3064,30.651,,30.651000000001048,False,11.1749120874171,0.14568143445257173,-0.5251808390158464,0.0676662478324576,nan,nan,nan,nan
3065,30.66,,30.660000000001048,False,11.142356108373496,0.13670388251695617,-0.5353677404870824,0.06812190708910074,nan,nan,nan,nan
3066,30.672,,30.67200000000105,False,11.097464290697047,0.12423009899182642,-0.549487069055419,0.06870217244002638,nan,nan,nan,nan
3067,30.681,,30.68100000000105,False,11.06421505423476,0.11620975850281313,-0.5594083437354969,0.06897135668781207,nan,nan,nan,nan
3068,30.69,,30.69000000000105,False,11.03003450595342,0.10761377474052514,-0.5697702642772693,0.06924089727415944,nan,nan,nan,nan
3069,30.701999999999998,,30.70200000000105,False,10.984437435156105,0.09731348524656906,-0.5831161624253297,0.06943475657233217,nan,nan,nan,nan
3070,30.711,,30.71100000000105,False,10.949528254255334,0.08918079599526382,-0.593411752599329,0.06955309067258195,nan,nan,nan,nan
3071,30.72,,30.72000000000105,False,10.914709182788533,0.08212708481761363,-0.6032626629075761,0.06954286686099335,nan,nan,nan,nan
3072,30.732,,30.73200000000105,False,10.866607738413562,0.07216300651655355,-0.6167531813669246,0.0694940317718285,nan,nan,nan,nan
3073,30.741,,30.74100000000105,False,10.830436457725469,0.06588886166718601,-0.6264570236523789,0.06931743160647275,nan,nan,nan,nan
3074,30.75,,30.75000000000105,False,10.793312609315803,0.0590044521701471,-0.6364331786512929,0.06913237321353091,nan,nan,nan,nan
3075,30.762,,30.762000000001052,False,10.743323985226615,0.05081914644186949,-0.6494853336666537,0.0687466674317019,nan,nan,nan,nan
3076,30.771,,30.771000000001052,False,10.70507034482999,0.04421405115906394,-0.6594294391221126,0.0684261184012293,nan,nan,nan,nan
3077,30.78,,30.780000000001053,False,10.666827094629113,0.03855424988742413,-0.6691443981921357,0.06800137060798747,nan,nan,nan,nan
3078,30.792,,30.792000000001053,False,10.614875651560695,0.03036070035791,-0.6822283228960987,0.0673915251374034,nan,nan,nan,nan
3079,30.801,,30.801000000001054,False,10.575983137669295,0.025257179005396053,-0.6918574206289915,0.06682257845279066,nan,nan,nan,nan
3080,30.81,,30.810000000001054,False,10.536620684967561,0.01950075349461904,-0.7015420318326248,0.06623508040571215,nan,nan,nan,nan
3081,30.822,,30.822000000001054,False,10.483952416936194,0.012640256979058085,-0.7143609324432786,0.06534026048231008,nan,nan,nan,nan
3082,30.831,,30.831000000001055,False,10.44416530202607,0.006968861631255698,-0.7239256360509918,0.06463180776258422,nan,nan,nan,nan
3083,30.84,,30.840000000001055,False,10.404511121046223,0.0021094057723997192,-0.7334370600178822,0.06384484364459753,nan,nan,nan,nan
3084,30.852,,30.852000000001055,False,10.351268413747441,-0.00508950266710929,-0.7459543820778176,0.06274394963303138,nan,nan,nan,nan
3085,30.861,,30.861000000001056,False,10.311541688954293,-0.009595684960548035,-0.7553519999030773,0.06183710541795578,nan,nan,nan,nan
3086,30.87,,30.870000000001056,False,10.271749081283973,-0.014779324453616821,-0.764541027077636,0.060900985274349194,nan,nan,nan,nan
3087,30.882,,30.882000000001057,False,10.218765680790614,-0.021030711679334783,-0.7768045831193824,0.05956981512035693,nan,nan,nan,nan
3088,30.891,,30.891000000001057,False,10.179134770325616,-0.026277436705190563,-0.785704575708013,0.05852730799529841,nan,nan,nan,nan
3089,30.9,,30.900000000001057,False,10.139738172839246,-0.030824363425340257,-0.7947064229563909,0.05743254749360203,nan,nan,nan,nan
3090,30.912,,30.912000000001058,False,10.087326900572265,-0.03763176014567194,-0.8062054766753411,0.0559118585330922,nan,nan,nan,nan
3091,30.921,,30.921000000001058,False,10.048204536114918,-0.04196305090381417,-0.8150283977175984,0.05472163384049625,nan,nan,nan,nan
3092,30.93,,30.93000000000106,False,10.009097198813343,-0.04696094583179308,-0.823380456620356,0.05349210281636244,nan,nan,nan,nan
3093,30.942,,30.94200000000106,False,9.956899394340807,-0.05307219915956048,-0.8346536928790803,0.05180051041208748,nan,nan,nan,nan
3094,30.951,,30.95100000000106,False,9.917910377479132,-0.05820432195778927,-0.8425782570330793,0.050482300411922636,nan,nan,nan,nan
3095,30.96,,30.96000000000106,False,9.879031528999613,-0.06271896820854438,-0.8507822191693246,0.0491399372811699,nan,nan,nan,nan
3096,30.972,,30.97200000000106,False,9.827397432829898,-0.06945294356812874,-0.8609083499030445,0.047282021812706417,nan,nan,nan,nan
3097,30.981,,30.98100000000106,False,9.788867651000627,-0.07381311764692805,-0.8688961032345877,0.04587083605586119,nan,nan,nan,nan
3098,30.99,,30.99000000000106,False,9.75067186074936,-0.07879138255745209,-0.8761280786414569,0.044408752292788296,nan,nan,nan,nan
3099,31.002,,31.00200000000106,False,9.699978957009783,-0.08493405526698566,-0.8859915673831152,0.04243529084679396,nan,nan,nan,nan
3100,31.011,,31.01100000000106,False,9.66243739798956,-0.09003904172172317,-0.8925889896195327,0.04089835641291223,nan,nan,nan,nan
3101,31.02,,31.020000000001062,False,9.62515898944824,-0.09457855717502908,-0.8996012454386381,0.039363086958322316,nan,nan,nan,nan
3102,31.032,,31.032000000001062,False,9.576063084201138,-0.10126213249052277,-0.9077635671849231,0.037238023622975736,nan,nan,nan,nan
3103,31.041,,31.041000000001063,False,9.539615721294716,-0.10563459141369137,-0.9144188316866897,0.03565595220358138,nan,nan,nan,nan
3104,31.05,,31.050000000001063,False,9.503755332409128,-0.11054439074773219,-0.9200076102104685,0.03401123823237004,nan,nan,nan,nan
3105,31.062,,31.062000000001063,False,9.456448303574051,-0.11660975027234087,-0.927706529879542,0.031820520682371775,nan,nan,nan,nan
3106,31.071,,31.071000000001064,False,9.421694644954568,-0.1215723448415281,-0.9323837615853701,0.0301132337189416,nan,nan,nan,nan
3107,31.08,,31.080000000001064,False,9.387348911479494,-0.12599642061965838,-0.9375753900163089,0.028431725950584564,nan,nan,nan,nan
3108,31.092,,31.092000000001065,False,9.342468051514524,-0.1324025136681697,-0.9429159073792822,0.026102080322588775,nan,nan,nan,nan
3109,31.101,,31.101000000001065,False,9.309342852878789,-0.13659057003598776,-0.9475617972853844,0.024393954854964466,nan,nan,nan,nan
3110,31.11,,31.110000000001065,False,9.276976436989118,-0.14121329441008384,-0.9508366681564518,0.02261252681886518,nan,nan,nan,nan
3111,31.122,,31.122000000001066,False,9.234393493910142,-0.14688151345776154,-0.9554734304785446,0.02026515253131678,nan,nan,nan,nan
3112,31.131,,31.131000000001066,False,9.203009334076215,-0.15144762229542644,-0.9576143261095258,0.018436935930149074,nan,nan,nan,nan
3113,31.14,,31.140000000001066,False,9.171875474700787,-0.1554916742076839,-0.9603934047894128,0.016659197879207676,nan,nan,nan,nan
3114,31.152,,31.152000000001067,False,9.131070923690784,-0.1612578780397355,-0.9622231502355832,0.01419801343921874,nan,nan,nan,nan
3115,31.161,,31.161000000001067,False,9.100838681721527,-0.16498244831372968,-0.9643809263687082,0.012419584881555631,nan,nan,nan,nan
3116,31.17,,31.170000000001068,False,9.071215861518278,-0.16903996990616638,-0.9649481042865574,0.010562667972344062,nan,nan,nan,nan
3117,31.182,,31.182000000001068,False,9.032279433861017,-0.1739331916427481,-0.9660357614051518,0.008141102761363525,nan,nan,nan,nan
3118,31.191,,31.19100000000107,False,9.003796302693194,-0.17781427113735054,-0.9652965979411908,0.006255250541497178,nan,nan,nan,nan
3119,31.2,,31.20000000000107,False,8.975739852820503,-0.1811790586070128,-0.9652823434776102,0.00444121400882349,nan,nan,nan,nan
3120,31.212,,31.21200000000107,False,8.93924606883053,-0.1859024956119552,-0.9631080007716948,0.001930444711747666,nan,nan,nan,nan
3121,31.221,,31.22100000000107,False,8.91244258756681,-0.18884780001352694,-0.9623442321548061,0.00013878316206918635,nan,nan,nan,nan
3122,31.23,,31.23000000000107,False,8.886347352276113,-0.19202441484400423,-0.9597762066092234,-0.00173451543474274,nan,nan,nan,nan
3123,31.242,,31.24200000000107,False,8.852345716183471,-0.19570913773612772,-0.9566784601247883,-0.004154744167133469,nan,nan,nan,nan
3124,31.251,,31.25100000000107,False,8.82766009059569,-0.19858561121808158,-0.9526091094734356,-0.006037766613709355,nan,nan,nan,nan
3125,31.26,,31.26000000000107,False,8.803542711997737,-0.20094487780514525,-0.9493100144326116,-0.007830071967806522,nan,nan,nan,nan
3126,31.272,,31.27200000000107,False,8.772404506142992,-0.2042037301737038,-0.9425246377159605,-0.010307769355845353,nan,nan,nan,nan
3127,31.281,,31.28100000000107,False,8.74976271345582,-0.20604791915491819,-0.9383427730761176,-0.012053799423834164,nan,nan,nan,nan
3128,31.29,,31.290000000001072,False,8.727850730478616,-0.20803793676775675,-0.9322026294451915,-0.013880083804457677,nan,nan,nan,nan
3129,31.302,,31.302000000001073,False,8.699573915978947,-0.21011076006710183,-0.9243309943895317,-0.016216460211531777,nan,nan,nan,nan
3130,31.311,,31.311000000001073,False,8.679193365342288,-0.21170196629816232,-0.9165668261764148,-0.018030529988056862,nan,nan,nan,nan
3131,31.32,,31.320000000001073,False,8.659468855561732,-0.21277708660513622,-0.9096082987010113,-0.01973797731194343,nan,nan,nan,nan
3132,31.332,,31.332000000001074,False,8.634182787221743,-0.21423697956345195,-0.8978404267234846,-0.022092657390558094,nan,nan,nan,nan
3133,31.341,,31.341000000001074,False,8.616009459699407,-0.21473448790778757,-0.8899607965127357,-0.023729197488211118,nan,nan,nan,nan
3134,31.35,,31.350000000001074,False,8.598517639962026,-0.21532434402071216,-0.8800783087046965,-0.025439735878735607,nan,nan,nan,nan
3135,31.362,,31.362000000001075,False,8.576190619579025,-0.21551938467415596,-0.8672476816834689,-0.02760295787239287,nan,nan,nan,nan
3136,31.371,,31.371000000001075,False,8.560210879260453,-0.21566268287746668,-0.8557671586847525,-0.029276834812091413,nan,nan,nan,nan
3137,31.38,,31.380000000001075,False,8.544917015812594,-0.21530756416567295,-0.845152948395443,-0.030831786634237624,nan,nan,nan,nan
3138,31.392,,31.392000000001076,False,8.52544501451465,-0.2148322834128408,-0.8285806090869734,-0.03296801406136229,nan,nan,nan,nan
3139,31.401,,31.401000000001076,False,8.511640731887212,-0.21394981039472435,-0.8172813770578025,-0.03442813080354595,nan,nan,nan,nan
3140,31.41,,31.410000000001077,False,8.498419527326993,-0.21316324671291273,-0.8040930418371763,-0.03595178539821024,nan,nan,nan,nan
3141,31.422,,31.422000000001077,False,8.48175519214992,-0.21167911124810612,-0.7872660728292006,-0.03785031791860175,nan,nan,nan,nan
3142,31.431,,31.431000000001077,False,8.469912870431228,-0.210619420961099,-0.7730335578925035,-0.03931206326686536,nan,nan,nan,nan
3143,31.44,,31.440000000001078,False,8.459082531848534,-0.2092294000849033,-0.760052339137378,-0.040646694139106675,nan,nan,nan,nan
3144,31.452,,31.452000000001078,False,8.446342175316868,-0.20747487637761508,-0.7406829758593303,-0.04247320923311464,nan,nan,nan,nan
3145,31.461,,31.46100000000108,False,8.438150132059988,-0.20584668362816586,-0.7277586429261417,-0.04369227301601829,nan,nan,nan,nan
3146,31.47,,31.47000000000108,False,8.430860120937433,-0.20437732640969225,-0.7131962159867119,-0.044962477328556946,nan,nan,nan,nan
3147,31.482,,31.48200000000108,False,8.422613463182088,-0.20223675014138576,-0.6951306624461466,-0.0465093377063386,nan,nan,nan,nan
3148,31.491,,31.49100000000108,False,8.41732690362754,-0.20077912224548278,-0.6802986062792552,-0.047692377490256524,nan,nan,nan,nan
3149,31.5,,31.50000000000108,False,8.412936039299629,-0.19918642866869493,-0.6671516073420272,-0.04873937728364953,nan,nan,nan,nan
3150,31.512,,31.51200000000108,False,8.40804019067799,-0.19729774086507934,-0.6480649260557828,-0.05015822736855457,nan,nan,nan,nan
3151,31.521,,31.52100000000108,False,8.405299074027475,-0.19578657434977048,-0.6358362059223363,-0.05106122972790466,nan,nan,nan,nan
3152,31.53,,31.53000000000108,False,8.403040150224431,-0.19448442357076706,-0.6222304961527634,-0.0519996495180147,nan,nan,nan,nan
3153,31.542,,31.54200000000108,False,8.40102381486215,-0.19277985536925954,-0.6059476001381093,-0.05309066008569521,nan,nan,nan,nan
3154,31.551,,31.551000000001082,False,8.400000081967299,-0.19170064210856064,-0.5927130640311614,-0.05391618421321241,nan,nan,nan,nan
3155,31.56,,31.560000000001082,False,8.399617769437162,-0.190624371075561,-0.5814431386444293,-0.054600844057558454,nan,nan,nan,nan
3156,31.572,,31.572000000001083,False,8.39961951690167,-0.1894512381354858,-0.5651014365996263,-0.055518533501256254,nan,nan,nan,nan
3157,31.581,,31.581000000001083,False,8.400305414545288,-0.18860586127565365,-0.555166185488815,-0.05604294379907039,nan,nan,nan,nan
3158,31.59,,31.590000000001083,False,8.401203550291525,-0.18794297314652852,-0.5439261137489518,-0.05659184042947907,nan,nan,nan,nan
3159,31.602,,31.602000000001084,False,8.40311780550083,-0.18718140506455194,-0.5309597444319207,-0.057160768318009564,nan,nan,nan,nan
3160,31.611,,31.611000000001084,False,8.404781062649494,-0.18677286248014657,-0.5202385234089273,-0.05758617879212434,nan,nan,nan,nan
2959,29.601,,29.601000000001008,False,10.92215208459895,0.9695389883820721,0.7742275632526443,-0.28081705198027057,nan,nan,nan,nan
2960,29.61,,29.61000000000101,False,10.942065259711057,0.9659426522100596,0.7415973243888855,-0.28519932724140223,nan,nan,nan,nan
2961,29.622,,29.62200000000101,False,10.97074558449091,0.9625380381711861,0.7027676241296148,-0.29004885962213106,nan,nan,nan,nan
2962,29.631,,29.63100000000101,False,10.990313168079485,0.9585647361557269,0.6724619215598096,-0.29357531930355985,nan,nan,nan,nan
2963,29.64,,29.64000000000101,False,11.012225782689306,0.9562251888142497,0.6465212206515241,-0.2962980629478614,nan,nan,nan,nan
2964,29.652,,29.65200000000101,False,11.038922375083475,0.9511652369499982,0.610397835425674,-0.2997592265089838,nan,nan,nan,nan
2965,29.661,,29.66100000000101,False,11.061734478511594,0.949294007105036,0.5882554694774833,-0.30145216126613644,nan,nan,nan,nan
2966,29.67,,29.67000000000101,False,11.082172180469742,0.9456780246483848,0.5642439817611441,-0.3031380751123453,nan,nan,nan,nan
2967,29.682,,29.68200000000101,False,11.111663946256034,0.942327692693606,0.5366448765118194,-0.3044746505388848,nan,nan,nan,nan
2968,29.691,,29.69100000000101,False,11.131992487783013,0.9382938542844348,0.5146961063917634,-0.3053321227969268,nan,nan,nan,nan
2969,29.7,,29.700000000001012,False,11.155112711871874,0.9359276510777548,0.496743937151453,-0.3054841975261264,nan,nan,nan,nan
2970,29.712,,29.712000000001012,False,11.183661641720262,0.9306770357222037,0.4710257831264942,-0.3054949772912023,nan,nan,nan,nan
2971,29.721,,29.721000000001013,False,11.208072747145176,0.9286970911056941,0.45619321457332523,-0.3047285323902882,nan,nan,nan,nan
2972,29.73,,29.730000000001013,False,11.230030198092722,0.9248651495811072,0.43931554923899147,-0.303933513251138,nan,nan,nan,nan
2973,29.742,,29.742000000001013,False,11.261521867003474,0.9212236038890155,0.4206011809597522,-0.30210433476381743,nan,nan,nan,nan
2974,29.751,,29.751000000001014,False,11.28290047230627,0.9169091637191491,0.40505588076704696,-0.3005980622423761,nan,nan,nan,nan
2975,29.76,,29.760000000001014,False,11.30659199898909,0.914322360649573,0.39304667036151153,-0.2985146358634555,nan,nan,nan,nan
2976,29.772,,29.772000000001015,False,11.335118068014875,0.9087332556088028,0.3748994933836491,-0.2955740273834529,nan,nan,nan,nan
2977,29.781,,29.781000000001015,False,11.359138378164875,0.9065527412530014,0.3652087588546626,-0.29275280155864364,nan,nan,nan,nan
2978,29.79,,29.790000000001015,False,11.38031058004235,0.9024833468240685,0.3532785658718601,-0.2899116907198269,nan,nan,nan,nan
2979,29.802,,29.802000000001016,False,11.41038036210155,0.8985567475139128,0.340537856092476,-0.28553104098075344,nan,nan,nan,nan
2980,29.811,,29.811000000001016,False,11.430371449962195,0.8940037704772821,0.32921249534193825,-0.28215093058264995,nan,nan,nan,nan
2981,29.82,,29.820000000001016,False,11.452538661392644,0.8912018176661682,0.32097061377639985,-0.27833808599414234,nan,nan,nan,nan
2982,29.832,,29.832000000001017,False,11.478714467749535,0.88529158411789,0.30751104470766993,-0.27315144968221156,nan,nan,nan,nan
2983,29.841,,29.841000000001017,False,11.500876589045035,0.8828791326588143,0.30082859609019574,-0.2688152020789333,nan,nan,nan,nan
2984,29.85,,29.850000000001017,False,11.52002886244526,0.8785453657815382,0.29173797736057827,-0.2644826254344519,nan,nan,nan,nan
2985,29.862,,29.862000000001018,False,11.547296970229052,0.8742444249351788,0.2822162505205652,-0.25829781139739694,nan,nan,nan,nan
2986,29.871,,29.87100000000102,False,11.565062642944282,0.8693753302341902,0.27308811840268254,-0.2536140289178929,nan,nan,nan,nan
2987,29.88,,29.88000000000102,False,11.584983996962354,0.8662352626111335,0.26664248877293145,-0.24863951340933274,nan,nan,nan,nan
2988,29.892,,29.89200000000102,False,11.608031862719722,0.8598270055580107,0.2553243632863499,-0.2419693900311998,nan,nan,nan,nan
2989,29.901,,29.90100000000102,False,11.627839145214603,0.8570044739378367,0.2498164866931487,-0.23668151677139151,nan,nan,nan,nan
2990,29.91,,29.91000000000102,False,11.644565443710796,0.852232652877949,0.24180200595326673,-0.2314217256417852,nan,nan,nan,nan
2991,29.922,,29.92200000000102,False,11.668563548602721,0.8472951238628033,0.23327379509584573,-0.22417079309185625,nan,nan,nan,nan
2992,29.931,,29.93100000000102,False,11.683821942141488,0.8419243619483494,0.2247733124470151,-0.21873208749675113,nan,nan,nan,nan
2993,29.94,,29.94000000000102,False,11.701232432217434,0.8382458443631785,0.21865077350628634,-0.2131296516300243,nan,nan,nan,nan
2994,29.951999999999998,,29.95200000000102,False,11.720859908870379,0.8311041633356352,0.20766183372054967,-0.2056767982095929,nan,nan,nan,nan
2995,29.961,,29.96100000000102,False,11.738091495573764,0.8276902694231444,0.20208913254739752,-0.19994196118408095,nan,nan,nan,nan
2996,29.97,,29.970000000001022,False,11.752203554584158,0.8223317952546905,0.1940154732024136,-0.19425189290869682,nan,nan,nan,nan
2997,29.982,,29.982000000001022,False,11.772671048351397,0.8165736994949037,0.1851296381592444,-0.18656998101063965,nan,nan,nan,nan
2998,29.991,,29.991000000001023,False,11.785248237949718,0.8105986869049001,0.17636267988891163,-0.18083988329994502,nan,nan,nan,nan
2999,30.0,,30.000000000001023,False,11.799950393858005,0.8062831286559494,0.1697701175357464,-0.17505133822125055,nan,nan,nan,nan
3000,30.012,,30.012000000001024,False,11.81591381699002,0.7983218241401839,0.15820267725387424,-0.1673860580811372,nan,nan,nan,nan
3001,30.021,,30.021000000001024,False,11.8303520888891,0.7942541331765808,0.15199015320196121,-0.16160548406207767,nan,nan,nan,nan
3002,30.03,,30.030000000001024,False,11.841649568694558,0.7882756706152539,0.1433691232663527,-0.15587544027696873,nan,nan,nan,nan
3003,30.042,,30.042000000001025,False,11.858282095387118,0.7816582475898132,0.13359820171190828,-0.1482510312730862,nan,nan,nan,nan
3004,30.051,,30.051000000001025,False,11.867960966617515,0.7750723628969722,0.12425555309002952,-0.1425810862197009,nan,nan,nan,nan
3005,30.06,,30.060000000001025,False,11.879700878816552,0.7701058192531264,0.11695008268356462,-0.13693486068166547,nan,nan,nan,nan
3006,30.072,,30.072000000001026,False,11.891675641843122,0.7613283286726783,0.10457665233997862,-0.12947579926436278,nan,nan,nan,nan
3007,30.081,,30.081000000001026,False,11.9030321188016,0.7565960813366561,0.09761554814243557,-0.1239369824380484,nan,nan,nan,nan
3008,30.09,,30.090000000001027,False,11.911245063162163,0.7500008571942625,0.088389238741686,-0.11844444616649338,nan,nan,nan,nan
3009,30.102,,30.102000000001027,False,11.923639074042898,0.7425146588086233,0.07772154095191118,-0.11121746158306421,nan,nan,nan,nan
3010,30.111,,30.111000000001027,False,11.929503708638352,0.7353594184944634,0.06784448041456718,-0.10585000105968362,nan,nan,nan,nan
3011,30.12,,30.120000000001028,False,11.93628325502463,0.7298371072639331,0.059903514847069766,-0.10056759866347927,nan,nan,nan,nan
3012,30.132,,30.132000000001028,False,11.940455727516113,0.7204670414443057,0.046877658497779695,-0.09359500062510243,nan,nan,nan,nan
3013,30.141,,30.14100000000103,False,11.94521813190265,0.7152711240116438,0.03930878613271565,-0.08848502839311277,nan,nan,nan,nan
3014,30.15,,30.15000000000103,False,11.946513929431545,0.7083041202417326,0.029637743002883726,-0.0834101161084435,nan,nan,nan,nan
3015,30.162,,30.16200000000103,False,11.949177735779905,0.7003010920326295,0.01830521386653041,-0.07679568500624652,nan,nan,nan,nan
3016,30.171,,30.17100000000103,False,11.948271542097144,0.6927849581541704,0.008069328016031748,-0.07188274485519357,nan,nan,nan,nan
3017,30.183,,30.18300000000103,False,11.949479767695141,0.6848136591482612,-0.003051532701669103,-0.0655245978471271,nan,nan,nan,nan
3018,30.192,,30.19200000000103,False,11.946740788251283,0.6767088288948406,-0.01380643737764035,-0.060779279007439985,nan,nan,nan,nan
3019,30.201,,30.20100000000103,False,11.947093564829508,0.6708383167540389,-0.021832023699835116,-0.0562039173744406,nan,nan,nan,nan
3020,30.21,,30.21000000000103,False,11.94451378039567,0.6631939674833276,-0.03180954501701996,-0.051647722239386185,nan,nan,nan,nan
3021,30.222,,30.22200000000103,False,11.942361768353797,0.6541071281662839,-0.043643273381368676,-0.045759806756862545,nan,nan,nan,nan
3022,30.231,,30.231000000001032,False,11.938191503989298,0.6457721632347081,-0.054104903436228036,-0.04138139900339801,nan,nan,nan,nan
3023,30.24,,30.240000000001032,False,11.935825669638351,0.6387975476607544,-0.06284839329332169,-0.03716033887942964,nan,nan,nan,nan
3024,30.252,,30.252000000001033,False,11.929282080972293,0.6274836144522149,-0.07655606905574867,-0.03157787402511214,nan,nan,nan,nan
3025,30.261,,30.261000000001033,False,11.926393229017648,0.6205217983907723,-0.08489504239910835,-0.027583816106389745,nan,nan,nan,nan
3026,30.27,,30.270000000001033,False,11.920678801380626,0.6118509506518274,-0.09500732339576715,-0.023593040435224703,nan,nan,nan,nan
3027,30.282,,30.282000000001034,False,11.914089615178794,0.6012834844489865,-0.10710326914770116,-0.018479954272845583,nan,nan,nan,nan
3028,30.291,,30.291000000001034,False,11.906609930890811,0.5918974729270656,-0.11762244804540155,-0.014670556781069434,nan,nan,nan,nan
3029,30.3,,30.300000000001035,False,11.900644011929165,0.5837641019432552,-0.1265598445818702,-0.011036280047271032,nan,nan,nan,nan
3030,30.312,,30.312000000001035,False,11.889264669714478,0.5710182278844098,-0.14034562117894833,-0.0062199949432720615,nan,nan,nan,nan
3031,30.321,,30.321000000001035,False,11.882357140946686,0.5628653088262577,-0.1489120325694887,-0.002817367768951621,nan,nan,nan,nan
3032,30.33,,30.330000000001036,False,11.87328195055439,0.5530907241698325,-0.1590861877358225,0.0005958993330971928,nan,nan,nan,nan
3033,30.342,,30.342000000001036,False,11.863420812699033,0.5408838048457086,-0.17137454072033437,0.004927987230082598,nan,nan,nan,nan
3034,30.351,,30.351000000001036,False,11.854453404891295,0.5303256760563483,-0.1818864743583954,0.008161454465347022,nan,nan,nan,nan
3035,30.36,,30.360000000001037,False,11.847306008089436,0.5208713843393826,-0.1909614554430973,0.011209849627511825,nan,nan,nan,nan
3036,30.372,,30.372000000001037,False,11.835165834706258,0.5064652243249999,-0.2047286919273233,0.015256920720612481,nan,nan,nan,nan
3037,30.381,,30.381000000001038,False,11.82774513468487,0.49689011796365085,-0.21346125469790242,0.01807419810373993,nan,nan,nan,nan
3038,30.39,,30.390000000001038,False,11.817925893982267,0.4858370098199726,-0.2236345173072073,0.0209119808207124,nan,nan,nan,nan
3039,30.402,,30.40200000000104,False,11.805345585149569,0.4718576851759307,-0.2360956682216918,0.024475495116666905,nan,nan,nan,nan
3040,30.411,,30.41100000000104,False,11.793594864792293,0.46012802403251035,-0.24661269589369872,0.027140596070357164,nan,nan,nan,nan
3041,30.42,,30.42000000000104,False,11.78272026832256,0.449386257639391,-0.2558932494591318,0.029619402761631494,nan,nan,nan,nan
3042,30.432,,30.43200000000104,False,11.764961995713552,0.43347996770880226,-0.26977966852020197,0.03291677512321317,nan,nan,nan,nan
3043,30.441,,30.44100000000104,False,11.752428859475295,0.42262793429671003,-0.27885467252664553,0.035173476364446135,nan,nan,nan,nan
3044,30.45,,30.45000000000104,False,11.73733799210597,0.41048177044551726,-0.2892249818595448,0.037457073313462826,nan,nan,nan,nan
3045,30.462,,30.46200000000104,False,11.7169067566437,0.39491883358849966,-0.3021863524463973,0.04028822389005871,nan,nan,nan,nan
3046,30.471,,30.47100000000104,False,11.699164830040466,0.38215479334206637,-0.31297347761904276,0.042409425777898066,nan,nan,nan,nan
3047,30.48,,30.48000000000104,False,11.681787758733426,0.37022466203818655,-0.32276091721815614,0.0443492545262127,nan,nan,nan,nan
3048,30.492,,30.492000000001042,False,11.655382136685436,0.352938092876451,-0.33717743253402205,0.04693333870066743,nan,nan,nan,nan
3049,30.501,,30.501000000001042,False,11.635941986363976,0.34096896539639077,-0.346895187708041,0.04866239807863164,nan,nan,nan,nan
3050,30.51,,30.510000000001043,False,11.614173828248614,0.32791345268705546,-0.3577402314769526,0.050419751865096986,nan,nan,nan,nan
3051,30.522,,30.522000000001043,False,11.584649793348094,0.3112849262458663,-0.37147911102534037,0.05255870469771638,nan,nan,nan,nan
3052,30.531,,30.531000000001043,False,11.560395290366573,0.297981771833828,-0.38268152643868686,0.054161001429420756,nan,nan,nan,nan
3053,30.54,,30.540000000001044,False,11.536425375141082,0.28568100754925574,-0.39300810824639193,0.055591102201682265,nan,nan,nan,nan
3054,30.552,,30.552000000001044,False,11.501740314352359,0.2683307516596021,-0.4078737842636299,0.0574937023989101,nan,nan,nan,nan
3055,30.561,,30.561000000001044,False,11.476073805147005,0.2565516276671158,-0.4180486978935467,0.05872371286076812,nan,nan,nan,nan
3056,30.57,,30.570000000001045,False,11.44854201963689,0.24398875284580043,-0.42911048030176013,0.059976995098083116,nan,nan,nan,nan
3057,30.582,,30.582000000001045,False,11.411481865879379,0.22836060902770705,-0.4431749967335891,0.061454760786506496,nan,nan,nan,nan
3058,30.591,,30.591000000001046,False,11.382066196512573,0.21612263236749432,-0.4543895026861184,0.06255526993449646,nan,nan,nan,nan
3059,30.6,,30.600000000001046,False,11.352969343094461,0.2050608783790373,-0.46482441623796455,0.06349435508495907,nan,nan,nan,nan
3060,30.612,,30.612000000001046,False,11.312086715717555,0.189720955084457,-0.47952871888045684,0.0647322326052068,nan,nan,nan,nan
3061,30.621,,30.621000000001047,False,11.28181899462875,0.17959867101242463,-0.4897064012896424,0.06547709021323546,nan,nan,nan,nan
3062,30.63,,30.630000000001047,False,11.250175647303433,0.16887868617479745,-0.5005318268526769,0.06623454007725914,nan,nan,nan,nan
3063,30.642,,30.642000000001048,False,11.207817218636489,0.1558431006048122,-0.5143542202881041,0.06706268805491288,nan,nan,nan,nan
3064,30.651,,30.651000000001048,False,11.1749120874171,0.14568143445257173,-0.5251808390158464,0.0676662478324576,nan,nan,nan,nan
3065,30.66,,30.660000000001048,False,11.142356108373496,0.13670388251695617,-0.5353677404870824,0.06812190708910074,nan,nan,nan,nan
3066,30.672,,30.67200000000105,False,11.097464290697047,0.12423009899182642,-0.549487069055419,0.06870217244002638,nan,nan,nan,nan
3067,30.681,,30.68100000000105,False,11.06421505423476,0.11620975850281313,-0.5594083437354969,0.06897135668781207,nan,nan,nan,nan
3068,30.69,,30.69000000000105,False,11.03003450595342,0.10761377474052514,-0.5697702642772693,0.06924089727415944,nan,nan,nan,nan
3069,30.701999999999998,,30.70200000000105,False,10.984437435156105,0.09731348524656906,-0.5831161624253297,0.06943475657233217,nan,nan,nan,nan
3070,30.711,,30.71100000000105,False,10.949528254255334,0.08918079599526382,-0.593411752599329,0.06955309067258195,nan,nan,nan,nan
3071,30.72,,30.72000000000105,False,10.914709182788533,0.08212708481761363,-0.6032626629075761,0.06954286686099335,nan,nan,nan,nan
3072,30.732,,30.73200000000105,False,10.866607738413562,0.07216300651655355,-0.6167531813669246,0.0694940317718285,nan,nan,nan,nan
3073,30.741,,30.74100000000105,False,10.830436457725469,0.06588886166718601,-0.6264570236523789,0.06931743160647275,nan,nan,nan,nan
3074,30.75,,30.75000000000105,False,10.793312609315803,0.0590044521701471,-0.6364331786512929,0.06913237321353091,nan,nan,nan,nan
3075,30.762,,30.762000000001052,False,10.743323985226615,0.05081914644186949,-0.6494853336666537,0.0687466674317019,nan,nan,nan,nan
3076,30.771,,30.771000000001052,False,10.70507034482999,0.04421405115906394,-0.6594294391221126,0.0684261184012293,nan,nan,nan,nan
3077,30.78,,30.780000000001053,False,10.666827094629113,0.03855424988742413,-0.6691443981921357,0.06800137060798747,nan,nan,nan,nan
3078,30.792,,30.792000000001053,False,10.614875651560695,0.03036070035791,-0.6822283228960987,0.0673915251374034,nan,nan,nan,nan
3079,30.801,,30.801000000001054,False,10.575983137669295,0.025257179005396053,-0.6918574206289915,0.06682257845279066,nan,nan,nan,nan
3080,30.81,,30.810000000001054,False,10.536620684967561,0.01950075349461904,-0.7015420318326248,0.06623508040571215,nan,nan,nan,nan
3081,30.822,,30.822000000001054,False,10.483952416936194,0.012640256979058085,-0.7143609324432786,0.06534026048231008,nan,nan,nan,nan
3082,30.831,,30.831000000001055,False,10.44416530202607,0.006968861631255698,-0.7239256360509918,0.06463180776258422,nan,nan,nan,nan
3083,30.84,,30.840000000001055,False,10.404511121046223,0.0021094057723997192,-0.7334370600178822,0.06384484364459753,nan,nan,nan,nan
3084,30.852,,30.852000000001055,False,10.351268413747441,-0.00508950266710929,-0.7459543820778176,0.06274394963303138,nan,nan,nan,nan
3085,30.861,,30.861000000001056,False,10.311541688954293,-0.009595684960548035,-0.7553519999030773,0.06183710541795578,nan,nan,nan,nan
3086,30.87,,30.870000000001056,False,10.271749081283973,-0.014779324453616821,-0.764541027077636,0.060900985274349194,nan,nan,nan,nan
3087,30.882,,30.882000000001057,False,10.218765680790614,-0.021030711679334783,-0.7768045831193824,0.05956981512035693,nan,nan,nan,nan
3088,30.891,,30.891000000001057,False,10.179134770325616,-0.026277436705190563,-0.785704575708013,0.05852730799529841,nan,nan,nan,nan
3089,30.9,,30.900000000001057,False,10.139738172839246,-0.030824363425340257,-0.7947064229563909,0.05743254749360203,nan,nan,nan,nan
3090,30.912,,30.912000000001058,False,10.087326900572265,-0.03763176014567194,-0.8062054766753411,0.0559118585330922,nan,nan,nan,nan
3091,30.921,,30.921000000001058,False,10.048204536114918,-0.04196305090381417,-0.8150283977175984,0.05472163384049625,nan,nan,nan,nan
3092,30.93,,30.93000000000106,False,10.009097198813343,-0.04696094583179308,-0.823380456620356,0.05349210281636244,nan,nan,nan,nan
3093,30.942,,30.94200000000106,False,9.956899394340807,-0.05307219915956048,-0.8346536928790803,0.05180051041208748,nan,nan,nan,nan
3094,30.951,,30.95100000000106,False,9.917910377479132,-0.05820432195778927,-0.8425782570330793,0.050482300411922636,nan,nan,nan,nan
3095,30.96,,30.96000000000106,False,9.879031528999613,-0.06271896820854438,-0.8507822191693246,0.0491399372811699,nan,nan,nan,nan
3096,30.972,,30.97200000000106,False,9.827397432829898,-0.06945294356812874,-0.8609083499030445,0.047282021812706417,nan,nan,nan,nan
3097,30.981,,30.98100000000106,False,9.788867651000627,-0.07381311764692805,-0.8688961032345877,0.04587083605586119,nan,nan,nan,nan
3098,30.99,,30.99000000000106,False,9.75067186074936,-0.07879138255745209,-0.8761280786414569,0.044408752292788296,nan,nan,nan,nan
3099,31.002,,31.00200000000106,False,9.699978957009783,-0.08493405526698566,-0.8859915673831152,0.04243529084679396,nan,nan,nan,nan
3100,31.011,,31.01100000000106,False,9.66243739798956,-0.09003904172172317,-0.8925889896195327,0.04089835641291223,nan,nan,nan,nan
3101,31.02,,31.020000000001062,False,9.62515898944824,-0.09457855717502908,-0.8996012454386381,0.039363086958322316,nan,nan,nan,nan
3102,31.032,,31.032000000001062,False,9.576063084201138,-0.10126213249052277,-0.9077635671849231,0.037238023622975736,nan,nan,nan,nan
3103,31.041,,31.041000000001063,False,9.539615721294716,-0.10563459141369137,-0.9144188316866897,0.03565595220358138,nan,nan,nan,nan
3104,31.05,,31.050000000001063,False,9.503755332409128,-0.11054439074773219,-0.9200076102104685,0.03401123823237004,nan,nan,nan,nan
3105,31.062,,31.062000000001063,False,9.456448303574051,-0.11660975027234087,-0.927706529879542,0.031820520682371775,nan,nan,nan,nan
3106,31.071,,31.071000000001064,False,9.421694644954568,-0.1215723448415281,-0.9323837615853701,0.0301132337189416,nan,nan,nan,nan
3107,31.08,,31.080000000001064,False,9.387348911479494,-0.12599642061965838,-0.9375753900163089,0.028431725950584564,nan,nan,nan,nan
3108,31.092,,31.092000000001065,False,9.342468051514524,-0.1324025136681697,-0.9429159073792822,0.026102080322588775,nan,nan,nan,nan
3109,31.101,,31.101000000001065,False,9.309342852878789,-0.13659057003598776,-0.9475617972853844,0.024393954854964466,nan,nan,nan,nan
3110,31.11,,31.110000000001065,False,9.276976436989118,-0.14121329441008384,-0.9508366681564518,0.02261252681886518,nan,nan,nan,nan
3111,31.122,,31.122000000001066,False,9.234393493910142,-0.14688151345776154,-0.9554734304785446,0.02026515253131678,nan,nan,nan,nan
3112,31.131,,31.131000000001066,False,9.203009334076215,-0.15144762229542644,-0.9576143261095258,0.018436935930149074,nan,nan,nan,nan
3113,31.14,,31.140000000001066,False,9.171875474700787,-0.1554916742076839,-0.9603934047894128,0.016659197879207676,nan,nan,nan,nan
3114,31.152,,31.152000000001067,False,9.131070923690784,-0.1612578780397355,-0.9622231502355832,0.01419801343921874,nan,nan,nan,nan
3115,31.161,,31.161000000001067,False,9.100838681721527,-0.16498244831372968,-0.9643809263687082,0.012419584881555631,nan,nan,nan,nan
3116,31.17,,31.170000000001068,False,9.071215861518278,-0.16903996990616638,-0.9649481042865574,0.010562667972344062,nan,nan,nan,nan
3117,31.182,,31.182000000001068,False,9.032279433861017,-0.1739331916427481,-0.9660357614051518,0.008141102761363525,nan,nan,nan,nan
3118,31.191,,31.19100000000107,False,9.003796302693194,-0.17781427113735054,-0.9652965979411908,0.006255250541497178,nan,nan,nan,nan
3119,31.2,,31.20000000000107,False,8.975739852820503,-0.1811790586070128,-0.9652823434776102,0.00444121400882349,nan,nan,nan,nan
3120,31.212,,31.21200000000107,False,8.93924606883053,-0.1859024956119552,-0.9631080007716948,0.001930444711747666,nan,nan,nan,nan
3121,31.221,,31.22100000000107,False,8.91244258756681,-0.18884780001352694,-0.9623442321548061,0.00013878316206918635,nan,nan,nan,nan
3122,31.23,,31.23000000000107,False,8.886347352276113,-0.19202441484400423,-0.9597762066092234,-0.00173451543474274,nan,nan,nan,nan
3123,31.242,,31.24200000000107,False,8.852345716183471,-0.19570913773612772,-0.9566784601247883,-0.004154744167133469,nan,nan,nan,nan
3124,31.251,,31.25100000000107,False,8.82766009059569,-0.19858561121808158,-0.9526091094734356,-0.006037766613709355,nan,nan,nan,nan
3125,31.26,,31.26000000000107,False,8.803542711997737,-0.20094487780514525,-0.9493100144326116,-0.007830071967806522,nan,nan,nan,nan
3126,31.272,,31.27200000000107,False,8.772404506142992,-0.2042037301737038,-0.9425246377159605,-0.010307769355845353,nan,nan,nan,nan
3127,31.281,,31.28100000000107,False,8.74976271345582,-0.20604791915491819,-0.9383427730761176,-0.012053799423834164,nan,nan,nan,nan
3128,31.29,,31.290000000001072,False,8.727850730478616,-0.20803793676775675,-0.9322026294451915,-0.013880083804457677,nan,nan,nan,nan
3129,31.302,,31.302000000001073,False,8.699573915978947,-0.21011076006710183,-0.9243309943895317,-0.016216460211531777,nan,nan,nan,nan
3130,31.311,,31.311000000001073,False,8.679193365342288,-0.21170196629816232,-0.9165668261764148,-0.018030529988056862,nan,nan,nan,nan
3131,31.32,,31.320000000001073,False,8.659468855561732,-0.21277708660513622,-0.9096082987010113,-0.01973797731194343,nan,nan,nan,nan
3132,31.332,,31.332000000001074,False,8.634182787221743,-0.21423697956345195,-0.8978404267234846,-0.022092657390558094,nan,nan,nan,nan
3133,31.341,,31.341000000001074,False,8.616009459699407,-0.21473448790778757,-0.8899607965127357,-0.023729197488211118,nan,nan,nan,nan
3134,31.35,,31.350000000001074,False,8.598517639962026,-0.21532434402071216,-0.8800783087046965,-0.025439735878735607,nan,nan,nan,nan
3135,31.362,,31.362000000001075,False,8.576190619579025,-0.21551938467415596,-0.8672476816834689,-0.02760295787239287,nan,nan,nan,nan
3136,31.371,,31.371000000001075,False,8.560210879260453,-0.21566268287746668,-0.8557671586847525,-0.029276834812091413,nan,nan,nan,nan
3137,31.38,,31.380000000001075,False,8.544917015812594,-0.21530756416567295,-0.845152948395443,-0.030831786634237624,nan,nan,nan,nan
3138,31.392,,31.392000000001076,False,8.52544501451465,-0.2148322834128408,-0.8285806090869734,-0.03296801406136229,nan,nan,nan,nan
3139,31.401,,31.401000000001076,False,8.511640731887212,-0.21394981039472435,-0.8172813770578025,-0.03442813080354595,nan,nan,nan,nan
3140,31.41,,31.410000000001077,False,8.498419527326993,-0.21316324671291273,-0.8040930418371763,-0.03595178539821024,nan,nan,nan,nan
3141,31.422,,31.422000000001077,False,8.48175519214992,-0.21167911124810612,-0.7872660728292006,-0.03785031791860175,nan,nan,nan,nan
3142,31.431,,31.431000000001077,False,8.469912870431228,-0.210619420961099,-0.7730335578925035,-0.03931206326686536,nan,nan,nan,nan
3143,31.44,,31.440000000001078,False,8.459082531848534,-0.2092294000849033,-0.760052339137378,-0.040646694139106675,nan,nan,nan,nan
3144,31.452,,31.452000000001078,False,8.446342175316868,-0.20747487637761508,-0.7406829758593303,-0.04247320923311464,nan,nan,nan,nan
3145,31.461,,31.46100000000108,False,8.438150132059988,-0.20584668362816586,-0.7277586429261417,-0.04369227301601829,nan,nan,nan,nan
3146,31.47,,31.47000000000108,False,8.430860120937433,-0.20437732640969225,-0.7131962159867119,-0.044962477328556946,nan,nan,nan,nan
3147,31.482,,31.48200000000108,False,8.422613463182088,-0.20223675014138576,-0.6951306624461466,-0.0465093377063386,nan,nan,nan,nan
3148,31.491,,31.49100000000108,False,8.41732690362754,-0.20077912224548278,-0.6802986062792552,-0.047692377490256524,nan,nan,nan,nan
3149,31.5,,31.50000000000108,False,8.412936039299629,-0.19918642866869493,-0.6671516073420272,-0.04873937728364953,nan,nan,nan,nan
3150,31.512,,31.51200000000108,False,8.40804019067799,-0.19729774086507934,-0.6480649260557828,-0.05015822736855457,nan,nan,nan,nan
3151,31.521,,31.52100000000108,False,8.405299074027475,-0.19578657434977048,-0.6358362059223363,-0.05106122972790466,nan,nan,nan,nan
3152,31.53,,31.53000000000108,False,8.403040150224431,-0.19448442357076706,-0.6222304961527634,-0.0519996495180147,nan,nan,nan,nan
3153,31.542,,31.54200000000108,False,8.40102381486215,-0.19277985536925954,-0.6059476001381093,-0.05309066008569521,nan,nan,nan,nan
3154,31.551,,31.551000000001082,False,8.400000081967299,-0.19170064210856064,-0.5927130640311614,-0.05391618421321241,nan,nan,nan,nan
3155,31.56,,31.560000000001082,False,8.399617769437162,-0.190624371075561,-0.5814431386444293,-0.054600844057558454,nan,nan,nan,nan
3156,31.572,,31.572000000001083,False,8.39961951690167,-0.1894512381354858,-0.5651014365996263,-0.055518533501256254,nan,nan,nan,nan
3157,31.581,,31.581000000001083,False,8.400305414545288,-0.18860586127565365,-0.555166185488815,-0.05604294379907039,nan,nan,nan,nan
3158,31.59,,31.590000000001083,False,8.401203550291525,-0.18794297314652852,-0.5439261137489518,-0.05659184042947907,nan,nan,nan,nan
3159,31.602,,31.602000000001084,False,8.40311780550083,-0.18718140506455194,-0.5309597444319207,-0.057160768318009564,nan,nan,nan,nan
3160,31.611,,31.611000000001084,False,8.404781062649494,-0.18677286248014657,-0.5202385234089273,-0.05758617879212434,nan,nan,nan,nan
3161,31.62,,31.620000000001085,False,8.406943302858075,-0.18642942245057262,-0.5115329756680862,-0.05787393161055985,nan,nan,nan,nan
3162,31.632,,31.632000000001085,False,8.410049099237227,-0.18615434908704712,-0.49855566308213695,-0.05825470289947777,nan,nan,nan,nan
3163,31.641,,31.641000000001085,False,8.412925336487065,-0.1860348024321677,-0.4911369614915093,-0.05838343356429057,nan,nan,nan,nan
3164,31.65,,31.650000000001086,False,8.415833539299626,-0.18601512176246265,-0.4823244053086801,-0.05853238092565885,nan,nan,nan,nan
3165,31.662,,31.662000000001086,False,8.420263069398857,-0.1861204283303884,-0.47249625746777585,-0.0585776797291062,nan,nan,nan,nan
3166,31.671,,31.671000000001087,False,8.423637776810002,-0.1862755823311955,-0.46400344754561956,-0.05860977759402111,nan,nan,nan,nan
3167,31.68,,31.680000000001087,False,8.4274309696324,-0.1865183766957925,-0.45744196044454777,-0.0585154252792294,nan,nan,nan,nan
3168,31.692,,31.692000000001087,False,8.432512177374473,-0.18690029162809793,-0.44712745912092927,-0.058389000889266233,nan,nan,nan,nan
3169,31.701,,31.701000000001088,False,8.43679121486472,-0.18729427426834386,-0.44158705025515427,-0.05815299779415436,nan,nan,nan,nan
3170,31.713,,31.713000000001088,False,8.442287648910867,-0.18780995635094228,-0.4314352032095451,-0.057886855547185805,nan,nan,nan,nan
3171,31.725,,31.72500000000109,False,8.448523913202049,-0.18849612719790748,-0.42483635988009794,-0.057405008260072436,nan,nan,nan,nan
3172,31.731,,31.73100000000109,False,8.451440575055996,-0.18879426633075383,-0.41977520519972034,-0.05720725998084435,nan,nan,nan,nan
3173,31.74,,31.74000000000109,False,8.456268286032701,-0.18935945456427059,-0.41453688449097686,-0.05678625368210625,nan,nan,nan,nan
3174,31.752,,31.75200000000109,False,8.462576212700608,-0.19004690046673714,-0.40578691685992413,-0.056232956349071696,nan,nan,nan,nan
3175,31.761,,31.76100000000109,False,8.467721881099,-0.19068970265065927,-0.40129504803058014,-0.05569798204204135,nan,nan,nan,nan
3176,31.77,,31.77000000000109,False,8.472669523940446,-0.19123923698155995,-0.39516144379518436,-0.055188901918578476,nan,nan,nan,nan
3177,31.782,,31.78200000000109,False,8.479644062838982,-0.19208032557038793,-0.3885603900011396,-0.05440114196359417,nan,nan,nan,nan
3178,31.791,,31.79100000000109,False,8.484702709636657,-0.19260539331707965,-0.38222042041531606,-0.05382164975415475,nan,nan,nan,nan
3179,31.8,,31.80000000000109,False,8.490102345197121,-0.19325378744625174,-0.37759487940226527,-0.05315229757357539,nan,nan,nan,nan
3180,31.812,,31.812000000001092,False,8.49705919541245,-0.1939424946101874,-0.3695286670891329,-0.052278829906397775,nan,nan,nan,nan
3181,31.821,,31.821000000001092,False,8.502667248199538,-0.19461392473019173,-0.3654326389278299,-0.051527056826683265,nan,nan,nan,nan
3182,31.83,,31.830000000001093,False,8.507997806069856,-0.19511194874412513,-0.3596117416363254,-0.05080604218752144,nan,nan,nan,nan
3183,31.842,,31.842000000001093,False,8.515433076079935,-0.19589350773448386,-0.35329006250678674,-0.049761847346284416,nan,nan,nan,nan
3184,31.851,,31.851000000001093,False,8.520423986780864,-0.1963130804364118,-0.34709853798421364,-0.04899767354348478,nan,nan,nan,nan
3185,31.86,,31.860000000001094,False,8.52517773403057,-0.19690344981014754,-0.3425687485969949,-0.048163092042273474,nan,nan,nan,nan
3186,31.872,,31.872000000001094,False,8.530547511070367,-0.1974495936395179,-0.3345912446222388,-0.0470788007695577,nan,nan,nan,nan
3187,31.881,,31.881000000001094,False,8.534616103375706,-0.1980691340835134,-0.3305074617562,-0.04619152415665534,nan,nan,nan,nan
3188,31.89,,31.890000000001095,False,8.538154523541545,-0.1984598492917592,-0.3246887509298465,-0.04533858012820139,nan,nan,nan,nan
3189,31.902,,31.902000000001095,False,8.54297840170038,-0.1991385117225319,-0.3183194178420601,-0.04414286972056985,nan,nan,nan,nan
3190,31.911,,31.911000000001096,False,8.546226983565669,-0.19942649511035537,-0.31207168438070293,-0.043271571812058936,nan,nan,nan,nan
3191,31.92,,31.920000000001096,False,8.549784793563111,-0.19991835879237876,-0.3074249781202255,-0.042348914667049424,nan,nan,nan,nan
3192,31.932,,31.932000000001096,False,8.554163632442346,-0.20025228196605632,-0.29926251001165693,-0.04115506822458763,nan,nan,nan,nan
3193,31.941,,31.941000000001097,False,8.557887827633419,-0.20075422470142498,-0.2949810318602221,-0.040206788234374305,nan,nan,nan,nan
3194,31.95,,31.950000000001097,False,8.561312736090708,-0.20096319685302935,-0.2889632007648801,-0.03929476206022128,nan,nan,nan,nan
3195,31.962,,31.962000000001098,False,8.566302588506156,-0.2014238481133549,-0.28227488089327435,-0.03804185847278748,nan,nan,nan,nan
3196,31.971,,31.971000000001098,False,8.56983228781657,-0.20149317983457096,-0.27579115910923735,-0.037131517027579906,nan,nan,nan,nan
3197,31.98,,31.980000000001098,False,8.573797979348875,-0.20180606448829044,-0.2708706078574481,-0.03618618791838451,nan,nan,nan,nan
3198,31.992,,31.9920000000011,False,8.578821032895057,-0.2018337437680703,-0.26236601870265436,-0.034965925128950984,nan,nan,nan,nan
3199,32.001,,32.0010000000011,False,8.583106770732758,-0.20215655991148232,-0.257793238822812,-0.03401588533717075,nan,nan,nan,nan
3200,32.01,,32.0100000000011,False,8.587106322949102,-0.20213409583308378,-0.25152053881299025,-0.033101481734110205,nan,nan,nan,nan
3201,32.022,,32.0220000000011,False,8.592895894383442,-0.20232852787004246,-0.24448102528187288,-0.03186289044146984,nan,nan,nan,nan
3202,32.031,,32.0310000000011,False,8.597011175318018,-0.20216006173026604,-0.2377817375362739,-0.03096425732797344,nan,nan,nan,nan
3203,32.04,,32.0400000000011,False,8.601562842138517,-0.20228840287039393,-0.2326330076507224,-0.030044338596426284,nan,nan,nan,nan
3204,32.052,,32.0520000000011,False,8.607320562357629,-0.20202689960295256,-0.22390552067614303,-0.028858090688057867,nan,nan,nan,nan
3205,32.061,,32.0610000000011,False,8.61213721795711,-0.2021990176187808,-0.21915708535155085,-0.0279485368840644,nan,nan,nan,nan
3206,32.07,,32.0700000000011,False,8.616621618975438,-0.20198814474975957,-0.21277962705644196,-0.027071821862105428,nan,nan,nan,nan
3207,32.082,,32.0820000000011,False,8.623008718113441,-0.2019912940008869,-0.20561856544533455,-0.025897127682773895,nan,nan,nan,nan
3208,32.091,,32.0910000000011,False,8.62751557523423,-0.20165371384354214,-0.19890356576971394,-0.025044987381933854,nan,nan,nan,nan
3209,32.1,,32.1000000000011,False,8.63242413682207,-0.20167287651816898,-0.19373310323831158,-0.02418280151048434,nan,nan,nan,nan
3210,32.112,,32.1120000000011,False,8.638580034137329,-0.2012323534353546,-0.18507935205341222,-0.02307075611462944,nan,nan,nan,nan
3211,32.121,,32.121000000001104,False,8.643650380377261,-0.20133903076030085,-0.18037470732636135,-0.02222910642348923,nan,nan,nan,nan
3212,32.13,,32.130000000001104,False,8.648335337985483,-0.20102710562961792,-0.1741181028635653,-0.021415924497902854,nan,nan,nan,nan
3213,32.142,,32.142000000001104,False,8.654924508451773,-0.200953569729748,-0.16712417641370617,-0.020336423034606546,nan,nan,nan,nan
3214,32.151,,32.151000000001105,False,8.659525447228553,-0.20053104847323802,-0.16060654361067583,-0.019552549798109633,nan,nan,nan,nan
3215,32.16,,32.160000000001105,False,8.664487767509332,-0.20052076730660862,-0.15561107234981658,-0.018767831121293863,nan,nan,nan,nan
3216,32.172,,32.172000000001105,False,8.670643274171043,-0.20000180237593973,-0.14728129644581164,-0.017754344102255546,nan,nan,nan,nan
3217,32.181,,32.181000000001106,False,8.675666755912914,-0.20011167238704075,-0.14278580923689194,-0.01699665011254613,nan,nan,nan,nan
3218,32.19,,32.190000000001106,False,8.680260429505566,-0.1997628415234258,-0.13680688150905326,-0.01626209784188932,nan,nan,nan,nan
3219,32.202,,32.20200000000111,False,8.686666447433424,-0.19968892272736152,-0.13016176660328796,-0.015295467323323774,nan,nan,nan,nan
3220,32.211,,32.21100000000111,False,8.691083645028288,-0.19923311565293159,-0.12396551373006277,-0.014592058820376761,nan,nan,nan,nan
3221,32.22,,32.22000000000111,False,8.6958249854346,-0.19923892523123068,-0.11924957917732329,-0.013895354718959137,nan,nan,nan,nan
3222,32.232,,32.23200000000111,False,8.701629439077347,-0.1986954159645063,-0.1113679815536519,-0.012993299417118617,nan,nan,nan,nan
3223,32.241,,32.24100000000111,False,8.706347992618879,-0.1988425050640501,-0.10715407595518793,-0.012327410206737796,nan,nan,nan,nan
3224,32.25,,32.25000000000111,False,8.710604759410755,-0.19848720342324908,-0.1015182436612779,-0.011678838431865228,nan,nan,nan,nan
3225,32.262,,32.26200000000111,False,8.71650934257856,-0.19844644996243954,-0.09528756699120229,-0.010832950294152205,nan,nan,nan,nan
3226,32.271,,32.27100000000111,False,8.72051756429207,-0.19797877638879796,-0.08945385792917294,-0.0102152965721639,nan,nan,nan,nan
3227,32.28,,32.28000000000111,False,8.724817850325042,-0.198017762392911,-0.08504439510845459,-0.009610516505640218,nan,nan,nan,nan
3228,32.292,,32.29200000000111,False,8.729994942545547,-0.19746824087661158,-0.07763827065329897,-0.00882443928896336,nan,nan,nan,nan
3229,32.301,,32.30100000000111,False,8.73420756244031,-0.19766194030278786,-0.07371179821636696,-0.008252232429461282,nan,nan,nan,nan
3230,32.31,,32.31000000000111,False,8.737938768846748,-0.19730740134129826,-0.06842188476434505,-0.007691330293336566,nan,nan,nan,nan
3231,32.322,,32.32200000000111,False,8.743100221883175,-0.19730448379675078,-0.06259500900109284,-0.00696685390767393,nan,nan,nan,nan
3232,32.331,,32.33100000000111,False,8.746531071161378,-0.19682604668182618,-0.05711211192594473,-0.0064351486368371645,nan,nan,nan,nan
3233,32.34,,32.34000000000111,False,8.750227108983056,-0.1968960780738976,-0.052987586560605975,-0.005921284680606822,nan,nan,nan,nan
3234,32.352,,32.35200000000111,False,8.754575215940978,-0.19633498051355439,-0.046024793241964325,-0.0052495392591383055,nan,nan,nan,nan
3235,32.361,,32.36100000000111,False,8.758136626333982,-0.1965677209191671,-0.0423516914629191,-0.004768432512759239,nan,nan,nan,nan
3236,32.37,,32.37000000000111,False,8.761208133420029,-0.1962051698109063,-0.03737362093190226,-0.004292652082632455,nan,nan,nan,nan
3237,32.382,,32.38200000000111,False,8.765456697428966,-0.19622490449089924,-0.031896346948000455,-0.0036848522625127383,nan,nan,nan,nan
3238,32.391,,32.391000000001114,False,8.768194288460187,-0.19572308239925132,-0.0267234012700172,-0.0032354627148433565,nan,nan,nan,nan
3239,32.4,,32.400000000001114,False,8.771174875473736,-0.19580934311287165,-0.02283689022521459,-0.0028078105536367476,nan,nan,nan,nan
3240,32.412,,32.412000000001115,False,8.774559833366544,-0.1952159041296014,-0.016256142032026605,-0.0022441052170848654,nan,nan,nan,nan
3241,32.421,,32.421000000001115,False,8.777374666952099,-0.1954699965018044,-0.01278471240456355,-0.0018481736107151677,nan,nan,nan,nan
3242,32.43,,32.430000000001115,False,8.779700769220623,-0.1950817295611988,-0.008069654129367828,-0.0014518070908874565,nan,nan,nan,nan
3243,32.442,,32.442000000001116,False,8.782930189893612,-0.19509880743222932,-0.0028732942052339806,-0.0009519366350959422,nan,nan,nan,nan
3244,32.451,,32.451000000001116,False,8.784904666879969,-0.19455476557111667,0.0020381527863427,-0.0005784166201256383,nan,nan,nan,nan
3245,32.46,,32.460000000001116,False,8.787104010383004,-0.19463732101943867,0.005737946070363685,-0.0002295708401841701,nan,nan,nan,nan
3246,32.472,,32.47200000000112,False,8.789450237913185,-0.19398569633822402,0.011999834620347804,0.0002357322843532355,nan,nan,nan,nan
3247,32.481,,32.48100000000112,False,8.791466336285204,-0.19424077717777513,0.015319431449812914,0.0005547944022140165,nan,nan,nan,nan
3248,32.49,,32.49000000000112,False,8.793003064347086,-0.19380743337902098,0.019816394973722264,0.0008796643400175662,nan,nan,nan,nan
3249,32.502,,32.50200000000112,False,8.795161653295729,-0.19379563874750408,0.024791831631423424,0.001283107486450598,nan,nan,nan,nan
3250,32.511,,32.51100000000112,False,8.796342525793595,-0.19319083720334407,0.029481760729791792,0.0015890825887620815,nan,nan,nan,nan
3251,32.52,,32.52000000000112,False,8.797733608997337,-0.19325067441787994,0.033035828945974705,0.0018682961780962686,nan,nan,nan,nan
3252,32.532,,32.53200000000112,False,8.799015322038665,-0.19251727827120774,0.039026452631846564,0.0022469453729562217,nan,nan,nan,nan
3253,32.541,,32.54100000000112,False,8.800217203087588,-0.192755189043958,0.042230813765720784,0.002498899333509722,nan,nan,nan,nan
3254,32.55,,32.55000000000112,False,8.800955856858165,-0.19226013407327258,0.04654069430643982,0.002761479721028003,nan,nan,nan,nan
3255,32.562,,32.56200000000112,False,8.802037940551733,-0.19219736481914745,0.0513354395697199,0.0030815305298973923,nan,nan,nan,nan
3256,32.571,,32.57100000000112,False,8.802427752723695,-0.19151676877417126,0.0558286187195491,0.0033292545431963462,nan,nan,nan,nan
3257,32.58,,32.58000000000112,False,8.80301606791106,-0.19153850549772108,0.05926227341350636,0.0035488735339642575,nan,nan,nan,nan
3258,32.592,,32.59200000000112,False,8.803249017719084,-0.1907049738157265,0.06500831201935268,0.0038535341016897495,nan,nan,nan,nan
3259,32.601,,32.60100000000112,False,8.803651759992054,-0.19091148703199828,0.06811815646775626,0.004048709225498595,nan,nan,nan,nan
3260,32.61,,32.61000000000112,False,8.803612869913671,-0.1903422049729189,0.07225640176898931,0.004258622053691398,nan,nan,nan,nan
3261,32.622,,32.62200000000112,False,8.803650831045555,-0.19021180295829343,0.07689016850185529,0.004508698461435594,nan,nan,nan,nan
3262,32.631,,32.63100000000112,False,8.803279283964219,-0.18944457134492698,0.08119648986039495,0.004707590602074878,nan,nan,nan,nan
3263,32.64,,32.64000000000112,False,8.803097028283375,-0.1894168651661819,0.08452043557069407,0.004877684791795375,nan,nan,nan,nan
3264,32.652,,32.652000000001124,False,8.802330866003636,-0.18847028728323778,0.09002999555860058,0.005120861560979269,nan,nan,nan,nan
3265,32.661,,32.661000000001124,False,8.80197447105034,-0.18863502214220246,0.09305255757875996,0.005269365367075473,nan,nan,nan,nan
3266,32.67,,32.670000000001124,False,8.801202241400713,-0.18798288703132418,0.09702185431036012,0.005435882242094102,nan,nan,nan,nan
3267,32.682,,32.682000000001125,False,8.800259211829891,-0.18777307537570315,0.10149815990507526,0.005628796249402582,nan,nan,nan,nan
3268,32.691,,32.691000000001125,False,8.799177779455022,-0.18691200669817118,0.10561621413755963,0.005787690748246877,nan,nan,nan,nan
3269,32.7,,32.700000000001125,False,8.798278547566078,-0.18682685758821746,0.10883037867793885,0.005917673096711563,nan,nan,nan,nan
3270,32.712,,32.712000000001126,False,8.796589859488112,-0.18575871786024523,0.11409837270228645,0.006110837924522397,nan,nan,nan,nan
3271,32.721,,32.721000000001126,False,8.795534118809584,-0.1858742124505926,0.11703161381599737,0.0062219290802068864,nan,nan,nan,nan
3272,32.73,,32.73000000000113,False,8.794091380499285,-0.18513351262822586,0.12082618051688246,0.006353377571373037,nan,nan,nan,nan
3273,32.742,,32.74200000000113,False,8.79225461581579,-0.18483597475337835,0.1251381640180082,0.006500585744119941,nan,nan,nan,nan
3274,32.751,,32.75100000000113,False,8.790531677074418,-0.18387640515406697,0.12905962244903968,0.006627209350342134,nan,nan,nan,nan
3275,32.76,,32.76000000000113,False,8.7889856682018,-0.1837279906703738,0.13215752604990433,0.006725339565762395,nan,nan,nan,nan
3276,32.772,,32.77200000000113,False,8.78647170511109,-0.18253260589772527,0.13717142719497163,0.006878324070442576,nan,nan,nan,nan
3277,32.781,,32.78100000000113,False,8.784791582690263,-0.18259309918462047,0.14000826721406273,0.006959987788964988,nan,nan,nan,nan
3278,32.79,,32.79000000000113,False,8.782755266605209,-0.1817598442829149,0.14361798660397343,0.007063364023689705,nan,nan,nan,nan
3279,32.802,,32.80200000000113,False,8.780130212114612,-0.18136812498352428,0.1477537242415545,0.007174495379224284,nan,nan,nan,nan
3280,32.811,,32.81100000000113,False,8.77784670567761,-0.1803067723261799,0.1514671683341092,0.00727515487507606,nan,nan,nan,nan
3281,32.82,,32.82000000000113,False,8.775736446002464,-0.18009029528724543,0.1544395820476522,0.007348252365686095,nan,nan,nan,nan
3282,32.832,,32.83200000000113,False,8.772509545198565,-0.17876336349856792,0.1591840438924806,0.007468919624351519,nan,nan,nan,nan
3283,32.841,,32.84100000000113,False,8.770291069876132,-0.17876372834958323,0.16191559420982085,0.007527649511394316,nan,nan,nan,nan
3284,32.85,,32.85000000000113,False,8.767748193933928,-0.17783465768230583,0.16532906409045783,0.0076084356554415,nan,nan,nan,nan
3285,32.862,,32.86200000000113,False,8.764453225991765,-0.1773429041518078,0.16927530817557146,0.007691087111262102,nan,nan,nan,nan
3286,32.871,,32.87100000000113,False,8.761698812729842,-0.17617701156136614,0.17276881252007617,0.007770553699489398,nan,nan,nan,nan
3287,32.88,,32.88000000000113,False,8.759115374638231,-0.17588788113414047,0.17560611227037304,0.00782390206156817,nan,nan,nan,nan
3288,32.892,,32.89200000000113,False,8.755298046620073,-0.17442551436597184,0.180065814645449,0.00791806672217602,nan,nan,nan,nan
3289,32.901,,32.90100000000113,False,8.752634688666156,-0.17436057828180396,0.18268325002971067,0.007958825401840173,nan,nan,nan,nan
3290,32.91,,32.91000000000113,False,8.74967883049079,-0.17333256930844285,0.18588948342179737,0.008020980724870558,nan,nan,nan,nan
3291,32.922,,32.922000000001134,False,8.745840631020654,-0.1727348209818158,0.18963360942983712,0.008080733201256797,nan,nan,nan,nan
3292,32.931,,32.931000000001134,False,8.742710329538477,-0.1714617153985428,0.19289601642717516,0.008142285253430746,nan,nan,nan,nan
3293,32.94,,32.940000000001135,False,8.739750010072326,-0.17109514397303321,0.1955892541955728,0.008179687202649803,nan,nan,nan,nan
3294,32.952,,32.952000000001135,False,8.735470635599663,-0.1694934467405312,0.19975011626027672,0.0082512260373903,nan,nan,nan,nan
3295,32.961,,32.961000000001135,False,8.732460123956725,-0.16935771600880345,0.20224536952051198,0.008277538965333503,nan,nan,nan,nan
3296,32.97,,32.970000000001136,False,8.729188333308858,-0.16822758403911103,0.20523438373366984,0.008323617651068082,nan,nan,nan,nan
3297,32.982,,32.982000000001136,False,8.724937834010651,-0.16751756636625503,0.2087649439930112,0.008364208780972679,nan,nan,nan,nan
3298,32.991,,32.99100000000114,False,8.721529079550319,-0.1661345767566081,0.21178617500633282,0.008409784252444673,nan,nan,nan,nan
3299,33.0,,33.00000000000114,False,8.718290487410162,-0.16568552309801066,0.21432724571666237,0.00843371791272148,nan,nan,nan,nan
3300,33.012,,33.01200000000114,False,8.71367955492545,-0.16394060402488744,0.21817654708660533,0.008484805456102622,nan,nan,nan,nan
3301,33.021,,33.02100000000114,False,8.71042108260463,-0.16372829511059095,0.22054225584874343,0.008498939135327453,nan,nan,nan,nan
3302,33.03,,33.03000000000114,False,8.706931179876642,-0.16249287919015162,0.22330498892170794,0.008530286656214726,nan,nan,nan,nan
3303,33.042,,33.04200000000114,False,8.702400004259442,-0.16166415284600447,0.22661146759166106,0.00855387700615809,nan,nan,nan,nan
3304,33.051,,33.05100000000114,False,8.698810076227971,-0.16016877079518277,0.22938231567355394,0.008584289364285472,nan,nan,nan,nan
3305,33.06,,33.06000000000114,False,8.695391573241285,-0.15963210940758973,0.23176366357918535,0.008596120881241346,nan,nan,nan,nan
3306,33.072,,33.07200000000114,False,8.690578383841908,-0.1577403613549281,0.23528965219787992,0.00862753217293003,nan,nan,nan,nan
3307,33.081,,33.08100000000114,False,8.687170148655973,-0.15744561542785598,0.23751878245975572,0.008630714968445386,nan,nan,nan,nan
3308,33.09,,33.09000000000114,False,8.683558356546614,-0.1561020251414227,0.24004674667185213,0.008647702777127217,nan,nan,nan,nan
3309,33.102,,33.10200000000114,False,8.678875690788738,-0.15514832396169084,0.24311904177318067,0.008655184497739624,nan,nan,nan,nan
3310,33.111,,33.11100000000114,False,8.675199457489667,-0.1535384817381321,0.24563081989165897,0.008670365820005658,nan,nan,nan,nan
3311,33.12,,33.12000000000114,False,8.671696905725621,-0.15290927557467696,0.24784504264113316,0.008670583778468965,nan,nan,nan,nan
3312,33.132,,33.13200000000114,False,8.666806681883585,-0.15086776271106206,0.2510364755961984,0.008682020902217438,nan,nan,nan,nan
3313,33.141,,33.14100000000114,False,8.663343716523363,-0.15048492632343702,0.25312193702945923,0.008674676214931032,nan,nan,nan,nan
3314,33.15,,33.15000000000114,False,8.659702579316937,-0.14903083515389598,0.25540690217246276,0.008676946229881004,nan,nan,nan,nan
3315,33.162,,33.16200000000114,False,8.654992415063488,-0.14794644706762797,0.2582348950789531,0.008668259045988471,nan,nan,nan,nan
3316,33.171,,33.17100000000114,False,8.651320354479363,-0.14622080822132752,0.2604791843578347,0.008667505919206606,nan,nan,nan,nan
3317,33.18,,33.180000000001144,False,8.647825129799374,-0.14549458563560372,0.26251876060014656,0.00865595511096081,nan,nan,nan,nan
3318,33.192,,33.192000000001144,False,8.642976476783998,-0.14330141254326584,0.26536464440657853,0.008646370005097962,nan,nan,nan,nan
3319,33.201,,33.201000000001144,False,8.639548733802437,-0.1428252974229457,0.26729907582624907,0.008628343304196895,nan,nan,nan,nan
3320,33.21,,33.210000000001145,False,8.635965290985267,-0.14125920040887982,0.2693329380595563,0.008615045020970722,nan,nan,nan,nan
3321,33.222,,33.222000000001145,False,8.63134399859526,-0.14003929102483983,0.2719063295173394,0.008589479183423345,nan,nan,nan,nan
3322,33.231,,33.231000000001146,False,8.627760465292898,-0.13819748432434986,0.27387493770227334,0.008571687520392467,nan,nan,nan,nan
3323,33.24,,33.240000000001146,False,8.624357710277653,-0.13737045739902548,0.27573217197236943,0.00854778976476138,nan,nan,nan,nan
3324,33.252,,33.252000000001146,False,8.619660396044383,-0.13502504444610997,0.27822179724091683,0.008515688460232327,nan,nan,nan,nan
3325,33.261,,33.26100000000115,False,8.616351065592317,-0.13445111993610284,0.27999757465344366,0.008486458589252894,nan,nan,nan,nan
3326,33.27,,33.27000000000115,False,8.612905258626359,-0.1327725149322552,0.28177244474787366,0.008456469891860045,nan,nan,nan,nan
3327,33.282,,33.28200000000115,False,8.608479617327017,-0.13141396805613625,0.2840804892040924,0.008412941449592962,nan,nan,nan,nan
3328,33.291,,33.29100000000115,False,8.605061507521569,-0.12945743353670283,0.2857651771144326,0.00837681762830447,nan,nan,nan,nan
3329,33.3,,33.30000000000115,False,8.60182941286619,-0.12852994297310233,0.2874302517305478,0.008339754404367546,nan,nan,nan,nan
3330,33.312,,33.31200000000115,False,8.597383934829763,-0.12603933600234277,0.2895495731827136,0.008283435198828666,nan,nan,nan,nan
3331,33.321,,33.32100000000115,False,8.594270636931709,-0.12537483852709913,0.2911519974538839,0.008242234778504056,nan,nan,nan,nan
3332,33.33,,33.33000000000115,False,8.591037009751362,-0.12359712338572894,0.2926522859574843,0.008194270769188779,nan,nan,nan,nan
3333,33.342,,33.34200000000115,False,8.586908609982205,-0.12212471938519633,0.29466744071625783,0.008131373240335183,nan,nan,nan,nan
3334,33.351,,33.35100000000115,False,8.583729490020827,-0.12007954349156909,0.2960456108037188,0.00807543674902639,nan,nan,nan,nan
3335,33.36,,33.36000000000115,False,8.580743696901044,-0.11908029243279632,0.2974912471124722,0.008024075520234422,nan,nan,nan,nan
3336,33.372,,33.37200000000115,False,8.576647313282228,-0.11649164652881516,0.2992022554281314,0.007941486952947005,nan,nan,nan,nan
3337,33.381,,33.38100000000115,False,8.573804662714554,-0.11577185610862437,0.30059902703012115,0.007887139755788928,nan,nan,nan,nan
3338,33.39,,33.39000000000115,False,8.570854300188415,-0.11393507947651274,0.3017931321594697,0.007819596399832627,nan,nan,nan,nan
3339,33.402,,33.40200000000115,False,8.567117927469852,-0.11239964580693246,0.3034717894788011,0.007735409097153254,nan,nan,nan,nan
3340,33.411,,33.41100000000115,False,8.564245172526071,-0.11030629848768954,0.3045126678180653,0.007657902031746718,nan,nan,nan,nan
3341,33.42,,33.42000000000115,False,8.561573620691837,-0.10927075542560441,0.3057074845106072,0.007590767451903082,nan,nan,nan,nan
3342,33.432,,33.43200000000115,False,8.557911930816225,-0.10663212109102944,0.30697274490521204,0.007479602139146021,nan,nan,nan,nan
3343,33.441,,33.441000000001154,False,8.55540461081047,-0.10588572059572268,0.3081357944184784,0.007410702251070079,nan,nan,nan,nan
3344,33.45,,33.450000000001154,False,8.552798109111707,-0.1040190385442315,0.3089999302647894,0.007321934877835072,nan,nan,nan,nan
3345,33.462,,33.462000000001154,False,8.549533767483233,-0.10245072509479228,0.3103123424393222,0.007214536137434596,nan,nan,nan,nan
3346,33.471,,33.471000000001155,False,8.547023274805424,-0.10033066974461699,0.3109986045499038,0.0071139055505299136,nan,nan,nan,nan
3347,33.48,,33.480000000001155,False,8.54472205830651,-0.09927282433508265,0.31192566853347364,0.007029723988239525,nan,nan,nan,nan
3348,33.492,,33.492000000001156,False,8.541564516416086,-0.09660151035632897,0.3127295426619675,0.006888222577281689,nan,nan,nan,nan
3349,33.501,,33.501000000001156,False,8.5394447262724,-0.09583311834457293,0.31364716048021735,0.006803764942891155,nan,nan,nan,nan
3350,33.51,,33.510000000001156,False,8.537230096758147,-0.09394194026816412,0.31417470201247827,0.00669273109384222,nan,nan,nan,nan
3351,33.522,,33.52200000000116,False,8.534500593014053,-0.09234032336407838,0.31511297543636496,0.006561037927328315,nan,nan,nan,nan
3352,33.531,,33.53100000000116,False,8.532395291951547,-0.09019383216630351,0.3154434600128054,0.0064365396654631766,nan,nan,nan,nan
3353,33.54,,33.54000000000116,False,8.530507265129128,-0.08910811811713906,0.31610036650227846,0.006334802641642264,nan,nan,nan,nan
3354,33.552,,33.55200000000116,False,8.527905616418176,-0.08639875931632728,0.3164455029309428,0.006162434550240047,nan,nan,nan,nan
3355,33.561,,33.56100000000116,False,8.526211966092452,-0.08559835001492055,0.31711742432800816,0.006062260329792298,nan,nan,nan,nan
3356,33.57,,33.57000000000116,False,8.524423709377675,-0.0836758240277674,0.3173125109406209,0.005928909491080736,nan,nan,nan,nan
3357,33.582,,33.58200000000116,False,8.522273505114406,-0.08202728981578751,0.31788047890240656,0.00577310446159895,nan,nan,nan,nan
3358,33.591,,33.59100000000116,False,8.520602653113858,-0.0798471408465644,0.31786193467381546,0.005625057452261829,nan,nan,nan,nan
3359,33.6,,33.60000000000116,False,8.519156733612908,-0.07872210508464647,0.3182523910314664,0.005506219658636016,nan,nan,nan,nan
3360,33.612,,33.61200000000116,False,8.517144261160425,-0.07596400102270677,0.3181487761699901,0.005303869977760199,nan,nan,nan,nan
3361,33.621,,33.62100000000116,False,8.515901198597742,-0.07511887606676435,0.3185784716693095,0.005188751673387633,nan,nan,nan,nan
3362,33.63,,33.63000000000116,False,8.514559852473084,-0.07315666759119195,0.31844891746108644,0.00503407124489902,nan,nan,nan,nan
3363,33.642,,33.64200000000116,False,8.513014478215881,-0.07144684620660278,0.3186538081142182,0.00485560786447769,nan,nan,nan,nan
3364,33.651,,33.65100000000116,False,8.511793328242858,-0.06922614668816447,0.318295519996908,0.004685363570201202,nan,nan,nan,nan
3365,33.66,,33.66000000000116,False,8.510804144643638,-0.06805109648458642,0.31842472677926753,0.00455078548002349,nan,nan,nan,nan
3366,33.672,,33.67200000000116,False,8.509395330793781,-0.06523537060252267,0.31788458511312,0.00432064511880554,nan,nan,nan,nan
3367,33.681,,33.68100000000116,False,8.508612863881345,-0.06433450235099863,0.3180761536106939,0.004192181622537647,nan,nan,nan,nan
3368,33.69,,33.69000000000116,False,8.507724823507477,-0.06232635804193317,0.31763083989068397,0.00401807649448829,nan,nan,nan,nan
3369,33.702,,33.70200000000116,False,8.506790645544445,-0.06054399872641535,0.31748045415423903,0.003819497243266451,nan,nan,nan,nan
3370,33.711,,33.711000000001164,False,8.506020361480576,-0.058278560564962,0.31679247991581094,0.0036292890565548363,nan,nan,nan,nan
3371,33.72,,33.720000000001164,False,8.505488150692127,-0.05704565449492017,0.3166656234167459,0.003481076183004764,nan,nan,nan,nan
3372,33.732,,33.732000000001165,False,8.504678656354423,-0.054167659195239456,0.31570164442064225,0.003226412329005993,nan,nan,nan,nan
3373,33.741,,33.741000000001165,False,8.50435231919962,-0.05320334203677627,0.3156586473166662,0.003086848333629088,nan,nan,nan,nan
3374,33.75,,33.750000000001165,False,8.503909890822205,-0.051146581121050035,0.31490641539858455,0.0028959519202760714,nan,nan,nan,nan
3375,33.762,,33.762000000001166,False,8.503574196012924,-0.04928538421392634,0.3144077754122117,0.002680628169435875,nan,nan,nan,nan
3376,33.771,,33.771000000001166,False,8.50324199800025,-0.04697492888774101,0.31339997414511217,0.002473368604708433,nan,nan,nan,nan
3377,33.78,,33.780000000001166,False,8.503152740491293,-0.045680268527262285,0.3130213466743896,0.0023141668412039254,nan,nan,nan,nan
3378,33.792,,33.79200000000117,False,8.502919691349447,-0.04274074924805063,0.31164558406359427,0.002039042407235102,nan,nan,nan,nan
3379,33.801,,33.80100000000117,False,8.503030751762669,-0.041709283252560514,0.31137035549734304,0.001891059307320473,nan,nan,nan,nan
3380,33.81,,33.81000000000117,False,8.50301243869133,-0.039605238089255417,0.31031937791772635,0.0016865204880675585,nan,nan,nan,nan
3381,33.822,,33.82200000000117,False,8.503243838123609,-0.03766410877037664,0.309478088741748,0.0014583724783925392,nan,nan,nan,nan
3382,33.831,,33.83100000000117,False,8.503323379751274,-0.03531215694431879,0.30815974475361313,0.0012374414256689796,nan,nan,nan,nan
3383,33.84,,33.84000000000117,False,8.503649177264396,-0.03395546350224153,0.30753252944595577,0.001070232327429804,nan,nan,nan,nan
3384,33.852,,33.85200000000117,False,8.503951765385361,-0.030959738848402606,0.3057562560919745,0.0007792329612213344,nan,nan,nan,nan
3385,33.861,,33.86100000000117,False,8.50446768117647,-0.029860592468916463,0.30524997908222995,0.0006257553685449617,nan,nan,nan,nan
3386,33.87,,33.87000000000117,False,8.504838710389865,-0.027713552514691115,0.3039079008346625,0.00041104453670651387,nan,nan,nan,nan
3387,33.882,,33.88200000000117,False,8.505587875662478,-0.025694951360767777,0.3027285279935774,0.00017429704813087045,nan,nan,nan,nan
3388,33.891,,33.89100000000117,False,8.50603986447416,-0.023307404352714684,0.30110869165378895,-5.663981331727289e-05,nan,nan,nan,nan
3389,33.9,,33.90000000000117,False,8.506739572320546,-0.02189051334169441,0.30023541536402765,-0.00022870734136584537,nan,nan,nan,nan
3390,33.912,,33.91200000000117,False,8.507519989603104,-0.018846320424304636,0.2980697517071985,-0.0005306954872138925,nan,nan,nan,nan
3391,33.921,,33.92100000000117,False,8.508395126367416,-0.01768047721370869,0.2973330237821732,-0.0006866496092927663,nan,nan,nan,nan
3392,33.93,,33.93000000000117,False,8.509108228072904,-0.01549599180880812,0.29570749696556625,-0.0009078915939244368,nan,nan,nan,nan
3393,33.948,,33.94800000000117,False,8.510866945297225,-0.012013105544874454,0.2931134815893687,-0.0012924436890439117,nan,nan,nan,nan
3394,33.951,,33.95100000000117,False,8.511082048189197,-0.010987137725199233,0.29228233272978893,-0.0013860215092128345,nan,nan,nan,nan
3395,33.96,,33.96000000000117,False,8.512102171412478,-0.009512363923854258,0.29116541265931983,-0.001559753372784535,nan,nan,nan,nan
3396,33.972,,33.972000000001174,False,8.513292499166424,-0.006423929484777935,0.2886191061805437,-0.001867721487670632,nan,nan,nan,nan
3397,33.981,,33.981000000001174,False,8.514474502546511,-0.005178743312855412,0.28764285961163055,-0.002023178656403731,nan,nan,nan,nan
3398,33.99,,33.990000000001174,False,8.515475123273927,-0.0029425743081350816,0.2857284069606115,-0.002247323659265369,nan,nan,nan,nan
3399,34.002,,34.002000000001175,False,8.51704997570235,-0.0007496476368712376,0.28386518956593576,-0.002488428175077091,nan,nan,nan,nan
3400,34.011,,34.011000000001175,False,8.518084035068462,0.0017121160462702774,0.2816555863486602,-0.002728102564929086,nan,nan,nan,nan
3401,34.02,,34.020000000001176,False,8.51936147489807,0.0032627758752879657,0.2802839778233416,-0.0029006237146191826,nan,nan,nan,nan
3402,34.032,,34.032000000001176,False,8.520864181192122,0.006400651875805308,0.27736115294707586,-0.003209962645172045,nan,nan,nan,nan
3403,34.041,,34.041000000001176,False,8.522274202746205,0.007706801302905534,0.2761586190466616,-0.0033623261881692563,nan,nan,nan,nan
3404,34.05,,34.05000000000118,False,8.5234852922093,0.009954788899650964,0.27398797273122316,-0.0035859610173394475,nan,nan,nan,nan
3405,34.062,,34.06200000000118,False,8.525330630598436,0.012183265273747305,0.2718226056744904,-0.0038231224952300215,nan,nan,nan,nan
3406,34.071,,34.07100000000118,False,8.526549058853123,0.014633607930109942,0.269361301135437,-0.004061488717315915,nan,nan,nan,nan
3407,34.08,,34.08000000000118,False,8.528005697015006,0.01620969900546624,0.2677723115463513,-0.004229573985458192,nan,nan,nan,nan
3408,34.092,,34.09200000000118,False,8.529723093586307,0.01933799855074462,0.2645234396481576,-0.004534873763972199,nan,nan,nan,nan
3409,34.101,,34.10100000000118,False,8.531286813473343,0.02068686471667846,0.2631094647368498,-0.00468089309861755,nan,nan,nan,nan
3410,34.11,,34.11000000000118,False,8.53263385267967,0.022940390347433517,0.26069509969560345,-0.00489989114907859,nan,nan,nan,nan
3411,34.122,,34.12200000000118,False,8.534646221285355,0.025220427975277866,0.2582236962367479,-0.005128318218680792,nan,nan,nan,nan
3412,34.131,,34.13100000000118,False,8.53597122701979,0.027679047604860712,0.2555072473989593,-0.005361123099984732,nan,nan,nan,nan
3413,34.14,,34.14000000000118,False,8.537526189507462,0.029310704037296794,0.2536851103723146,-0.00552141870306176,nan,nan,nan,nan
3414,34.152,,34.15200000000118,False,8.539350366056672,0.0324691953135163,0.25009539684124055,-0.005817398588429017,nan,nan,nan,nan
3415,34.161,,34.16100000000118,False,8.540983305201422,0.03389560524971239,0.2484490426569718,-0.005954218806152847,nan,nan,nan,nan
3416,34.17,,34.17000000000118,False,8.542382735936563,0.03618289254738007,0.2457798244564375,-0.006164969789329109,nan,nan,nan,nan
3417,34.182,,34.18200000000118,False,8.544447126434282,0.0385500409361455,0.24298383548506539,-0.006380764935422442,nan,nan,nan,nan
3418,34.191,,34.19100000000118,False,8.545793228207739,0.04103451267055967,0.24000906630873625,-0.006604458344300615,nan,nan,nan,nan
3419,34.2,,34.20000000000118,False,8.547358051457433,0.042738558892480794,0.23794548737001203,-0.006754358600765985,nan,nan,nan,nan
3420,34.212,,34.21200000000118,False,8.549172193204164,0.045937261992675664,0.23401876946284428,-0.007036649518624318,nan,nan,nan,nan
3421,34.221,,34.22100000000118,False,8.550783285850722,0.04744869861287516,0.2321364940899086,-0.0071620687615387355,nan,nan,nan,nan
3422,34.23,,34.23000000000118,False,8.552145842075364,0.04976929977134299,0.22922027276453041,-0.007361506252537272,nan,nan,nan,nan
3423,34.242,,34.242000000001184,False,8.554139969325847,0.05222264200675653,0.22610571160933912,-0.00756138867495486,nan,nan,nan,nan
3424,34.251,,34.251000000001184,False,8.555417071486643,0.0547266223921805,0.22288626229883704,-0.007772761051390518,nan,nan,nan,nan
3425,34.26,,34.260000000001185,False,8.556898718841289,0.05650019013520371,0.22058699490090966,-0.007909945781621255,nan,nan,nan,nan
3426,34.272,,34.272000000001185,False,8.558580961758327,0.05973023629873527,0.2163415387126601,-0.008174429694403422,nan,nan,nan,nan
3427,34.281,,34.281000000001185,False,8.56007539425956,0.06132569039184391,0.21422663964437746,-0.008286394379633365,nan,nan,nan,nan
3428,34.29,,34.290000000001186,False,8.561308821898194,0.063675137638053,0.2110753360291943,-0.008471543795871202,nan,nan,nan,nan
3429,34.302,,34.302000000001186,False,8.563106688595836,0.06621445304036018,0.20764915205753146,-0.008652331084275966,nan,nan,nan,nan
3430,34.311,,34.31100000000119,False,8.564222641338253,0.06873561832850827,0.20419694823509513,-0.00884822558933962,nan,nan,nan,nan
3431,34.32,,34.32000000000119,False,8.565526061225887,0.07058207886713966,0.20166399798160448,-0.008970438276834644,nan,nan,nan,nan
3432,34.332,,34.33200000000119,False,8.566952788758062,0.07384484846667903,0.1971114974683614,-0.009213090513118406,nan,nan,nan,nan
3433,34.341,,34.34100000000119,False,8.568234501027007,0.07553166850921378,0.19476120214692835,-0.009309640150839057,nan,nan,nan,nan
3434,34.35,,34.35000000000119,False,8.569245983828507,0.07791361060474088,0.1913807060354017,-0.009477636471617451,nan,nan,nan,nan
3435,34.362,,34.36200000000119,False,8.570721161527933,0.08054857162586163,0.18764173231707673,-0.009636321371949422,nan,nan,nan,nan
3436,34.371,,34.37100000000119,False,8.571584169481325,0.08309079388913762,0.18396330170391642,-0.009813737486416143,nan,nan,nan,nan
3437,34.38,,34.38000000000119,False,8.572614772526816,0.0850186485734396,0.1811935549515224,-0.009918887782031328,nan,nan,nan,nan
3438,34.392,,34.39200000000119,False,8.573663874381756,0.08832037482966469,0.17634021286994558,-0.01013593459947283,nan,nan,nan,nan
3439,34.401,,34.40100000000119,False,8.574638099387082,0.09010837191559856,0.173748053528953,-0.01021529321731218,nan,nan,nan,nan
3440,34.41,,34.41000000000119,False,8.575336750846512,0.09252781351599781,0.17014147668275556,-0.010363473063502347,nan,nan,nan,nan
3441,34.422,,34.42200000000119,False,8.576365806520833,0.09526880560291415,0.16608538246352683,-0.010497302567999947,nan,nan,nan,nan
3442,34.431,,34.43100000000119,False,8.576886964248436,0.09783572157946607,0.16218561214798802,-0.010653443159342527,nan,nan,nan,nan
3443,34.44,,34.44000000000119,False,8.577553255386407,0.09985304452211415,0.15917428117348562,-0.010739616832375303,nan,nan,nan,nan
3444,34.452,,34.45200000000119,False,8.57810759534873,0.10319899674928988,0.15402466676089363,-0.010927534513868643,nan,nan,nan,nan
3445,34.461,,34.46100000000119,False,8.578683578016767,0.10509748494034366,0.15118261776010927,-0.0109880712701974,nan,nan,nan,nan
3446,34.473,,34.47300000000119,False,8.578975585840826,0.10862476831680805,0.145648365797398,-0.01118498862063002,nan,nan,nan,nan
3447,34.482,,34.48200000000119,False,8.579449263692197,0.11041618011135325,0.1429720572278765,-0.01122032801824419,nan,nan,nan,nan
3448,34.491,,34.49100000000119,False,8.579545257550393,0.11301148740029862,0.13885428489055807,-0.011352542268556623,nan,nan,nan,nan
3449,34.5,,34.500000000001194,False,8.579762610951349,0.11512960641078349,0.13559041377229705,-0.011417920160736703,nan,nan,nan,nan
3450,34.512,,34.512000000001194,False,8.579714908159323,0.11852954228874674,0.13014149808205502,-0.011573363878331229,nan,nan,nan,nan
3451,34.521,,34.521000000001195,False,8.579809476605124,0.12054737200576114,0.1270421315887031,-0.011613528462158193,nan,nan,nan,nan
3452,34.53,,34.530000000001195,False,8.579631522351177,0.12305195403370026,0.12299417145935045,-0.011714677821519446,nan,nan,nan,nan
3453,34.542,,34.542000000001195,False,8.579429109481175,0.12602901503437208,0.11829488957790638,-0.01179108701979778,nan,nan,nan,nan
3454,34.551,,34.551000000001196,False,8.57902537297325,0.12865044207169007,0.11397186119073659,-0.011896739544680537,nan,nan,nan,nan
3455,34.56,,34.560000000001196,False,8.578715390164499,0.13086708540576006,0.11046528583679156,-0.011939425295842084,nan,nan,nan,nan
3456,34.572,,34.572000000001196,False,8.577967565703457,0.13431373534296506,0.10473844358301779,-0.012058878215112662,nan,nan,nan,nan
3457,34.581,,34.5810000000012,False,8.57750564247681,0.13646183947986773,0.10136880125160999,-0.012076850786851745,nan,nan,nan,nan
3458,34.59,,34.5900000000012,False,8.576780760540736,0.1390224662254755,0.09708987929990762,-0.01215069651812086,nan,nan,nan,nan
3459,34.602,,34.6020000000012,False,8.575817267137337,0.14214913686909536,0.09203033655996619,-0.012194362138074413,nan,nan,nan,nan
3460,34.611,,34.6110000000012,False,8.57484987862397,0.14481790652315127,0.08747512347721374,-0.012270835510539164,nan,nan,nan,nan
3461,34.62,,34.6200000000012,False,8.573948498292182,0.14716333293659628,0.08368225198805786,-0.012288979320709678,nan,nan,nan,nan
3462,34.632,,34.6320000000012,False,8.572422206034718,0.15068977420387994,0.07763366981074431,-0.012369308230418086,nan,nan,nan,nan
3463,34.641,,34.6410000000012,False,8.571343769722708,0.15299280861822195,0.07395819091202051,-0.0123635926587624,nan,nan,nan,nan
3464,34.65,,34.6500000000012,False,8.570017576586764,0.1556229023019124,0.06943267923407499,-0.012407975663535032,nan,nan,nan,nan
3465,34.662,,34.6620000000012,False,8.568221233566117,0.15891449886633394,0.06399369225807636,-0.012416552715314893,nan,nan,nan,nan
3466,34.671,,34.6710000000012,False,8.566641991631286,0.16163268408286985,0.059208564053940795,-0.012461494687003185,nan,nan,nan,nan
3467,34.68,,34.6800000000012,False,8.565100526124136,0.16411188243577335,0.055124549745323645,-0.012453280179679563,nan,nan,nan,nan
3468,34.692,,34.6920000000012,False,8.562738355758093,0.16771538798418512,0.0487650828747857,-0.012491247470332145,nan,nan,nan,nan
3469,34.701,,34.7010000000012,False,8.56100016462262,0.1701772898815256,0.044779627003888045,-0.012459962814260058,nan,nan,nan,nan
3470,34.71,,34.7100000000012,False,8.559035313626913,0.17287478455213104,0.04001517062620954,-0.012472321829332007,nan,nan,nan,nan
3471,34.722,,34.7220000000012,False,8.55635834376353,0.1763350077771967,0.03419450565250089,-0.012442694801236748,nan,nan,nan,nan
3472,34.731,,34.7310000000012,False,8.554137367410512,0.17910150017037196,0.02918575412004597,-0.012453213450207095,nan,nan,nan,nan
3473,34.74,,34.7400000000012,False,8.551926440691878,0.18172095186334,0.024802367989026082,-0.012416143371142826,nan,nan,nan,nan
3474,34.752,,34.7520000000012,False,8.54869715721896,0.185405297222372,0.01813101553376467,-0.01240774871841176,nan,nan,nan,nan
3475,34.761,,34.761000000001204,False,8.546276839232629,0.1880379100327127,0.013817521658580311,-0.012348313397261664,nan,nan,nan,nan
3476,34.77,,34.770000000001204,False,8.543656921148862,0.19080930525664888,0.00880651896153018,-0.012325550869871431,nan,nan,nan,nan
3477,34.782,,34.782000000001204,False,8.540080937235066,0.19445404101432537,0.0025799147894067604,-0.01225381785866235,nan,nan,nan,nan
3478,34.791,,34.791000000001205,False,8.537210582167528,0.19727587065482707,-0.0026614751029406854,-0.012226593387686469,nan,nan,nan,nan
3479,34.8,,34.800000000001205,False,8.534324276276807,0.20004961291812337,-0.007367151164317082,-0.012157621848595623,nan,nan,nan,nan
3480,34.812,,34.812000000001206,False,8.53022820976124,0.2038259133261056,-0.014367025698812392,-0.012098341815813374,nan,nan,nan,nan
3481,34.821,,34.821000000001206,False,8.5271285982991,0.20664534315701094,-0.019036624161088596,-0.012007608196664786,nan,nan,nan,nan
3482,34.83,,34.830000000001206,False,8.523862322918978,0.2094993097509444,-0.02430856305224126,-0.011946229916756023,nan,nan,nan,nan
3483,34.842,,34.84200000000121,False,8.519404188892556,0.2133455174340286,-0.03097164351917585,-0.011827797185616938,nan,nan,nan,nan
3484,34.851,,34.85100000000121,False,8.515903322069322,0.21622861269363564,-0.036456320618716696,-0.01175912679035826,nan,nan,nan,nan
3485,34.86,,34.86000000000121,False,8.512363723447464,0.2191690896346952,-0.04150803776777005,-0.011654620957506448,nan,nan,nan,nan
3486,34.872,,34.87200000000121,False,8.507438668117212,0.223044579355732,-0.048851173295615134,-0.011539327182431235,nan,nan,nan,nan
3487,34.881,,34.88100000000121,False,8.503692551926099,0.22606407555203684,-0.053903538846161225,-0.011413431025029806,nan,nan,nan,nan
3488,34.89,,34.89000000000121,False,8.499818308409989,0.22900563317756062,-0.05944793510211228,-0.011309401612728656,nan,nan,nan,nan
3489,34.902,,34.90200000000121,False,8.49453652150055,0.23306577367849582,-0.06657468776847893,-0.01113872064901559,nan,nan,nan,nan
3490,34.911,,34.91100000000121,False,8.490455151092013,0.23601231489470628,-0.07231000590054625,-0.01102433900424779,nan,nan,nan,nan
3491,34.92,,34.92000000000121,False,8.486660267652562,0.2391189974912119,-0.07772620034996754,-0.01087974761773793,nan,nan,nan,nan
3492,34.932,,34.93200000000121,False,8.48233542530387,0.24305484537577254,-0.08540945379642198,-0.010701991722295657,nan,nan,nan,nan
3493,34.941,,34.94100000000121,False,8.47954893115245,0.24623414995873757,-0.09085147395276645,-0.010535536205001654,nan,nan,nan,nan
3494,34.95,,34.95000000000121,False,8.477036494195252,0.24919852319065913,-0.09665201743021984,-0.010383314490012015,nan,nan,nan,nan
3495,34.962,,34.96200000000121,False,8.474005628108616,0.2533690431735209,-0.10422212654994657,-0.010152278582947014,nan,nan,nan,nan
3496,34.971,,34.97100000000121,False,8.47190952670235,0.25627773493093087,-0.1101697351133509,-0.00998599225725106,nan,nan,nan,nan
3497,34.98,,34.98000000000121,False,8.469908878947866,0.25946416821147633,-0.11592617270892303,-0.00979470705297332,nan,nan,nan,nan
3498,34.992,,34.99200000000121,False,8.467329892900793,0.2633756397797512,-0.12390615380642563,-0.009546327197269378,nan,nan,nan,nan
3499,35.001,,35.00100000000121,False,8.46540713766305,0.2666895532257456,-0.12973115302471003,-0.009332855742401915,nan,nan,nan,nan
3500,35.01,,35.01000000000121,False,8.463493828254116,0.26966916598722906,-0.135771599210614,-0.009126639363687739,nan,nan,nan,nan
3501,35.022,,35.02200000000121,False,8.460869968490103,0.2739879167401127,-0.14379127485500456,-0.008827299936066377,nan,nan,nan,nan
3502,35.031,,35.031000000001214,False,8.458871693392009,0.27691176849520927,-0.1499533630975695,-0.0086039145791369,nan,nan,nan,nan
3503,35.04,,35.040000000001214,False,8.456786783010628,0.2802556159624766,-0.156076671189079,-0.008360170851895945,nan,nan,nan,nan
3504,35.052,,35.052000000001215,False,8.45393346147136,0.2842476507043959,-0.16437812983901998,-0.00803433268381011,nan,nan,nan,nan
3505,35.061,,35.061000000001215,False,8.451668304605299,0.2877909876372217,-0.17063001533562266,-0.00776777407901406,nan,nan,nan,nan
3506,35.07,,35.070000000001215,False,8.449368139778558,0.2908754015774518,-0.17694171660185587,-0.007502349038732796,nan,nan,nan,nan
3507,35.082,,35.082000000001216,False,8.446138141988023,0.29546386154983934,-0.18546275100141504,-0.007126915614218156,nan,nan,nan,nan
3508,35.091,,35.091000000001216,False,8.443671777775513,0.2984805762165838,-0.1918623300145113,-0.006841442477746637,nan,nan,nan,nan
3509,35.1,,35.10000000000122,False,8.44109338192275,0.302038234414921,-0.19834924839178134,-0.006539220303250093,nan,nan,nan,nan
3510,35.112,,35.11200000000122,False,8.437609134381848,0.30614580792669044,-0.20691765729154946,-0.006129261598650974,nan,nan,nan,nan
3511,35.121,,35.12100000000122,False,8.434879890817477,0.309884846492429,-0.21346509246478088,-0.005803315712424183,nan,nan,nan,nan
3512,35.13,,35.13000000000122,False,8.432159786915472,0.3130019358759555,-0.21986470848518916,-0.005473809432051335,nan,nan,nan,nan
3513,35.142,,35.14200000000122,False,8.428423923221631,0.31765954398519025,-0.22847764931896272,-0.005014867687205448,nan,nan,nan,nan
3514,35.151,,35.15100000000122,False,8.425640570051527,0.32056207856956825,-0.23472340992303334,-0.0046633421733156535,nan,nan,nan,nan
3515,35.16,,35.16000000000122,False,8.422790934941364,0.3240628885191362,-0.24108154381625924,-0.00429749142125022,nan,nan,nan,nan
3516,35.172,,35.17200000000122,False,8.419036305019526,0.32786272839319913,-0.24916646136781498,-0.003799107447979807,nan,nan,nan,nan
3517,35.181,,35.18100000000122,False,8.416167475180618,0.3314348241112873,-0.25537873989741355,-0.003409252787736933,nan,nan,nan,nan
3518,35.19,,35.19000000000122,False,8.413370321490316,0.3342021921097665,-0.2612074852551332,-0.0030135640614411207,nan,nan,nan,nan
3519,35.202,,35.20200000000122,False,8.409622972102358,0.33840412220365923,-0.2690201296124366,-0.0024680340550762136,nan,nan,nan,nan
3520,35.211,,35.21100000000122,False,8.406900127170303,0.3407988771876462,-0.27444748903543653,-0.002050797071424253,nan,nan,nan,nan
3521,35.22,,35.22000000000122,False,8.404171615321797,0.34385826110439893,-0.28003449846532474,-0.0016209797934783202,nan,nan,nan,nan
3522,35.232,,35.23200000000122,False,8.400664468723676,0.3468642490227488,-0.2868288524891409,-0.0010377673689862634,nan,nan,nan,nan
3523,35.241,,35.24100000000122,False,8.398052840343487,0.34993064264127893,-0.2921520761686979,-0.0005861874094530298,nan,nan,nan,nan
3524,35.25,,35.25000000000122,False,8.395561785925993,0.3520392498876409,-0.29690803436918217,-0.00012992645590411051,nan,nan,nan,nan
3525,35.262,,35.26200000000122,False,8.392312879137476,0.35542218684429827,-0.30334297798231274,0.0004938364959609902,nan,nan,nan,nan
3526,35.271,,35.27100000000122,False,8.390014942613135,0.3570779681199733,-0.30759180103538936,0.0009668833191751574,nan,nan,nan,nan
3527,35.28,,35.28000000000122,False,8.387771149450193,0.35949831011463484,-0.31211216959458526,0.0014509091418887549,nan,nan,nan,nan
3528,35.292,,35.292000000001224,False,8.384970062660415,0.3615028856829406,-0.3173208139824298,0.0021009219601391565,nan,nan,nan,nan
3529,35.301,,35.301000000001224,False,8.3829567674789,0.36394351312627665,-0.32160341758040456,0.002600868495372118,nan,nan,nan,nan
3530,35.31,,35.310000000001224,False,8.381091149560312,0.36530620034676065,-0.325191910750238,0.003100554880654217,nan,nan,nan,nan
3531,35.322,,35.322000000001225,False,8.378757122793319,0.36779394052937364,-0.3302003987874092,0.003778722787328948,nan,nan,nan,nan
3532,35.331,,35.331000000001225,False,8.377173747505365,0.36868405510227376,-0.3332867016822708,0.004286062713458261,nan,nan,nan,nan
3533,35.34,,35.340000000001226,False,8.37570150665176,0.37045611792093114,-0.33679264625303335,0.004803188992795814,nan,nan,nan,nan
3534,35.352,,35.352000000001226,False,8.373960524786987,0.3714777556971322,-0.34053584290758276,0.0054872881319637445,nan,nan,nan,nan
3535,35.361,,35.361000000001226,False,8.372808267621208,0.37331874227863693,-0.3438948794506071,0.006011818796854282,nan,nan,nan,nan
3536,35.37,,35.37000000000123,False,8.371809510513751,0.37397707250297285,-0.3464547526437414,0.00652787608363441,nan,nan,nan,nan
3537,35.382,,35.38200000000123,False,8.370704341451729,0.375635491311241,-0.35024224493606515,0.007224447507129627,nan,nan,nan,nan
3538,35.391,,35.39100000000123,False,8.370050218955326,0.3758215827027095,-0.35233482940039423,0.007736258748631527,nan,nan,nan,nan
3539,35.4,,35.40000000000123,False,8.369563085244923,0.37700788609993185,-0.35499879519965066,0.008257858701274502,nan,nan,nan,nan
3540,35.412,,35.41200000000123,False,8.369141527365942,0.37714227446475695,-0.35751672334415874,0.008934564932821578,nan,nan,nan,nan
3541,35.421,,35.42100000000123,False,8.36904410385937,0.37845314909001476,-0.36013007946091113,0.009454280523133502,nan,nan,nan,nan
3542,35.43,,35.43000000000123,False,8.369087104906118,0.3784845615652329,-0.36184310695958843,0.009954895970737445,nan,nan,nan,nan
3543,35.442,,35.44200000000123,False,8.36943865138106,0.3794145789144721,-0.36464584215849816,0.0106287942254804,nan,nan,nan,nan
3544,35.451,,35.45100000000123,False,8.369866590008469,0.3789789468608125,-0.3659229879731897,0.011112451502170106,nan,nan,nan,nan
3545,35.46,,35.46000000000123,False,8.370517699834874,0.3796562926856055,-0.3679148779849084,0.011607843861880903,nan,nan,nan,nan
3546,35.472,,35.47200000000123,False,8.371597427543675,0.37901364078386673,-0.36943350551655074,0.012234227827962822,nan,nan,nan,nan
3547,35.481,,35.48100000000123,False,8.37269187089143,0.3798690653992269,-0.37145876954344437,0.012719416658922704,nan,nan,nan,nan
3548,35.49,,35.49000000000123,False,8.37389690446648,0.37935457482311946,-0.3724827877922423,0.013173266199841004,nan,nan,nan,nan
3549,35.502,,35.50200000000123,False,8.375861558041727,0.37965613242604623,-0.37449652809606343,0.01378501291806474,nan,nan,nan,nan
3550,35.511,,35.51100000000123,False,8.377472856292838,0.3786783879527553,-0.37510294327564836,0.014209925078574383,nan,nan,nan,nan
3551,35.52,,35.52000000000123,False,8.37936424927635,0.3789167585533941,-0.3765538244656495,0.014650917291046124,nan,nan,nan,nan
3552,35.532,,35.53200000000123,False,8.382061204211361,0.37759576059229094,-0.3772440756201673,0.015188366041019159,nan,nan,nan,nan
3553,35.541,,35.54100000000123,False,8.384435186981815,0.3780571767270553,-0.3787920130727226,0.015612943174724484,nan,nan,nan,nan
3554,35.55,,35.55000000000123,False,8.386874773566003,0.3770636249964972,-0.3792369114865482,0.01599293660288624,nan,nan,nan,nan
3555,35.562,,35.562000000001234,False,8.39054522497836,0.3768131769334198,-0.38058813259847474,0.016509148172699835,nan,nan,nan,nan
3556,35.571,,35.571000000001234,False,8.393394839062811,0.375354201016632,-0.38061540723219556,0.016849862689447107,nan,nan,nan,nan
3557,35.58,,35.580000000001235,False,8.396581672666938,0.37520191703526423,-0.3815999479020454,0.017213495351944427,nan,nan,nan,nan
3558,35.592,,35.592000000001235,False,8.400950786425714,0.3732718934159571,-0.38155750878180134,0.017631011945725198,nan,nan,nan,nan
3559,35.601,,35.601000000001235,False,8.404645316775058,0.3733762136988712,-0.3826799053756968,0.017974579716556013,nan,nan,nan,nan
3560,35.61,,35.610000000001236,False,8.408346625741315,0.3719467030377214,-0.38259819692723185,0.01825972087993446,nan,nan,nan,nan
3561,35.622,,35.622000000001236,False,8.41375413346553,0.37118786301322326,-0.3833365019908379,0.018655112603205078,nan,nan,nan,nan
3562,35.631,,35.63100000000124,False,8.417852100389219,0.3692851992641801,-0.38282123487570785,0.018892584994952808,nan,nan,nan,nan
3563,35.64,,35.64000000000124,False,8.42234349135525,0.36876674781879437,-0.38335946813866606,0.01916209149753989,nan,nan,nan,nan
3564,35.652,,35.65200000000124,False,8.42837965120806,0.3662679151268757,-0.3826124125738987,0.019437310306451086,nan,nan,nan,nan
3565,35.661,,35.66100000000124,False,8.433389274688905,0.3660303699236197,-0.38331190888953254,0.01968560153840764,nan,nan,nan,nan
3566,35.67,,35.67000000000124,False,8.438334410913269,0.36418875943950124,-0.3827115473036153,0.019861317170288002,nan,nan,nan,nan
3567,35.682,,35.68200000000124,False,8.445448840662145,0.36294104741763705,-0.3828313012253588,0.020118827612819263,nan,nan,nan,nan
3568,35.691,,35.69100000000124,False,8.450760455922227,0.3606168621448469,-0.38177400185014804,0.020240401502309366,nan,nan,nan,nan
3569,35.7,,35.70000000000124,False,8.456519444885972,0.3597421965484161,-0.38185239348298744,0.020404999650552536,nan,nan,nan,nan
3570,35.712,,35.71200000000124,False,8.464157788033859,0.35669906371169025,-0.3803914212080787,0.020523814491904428,nan,nan,nan,nan
3571,35.721,,35.72100000000124,False,8.47043066545496,0.3561242077845112,-0.3806456724268937,0.020668242612618563,nan,nan,nan,nan
3572,35.73,,35.73000000000124,False,8.476557097842976,0.35388616725380284,-0.37951460057040276,0.020725921072259013,nan,nan,nan,nan
3573,35.742,,35.74200000000124,False,8.485287557850715,0.35216015264334793,-0.3789881782552116,0.02083596451468605,nan,nan,nan,nan
3574,35.751,,35.75100000000124,False,8.491734240267842,0.3494322721717625,-0.37737783005297326,0.020834807604093397,nan,nan,nan,nan
3575,35.76,,35.76000000000124,False,8.498678659043762,0.3482078917540438,-0.37697358189124125,0.02088905818041977,nan,nan,nan,nan
3576,35.772,,35.77200000000124,False,8.507796290907393,0.3446431659159672,-0.3747830042140765,0.020844793882153826,nan,nan,nan,nan
3577,35.781,,35.78100000000124,False,8.515235535117581,0.3437351256761346,-0.374567106342168,0.020881773044423516,nan,nan,nan,nan
3578,35.79,,35.79000000000124,False,8.522437857417485,0.3411175682503283,-0.3728943066512911,0.020818127561678428,nan,nan,nan,nan
3579,35.802,,35.80200000000124,False,8.532309437660805,0.33894018877933657,-0.371713125612393,0.02077860640610162,nan,nan,nan,nan
3580,35.811,,35.81100000000124,False,8.538907478153586,0.33586668086770693,-0.36958544642754115,0.020655567537827865,nan,nan,nan,nan
3581,35.82,,35.820000000001244,False,8.545657345668987,0.3343589081364315,-0.36874469113147035,0.02060259294212338,nan,nan,nan,nan
3582,35.832,,35.832000000001244,False,8.553979244917516,0.33039951134179496,-0.3659301034583996,0.020402147095089678,nan,nan,nan,nan
3583,35.841,,35.841000000001245,False,8.560676027925515,0.32925560944479293,-0.36532718953106286,0.020338919432048626,nan,nan,nan,nan
3584,35.85,,35.850000000001245,False,8.566951134634664,0.3263765231948759,-0.3632202236865227,0.020162615015198518,nan,nan,nan,nan
3585,35.862,,35.862000000001245,False,8.575885809444413,0.32387940901158646,-0.3615018432918798,0.019985447063615134,nan,nan,nan,nan
3586,35.871,,35.871000000001246,False,8.582344325718628,0.3205172798871741,-0.3589016280250761,0.019747265499257222,nan,nan,nan,nan
3587,35.88,,35.880000000001246,False,8.589458097276669,0.31873406857510794,-0.35761618038287263,0.019592025889366118,nan,nan,nan,nan
3588,35.892,,35.89200000000125,False,8.598719097549177,0.3143477801364647,-0.3541223547172838,0.019239965006061684,nan,nan,nan,nan
3589,35.901,,35.90100000000125,False,8.60651492736714,0.312894481760365,-0.3530372865662132,0.019078176706166062,nan,nan,nan,nan
3590,35.91,,35.91000000000125,False,8.614029659217481,0.3096626355314163,-0.3503830517437427,0.018790062429864172,nan,nan,nan,nan
3591,35.922,,35.92200000000125,False,8.624925421245637,0.30668904326909124,-0.3479384048504476,0.018475279257794276,nan,nan,nan,nan
3592,35.931,,35.93100000000125,False,8.632934354519142,0.3029349869188387,-0.3447402594966146,0.018123250542161535,nan,nan,nan,nan
3593,35.94,,35.94000000000125,False,8.64174596204341,0.3007667817361527,-0.34287745544022774,0.017867003999626412,nan,nan,nan,nan
3594,35.952,,35.95200000000125,False,8.653283027671277,0.29583492117795424,-0.3385581302432857,0.017366642711639124,nan,nan,nan,nan
3595,35.961,,35.96100000000125,False,8.662894064535942,0.29398325194103125,-0.33688044887176705,0.017108372433165736,nan,nan,nan,nan
3596,35.97,,35.97000000000125,False,8.672167238191756,0.2903391257528242,-0.33360128470862166,0.01671191090428198,nan,nan,nan,nan
3597,35.982,,35.98200000000125,False,8.68545609715792,0.28682887533114176,-0.3303472572288202,0.016264026600076763,nan,nan,nan,nan
3598,35.991,,35.99100000000125,False,8.69518162426794,0.28267408466358496,-0.3265295958876506,0.015803134780353428,nan,nan,nan,nan
3599,36.0,,36.00000000000125,False,8.705738008983344,0.28012202866447017,-0.3240785370354705,0.015450369390710591,nan,nan,nan,nan
3600,36.012,,36.01200000000125,False,8.719473389568414,0.2746955713007141,-0.31897587660308424,0.014810238826603431,nan,nan,nan,nan
3601,36.021,,36.02100000000125,False,8.730743762945604,0.27249334623438976,-0.31674815089716774,0.014461340208014152,nan,nan,nan,nan
3602,36.03,,36.03000000000125,False,8.741560882335694,0.2685163146224543,-0.3129239796774004,0.013964667780716564,nan,nan,nan,nan
3603,36.042,,36.04200000000125,False,8.756869159950565,0.2645883166501633,-0.30898360424873106,0.013394813122558401,nan,nan,nan,nan
3604,36.051,,36.05100000000125,False,8.767986022408236,0.26014663869790794,-0.30466941623681326,0.012835922125050882,nan,nan,nan,nan
3605,36.06,,36.06000000000125,False,8.779920032817904,0.2573205771806812,-0.30174978998568386,0.012397070352265041,nan,nan,nan,nan
3606,36.072,,36.07200000000125,False,8.795326770146941,0.25156766303100525,-0.2960524661857888,0.011634673197400247,nan,nan,nan,nan
3607,36.081,,36.081000000001254,False,8.807825826494089,0.2491289677421313,-0.29340396181231065,0.011207673185933596,nan,nan,nan,nan
3608,36.09,,36.090000000001254,False,8.819745278917814,0.24494418478765648,-0.28917987656767585,0.010626155456778169,nan,nan,nan,nan
3609,36.102,,36.102000000001254,False,8.836452959496697,0.24074970806223944,-0.2847309081892348,0.009954961262056135,nan,nan,nan,nan
3610,36.111,,36.111000000001255,False,8.848489610428906,0.23613847889648207,-0.2800610716015539,0.009316292605819586,nan,nan,nan,nan
3611,36.12,,36.120000000001255,False,8.86131233186992,0.233137727119834,-0.2767933664650718,0.00880871914725408,nan,nan,nan,nan
3612,36.132,,36.132000000001256,False,8.877736301582058,0.22719251397831292,-0.2706674709198083,0.007950759805233163,nan,nan,nan,nan
3613,36.141,,36.141000000001256,False,8.890957205352844,0.2245962353126327,-0.26769719899970973,0.007464415146910559,nan,nan,nan,nan
3614,36.15,,36.150000000001256,False,8.903477834202526,0.22028619762989526,-0.26317849254491604,0.0068195220544790755,nan,nan,nan,nan
3615,36.162,,36.16200000000126,False,8.920903098375074,0.21591428420918302,-0.25833639322204666,0.006074873955045557,nan,nan,nan,nan
3616,36.171,,36.17100000000126,False,8.933354982871391,0.21120121941137007,-0.2534002040880029,0.005379725750830496,nan,nan,nan,nan
3617,36.18,,36.18000000000126,False,8.946551524079858,0.20807640583226494,-0.24985229118514568,0.004825162508818133,nan,nan,nan,nan
3618,36.192,,36.19200000000126,False,8.963316532237325,0.2020089057739547,-0.24339311357497967,0.0039036059548284894,nan,nan,nan,nan
3619,36.201,,36.20100000000126,False,8.976741122003089,0.19928934832102624,-0.24014912068139396,0.003379808342769064,nan,nan,nan,nan
3620,36.21,,36.21000000000126,False,8.989356833836327,0.1948936040971897,-0.23539165690851838,0.0026958307656591673,nan,nan,nan,nan
3621,36.222,,36.22200000000126,False,9.006816423218503,0.19038111401514027,-0.23021046993878144,0.0019084740398082859,nan,nan,nan,nan
3622,36.231,,36.23100000000126,False,9.019183114333503,0.18559712329799855,-0.22505385229066707,0.0011818762257615556,nan,nan,nan,nan
3623,36.24,,36.24000000000126,False,9.032244324952345,0.18236546183967242,-0.22125353068255624,0.0006031887014950985,nan,nan,nan,nan
3624,36.252,,36.25200000000126,False,9.048687174001948,0.17620344279974962,-0.21450617466059554,-0.0003489981382308822,nan,nan,nan,nan
3625,36.261,,36.26100000000126,False,9.0618080614372,0.1733662910866704,-0.21100206428745588,-0.0008882338590534858,nan,nan,nan,nan
3626,36.27,,36.27000000000126,False,9.074026651502322,0.168896371407289,-0.20602864063854484,-0.0015871425860961297,nan,nan,nan,nan
3627,36.282,,36.28200000000126,False,9.090857290630373,0.16424529562619794,-0.20052122144997978,-0.002387320794191226,nan,nan,nan,nan
3628,36.291,,36.29100000000126,False,9.102656000350748,0.15939554981641132,-0.19516032015565957,-0.0031213022111218802,nan,nan,nan,nan
3629,36.3,,36.30000000000126,False,9.115090489876867,0.15605006486275866,-0.19110720921999874,-0.003702645202374003,nan,nan,nan,nan
3630,36.312,,36.31200000000126,False,9.130574749513494,0.14978931524543168,-0.18408019142292467,-0.004654747126104597,nan,nan,nan,nan
3631,36.321,,36.32100000000126,False,9.142904583255586,0.14681787287206002,-0.18030364837882312,-0.005189540686932177,nan,nan,nan,nan
3632,36.33,,36.33000000000126,False,9.15425594647305,0.14226301669652952,-0.17511163110302536,-0.005881559694331505,nan,nan,nan,nan
3633,36.342,,36.34200000000126,False,9.169824414741491,0.13744744069288656,-0.1692586540757864,-0.0066682497180425414,nan,nan,nan,nan
3634,36.351,,36.351000000001264,False,9.180596760918881,0.1325167780282999,-0.1636863355954543,-0.007388457975561491,nan,nan,nan,nan
3635,36.375,,36.375000000001265,False,9.209230151196817,0.12094617304633731,-0.15010545636154687,-0.009120190110510682,nan,nan,nan,nan
3636,36.375,,36.375000000001265,False,9.209230151196817,0.12094617304633731,-0.15010545636154687,-0.009120190110510682,nan,nan,nan,nan
3637,36.381,,36.381000000001265,False,9.216938944691826,0.1195059012862347,-0.14795190735118804,-0.009394082319018818,nan,nan,nan,nan
3638,36.39,,36.390000000001265,False,9.227045437468066,0.11483256705349225,-0.14251141420470168,-0.010061285686754715,nan,nan,nan,nan
3639,36.402,,36.402000000001266,False,9.241013486999005,0.10972716101220716,-0.13617428307288462,-0.010814572707313747,nan,nan,nan,nan
3640,36.411,,36.411000000001266,False,9.250492324728278,0.10456047723537237,-0.130216197375328,-0.011505831843201269,nan,nan,nan,nan
3641,36.42,,36.42000000000127,False,9.260427720591695,0.10074132756080822,-0.125387907502978,-0.012044914913357246,nan,nan,nan,nan
3642,36.432,,36.43200000000127,False,9.272356403649004,0.09396444318376922,-0.11746052378968279,-0.012929868227383479,nan,nan,nan,nan
3643,36.441,,36.44100000000127,False,9.281818202064315,0.09046607314732437,-0.11284877515042185,-0.01341718440573189,nan,nan,nan,nan
3644,36.45,,36.45000000000127,False,9.290188717581795,0.08553069484521114,-0.1069929201197903,-0.01405220183835642,nan,nan,nan,nan
3645,36.462,,36.46200000000127,False,9.301531005473752,0.08013331365999986,-0.10017044157797052,-0.01476424756886273,nan,nan,nan,nan
3646,36.471,,36.47100000000127,False,9.30901581918285,0.07491400482813329,-0.09404767700268818,-0.015417370199412516,nan,nan,nan,nan
3647,36.48,,36.48000000000127,False,9.31689861598257,0.07103539515161306,-0.0890475011061476,-0.01592109393307791,nan,nan,nan,nan
3648,36.492,,36.49200000000127,False,9.326068818313729,0.06432060451830827,-0.08106616880886777,-0.016747137837463254,nan,nan,nan,nan
3649,36.501,,36.50100000000127,False,9.333380098184245,0.06079662129273883,-0.07633002798903836,-0.01719400407209289,nan,nan,nan,nan
3650,36.51,,36.51000000000127,False,9.339599461291051,0.055902439637428816,-0.07043650269266373,-0.01777867933987509,nan,nan,nan,nan
3651,36.522,,36.52200000000127,False,9.347971550077085,0.05045057567106126,-0.0634374444127282,-0.018425592239872026,nan,nan,nan,nan
3652,36.531,,36.53100000000127,False,9.353219307564022,0.0452129119141844,-0.057217115022760244,-0.019020432198513692,nan,nan,nan,nan
3653,36.54,,36.54000000000127,False,9.358781307674798,0.0411915597815895,-0.05197028607539421,-0.019471723699305648,nan,nan,nan,nan
3654,36.552,,36.55200000000127,False,9.364841643471184,0.03430689529735464,-0.0436937321883956,-0.02021574970137851,nan,nan,nan,nan
3655,36.561,,36.56100000000127,False,9.369867610829713,0.030506839627580044,-0.03855411981778317,-0.02060994374747404,nan,nan,nan,nan
3656,36.57,,36.57000000000127,False,9.374064532054652,0.025381130596787368,-0.032316269683384524,-0.02113207169868596,nan,nan,nan,nan
3657,36.582,,36.58200000000127,False,9.379908576432275,0.019491470123280834,-0.02469733234306532,-0.021703348004942096,nan,nan,nan,nan
3658,36.591,,36.59100000000127,False,9.383416632298609,0.013969483949485106,-0.018068947042454174,-0.022232663021815462,nan,nan,nan,nan
3659,36.6,,36.60000000000127,False,9.387232603328652,0.009556499801906983,-0.012276967298644702,-0.02262856281679529,nan,nan,nan,nan
3660,36.612,,36.612000000001274,False,9.391063427364003,0.0022357758045895106,-0.0033823569923670284,-0.02328647116848112,nan,nan,nan,nan
3661,36.621,,36.621000000001274,False,9.394188497778401,-0.002004520526604329,0.002367674478171144,-0.023628871778467394,nan,nan,nan,nan
3662,36.63,,36.630000000001274,False,9.396277847463683,-0.00747434910510274,0.009093723686841849,-0.024087544864422692,nan,nan,nan,nan
3663,36.642,,36.642000000001275,False,9.398904702994475,-0.013903419875361034,0.017469544100256636,-0.024584493643080487,nan,nan,nan,nan
3664,36.651,,36.651000000001275,False,9.399854115146569,-0.01974104836434992,0.02455128577024966,-0.025047379230372403,nan,nan,nan,nan
3665,36.66,,36.660000000001276,False,9.400895218264262,-0.0245639971634452,0.0309192158845113,-0.025389091859555322,nan,nan,nan,nan
3666,36.672,,36.672000000001276,False,9.400924482879361,-0.03230875203305693,0.04042133814478079,-0.02595943995431345,nan,nan,nan,nan
3667,36.681,,36.681000000001276,False,9.401002355060388,-0.036983981195793644,0.04677832622813274,-0.026251105507697006,nan,nan,nan,nan
3668,36.69,,36.69000000000128,False,9.40005444459131,-0.04278109522187785,0.05396870853676026,-0.02664474282348692,nan,nan,nan,nan
3669,36.702,,36.70200000000128,False,9.398465619167998,-0.04974424072435472,0.0630881917803887,-0.027066426675421043,nan,nan,nan,nan
3670,36.711,,36.71100000000128,False,9.396280891602217,-0.055893924536074585,0.0706079229169596,-0.027459785918018717,nan,nan,nan,nan
3671,36.72,,36.72000000000128,False,9.394076369457647,-0.06114581827004863,0.07756481861045586,-0.02774583627746609,nan,nan,nan,nan
3672,36.732,,36.73200000000128,False,9.389843413463542,-0.06934571653812135,0.0876928583726181,-0.028223605237616425,nan,nan,nan,nan
3673,36.741,,36.74100000000128,False,9.38661319194094,-0.07450751486978634,0.09470784470886105,-0.028462690781425555,nan,nan,nan,nan
3674,36.75,,36.75000000000128,False,9.382451753645318,-0.08068244880801276,0.1024089228267306,-0.02878700684410616,nan,nan,nan,nan
3675,36.762,,36.76200000000128,False,9.376495712802967,-0.08827353045200885,0.11236979569388217,-0.02912897274420753,nan,nan,nan,nan
3676,36.771,,36.77100000000128,False,9.371134078296315,-0.09480353800328979,0.12039668955487218,-0.029447427945484873,nan,nan,nan,nan
3677,36.78,,36.78000000000128,False,9.365674603280672,-0.10057151750132408,0.12803929320910215,-0.02967408042426549,nan,nan,nan,nan
3678,36.792,,36.79200000000128,False,9.357238586778832,-0.10933248084421586,0.13890851178893943,-0.030051635993225148,nan,nan,nan,nan
3679,36.801,,36.80100000000128,False,9.350771165842419,-0.11507866185958238,0.14669585692420742,-0.030234198010147657,nan,nan,nan,nan
3680,36.81,,36.81000000000128,False,9.343506354273181,-0.12171438054162059,0.15500213262428592,-0.030482959917149093,nan,nan,nan,nan
3681,36.822,,36.82200000000128,False,9.33336103967642,-0.13005561487080605,0.16594928408820628,-0.030737789046377747,nan,nan,nan,nan
3682,36.831,,36.83100000000128,False,9.324837485616317,-0.13704431604530448,0.17457438930965163,-0.030973953831744998,nan,nan,nan,nan
3683,36.84,,36.84000000000128,False,9.315885641313786,-0.1434247757107444,0.18301980311937316,-0.031135522806863346,nan,nan,nan,nan
3684,36.852,,36.85200000000128,False,9.302641056969481,-0.15286005889182347,0.19476508505697437,-0.03140324462323375,nan,nan,nan,nan
3685,36.861,,36.86100000000128,False,9.292289404813813,-0.15929827210742725,0.20345775941818345,-0.03152378240514489,nan,nan,nan,nan
3686,36.87,,36.87000000000128,False,9.281152680614728,-0.16648807441385385,0.2124815320317024,-0.031689665852825184,nan,nan,nan,nan
3687,36.882,,36.882000000001284,False,9.265626511400317,-0.17572576925936143,0.22459421686361392,-0.03184853488202362,nan,nan,nan,nan
3688,36.891,,36.891000000001284,False,9.253255870556668,-0.18326808222734578,0.23393057730426497,-0.03199365188056944,nan,nan,nan,nan
3689,36.9,,36.900000000001285,False,9.24057821417471,-0.1903705953542648,0.24331237203091574,-0.03208131062783447,nan,nan,nan,nan
3690,36.912,,36.912000000001285,False,9.222784484465572,-0.2005985044852047,0.2560728579994334,-0.03222360185639194,nan,nan,nan,nan
3691,36.921,,36.921000000001285,False,9.209090428566713,-0.20783596720886718,0.26580087323837864,-0.03227003133241107,nan,nan,nan,nan
3692,36.93,,36.930000000001286,False,9.194876448600521,-0.21566166115897376,0.275636993464029,-0.03233806880716225,nan,nan,nan,nan
3693,36.942,,36.942000000001286,False,9.175348723700447,-0.22591571987964,0.28905684283609134,-0.03237929800585388,nan,nan,nan,nan
3694,36.951,,36.95100000000129,False,9.160217481922965,-0.23407821265010392,0.2991788474338197,-0.032414424214885176,nan,nan,nan,nan
3695,36.96,,36.96000000000129,False,9.144783389804616,-0.2419899031490383,0.3095994442110785,-0.03240883453548663,nan,nan,nan,nan
3696,36.972,,36.97200000000129,False,9.123599615322584,-0.2530965669986105,0.323471129857525,-0.032396796414361995,nan,nan,nan,nan
3697,36.981,,36.98100000000129,False,9.107362558986445,-0.26121255458104325,0.33432579681754565,-0.03234654215199238,nan,nan,nan,nan
3698,36.99,,36.99000000000129,False,9.090819376817281,-0.2697231079508453,0.34502478511629225,-0.03229196455997066,nan,nan,nan,nan
3699,37.002,,37.00200000000129,False,9.068271938089818,-0.28100872921125664,0.35974771809663836,-0.032179760102273504,nan,nan,nan,nan
3700,37.011,,37.01100000000129,False,9.05109422008224,-0.2897518236836074,0.3705827518041788,-0.03207563529288677,nan,nan,nan,nan
3701,37.02,,37.02000000000129,False,9.033660803261728,-0.2983472662288591,0.3818475409116765,-0.03194444545344762,nan,nan,nan,nan
3702,37.032,,37.03200000000129,False,9.010108640562933,-0.31005635968170703,0.3964214009970578,-0.03173130363006373,nan,nan,nan,nan
3703,37.041,,37.04100000000129,False,8.9921832302111,-0.31868973214267504,0.40787867466952743,-0.03154347741803791,nan,nan,nan,nan
3704,37.05,,37.05000000000129,False,8.974176237097076,-0.32744044485240414,0.41880303843478844,-0.03132309653218709,nan,nan,nan,nan
3705,37.062,,37.06200000000129,False,8.949851995589416,-0.3389982981714474,0.4337467212253766,-0.03099163959858268,nan,nan,nan,nan
3706,37.071,,37.07100000000129,False,8.931576639299314,-0.3476597665537984,0.4443577222330281,-0.030696082446018312,nan,nan,nan,nan
3707,37.08,,37.08000000000129,False,8.913138583337771,-0.3562095984369861,0.4554358330140307,-0.030380974723571805,nan,nan,nan,nan
3708,37.092,,37.09200000000129,False,8.888548169577705,-0.36747290463235077,0.4692384956498083,-0.029886540598482652,nan,nan,nan,nan
3709,37.101,,37.10100000000129,False,8.86995956706641,-0.3758229769008672,0.4801735947257097,-0.02949482485975015,nan,nan,nan,nan
3710,37.11,,37.11000000000129,False,8.851495328809147,-0.3840021399301407,0.4901888623376129,-0.029042993053199573,nan,nan,nan,nan
3711,37.122,,37.12200000000129,False,8.826752219606462,-0.39477823929631956,0.5038828787279106,-0.028400418250322936,nan,nan,nan,nan
3712,37.131,,37.13100000000129,False,8.808374229772129,-0.402591102114529,0.5132063552576412,-0.02784669376776582,nan,nan,nan,nan
3713,37.14,,37.140000000001294,False,8.789940840933058,-0.41037559220332986,0.5231010752825547,-0.027278482168178315,nan,nan,nan,nan
3714,37.152,,37.152000000001294,False,8.765623984024018,-0.42029891606772196,0.5349048644188693,-0.026416575074073734,nan,nan,nan,nan
3715,37.161,,37.161000000001295,False,8.747371306450779,-0.427768454855206,0.5445011854357291,-0.025755345723543453,nan,nan,nan,nan
3716,37.17,,37.170000000001295,False,8.729415814765632,-0.4348309553783374,0.5528717862198983,-0.025013363714042895,nan,nan,nan,nan
3717,37.182,,37.182000000001295,False,8.705549165648584,-0.44420004032012206,0.5644827422988111,-0.023984859836646017,nan,nan,nan,nan
3718,37.191,,37.191000000001296,False,8.688006304739801,-0.4507594123807908,0.5719928271313679,-0.023125973040370996,nan,nan,nan,nan
3719,37.2,,37.200000000001296,False,8.670528150605229,-0.45743835661479815,0.5802711867756548,-0.022259579728261546,nan,nan,nan,nan
3720,37.212,,37.2120000000013,False,8.647708563398668,-0.46564301879039416,0.5896171248449557,-0.020984432919703457,nan,nan,nan,nan
3721,37.221,,37.2210000000013,False,8.630725003530454,-0.47201027520995564,0.5976203287567667,-0.020022504466955467,nan,nan,nan,nan
3722,37.23,,37.2300000000013,False,8.61417327420743,-0.47777001777709116,0.6041512876042088,-0.018970565598436986,nan,nan,nan,nan
3723,37.242,,37.2420000000013,False,8.592383476737663,-0.4855430243357109,0.6135069972428281,-0.017537361676716455,nan,nan,nan,nan
3724,37.251,,37.2510000000013,False,8.576539043777702,-0.49073718635485586,0.6191255046249843,-0.016371791472000227,nan,nan,nan,nan
3725,37.26,,37.2600000000013,False,8.560893572871697,-0.4962269729106316,0.6257490292505304,-0.015208768428519492,nan,nan,nan,nan
3726,37.272,,37.2720000000013,False,8.540693992343217,-0.5026267299573304,0.6326308074258357,-0.013539426805910292,nan,nan,nan,nan
3727,37.281,,37.2810000000013,False,8.525838192220547,-0.5078478493209172,0.6390640454741585,-0.012294285467821171,nan,nan,nan,nan
3728,37.29,,37.2900000000013,False,8.51150831907693,-0.5122698753658024,0.6437966277486019,-0.01096204352027173,nan,nan,nan,nan
3729,37.302,,37.3020000000013,False,8.492892634966973,-0.5184153126115829,0.6509718010369001,-0.009170404163071627,nan,nan,nan,nan
3730,37.311,,37.3110000000013,False,8.479530438362199,-0.5222279395652147,0.6547686538442836,-0.007745122324521468,nan,nan,nan,nan
3731,37.32,,37.3200000000013,False,8.466515119798464,-0.5265182224533467,0.659811773738649,-0.006334030357478001,nan,nan,nan,nan
3732,37.332,,37.3320000000013,False,8.45030412536208,-0.5310833561084194,0.6643128172673348,-0.004349895792867419,nan,nan,nan,nan
3733,37.341,,37.3410000000013,False,8.439334221396999,-0.535089300967669,0.6691752988694848,-0.0028801085273076578,nan,nan,nan,nan
3734,37.35,,37.3500000000013,False,8.429477964734211,-0.5380671928715235,0.6720649287701046,-0.0013357289781908805,nan,nan,nan,nan
3735,37.362,,37.3620000000013,False,8.417740620445795,-0.5423811536131197,0.6769175071974189,0.0007215043425370956,nan,nan,nan,nan
3736,37.371,,37.3710000000013,False,8.41005468164831,-0.5446188827052065,0.6787378556048479,0.002327408185852354,nan,nan,nan,nan
3737,37.38,,37.3800000000013,False,8.403204215368657,-0.5474750601107226,0.6819884997891115,0.00390873751815985,nan,nan,nan,nan
3738,37.392,,37.3920000000013,False,8.395351262362103,-0.5498941075852859,0.6838308283897951,0.0060894042706946235,nan,nan,nan,nan
3739,37.401,,37.401000000001304,False,8.39038101863109,-0.5525071814320763,0.6869765562282544,0.007692882910180546,nan,nan,nan,nan
3740,37.41,,37.410000000001304,False,8.386171187808758,-0.553932098227048,0.6879662085700433,0.009346130495424876,nan,nan,nan,nan
3741,37.422,,37.422000000001304,False,8.381684213261732,-0.5563586578160131,0.6905235558328275,0.011526689652562901,nan,nan,nan,nan
3742,37.431,,37.431000000001305,False,8.379106188004485,-0.5570699812364838,0.6905016431978369,0.013195564325030992,nan,nan,nan,nan
3743,37.44,,37.440000000001305,False,8.377257128974348,-0.5586025243935886,0.6921634768493089,0.014830114373739274,nan,nan,nan,nan
3744,37.452,,37.452000000001306,False,8.37571811243729,-0.5591299894587743,0.6917519495661425,0.017039899181145342,nan,nan,nan,nan
3745,37.461,,37.461000000001306,False,8.375413936287067,-0.5605625949579107,0.6935022356954765,0.018655689744250727,nan,nan,nan,nan
3746,37.47,,37.470000000001306,False,8.37563014949313,-0.5606892509820941,0.6929663379191255,0.020289853657832178,nan,nan,nan,nan
3747,37.482,,37.48200000000131,False,8.376966138455126,-0.5615903148608925,0.693746685536413,0.022426405531682844,nan,nan,nan,nan
3748,37.491,,37.49100000000131,False,8.378533715207091,-0.5610769166110654,0.6923078235479073,0.024028073757065557,nan,nan,nan,nan
3749,37.5,,37.50000000000131,False,8.380842825564777,-0.5615764810503332,0.6927858752039782,0.025590842012976116,nan,nan,nan,nan
3750,37.512,,37.51200000000131,False,8.384600155479806,-0.5606134347957196,0.6906758051176319,0.027658484471280248,nan,nan,nan,nan
3751,37.521,,37.52100000000131,False,8.388312761249653,-0.5611315522100334,0.6913968213543922,0.02916505961437406,nan,nan,nan,nan
3752,37.53,,37.53000000000131,False,8.392353363049697,-0.5602246059661564,0.6896992021687826,0.030655361766732826,nan,nan,nan,nan
3753,37.542,,37.54200000000131,False,8.398815490421663,-0.559897998262291,0.6891114655915327,0.0325886962523057,nan,nan,nan,nan
3754,37.551,,37.55100000000131,False,8.404050328545313,-0.5583671497488326,0.6865395495637736,0.034002734594137614,nan,nan,nan,nan
3755,37.56,,37.56000000000131,False,8.410100503742296,-0.5579911024777449,0.6860493693726932,0.03538045031225487,nan,nan,nan,nan
3756,37.572,,37.57200000000131,False,8.418633365446015,-0.5557251317543386,0.6824953557843083,0.03715480461354224,nan,nan,nan,nan
3757,37.581,,37.58100000000131,False,8.426026236406278,-0.5554124234407747,0.6822996079060505,0.03844747376558677,nan,nan,nan,nan
3758,37.59,,37.59000000000131,False,8.433562985928761,-0.5535522834276277,0.6795451213995755,0.03968862580207614,nan,nan,nan,nan
3759,37.602,,37.60200000000131,False,8.444754134461332,-0.5520523622575481,0.6776542058687047,0.04128747875424086,nan,nan,nan,nan
3760,37.611,,37.61100000000131,False,8.453363262585146,-0.5495439199830588,0.6739916150118119,0.0424167815715926,nan,nan,nan,nan
3761,37.62,,37.62000000000131,False,8.462884337077918,-0.5482959326399245,0.67252458530046,0.04351986510065345,nan,nan,nan,nan
3762,37.632,,37.63200000000131,False,8.47582652559325,-0.5447446543978993,0.6675243261822237,0.04488389931822111,nan,nan,nan,nan
3763,37.641,,37.64100000000131,False,8.486641017045962,-0.5435805839596631,0.6663621958568648,0.045883412910715037,nan,nan,nan,nan
3764,37.65,,37.65000000000131,False,8.497403667712957,-0.5407693307517892,0.6625258466685183,0.046797133865102716,nan,nan,nan,nan
3765,37.662,,37.66200000000131,False,8.512965585188219,-0.5380790336609723,0.6592678687590564,0.04796611286204508,nan,nan,nan,nan
3766,37.671,,37.671000000001314,False,8.524666660330277,-0.5346051247481478,0.6544942667267686,0.048741770652612613,nan,nan,nan,nan
3767,37.68,,37.680000000001314,False,8.537376555484894,-0.5324776646146898,0.6520028819522715,0.0495080410107474,nan,nan,nan,nan
3768,37.692,,37.692000000001315,False,8.554014036128494,-0.5276898735265948,0.6455625359745473,0.050383388411175255,nan,nan,nan,nan
3769,37.701,,37.701000000001315,False,8.567119511140849,-0.5257299902714546,0.6434595743867881,0.05103962194675782,nan,nan,nan,nan
3770,37.71,,37.710000000001315,False,8.579608072590217,-0.5220833228029498,0.6386397203780254,0.051579026366557854,nan,nan,nan,nan
3771,37.722,,37.722000000001316,False,8.597173214075255,-0.5183791895238514,0.6341716979847665,0.05226511891918371,nan,nan,nan,nan
3772,37.731,,37.731000000001316,False,8.610048926524767,-0.5141184125265506,0.6284606171380248,0.05265194045963563,nan,nan,nan,nan
3773,37.74,,37.74000000000132,False,8.624002372365803,-0.5112811946323977,0.6251074766332576,0.05305243588159086,nan,nan,nan,nan
3774,37.752,,37.75200000000132,False,8.642413713677385,-0.5054863664892014,0.6174471103154675,0.053405332092768446,nan,nan,nan,nan
3775,37.761,,37.76100000000132,False,8.657667769184838,-0.5027994588479768,0.6144426385620679,0.05369676103216635,nan,nan,nan,nan
3776,37.77,,37.77000000000132,False,8.672593438400412,-0.4983534454787827,0.6086383401135432,0.05384168564014408,nan,nan,nan,nan
3777,37.782,,37.78200000000132,False,8.694075532727902,-0.49358606007867484,0.602840764939026,0.05402187106507457,nan,nan,nan,nan
3778,37.791,,37.79100000000132,False,8.710065350007103,-0.4884724410796239,0.5960675702033196,0.054004909995528386,nan,nan,nan,nan
3779,37.8,,37.80000000000132,False,8.727472500639973,-0.48479975050369256,0.5916556053388463,0.05402696957663753,nan,nan,nan,nan
3780,37.812,,37.81200000000132,False,8.75053993896663,-0.4778349954354142,0.5825190021491174,0.05384470474264754,nan,nan,nan,nan
3781,37.821,,37.82100000000132,False,8.769555684431763,-0.47428917549661087,0.5784087296591923,0.053765156118495326,nan,nan,nan,nan
3782,37.83,,37.83000000000132,False,8.788141430264416,-0.46895764296407944,0.5714720620603891,0.05351328787607693,nan,nan,nan,nan
3783,37.842,,37.84200000000132,False,8.814658629732797,-0.4630286527632972,0.5641668747981775,0.053188682482320726,nan,nan,nan,nan
3784,37.851,,37.85100000000132,False,8.834285208207328,-0.45704569814741114,0.5562683097778482,0.05277354116978846,nan,nan,nan,nan
3785,37.86,,37.86000000000132,False,8.85542644570138,-0.4525327569123834,0.5507472465593436,0.052424680511603775,nan,nan,nan,nan
3786,37.872,,37.87200000000132,False,8.883234755842139,-0.44448293097120634,0.5401798084223262,0.05172417223713192,nan,nan,nan,nan
3787,37.881,,37.88100000000132,False,8.905870168003919,-0.4401636988722601,0.5350232675340667,0.05128813475104406,nan,nan,nan,nan
3788,37.89,,37.89000000000132,False,8.92784804393784,-0.43409992492928406,0.5270985339315385,0.05065932255114845,nan,nan,nan,nan
3789,37.902,,37.90200000000132,False,8.958850539536098,-0.42725702706378765,0.5185318050874065,0.04985986838451006,nan,nan,nan,nan
3790,37.911,,37.91100000000132,False,8.981599558889767,-0.42065360836477655,0.5097729081020337,0.04907523338060901,nan,nan,nan,nan
3791,37.92,,37.92000000000132,False,9.005863184232602,-0.4155582456483964,0.5034197228210628,0.04838526815617916,nan,nan,nan,nan
3792,37.932,,37.932000000001324,False,9.037505976650774,-0.40683218633451923,0.49187666632783983,0.04721517276576453,nan,nan,nan,nan
3793,37.941,,37.941000000001324,False,9.062993631703131,-0.40204247769571505,0.48601274251428844,0.04646015817257719,nan,nan,nan,nan
3794,37.95,,37.950000000001324,False,9.087564539673352,-0.39558241685606893,0.477484510709155,0.04549869772140613,nan,nan,nan,nan
3795,37.962,,37.962000000001325,False,9.121903945166613,-0.38826269543783576,0.4681598665030101,0.04428643423907403,nan,nan,nan,nan
3796,37.971,,37.971000000001325,False,9.146889606743198,-0.3813819025516919,0.4589427413419274,0.04318592385470158,nan,nan,nan,nan
3797,37.98,,37.980000000001326,False,9.173340674459157,-0.3760203643339457,0.45212820355587036,0.04220861220323993,nan,nan,nan,nan
3798,37.992,,37.992000000001326,False,9.207553020743896,-0.36704404473701546,0.44011603983338343,0.04064993650746449,nan,nan,nan,nan
3799,38.001,,38.001000000001326,False,9.23489526634283,-0.3620649461467284,0.43387827198247425,0.039636234898643874,nan,nan,nan,nan
3800,38.01,,38.01000000000133,False,9.261065463621373,-0.35549093688811423,0.4250857953849668,0.03840919222861762,nan,nan,nan,nan
3801,38.022,,38.02200000000133,False,9.297370618495265,-0.3480270107453985,0.41540251070781437,0.03687452492416789,nan,nan,nan,nan
3802,38.031,,38.03100000000133,False,9.323569374167477,-0.34111023792072565,0.40601992245782126,0.035532231875484606,nan,nan,nan,nan
3803,38.04,,38.04000000000133,False,9.35115052205095,-0.33568808962062185,0.3989913811220129,0.03434001362205436,nan,nan,nan,nan
3804,38.052,,38.05200000000133,False,9.386532830425756,-0.32672427042659463,0.38682927369822684,0.03249706876582693,nan,nan,nan,nan
3805,38.061,,38.06100000000133,False,9.414643356657917,-0.32171409598216777,0.38040685136644525,0.03130022449076037,nan,nan,nan,nan
3806,38.07,,38.07000000000133,False,9.441345804715835,-0.3151822554212717,0.3715390355145699,0.029888777966380564,nan,nan,nan,nan
3807,38.082,,38.08200000000133,False,9.47828450776977,-0.30774049766084655,0.3616954196704961,0.028137789992253196,nan,nan,nan,nan
3808,38.091,,38.09100000000133,False,9.504933375559672,-0.30089887794329395,0.35228175328848915,0.02663725887541665,nan,nan,nan,nan
3809,38.1,,38.10000000000133,False,9.532957423023415,-0.2954954917808386,0.34513202827894424,0.025309762482405327,nan,nan,nan,nan
3810,38.112,,38.11200000000133,False,9.56868340995307,-0.28664070201489233,0.3329356078817452,0.023293888991893733,nan,nan,nan,nan
3811,38.121,,38.12100000000133,False,9.596885206710661,-0.28164253016747337,0.3263759581057086,0.021992581742718554,nan,nan,nan,nan
3812,38.13,,38.13000000000133,False,9.623405881082299,-0.2751980102325039,0.31748581345011634,0.020479795077132476,nan,nan,nan,nan
3813,38.142,,38.14200000000133,False,9.659612094026958,-0.26782306880465023,0.307530372762528,0.018619962566852277,nan,nan,nan,nan
3814,38.151,,38.15100000000133,False,9.685129862716018,-0.26110712931898683,0.2981446912424843,0.017046539740585415,nan,nan,nan,nan
3815,38.16,,38.16000000000133,False,9.71163561543611,-0.2557648829958023,0.2909190333458281,0.015665159920511915,nan,nan,nan,nan
3816,38.172,,38.17200000000133,False,9.744760049468406,-0.24708796566513347,0.278766505894289,0.013589579670175326,nan,nan,nan,nan
3817,38.181,,38.18100000000133,False,9.770669163234324,-0.24213887379178162,0.27210622796538614,0.012263083520918637,nan,nan,nan,nan
3818,38.19,,38.19000000000133,False,9.794616058685195,-0.23582366385173173,0.2632392514421663,0.010731553277097895,nan,nan,nan,nan
3819,38.202,,38.202000000001334,False,9.827023011372306,-0.22854863216566965,0.25320163810682306,0.008866920048990685,nan,nan,nan,nan
3820,38.211,,38.211000000001334,False,9.84945167976796,-0.22197149100893124,0.24385483645206735,0.007299551193767465,nan,nan,nan,nan
3821,38.22,,38.220000000001335,False,9.8726821586271,-0.21667907555374444,0.23653146051869303,0.0059368015263926545,nan,nan,nan,nan
3822,38.232,,38.232000000001335,False,9.901189854234167,-0.2081490116238728,0.22437855186969302,0.0038991213492501823,nan,nan,nan,nan
3823,38.241,,38.241000000001335,False,9.923450437754202,-0.20319798018905572,0.217547356950694,0.0026130342155257927,nan,nan,nan,nan
3824,38.25,,38.250000000001336,False,9.943637260100713,-0.19695279449765563,0.20862699685560265,0.001129882782001506,nan,nan,nan,nan
3825,38.262,,38.262000000001336,False,9.970810439527407,-0.18966832661253247,0.19836600302949298,-0.0006577089154486408,nan,nan,nan,nan
3826,38.271,,38.27100000000134,False,9.989215420466397,-0.18313752014489187,0.1889428440088072,-0.0021574577419976944,nan,nan,nan,nan
3827,38.28,,38.28000000000134,False,10.008286722165328,-0.1777826696727065,0.18137933996676123,-0.003446765878038484,nan,nan,nan,nan
3767,37.68,,37.680000000001314,False,8.537376555484894,-0.5324776646146898,0.6520028819522715,0.0495080410107474,nan,nan,nan,nan
3768,37.692,,37.692000000001315,False,8.554014036128494,-0.5276898735265948,0.6455625359745473,0.050383388411175255,nan,nan,nan,nan
3769,37.701,,37.701000000001315,False,8.567119511140849,-0.5257299902714546,0.6434595743867881,0.05103962194675782,nan,nan,nan,nan
3770,37.71,,37.710000000001315,False,8.579608072590217,-0.5220833228029498,0.6386397203780254,0.051579026366557854,nan,nan,nan,nan
3771,37.722,,37.722000000001316,False,8.597173214075255,-0.5183791895238514,0.6341716979847665,0.05226511891918371,nan,nan,nan,nan
3772,37.731,,37.731000000001316,False,8.610048926524767,-0.5141184125265506,0.6284606171380248,0.05265194045963563,nan,nan,nan,nan
3773,37.74,,37.74000000000132,False,8.624002372365803,-0.5112811946323977,0.6251074766332576,0.05305243588159086,nan,nan,nan,nan
3774,37.752,,37.75200000000132,False,8.642413713677385,-0.5054863664892014,0.6174471103154675,0.053405332092768446,nan,nan,nan,nan
3775,37.761,,37.76100000000132,False,8.657667769184838,-0.5027994588479768,0.6144426385620679,0.05369676103216635,nan,nan,nan,nan
3776,37.77,,37.77000000000132,False,8.672593438400412,-0.4983534454787827,0.6086383401135432,0.05384168564014408,nan,nan,nan,nan
3777,37.782,,37.78200000000132,False,8.694075532727902,-0.49358606007867484,0.602840764939026,0.05402187106507457,nan,nan,nan,nan
3778,37.791,,37.79100000000132,False,8.710065350007103,-0.4884724410796239,0.5960675702033196,0.054004909995528386,nan,nan,nan,nan
3779,37.8,,37.80000000000132,False,8.727472500639973,-0.48479975050369256,0.5916556053388463,0.05402696957663753,nan,nan,nan,nan
3780,37.812,,37.81200000000132,False,8.75053993896663,-0.4778349954354142,0.5825190021491174,0.05384470474264754,nan,nan,nan,nan
3781,37.821,,37.82100000000132,False,8.769555684431763,-0.47428917549661087,0.5784087296591923,0.053765156118495326,nan,nan,nan,nan
3782,37.83,,37.83000000000132,False,8.788141430264416,-0.46895764296407944,0.5714720620603891,0.05351328787607693,nan,nan,nan,nan
3783,37.842,,37.84200000000132,False,8.814658629732797,-0.4630286527632972,0.5641668747981775,0.053188682482320726,nan,nan,nan,nan
3784,37.851,,37.85100000000132,False,8.834285208207328,-0.45704569814741114,0.5562683097778482,0.05277354116978846,nan,nan,nan,nan
3785,37.86,,37.86000000000132,False,8.85542644570138,-0.4525327569123834,0.5507472465593436,0.052424680511603775,nan,nan,nan,nan
3786,37.872,,37.87200000000132,False,8.883234755842139,-0.44448293097120634,0.5401798084223262,0.05172417223713192,nan,nan,nan,nan
3787,37.881,,37.88100000000132,False,8.905870168003919,-0.4401636988722601,0.5350232675340667,0.05128813475104406,nan,nan,nan,nan
3788,37.89,,37.89000000000132,False,8.92784804393784,-0.43409992492928406,0.5270985339315385,0.05065932255114845,nan,nan,nan,nan
3789,37.902,,37.90200000000132,False,8.958850539536098,-0.42725702706378765,0.5185318050874065,0.04985986838451006,nan,nan,nan,nan
3790,37.911,,37.91100000000132,False,8.981599558889767,-0.42065360836477655,0.5097729081020337,0.04907523338060901,nan,nan,nan,nan
3791,37.92,,37.92000000000132,False,9.005863184232602,-0.4155582456483964,0.5034197228210628,0.04838526815617916,nan,nan,nan,nan
3792,37.932,,37.932000000001324,False,9.037505976650774,-0.40683218633451923,0.49187666632783983,0.04721517276576453,nan,nan,nan,nan
3793,37.941,,37.941000000001324,False,9.062993631703131,-0.40204247769571505,0.48601274251428844,0.04646015817257719,nan,nan,nan,nan
3794,37.95,,37.950000000001324,False,9.087564539673352,-0.39558241685606893,0.477484510709155,0.04549869772140613,nan,nan,nan,nan
3795,37.962,,37.962000000001325,False,9.121903945166613,-0.38826269543783576,0.4681598665030101,0.04428643423907403,nan,nan,nan,nan
3796,37.971,,37.971000000001325,False,9.146889606743198,-0.3813819025516919,0.4589427413419274,0.04318592385470158,nan,nan,nan,nan
3797,37.98,,37.980000000001326,False,9.173340674459157,-0.3760203643339457,0.45212820355587036,0.04220861220323993,nan,nan,nan,nan
3798,37.992,,37.992000000001326,False,9.207553020743896,-0.36704404473701546,0.44011603983338343,0.04064993650746449,nan,nan,nan,nan
3799,38.001,,38.001000000001326,False,9.23489526634283,-0.3620649461467284,0.43387827198247425,0.039636234898643874,nan,nan,nan,nan
3800,38.01,,38.01000000000133,False,9.261065463621373,-0.35549093688811423,0.4250857953849668,0.03840919222861762,nan,nan,nan,nan
3801,38.022,,38.02200000000133,False,9.297370618495265,-0.3480270107453985,0.41540251070781437,0.03687452492416789,nan,nan,nan,nan
3802,38.031,,38.03100000000133,False,9.323569374167477,-0.34111023792072565,0.40601992245782126,0.035532231875484606,nan,nan,nan,nan
3803,38.04,,38.04000000000133,False,9.35115052205095,-0.33568808962062185,0.3989913811220129,0.03434001362205436,nan,nan,nan,nan
3804,38.052,,38.05200000000133,False,9.386532830425756,-0.32672427042659463,0.38682927369822684,0.03249706876582693,nan,nan,nan,nan
3805,38.061,,38.06100000000133,False,9.414643356657917,-0.32171409598216777,0.38040685136644525,0.03130022449076037,nan,nan,nan,nan
3806,38.07,,38.07000000000133,False,9.441345804715835,-0.3151822554212717,0.3715390355145699,0.029888777966380564,nan,nan,nan,nan
3807,38.082,,38.08200000000133,False,9.47828450776977,-0.30774049766084655,0.3616954196704961,0.028137789992253196,nan,nan,nan,nan
3808,38.091,,38.09100000000133,False,9.504933375559672,-0.30089887794329395,0.35228175328848915,0.02663725887541665,nan,nan,nan,nan
3809,38.1,,38.10000000000133,False,9.532957423023415,-0.2954954917808386,0.34513202827894424,0.025309762482405327,nan,nan,nan,nan
3810,38.112,,38.11200000000133,False,9.56868340995307,-0.28664070201489233,0.3329356078817452,0.023293888991893733,nan,nan,nan,nan
3811,38.121,,38.12100000000133,False,9.596885206710661,-0.28164253016747337,0.3263759581057086,0.021992581742718554,nan,nan,nan,nan
3812,38.13,,38.13000000000133,False,9.623405881082299,-0.2751980102325039,0.31748581345011634,0.020479795077132476,nan,nan,nan,nan
3813,38.142,,38.14200000000133,False,9.659612094026958,-0.26782306880465023,0.307530372762528,0.018619962566852277,nan,nan,nan,nan
3814,38.151,,38.15100000000133,False,9.685129862716018,-0.26110712931898683,0.2981446912424843,0.017046539740585415,nan,nan,nan,nan
3815,38.16,,38.16000000000133,False,9.71163561543611,-0.2557648829958023,0.2909190333458281,0.015665159920511915,nan,nan,nan,nan
3816,38.172,,38.17200000000133,False,9.744760049468406,-0.24708796566513347,0.278766505894289,0.013589579670175326,nan,nan,nan,nan
3817,38.181,,38.18100000000133,False,9.770669163234324,-0.24213887379178162,0.27210622796538614,0.012263083520918637,nan,nan,nan,nan
3818,38.19,,38.19000000000133,False,9.794616058685195,-0.23582366385173173,0.2632392514421663,0.010731553277097895,nan,nan,nan,nan
3819,38.202,,38.202000000001334,False,9.827023011372306,-0.22854863216566965,0.25320163810682306,0.008866920048990685,nan,nan,nan,nan
3820,38.211,,38.211000000001334,False,9.84945167976796,-0.22197149100893124,0.24385483645206735,0.007299551193767465,nan,nan,nan,nan
3821,38.22,,38.220000000001335,False,9.8726821586271,-0.21667907555374444,0.23653146051869303,0.0059368015263926545,nan,nan,nan,nan
3822,38.232,,38.232000000001335,False,9.901189854234167,-0.2081490116238728,0.22437855186969302,0.0038991213492501823,nan,nan,nan,nan
3823,38.241,,38.241000000001335,False,9.923450437754202,-0.20319798018905572,0.217547356950694,0.0026130342155257927,nan,nan,nan,nan
3824,38.25,,38.250000000001336,False,9.943637260100713,-0.19695279449765563,0.20862699685560265,0.001129882782001506,nan,nan,nan,nan
3825,38.262,,38.262000000001336,False,9.970810439527407,-0.18966832661253247,0.19836600302949298,-0.0006577089154486408,nan,nan,nan,nan
3826,38.271,,38.27100000000134,False,9.989215420466397,-0.18313752014489187,0.1889428440088072,-0.0021574577419976944,nan,nan,nan,nan
3827,38.28,,38.28000000000134,False,10.008286722165328,-0.1777826696727065,0.18137933996676123,-0.003446765878038484,nan,nan,nan,nan
3828,38.292,,38.29200000000134,False,10.031138810360696,-0.1692411523545428,0.16903010486044628,-0.0053734326117609085,nan,nan,nan,nan
3829,38.301,,38.30100000000134,False,10.04900243959906,-0.16415116983822625,0.16185485626149868,-0.006572186117566113,nan,nan,nan,nan
3830,38.31,,38.31000000000134,False,10.064762389498886,-0.15784006390384803,0.15271306766054799,-0.007958953302671337,nan,nan,nan,nan
3831,38.322,,38.32200000000134,False,10.085844953933343,-0.15035216576579213,0.1419858847692518,-0.00961337725262666,nan,nan,nan,nan
3832,38.331,,38.33100000000134,False,10.099652018469868,-0.14372605167155827,0.13231215276879243,-0.011003434278058806,nan,nan,nan,nan
3833,38.34,,38.34000000000134,False,10.113986839133986,-0.13815971646955497,0.1243214150010233,-0.012183837249881445,nan,nan,nan,nan
3834,38.352,,38.35200000000134,False,10.130487405861052,-0.12941853166148842,0.11154353470257675,-0.013952064498475806,nan,nan,nan,nan
3835,38.361,,38.36100000000134,False,10.143419287290227,-0.12404241182039195,0.1038380053616729,-0.015035371473233434,nan,nan,nan,nan
3836,38.37,,38.37000000000134,False,10.154269816377612,-0.11752943434433806,0.09430632659033526,-0.016296271723349156,nan,nan,nan,nan
3837,38.382,,38.38200000000134,False,10.168612777145674,-0.10965537855840023,0.08288293990042145,-0.017785228073782525,nan,nan,nan,nan
3838,38.391,,38.39100000000134,False,10.177380606848356,-0.10280826284030772,0.07280357634791741,-0.01904079192204815,nan,nan,nan,nan
3839,38.4,,38.40000000000134,False,10.186518160842235,-0.09690007719359349,0.06422070106056585,-0.020093321951926046,nan,nan,nan,nan
3840,38.412,,38.41200000000134,False,10.196107852354707,-0.08780023969626302,0.050817375184624175,-0.021676684359466767,nan,nan,nan,nan
3841,38.421,,38.42100000000134,False,10.20366401238128,-0.0820114921438448,0.04242011727227525,-0.02263116136401747,nan,nan,nan,nan
3842,38.43,,38.43000000000134,False,10.209206079863037,-0.07518168997614945,0.03235568952383373,-0.023750759954367894,nan,nan,nan,nan
3843,38.442,,38.44200000000134,False,10.216264103761647,-0.06676192415772293,0.020033868091719337,-0.02505931921129955,nan,nan,nan,nan
3844,38.451,,38.45100000000134,False,10.21974240372441,-0.059582842590776654,0.009412329809883489,-0.026167774961492193,nan,nan,nan,nan
3845,38.46,,38.460000000001344,False,10.223607562679742,-0.053210818402623164,8.384181425428451e-05,-0.027084700992911635,nan,nan,nan,nan
3846,38.472,,38.472000000001344,False,10.22646297353126,-0.04360033548928247,-0.014129758870076885,-0.028470540427869825,nan,nan,nan,nan
3847,38.481,,38.481000000001345,False,10.228872190705337,-0.03727071532324453,-0.023379583753470434,-0.029291941710304827,nan,nan,nan,nan
3848,38.49,,38.490000000001345,False,10.229451461376888,-0.030006495148254424,-0.03411910478759209,-0.03026313525237644,nan,nan,nan,nan
3849,38.502,,38.502000000001345,False,10.229752293895395,-0.020871332002841966,-0.047548957243287795,-0.03138591942518639,nan,nan,nan,nan
3850,38.511,,38.511000000001346,False,10.228176687774237,-0.013243872546957127,-0.05885362375786369,-0.032340763069115895,nan,nan,nan,nan
3851,38.52,,38.520000000001346,False,10.226608673512521,-0.006279263134739057,-0.06909193045120342,-0.03311942406674603,nan,nan,nan,nan
3852,38.532,,38.53200000000135,False,10.222132004800658,0.003998334151246469,-0.08431461033276279,-0.03430077026732806,nan,nan,nan,nan
3853,38.541,,38.54100000000135,False,10.21868341726489,0.011004374359657275,-0.09459802975863213,-0.03498815000494317,nan,nan,nan,nan
3854,38.55,,38.55000000000135,False,10.213482661342079,0.018825437375806837,-0.10617497082466518,-0.03580670505028082,nan,nan,nan,nan
3855,38.562,,38.56200000000135,False,10.205767148408654,0.02885756022563327,-0.12096127928778068,-0.03674116095009268,nan,nan,nan,nan
3856,38.571,,38.57100000000135,False,10.19827623685156,0.03706072610808267,-0.13312230476218392,-0.03753768638161828,nan,nan,nan,nan
3857,38.58,,38.58000000000135,False,10.19056227855659,0.044767370572883165,-0.144477766584757,-0.03817648872267886,nan,nan,nan,nan
3858,38.592,,38.59200000000135,False,10.178060550609375,0.05590061101246187,-0.16096811755716675,-0.03914719753561678,nan,nan,nan,nan
3859,38.601,,38.60100000000135,False,10.168230599280585,0.06375362862204763,-0.17252405446318567,-0.039699279714440656,nan,nan,nan,nan
3860,38.61,,38.61000000000135,False,10.156654877283328,0.07229107161539315,-0.18516062872870034,-0.04036056958729812,nan,nan,nan,nan
3861,38.622,,38.62200000000135,False,10.139995888495493,0.08346428556619073,-0.20164778562986851,-0.04110270776583448,nan,nan,nan,nan
3862,38.631,,38.63100000000135,False,10.125851559442477,0.092419337816436,-0.21491232059677423,-0.04173489633570835,nan,nan,nan,nan
3863,38.64,,38.64000000000135,False,10.111188409868884,0.10107517877582081,-0.22767866824932387,-0.04223015497871907,nan,nan,nan,nan
3864,38.652,,38.65200000000135,False,10.089568865642129,0.11333029421218134,-0.24581174735642947,-0.04298107762982112,nan,nan,nan,nan
3865,38.661,,38.66100000000135,False,10.072727106548435,0.12226766825901901,-0.25897553038924237,-0.04339286363169111,nan,nan,nan,nan
3866,38.67,,38.67000000000135,False,10.054568233176907,0.1317409258611992,-0.2729754336401143,-0.04388739420853155,nan,nan,nan,nan
3867,38.682,,38.68200000000135,False,10.029172904320896,0.14438054990884552,-0.29161100043927585,-0.04442383908384484,nan,nan,nan,nan
3868,38.691,,38.69100000000135,False,10.008860749496172,0.1543148672628469,-0.306285045004456,-0.0448770189715542,nan,nan,nan,nan
3869,38.7,,38.70000000000135,False,9.987943840035735,0.16417967657041332,-0.3208127661279676,-0.04521409833512883,nan,nan,nan,nan
3870,38.712,,38.71200000000135,False,9.958448317861444,0.17787584748130475,-0.34100941157427717,-0.045719058483944,nan,nan,nan,nan
3871,38.721,,38.721000000001354,False,9.93558113080959,0.18817720315733383,-0.35615313031793144,-0.04597033498944659,nan,nan,nan,nan
3872,38.73,,38.730000000001354,False,9.911771518896627,0.19883767897431676,-0.3718448865402461,-0.04627298009710163,nan,nan,nan,nan
3873,38.742,,38.742000000001354,False,9.878809916976236,0.2133150789363614,-0.3931178169446071,-0.046567329963829146,nan,nan,nan,nan
3874,38.751,,38.751000000001355,False,9.853182527843167,0.22448170791136385,-0.40952884359747865,-0.046808911997648,nan,nan,nan,nan
3875,38.76,,38.760000000001355,False,9.82684417551478,0.2358484784029941,-0.42620303707243,-0.04695343276279384,nan,nan,nan,nan
3876,38.772,,38.772000000001356,False,9.790587979796285,0.25133941881652905,-0.44892094291106827,-0.0471591389856766,nan,nan,nan,nan
3877,38.781,,38.781000000001356,False,9.762540017734699,0.26332101677439024,-0.46646153979446103,-0.04720679047926656,nan,nan,nan,nan
3878,38.79,,38.790000000001356,False,9.733943580695481,0.2754475029057846,-0.484206647891342,-0.04726897484695624,nan,nan,nan,nan
3879,38.802,,38.80200000000136,False,9.694616882578591,0.29217931877320524,-0.5086633563197499,-0.04725014346986564,nan,nan,nan,nan
3880,38.811,,38.81100000000136,False,9.66461137455594,0.30485733129656745,-0.527171817044421,-0.04722068351458924,nan,nan,nan,nan
3881,38.82,,38.82000000000136,False,9.633840066298367,0.31805492142124325,-0.5464244627793842,-0.0471084746312932,nan,nan,nan,nan
3882,38.832,,38.83200000000136,False,9.592209454740232,0.33572982069939383,-0.572166855474282,-0.046920871079272744,nan,nan,nan,nan
3883,38.841,,38.84100000000136,False,9.560103876817735,0.34974509205761933,-0.5925693343823257,-0.046687352981078366,nan,nan,nan,nan
3884,38.85,,38.85000000000136,False,9.527889557084784,0.3636405706722762,-0.6127587826804631,-0.04642591667448867,nan,nan,nan,nan
3885,38.862,,38.86200000000136,False,9.483887594373929,0.3830797946774383,-0.640988614534196,-0.04597215539632516,nan,nan,nan,nan
3886,38.871,,38.87100000000136,False,9.4508358471401,0.39756070792174336,-0.6619652746020475,-0.04557366453829156,nan,nan,nan,nan
3887,38.883,,38.88300000000136,False,9.405742520182992,0.4181186695883984,-0.6917487649130732,-0.04492295841486848,nan,nan,nan,nan
3828,38.292,,38.29200000000134,False,10.031138810360696,-0.1692411523545428,0.16903010486044628,-0.0053734326117609085,nan,nan,nan,nan
3829,38.301,,38.30100000000134,False,10.04900243959906,-0.16415116983822625,0.16185485626149868,-0.006572186117566113,nan,nan,nan,nan
3830,38.31,,38.31000000000134,False,10.064762389498886,-0.15784006390384803,0.15271306766054799,-0.007958953302671337,nan,nan,nan,nan
3831,38.322,,38.32200000000134,False,10.085844953933343,-0.15035216576579213,0.1419858847692518,-0.00961337725262666,nan,nan,nan,nan
3832,38.331,,38.33100000000134,False,10.099652018469868,-0.14372605167155827,0.13231215276879243,-0.011003434278058806,nan,nan,nan,nan
3833,38.34,,38.34000000000134,False,10.113986839133986,-0.13815971646955497,0.1243214150010233,-0.012183837249881445,nan,nan,nan,nan
3834,38.352,,38.35200000000134,False,10.130487405861052,-0.12941853166148842,0.11154353470257675,-0.013952064498475806,nan,nan,nan,nan
3835,38.361,,38.36100000000134,False,10.143419287290227,-0.12404241182039195,0.1038380053616729,-0.015035371473233434,nan,nan,nan,nan
3836,38.37,,38.37000000000134,False,10.154269816377612,-0.11752943434433806,0.09430632659033526,-0.016296271723349156,nan,nan,nan,nan
3837,38.382,,38.38200000000134,False,10.168612777145674,-0.10965537855840023,0.08288293990042145,-0.017785228073782525,nan,nan,nan,nan
3838,38.391,,38.39100000000134,False,10.177380606848356,-0.10280826284030772,0.07280357634791741,-0.01904079192204815,nan,nan,nan,nan
3839,38.4,,38.40000000000134,False,10.186518160842235,-0.09690007719359349,0.06422070106056585,-0.020093321951926046,nan,nan,nan,nan
3840,38.412,,38.41200000000134,False,10.196107852354707,-0.08780023969626302,0.050817375184624175,-0.021676684359466767,nan,nan,nan,nan
3841,38.421,,38.42100000000134,False,10.20366401238128,-0.0820114921438448,0.04242011727227525,-0.02263116136401747,nan,nan,nan,nan
3842,38.43,,38.43000000000134,False,10.209206079863037,-0.07518168997614945,0.03235568952383373,-0.023750759954367894,nan,nan,nan,nan
3843,38.442,,38.44200000000134,False,10.216264103761647,-0.06676192415772293,0.020033868091719337,-0.02505931921129955,nan,nan,nan,nan
3844,38.451,,38.45100000000134,False,10.21974240372441,-0.059582842590776654,0.009412329809883489,-0.026167774961492193,nan,nan,nan,nan
3845,38.46,,38.460000000001344,False,10.223607562679742,-0.053210818402623164,8.384181425428451e-05,-0.027084700992911635,nan,nan,nan,nan
3846,38.472,,38.472000000001344,False,10.22646297353126,-0.04360033548928247,-0.014129758870076885,-0.028470540427869825,nan,nan,nan,nan
3847,38.481,,38.481000000001345,False,10.228872190705337,-0.03727071532324453,-0.023379583753470434,-0.029291941710304827,nan,nan,nan,nan
3848,38.49,,38.490000000001345,False,10.229451461376888,-0.030006495148254424,-0.03411910478759209,-0.03026313525237644,nan,nan,nan,nan
3849,38.502,,38.502000000001345,False,10.229752293895395,-0.020871332002841966,-0.047548957243287795,-0.03138591942518639,nan,nan,nan,nan
3850,38.511,,38.511000000001346,False,10.228176687774237,-0.013243872546957127,-0.05885362375786369,-0.032340763069115895,nan,nan,nan,nan
3851,38.52,,38.520000000001346,False,10.226608673512521,-0.006279263134739057,-0.06909193045120342,-0.03311942406674603,nan,nan,nan,nan
3852,38.532,,38.53200000000135,False,10.222132004800658,0.003998334151246469,-0.08431461033276279,-0.03430077026732806,nan,nan,nan,nan
3853,38.541,,38.54100000000135,False,10.21868341726489,0.011004374359657275,-0.09459802975863213,-0.03498815000494317,nan,nan,nan,nan
3854,38.55,,38.55000000000135,False,10.213482661342079,0.018825437375806837,-0.10617497082466518,-0.03580670505028082,nan,nan,nan,nan
3855,38.562,,38.56200000000135,False,10.205767148408654,0.02885756022563327,-0.12096127928778068,-0.03674116095009268,nan,nan,nan,nan
3856,38.571,,38.57100000000135,False,10.19827623685156,0.03706072610808267,-0.13312230476218392,-0.03753768638161828,nan,nan,nan,nan
3857,38.58,,38.58000000000135,False,10.19056227855659,0.044767370572883165,-0.144477766584757,-0.03817648872267886,nan,nan,nan,nan
3858,38.592,,38.59200000000135,False,10.178060550609375,0.05590061101246187,-0.16096811755716675,-0.03914719753561678,nan,nan,nan,nan
3859,38.601,,38.60100000000135,False,10.168230599280585,0.06375362862204763,-0.17252405446318567,-0.039699279714440656,nan,nan,nan,nan
3860,38.61,,38.61000000000135,False,10.156654877283328,0.07229107161539315,-0.18516062872870034,-0.04036056958729812,nan,nan,nan,nan
3861,38.622,,38.62200000000135,False,10.139995888495493,0.08346428556619073,-0.20164778562986851,-0.04110270776583448,nan,nan,nan,nan
3862,38.631,,38.63100000000135,False,10.125851559442477,0.092419337816436,-0.21491232059677423,-0.04173489633570835,nan,nan,nan,nan
3863,38.64,,38.64000000000135,False,10.111188409868884,0.10107517877582081,-0.22767866824932387,-0.04223015497871907,nan,nan,nan,nan
3864,38.652,,38.65200000000135,False,10.089568865642129,0.11333029421218134,-0.24581174735642947,-0.04298107762982112,nan,nan,nan,nan
3865,38.661,,38.66100000000135,False,10.072727106548435,0.12226766825901901,-0.25897553038924237,-0.04339286363169111,nan,nan,nan,nan
3866,38.67,,38.67000000000135,False,10.054568233176907,0.1317409258611992,-0.2729754336401143,-0.04388739420853155,nan,nan,nan,nan
3867,38.682,,38.68200000000135,False,10.029172904320896,0.14438054990884552,-0.29161100043927585,-0.04442383908384484,nan,nan,nan,nan
3868,38.691,,38.69100000000135,False,10.008860749496172,0.1543148672628469,-0.306285045004456,-0.0448770189715542,nan,nan,nan,nan
3869,38.7,,38.70000000000135,False,9.987943840035735,0.16417967657041332,-0.3208127661279676,-0.04521409833512883,nan,nan,nan,nan
3870,38.712,,38.71200000000135,False,9.958448317861444,0.17787584748130475,-0.34100941157427717,-0.045719058483944,nan,nan,nan,nan
3871,38.721,,38.721000000001354,False,9.93558113080959,0.18817720315733383,-0.35615313031793144,-0.04597033498944659,nan,nan,nan,nan
3872,38.73,,38.730000000001354,False,9.911771518896627,0.19883767897431676,-0.3718448865402461,-0.04627298009710163,nan,nan,nan,nan
3873,38.742,,38.742000000001354,False,9.878809916976236,0.2133150789363614,-0.3931178169446071,-0.046567329963829146,nan,nan,nan,nan
3874,38.751,,38.751000000001355,False,9.853182527843167,0.22448170791136385,-0.40952884359747865,-0.046808911997648,nan,nan,nan,nan
3875,38.76,,38.760000000001355,False,9.82684417551478,0.2358484784029941,-0.42620303707243,-0.04695343276279384,nan,nan,nan,nan
3876,38.772,,38.772000000001356,False,9.790587979796285,0.25133941881652905,-0.44892094291106827,-0.0471591389856766,nan,nan,nan,nan
3877,38.781,,38.781000000001356,False,9.762540017734699,0.26332101677439024,-0.46646153979446103,-0.04720679047926656,nan,nan,nan,nan
3878,38.79,,38.790000000001356,False,9.733943580695481,0.2754475029057846,-0.484206647891342,-0.04726897484695624,nan,nan,nan,nan
3879,38.802,,38.80200000000136,False,9.694616882578591,0.29217931877320524,-0.5086633563197499,-0.04725014346986564,nan,nan,nan,nan
3880,38.811,,38.81100000000136,False,9.66461137455594,0.30485733129656745,-0.527171817044421,-0.04722068351458924,nan,nan,nan,nan
3881,38.82,,38.82000000000136,False,9.633840066298367,0.31805492142124325,-0.5464244627793842,-0.0471084746312932,nan,nan,nan,nan
3882,38.832,,38.83200000000136,False,9.592209454740232,0.33572982069939383,-0.572166855474282,-0.046920871079272744,nan,nan,nan,nan
3883,38.841,,38.84100000000136,False,9.560103876817735,0.34974509205761933,-0.5925693343823257,-0.046687352981078366,nan,nan,nan,nan
3884,38.85,,38.85000000000136,False,9.527889557084784,0.3636405706722762,-0.6127587826804631,-0.04642591667448867,nan,nan,nan,nan
3885,38.862,,38.86200000000136,False,9.483887594373929,0.3830797946774383,-0.640988614534196,-0.04597215539632516,nan,nan,nan,nan
3886,38.871,,38.87100000000136,False,9.4508358471401,0.39756070792174336,-0.6619652746020475,-0.04557366453829156,nan,nan,nan,nan
3887,38.883,,38.88300000000136,False,9.405742520182992,0.4181186695883984,-0.6917487649130732,-0.04492295841486848,nan,nan,nan,nan
3888,38.892,,38.89200000000136,False,9.372130519215203,0.4331161562714302,-0.7134010187090615,-0.04436551412065765,nan,nan,nan,nan
3889,38.901,,38.90100000000136,False,9.337743002233625,0.4493404756547365,-0.7368561197743186,-0.043724941514340906,nan,nan,nan,nan
3890,38.91,,38.91000000000136,False,9.303674847228235,0.46508573370925044,-0.759542485706695,-0.043009561637151174,nan,nan,nan,nan
3891,38.922,,38.92200000000136,False,9.257879735526183,0.48702841729406243,-0.7911518511222151,-0.04193028356381955,nan,nan,nan,nan
3892,38.931,,38.93100000000136,False,9.223912484763881,0.5029386325063255,-0.8139824573883708,-0.04101496114853534,nan,nan,nan,nan
3893,38.94,,38.94000000000136,False,9.189353957236083,0.5197390423883637,-0.838119096043601,-0.040015822586564234,nan,nan,nan,nan
3894,38.952,,38.95200000000136,False,9.143706495179428,0.5411608867161911,-0.8687610795271834,-0.038522197610519386,nan,nan,nan,nan
3895,38.961,,38.96100000000136,False,9.109014392459795,0.5582617472869981,-0.893261009282231,-0.03729723002145232,nan,nan,nan,nan
3896,38.97,,38.97000000000136,False,9.07499688267598,0.5742855886597228,-0.9160975967626779,-0.035951899476252304,nan,nan,nan,nan
3897,38.982,,38.982000000001364,False,9.029517123280996,0.5963323239731563,-0.9475233919939468,-0.03399998624986415,nan,nan,nan,nan
3898,38.991,,38.991000000001364,False,8.996238573401033,0.6117267882812599,-0.9693295129573545,-0.03238583015552951,nan,nan,nan,nan
3899,39.0,,39.000000000001364,False,8.9629346774465,0.6279532472472106,-0.992363329236525,-0.03066948598494431,nan,nan,nan,nan
3900,39.012,,39.012000000001365,False,8.919774637429889,0.6478021117591779,-1.0203319264209416,-0.028166613702159997,nan,nan,nan,nan
3901,39.021,,39.021000000001365,False,8.887608059769091,0.663664899955621,-1.042750869486145,-0.02616280177488152,nan,nan,nan,nan
3902,39.03,,39.030000000001365,False,8.856582962033185,0.6778648563771882,-1.0626371799013388,-0.02400962281153867,nan,nan,nan,nan
3903,39.042,,39.042000000001366,False,8.815933531340097,0.6972479925989078,-1.089800422616185,-0.02095204232219803,nan,nan,nan,nan
3904,39.051,,39.051000000001366,False,8.786768469025242,0.7100776974134275,-1.1075765142936744,-0.018488957108751845,nan,nan,nan,nan
3905,39.06,,39.06000000000137,False,8.758131494151366,0.7237316216408843,-1.1265841665381402,-0.015910921669270738,nan,nan,nan,nan
3906,39.072,,39.07200000000137,False,8.721770291781102,0.7394392738426376,-1.1481506056479596,-0.012250762641869278,nan,nan,nan,nan
3907,39.081,,39.08100000000137,False,8.695335258315296,0.7522130122876444,-1.1658159356464997,-0.00936976757196199,nan,nan,nan,nan
3908,39.09,,39.09000000000137,False,8.67030981195145,0.7628233351804921,-1.1802265673146763,-0.006348758602896673,nan,nan,nan,nan
3909,39.102,,39.10200000000137,False,8.63839539065708,0.7773034375291106,-1.199954051941309,-0.0021381663462999583,nan,nan,nan,nan
3910,39.111,,39.11100000000137,False,8.61605534698646,0.7859972732919613,-1.2115062897746998,0.0011628398468210407,nan,nan,nan,nan
3911,39.12,,39.12000000000137,False,8.594746316373863,0.79557544861723,-1.2244094180861549,0.00457239552826051,nan,nan,nan,nan
3912,39.132,,39.13200000000137,False,8.56844230684417,0.8052885104583392,-1.237060329131889,0.009282187388366423,nan,nan,nan,nan
3913,39.141,,39.14100000000137,False,8.550111423294622,0.8136503227801591,-1.2482039972597987,0.012934539524413605,nan,nan,nan,nan
3914,39.15,,39.15000000000137,False,8.533241581662372,0.8194562069920323,-1.255552277753086,0.016668423874966486,nan,nan,nan,nan
3915,39.162,,39.16200000000137,False,8.512788698358277,0.827510272618527,-1.2658942905221855,0.02178141512383673,nan,nan,nan,nan
3916,39.171,,39.17100000000137,False,8.499093589477381,0.8310489393045409,-1.2699619409687386,0.025679307260398812,nan,nan,nan,nan
3917,39.18,,39.18000000000137,False,8.486857148892787,0.8355780852879461,-1.2755774618873819,0.029657085271729618,nan,nan,nan,nan
3918,39.192,,39.19200000000137,False,8.472649646616375,0.8381741606015748,-1.2780127476177414,0.0349968251663718,nan,nan,nan,nan
3919,39.201,,39.20100000000137,False,8.46419775409699,0.8412969835126989,-1.2816862855813087,0.0390807815801838,nan,nan,nan,nan
3920,39.21,,39.21000000000137,False,8.457658572641947,0.8415425096363508,-1.2811317367566453,0.043141355057206884,nan,nan,nan,nan
3921,39.222,,39.22200000000137,False,8.452165877541214,0.8421691647226047,-1.2809744525219824,0.048601839129600255,nan,nan,nan,nan
3922,39.231,,39.23100000000137,False,8.450025353823008,0.8398944338689719,-1.2768547327605313,0.05263463945935555,nan,nan,nan,nan
3923,39.24,,39.24000000000137,False,8.45002173321134,0.8387100714647934,-1.2744632433723087,0.05670084030207612,nan,nan,nan,nan
3924,39.252,,39.252000000001374,False,8.452296530565423,0.833462555195569,-1.2659426938961538,0.06197746267837045,nan,nan,nan,nan
3925,39.261,,39.261000000001374,False,8.456455857034666,0.830881238566766,-1.261698495461789,0.06595794428925261,nan,nan,nan,nan
3926,39.27,,39.270000000001374,False,8.46176183701928,0.8253826641525094,-1.25319756520147,0.06978307122283178,nan,nan,nan,nan
3927,39.282,,39.282000000001375,False,8.471688286020159,0.8186169213886213,-1.2428780367760024,0.0748283872077174,nan,nan,nan,nan
3928,39.291,,39.291000000001375,False,8.480348935386948,0.8108789997655457,-1.2312808670701385,0.07840805926547059,nan,nan,nan,nan
3929,39.3,,39.300000000001376,False,8.49101758810389,0.8044941388895359,-1.2218172264315093,0.08197799715400206,nan,nan,nan,nan
3930,39.312,,39.312000000001376,False,8.506580294737995,0.7925284669792683,-1.2042015110054494,0.08640688304325958,nan,nan,nan,nan
3931,39.321,,39.321000000001376,False,8.520570373858872,0.785235495250494,-1.1936312941116345,0.08970771001678461,nan,nan,nan,nan
3932,39.33,,39.33000000000138,False,8.53500364563471,0.7752079578032481,-1.1790715726863856,0.09272545760358324,nan,nan,nan,nan
3933,39.342,,39.34200000000138,False,8.556467092720709,0.7628517371993594,-1.1613372066857142,0.09661791773026743,nan,nan,nan,nan
3934,39.351,,39.35100000000138,False,8.572479573566033,0.751255551754306,-1.1446610847120242,0.09921256460182457,nan,nan,nan,nan
3935,39.36,,39.36000000000138,False,8.590056223073454,0.7413338687670978,-1.1305900029183984,0.1017794575092121,nan,nan,nan,nan
3936,39.372,,39.37200000000138,False,8.613638693442324,0.7250900054777799,-1.1074418939439712,0.1047236995603137,nan,nan,nan,nan
3937,39.381,,39.38100000000138,False,8.633445125515005,0.7149005024377205,-1.0931722720055792,0.10690003725879162,nan,nan,nan,nan
3938,39.39,,39.39000000000138,False,8.653080204839728,0.7022434444078377,-1.075269401505137,0.10869545886569511,nan,nan,nan,nan
3939,39.402,,39.40200000000138,False,8.681663086472016,0.6866949226021267,-1.0535042878677068,0.11092502189589092,nan,nan,nan,nan
3940,39.411,,39.41100000000138,False,8.703203156405232,0.6729258624488649,-1.0340757200135715,0.11218275793544029,nan,nan,nan,nan
3941,39.42,,39.42000000000138,False,8.726806366663979,0.6609476805211214,-1.017398740532875,0.1134184040742228,nan,nan,nan,nan
3942,39.432,,39.43200000000138,False,8.758401652588548,0.6422517223772847,-0.9911138734031653,0.11448762152312258,nan,nan,nan,nan
3943,39.441,,39.44100000000138,False,8.78457319790736,0.6303119146985555,-0.9745894825292876,0.11527523734949795,nan,nan,nan,nan
3944,39.45,,39.45000000000138,False,8.810344551326882,0.6161053994275989,-0.9546563335931697,0.11561853100987923,nan,nan,nan,nan
3945,39.462,,39.46200000000138,False,8.847233602439355,0.5986122768359915,-0.9302990163260708,0.11592218752400467,nan,nan,nan,nan
3946,39.471,,39.47100000000138,False,8.87470565763364,0.5836040880671363,-0.9091654789555329,0.11569116191624354,nan,nan,nan,nan
3947,39.48,,39.48000000000138,False,8.90428867054297,0.5704137743055041,-0.8907904374884981,0.11547009838196177,nan,nan,nan,nan
3948,39.492,,39.49200000000138,False,8.943376361824818,0.5504157138011467,-0.8625867185463605,0.11455751794031163,nan,nan,nan,nan
3949,39.501,,39.50100000000138,False,8.97511261700317,0.5375155963741064,-0.8446117645707496,0.11390394252240503,nan,nan,nan,nan
3888,38.892,,38.89200000000136,False,9.372130519215203,0.4331161562714302,-0.7134010187090615,-0.04436551412065765,nan,nan,nan,nan
3889,38.901,,38.90100000000136,False,9.337743002233625,0.4493404756547365,-0.7368561197743186,-0.043724941514340906,nan,nan,nan,nan
3890,38.91,,38.91000000000136,False,9.303674847228235,0.46508573370925044,-0.759542485706695,-0.043009561637151174,nan,nan,nan,nan
3891,38.922,,38.92200000000136,False,9.257879735526183,0.48702841729406243,-0.7911518511222151,-0.04193028356381955,nan,nan,nan,nan
3892,38.931,,38.93100000000136,False,9.223912484763881,0.5029386325063255,-0.8139824573883708,-0.04101496114853534,nan,nan,nan,nan
3893,38.94,,38.94000000000136,False,9.189353957236083,0.5197390423883637,-0.838119096043601,-0.040015822586564234,nan,nan,nan,nan
3894,38.952,,38.95200000000136,False,9.143706495179428,0.5411608867161911,-0.8687610795271834,-0.038522197610519386,nan,nan,nan,nan
3895,38.961,,38.96100000000136,False,9.109014392459795,0.5582617472869981,-0.893261009282231,-0.03729723002145232,nan,nan,nan,nan
3896,38.97,,38.97000000000136,False,9.07499688267598,0.5742855886597228,-0.9160975967626779,-0.035951899476252304,nan,nan,nan,nan
3897,38.982,,38.982000000001364,False,9.029517123280996,0.5963323239731563,-0.9475233919939468,-0.03399998624986415,nan,nan,nan,nan
3898,38.991,,38.991000000001364,False,8.996238573401033,0.6117267882812599,-0.9693295129573545,-0.03238583015552951,nan,nan,nan,nan
3899,39.0,,39.000000000001364,False,8.9629346774465,0.6279532472472106,-0.992363329236525,-0.03066948598494431,nan,nan,nan,nan
3900,39.012,,39.012000000001365,False,8.919774637429889,0.6478021117591779,-1.0203319264209416,-0.028166613702159997,nan,nan,nan,nan
3901,39.021,,39.021000000001365,False,8.887608059769091,0.663664899955621,-1.042750869486145,-0.02616280177488152,nan,nan,nan,nan
3902,39.03,,39.030000000001365,False,8.856582962033185,0.6778648563771882,-1.0626371799013388,-0.02400962281153867,nan,nan,nan,nan
3903,39.042,,39.042000000001366,False,8.815933531340097,0.6972479925989078,-1.089800422616185,-0.02095204232219803,nan,nan,nan,nan
3904,39.051,,39.051000000001366,False,8.786768469025242,0.7100776974134275,-1.1075765142936744,-0.018488957108751845,nan,nan,nan,nan
3905,39.06,,39.06000000000137,False,8.758131494151366,0.7237316216408843,-1.1265841665381402,-0.015910921669270738,nan,nan,nan,nan
3906,39.072,,39.07200000000137,False,8.721770291781102,0.7394392738426376,-1.1481506056479596,-0.012250762641869278,nan,nan,nan,nan
3907,39.081,,39.08100000000137,False,8.695335258315296,0.7522130122876444,-1.1658159356464997,-0.00936976757196199,nan,nan,nan,nan
3908,39.09,,39.09000000000137,False,8.67030981195145,0.7628233351804921,-1.1802265673146763,-0.006348758602896673,nan,nan,nan,nan
3909,39.102,,39.10200000000137,False,8.63839539065708,0.7773034375291106,-1.199954051941309,-0.0021381663462999583,nan,nan,nan,nan
3910,39.111,,39.11100000000137,False,8.61605534698646,0.7859972732919613,-1.2115062897746998,0.0011628398468210407,nan,nan,nan,nan
3911,39.12,,39.12000000000137,False,8.594746316373863,0.79557544861723,-1.2244094180861549,0.00457239552826051,nan,nan,nan,nan
3912,39.132,,39.13200000000137,False,8.56844230684417,0.8052885104583392,-1.237060329131889,0.009282187388366423,nan,nan,nan,nan
3913,39.141,,39.14100000000137,False,8.550111423294622,0.8136503227801591,-1.2482039972597987,0.012934539524413605,nan,nan,nan,nan
3914,39.15,,39.15000000000137,False,8.533241581662372,0.8194562069920323,-1.255552277753086,0.016668423874966486,nan,nan,nan,nan
3915,39.162,,39.16200000000137,False,8.512788698358277,0.827510272618527,-1.2658942905221855,0.02178141512383673,nan,nan,nan,nan
3916,39.171,,39.17100000000137,False,8.499093589477381,0.8310489393045409,-1.2699619409687386,0.025679307260398812,nan,nan,nan,nan
3917,39.18,,39.18000000000137,False,8.486857148892787,0.8355780852879461,-1.2755774618873819,0.029657085271729618,nan,nan,nan,nan
3918,39.192,,39.19200000000137,False,8.472649646616375,0.8381741606015748,-1.2780127476177414,0.0349968251663718,nan,nan,nan,nan
3919,39.201,,39.20100000000137,False,8.46419775409699,0.8412969835126989,-1.2816862855813087,0.0390807815801838,nan,nan,nan,nan
3920,39.21,,39.21000000000137,False,8.457658572641947,0.8415425096363508,-1.2811317367566453,0.043141355057206884,nan,nan,nan,nan
3921,39.222,,39.22200000000137,False,8.452165877541214,0.8421691647226047,-1.2809744525219824,0.048601839129600255,nan,nan,nan,nan
3922,39.231,,39.23100000000137,False,8.450025353823008,0.8398944338689719,-1.2768547327605313,0.05263463945935555,nan,nan,nan,nan
3923,39.24,,39.24000000000137,False,8.45002173321134,0.8387100714647934,-1.2744632433723087,0.05670084030207612,nan,nan,nan,nan
3924,39.252,,39.252000000001374,False,8.452296530565423,0.833462555195569,-1.2659426938961538,0.06197746267837045,nan,nan,nan,nan
3925,39.261,,39.261000000001374,False,8.456455857034666,0.830881238566766,-1.261698495461789,0.06595794428925261,nan,nan,nan,nan
3926,39.27,,39.270000000001374,False,8.46176183701928,0.8253826641525094,-1.25319756520147,0.06978307122283178,nan,nan,nan,nan
3927,39.282,,39.282000000001375,False,8.471688286020159,0.8186169213886213,-1.2428780367760024,0.0748283872077174,nan,nan,nan,nan
3928,39.291,,39.291000000001375,False,8.480348935386948,0.8108789997655457,-1.2312808670701385,0.07840805926547059,nan,nan,nan,nan
3929,39.3,,39.300000000001376,False,8.49101758810389,0.8044941388895359,-1.2218172264315093,0.08197799715400206,nan,nan,nan,nan
3930,39.312,,39.312000000001376,False,8.506580294737995,0.7925284669792683,-1.2042015110054494,0.08640688304325958,nan,nan,nan,nan
3931,39.321,,39.321000000001376,False,8.520570373858872,0.785235495250494,-1.1936312941116345,0.08970771001678461,nan,nan,nan,nan
3932,39.33,,39.33000000000138,False,8.53500364563471,0.7752079578032481,-1.1790715726863856,0.09272545760358324,nan,nan,nan,nan
3933,39.342,,39.34200000000138,False,8.556467092720709,0.7628517371993594,-1.1613372066857142,0.09661791773026743,nan,nan,nan,nan
3934,39.351,,39.35100000000138,False,8.572479573566033,0.751255551754306,-1.1446610847120242,0.09921256460182457,nan,nan,nan,nan
3935,39.36,,39.36000000000138,False,8.590056223073454,0.7413338687670978,-1.1305900029183984,0.1017794575092121,nan,nan,nan,nan
3936,39.372,,39.37200000000138,False,8.613638693442324,0.7250900054777799,-1.1074418939439712,0.1047236995603137,nan,nan,nan,nan
3937,39.381,,39.38100000000138,False,8.633445125515005,0.7149005024377205,-1.0931722720055792,0.10690003725879162,nan,nan,nan,nan
3938,39.39,,39.39000000000138,False,8.653080204839728,0.7022434444078377,-1.075269401505137,0.10869545886569511,nan,nan,nan,nan
3939,39.402,,39.40200000000138,False,8.681663086472016,0.6866949226021267,-1.0535042878677068,0.11092502189589092,nan,nan,nan,nan
3940,39.411,,39.41100000000138,False,8.703203156405232,0.6729258624488649,-1.0340757200135715,0.11218275793544029,nan,nan,nan,nan
3941,39.42,,39.42000000000138,False,8.726806366663979,0.6609476805211214,-1.017398740532875,0.1134184040742228,nan,nan,nan,nan
3942,39.432,,39.43200000000138,False,8.758401652588548,0.6422517223772847,-0.9911138734031653,0.11448762152312258,nan,nan,nan,nan
3943,39.441,,39.44100000000138,False,8.78457319790736,0.6303119146985555,-0.9745894825292876,0.11527523734949795,nan,nan,nan,nan
3944,39.45,,39.45000000000138,False,8.810344551326882,0.6161053994275989,-0.9546563335931697,0.11561853100987923,nan,nan,nan,nan
3945,39.462,,39.46200000000138,False,8.847233602439355,0.5986122768359915,-0.9302990163260708,0.11592218752400467,nan,nan,nan,nan
3946,39.471,,39.47100000000138,False,8.87470565763364,0.5836040880671363,-0.9091654789555329,0.11569116191624354,nan,nan,nan,nan
3947,39.48,,39.48000000000138,False,8.90428867054297,0.5704137743055041,-0.8907904374884981,0.11547009838196177,nan,nan,nan,nan
3948,39.492,,39.49200000000138,False,8.943376361824818,0.5504157138011467,-0.8625867185463605,0.11455751794031163,nan,nan,nan,nan
3949,39.501,,39.50100000000138,False,8.97511261700317,0.5375155963741064,-0.8446117645707496,0.11390394252240503,nan,nan,nan,nan
3950,39.51,,39.510000000001384,False,9.00602902342439,0.5226005819950351,-0.8235162443056637,0.11278329095956126,nan,nan,nan,nan
3951,39.522,,39.522000000001384,False,9.049503832017496,0.5042547810765952,-0.7976859137944147,0.11118422074251959,nan,nan,nan,nan
3952,39.531,,39.531000000001384,False,9.081451634626049,0.48888043616692417,-0.7757670441155354,0.10952526804521644,nan,nan,nan,nan
3953,39.54,,39.540000000001385,False,9.115324953772365,0.47531824476090717,-0.7565804993529869,0.10792644365096668,nan,nan,nan,nan
3954,39.552,,39.552000000001385,False,9.15950260529964,0.455201623497148,-0.7277501088595875,0.10519313643620536,nan,nan,nan,nan
3955,39.561,,39.561000000001386,False,9.194771721027411,0.44218368024794086,-0.7092533047597572,0.10323691328963003,nan,nan,nan,nan
3956,39.57,,39.570000000001386,False,9.228763699657348,0.4274348620715007,-0.6879903660963885,0.10082803875967537,nan,nan,nan,nan
3957,39.582,,39.582000000001386,False,9.275842541935521,0.40934055634274097,-0.6619638859245448,0.09758739694757237,nan,nan,nan,nan
3958,39.591,,39.59100000000139,False,9.309994392355863,0.39442212588392195,-0.6402385113340607,0.09473313450525431,nan,nan,nan,nan
3959,39.6,,39.60000000000139,False,9.345735385506588,0.38123253108900995,-0.6211355692918892,0.09199792626992567,nan,nan,nan,nan
3960,39.612,,39.61200000000139,False,9.391750897792297,0.361944094906747,-0.5928490106447863,0.08781012752155526,nan,nan,nan,nan
3961,39.621,,39.62100000000139,False,9.427955806204318,0.3494102984135074,-0.5745828139793159,0.08483195054877911,nan,nan,nan,nan
3962,39.63,,39.63000000000139,False,9.462455238413806,0.33538999659605023,-0.5538748633547445,0.08144407840450332,nan,nan,nan,nan
3963,39.642,,39.64200000000139,False,9.509685685013542,0.3181532558655647,-0.528443231196248,0.07698411453201974,nan,nan,nan,nan
3964,39.651,,39.65100000000139,False,9.54367923309022,0.30407095967910974,-0.5074238405325537,0.07327473337016652,nan,nan,nan,nan
3965,39.66,,39.66000000000139,False,9.578894131106345,0.29152785781762053,-0.48877980239670965,0.06974039385309751,nan,nan,nan,nan
3966,39.672,,39.67200000000139,False,9.623618604940855,0.27334059796305965,-0.4614358935861547,0.06457429930141842,nan,nan,nan,nan
3967,39.681,,39.68100000000139,False,9.658225294868135,0.26138492215165415,-0.44355268533044456,0.060924486567983,nan,nan,nan,nan
3950,39.51,,39.510000000001384,False,9.00602902342439,0.5226005819950351,-0.8235162443056637,0.11278329095956126,nan,nan,nan,nan
3951,39.522,,39.522000000001384,False,9.049503832017496,0.5042547810765952,-0.7976859137944147,0.11118422074251959,nan,nan,nan,nan
3952,39.531,,39.531000000001384,False,9.081451634626049,0.48888043616692417,-0.7757670441155354,0.10952526804521644,nan,nan,nan,nan
3953,39.54,,39.540000000001385,False,9.115324953772365,0.47531824476090717,-0.7565804993529869,0.10792644365096668,nan,nan,nan,nan
3954,39.552,,39.552000000001385,False,9.15950260529964,0.455201623497148,-0.7277501088595875,0.10519313643620536,nan,nan,nan,nan
3955,39.561,,39.561000000001386,False,9.194771721027411,0.44218368024794086,-0.7092533047597572,0.10323691328963003,nan,nan,nan,nan
3956,39.57,,39.570000000001386,False,9.228763699657348,0.4274348620715007,-0.6879903660963885,0.10082803875967537,nan,nan,nan,nan
3957,39.582,,39.582000000001386,False,9.275842541935521,0.40934055634274097,-0.6619638859245448,0.09758739694757237,nan,nan,nan,nan
3958,39.591,,39.59100000000139,False,9.309994392355863,0.39442212588392195,-0.6402385113340607,0.09473313450525431,nan,nan,nan,nan
3959,39.6,,39.60000000000139,False,9.345735385506588,0.38123253108900995,-0.6211355692918892,0.09199792626992567,nan,nan,nan,nan
3960,39.612,,39.61200000000139,False,9.391750897792297,0.361944094906747,-0.5928490106447863,0.08781012752155526,nan,nan,nan,nan
3961,39.621,,39.62100000000139,False,9.427955806204318,0.3494102984135074,-0.5745828139793159,0.08483195054877911,nan,nan,nan,nan
3962,39.63,,39.63000000000139,False,9.462455238413806,0.33538999659605023,-0.5538748633547445,0.08144407840450332,nan,nan,nan,nan
3963,39.642,,39.64200000000139,False,9.509685685013542,0.3181532558655647,-0.528443231196248,0.07698411453201974,nan,nan,nan,nan
3964,39.651,,39.65100000000139,False,9.54367923309022,0.30407095967910974,-0.5074238405325537,0.07327473337016652,nan,nan,nan,nan
3965,39.66,,39.66000000000139,False,9.578894131106345,0.29152785781762053,-0.48877980239670965,0.06974039385309751,nan,nan,nan,nan
3966,39.672,,39.67200000000139,False,9.623618604940855,0.27334059796305965,-0.4614358935861547,0.06457429930141842,nan,nan,nan,nan
3967,39.681,,39.68100000000139,False,9.658225294868135,0.26138492215165415,-0.44355268533044456,0.060924486567983,nan,nan,nan,nan
3968,39.69,,39.69000000000139,False,9.690659259248495,0.24814314773558407,-0.423507282878172,0.05692516471659341,nan,nan,nan,nan
3969,39.702,,39.70200000000139,False,9.734069380824865,0.23172497212882537,-0.39867738139921904,0.05173161334456543,nan,nan,nan,nan
3970,39.711,,39.71100000000139,False,9.76438389843052,0.2184170304114059,-0.3783429944003153,0.047545618241920856,nan,nan,nan,nan
3971,39.72,,39.72000000000139,False,9.795116148736982,0.2063951983909962,-0.3600500059518416,0.043580112721461714,nan,nan,nan,nan
3972,39.732,,39.73200000000139,False,9.833021928711199,0.18909749999508807,-0.33346218264447375,0.03793781119022917,nan,nan,nan,nan
3973,39.741,,39.74100000000139,False,9.86169010117249,0.1774901563787539,-0.31571928366736374,0.03397645890663146,nan,nan,nan,nan
3974,39.75,,39.75000000000139,False,9.887813620202328,0.1647743646590559,-0.2960737774604927,0.02973235120622333,nan,nan,nan,nan
3975,39.762,,39.76200000000139,False,9.921900808180421,0.14875501781542327,-0.27137424072901895,0.02427471680149744,nan,nan,nan,nan
3976,39.771,,39.77100000000139,False,9.944864368968778,0.13586725449604867,-0.2513230196359831,0.019963360000604967,nan,nan,nan,nan
3977,39.78,,39.780000000001394,False,9.967649401125284,0.12395176963351284,-0.2328839201392265,0.015898778924444613,nan,nan,nan,nan
3978,39.792,,39.792000000001394,False,9.994581618155163,0.10694818577594828,-0.20633854885071634,0.01021952671859512,nan,nan,nan,nan
3979,39.801,,39.801000000001395,False,10.014358155524855,0.0951771558043347,-0.18809563460823944,0.006253123020398107,nan,nan,nan,nan
3980,39.81,,39.810000000001395,False,10.031493037394664,0.08245947489637515,-0.16819494261867562,0.0020699813979170698,nan,nan,nan,nan
3981,39.822,,39.822000000001395,False,10.052872308559893,0.06606687940922641,-0.1426437567542802,-0.003268899239582363,nan,nan,nan,nan
3982,39.831,,39.831000000001396,False,10.066194200624885,0.05300320792164544,-0.12212069219897283,-0.007423736661271764,nan,nan,nan,nan
3983,39.84,,39.840000000001396,False,10.078804713764187,0.04055060559332352,-0.10270092463396008,-0.01132544488352588,nan,nan,nan,nan
3984,39.852,,39.8520000000014,False,10.092072441236754,0.022972579572536386,-0.07507800370458505,-0.016700267491638558,nan,nan,nan,nan
3985,39.861,,39.8610000000014,False,10.10099286008401,0.0103352141726049,-0.055408391659807966,-0.020438347163344556,nan,nan,nan,nan
3986,39.87,,39.8700000000014,False,10.107364766406393,-0.0030782451255812636,-0.034346797660789886,-0.02432989597588606,nan,nan,nan,nan
3987,39.882,,39.8820000000014,False,10.113806799521807,-0.02078246437073771,-0.006710549585623952,-0.029265115471227156,nan,nan,nan,nan
3988,39.891,,39.8910000000014,False,10.11601384236111,-0.034702995568682136,0.015167620248040834,-0.03305515075023727,nan,nan,nan,nan
3989,39.9,,39.9000000000014,False,10.117175430721513,-0.04827151408831084,0.036300645331058104,-0.036598488428826625,nan,nan,nan,nan
3990,39.912,,39.9120000000014,False,10.115417171285436,-0.06707837086538915,0.06578787277617346,-0.04141246494682282,nan,nan,nan,nan
3991,39.921,,39.9210000000014,False,10.11290274878376,-0.08077337523284026,0.08701955641110107,-0.04473586920675505,nan,nan,nan,nan
3992,39.93,,39.9300000000014,False,10.10820896165509,-0.09494448134740163,0.10916970172032875,-0.048148177579431496,nan,nan,nan,nan
3993,39.942,,39.9420000000014,False,10.100037360937936,-0.11352569486972129,0.13799991988588584,-0.052424499115219514,nan,nan,nan,nan
3994,39.951,,39.9510000000014,False,10.091758960848741,-0.12774285507482305,0.16019567853673602,-0.0556541331471914,nan,nan,nan,nan
3995,39.96,,39.9600000000014,False,10.082540110220494,-0.14154520060554912,0.1815089587924819,-0.058636420898737995,nan,nan,nan,nan
3996,39.972,,39.9720000000014,False,10.067610140854587,-0.16014346621827585,0.21040152018807887,-0.06261167732939556,nan,nan,nan,nan
3997,39.981,,39.9810000000014,False,10.055378410838093,-0.17360191943667028,0.23101451241675588,-0.06530317358032009,nan,nan,nan,nan
3998,39.99,,39.9900000000014,False,10.041502641783717,-0.18716416292418922,0.2519521434305764,-0.0680148978904385,nan,nan,nan,nan
3999,40.002,,40.0020000000014,False,10.021421515321743,-0.20475303261746844,0.27882752323179766,-0.07132950994546788,nan,nan,nan,nan
4000,40.011,,40.0110000000014,False,10.004782994614976,-0.21787935916292828,0.29899453619854177,-0.07376901336400846,nan,nan,nan,nan
4001,40.02,,40.0200000000014,False,9.987369655740851,-0.23058146828568815,0.31822213739577504,-0.07595740134283205,nan,nan,nan,nan
4002,40.032,,40.0320000000014,False,9.962239220833801,-0.24732380615303945,0.34369895866296407,-0.07878529020661391,nan,nan,nan,nan
4003,40.041,,40.041000000001404,False,9.942555312059012,-0.25943921268135145,0.3617794967614533,-0.08061369128733399,nan,nan,nan,nan
4004,40.05,,40.050000000001404,False,9.92176094106153,-0.27141644064187376,0.37979716046411643,-0.08239957343026735,nan,nan,nan,nan
4005,40.062,,40.062000000001404,False,9.892805992021923,-0.2869362227118079,0.40280257942125214,-0.08446052113318123,nan,nan,nan,nan
4006,40.071,,40.071000000001405,False,9.87005895811147,-0.29833412304163776,0.4197828204933298,-0.0859028357975637,nan,nan,nan,nan
4007,40.08,,40.080000000001405,False,9.84670224166185,-0.3094482948654608,0.4360148720951242,-0.08709904959088986,nan,nan,nan,nan
4008,40.092,,40.092000000001406,False,9.814326052521587,-0.3238949068801743,0.45722130885143875,-0.08853781776784299,nan,nan,nan,nan
4009,40.101,,40.101000000001406,False,9.78939869773412,-0.3344874272693974,0.4723859715582693,-0.08933608645253327,nan,nan,nan,nan
4010,40.11,,40.110000000001406,False,9.763844852935135,-0.34480381047525677,0.4872883572328194,-0.09004763896134954,nan,nan,nan,nan
4011,40.122,,40.12200000000141,False,9.728877090860156,-0.35829792332337174,0.506426673701063,-0.0906814170865234,nan,nan,nan,nan
4012,40.131,,40.13100000000141,False,9.702110101272684,-0.3680784356487609,0.5203772773294164,-0.09101973588883193,nan,nan,nan,nan
4013,40.149,,40.14900000000141,False,9.647253787532229,-0.38717832169308175,0.547005167457974,-0.09111085732374181,nan,nan,nan,nan
4014,40.152,,40.15200000000141,False,9.637977599513986,-0.3902027133444247,0.5513057309436497,-0.09109341356314664,nan,nan,nan,nan
4015,40.161,,40.16100000000141,False,9.60983367497252,-0.3995135292119042,0.563991904918466,-0.09081316167705861,nan,nan,nan,nan
4016,40.17,,40.17000000000141,False,9.581310702244528,-0.40844172449135996,0.576284662525697,-0.09042446896897893,nan,nan,nan,nan
4017,40.182,,40.18200000000141,False,9.542691430000023,-0.42039192290325456,0.5924159413000888,-0.08962267709878946,nan,nan,nan,nan
4018,40.191,,40.19100000000141,False,9.513677049693435,-0.4289497365324861,0.604046742636064,-0.08887478609665336,nan,nan,nan,nan
4019,40.2,,40.20000000000141,False,9.484406228376573,-0.43763134602125053,0.6155615871019435,-0.08793661742696715,nan,nan,nan,nan
4020,40.212,,40.21200000000141,False,9.445327993755818,-0.4485417608187555,0.6301355160214341,-0.08649239062601576,nan,nan,nan,nan
4021,40.221,,40.22100000000141,False,9.415782914715711,-0.45690782827184856,0.6409992781644369,-0.08520289647773362,nan,nan,nan,nan
4022,40.23,,40.23000000000141,False,9.386418028900609,-0.46467482308600017,0.651197235890952,-0.08380056051225461,nan,nan,nan,nan
4023,40.242,,40.24200000000141,False,9.347035596372681,-0.4750764526379279,0.6645919168987561,-0.08169538694457358,nan,nan,nan,nan
4024,40.251,,40.25100000000141,False,9.317769264425458,-0.4822460407107441,0.673890770094921,-0.07997783550350651,nan,nan,nan,nan
4025,40.26,,40.26000000000141,False,9.288400325229222,-0.48966543418145575,0.6832811000645946,-0.0781116054704289,nan,nan,nan,nan
4026,40.272,,40.27200000000141,False,9.249468873803744,-0.49866937845090564,0.6947547982017024,-0.07544742873169195,nan,nan,nan,nan
4027,40.281,,40.28100000000141,False,9.219899009835322,-0.5058188170994177,0.7036204236425337,-0.07329463005903153,nan,nan,nan,nan
4028,40.29,,40.29000000000141,False,9.190527294710186,-0.5122216338870755,0.711641856428459,-0.07104018759943793,nan,nan,nan,nan
4029,40.302,,40.302000000001414,False,9.15105930950387,-0.5210126607347767,0.7224612012470407,-0.06785927632552946,nan,nan,nan,nan
4030,40.311,,40.311000000001414,False,9.121741766788439,-0.5268764949152772,0.7297250489804872,-0.0653589365819635,nan,nan,nan,nan
4031,40.32,,40.320000000001414,False,9.092273498037326,-0.5332039049723676,0.737399493047787,-0.06275697413737634,nan,nan,nan,nan
4032,40.332,,40.332000000001415,False,9.053412718171462,-0.5406064379977064,0.7464307541360538,-0.059148893940417634,nan,nan,nan,nan
4033,40.341,,40.341000000001415,False,9.02420089021149,-0.5467662038713398,0.7537830613674353,-0.05634208720719379,nan,nan,nan,nan
4034,40.35,,40.350000000001415,False,8.995490987116039,-0.5520060746753176,0.7600857313572543,-0.053456271756437454,nan,nan,nan,nan
4035,40.362,,40.362000000001416,False,8.95732286180921,-0.559370331603306,0.7688228380895491,-0.049497835986437255,nan,nan,nan,nan
4036,40.371,,40.371000000001416,False,8.929295431592688,-0.563986570626562,0.7743200508638289,-0.04644831995467301,nan,nan,nan,nan
4037,40.383,,40.38300000000142,False,8.892125082401307,-0.5709112948714353,0.7824240786893091,-0.04229465950013607,nan,nan,nan,nan
4038,40.392,,40.39200000000142,False,8.864966221160739,-0.5748126735790935,0.7870145476363815,-0.03911160409066756,nan,nan,nan,nan
4039,40.401,,40.40100000000142,False,8.837889509492435,-0.5797461793617337,0.792709673924789,-0.03588904486520173,nan,nan,nan,nan
4040,40.41,,40.41000000000142,False,8.811468843506468,-0.5835288806073841,0.7970715048143612,-0.032618816922253546,nan,nan,nan,nan
4041,40.422,,40.42200000000142,False,8.77682358158948,-0.5889535790600071,0.8032511975094605,-0.028210508338590568,nan,nan,nan,nan
4042,40.431,,40.43100000000142,False,8.75166074555159,-0.5918741215051032,0.8065363830118887,-0.024864940758540795,nan,nan,nan,nan
4043,40.44,,40.44000000000142,False,8.72684135079259,-0.5954348256901062,0.8105049629058398,-0.021504594766450207,nan,nan,nan,nan
4044,40.452,,40.45200000000142,False,8.69482117175587,-0.5985548899075335,0.8138779637194243,-0.01699184215637817,nan,nan,nan,nan
4045,40.461,,40.46100000000142,False,8.671298853972472,-0.601665961678857,0.8172365024442462,-0.013604246421913697,nan,nan,nan,nan
4046,40.47,,40.47000000000142,False,8.64861228429435,-0.6033799771836423,0.8189560198728968,-0.010207563991698665,nan,nan,nan,nan
4047,40.482,,40.48200000000142,False,8.619154119636068,-0.60602638821225,0.8215976631152477,-0.005690725474707527,nan,nan,nan,nan
4048,40.491,,40.49100000000142,False,8.59799673343845,-0.6066572263087899,0.8219748299120893,-0.002311412647313027,nan,nan,nan,nan
4049,40.5,,40.50000000000142,False,8.57738043755059,-0.6079809488090601,0.8231047030209103,0.0010459972887667238,nan,nan,nan,nan
4050,40.512,,40.51200000000142,False,8.551088450165814,-0.6078681461325769,0.822384949987992,0.005488889394392615,nan,nan,nan,nan
4051,40.521,,40.52100000000142,False,8.532071894785892,-0.6086116900008768,0.8227469928285649,0.008783311085220478,nan,nan,nan,nan
4052,40.53,,40.53000000000142,False,8.5139130798524,-0.6077808335636775,0.8212527654727567,0.012041703558796602,nan,nan,nan,nan
4053,40.542,,40.54200000000142,False,8.49070590911735,-0.6070330650525824,0.8196087826866835,0.016318247473137586,nan,nan,nan,nan
4054,40.551,,40.55100000000142,False,8.474251160049935,-0.6049701801028479,0.8165923092802404,0.019464801452883554,nan,nan,nan,nan
4055,40.56,,40.56000000000142,False,8.458478929992983,-0.6036465119793707,0.8143836669529452,0.022557911350283292,nan,nan,nan,nan
4056,40.572,,40.572000000001424,False,8.438997547634042,-0.5998092430345783,0.8089740869743209,0.02657736706028508,nan,nan,nan,nan
4057,40.581,,40.581000000001424,False,8.42595932418,-0.5977506765782984,0.8057960189471814,0.029519450382822908,nan,nan,nan,nan
4058,40.59,,40.590000000001424,False,8.414270044429461,-0.5939616637378753,0.8005674096135071,0.03237639954597925,nan,nan,nan,nan
4059,40.602,,40.602000000001425,False,8.400536692868867,-0.5892141608718814,0.7938586956754923,0.03606690540866942,nan,nan,nan,nan
4060,40.611,,40.611000000001425,False,8.391601298640504,-0.5840289582059134,0.7868884570964718,0.0387195610472759,nan,nan,nan,nan
4061,40.62,,40.620000000001426,False,8.383784999973676,-0.5795843514531849,0.7807116005871507,0.0412925732931705,nan,nan,nan,nan
4062,40.632,,40.632000000001426,False,8.374896331658864,-0.5715026202859018,0.7699049135538639,0.04454735496990583,nan,nan,nan,nan
4063,40.641,,40.641000000001426,False,8.369425977016212,-0.5663268178365188,0.7627455624791308,0.04688864121413938,nan,nan,nan,nan
4064,40.65,,40.65000000000143,False,8.364814445098823,-0.5594304788559896,0.7535510814813395,0.04909759633351442,nan,nan,nan,nan
4065,40.662,,40.66200000000143,False,8.360030919700469,-0.5506320391564313,0.7416499728611471,0.05188434021182341,nan,nan,nan,nan
4066,40.671,,40.67100000000143,False,8.357300005838633,-0.5424797849851171,0.7308741362757163,0.05381160411412504,nan,nan,nan,nan
4067,40.68,,40.68000000000143,False,8.355410281076253,-0.5351537613812467,0.7209802515574386,0.05564288874382391,nan,nan,nan,nan
4068,40.692,,40.69200000000143,False,8.353821382312702,-0.5233841800599512,0.7054089514176374,0.057851039828939625,nan,nan,nan,nan
4069,40.701,,40.70100000000143,False,8.353523040586431,-0.5155444193794351,0.6947803499649191,0.05939295818478015,nan,nan,nan,nan
4070,40.71,,40.71000000000143,False,8.353682897354792,-0.5061183743006326,0.682286638310501,0.06076617939265321,nan,nan,nan,nan
4071,40.722,,40.72200000000143,False,8.354863309326129,-0.4940922911149327,0.6661417629224364,0.062417486904798,nan,nan,nan,nan
4072,40.731,,40.73100000000143,False,8.356196093404039,-0.4836896772457169,0.6523946196044635,0.06346111401124989,nan,nan,nan,nan
4073,40.74,,40.74000000000143,False,8.358144466981315,-0.47418058905115434,0.6395897750183183,0.06440520485698911,nan,nan,nan,nan
4074,40.752,,40.75200000000143,False,8.36118916689799,-0.4597388295046628,0.6204326896920459,0.06539633474738814,nan,nan,nan,nan
4075,40.761,,40.76100000000143,False,8.364114400259092,-0.44994113670236713,0.6071422641964808,0.06602638619968496,nan,nan,nan,nan
4076,40.77,,40.77000000000143,False,8.367181951407863,-0.4387310333382271,0.5922056209025299,0.06646841200338015,nan,nan,nan,nan
4077,40.782,,40.78200000000143,False,8.371907255971,-0.4244213072707466,0.5728913920316525,0.06687970468560143,nan,nan,nan,nan
4078,40.791,,40.79100000000143,False,8.375579015296937,-0.4124936463701513,0.5569998341479137,0.06698211361159187,nan,nan,nan,nan
4079,40.8,,40.80000000000143,False,8.37969161782573,-0.4015546506271297,0.5421559344948301,0.06699787469925367,nan,nan,nan,nan
4080,40.812,,40.81200000000143,False,8.385259049910463,-0.3855151707552675,0.5206730707840951,0.06674768272337264,nan,nan,nan,nan
4081,40.821,,40.82100000000143,False,8.389914377737131,-0.37473827076281385,0.5059168661996272,0.06647086500327172,nan,nan,nan,nan
4082,40.83,,40.830000000001434,False,8.394494953209321,-0.3628080046559388,0.4898533864649617,0.06600832875792303,nan,nan,nan,nan
4083,40.842,,40.842000000001434,False,8.4010604076893,-0.34796900312800394,0.4696083204276154,0.06525017048416122,nan,nan,nan,nan
4084,40.851,,40.851000000001434,False,8.40591903790795,-0.3359848395361325,0.45347123120215194,0.0644904988292748,nan,nan,nan,nan
4085,40.86,,40.860000000001435,False,8.41114609337691,-0.32528031341538083,0.4387750732299175,0.0636775790738458,nan,nan,nan,nan
4086,40.872,,40.872000000001435,False,8.417994074584149,-0.31001533421182137,0.4181112241986436,0.06235202220209049,nan,nan,nan,nan
4087,40.881,,40.881000000001436,False,8.423546107852706,-0.30013656310867926,0.40440535841309755,0.06131220506470276,nan,nan,nan,nan
4088,40.89,,40.890000000001436,False,8.428898571298483,-0.28938002789146994,0.38976771089965656,0.06010836942589343,nan,nan,nan,nan
4089,40.902,,40.902000000001436,False,8.436410363049001,-0.27647527299887903,0.3719396927697279,0.058419730349883216,nan,nan,nan,nan
4090,40.911,,40.91100000000144,False,8.441868161708442,-0.2662080801572819,0.3579850885108422,0.056995944841222106,nan,nan,nan,nan
4091,40.92,,40.92000000000144,False,8.447663629580104,-0.25739326179547584,0.34572251817818467,0.0555623279877333,nan,nan,nan,nan
4092,40.932,,40.93200000000144,False,8.455146095390067,-0.24490849144414814,0.32867422046611766,0.05345960053311323,nan,nan,nan,nan
4093,40.941,,40.94100000000144,False,8.461143962948386,-0.2372365413168568,0.317868561752952,0.05188920082880112,nan,nan,nan,nan
4094,40.95,,40.95000000000144,False,8.466862145817586,-0.22879109612240037,0.306284229271646,0.05018766130918511,nan,nan,nan,nan
4095,40.962,,40.96200000000144,False,8.474810371315506,-0.21903403773041916,0.2926469762906322,0.047901977943283575,nan,nan,nan,nan
4096,40.971,,40.97100000000144,False,8.480520151440071,-0.21117307314446077,0.28191140461453856,0.0460723464224649,nan,nan,nan,nan
4097,40.98,,40.98000000000144,False,8.486545246123821,-0.2047357145389351,0.27284905006760757,0.04427751431775466,nan,nan,nan,nan
4098,40.992,,40.99200000000144,False,8.494241805241508,-0.1954011934556017,0.2600565030883063,0.04174908462607441,nan,nan,nan,nan
4099,41.001,,41.00100000000144,False,8.500372815780235,-0.1900051910164149,0.2523449053907415,0.03990942543030175,nan,nan,nan,nan
4100,41.01,,41.01000000000144,False,8.506161759506885,-0.1837912069122677,0.24379932417165462,0.03797238019531022,nan,nan,nan,nan
4101,41.022,,41.02200000000144,False,8.51415452158764,-0.17685848737832535,0.23402613310986553,0.035433133273914265,nan,nan,nan,nan
4102,41.031,,41.03100000000144,False,8.519835419698314,-0.17103209689731924,0.22607807923810214,0.03345222020721129,nan,nan,nan,nan
4103,41.04,,41.04000000000144,False,8.525476161577549,-0.16650668636643898,0.2196459126413057,0.031543984020703734,nan,nan,nan,nan
4104,41.052,,41.05200000000144,False,8.531750573283217,-0.1596090915633114,0.21020590135917366,0.028913839234244485,nan,nan,nan,nan
4105,41.061,,41.06100000000144,False,8.53634294042869,-0.15589173133668538,0.20481251228074082,0.02703814019141109,nan,nan,nan,nan
4106,41.07,,41.07000000000144,False,8.540279612943442,-0.1512838492764085,0.19848166002656162,0.025093190560523858,nan,nan,nan,nan
4107,41.082,,41.08200000000144,False,8.545475394409932,-0.14630468549578293,0.1914074792473273,0.022589733453138576,nan,nan,nan,nan
4108,41.091,,41.09100000000144,False,8.548892814595165,-0.14185023288133886,0.1853511362616053,0.020665809243748764,nan,nan,nan,nan
4109,41.1,,41.100000000001444,False,8.552532791946112,-0.13855445191588395,0.18061833732204696,0.0188408384591301,nan,nan,nan,nan
4110,41.112,,41.112000000001444,False,8.556905882394528,-0.13315810092687433,0.17324827317321045,0.016355913337263925,nan,nan,nan,nan
4111,41.121,,41.121000000001445,False,8.56053288142869,-0.13040266882357837,0.16918421335345105,0.014615035357081897,nan,nan,nan,nan
4112,41.13,,41.130000000001445,False,8.563800799430826,-0.12668562017006832,0.16407998786641265,0.012823816407651378,nan,nan,nan,nan
4113,41.142,,41.142000000001445,False,8.568469244097823,-0.12270839978885265,0.15838541076180035,0.010553932015455457,nan,nan,nan,nan
4114,41.151,,41.151000000001446,False,8.57169728073089,-0.11892423764768273,0.15324767503518985,0.00882436509036056,nan,nan,nan,nan
4115,41.16,,41.160000000001446,False,8.57528315967147,-0.11617273565013549,0.149260348109056,0.0072088190778136964,nan,nan,nan,nan
4116,41.172,,41.17200000000145,False,8.579728052857838,-0.11141172247978418,0.14275413793023978,0.005024454106279968,nan,nan,nan,nan
4117,41.181,,41.18100000000145,False,8.583483975295767,-0.10899931982468664,0.13915330636882367,0.0035225495203111954,nan,nan,nan,nan
4118,41.19,,41.19000000000145,False,8.586918799953027,-0.10559104665456846,0.13446107335795854,0.0019815605341488214,nan,nan,nan,nan
4119,41.202,,41.20200000000145,False,8.591836201774894,-0.10189119974658878,0.129127526881226,5.900512623443865e-05,nan,nan,nan,nan
4120,41.211,,41.21100000000145,False,8.595254086032165,-0.09828069815114654,0.12420939421720444,-0.0013997122992167284,nan,nan,nan,nan
4121,41.22,,41.22000000000145,False,8.599014768682894,-0.09561305398947363,0.12031562823007373,-0.0027388731521391526,nan,nan,nan,nan
4122,41.232,,41.23200000000145,False,8.603662531869784,-0.09094066805296154,0.11389787358288526,-0.00454413741243488,nan,nan,nan,nan
4123,41.241,,41.24100000000145,False,8.607529050315955,-0.08850483054299607,0.11023613371964615,-0.005758355319814371,nan,nan,nan,nan
4124,41.25,,41.25000000000145,False,8.61104273405028,-0.08508322349357518,0.1054950103366722,-0.007006165224727259,nan,nan,nan,nan
4125,41.262,,41.26200000000145,False,8.61599495480036,-0.08128989958961133,0.09998795268231872,-0.008535525369884845,nan,nan,nan,nan
4126,41.271,,41.27100000000145,False,8.619392723616269,-0.07762151271755728,0.09495569665070132,-0.0096952021513772,nan,nan,nan,nan
4127,41.28,,41.28000000000145,False,8.623077730956739,-0.07483898635198893,0.09086656038784058,-0.010736764158052936,nan,nan,nan,nan
4128,41.292,,41.29200000000145,False,8.627559331310293,-0.07004513574825401,0.08423307919715668,-0.012141661970983488,nan,nan,nan,nan
4129,41.301,,41.30100000000145,False,8.631231917872329,-0.06746044468225423,0.08032709592753234,-0.01305936300703311,nan,nan,nan,nan
4130,41.31,,41.31000000000145,False,8.634512908761357,-0.06393065240999662,0.07540058730983808,-0.014008576037665485,nan,nan,nan,nan
4131,41.322,,41.32200000000145,False,8.63906795694808,-0.059953910697939386,0.06959114396051326,-0.015144989486902776,nan,nan,nan,nan
4132,41.331,,41.33100000000145,False,8.64212248862558,-0.056188134077416414,0.06439173833418979,-0.01600936444315403,nan,nan,nan,nan
4133,41.34,,41.34000000000145,False,8.645404181702368,-0.053268576642330465,0.060079185175139604,-0.016761596057375885,nan,nan,nan,nan
4134,41.352,,41.35200000000145,False,8.649292463628422,-0.048353321148745486,0.053239935943581805,-0.017780905925532716,nan,nan,nan,nan
4135,41.361,,41.361000000001454,False,8.65245163727336,-0.04563494506769038,0.049119002922886325,-0.018417657608478934,nan,nan,nan,nan
4136,41.37,,41.370000000001454,False,8.655192768521497,-0.04202754582924195,0.0440619154811921,-0.019085409947716805,nan,nan,nan,nan
4137,41.382,,41.382000000001455,False,8.658949703301076,-0.037924207020223595,0.03804705416340559,-0.019856120465955605,nan,nan,nan,nan
4138,41.391,,41.391000000001455,False,8.661375925187038,-0.03411676339830901,0.03277485757115862,-0.020447240292313682,nan,nan,nan,nan
4139,41.4,,41.400000000001455,False,8.663975618142024,-0.031122326136241097,0.028341896043131913,-0.020934888097997782,nan,nan,nan,nan
4140,41.412,,41.412000000001456,False,8.666921003057247,-0.026181493390415134,0.021455702443396413,-0.021603120713591717,nan,nan,nan,nan
4141,41.421,,41.421000000001456,False,8.669313662733448,-0.023405955734220343,0.017244482339470374,-0.02198740260886091,nan,nan,nan,nan
4142,41.43,,41.430000000001456,False,8.67127852395217,-0.019803781327478804,0.012192254758995096,-0.02240256271399898,nan,nan,nan,nan
4143,41.442,,41.44200000000146,False,8.673937244879765,-0.0156882848569027,0.0061571587289641514,-0.0228483705191965,nan,nan,nan,nan
4144,41.451,,41.45100000000146,False,8.675528268990101,-0.011929276983147148,0.0009581480523544851,-0.023197251520089758,nan,nan,nan,nan
4145,41.46,,41.46000000000146,False,8.677247921926117,-0.008949936638690285,-0.003451016693528402,-0.023452807652404,nan,nan,nan,nan
4146,41.472,,41.47200000000146,False,8.679009483512198,-0.004106165088269106,-0.0101873509169796,-0.02381349333140575,nan,nan,nan,nan
4147,41.481,,41.48100000000146,False,8.680465400155555,-0.001363436696691469,-0.014346122212461137,-0.023979328174943217,nan,nan,nan,nan
4148,41.49,,41.49000000000146,False,8.681499695117646,0.002143102603657623,-0.019249615590643948,-0.024175684768850358,nan,nan,nan,nan
4149,41.502,,41.50200000000146,False,8.682869860696755,0.00615413965862215,-0.02512078238720303,-0.024342687685900335,nan,nan,nan,nan
4150,41.511,,41.51100000000146,False,8.683499565899853,0.0097787513190647,-0.03011068498255668,-0.024483712720490027,nan,nan,nan,nan
4151,41.52,,41.52000000000146,False,8.684221665873695,0.012661382368161798,-0.03436813612418432,-0.024542294481401432,nan,nan,nan,nan
4152,41.532,,41.53200000000146,False,8.68466326951451,0.017302977897466394,-0.04078966286972386,-0.024641860396411582,nan,nan,nan,nan
4153,41.541,,41.54100000000146,False,8.685090097553429,0.019939994699251905,-0.04478275817798134,-0.02462472433248721,nan,nan,nan,nan
4154,41.55,,41.55000000000146,False,8.685115028242915,0.023280743315409184,-0.049428292526255385,-0.02463729019194984,nan,nan,nan,nan
4155,41.562,,41.56200000000146,False,8.6851053874489,0.02710161071067511,-0.055003146784346,-0.024572531487546803,nan,nan,nan,nan
4156,41.571,,41.57100000000146,False,8.684719224012593,0.030531589345269085,-0.05969091884739492,-0.024540572770459197,nan,nan,nan,nan
4157,41.58,,41.58000000000146,False,8.684396891988719,0.03326313474318719,-0.06371355602467658,-0.024437358206295896,nan,nan,nan,nan
4158,41.592,,41.59200000000146,False,8.683473024867066,0.03763570546217034,-0.06971827753527753,-0.024322125844527715,nan,nan,nan,nan
4159,41.601,,41.60100000000146,False,8.682845223655272,0.040123598465478666,-0.07348043439009755,-0.02415699118593898,nan,nan,nan,nan
4160,41.61,,41.61000000000146,False,8.681846074209993,0.04325832504982888,-0.07780762115978215,-0.02402025008858775,nan,nan,nan,nan
4161,41.622,,41.622000000001464,False,8.680448926796215,0.04684316126750418,-0.08301839757371453,-0.02376967768236761,nan,nan,nan,nan
4162,41.631,,41.631000000001464,False,8.679052121856436,0.050047871000327315,-0.08735915183990602,-0.023598741722116623,nan,nan,nan,nan
4163,41.64,,41.640000000001464,False,8.67769728646438,0.05260287977748966,-0.09111056644002714,-0.02336775886691308,nan,nan,nan,nan
4164,41.652,,41.652000000001465,False,8.67543727820241,0.05667694796545416,-0.09665699727046592,-0.023082488305014786,nan,nan,nan,nan
4165,41.661,,41.661000000001465,False,8.673784343552734,0.05899907523424108,-0.10016592137292643,-0.022802850177316158,nan,nan,nan,nan
4166,41.67,,41.670000000001465,False,8.671798820227838,0.061913192054480794,-0.1041557098739309,-0.022549843201523947,nan,nan,nan,nan
4167,41.682,,41.682000000001466,False,8.669074610473224,0.06524822864697537,-0.10898604583105677,-0.02215718830836349,nan,nan,nan,nan
4168,41.691,,41.691000000001466,False,8.666720806861093,0.0682195389106168,-0.11297103381166931,-0.021879613887029744,nan,nan,nan,nan
4169,41.7,,41.70000000000147,False,8.664392976552236,0.07059349860056933,-0.11644812814162925,-0.021552981416095855,nan,nan,nan,nan
4170,41.712,,41.71200000000147,False,8.660886296035128,0.07436522660498372,-0.12153565864632965,-0.021139878766413763,nan,nan,nan,nan
4171,41.721,,41.72100000000147,False,8.658281898585608,0.07652228197207453,-0.12479634043991805,-0.020777040921524034,nan,nan,nan,nan
4172,41.73,,41.73000000000147,False,8.655389490045142,0.079217056655775,-0.12845472709082648,-0.020438649044661576,nan,nan,nan,nan
4173,41.742,,41.74200000000147,False,8.651452827854818,0.0823071663804907,-0.13291739041137587,-0.01994448685203992,nan,nan,nan,nan
4174,41.751,,41.75100000000147,False,8.648233853951641,0.08504923566744323,-0.13655709548871894,-0.0195902335342062,nan,nan,nan,nan
4175,41.76,,41.76000000000147,False,8.645030015673626,0.08724830627600538,-0.13977321080240881,-0.01919746100382062,nan,nan,nan,nan
4176,41.772,,41.77200000000147,False,8.640413099873298,0.09072593944346755,-0.14441986572927018,-0.01869523410090102,nan,nan,nan,nan
4177,41.781,,41.78100000000147,False,8.636965343130539,0.09272589517387758,-0.14744823950037172,-0.018277614065540473,nan,nan,nan,nan
4178,41.79,,41.79000000000147,False,8.633277801219014,0.09520863893263007,-0.15079034948693806,-0.01788185542643689,nan,nan,nan,nan
4179,41.802,,41.80200000000147,False,8.628284933444437,0.09806461107459316,-0.15490678451298884,-0.017322683773605716,nan,nan,nan,nan
4180,41.811,,41.81100000000147,False,8.624321640536772,0.10058473294587197,-0.15821626363708685,-0.016918640955307186,nan,nan,nan,nan
4181,41.82,,41.82000000000147,False,8.620367184720118,0.10261689744403656,-0.1611871584674367,-0.01648595698506302,nan,nan,nan,nan
4182,41.832,,41.83200000000147,False,8.614811603750416,0.10580961687060618,-0.16541200806017992,-0.015928929594552898,nan,nan,nan,nan
4183,41.841,,41.84100000000147,False,8.610654236291943,0.10765978170178676,-0.16822258622165093,-0.015481423464224486,nan,nan,nan,nan
4184,41.85,,41.85000000000147,False,8.606306989425965,0.10993640877959071,-0.17126111378575948,-0.015052829078023817,nan,nan,nan,nan
4185,41.862,,41.86200000000147,False,8.600444463571565,0.11256569943428318,-0.17504723403006278,-0.014460279444722925,nan,nan,nan,nan
4186,41.871,,41.87100000000147,False,8.595878430464115,0.11486797263364365,-0.1780364309256538,-0.014029698646195894,nan,nan,nan,nan
4187,41.88,,41.88000000000147,False,8.591318908368837,0.11673714590010774,-0.1807713797305728,-0.013579521040392319,nan,nan,nan,nan
4188,41.892,,41.892000000001474,False,8.585020612744415,0.11964806377360045,-0.18458398989877617,-0.01299696885770882,nan,nan,nan,nan
4189,41.901,,41.901000000001474,False,8.580305016611543,0.12135034311509585,-0.18718284047842482,-0.01254050415588948,nan,nan,nan,nan
4190,41.91,,41.910000000001475,False,8.575449345981513,0.12342120301122314,-0.18992187754697462,-0.012099701631794198,nan,nan,nan,nan
4191,41.922,,41.922000000001475,False,8.568923658964572,0.12582309619922394,-0.19338100798228783,-0.01150005474206244,nan,nan,nan,nan
4192,41.931,,41.931000000001475,False,8.563909622726715,0.12790541959651677,-0.19605038573019065,-0.011062230245607912,nan,nan,nan,nan
4193,41.94,,41.940000000001476,False,8.558903208951506,0.1296088542861917,-0.19854848926459998,-0.010612899147927563,nan,nan,nan,nan
4194,41.952,,41.952000000001476,False,8.55207271027436,0.1322323454982358,-0.2019451531398038,-0.010028757596915804,nan,nan,nan,nan
4195,41.961,,41.96100000000148,False,8.546960569188613,0.1337816703034173,-0.20432777236834274,-0.009580138406837335,nan,nan,nan,nan
4196,41.97,,41.97000000000148,False,8.541756465170042,0.13564046467931815,-0.20676136855299734,-0.009143737368358945,nan,nan,nan,nan
4197,41.982,,41.98200000000148,False,8.534784604991318,0.13780517709211823,-0.20988317368360132,-0.008557852950851558,nan,nan,nan,nan
4198,41.991,,41.99100000000148,False,8.5294835634565,0.13965906440941328,-0.2122235948908194,-0.008128118745759123,nan,nan,nan,nan
4199,42.0,,42.00000000000148,False,8.52419417851044,0.14118743511909976,-0.2144740878043236,-0.007693949930586614,nan,nan,nan,nan
4200,42.012,,42.01200000000148,False,8.517047620201666,0.14350981608540692,-0.21743901801739868,-0.0071269493088771535,nan,nan,nan,nan
4201,42.021,,42.02100000000148,False,8.511704243620912,0.1448949003574993,-0.21959161416638887,-0.006699021916888886,nan,nan,nan,nan
4202,42.03,,42.03000000000148,False,8.506313927911892,0.14652976952350072,-0.2217054973133863,-0.006279815539958425,nan,nan,nan,nan
4203,42.042,,42.04200000000148,False,8.499114798386644,0.1484401938589944,-0.2244687084499693,-0.005723476936007985,nan,nan,nan,nan
4204,42.051,,42.05100000000148,False,8.493687785236425,0.15005237795539986,-0.22646387084020692,-0.005313505296987464,nan,nan,nan,nan
4205,42.06,,42.06000000000148,False,8.488278882821179,0.1513914902680308,-0.22844871776696268,-0.00490513816900035,nan,nan,nan,nan
4206,42.072,,42.07200000000148,False,8.481374442220972,0.15338720785291124,-0.2309482616815625,-0.004368917659124707,nan,nan,nan,nan
4207,42.081,,42.08100000000148,False,8.476900842469327,0.15457423003807894,-0.23282312404090874,-0.003969885515412269,nan,nan,nan,nan
4208,42.09,,42.09000000000148,False,8.472902862042314,0.1559405512476307,-0.23455371686832366,-0.003575539471026676,nan,nan,nan,nan
4209,42.102,,42.10200000000148,False,8.468180654378619,0.1575201327877986,-0.23684757819610455,-0.0030568593910900296,nan,nan,nan,nan
4210,42.111,,42.11100000000148,False,8.465015141639684,0.15882213763075625,-0.23839832610159042,-0.002672123345898878,nan,nan,nan,nan
4211,42.12,,42.12000000000148,False,8.462121527172219,0.15989365942165593,-0.2400029913159223,-0.0022935398614710263,nan,nan,nan,nan
4212,42.132,,42.13200000000148,False,8.45857324522584,0.16145928237350318,-0.24188695393981005,-0.0017936247210080588,nan,nan,nan,nan
4213,42.141,,42.14100000000148,False,8.456111683039607,0.1623888838994207,-0.24339791440198388,-0.001427667287506924,nan,nan,nan,nan
4214,42.15,,42.150000000001484,False,8.453779415227231,0.16344508695543344,-0.2446866709591608,-0.0010636225512907127,nan,nan,nan,nan
4215,42.171,,42.171000000001484,False,8.448674958459168,0.16565531415316406,-0.24757989492618784,-0.0002374364848938525,nan,nan,nan,nan
4216,42.171,,42.171000000001484,False,8.448674958459168,0.16565531415316406,-0.24757989492618784,-0.0002374364848938525,nan,nan,nan,nan
4217,42.18,,42.180000000001485,False,8.446587839179989,0.16647588124678245,-0.24883202249601172,0.00010472996950153776,nan,nan,nan,nan
4218,42.192,,42.192000000001485,False,8.443837931359383,0.16766012631370278,-0.25017718066419803,0.0005584145786240433,nan,nan,nan,nan
4219,42.201,,42.201000000001486,False,8.441774448683935,0.16838544817121706,-0.25140483861590224,0.0008850506576876207,nan,nan,nan,nan
4220,42.21,,42.210000000001486,False,8.439742333024185,0.16920084191956913,-0.252356150563799,0.0012121661798461898,nan,nan,nan,nan
4221,42.222,,42.222000000001486,False,8.437035411660023,0.17016296502514852,-0.2537858219247996,0.001632601405941247,nan,nan,nan,nan
4222,42.231,,42.23100000000149,False,8.435023832062784,0.1709262648898647,-0.2545778615151692,0.001946956662819297,nan,nan,nan,nan
4223,42.24,,42.24000000000149,False,8.43300316099351,0.17157293400717621,-0.2555937648274531,0.002247285253854593,nan,nan,nan,nan
4224,42.252,,42.25200000000149,False,8.430316692741458,0.17246352288129538,-0.25653461783255765,0.0026469852320992553,nan,nan,nan,nan
4225,42.261,,42.26100000000149,False,8.428285768182135,0.17301090943615988,-0.257523655011567,0.0029293575468952652,nan,nan,nan,nan
4226,42.27,,42.27000000000149,False,8.426269467225103,0.17358217791093508,-0.25814015952010055,0.0032139764622686256,nan,nan,nan,nan
4227,42.282,,42.28200000000149,False,8.423559427484546,0.1742429059062004,-0.25916064509841574,0.0035749055580970865,nan,nan,nan,nan
4228,42.291,,42.29100000000149,False,8.421543984847194,0.17472826125247398,-0.25956961331587786,0.003845881737013618,nan,nan,nan,nan
4229,42.3,,42.30000000000149,False,8.419516797159947,0.17513974221922138,-0.26026546488001645,0.00410041106442226,nan,nan,nan,nan
4230,42.312,,42.31200000000149,False,8.416836199760027,0.17565803380207834,-0.2606919313334691,0.004440670919888152,nan,nan,nan,nan
4231,42.321,,42.32100000000149,False,8.414818645513435,0.17598016349388357,-0.26137394392976027,0.004676052787816352,nan,nan,nan,nan
4232,42.33,,42.33000000000149,False,8.412832530778662,0.17627935359102373,-0.261613148732322,0.004915176711909999,nan,nan,nan,nan
4233,42.342,,42.34200000000149,False,8.410186553120747,0.17661997331308202,-0.26219200014155614,0.005213766912424456,nan,nan,nan,nan
4234,42.351,,42.35100000000149,False,8.408241526431615,0.17682869806490364,-0.26221453475747236,0.005438977450805602,nan,nan,nan,nan
4235,42.36,,42.36000000000149,False,8.406303092645945,0.17701001400966404,-0.26259183260719837,0.005646247943603434,nan,nan,nan,nan
4236,42.372,,42.37200000000149,False,8.403772722288558,0.17717274848161138,-0.26252053468420306,0.005924651594394586,nan,nan,nan,nan
4237,42.381,,42.38100000000149,False,8.401891692691867,0.1772787406823201,-0.26290355482114136,0.0061122411754657826,nan,nan,nan,nan
4238,42.39,,42.39000000000149,False,8.400062150350054,0.17731709311841837,-0.26277733555593774,0.006304545692273405,nan,nan,nan,nan
4239,42.402,,42.40200000000149,False,8.397657676020083,0.17734364555013454,-0.26291883905463925,0.00653989089484251,nan,nan,nan,nan
4240,42.411,,42.41100000000149,False,8.395915257428715,0.17727831878598305,-0.2625563886965558,0.006718287709964377,nan,nan,nan,nan
4241,42.42,,42.420000000001494,False,8.394200243587536,0.17722284330755725,-0.2626040778645626,0.006878089430224851,nan,nan,nan,nan
4242,42.432,,42.432000000001494,False,8.391993783412538,0.1770182428800292,-0.2620169949155047,0.00709389063974236,nan,nan,nan,nan
4243,42.441,,42.441000000001495,False,8.390378913753784,0.17688908765022418,-0.262073261212303,0.007234092181192601,nan,nan,nan,nan
4244,42.45,,42.450000000001495,False,8.388828385644269,0.17664850226412293,-0.2615553372389422,0.007379504829549744,nan,nan,nan,nan
4245,42.462,,42.462000000001495,False,8.386823530655214,0.17632891951219734,-0.2612128989549055,0.007552334815549115,nan,nan,nan,nan
4246,42.471,,42.471000000001496,False,8.385393279129048,0.17596781055001104,-0.2604335884570896,0.0076841318653352725,nan,nan,nan,nan
4247,42.48,,42.480000000001496,False,8.384007477169643,0.17564880503523922,-0.26011217580659013,0.007797449975909705,nan,nan,nan,nan
4248,42.492,,42.4920000000015,False,8.382253390138493,0.175047722109441,-0.25896533052020987,0.0079515093657429,nan,nan,nan,nan
4249,42.501,,42.5010000000015,False,8.3809957617219,0.17465753556435581,-0.2586554767476637,0.008045814696197334,nan,nan,nan,nan
4250,42.51,,42.5100000000015,False,8.379805973753122,0.1741193074047613,-0.2577163893426864,0.008145356301360134,nan,nan,nan,nan
4251,42.522,,42.5220000000015,False,8.37830113333568,0.17342797389601117,-0.2568491287906496,0.008257704306323234,nan,nan,nan,nan
4252,42.531,,42.5310000000015,False,8.37724835863998,0.17275948133561347,-0.2556329329551852,0.008344072965483555,nan,nan,nan,nan
4253,42.54,,42.5400000000015,False,8.37625217891353,0.17216282474747363,-0.25491854780971895,0.008412711754745016,nan,nan,nan,nan
4254,42.552,,42.5520000000015,False,8.375018555157899,0.17115677197830156,-0.25319490883594464,0.008506963482478161,nan,nan,nan,nan
4255,42.561,,42.5610000000015,False,8.374163601008206,0.17049574451056063,-0.2525011951092818,0.008557509151522898,nan,nan,nan,nan
4256,42.57,,42.5700000000015,False,8.373371693214168,0.1696580097823591,-0.2511347904344302,0.008612871430582817,nan,nan,nan,nan
4257,42.582,,42.5820000000015,False,8.37240839568372,0.16859532305267375,-0.2497389485649211,0.008667559547016328,nan,nan,nan,nan
4258,42.591,,42.5910000000015,False,8.371755933185165,0.16762845125390502,-0.24809589171471305,0.008710308177538158,nan,nan,nan,nan
4259,42.6,,42.6000000000015,False,8.371168192471105,0.16677710961328276,-0.24701862738457153,0.00873668465005701,nan,nan,nan,nan
4260,42.612,,42.6120000000015,False,8.370470563608741,0.1654175524836945,-0.24478860427242344,0.00877401842054922,nan,nan,nan,nan
4261,42.621,,42.6210000000015,False,8.370026404887872,0.16456231388293172,-0.24381763140420687,0.008783691975120848,nan,nan,nan,nan
4262,42.63,,42.6300000000015,False,8.36963503285171,0.16352106921031387,-0.24215832796639228,0.008797463323598997,nan,nan,nan,nan
4263,42.642,,42.6420000000015,False,8.369213321345091,0.1622790136797509,-0.24050245451388574,0.008798527404903665,nan,nan,nan,nan
4264,42.651,,42.6510000000015,False,8.368956966466536,0.16118828712864586,-0.23867705731255817,0.00880052304438646,nan,nan,nan,nan
4265,42.66,,42.6600000000015,False,8.368773332960945,0.16029431547794792,-0.23753220952759455,0.008787934822371586,nan,nan,nan,nan
4266,42.672,,42.6720000000015,False,8.36860219402048,0.15889567587660253,-0.23523343421496443,0.008772532053308116,nan,nan,nan,nan
4267,42.681,,42.681000000001504,False,8.368562871920867,0.1581047532214106,-0.23434178104293277,0.00874487288221458,nan,nan,nan,nan
4268,42.69,,42.690000000001504,False,8.368564032949644,0.15712548832589304,-0.2327555647701329,0.008720390646145954,nan,nan,nan,nan
4269,42.702,,42.702000000001505,False,8.3686745812899,0.156057281442598,-0.23132205998149563,0.008672640637863957,nan,nan,nan,nan
4270,42.711,,42.711000000001505,False,8.368806008151543,0.1551011200795063,-0.22966606670199774,0.008637420933465536,nan,nan,nan,nan
4271,42.72,,42.720000000001505,False,8.36901995619135,0.15440999247577,-0.22878366931773178,0.008589822509091462,nan,nan,nan,nan
4272,42.732,,42.732000000001506,False,8.369364979782112,0.15327435817587018,-0.2268198433980703,0.008526994490324655,nan,nan,nan,nan
4273,42.741,,42.741000000001506,False,8.369724789243113,0.15274899418174204,-0.22627067478676102,0.008466561859352116,nan,nan,nan,nan
4274,42.75,,42.750000000001506,False,8.370111230445325,0.1520094988753766,-0.22498789481595327,0.008408414245143785,nan,nan,nan,nan
4275,42.762,,42.76200000000151,False,8.370745683532023,0.15130997996022147,-0.22402051472660225,0.008318663091769667,nan,nan,nan,nan
4276,42.771,,42.77100000000151,False,8.371257163370672,0.15060321575065808,-0.22267257211338556,0.008251512552483381,nan,nan,nan,nan
4277,42.78,,42.78000000000151,False,8.371862229605217,0.1502004449824111,-0.2221467905911592,0.008174773399532959,nan,nan,nan,nan
4278,42.792,,42.79200000000151,False,8.372712451933639,0.14940096519673315,-0.22058617324786176,0.008072602826783548,nan,nan,nan,nan
4279,42.801,,42.80100000000151,False,8.37346428096439,0.1491643817249066,-0.22038253557491716,0.00798613773018992,nan,nan,nan,nan
4280,42.81,,42.81000000000151,False,8.374226741413143,0.14866565421166336,-0.21937600922265368,0.007901140402393599,nan,nan,nan,nan
4281,42.822,,42.82200000000151,False,8.375372740436042,0.14830168769749527,-0.21878695443708107,0.007779158782999565,nan,nan,nan,nan
4282,42.831,,42.83100000000151,False,8.376252765785805,0.14779938043640875,-0.21765402992554314,0.007687515901432567,nan,nan,nan,nan
4283,42.84,,42.84000000000151,False,8.377237787908726,0.14762248504577866,-0.21736474497239672,0.007589556282824792,nan,nan,nan,nan
4284,42.852,,42.85200000000151,False,8.378575047532966,0.14705770021669035,-0.21602403740023424,0.007458639402627292,nan,nan,nan,nan
4285,42.861,,42.86100000000151,False,8.379705378835538,0.14701918227976105,-0.21600566546974734,0.007354555981233511,nan,nan,nan,nan
4286,42.87,,42.87000000000151,False,8.380827774215959,0.14666439633075892,-0.21510938150973308,0.007250993180566042,nan,nan,nan,nan
4287,42.882,,42.88200000000151,False,8.382462778175586,0.1464951711918405,-0.21466023705419204,0.007108145402186349,nan,nan,nan,nan
4288,42.891,,42.89100000000151,False,8.383691829758053,0.14608835342397217,-0.2135621139190199,0.0070003640178474,nan,nan,nan,nan
4289,42.9,,42.90000000000151,False,8.385036944476255,0.14602296729819506,-0.21332066929701354,0.006889752540442654,nan,nan,nan,nan
4290,42.912,,42.91200000000151,False,8.386831168968037,0.1455402515771084,-0.2119534031900509,0.006741161545844923,nan,nan,nan,nan
4291,42.921,,42.92100000000151,False,8.38831682887792,0.14558123298508777,-0.21192907156459267,0.006627908359446878,nan,nan,nan,nan
4292,42.93,,42.93000000000151,False,8.389773449865544,0.1452544483406322,-0.21095992925405044,0.006513863852845689,nan,nan,nan,nan
4293,42.942,,42.942000000001514,False,8.391861386702026,0.1451237588245428,-0.21040535093024582,0.006360843378777277,nan,nan,nan,nan
4294,42.951,,42.951000000001514,False,8.393409874739351,0.14469895176815242,-0.20916773068372604,0.006244524185463103,nan,nan,nan,nan
4295,42.96,,42.960000000001514,False,8.395084624154505,0.14463034495979718,-0.20879770297223096,0.006128824522897882,nan,nan,nan,nan
4296,42.972,,42.972000000001515,False,8.397291824917975,0.1440833492198879,-0.20718402762216706,0.005972009748908564,nan,nan,nan,nan
4297,42.981,,42.981000000001515,False,8.399098619733866,0.14409329115798747,-0.20698714299298374,0.0058565518562065004,nan,nan,nan,nan
4298,42.99,,42.990000000001515,False,8.400853101716999,0.14369011405600993,-0.20579169615799994,0.005738493159685483,nan,nan,nan,nan
4299,43.002,,43.002000000001516,False,8.403343196322766,0.1434608909925506,-0.20493062382860575,0.005583554721666428,nan,nan,nan,nan
4300,43.011,,43.011000000001516,False,8.405170890958935,0.14292231368771788,-0.20341676837575112,0.00546434977375742,nan,nan,nan,nan
4301,43.02,,43.02000000000152,False,8.407133717085728,0.14275528053335867,-0.2027812163437123,0.005349004261994264,nan,nan,nan,nan
4302,43.032,,43.03200000000152,False,8.409695683885715,0.1420276815201613,-0.20075875664184908,0.00519049188782339,nan,nan,nan,nan
4303,43.041,,43.04100000000152,False,8.411778235006299,0.14192040908261122,-0.20026757633854453,0.0050774332450837885,nan,nan,nan,nan
4304,43.05,,43.05000000000152,False,8.413783642081304,0.14136318330871822,-0.19874002824976328,0.004959462846805141,nan,nan,nan,nan
4305,43.062,,43.06200000000152,False,8.41661067033682,0.1409362540615412,-0.1974370466271363,0.0048075737440407326,nan,nan,nan,nan
4306,43.071,,43.07100000000152,False,8.418667126489762,0.14021865556772892,-0.19556179277158944,0.00468869220299733,nan,nan,nan,nan
4307,43.08,,43.08000000000152,False,8.420865848225603,0.1398892718208295,-0.19457577038587368,0.0045766148082184216,nan,nan,nan,nan
4308,43.092,,43.09200000000152,False,8.423711070334333,0.13890837806323966,-0.19205345143753505,0.004419648380759726,nan,nan,nan,nan
4309,43.101,,43.10100000000152,False,8.426013568612381,0.13863068665977732,-0.19119943874522416,0.004311061963392977,nan,nan,nan,nan
4310,43.11,,43.11000000000152,False,8.4282133302201,0.13787543037836922,-0.18928779817726116,0.004194864570558156,nan,nan,nan,nan
4311,43.122,,43.12200000000152,False,8.431298992423432,0.13719618842762102,-0.1874781009849104,0.004047769165192116,nan,nan,nan,nan
4312,43.131,,43.13100000000152,False,8.433524739344902,0.1362677355090953,-0.1852088106983835,0.003930144833971692,nan,nan,nan,nan
4313,43.14,,43.14000000000152,False,8.435897794904683,0.13574455406538596,-0.18383818418697234,0.003821960664418195,nan,nan,nan,nan
4314,43.152,,43.15200000000152,False,8.4389432965572,0.13448013780136034,-0.18079095475071058,0.0036669602263738514,nan,nan,nan,nan
4315,43.161,,43.16100000000152,False,8.441400940714527,0.13400912806988258,-0.1795525090482879,0.0035628051649403162,nan,nan,nan,nan
4316,43.17,,43.17000000000152,False,8.443730385736927,0.1330413076116086,-0.1772501576590338,0.003448143771198421,nan,nan,nan,nan
4317,43.182,,43.18200000000152,False,8.446985450992766,0.13209212976111598,-0.17492569629413282,0.00330511077043183,nan,nan,nan,nan
4318,43.191,,43.19100000000152,False,8.44931367376732,0.13094735500128107,-0.172269937907393,0.003188031930213083,nan,nan,nan,nan
4319,43.2,,43.20000000000152,False,8.451791858221346,0.13022354161798652,-0.1705179952045703,0.003082745850532082,nan,nan,nan,nan
4320,43.212,,43.212000000001524,False,8.454945588619228,0.1286761595636639,-0.1669672519748197,0.0029282670212211724,nan,nan,nan,nan
4321,43.221,,43.221000000001524,False,8.457486452035464,0.12800999494300092,-0.16535442572292833,0.0028271395188829477,nan,nan,nan,nan
4322,43.23,,43.230000000001525,False,8.459874698389234,0.12683486977688666,-0.1626842293350168,0.0027126358057283652,nan,nan,nan,nan
4323,43.242,,43.242000000001525,False,8.463201624018378,0.12562206599011702,-0.1598723954606468,0.002571525485227336,nan,nan,nan,nan
4324,43.251,,43.251000000001525,False,8.465560142770263,0.12427196575441644,-0.15686182845281044,0.002453451022759187,nan,nan,nan,nan
4325,43.26,,43.260000000001526,False,8.468068670289012,0.12335558796460047,-0.1547535744481338,0.0023492696953241105,nan,nan,nan,nan
4326,43.272,,43.272000000001526,False,8.471232267186625,0.12154380810548902,-0.1507465866420018,0.0021931009099997005,nan,nan,nan,nan
4327,43.281,,43.28100000000153,False,8.473779483069366,0.12069254020166174,-0.14878643670162672,0.0020930546393991474,nan,nan,nan,nan
4328,43.29,,43.29000000000153,False,8.476151604243178,0.11932620740099528,-0.1457865066211675,0.0019769988568064003,nan,nan,nan,nan
4329,43.302,,43.30200000000153,False,8.479447560893604,0.117868710989881,-0.14253233063303053,0.0018353268779822695,nan,nan,nan,nan
4330,43.311,,43.31100000000153,False,8.481761088317285,0.11633261890324019,-0.13921001400669414,0.0017146615073023778,nan,nan,nan,nan
4331,43.32,,43.32000000000153,False,8.484221972898299,0.11523901784067872,-0.13678040099129607,0.0016097545560960227,nan,nan,nan,nan
4332,43.332,,43.33200000000153,False,8.48729392467685,0.11318977117265742,-0.13237556833424993,0.0014498902819234205,nan,nan,nan,nan
4333,43.341,,43.34100000000153,False,8.489768216202531,0.1121686937279733,-0.13010217404704008,0.0013491458984045597,nan,nan,nan,nan
4334,43.35,,43.35000000000153,False,8.49204772821778,0.11063176332145773,-0.1268164485392968,0.0012301718759328262,nan,nan,nan,nan
4335,43.362,,43.36200000000153,False,8.495208090977528,0.10895342756003541,-0.12317132769937093,0.0010859728729939989,nan,nan,nan,nan
4336,43.371,,43.37100000000153,False,8.497400822372738,0.10725363457237781,-0.1195839401672778,0.0009616717465036223,nan,nan,nan,nan
4337,43.38,,43.38000000000153,False,8.499735623422518,0.10600055276880915,-0.11687095693594098,0.000854755531788897,nan,nan,nan,nan
4338,43.392,,43.39200000000153,False,8.502614894700923,0.10374315861311938,-0.11212943657678467,0.0006901125264932684,nan,nan,nan,nan
4339,43.401,,43.40100000000153,False,8.504937483643909,0.10256889843292044,-0.10957856609823642,0.0005875707083423442,nan,nan,nan,nan
4340,43.41,,43.41000000000153,False,8.507049185252425,0.10088288347495014,-0.10605192727822499,0.00046512386148053276,nan,nan,nan,nan
4341,43.422,,43.42200000000153,False,8.509634939216681,0.09901239231763712,-0.10207237280712876,0.00031761897068787614,nan,nan,nan,nan
4342,43.431,,43.43100000000153,False,8.510731036120967,0.09718250035388312,-0.09827791420090677,0.0001898023438064306,nan,nan,nan,nan
4343,43.44,,43.44000000000153,False,8.511529163098984,0.09580477972020596,-0.09533670242827487,8.085650188944611e-05,nan,nan,nan,nan
4344,43.452,,43.45200000000153,False,8.511838763436824,0.09339821834655512,-0.09034814348591196,-8.769843074237218e-05,nan,nan,nan,nan
4345,43.461,,43.46100000000153,False,8.511954261230805,0.09211446969891154,-0.0875815370505292,-0.00019160453548418055,nan,nan,nan,nan
4346,43.47,,43.470000000001534,False,8.511687984391505,0.09033032284742981,-0.08388576851595442,-0.0003164189501487926,nan,nan,nan,nan
4347,43.482,,43.482000000001534,False,8.511260039215188,0.08832716097345562,-0.07965435807596251,-0.00046597029011003545,nan,nan,nan,nan
4348,43.491,,43.491000000001534,False,8.510672693827448,0.08640005525375999,-0.07570436355781533,-0.0005960758155823797,nan,nan,nan,nan
4349,43.5,,43.500000000001535,False,8.510195147081257,0.08491495389971505,-0.07256704827359814,-0.000706313693563813,nan,nan,nan,nan
4350,43.512,,43.512000000001535,False,8.50930422654021,0.08237001491325868,-0.06736537082383869,-0.0008773023536802668,nan,nan,nan,nan
4351,43.521,,43.521000000001536,False,8.508823117098046,0.08096884792558735,-0.06438916088978326,-0.0009819853168353478,nan,nan,nan,nan
4352,43.53,,43.530000000001536,False,8.508169483049178,0.07907358879046858,-0.06052930731682524,-0.0011080741599735196,nan,nan,nan,nan
4353,43.542,,43.542000000001536,False,8.507473623715534,0.07690862123587347,-0.056040037809762695,-0.0012584792954679004,nan,nan,nan,nan
4354,43.551,,43.55100000000154,False,8.506835709782948,0.07486652952152105,-0.051938760221549966,-0.0013893245707409,nan,nan,nan,nan
4355,43.56,,43.56000000000154,False,8.506400448116676,0.07325325007664445,-0.0486048481023938,-0.0014996051281588863,nan,nan,nan,nan
4356,43.572,,43.57200000000154,False,8.505680752649763,0.07055000169679133,-0.043203458610149764,-0.0016705095822069072,nan,nan,nan,nan
4357,43.581,,43.58100000000154,False,8.505382362552647,0.06901524692543619,-0.040024437618421,-0.0017744655236816038,nan,nan,nan,nan
4358,43.59,,43.59000000000154,False,8.504950610016852,0.06700136115795649,-0.03602080170770368,-0.0018996332804421489,nan,nan,nan,nan
4359,43.602,,43.60200000000154,False,8.504578267269615,0.06466914872803561,-0.03130464247201518,-0.002048149414810322,nan,nan,nan,nan
4360,43.611,,43.61100000000154,False,8.504199550016786,0.06251856796096515,-0.02709004970573372,-0.002177034479924259,nan,nan,nan,nan
4361,43.62,,43.62000000000154,False,8.504017953509202,0.06078585748228253,-0.023597645739857783,-0.0022849970506969653,nan,nan,nan,nan
4362,43.632,,43.63200000000154,False,8.503635713039927,0.05795049823088916,-0.018066705752300165,-0.002451804024397211,nan,nan,nan,nan
4363,43.641,,43.64100000000154,False,8.50356804466795,0.05630411839702572,-0.014737068513055928,-0.002552412887245984,nan,nan,nan,nan
4364,43.65,,43.65000000000154,False,8.503358852401432,0.05420307318104117,-0.010654790506767825,-0.0026733322058142155,nan,nan,nan,nan
4365,43.662,,43.66200000000154,False,8.503246542253677,0.05174932616811793,-0.005800267390128718,-0.0028156916852187497,nan,nan,nan,nan
4366,43.671,,43.67100000000154,False,8.503044951451756,0.04953213162289324,-0.0015487768226338796,-0.002938773419229745,nan,nan,nan,nan
4367,43.68,,43.68000000000154,False,8.503007730118588,0.047720787987422505,0.002029567880371046,-0.003040907106226286,nan,nan,nan,nan
4368,43.692,,43.69200000000154,False,8.502791182511778,0.04481473906772025,0.007583727174858474,-0.003198107414982036,nan,nan,nan,nan
4369,43.701,,43.70100000000154,False,8.502806301980636,0.043099670151842365,0.010990653805901364,-0.0032916324461491116,nan,nan,nan,nan
4370,43.71,,43.71000000000154,False,8.502664600022042,0.04095823573802093,0.015072376392887051,-0.0034039189212926244,nan,nan,nan,nan
4371,43.722,,43.72200000000154,False,8.502592951814814,0.03844165343743827,0.019966086779736648,-0.003534494600154337,nan,nan,nan,nan
4372,43.731,,43.73100000000154,False,8.502401652122948,0.03620376424136672,0.02417694006983778,-0.003647008315085427,nan,nan,nan,nan
4373,43.74,,43.740000000001544,False,8.502338166743977,0.034355169839213995,0.02777092122895214,-0.0037389144320858643,nan,nan,nan,nan
4374,43.752,,43.752000000001544,False,8.502062326812784,0.03143516083992325,0.033251595626289356,-0.003879982287462845,nan,nan,nan,nan
4375,43.761,,43.761000000001545,False,8.501991163428631,0.02968861460397759,0.03667148743981735,-0.003961971217624433,nan,nan,nan,nan
4376,43.77,,43.770000000001545,False,8.501753066357642,0.027545716207226633,0.04068525066195593,-0.004060660500235241,nan,nan,nan,nan
4377,43.782,,43.782000000001545,False,8.50150756622779,0.025013517596687934,0.04553519298115166,-0.004173149070374107,nan,nan,nan,nan
4378,43.791,,43.791000000001546,False,8.501172902021597,0.02279139339893187,0.049641267745643085,-0.004269977347377894,nan,nan,nan,nan
4379,43.8,,43.800000000001546,False,8.500933148334825,0.02093808752194381,0.05319260829563277,-0.004346940640317527,nan,nan,nan,nan
4380,43.812,,43.81200000000155,False,8.50074824654347,0.0180483755973088,0.0585169915701856,-0.00446507768500082,nan,nan,nan,nan
4381,43.821,,43.82100000000155,False,8.501369649405948,0.016298170771801918,0.061888367915443415,-0.004530769285324607,nan,nan,nan,nan
4382,43.83,,43.83000000000155,False,8.50227102642602,0.014182915034784187,0.06576492112780898,-0.0046106159965895,nan,nan,nan,nan
4383,43.842,,43.84200000000155,False,8.504040578256754,0.011670339860355861,0.07047580166891906,-0.004698220708642989,nan,nan,nan,nan
4384,43.851,,43.85100000000155,False,8.505512044468421,0.009492137943216017,0.07439760845680453,-0.004773878366813121,nan,nan,nan,nan
4385,43.86,,43.86000000000155,False,8.506896683699544,0.007659999750636869,0.07782945678895749,-0.004830787830121477,nan,nan,nan,nan
4386,43.872,,43.87200000000155,False,8.507869393855735,0.004840534580496829,0.08289886913449186,-0.004919090796893188,nan,nan,nan,nan
4387,43.881,,43.88100000000155,False,8.508269106667726,0.0031171263475666747,0.08616460550984233,-0.004964101781748433,nan,nan,nan,nan
4388,43.89,,43.89000000000155,False,8.50822844022685,0.001064355063829087,0.08985530240077062,-0.00502077713538403,nan,nan,nan,nan
4389,43.902,,43.90200000000155,False,8.507835849171649,-0.0013823867651596938,0.0943837116123922,-0.00507859049228273,nan,nan,nan,nan
4390,43.911,,43.91100000000155,False,8.507177282465664,-0.003480091481595933,0.09810165718070314,-0.005129640634379254,nan,nan,nan,nan
4391,43.92,,43.92000000000155,False,8.506417382191389,-0.005257418656739728,0.10140333434741577,-0.005163571647975346,nan,nan,nan,nan
4392,43.932,,43.93200000000155,False,8.505022930271783,-0.007963940589629952,0.10620097193935332,-0.0052179954173506805,nan,nan,nan,nan
4393,43.941,,43.94100000000155,False,8.503914852673086,-0.009633582930125782,0.10934577731868322,-0.005239562162612721,nan,nan,nan,nan
4394,43.95,,43.95000000000155,False,8.502582128840688,-0.011598404009423687,0.11282977845149185,-0.0052701156591611065,nan,nan,nan,nan
4395,43.962,,43.96200000000155,False,8.500706819760726,-0.013949868275170165,0.117140119555446,-0.005294417002464585,nan,nan,nan,nan
4396,43.971,,43.97100000000155,False,8.499111264384696,-0.015946434680495808,0.12061882983900572,-0.00531796626903456,nan,nan,nan,nan
4397,43.98,,43.98000000000155,False,8.497514773092691,-0.017650503911902576,0.1237506888982175,-0.005326309627956939,nan,nan,nan,nan
4398,43.992,,43.99200000000155,False,8.495509160955061,-0.020218732849032504,0.12821307995232734,-0.005343389879220022,nan,nan,nan,nan
4399,44.001,,44.001000000001554,False,8.494685361070843,-0.021815419843358472,0.13117424833628064,-0.00533902172589157,nan,nan,nan,nan
4400,44.01,,44.010000000001554,False,8.494177007988444,-0.02367065144501124,0.1343750244174871,-0.005340798786407677,nan,nan,nan,nan
4401,44.022,,44.022000000001555,False,8.494023005909785,-0.02589571422441575,0.13834581766145415,-0.0053281077853389106,nan,nan,nan,nan
4402,44.031,,44.031000000001555,False,8.494102714464924,-0.02776424718381794,0.14148036694793373,-0.005321453016958027,nan,nan,nan,nan
4403,44.04,,44.040000000001555,False,8.494407388672618,-0.029366403784096447,0.14432744037990072,-0.005301590988535227,nan,nan,nan,nan
4404,44.052,,44.052000000001556,False,8.494887730891108,-0.031754263273665526,0.14829830762142646,-0.005278043379947887,nan,nan,nan,nan
4405,44.061,,44.061000000001556,False,8.495386325794147,-0.033247894032594094,0.15097339848019814,-0.0052459350496070105,nan,nan,nan,nan
4406,44.07,,44.070000000001556,False,8.495832562951394,-0.03496334031090441,0.15380278482701723,-0.0052175887163135514,nan,nan,nan,nan
4407,44.082,,44.08200000000156,False,8.496456796155062,-0.03702424109825452,0.15733958781450108,-0.0051668933290640135,nan,nan,nan,nan
4408,44.091,,44.09100000000156,False,8.496825526860139,-0.03873800774187862,0.16007904851207805,-0.005129845697527868,nan,nan,nan,nan
4409,44.1,,44.10000000000156,False,8.497190494139701,-0.040214398097396,0.16260713863199255,-0.0050820731603875785,nan,nan,nan,nan
4410,44.112,,44.11200000000156,False,8.497497397107944,-0.04239339171210277,0.16606481447488855,-0.005018950453084635,nan,nan,nan,nan
4411,44.121,,44.12100000000156,False,8.497687810875089,-0.043764703840186485,0.16844509238183542,-0.004960132901562388,nan,nan,nan,nan
4412,44.13,,44.13000000000156,False,8.497729593722307,-0.04532280191951933,0.17090314558355177,-0.004903001520874036,nan,nan,nan,nan
4413,44.142,,44.14200000000156,False,8.497673517234151,-0.047198749043719644,0.17401365629123902,-0.0048164375729201755,nan,nan,nan,nan
4414,44.151,,44.15100000000156,False,8.497470923618875,-0.04874420214295495,0.17637024860168057,-0.00475098557421521,nan,nan,nan,nan
4415,44.16,,44.16000000000156,False,8.497210221872802,-0.05008229025372684,0.17859119959968392,-0.004677462947309907,nan,nan,nan,nan
4416,44.172,,44.17200000000156,False,8.49665269550314,-0.05203772059679513,0.18155384121046705,-0.004578183041494311,nan,nan,nan,nan
4417,44.181,,44.18100000000156,False,8.496166164242547,-0.05327577155910022,0.18364723054243703,-0.0044953734013427485,nan,nan,nan,nan
4418,44.19,,44.19000000000156,False,8.495540199354512,-0.05466634680209484,0.18574057950891984,-0.004412548952917514,nan,nan,nan,nan
4419,44.202,,44.20200000000156,False,8.494592236535434,-0.05634291087151313,0.18842295594779943,-0.0042944657571341955,nan,nan,nan,nan
4420,44.211,,44.21100000000156,False,8.493746385611397,-0.05770931734567293,0.19039086083144693,-0.00420425596308124,nan,nan,nan,nan
4421,44.22,,44.22000000000156,False,8.492852498463176,-0.05889686131566886,0.19228935637231118,-0.004108661553151696,nan,nan,nan,nan
4422,44.232,,44.23200000000156,False,8.491497678674111,-0.0606120984992642,0.19473060411669169,-0.003978616415663362,nan,nan,nan,nan
4423,44.241,,44.24100000000156,False,8.490435436858816,-0.06170223319435963,0.1965066226358215,-0.0038758350026439556,nan,nan,nan,nan
4424,44.25,,44.25000000000156,False,8.489274386950537,-0.06291071515191277,0.1982032902467847,-0.0037716898122005156,nan,nan,nan,nan
4425,44.262,,44.262000000001564,False,8.487653870642442,-0.06436616980345095,0.20040518190667597,-0.0036279545786786927,nan,nan,nan,nan
4426,44.271,,44.271000000001564,False,8.486350826969572,-0.06553734506390885,0.20194475092848033,-0.00351772763479224,nan,nan,nan,nan
4427,44.28,,44.280000000001564,False,8.485026374131849,-0.06655641365802166,0.2034752240987392,-0.0034047025461918217,nan,nan,nan,nan
4428,44.292,,44.292000000001565,False,8.483158601632603,-0.06800838237990074,0.2053373419888751,-0.003250528163195887,nan,nan,nan,nan
4429,44.301,,44.301000000001565,False,8.481743582632932,-0.06893156783713016,0.2067477914645688,-0.0031326014991733347,nan,nan,nan,nan
4430,44.31,,44.310000000001565,False,8.480271504922433,-0.06994031863472053,0.20800468686217935,-0.003012319579886665,nan,nan,nan,nan
4431,44.322,,44.322000000001566,False,8.478280690007333,-0.07115020772028063,0.20966701515223354,-0.0028497787107863316,nan,nan,nan,nan
4432,44.331,,44.331000000001566,False,8.476743461546588,-0.07210951499241898,0.21074012830268332,-0.0027250112609839847,nan,nan,nan,nan
4433,44.34,,44.34000000000157,False,8.475210044518402,-0.07294251768438746,0.21186234756003228,-0.0025998622635990108,nan,nan,nan,nan
4434,44.352,,44.35200000000157,False,8.47311595059857,-0.0741106169825148,0.21310129908018136,-0.0024290930375868423,nan,nan,nan,nan
4435,44.361,,44.36100000000157,False,8.471558480223397,-0.07485044169123155,0.21411094510606168,-0.0023014526258226305,nan,nan,nan,nan
4436,44.37,,44.37000000000157,False,8.4699768232031,-0.07564563031851203,0.2149008356588903,-0.002170840894893226,nan,nan,nan,nan
4437,44.388,,44.38800000000157,False,8.46682074636273,-0.07706864275825691,0.21642413364881205,-0.0019088479213902824,nan,nan,nan,nan
4438,44.391,,44.39100000000157,False,8.466287763240476,-0.07732770376348844,0.21657497993374894,-0.001863856841699633,nan,nan,nan,nan
4439,44.4,,44.40000000000157,False,8.46472288866459,-0.07796269293750561,0.21726750582856366,-0.0017324154178681545,nan,nan,nan,nan
4440,44.412,,44.41200000000157,False,8.462611591574623,-0.07883662995065309,0.21786747265180087,-0.00155327117183133,nan,nan,nan,nan
4441,44.421,,44.42100000000157,False,8.461058363512906,-0.07938969984902557,0.21846762106014317,-0.001421786957116811,nan,nan,nan,nan
4442,44.43,,44.43000000000157,False,8.459506115593738,-0.07997413297811012,0.21879389340035127,-0.0012870733103411437,nan,nan,nan,nan
4443,44.442,,44.44200000000157,False,8.457472031685608,-0.08066180858418882,0.21931148449628438,-0.0011102589996714576,nan,nan,nan,nan
4444,44.451,,44.45100000000157,False,8.455958273217767,-0.08118238013484905,0.21942611043289528,-0.0009749072284680296,nan,nan,nan,nan
4445,44.46,,44.46000000000157,False,8.454481504138577,-0.08162454544940516,0.21969728816011175,-0.0008432845970293363,nan,nan,nan,nan
4446,44.472,,44.47200000000157,False,8.452526936017879,-0.0822084713458329,0.2196717400779485,-0.0006642957168127107,nan,nan,nan,nan
4447,44.481,,44.48100000000157,False,8.45110775134525,-0.08256322506369308,0.2198528151543069,-0.0005350418985892801,nan,nan,nan,nan
4448,44.49,,44.49000000000157,False,8.449701049662238,-0.08291972045997933,0.21970361367771832,-0.0004026200074655747,nan,nan,nan,nan
4449,44.502,,44.50200000000157,False,8.447874826269828,-0.08331765861254657,0.21962433848565843,-0.00023094788644309724,nan,nan,nan,nan
4450,44.511,,44.51100000000157,False,8.446527643850665,-0.08359957016760002,0.2192498917504938,-9.989110620215049e-05,nan,nan,nan,nan
4451,44.52,,44.52000000000157,False,8.445224362967888,-0.08382542955060825,0.21908016216456405,2.5866554333886074e-05,nan,nan,nan,nan
4452,44.532,,44.532000000001574,False,8.443513105999195,-0.08409851769747874,0.21842047657397504,0.00019636823528011008,nan,nan,nan,nan
4453,44.541,,44.541000000001574,False,8.442283295361669,-0.08424811800956157,0.21818319809765918,0.00031756582610879017,nan,nan,nan,nan
4454,44.55,,44.550000000001575,False,8.441071615765551,-0.08438149555447133,0.217577450330155,0.0004416241264121962,nan,nan,nan,nan
4455,44.562,,44.562000000001575,False,8.439513957694336,-0.08450608643345413,0.2169368502220591,0.000600406095836171,nan,nan,nan,nan
4456,44.571,,44.571000000001575,False,8.438372727379454,-0.08457062186054796,0.21611488193661044,0.0007211786297181529,nan,nan,nan,nan
4457,44.58,,44.580000000001576,False,8.437279596458467,-0.08460319791877036,0.21554552148854503,0.0008354362792532794,nan,nan,nan,nan
4458,44.592,,44.592000000001576,False,8.435853243028838,-0.08460269925917595,0.21432027592212566,0.0009897349984982094,nan,nan,nan,nan
4459,44.601,,44.60100000000158,False,8.434841132411071,-0.08457336583505738,0.21371129487709536,0.001097517337481447,nan,nan,nan,nan
4460,44.61,,44.61000000000158,False,8.433848044446915,-0.08451208579945291,0.21270291033979047,0.001207674195390011,nan,nan,nan,nan
4461,44.622,,44.62200000000158,False,8.432586303782985,-0.08439742441907423,0.21156666985599382,0.0013465983329330948,nan,nan,nan,nan
4462,44.631,,44.63100000000158,False,8.431666882736057,-0.08427039282555422,0.21035062233648685,0.0014517877949237837,nan,nan,nan,nan
4463,44.64,,44.64000000000158,False,8.430797756838972,-0.08413115639101187,0.2094270593230415,0.0015496472259340054,nan,nan,nan,nan
4464,44.652,,44.65200000000158,False,8.429669242402962,-0.08388569397167743,0.20770151294749042,0.0016811654701651467,nan,nan,nan,nan
4465,44.661,,44.66100000000158,False,8.42888239727946,-0.08369413376716421,0.2067604575147176,0.001771077949298755,nan,nan,nan,nan
4466,44.67,,44.67000000000158,False,8.428111918334157,-0.08345616201362079,0.20539427516435496,0.0018628056317614254,nan,nan,nan,nan
4467,44.682,,44.68200000000158,False,8.427148339758325,-0.08312268173227753,0.20381508558707864,0.001976322604753664,nan,nan,nan,nan
4468,44.691,,44.69100000000158,False,8.426448985529321,-0.08282104552187457,0.2022493625976993,0.0020617939486419963,nan,nan,nan,nan
4469,44.7,,44.70000000000158,False,8.425800603083694,-0.08252445146414152,0.20100952249314746,0.002139535693260925,nan,nan,nan,nan
4470,44.712,,44.71200000000158,False,8.424961503989291,-0.0820566550639991,0.1988419960411482,0.002243380967930003,nan,nan,nan,nan
4471,44.721,,44.72100000000158,False,8.424391978379703,-0.08171769053898016,0.19760600029254435,0.0023122319778941668,nan,nan,nan,nan
4472,44.73,,44.73000000000158,False,8.423833646848871,-0.08132118751642224,0.1959265017052223,0.0023823385177544018,nan,nan,nan,nan
4473,44.742,,44.74200000000158,False,8.423151911234049,-0.08079239916737621,0.19395981545081858,0.002466686376901724,nan,nan,nan,nan
4474,44.751,,44.75100000000158,False,8.422658007090677,-0.08033701927203708,0.19209269114796249,0.0025297072466460417,nan,nan,nan,nan
4475,44.76,,44.76000000000158,False,8.422214586509364,-0.07990242714078712,0.19057974861227278,0.002584991727272219,nan,nan,nan,nan
4476,44.772,,44.77200000000158,False,8.421641048966194,-0.07924221818313613,0.18803654481194812,0.0026581847435714415,nan,nan,nan,nan
4477,44.781,,44.78100000000158,False,8.421269702347013,-0.07877636939082082,0.1865493333071124,0.002704182902225054,nan,nan,nan,nan
4478,44.79,,44.790000000001584,False,8.420902753036069,-0.07824491184764824,0.18460730261031805,0.0027509314247308155,nan,nan,nan,nan
4479,44.802,,44.802000000001584,False,8.420473396578963,-0.07755091416711299,0.1823165778447888,0.002804262860205896,nan,nan,nan,nan
4480,44.811,,44.811000000001584,False,8.42016135638491,-0.07696677894060551,0.18020137949353257,0.002843581530583515,nan,nan,nan,nan
4481,44.82,,44.820000000001585,False,8.4198984109414,-0.07641704332850653,0.17846302735994246,0.0028755095819112757,nan,nan,nan,nan
4482,44.832,,44.832000000001585,False,8.419556045759883,-0.07559771140283655,0.17561479782383335,0.002917043796856971,nan,nan,nan,nan
4483,44.841,,44.841000000001586,False,8.419356119553463,-0.07502731865468067,0.17392267088965677,0.00293982457636181,nan,nan,nan,nan
4484,44.85,,44.850000000001586,False,8.419152919940828,-0.07438553230119258,0.17177031564219453,0.002962945892756555,nan,nan,nan,nan
4485,44.862,,44.862000000001586,False,8.418937800369827,-0.07355708546650656,0.16922002099920308,0.0029853215098298194,nan,nan,nan,nan
4486,44.871,,44.87100000000159,False,8.41877826969503,-0.07286905791300355,0.16690979331928651,0.0030011429779581763,nan,nan,nan,nan
4487,44.88,,44.88000000000159,False,8.418665750169547,-0.07222672674739598,0.1649932617384856,0.0030102164799555753,nan,nan,nan,nan
4488,44.892,,44.89200000000159,False,8.418513651269116,-0.07128064962817707,0.16190900040183703,0.003020977898225667,nan,nan,nan,nan
4489,44.901,,44.90100000000159,False,8.418453727795004,-0.07062739995220357,0.16005710415291957,0.0030215256347621935,nan,nan,nan,nan
4490,44.91,,44.91000000000159,False,8.418382613010012,-0.06989904540482605,0.15774489670965744,0.0030221210002910853,nan,nan,nan,nan
4491,44.922,,44.92200000000159,False,8.418338619102881,-0.0689658942013055,0.15499734764692513,0.003015355458395705,nan,nan,nan,nan
4492,44.931,,44.93100000000159,False,8.418299133006332,-0.06819796328429802,0.15254310150885803,0.0030092040291275247,nan,nan,nan,nan
4493,44.94,,44.94000000000159,False,8.4183040583398,-0.06748492019008476,0.15049396653280633,0.002997175495844023,nan,nan,nan,nan
4494,44.952,,44.95200000000159,False,8.418298165268544,-0.06644344498635604,0.14723996280628945,0.00297971395650559,nan,nan,nan,nan
4495,44.961,,44.96100000000159,False,8.418344665152306,-0.06572848515670135,0.14527189391105186,0.0029601776554284897,nan,nan,nan,nan
4496,44.97,,44.97000000000159,False,8.418372324771354,-0.06493659836582676,0.14284829472605953,0.0029405166923999323,nan,nan,nan,nan
4497,44.982,,44.98200000000159,False,8.4184545130585,-0.06392764658619177,0.13996344384198844,0.0029078931952742047,nan,nan,nan,nan
4498,44.991,,44.99100000000159,False,8.418501736284982,-0.06310294954075013,0.13741395646073548,0.0028823805095703637,nan,nan,nan,nan
4499,45.0,,45.00000000000159,False,8.418590419187659,-0.06234034300991216,0.13527591822643567,0.002852015036296796,nan,nan,nan,nan
4500,45.012,,45.01200000000159,False,8.41868634691423,-0.06123346805984448,0.13191525495027928,0.0028102055479226943,nan,nan,nan,nan
4501,45.021,,45.02100000000159,False,8.418805634509985,-0.06047703251846593,0.1298725773317617,0.0027736404937109354,nan,nan,nan,nan
4502,45.03,,45.03000000000159,False,8.418899109576968,-0.05964341649706221,0.1273833855481398,0.0027368892059174564,nan,nan,nan,nan
4503,45.042,,45.04200000000159,False,8.419063322799474,-0.05858590647776619,0.12441778897791395,0.0026827905442264265,nan,nan,nan,nan
4504,45.051,,45.05100000000159,False,8.41916490262423,-0.05772601826319734,0.12181868412441048,0.0026413264308179788,nan,nan,nan,nan
4505,45.06,,45.060000000001594,False,8.41930478712226,-0.05693351732714572,0.11963258959168684,0.002596112805777995,nan,nan,nan,nan
4506,45.072,,45.072000000001594,False,8.419460137420327,-0.05578886257548241,0.11622373443437158,0.0025347559898674646,nan,nan,nan,nan
4507,45.081,,45.081000000001595,False,8.419620234972554,-0.05500951906197056,0.1141449152255905,0.002484826444462316,nan,nan,nan,nan
4508,45.09,,45.090000000001595,False,8.419748525110238,-0.054154011550003274,0.11163219126967218,0.0024347403119623747,nan,nan,nan,nan
4509,45.102,,45.102000000001595,False,8.419953485948238,-0.05307261958923982,0.10863762016025577,0.0023642411623907805,nan,nan,nan,nan
4510,45.111,,45.111000000001596,False,8.420079513730718,-0.052196934879650526,0.1060303691386597,0.002310720281192704,nan,nan,nan,nan
4511,45.12,,45.120000000001596,False,8.42024061826426,-0.051392174204717464,0.10383327919742177,0.0022545628328518984,nan,nan,nan,nan
4512,45.132,,45.1320000000016,False,8.420416768264186,-0.05023433601884523,0.10042893857852596,0.0021789660812060125,nan,nan,nan,nan
4513,45.141,,45.1410000000016,False,8.420588674031405,-0.0494485700947941,0.09834857265527934,0.002119638880902852,nan,nan,nan,nan
4514,45.15,,45.1500000000016,False,8.420723953777168,-0.04858868399439082,0.09584993282798417,0.002060250858600252,nan,nan,nan,nan
4515,45.162,,45.1620000000016,False,8.420932834051975,-0.047505113597651145,0.09287253799302092,0.0019787098602656785,nan,nan,nan,nan
4516,45.171,,45.1710000000016,False,8.421056919733932,-0.04663059299521764,0.09029391128865522,0.0019172029263035924,nan,nan,nan,nan
4517,45.18,,45.1800000000016,False,8.421212890097244,-0.04582894880685096,0.08811860532967385,0.0018541219115505215,nan,nan,nan,nan
4518,45.192,,45.1920000000016,False,8.42137626867806,-0.04467925089708095,0.08476515336148326,0.0017696981120325877,nan,nan,nan,nan
4519,45.201,,45.2010000000016,False,8.421534887941053,-0.04390129747155988,0.0827135789481197,0.001704953613427286,nan,nan,nan,nan
4520,45.21,,45.2100000000016,False,8.421653344839985,-0.0430520776739288,0.08026186232907659,0.0016402833388878015,nan,nan,nan,nan
4521,45.222,,45.2220000000016,False,8.421834828688153,-0.04198488389959177,0.07734177424384206,0.0015529685790733692,nan,nan,nan,nan
4522,45.231,,45.2310000000016,False,8.421934805333853,-0.04112594497699914,0.07482359072309011,0.0014874428498302108,nan,nan,nan,nan
4523,45.24,,45.2400000000016,False,8.422063595814775,-0.040340428503779745,0.07269833083895677,0.0014213068420828154,nan,nan,nan,nan
4524,45.252,,45.2520000000016,False,8.42218647678739,-0.03921681086410603,0.06943555786032496,0.0013332209675832782,nan,nan,nan,nan
4525,45.261,,45.2610000000016,False,8.422311188656655,-0.038458572578604105,0.06743867901240751,0.0012668025492117566,nan,nan,nan,nan
4526,45.27,,45.2700000000016,False,8.422393508804932,-0.03763254000579414,0.06506181625645854,0.00120060729963895,nan,nan,nan,nan
4527,45.282,,45.2820000000016,False,8.42252238720706,-0.03659706718786904,0.062232995826238,0.0011123807107994706,nan,nan,nan,nan
4528,45.291,,45.2910000000016,False,8.422580676600028,-0.03576556777923519,0.05980206233446425,0.0010464678568427317,nan,nan,nan,nan
4529,45.3,,45.3000000000016,False,8.422664891903308,-0.03500681242481588,0.057750541382993736,0.0009807749052636967,nan,nan,nan,nan
4530,45.312,,45.3120000000016,False,8.422725751049727,-0.03392385814126139,0.05461165873365245,0.0008936594056368607,nan,nan,nan,nan
4531,45.321,,45.321000000001604,False,8.422800648790023,-0.033194930379179255,0.05269095811184871,0.0008288756894352467,nan,nan,nan,nan
4532,45.33,,45.330000000001604,False,8.422832189773237,-0.03240214031204685,0.050412040259427165,0.0007644563787503149,nan,nan,nan,nan
4533,45.342,,45.342000000001605,False,8.422889542954506,-0.03141061503354407,0.04770239883097505,0.0006795329243355653,nan,nan,nan,nan
4534,45.351,,45.351000000001605,False,8.42289322675008,-0.030615956637868744,0.045380658727006605,0.0006163550856160902,nan,nan,nan,nan
4535,45.36,,45.360000000001605,False,8.42292017105359,-0.029892322764032572,0.043422153789598274,0.0005540722306348665,nan,nan,nan,nan
4536,45.372,,45.372000000001606,False,8.422903671232344,-0.02886144042652758,0.04043407477793547,0.0004718225349173086,nan,nan,nan,nan
4537,45.381,,45.381000000001606,False,8.422917526299486,-0.028169246956330996,0.03860682741500357,0.000411409470637863,nan,nan,nan,nan
4538,45.39,,45.390000000001606,False,8.422888228715973,-0.02741745449562526,0.03644437404772294,0.0003514779302494348,nan,nan,nan,nan
4539,45.402,,45.40200000000161,False,8.42286126666556,-0.02647921121170677,0.03387614643145311,0.00027326628142125656,nan,nan,nan,nan
4540,45.411,,45.41100000000161,False,8.422801916416466,-0.02572853514442701,0.031681010219816785,0.00021532425822328566,nan,nan,nan,nan
4541,45.42,,45.42000000000161,False,8.422763404337275,-0.025046299994375486,0.02983070764691065,0.00015878834223051716,nan,nan,nan,nan
4542,45.432,,45.43200000000161,False,8.422660082469656,-0.024076009769505535,0.027014543944132576,8.444099282050084e-05,nan,nan,nan,nan
4543,45.441,,45.44100000000161,False,8.422606088651746,-0.023426007868924115,0.025294178815722643,3.0484606056123413e-05,nan,nan,nan,nan
4544,45.45,,45.45000000000161,False,8.422510182338353,-0.022720896905409287,0.02326254428748342,-2.290790602466359e-05,nan,nan,nan,nan
4545,45.462,,45.46200000000161,False,8.422391819823693,-0.021842679348934586,0.020852829879876873,-9.188459930047532e-05,nan,nan,nan,nan
4546,45.471,,45.47100000000161,False,8.422265142862576,-0.021141113605141114,0.01879762056389348,-0.0001427630305345894,nan,nan,nan,nan
4547,45.48,,45.48000000000161,False,8.42215712990916,-0.020504707212038658,0.0170670458217968,-0.00019188603754941486,nan,nan,nan,nan
4548,45.492,,45.49200000000161,False,8.421962861817068,-0.019600981089832374,0.014438728837745655,-0.00025619752984003404,nan,nan,nan,nan
4549,45.501,,45.50100000000161,False,8.42183821731412,-0.01899690338553204,0.012835274652925669,-0.0003022822017264648,nan,nan,nan,nan
4550,45.51,,45.51000000000161,False,8.421673779104388,-0.018342348206319463,0.01094512970306299,-0.00034776046387364134,nan,nan,nan,nan
4551,45.522,,45.52200000000161,False,8.421462021097154,-0.0175286498543941,0.008706522914217363,-0.0004058715904859103,nan,nan,nan,nan
4552,45.531,,45.53100000000161,False,8.421267377887254,-0.016879581007654947,0.006800978956159548,-0.00044852990902373766,nan,nan,nan,nan
4373,43.74,,43.740000000001544,False,8.502338166743977,0.034355169839213995,0.02777092122895214,-0.0037389144320858643,nan,nan,nan,nan
4374,43.752,,43.752000000001544,False,8.502062326812784,0.03143516083992325,0.033251595626289356,-0.003879982287462845,nan,nan,nan,nan
4375,43.761,,43.761000000001545,False,8.501991163428631,0.02968861460397759,0.03667148743981735,-0.003961971217624433,nan,nan,nan,nan
4376,43.77,,43.770000000001545,False,8.501753066357642,0.027545716207226633,0.04068525066195593,-0.004060660500235241,nan,nan,nan,nan
4377,43.782,,43.782000000001545,False,8.50150756622779,0.025013517596687934,0.04553519298115166,-0.004173149070374107,nan,nan,nan,nan
4378,43.791,,43.791000000001546,False,8.501172902021597,0.02279139339893187,0.049641267745643085,-0.004269977347377894,nan,nan,nan,nan
4379,43.8,,43.800000000001546,False,8.500933148334825,0.02093808752194381,0.05319260829563277,-0.004346940640317527,nan,nan,nan,nan
4380,43.812,,43.81200000000155,False,8.50074824654347,0.0180483755973088,0.0585169915701856,-0.00446507768500082,nan,nan,nan,nan
4381,43.821,,43.82100000000155,False,8.501369649405948,0.016298170771801918,0.061888367915443415,-0.004530769285324607,nan,nan,nan,nan
4382,43.83,,43.83000000000155,False,8.50227102642602,0.014182915034784187,0.06576492112780898,-0.0046106159965895,nan,nan,nan,nan
4383,43.842,,43.84200000000155,False,8.504040578256754,0.011670339860355861,0.07047580166891906,-0.004698220708642989,nan,nan,nan,nan
4384,43.851,,43.85100000000155,False,8.505512044468421,0.009492137943216017,0.07439760845680453,-0.004773878366813121,nan,nan,nan,nan
4385,43.86,,43.86000000000155,False,8.506896683699544,0.007659999750636869,0.07782945678895749,-0.004830787830121477,nan,nan,nan,nan
4386,43.872,,43.87200000000155,False,8.507869393855735,0.004840534580496829,0.08289886913449186,-0.004919090796893188,nan,nan,nan,nan
4387,43.881,,43.88100000000155,False,8.508269106667726,0.0031171263475666747,0.08616460550984233,-0.004964101781748433,nan,nan,nan,nan
4388,43.89,,43.89000000000155,False,8.50822844022685,0.001064355063829087,0.08985530240077062,-0.00502077713538403,nan,nan,nan,nan
4389,43.902,,43.90200000000155,False,8.507835849171649,-0.0013823867651596938,0.0943837116123922,-0.00507859049228273,nan,nan,nan,nan
4390,43.911,,43.91100000000155,False,8.507177282465664,-0.003480091481595933,0.09810165718070314,-0.005129640634379254,nan,nan,nan,nan
4391,43.92,,43.92000000000155,False,8.506417382191389,-0.005257418656739728,0.10140333434741577,-0.005163571647975346,nan,nan,nan,nan
4392,43.932,,43.93200000000155,False,8.505022930271783,-0.007963940589629952,0.10620097193935332,-0.0052179954173506805,nan,nan,nan,nan
4393,43.941,,43.94100000000155,False,8.503914852673086,-0.009633582930125782,0.10934577731868322,-0.005239562162612721,nan,nan,nan,nan
4394,43.95,,43.95000000000155,False,8.502582128840688,-0.011598404009423687,0.11282977845149185,-0.0052701156591611065,nan,nan,nan,nan
4395,43.962,,43.96200000000155,False,8.500706819760726,-0.013949868275170165,0.117140119555446,-0.005294417002464585,nan,nan,nan,nan
4396,43.971,,43.97100000000155,False,8.499111264384696,-0.015946434680495808,0.12061882983900572,-0.00531796626903456,nan,nan,nan,nan
4397,43.98,,43.98000000000155,False,8.497514773092691,-0.017650503911902576,0.1237506888982175,-0.005326309627956939,nan,nan,nan,nan
4398,43.992,,43.99200000000155,False,8.495509160955061,-0.020218732849032504,0.12821307995232734,-0.005343389879220022,nan,nan,nan,nan
4399,44.001,,44.001000000001554,False,8.494685361070843,-0.021815419843358472,0.13117424833628064,-0.00533902172589157,nan,nan,nan,nan
4400,44.01,,44.010000000001554,False,8.494177007988444,-0.02367065144501124,0.1343750244174871,-0.005340798786407677,nan,nan,nan,nan
4401,44.022,,44.022000000001555,False,8.494023005909785,-0.02589571422441575,0.13834581766145415,-0.0053281077853389106,nan,nan,nan,nan
4402,44.031,,44.031000000001555,False,8.494102714464924,-0.02776424718381794,0.14148036694793373,-0.005321453016958027,nan,nan,nan,nan
4403,44.04,,44.040000000001555,False,8.494407388672618,-0.029366403784096447,0.14432744037990072,-0.005301590988535227,nan,nan,nan,nan
4404,44.052,,44.052000000001556,False,8.494887730891108,-0.031754263273665526,0.14829830762142646,-0.005278043379947887,nan,nan,nan,nan
4405,44.061,,44.061000000001556,False,8.495386325794147,-0.033247894032594094,0.15097339848019814,-0.0052459350496070105,nan,nan,nan,nan
4406,44.07,,44.070000000001556,False,8.495832562951394,-0.03496334031090441,0.15380278482701723,-0.0052175887163135514,nan,nan,nan,nan
4407,44.082,,44.08200000000156,False,8.496456796155062,-0.03702424109825452,0.15733958781450108,-0.0051668933290640135,nan,nan,nan,nan
4408,44.091,,44.09100000000156,False,8.496825526860139,-0.03873800774187862,0.16007904851207805,-0.005129845697527868,nan,nan,nan,nan
4409,44.1,,44.10000000000156,False,8.497190494139701,-0.040214398097396,0.16260713863199255,-0.0050820731603875785,nan,nan,nan,nan
4410,44.112,,44.11200000000156,False,8.497497397107944,-0.04239339171210277,0.16606481447488855,-0.005018950453084635,nan,nan,nan,nan
4411,44.121,,44.12100000000156,False,8.497687810875089,-0.043764703840186485,0.16844509238183542,-0.004960132901562388,nan,nan,nan,nan
4412,44.13,,44.13000000000156,False,8.497729593722307,-0.04532280191951933,0.17090314558355177,-0.004903001520874036,nan,nan,nan,nan
4413,44.142,,44.14200000000156,False,8.497673517234151,-0.047198749043719644,0.17401365629123902,-0.0048164375729201755,nan,nan,nan,nan
4414,44.151,,44.15100000000156,False,8.497470923618875,-0.04874420214295495,0.17637024860168057,-0.00475098557421521,nan,nan,nan,nan
4415,44.16,,44.16000000000156,False,8.497210221872802,-0.05008229025372684,0.17859119959968392,-0.004677462947309907,nan,nan,nan,nan
4416,44.172,,44.17200000000156,False,8.49665269550314,-0.05203772059679513,0.18155384121046705,-0.004578183041494311,nan,nan,nan,nan
4417,44.181,,44.18100000000156,False,8.496166164242547,-0.05327577155910022,0.18364723054243703,-0.0044953734013427485,nan,nan,nan,nan
4418,44.19,,44.19000000000156,False,8.495540199354512,-0.05466634680209484,0.18574057950891984,-0.004412548952917514,nan,nan,nan,nan
4419,44.202,,44.20200000000156,False,8.494592236535434,-0.05634291087151313,0.18842295594779943,-0.0042944657571341955,nan,nan,nan,nan
4420,44.211,,44.21100000000156,False,8.493746385611397,-0.05770931734567293,0.19039086083144693,-0.00420425596308124,nan,nan,nan,nan
4421,44.22,,44.22000000000156,False,8.492852498463176,-0.05889686131566886,0.19228935637231118,-0.004108661553151696,nan,nan,nan,nan
4422,44.232,,44.23200000000156,False,8.491497678674111,-0.0606120984992642,0.19473060411669169,-0.003978616415663362,nan,nan,nan,nan
4423,44.241,,44.24100000000156,False,8.490435436858816,-0.06170223319435963,0.1965066226358215,-0.0038758350026439556,nan,nan,nan,nan
4424,44.25,,44.25000000000156,False,8.489274386950537,-0.06291071515191277,0.1982032902467847,-0.0037716898122005156,nan,nan,nan,nan
4425,44.262,,44.262000000001564,False,8.487653870642442,-0.06436616980345095,0.20040518190667597,-0.0036279545786786927,nan,nan,nan,nan
4426,44.271,,44.271000000001564,False,8.486350826969572,-0.06553734506390885,0.20194475092848033,-0.00351772763479224,nan,nan,nan,nan
4427,44.28,,44.280000000001564,False,8.485026374131849,-0.06655641365802166,0.2034752240987392,-0.0034047025461918217,nan,nan,nan,nan
4428,44.292,,44.292000000001565,False,8.483158601632603,-0.06800838237990074,0.2053373419888751,-0.003250528163195887,nan,nan,nan,nan
4429,44.301,,44.301000000001565,False,8.481743582632932,-0.06893156783713016,0.2067477914645688,-0.0031326014991733347,nan,nan,nan,nan
4430,44.31,,44.310000000001565,False,8.480271504922433,-0.06994031863472053,0.20800468686217935,-0.003012319579886665,nan,nan,nan,nan
4431,44.322,,44.322000000001566,False,8.478280690007333,-0.07115020772028063,0.20966701515223354,-0.0028497787107863316,nan,nan,nan,nan
4432,44.331,,44.331000000001566,False,8.476743461546588,-0.07210951499241898,0.21074012830268332,-0.0027250112609839847,nan,nan,nan,nan
4433,44.34,,44.34000000000157,False,8.475210044518402,-0.07294251768438746,0.21186234756003228,-0.0025998622635990108,nan,nan,nan,nan
4434,44.352,,44.35200000000157,False,8.47311595059857,-0.0741106169825148,0.21310129908018136,-0.0024290930375868423,nan,nan,nan,nan
4435,44.361,,44.36100000000157,False,8.471558480223397,-0.07485044169123155,0.21411094510606168,-0.0023014526258226305,nan,nan,nan,nan
4436,44.37,,44.37000000000157,False,8.4699768232031,-0.07564563031851203,0.2149008356588903,-0.002170840894893226,nan,nan,nan,nan
4437,44.388,,44.38800000000157,False,8.46682074636273,-0.07706864275825691,0.21642413364881205,-0.0019088479213902824,nan,nan,nan,nan
4438,44.391,,44.39100000000157,False,8.466287763240476,-0.07732770376348844,0.21657497993374894,-0.001863856841699633,nan,nan,nan,nan
4439,44.4,,44.40000000000157,False,8.46472288866459,-0.07796269293750561,0.21726750582856366,-0.0017324154178681545,nan,nan,nan,nan
4440,44.412,,44.41200000000157,False,8.462611591574623,-0.07883662995065309,0.21786747265180087,-0.00155327117183133,nan,nan,nan,nan
4441,44.421,,44.42100000000157,False,8.461058363512906,-0.07938969984902557,0.21846762106014317,-0.001421786957116811,nan,nan,nan,nan
4442,44.43,,44.43000000000157,False,8.459506115593738,-0.07997413297811012,0.21879389340035127,-0.0012870733103411437,nan,nan,nan,nan
4443,44.442,,44.44200000000157,False,8.457472031685608,-0.08066180858418882,0.21931148449628438,-0.0011102589996714576,nan,nan,nan,nan
4444,44.451,,44.45100000000157,False,8.455958273217767,-0.08118238013484905,0.21942611043289528,-0.0009749072284680296,nan,nan,nan,nan
4445,44.46,,44.46000000000157,False,8.454481504138577,-0.08162454544940516,0.21969728816011175,-0.0008432845970293363,nan,nan,nan,nan
4446,44.472,,44.47200000000157,False,8.452526936017879,-0.0822084713458329,0.2196717400779485,-0.0006642957168127107,nan,nan,nan,nan
4447,44.481,,44.48100000000157,False,8.45110775134525,-0.08256322506369308,0.2198528151543069,-0.0005350418985892801,nan,nan,nan,nan
4448,44.49,,44.49000000000157,False,8.449701049662238,-0.08291972045997933,0.21970361367771832,-0.0004026200074655747,nan,nan,nan,nan
4449,44.502,,44.50200000000157,False,8.447874826269828,-0.08331765861254657,0.21962433848565843,-0.00023094788644309724,nan,nan,nan,nan
4450,44.511,,44.51100000000157,False,8.446527643850665,-0.08359957016760002,0.2192498917504938,-9.989110620215049e-05,nan,nan,nan,nan
4451,44.52,,44.52000000000157,False,8.445224362967888,-0.08382542955060825,0.21908016216456405,2.5866554333886074e-05,nan,nan,nan,nan
4452,44.532,,44.532000000001574,False,8.443513105999195,-0.08409851769747874,0.21842047657397504,0.00019636823528011008,nan,nan,nan,nan
4453,44.541,,44.541000000001574,False,8.442283295361669,-0.08424811800956157,0.21818319809765918,0.00031756582610879017,nan,nan,nan,nan
4454,44.55,,44.550000000001575,False,8.441071615765551,-0.08438149555447133,0.217577450330155,0.0004416241264121962,nan,nan,nan,nan
4455,44.562,,44.562000000001575,False,8.439513957694336,-0.08450608643345413,0.2169368502220591,0.000600406095836171,nan,nan,nan,nan
4456,44.571,,44.571000000001575,False,8.438372727379454,-0.08457062186054796,0.21611488193661044,0.0007211786297181529,nan,nan,nan,nan
4457,44.58,,44.580000000001576,False,8.437279596458467,-0.08460319791877036,0.21554552148854503,0.0008354362792532794,nan,nan,nan,nan
4458,44.592,,44.592000000001576,False,8.435853243028838,-0.08460269925917595,0.21432027592212566,0.0009897349984982094,nan,nan,nan,nan
4459,44.601,,44.60100000000158,False,8.434841132411071,-0.08457336583505738,0.21371129487709536,0.001097517337481447,nan,nan,nan,nan
4460,44.61,,44.61000000000158,False,8.433848044446915,-0.08451208579945291,0.21270291033979047,0.001207674195390011,nan,nan,nan,nan
4461,44.622,,44.62200000000158,False,8.432586303782985,-0.08439742441907423,0.21156666985599382,0.0013465983329330948,nan,nan,nan,nan
4462,44.631,,44.63100000000158,False,8.431666882736057,-0.08427039282555422,0.21035062233648685,0.0014517877949237837,nan,nan,nan,nan
4463,44.64,,44.64000000000158,False,8.430797756838972,-0.08413115639101187,0.2094270593230415,0.0015496472259340054,nan,nan,nan,nan
4464,44.652,,44.65200000000158,False,8.429669242402962,-0.08388569397167743,0.20770151294749042,0.0016811654701651467,nan,nan,nan,nan
4465,44.661,,44.66100000000158,False,8.42888239727946,-0.08369413376716421,0.2067604575147176,0.001771077949298755,nan,nan,nan,nan
4466,44.67,,44.67000000000158,False,8.428111918334157,-0.08345616201362079,0.20539427516435496,0.0018628056317614254,nan,nan,nan,nan
4467,44.682,,44.68200000000158,False,8.427148339758325,-0.08312268173227753,0.20381508558707864,0.001976322604753664,nan,nan,nan,nan
4468,44.691,,44.69100000000158,False,8.426448985529321,-0.08282104552187457,0.2022493625976993,0.0020617939486419963,nan,nan,nan,nan
4469,44.7,,44.70000000000158,False,8.425800603083694,-0.08252445146414152,0.20100952249314746,0.002139535693260925,nan,nan,nan,nan
4470,44.712,,44.71200000000158,False,8.424961503989291,-0.0820566550639991,0.1988419960411482,0.002243380967930003,nan,nan,nan,nan
4471,44.721,,44.72100000000158,False,8.424391978379703,-0.08171769053898016,0.19760600029254435,0.0023122319778941668,nan,nan,nan,nan
4472,44.73,,44.73000000000158,False,8.423833646848871,-0.08132118751642224,0.1959265017052223,0.0023823385177544018,nan,nan,nan,nan
4473,44.742,,44.74200000000158,False,8.423151911234049,-0.08079239916737621,0.19395981545081858,0.002466686376901724,nan,nan,nan,nan
4474,44.751,,44.75100000000158,False,8.422658007090677,-0.08033701927203708,0.19209269114796249,0.0025297072466460417,nan,nan,nan,nan
4475,44.76,,44.76000000000158,False,8.422214586509364,-0.07990242714078712,0.19057974861227278,0.002584991727272219,nan,nan,nan,nan
4476,44.772,,44.77200000000158,False,8.421641048966194,-0.07924221818313613,0.18803654481194812,0.0026581847435714415,nan,nan,nan,nan
4477,44.781,,44.78100000000158,False,8.421269702347013,-0.07877636939082082,0.1865493333071124,0.002704182902225054,nan,nan,nan,nan
4478,44.79,,44.790000000001584,False,8.420902753036069,-0.07824491184764824,0.18460730261031805,0.0027509314247308155,nan,nan,nan,nan
4479,44.802,,44.802000000001584,False,8.420473396578963,-0.07755091416711299,0.1823165778447888,0.002804262860205896,nan,nan,nan,nan
4480,44.811,,44.811000000001584,False,8.42016135638491,-0.07696677894060551,0.18020137949353257,0.002843581530583515,nan,nan,nan,nan
4481,44.82,,44.820000000001585,False,8.4198984109414,-0.07641704332850653,0.17846302735994246,0.0028755095819112757,nan,nan,nan,nan
4482,44.832,,44.832000000001585,False,8.419556045759883,-0.07559771140283655,0.17561479782383335,0.002917043796856971,nan,nan,nan,nan
4483,44.841,,44.841000000001586,False,8.419356119553463,-0.07502731865468067,0.17392267088965677,0.00293982457636181,nan,nan,nan,nan
4484,44.85,,44.850000000001586,False,8.419152919940828,-0.07438553230119258,0.17177031564219453,0.002962945892756555,nan,nan,nan,nan
4485,44.862,,44.862000000001586,False,8.418937800369827,-0.07355708546650656,0.16922002099920308,0.0029853215098298194,nan,nan,nan,nan
4486,44.871,,44.87100000000159,False,8.41877826969503,-0.07286905791300355,0.16690979331928651,0.0030011429779581763,nan,nan,nan,nan
4487,44.88,,44.88000000000159,False,8.418665750169547,-0.07222672674739598,0.1649932617384856,0.0030102164799555753,nan,nan,nan,nan
4488,44.892,,44.89200000000159,False,8.418513651269116,-0.07128064962817707,0.16190900040183703,0.003020977898225667,nan,nan,nan,nan
4489,44.901,,44.90100000000159,False,8.418453727795004,-0.07062739995220357,0.16005710415291957,0.0030215256347621935,nan,nan,nan,nan
4490,44.91,,44.91000000000159,False,8.418382613010012,-0.06989904540482605,0.15774489670965744,0.0030221210002910853,nan,nan,nan,nan
4491,44.922,,44.92200000000159,False,8.418338619102881,-0.0689658942013055,0.15499734764692513,0.003015355458395705,nan,nan,nan,nan
4492,44.931,,44.93100000000159,False,8.418299133006332,-0.06819796328429802,0.15254310150885803,0.0030092040291275247,nan,nan,nan,nan
4493,44.94,,44.94000000000159,False,8.4183040583398,-0.06748492019008476,0.15049396653280633,0.002997175495844023,nan,nan,nan,nan
4494,44.952,,44.95200000000159,False,8.418298165268544,-0.06644344498635604,0.14723996280628945,0.00297971395650559,nan,nan,nan,nan
4495,44.961,,44.96100000000159,False,8.418344665152306,-0.06572848515670135,0.14527189391105186,0.0029601776554284897,nan,nan,nan,nan
4496,44.97,,44.97000000000159,False,8.418372324771354,-0.06493659836582676,0.14284829472605953,0.0029405166923999323,nan,nan,nan,nan
4497,44.982,,44.98200000000159,False,8.4184545130585,-0.06392764658619177,0.13996344384198844,0.0029078931952742047,nan,nan,nan,nan
4498,44.991,,44.99100000000159,False,8.418501736284982,-0.06310294954075013,0.13741395646073548,0.0028823805095703637,nan,nan,nan,nan
4499,45.0,,45.00000000000159,False,8.418590419187659,-0.06234034300991216,0.13527591822643567,0.002852015036296796,nan,nan,nan,nan
4500,45.012,,45.01200000000159,False,8.41868634691423,-0.06123346805984448,0.13191525495027928,0.0028102055479226943,nan,nan,nan,nan
4501,45.021,,45.02100000000159,False,8.418805634509985,-0.06047703251846593,0.1298725773317617,0.0027736404937109354,nan,nan,nan,nan
4502,45.03,,45.03000000000159,False,8.418899109576968,-0.05964341649706221,0.1273833855481398,0.0027368892059174564,nan,nan,nan,nan
4503,45.042,,45.04200000000159,False,8.419063322799474,-0.05858590647776619,0.12441778897791395,0.0026827905442264265,nan,nan,nan,nan
4504,45.051,,45.05100000000159,False,8.41916490262423,-0.05772601826319734,0.12181868412441048,0.0026413264308179788,nan,nan,nan,nan
4505,45.06,,45.060000000001594,False,8.41930478712226,-0.05693351732714572,0.11963258959168684,0.002596112805777995,nan,nan,nan,nan
4506,45.072,,45.072000000001594,False,8.419460137420327,-0.05578886257548241,0.11622373443437158,0.0025347559898674646,nan,nan,nan,nan
4507,45.081,,45.081000000001595,False,8.419620234972554,-0.05500951906197056,0.1141449152255905,0.002484826444462316,nan,nan,nan,nan
4508,45.09,,45.090000000001595,False,8.419748525110238,-0.054154011550003274,0.11163219126967218,0.0024347403119623747,nan,nan,nan,nan
4509,45.102,,45.102000000001595,False,8.419953485948238,-0.05307261958923982,0.10863762016025577,0.0023642411623907805,nan,nan,nan,nan
4510,45.111,,45.111000000001596,False,8.420079513730718,-0.052196934879650526,0.1060303691386597,0.002310720281192704,nan,nan,nan,nan
4511,45.12,,45.120000000001596,False,8.42024061826426,-0.051392174204717464,0.10383327919742177,0.0022545628328518984,nan,nan,nan,nan
4512,45.132,,45.1320000000016,False,8.420416768264186,-0.05023433601884523,0.10042893857852596,0.0021789660812060125,nan,nan,nan,nan
4513,45.141,,45.1410000000016,False,8.420588674031405,-0.0494485700947941,0.09834857265527934,0.002119638880902852,nan,nan,nan,nan
4514,45.15,,45.1500000000016,False,8.420723953777168,-0.04858868399439082,0.09584993282798417,0.002060250858600252,nan,nan,nan,nan
4515,45.162,,45.1620000000016,False,8.420932834051975,-0.047505113597651145,0.09287253799302092,0.0019787098602656785,nan,nan,nan,nan
4516,45.171,,45.1710000000016,False,8.421056919733932,-0.04663059299521764,0.09029391128865522,0.0019172029263035924,nan,nan,nan,nan
4517,45.18,,45.1800000000016,False,8.421212890097244,-0.04582894880685096,0.08811860532967385,0.0018541219115505215,nan,nan,nan,nan
4518,45.192,,45.1920000000016,False,8.42137626867806,-0.04467925089708095,0.08476515336148326,0.0017696981120325877,nan,nan,nan,nan
4519,45.201,,45.2010000000016,False,8.421534887941053,-0.04390129747155988,0.0827135789481197,0.001704953613427286,nan,nan,nan,nan
4520,45.21,,45.2100000000016,False,8.421653344839985,-0.0430520776739288,0.08026186232907659,0.0016402833388878015,nan,nan,nan,nan
4521,45.222,,45.2220000000016,False,8.421834828688153,-0.04198488389959177,0.07734177424384206,0.0015529685790733692,nan,nan,nan,nan
4522,45.231,,45.2310000000016,False,8.421934805333853,-0.04112594497699914,0.07482359072309011,0.0014874428498302108,nan,nan,nan,nan
4523,45.24,,45.2400000000016,False,8.422063595814775,-0.040340428503779745,0.07269833083895677,0.0014213068420828154,nan,nan,nan,nan
4524,45.252,,45.2520000000016,False,8.42218647678739,-0.03921681086410603,0.06943555786032496,0.0013332209675832782,nan,nan,nan,nan
4525,45.261,,45.2610000000016,False,8.422311188656655,-0.038458572578604105,0.06743867901240751,0.0012668025492117566,nan,nan,nan,nan
4526,45.27,,45.2700000000016,False,8.422393508804932,-0.03763254000579414,0.06506181625645854,0.00120060729963895,nan,nan,nan,nan
4527,45.282,,45.2820000000016,False,8.42252238720706,-0.03659706718786904,0.062232995826238,0.0011123807107994706,nan,nan,nan,nan
4528,45.291,,45.2910000000016,False,8.422580676600028,-0.03576556777923519,0.05980206233446425,0.0010464678568427317,nan,nan,nan,nan
4529,45.3,,45.3000000000016,False,8.422664891903308,-0.03500681242481588,0.057750541382993736,0.0009807749052636967,nan,nan,nan,nan
4530,45.312,,45.3120000000016,False,8.422725751049727,-0.03392385814126139,0.05461165873365245,0.0008936594056368607,nan,nan,nan,nan
4531,45.321,,45.321000000001604,False,8.422800648790023,-0.033194930379179255,0.05269095811184871,0.0008288756894352467,nan,nan,nan,nan
4532,45.33,,45.330000000001604,False,8.422832189773237,-0.03240214031204685,0.050412040259427165,0.0007644563787503149,nan,nan,nan,nan
4533,45.342,,45.342000000001605,False,8.422889542954506,-0.03141061503354407,0.04770239883097505,0.0006795329243355653,nan,nan,nan,nan
4534,45.351,,45.351000000001605,False,8.42289322675008,-0.030615956637868744,0.045380658727006605,0.0006163550856160902,nan,nan,nan,nan
4535,45.36,,45.360000000001605,False,8.42292017105359,-0.029892322764032572,0.043422153789598274,0.0005540722306348665,nan,nan,nan,nan
4536,45.372,,45.372000000001606,False,8.422903671232344,-0.02886144042652758,0.04043407477793547,0.0004718225349173086,nan,nan,nan,nan
4537,45.381,,45.381000000001606,False,8.422917526299486,-0.028169246956330996,0.03860682741500357,0.000411409470637863,nan,nan,nan,nan
4538,45.39,,45.390000000001606,False,8.422888228715973,-0.02741745449562526,0.03644437404772294,0.0003514779302494348,nan,nan,nan,nan
4539,45.402,,45.40200000000161,False,8.42286126666556,-0.02647921121170677,0.03387614643145311,0.00027326628142125656,nan,nan,nan,nan
4540,45.411,,45.41100000000161,False,8.422801916416466,-0.02572853514442701,0.031681010219816785,0.00021532425822328566,nan,nan,nan,nan
4541,45.42,,45.42000000000161,False,8.422763404337275,-0.025046299994375486,0.02983070764691065,0.00015878834223051716,nan,nan,nan,nan
4542,45.432,,45.43200000000161,False,8.422660082469656,-0.024076009769505535,0.027014543944132576,8.444099282050084e-05,nan,nan,nan,nan
4543,45.441,,45.44100000000161,False,8.422606088651746,-0.023426007868924115,0.025294178815722643,3.0484606056123413e-05,nan,nan,nan,nan
4544,45.45,,45.45000000000161,False,8.422510182338353,-0.022720896905409287,0.02326254428748342,-2.290790602466359e-05,nan,nan,nan,nan
4545,45.462,,45.46200000000161,False,8.422391819823693,-0.021842679348934586,0.020852829879876873,-9.188459930047532e-05,nan,nan,nan,nan
4546,45.471,,45.47100000000161,False,8.422265142862576,-0.021141113605141114,0.01879762056389348,-0.0001427630305345894,nan,nan,nan,nan
4547,45.48,,45.48000000000161,False,8.42215712990916,-0.020504707212038658,0.0170670458217968,-0.00019188603754941486,nan,nan,nan,nan
4548,45.492,,45.49200000000161,False,8.421962861817068,-0.019600981089832374,0.014438728837745655,-0.00025619752984003404,nan,nan,nan,nan
4549,45.501,,45.50100000000161,False,8.42183821731412,-0.01899690338553204,0.012835274652925669,-0.0003022822017264648,nan,nan,nan,nan
4550,45.51,,45.51000000000161,False,8.421673779104388,-0.018342348206319463,0.01094512970306299,-0.00034776046387364134,nan,nan,nan,nan
4551,45.522,,45.52200000000161,False,8.421462021097154,-0.0175286498543941,0.008706522914217363,-0.0004058715904859103,nan,nan,nan,nan
4552,45.531,,45.53100000000161,False,8.421267377887254,-0.016879581007654947,0.006800978956159548,-0.00044852990902373766,nan,nan,nan,nan
4553,45.54,,45.54000000000161,False,8.421089466261437,-0.01629184524311917,0.005198478413319405,-0.0004892342388487574,nan,nan,nan,nan
4554,45.552,,45.55200000000161,False,8.420804782157546,-0.015458472668419312,0.002769438139588567,-0.0005422562878220879,nan,nan,nan,nan
4555,45.561,,45.56100000000161,False,8.42061016422369,-0.014902586043451417,0.0012900064758631666,-0.000579698396098802,nan,nan,nan,nan
4556,45.57,,45.57000000000161,False,8.420378580201879,-0.014300926087875282,-0.0004511505818158476,-0.0006165315192837364,nan,nan,nan,nan
4557,45.582,,45.582000000001614,False,8.420075787986502,-0.013554344968448978,-0.002509898546275012,-0.0006629861847884284,nan,nan,nan,nan
4558,45.591,,45.591000000001614,False,8.419815631855121,-0.01295969653032504,-0.004259105178887377,-0.0006968937023039917,nan,nan,nan,nan
4559,45.6,,45.600000000001614,False,8.419570502295484,-0.012422149159410185,-0.005727871529278802,-0.0007287818016279753,nan,nan,nan,nan
4560,45.612,,45.612000000001615,False,8.419199818154347,-0.011661103509459285,-0.007950024219974554,-0.000770064339634357,nan,nan,nan,nan
4561,45.621,,45.621000000001615,False,8.41893879877549,-0.011154467398833265,-0.009300756513689081,-0.0007986732021899474,nan,nan,nan,nan
4562,45.63,,45.630000000001615,False,8.4186441775075,-0.010606777396409346,-0.010888096484805756,-0.0008267067364990963,nan,nan,nan,nan
4563,45.642,,45.642000000001616,False,8.418256276465886,-0.009928362343599619,-0.012761432220492143,-0.000861455928432146,nan,nan,nan,nan
4564,45.651,,45.651000000001616,False,8.417935559350273,-0.00938886270437957,-0.014350197695171301,-0.0008866301089785019,nan,nan,nan,nan
4565,45.66,,45.66000000000162,False,8.417628372178195,-0.008901950497919952,-0.015681785081675705,-0.0009098307378937376,nan,nan,nan,nan
4566,45.672,,45.67200000000162,False,8.41717919190583,-0.008213736016135953,-0.017692613813988293,-0.0009396129841134931,nan,nan,nan,nan
4567,45.681,,45.68100000000162,False,8.416857635073749,-0.007756445509311936,-0.01891195347835033,-0.0009596883719944745,nan,nan,nan,nan
4568,45.69,,45.69000000000162,False,8.41650621032597,-0.0072627869828365095,-0.02034285050397802,-0.0009792519015438647,nan,nan,nan,nan
4569,45.702,,45.70200000000162,False,8.416041889520896,-0.006652358046207653,-0.022027825752848975,-0.0010028611026859499,nan,nan,nan,nan
4570,45.711,,45.71100000000162,False,8.415667469171076,-0.006167785960577969,-0.023454160923529508,-0.001019769287452901,nan,nan,nan,nan
4571,45.72,,45.72000000000162,False,8.415305269377335,-0.005731115611790225,-0.024646914342857606,-0.0010348371868103454,nan,nan,nan,nan
4553,45.54,,45.54000000000161,False,8.421089466261437,-0.01629184524311917,0.005198478413319405,-0.0004892342388487574,nan,nan,nan,nan
4554,45.552,,45.55200000000161,False,8.420804782157546,-0.015458472668419312,0.002769438139588567,-0.0005422562878220879,nan,nan,nan,nan
4555,45.561,,45.56100000000161,False,8.42061016422369,-0.014902586043451417,0.0012900064758631666,-0.000579698396098802,nan,nan,nan,nan
4556,45.57,,45.57000000000161,False,8.420378580201879,-0.014300926087875282,-0.0004511505818158476,-0.0006165315192837364,nan,nan,nan,nan
4557,45.582,,45.582000000001614,False,8.420075787986502,-0.013554344968448978,-0.002509898546275012,-0.0006629861847884284,nan,nan,nan,nan
4558,45.591,,45.591000000001614,False,8.419815631855121,-0.01295969653032504,-0.004259105178887377,-0.0006968937023039917,nan,nan,nan,nan
4559,45.6,,45.600000000001614,False,8.419570502295484,-0.012422149159410185,-0.005727871529278802,-0.0007287818016279753,nan,nan,nan,nan
4560,45.612,,45.612000000001615,False,8.419199818154347,-0.011661103509459285,-0.007950024219974554,-0.000770064339634357,nan,nan,nan,nan
4561,45.621,,45.621000000001615,False,8.41893879877549,-0.011154467398833265,-0.009300756513689081,-0.0007986732021899474,nan,nan,nan,nan
4562,45.63,,45.630000000001615,False,8.4186441775075,-0.010606777396409346,-0.010888096484805756,-0.0008267067364990963,nan,nan,nan,nan
4563,45.642,,45.642000000001616,False,8.418256276465886,-0.009928362343599619,-0.012761432220492143,-0.000861455928432146,nan,nan,nan,nan
4564,45.651,,45.651000000001616,False,8.417935559350273,-0.00938886270437957,-0.014350197695171301,-0.0008866301089785019,nan,nan,nan,nan
4565,45.66,,45.66000000000162,False,8.417628372178195,-0.008901950497919952,-0.015681785081675705,-0.0009098307378937376,nan,nan,nan,nan
4566,45.672,,45.67200000000162,False,8.41717919190583,-0.008213736016135953,-0.017692613813988293,-0.0009396129841134931,nan,nan,nan,nan
4567,45.681,,45.68100000000162,False,8.416857635073749,-0.007756445509311936,-0.01891195347835033,-0.0009596883719944745,nan,nan,nan,nan
4568,45.69,,45.69000000000162,False,8.41650621032597,-0.0072627869828365095,-0.02034285050397802,-0.0009792519015438647,nan,nan,nan,nan
4569,45.702,,45.70200000000162,False,8.416041889520896,-0.006652358046207653,-0.022027825752848975,-0.0010028611026859499,nan,nan,nan,nan
4570,45.711,,45.71100000000162,False,8.415667469171076,-0.006167785960577969,-0.023454160923529508,-0.001019769287452901,nan,nan,nan,nan
4571,45.72,,45.72000000000162,False,8.415305269377335,-0.005731115611790225,-0.024646914342857606,-0.0010348371868103454,nan,nan,nan,nan
4572,45.732,,45.73200000000162,False,8.41478740158515,-0.005115080987152001,-0.026444580261655245,-0.0010539109069009523,nan,nan,nan,nan
4573,45.741,,45.74100000000162,False,8.41441287420501,-0.004706485617665077,-0.027531416782666695,-0.001066138865157952,nan,nan,nan,nan
4574,45.75,,45.75000000000162,False,8.414012427197742,-0.004266131511845214,-0.028805036920843168,-0.0010779403071303148,nan,nan,nan,nan
4575,45.762,,45.76200000000162,False,8.41348236933643,-0.003722564252118713,-0.03030079081257862,-0.0010914471724806812,nan,nan,nan,nan
4576,45.771,,45.77100000000162,False,8.41306244481746,-0.0032919648892702985,-0.03156442809521464,-0.0011008985688209572,nan,nan,nan,nan
4577,45.78,,45.78000000000162,False,8.412653597168715,-0.0029045051674723575,-0.03261811702887579,-0.001108706252685435,nan,nan,nan,nan
4578,45.792,,45.79200000000162,False,8.412078418573952,-0.002359115960238001,-0.03420288650838443,-0.001118270389884733,nan,nan,nan,nan
4579,45.801,,45.80100000000162,False,8.411659638321646,-0.0019980084923510327,-0.03515735422009649,-0.0011236146136334936,nan,nan,nan,nan
4580,45.81,,45.81000000000162,False,8.41121896107703,-0.0016096357999799465,-0.03627430979499069,-0.0011286311153407094,nan,nan,nan,nan
4581,45.822,,45.82200000000162,False,8.410635130551828,-0.001131103556807509,-0.03758163737763065,-0.0011334009223077277,nan,nan,nan,nan
4582,45.831,,45.83100000000162,False,8.410178725101783,-0.0007529714852756975,-0.038683704003526685,-0.00113643817195219,nan,nan,nan,nan
4583,45.84,,45.84000000000162,False,8.409732397928686,-0.00041322336932662673,-0.039599222175755865,-0.0011380687839560243,nan,nan,nan,nan
4584,45.852,,45.852000000001624,False,8.409112186234365,6.371006372645972e-05,-0.04097306321193933,-0.0011395870535796185,nan,nan,nan,nan
4585,45.861,,45.861000000001624,False,8.408658522521302,0.0003789370733209173,-0.04179626896155498,-0.001139184062162959,nan,nan,nan,nan
4586,45.87,,45.870000000001625,False,8.408186936855927,0.0007170882426735865,-0.042758339906666165,-0.001138557539768171,nan,nan,nan,nan
4587,45.888,,45.888000000001625,False,8.407242932092009,0.0013457720858541518,-0.04447659234673092,-0.0011346417844292915,nan,nan,nan,nan
4588,45.891,,45.891000000001625,False,8.407078446965999,0.001460488399064907,-0.044822110324202566,-0.0011339442541204836,nan,nan,nan,nan
4589,45.9,,45.900000000001626,False,8.406604155711825,0.0017543547806588092,-0.045601242902574377,-0.001130592434306221,nan,nan,nan,nan
4590,45.912,,45.912000000001626,False,8.405947622870057,0.002166252372720154,-0.04676950578512951,-0.001125663214936158,nan,nan,nan,nan
4591,45.921,,45.92100000000163,False,8.40546503747811,0.0024403392321434977,-0.04747074280179688,-0.0011207296813162582,nan,nan,nan,nan
4592,45.93,,45.93000000000163,False,8.404969155256008,0.0027345632647965594,-0.04829161158125575,-0.0011156772156736177,nan,nan,nan,nan
4593,45.942,,45.94200000000163,False,8.404312895673336,0.003096969022823417,-0.04924663671103725,-0.0011077204333230241,nan,nan,nan,nan
4594,45.954,,45.95400000000163,False,8.403637492191748,0.0034848365725548554,-0.05036473339656494,-0.0010995093947445366,nan,nan,nan,nan
4595,45.963,,45.96300000000163,False,8.403151508818071,0.003717320399241675,-0.050909743113459395,-0.001091905043071319,nan,nan,nan,nan
4596,45.978,,45.97800000000163,False,8.402310565990476,0.00414595318966473,-0.05207599253655697,-0.0010792467038499528,nan,nan,nan,nan
4597,45.981,,45.98100000000163,False,8.402146128915783,0.004219966772349768,-0.0522516814196433,-0.0010764096315777397,nan,nan,nan,nan
4598,45.99,,45.99000000000163,False,8.401639546014591,0.004465801271886811,-0.05291771511061613,-0.001068136831772965,nan,nan,nan,nan
4599,46.002,,46.00200000000163,False,8.40096784654259,0.0047653832691106224,-0.053678939687833466,-0.001056222220283277,nan,nan,nan,nan
4600,46.011,,46.01100000000163,False,8.400456143124872,0.004999100803447547,-0.05431507789957658,-0.0010471676923216912,nan,nan,nan,nan
4601,46.02,,46.02000000000163,False,8.399952823642689,0.005207687978772134,-0.054830495835334066,-0.0010374709113780095,nan,nan,nan,nan
4602,46.032,,46.03200000000163,False,8.399271161353552,0.005495944250183131,-0.05559566002691714,-0.0010244392916918385,nan,nan,nan,nan
4603,46.041,,46.04100000000163,False,8.398769295001056,0.005684467211527227,-0.05603667298390839,-0.001014008575063544,nan,nan,nan,nan
4604,46.05,,46.05000000000163,False,8.398260534436533,0.005883572855872336,-0.056550035555261204,-0.0010036337918136625,nan,nan,nan,nan
4605,46.062,,46.06200000000163,False,8.397587092778293,0.00612526120763288,-0.05712743751716405,-0.0009892297551435747,nan,nan,nan,nan
4606,46.071,,46.07100000000163,False,8.39707754132935,0.0063123064271252355,-0.05760781706260275,-0.000978425499163613,nan,nan,nan,nan
4607,46.08,,46.08000000000163,False,8.396575320234774,0.006478329493476226,-0.05798732463656444,-0.0009672055491944661,nan,nan,nan,nan
4608,46.092,,46.09200000000163,False,8.395898489707974,0.006706486260440926,-0.05855025220124268,-0.0009522915016552581,nan,nan,nan,nan
4609,46.101,,46.10100000000163,False,8.395399224785367,0.006855147618266563,-0.05886376946016833,-0.0009407031451627528,nan,nan,nan,nan
4610,46.11,,46.110000000001634,False,8.394895755984596,0.007011606999561082,-0.05923199671968385,-0.0009292401446292749,nan,nan,nan,nan
4611,46.122,,46.122000000001634,False,8.394229334102201,0.007201121837879821,-0.059635782750314247,-0.0009136625737161866,nan,nan,nan,nan
4612,46.131,,46.131000000001634,False,8.393727550059042,0.007347148146375882,-0.05997261114181828,-0.0009020776595695852,nan,nan,nan,nan
4613,46.14,,46.140000000001635,False,8.39323241431135,0.007476617396349254,-0.06022928641257609,-0.0008902763387979664,nan,nan,nan,nan
4614,46.152,,46.152000000001635,False,8.392568330062776,0.0076534169397293956,-0.06061084443777091,-0.0008747111735513963,nan,nan,nan,nan
4615,46.161,,46.161000000001636,False,8.39207791138697,0.007768364776919686,-0.06081126872329968,-0.0008628546360017903,nan,nan,nan,nan
4616,46.17,,46.170000000001636,False,8.391585786937,0.007888296163309154,-0.061049740840214646,-0.0008511783378705679,nan,nan,nan,nan
4617,46.182,,46.182000000001636,False,8.390934672550078,0.008032761534915731,-0.06129762125768623,-0.0008355507394464094,nan,nan,nan,nan
4618,46.191,,46.19100000000164,False,8.390446662603251,0.008142672815759542,-0.06150385228299336,-0.0008240071847454645,nan,nan,nan,nan
4619,46.2,,46.20000000000164,False,8.389964792773515,0.008239552947791594,-0.061647640311428054,-0.0008124136025464233,nan,nan,nan,nan
4620,46.212,,46.21200000000164,False,8.389321385205111,0.00836968573730447,-0.06186037254435418,-0.0007972206164949059,nan,nan,nan,nan
4621,46.221,,46.22100000000164,False,8.38884592261924,0.008453446529558923,-0.06195366780306439,-0.000785823438547014,nan,nan,nan,nan
4622,46.23,,46.23000000000164,False,8.388370943808912,0.008539245178224771,-0.0620686386029252,-0.0007746448966224395,nan,nan,nan,nan
4623,46.242,,46.24200000000164,False,8.387742929331221,0.008641046494335353,-0.0621660158453668,-0.0007598670763798796,nan,nan,nan,nan
4624,46.251,,46.25100000000164,False,8.387274222778332,0.008716642237743408,-0.06224619678053877,-0.000749017487082088,nan,nan,nan,nan
4625,46.26,,46.26000000000164,False,8.38681123874649,0.008782287040965175,-0.06227961148870062,-0.0007382489723171297,nan,nan,nan,nan
4626,46.272,,46.27200000000164,False,8.386195581624255,0.008867883826790702,-0.06232840450426706,-0.0007242219468162826,nan,nan,nan,nan
4627,46.281,,46.28100000000164,False,8.385740465228004,0.008921725237108828,-0.06231639357312142,-0.0007138384420162779,nan,nan,nan,nan
4628,46.29,,46.29000000000164,False,8.385287664423362,0.008975094750561814,-0.06231156336191874,-0.0007036963178393027,nan,nan,nan,nan
4629,46.302,,46.30200000000164,False,8.384689437358455,0.009036415591661767,-0.06226244553758809,-0.0006904388937443046,nan,nan,nan,nan
4630,46.311,,46.31100000000164,False,8.38424469529206,0.009079795703883767,-0.062221504562525135,-0.0006807654696631442,nan,nan,nan,nan
4631,46.32,,46.32000000000164,False,8.38380530888467,0.009116117116473707,-0.06214825964104784,-0.0006712700290984091,nan,nan,nan,nan
4632,46.332,,46.33200000000164,False,8.383223229691351,0.009160334137723304,-0.06204073072355256,-0.0006589795835288502,nan,nan,nan,nan
4633,46.341,,46.34100000000164,False,8.382792879465248,0.009186367734166182,-0.06192765981473462,-0.0006499986757936265,nan,nan,nan,nan
4634,46.35,,46.35000000000164,False,8.382366311758592,0.009209867882505478,-0.06180942849464549,-0.0006412681365919013,nan,nan,nan,nan
4635,46.362,,46.36200000000164,False,8.38180322335546,0.009233931605029068,-0.0616213598134498,-0.0006299869714638951,nan,nan,nan,nan
4636,46.371,,46.371000000001644,False,8.381386103899585,0.009247868797368572,-0.06146678267826585,-0.0006218131045278714,nan,nan,nan,nan
4637,46.38,,46.380000000001644,False,8.380974006372483,0.009257318573139314,-0.06129283544079929,-0.0006138823971877113,nan,nan,nan,nan
4638,46.392,,46.392000000001644,False,8.380429977034245,0.009263841700729204,-0.06103921976349819,-0.0006036937840197829,nan,nan,nan,nan
4639,46.401,,46.401000000001645,False,8.380027780588843,0.009264424336001598,-0.06083085970588237,-0.0005963536165765441,nan,nan,nan,nan
4640,46.41,,46.410000000001645,False,8.379630484030338,0.009260760728183697,-0.060606918304675496,-0.000589260982896161,nan,nan,nan,nan
4641,46.422,,46.422000000001646,False,8.379106518062006,0.009250847159509197,-0.060288703522623534,-0.0005802179003859985,nan,nan,nan,nan
4642,46.431,,46.431000000001646,False,8.37871967283573,0.009238090281965518,-0.06002871928321248,-0.0005737239256465501,nan,nan,nan,nan
4643,46.44,,46.440000000001646,False,8.378337540757107,0.009223055011571465,-0.0597605600197713,-0.0005675099433910425,nan,nan,nan,nan
4644,46.452,,46.45200000000165,False,8.377834706751093,0.009195465145072058,-0.059371701347392815,-0.0005596056457076385,nan,nan,nan,nan
4645,46.461,,46.46100000000165,False,8.377463049685769,0.009172876401818053,-0.059074173576889585,-0.0005540115880802645,nan,nan,nan,nan
4646,46.47,,46.47000000000165,False,8.377097087845806,0.00914469859023088,-0.05875260509771585,-0.000548652494882273,nan,nan,nan,nan
4647,46.482,,46.48200000000165,False,8.376614928103697,0.00910405536600221,-0.05831359548630049,-0.0005419406019081684,nan,nan,nan,nan
4648,46.491,,46.49100000000165,False,8.376260063770363,0.009067367665548736,-0.057956940128300785,-0.0005371830998077818,nan,nan,nan,nan
4649,46.5,,46.50000000000165,False,8.375909625206164,0.009030282330658605,-0.057601612533123105,-0.0005327182436003536,nan,nan,nan,nan
4650,46.512,,46.51200000000165,False,8.375449906253259,0.00897227193100797,-0.057089243204454514,-0.000527125086979677,nan,nan,nan,nan
4651,46.521,,46.52100000000165,False,8.375110251991874,0.008928907874093023,-0.0567094018747924,-0.0005232708216523211,nan,nan,nan,nan
4652,46.53,,46.53000000000165,False,8.374776800871954,0.008878999109070237,-0.056299106669956564,-0.0005196313732277854,nan,nan,nan,nan
4653,46.542,,46.54200000000165,False,8.374337953190121,0.008811075250689235,-0.055749818665920686,-0.0005152038916137007,nan,nan,nan,nan
4654,46.551,,46.55100000000165,False,8.374015929095284,0.008753373447620935,-0.05530615177106727,-0.0005121373901762158,nan,nan,nan,nan
4655,46.56,,46.56000000000165,False,8.373698063651723,0.008696830257300505,-0.05487163999772186,-0.000509356533370766,nan,nan,nan,nan
4656,46.572,,46.57200000000165,False,8.373282293990142,0.008612283688253258,-0.054248751705300836,-0.0005059750864177787,nan,nan,nan,nan
4657,46.581,,46.58100000000165,False,8.372975291255056,0.008550678957563514,-0.05379439091051185,-0.0005037649257282669,nan,nan,nan,nan
4658,46.59,,46.59000000000165,False,8.37267475026302,0.008481938966080882,-0.053305179090619645,-0.0005017438909108319,nan,nan,nan,nan
4659,46.602,,46.60200000000165,False,8.372279693738985,0.008390321067679982,-0.05265730992011533,-0.0004994438469764152,nan,nan,nan,nan
4660,46.611,,46.61100000000165,False,8.371990637943048,0.008314597274223774,-0.052137118691467275,-0.0004979429536985555,nan,nan,nan,nan
4661,46.62,,46.62000000000165,False,8.371705493924532,0.008241256845662081,-0.05163221790834056,-0.0004967055990441655,nan,nan,nan,nan
4662,46.632,,46.63200000000165,False,8.371333581328388,0.008134112730989553,-0.05091279013368793,-0.0004953394870540025,nan,nan,nan,nan
4663,46.641,,46.641000000001654,False,8.371059184392594,0.0080568394015999,-0.050392437582594846,-0.0004946102936524349,nan,nan,nan,nan
4664,46.65,,46.650000000001654,False,8.370791297460821,0.007972180582093705,-0.04983478144729326,-0.0004940408395587952,nan,nan,nan,nan
4665,46.662,,46.662000000001655,False,8.370439647541438,0.007860467427266675,-0.04910090041716884,-0.0004936298288145679,nan,nan,nan,nan
4666,46.671,,46.671000000001655,False,8.370183079371545,0.007769700835159683,-0.04851525527519392,-0.0004935105952657754,nan,nan,nan,nan
4667,46.68,,46.680000000001655,False,8.369930196837604,0.00768221840626754,-0.04794937132133414,-0.0004936220561062361,nan,nan,nan,nan
4668,46.692,,46.692000000001656,False,8.369601286728782,0.007556381870114558,-0.047148106345021076,-0.0004940059045038483,nan,nan,nan,nan
4669,46.701,,46.701000000001656,False,8.369358878986661,0.007466000412358899,-0.04657088538905301,-0.0004945477657777698,nan,nan,nan,nan
4670,46.71,,46.710000000001656,False,8.369122857223154,0.007368303009254422,-0.045955777896948026,-0.0004952179350379597,nan,nan,nan,nan
4671,46.722,,46.72200000000166,False,8.36881352978903,0.007240061650736549,-0.04514919947780878,-0.0004964029963443803,nan,nan,nan,nan
4672,46.731,,46.73100000000166,False,8.36858848146273,0.007137188743375212,-0.04450965933055642,-0.0004974428271856921,nan,nan,nan,nan
4673,46.74,,46.74000000000166,False,8.368366914133317,0.007038193450518251,-0.043892760923488185,-0.0004986737905648329,nan,nan,nan,nan
4674,46.752,,46.75200000000166,False,8.368079550201715,0.006897508188970097,-0.04302501005204973,-0.0005004989641144338,nan,nan,nan,nan
4675,46.761,,46.76100000000166,False,8.367868064845652,0.006796554139574921,-0.042400631132677606,-0.000502074037408086,nan,nan,nan,nan
4676,46.77,,46.77000000000166,False,8.367662704949835,0.006688649388971452,-0.04173955551528794,-0.0005037453894938001,nan,nan,nan,nan
4677,46.782,,46.78200000000166,False,8.367394073885377,0.00654739754484106,-0.04087433406268854,-0.0005062032602781103,nan,nan,nan,nan
4678,46.791,,46.79100000000166,False,8.367199205927971,0.00643529524403929,-0.040192920945925914,-0.0005081588304215867,nan,nan,nan,nan
4679,46.8,,46.80000000000166,False,8.367007636514868,0.006327378057358706,-0.03953554672224431,-0.0005102628034580505,nan,nan,nan,nan
4680,46.812,,46.81200000000166,False,8.366759910894935,0.006175605436324041,-0.03861728674373458,-0.0005132002945327635,nan,nan,nan,nan
4681,46.821,,46.82100000000166,False,8.366577943161014,0.006066579852123752,-0.037956067606901414,-0.0005155593867315829,nan,nan,nan,nan
4682,46.83,,46.83000000000166,False,8.366401736271772,0.005951236602015133,-0.03726098707305074,-0.0005179833770765501,nan,nan,nan,nan
4683,46.842,,46.84200000000166,False,8.366171777519522,0.005800430909728273,-0.03635193314188636,-0.0005213816198222463,nan,nan,nan,nan
4684,46.851,,46.85100000000166,False,8.366005483042123,0.005681905636430716,-0.035641119589335836,-0.0005240044365950894,nan,nan,nan,nan
4685,46.86,,46.86000000000166,False,8.365842326870412,0.005567615177471715,-0.034954400667324095,-0.0005267327593013353,nan,nan,nan,nan
4686,46.872,,46.87200000000166,False,8.36563201329608,0.005408426672537434,-0.03400223228580483,-0.0005304528281973716,nan,nan,nan,nan
4687,46.881,,46.88100000000166,False,8.365477919456795,0.0052937988697373236,-0.0333151395375614,-0.0005333494653607343,nan,nan,nan,nan
4688,46.89,,46.89000000000166,False,8.365329145969309,0.005173723861564845,-0.03259850942435078,-0.0005362813276965452,nan,nan,nan,nan
4689,46.902,,46.902000000001664,False,8.365135561719011,0.005016768617846607,-0.031661243539199864,-0.0005402960706649543,nan,nan,nan,nan
4572,45.732,,45.73200000000162,False,8.41478740158515,-0.005115080987152001,-0.026444580261655245,-0.0010539109069009523,nan,nan,nan,nan
4573,45.741,,45.74100000000162,False,8.41441287420501,-0.004706485617665077,-0.027531416782666695,-0.001066138865157952,nan,nan,nan,nan
4574,45.75,,45.75000000000162,False,8.414012427197742,-0.004266131511845214,-0.028805036920843168,-0.0010779403071303148,nan,nan,nan,nan
4575,45.762,,45.76200000000162,False,8.41348236933643,-0.003722564252118713,-0.03030079081257862,-0.0010914471724806812,nan,nan,nan,nan
4576,45.771,,45.77100000000162,False,8.41306244481746,-0.0032919648892702985,-0.03156442809521464,-0.0011008985688209572,nan,nan,nan,nan
4577,45.78,,45.78000000000162,False,8.412653597168715,-0.0029045051674723575,-0.03261811702887579,-0.001108706252685435,nan,nan,nan,nan
4578,45.792,,45.79200000000162,False,8.412078418573952,-0.002359115960238001,-0.03420288650838443,-0.001118270389884733,nan,nan,nan,nan
4579,45.801,,45.80100000000162,False,8.411659638321646,-0.0019980084923510327,-0.03515735422009649,-0.0011236146136334936,nan,nan,nan,nan
4580,45.81,,45.81000000000162,False,8.41121896107703,-0.0016096357999799465,-0.03627430979499069,-0.0011286311153407094,nan,nan,nan,nan
4581,45.822,,45.82200000000162,False,8.410635130551828,-0.001131103556807509,-0.03758163737763065,-0.0011334009223077277,nan,nan,nan,nan
4582,45.831,,45.83100000000162,False,8.410178725101783,-0.0007529714852756975,-0.038683704003526685,-0.00113643817195219,nan,nan,nan,nan
4583,45.84,,45.84000000000162,False,8.409732397928686,-0.00041322336932662673,-0.039599222175755865,-0.0011380687839560243,nan,nan,nan,nan
4584,45.852,,45.852000000001624,False,8.409112186234365,6.371006372645972e-05,-0.04097306321193933,-0.0011395870535796185,nan,nan,nan,nan
4585,45.861,,45.861000000001624,False,8.408658522521302,0.0003789370733209173,-0.04179626896155498,-0.001139184062162959,nan,nan,nan,nan
4586,45.87,,45.870000000001625,False,8.408186936855927,0.0007170882426735865,-0.042758339906666165,-0.001138557539768171,nan,nan,nan,nan
4587,45.888,,45.888000000001625,False,8.407242932092009,0.0013457720858541518,-0.04447659234673092,-0.0011346417844292915,nan,nan,nan,nan
4588,45.891,,45.891000000001625,False,8.407078446965999,0.001460488399064907,-0.044822110324202566,-0.0011339442541204836,nan,nan,nan,nan
4589,45.9,,45.900000000001626,False,8.406604155711825,0.0017543547806588092,-0.045601242902574377,-0.001130592434306221,nan,nan,nan,nan
4590,45.912,,45.912000000001626,False,8.405947622870057,0.002166252372720154,-0.04676950578512951,-0.001125663214936158,nan,nan,nan,nan
4591,45.921,,45.92100000000163,False,8.40546503747811,0.0024403392321434977,-0.04747074280179688,-0.0011207296813162582,nan,nan,nan,nan
4592,45.93,,45.93000000000163,False,8.404969155256008,0.0027345632647965594,-0.04829161158125575,-0.0011156772156736177,nan,nan,nan,nan
4593,45.942,,45.94200000000163,False,8.404312895673336,0.003096969022823417,-0.04924663671103725,-0.0011077204333230241,nan,nan,nan,nan
4594,45.954,,45.95400000000163,False,8.403637492191748,0.0034848365725548554,-0.05036473339656494,-0.0010995093947445366,nan,nan,nan,nan
4595,45.963,,45.96300000000163,False,8.403151508818071,0.003717320399241675,-0.050909743113459395,-0.001091905043071319,nan,nan,nan,nan
4596,45.978,,45.97800000000163,False,8.402310565990476,0.00414595318966473,-0.05207599253655697,-0.0010792467038499528,nan,nan,nan,nan
4597,45.981,,45.98100000000163,False,8.402146128915783,0.004219966772349768,-0.0522516814196433,-0.0010764096315777397,nan,nan,nan,nan
4598,45.99,,45.99000000000163,False,8.401639546014591,0.004465801271886811,-0.05291771511061613,-0.001068136831772965,nan,nan,nan,nan
4599,46.002,,46.00200000000163,False,8.40096784654259,0.0047653832691106224,-0.053678939687833466,-0.001056222220283277,nan,nan,nan,nan
4600,46.011,,46.01100000000163,False,8.400456143124872,0.004999100803447547,-0.05431507789957658,-0.0010471676923216912,nan,nan,nan,nan
4601,46.02,,46.02000000000163,False,8.399952823642689,0.005207687978772134,-0.054830495835334066,-0.0010374709113780095,nan,nan,nan,nan
4602,46.032,,46.03200000000163,False,8.399271161353552,0.005495944250183131,-0.05559566002691714,-0.0010244392916918385,nan,nan,nan,nan
4603,46.041,,46.04100000000163,False,8.398769295001056,0.005684467211527227,-0.05603667298390839,-0.001014008575063544,nan,nan,nan,nan
4604,46.05,,46.05000000000163,False,8.398260534436533,0.005883572855872336,-0.056550035555261204,-0.0010036337918136625,nan,nan,nan,nan
4605,46.062,,46.06200000000163,False,8.397587092778293,0.00612526120763288,-0.05712743751716405,-0.0009892297551435747,nan,nan,nan,nan
4606,46.071,,46.07100000000163,False,8.39707754132935,0.0063123064271252355,-0.05760781706260275,-0.000978425499163613,nan,nan,nan,nan
4607,46.08,,46.08000000000163,False,8.396575320234774,0.006478329493476226,-0.05798732463656444,-0.0009672055491944661,nan,nan,nan,nan
4608,46.092,,46.09200000000163,False,8.395898489707974,0.006706486260440926,-0.05855025220124268,-0.0009522915016552581,nan,nan,nan,nan
4609,46.101,,46.10100000000163,False,8.395399224785367,0.006855147618266563,-0.05886376946016833,-0.0009407031451627528,nan,nan,nan,nan
4610,46.11,,46.110000000001634,False,8.394895755984596,0.007011606999561082,-0.05923199671968385,-0.0009292401446292749,nan,nan,nan,nan
4611,46.122,,46.122000000001634,False,8.394229334102201,0.007201121837879821,-0.059635782750314247,-0.0009136625737161866,nan,nan,nan,nan
4612,46.131,,46.131000000001634,False,8.393727550059042,0.007347148146375882,-0.05997261114181828,-0.0009020776595695852,nan,nan,nan,nan
4613,46.14,,46.140000000001635,False,8.39323241431135,0.007476617396349254,-0.06022928641257609,-0.0008902763387979664,nan,nan,nan,nan
4614,46.152,,46.152000000001635,False,8.392568330062776,0.0076534169397293956,-0.06061084443777091,-0.0008747111735513963,nan,nan,nan,nan
4615,46.161,,46.161000000001636,False,8.39207791138697,0.007768364776919686,-0.06081126872329968,-0.0008628546360017903,nan,nan,nan,nan
4616,46.17,,46.170000000001636,False,8.391585786937,0.007888296163309154,-0.061049740840214646,-0.0008511783378705679,nan,nan,nan,nan
4617,46.182,,46.182000000001636,False,8.390934672550078,0.008032761534915731,-0.06129762125768623,-0.0008355507394464094,nan,nan,nan,nan
4618,46.191,,46.19100000000164,False,8.390446662603251,0.008142672815759542,-0.06150385228299336,-0.0008240071847454645,nan,nan,nan,nan
4619,46.2,,46.20000000000164,False,8.389964792773515,0.008239552947791594,-0.061647640311428054,-0.0008124136025464233,nan,nan,nan,nan
4620,46.212,,46.21200000000164,False,8.389321385205111,0.00836968573730447,-0.06186037254435418,-0.0007972206164949059,nan,nan,nan,nan
4621,46.221,,46.22100000000164,False,8.38884592261924,0.008453446529558923,-0.06195366780306439,-0.000785823438547014,nan,nan,nan,nan
4622,46.23,,46.23000000000164,False,8.388370943808912,0.008539245178224771,-0.0620686386029252,-0.0007746448966224395,nan,nan,nan,nan
4623,46.242,,46.24200000000164,False,8.387742929331221,0.008641046494335353,-0.0621660158453668,-0.0007598670763798796,nan,nan,nan,nan
4624,46.251,,46.25100000000164,False,8.387274222778332,0.008716642237743408,-0.06224619678053877,-0.000749017487082088,nan,nan,nan,nan
4625,46.26,,46.26000000000164,False,8.38681123874649,0.008782287040965175,-0.06227961148870062,-0.0007382489723171297,nan,nan,nan,nan
4626,46.272,,46.27200000000164,False,8.386195581624255,0.008867883826790702,-0.06232840450426706,-0.0007242219468162826,nan,nan,nan,nan
4627,46.281,,46.28100000000164,False,8.385740465228004,0.008921725237108828,-0.06231639357312142,-0.0007138384420162779,nan,nan,nan,nan
4628,46.29,,46.29000000000164,False,8.385287664423362,0.008975094750561814,-0.06231156336191874,-0.0007036963178393027,nan,nan,nan,nan
4629,46.302,,46.30200000000164,False,8.384689437358455,0.009036415591661767,-0.06226244553758809,-0.0006904388937443046,nan,nan,nan,nan
4630,46.311,,46.31100000000164,False,8.38424469529206,0.009079795703883767,-0.062221504562525135,-0.0006807654696631442,nan,nan,nan,nan
4690,46.911,,46.911000000001664,False,8.364996054950925,0.004894561517306381,-0.030933969819506104,-0.0005433455022912552,nan,nan,nan,nan
4691,46.92,,46.920000000001664,False,8.36485954735418,0.004776416797986731,-0.030229686755087585,-0.0005464597888541807,nan,nan,nan,nan
4692,46.932,,46.932000000001665,False,8.364684211762281,0.004613408709785926,-0.029260878662941706,-0.0005506481869769239,nan,nan,nan,nan
4693,46.941,,46.941000000001665,False,8.3645561903872,0.004495635823445896,-0.028559607582194644,-0.0005538500915375656,nan,nan,nan,nan
4694,46.95,,46.950000000001666,False,8.364432996510377,0.004373489838719451,-0.027834423338791995,-0.0005570601433651708,nan,nan,nan,nan
4695,46.962,,46.962000000001666,False,8.364273314009992,0.004213766109884684,-0.026885478657293405,-0.0005613903737025407,nan,nan,nan,nan
4696,46.971,,46.971000000001666,False,8.364158699307724,0.0040905721543345345,-0.026155202956538073,-0.0005646441046098247,nan,nan,nan,nan
4697,46.98,,46.98000000000167,False,8.36404696269093,0.003971088679926282,-0.025445876309743317,-0.0005679261086149716,nan,nan,nan,nan
4698,46.992,,46.99200000000167,False,8.363904046028692,0.0038078126238276534,-0.024478447678626124,-0.0005722968862019823,nan,nan,nan,nan
4699,47.001,,47.00100000000167,False,8.36380019753308,0.003689370633525381,-0.023775531602649808,-0.0005755949018537675,nan,nan,nan,nan
4700,47.01,,47.01000000000167,False,8.363700649945663,0.003567794763910847,-0.023055401270225182,-0.0005788773122253559,nan,nan,nan,nan
4701,47.022,,47.02200000000167,False,8.363572290028218,0.0034087023787156183,-0.022112358086143154,-0.0005832558126705139,nan,nan,nan,nan
4702,47.031,,47.03100000000167,False,8.363480607985808,0.003287197919746119,-0.021393125729897402,-0.0005865177976325578,nan,nan,nan,nan
4703,47.04,,47.04000000000167,False,8.363391695214146,0.003168922322937822,-0.020692126743277296,-0.0005897768036108998,nan,nan,nan,nan
4704,47.052,,47.05200000000167,False,8.363278564487018,0.0030089257122781557,-0.019744950552577505,-0.0005940818413240419,nan,nan,nan,nan
4705,47.061,,47.06100000000167,False,8.363196925870527,0.0028923483235075687,-0.0190538877980719,-0.0005972964438646439,nan,nan,nan,nan
4706,47.07,,47.07000000000167,False,8.363119041707003,0.002773997122314837,-0.018353117663944367,-0.0006004755979330677,nan,nan,nan,nan
4707,47.082,,47.08200000000167,False,8.36301935334237,0.002619005977680183,-0.017434756108833133,-0.0006046767375072995,nan,nan,nan,nan
4708,47.091,,47.09100000000167,False,8.362948601558408,0.0025018823676838864,-0.016741278487665514,-0.000607782811781165,nan,nan,nan,nan
4709,47.1,,47.10000000000167,False,8.362880513161011,0.0023874336749322767,-0.016062952219291937,-0.0006108607347956839,nan,nan,nan,nan
4710,47.112,,47.11200000000167,False,8.362794477801327,0.0022343078611823984,-0.015155870595927292,-0.0006148962386738778,nan,nan,nan,nan
4711,47.121,,47.12100000000167,False,8.362733030354349,0.002122231721937806,-0.01449126351989523,-0.0006178818381439435,nan,nan,nan,nan
4712,47.13,,47.13000000000167,False,8.362674780650126,0.002009811615087274,-0.013824951903387424,-0.0006208164964970834,nan,nan,nan,nan
4713,47.142,,47.14200000000167,False,8.362601039128176,0.0018625205123527333,-0.012951418755421636,-0.0006246611604818115,nan,nan,nan,nan
4714,47.151,,47.15100000000167,False,8.362549166190533,0.0017525224069507878,-0.012299159657897006,-0.000627482514726437,nan,nan,nan,nan
4715,47.16,,47.16000000000167,False,8.36249983984946,0.0016446385148214677,-0.011658958489381617,-0.000630256934154873,nan,nan,nan,nan
4716,47.172,,47.172000000001674,False,8.36243813177048,0.0015020723852064472,-0.010812906984093425,-0.0006338671867635514,nan,nan,nan,nan
4717,47.181,,47.181000000001674,False,8.36239478067239,0.001397286993377233,-0.010190611126669361,-0.0006365144576357966,nan,nan,nan,nan
4718,47.19,,47.190000000001675,False,8.362354066583745,0.0012935981199723586,-0.009574747909089678,-0.0006390999369416786,nan,nan,nan,nan
4719,47.202,,47.202000000001675,False,8.362303434564,0.0011577981760605897,-0.008767732440809351,-0.0006424579096953285,nan,nan,nan,nan
4720,47.211,,47.211000000001675,False,8.36226830703311,0.0010577639763205175,-0.008172996894796624,-0.0006449026559853857,nan,nan,nan,nan
4721,47.22,,47.220000000001676,False,8.36223557947487,0.0009593506663870088,-0.00758761900106542,-0.0006472880191868043,nan,nan,nan,nan
4722,47.232,,47.232000000001676,False,8.362195297627784,0.0008311858891917925,-0.006824751682989422,-0.0006503666877863491,nan,nan,nan,nan
4723,47.241,,47.24100000000168,False,8.362167824016364,0.0007366853795963422,-0.006262029388690964,-0.0006526031602221078,nan,nan,nan,nan
4724,47.25,,47.25000000000168,False,8.362142426700137,0.0006446639831902246,-0.0057135955072229894,-0.0006547717559858312,nan,nan,nan,nan
4725,47.262,,47.26200000000168,False,8.362111879794664,0.0005244028501041209,-0.004996506936698353,-0.0006575618509439169,nan,nan,nan,nan
4726,47.271,,47.27100000000168,False,8.362091223872424,0.0004373044647836114,-0.004476526978628518,-0.0006595748888484706,nan,nan,nan,nan
4727,47.28,,47.28000000000168,False,8.362072766802541,0.000351484370714207,-0.003964055379130288,-0.0006615220940107459,nan,nan,nan,nan
4728,47.292,,47.29200000000168,False,8.362050788766682,0.00024176900854562373,-0.0033078657076661727,-0.0006640113582171434,nan,nan,nan,nan
4729,47.301,,47.30100000000168,False,8.362036776727024,0.00016080302852371925,-0.0028235386012217443,-0.0006658004641178617,nan,nan,nan,nan
4730,47.31,,47.31000000000168,False,8.362024283741428,8.356154871241853e-05,-0.0023605994237515266,-0.0006675202969316121,nan,nan,nan,nan
4731,47.322,,47.32200000000168,False,8.362010504839926,-1.6795039168918964e-05,-0.0017587394092765448,-0.0006697084638691652,nan,nan,nan,nan
4732,47.331,,47.33100000000168,False,8.362001826226978,-8.7815561814233e-05,-0.001331752490465474,-0.0006712698062323798,nan,nan,nan,nan
4733,47.34,,47.34000000000168,False,8.361995060400819,-0.00015765698449675045,-0.0009117882592857463,-0.0006727643147701182,nan,nan,nan,nan
4734,47.352,,47.35200000000168,False,8.361987927142579,-0.00024462068405808017,-0.0003872158211920191,-0.0006746519971797822,nan,nan,nan,nan
4735,47.361,,47.36100000000168,False,8.361984670641656,-0.0003084997418446517,-1.8113563198136924e-06,-0.0006759906928728874,nan,nan,nan,nan
4736,47.37,,47.37000000000168,False,8.361982384187963,-0.0003676374195801437,0.00035640001596170894,-0.000677263089407358,nan,nan,nan,nan
4737,47.382,,47.38200000000168,False,8.361981634548291,-0.0004433510033976928,0.0008156785799841659,-0.0006788586234927489,nan,nan,nan,nan
4738,47.391,,47.39100000000168,False,8.361982122954942,-0.0004949513711056325,0.001130366263397292,-0.0006799802637182942,nan,nan,nan,nan
4739,47.4,,47.40000000000168,False,8.361984117517416,-0.0005451258197787432,0.0014365821401717742,-0.0006810388030382123,nan,nan,nan,nan
4740,47.412,,47.41200000000168,False,8.36198790141075,-0.0006047429019623535,0.0018030646093185427,-0.0006823535694058605,nan,nan,nan,nan
4741,47.421,,47.42100000000168,False,8.361992299619722,-0.000647639582156265,0.0020671797555657924,-0.0006832685559485461,nan,nan,nan,nan
4742,47.43,,47.430000000001684,False,8.361997135352752,-0.0006851110060424561,0.002300197031507975,-0.0006841239801522618,nan,nan,nan,nan
4743,47.442,,47.442000000001684,False,8.362005115192924,-0.0007310262835015778,0.0025873516355917913,-0.0006851738157917596,nan,nan,nan,nan
4744,47.451,,47.451000000001684,False,8.362011543424444,-0.0007596426153091787,0.0027693202137496833,-0.0006858951164511521,nan,nan,nan,nan
4745,47.46,,47.460000000001685,False,8.362018911192056,-0.0007861275589062689,0.002938801552633837,-0.0006865609195108495,nan,nan,nan,nan
4746,47.472,,47.472000000001685,False,8.362029081954557,-0.0008134846830391634,0.00311912845713967,-0.0006873654702126223,nan,nan,nan,nan
4747,47.481,,47.481000000001686,False,8.362037535291984,-0.000831129205624611,0.00323763128120335,-0.0006879079075229824,nan,nan,nan,nan
4748,47.49,,47.490000000001686,False,8.362045924263871,-0.0008431160851453777,0.003323709284692474,-0.0006884003415768436,nan,nan,nan,nan
4749,47.502,,47.502000000001686,False,8.36205764118652,-0.0008536300580485529,0.003406894860949454,-0.0006889812460701626,nan,nan,nan,nan
4750,47.511,,47.51100000000169,False,8.362066272912616,-0.0008554662813138248,0.003434588509747559,-0.0006893627110199253,nan,nan,nan,nan
4751,47.52,,47.52000000000169,False,8.362075077213508,-0.0008538838538966272,0.003442517708803232,-0.0006896991067602602,nan,nan,nan,nan
4752,47.532,,47.53200000000169,False,8.362086387216774,-0.0008437380253412399,0.0034069997117827763,-0.0006900811175659614,nan,nan,nan,nan
4753,47.541,,47.54100000000169,False,8.36209471183108,-0.0008314655796817136,0.003353513114040446,-0.000690319588220291,nan,nan,nan,nan
4754,47.55,,47.55000000000169,False,8.362102523344673,-0.0008138876685773658,0.003269604960098823,-0.0006905191360442796,nan,nan,nan,nan
4755,47.562,,47.56200000000169,False,8.362112237276769,-0.0007831280671956976,0.0031156898259038102,-0.0006907273748425837,nan,nan,nan,nan
4756,47.571,,47.57100000000169,False,8.362118713303282,-0.0007539308689174535,0.002965141977953443,-0.0006908426108359649,nan,nan,nan,nan
4757,47.58,,47.58000000000169,False,8.362124552277454,-0.0007201931511090161,0.002788510657015786,-0.0006909244295923902,nan,nan,nan,nan
4758,47.592,,47.59200000000169,False,8.362131226799004,-0.0006681399213640688,0.002512419230442657,-0.0006909844471124222,nan,nan,nan,nan
4759,47.601,,47.60100000000169,False,8.36213538341178,-0.0006243790596474921,0.002278212949497689,-0.0006909946176053115,nan,nan,nan,nan
4760,47.61,,47.61000000000169,False,8.362138829449115,-0.0005771454295380145,0.0020239780914079607,-0.0006909765445196473,nan,nan,nan,nan
4761,47.622,,47.62200000000169,False,8.362142377859472,-0.0005096478375906689,0.0016588660463593048,-0.0006909109454463929,nan,nan,nan,nan
4762,47.631,,47.63100000000169,False,8.362144269814777,-0.0004563596589760461,0.0013695481056629614,-0.0006908323756243285,nan,nan,nan,nan
4763,47.64,,47.64000000000169,False,8.362145536090495,-0.0004014799094256267,0.0010708700067547905,-0.0006907300725369272,nan,nan,nan,nan
4764,47.652,,47.65200000000169,False,8.362146320648462,-0.0003268087372795556,0.0006636558330682859,-0.0006905588907066627,nan,nan,nan,nan
4765,47.661,,47.66100000000169,False,8.362146265839495,-0.0002704287176953421,0.0003557790985208508,-0.0006904059597523283,nan,nan,nan,nan
4766,47.67,,47.67000000000169,False,8.36214569948091,-0.00021440256617085774,4.9634570804251426e-05,-0.0006902332526649471,nan,nan,nan,nan
4767,47.682,,47.68200000000169,False,8.362144214621468,-0.00014110378667827838,-0.0003509449083486436,-0.0006899740796884353,nan,nan,nan,nan
4768,47.691,,47.691000000001694,False,8.362142597180206,-8.77826045147797e-05,-0.0006421968617723669,-0.0006897593715154176,nan,nan,nan,nan
4769,47.7,,47.700000000001694,False,8.362140586924307,-3.6398546696755695e-05,-0.0009225915128785313,-0.0006895283476667693,nan,nan,nan,nan
4770,47.712,,47.712000000001694,False,8.362137350844197,2.8540764086689456e-05,-0.0012762738623496137,-0.00068919657747839,nan,nan,nan,nan
4771,47.721,,47.721000000001695,False,8.362134552646454,7.42078127281263e-05,-0.001524294940141382,-0.0006889311370566633,nan,nan,nan,nan
4772,47.73,,47.730000000001695,False,8.362131470858062,0.00011696880517849955,-0.0017557850857624197,-0.0006886524490451166,nan,nan,nan,nan
4631,46.32,,46.32000000000164,False,8.38380530888467,0.009116117116473707,-0.06214825964104784,-0.0006712700290984091,nan,nan,nan,nan
4632,46.332,,46.33200000000164,False,8.383223229691351,0.009160334137723304,-0.06204073072355256,-0.0006589795835288502,nan,nan,nan,nan
4633,46.341,,46.34100000000164,False,8.382792879465248,0.009186367734166182,-0.06192765981473462,-0.0006499986757936265,nan,nan,nan,nan
4634,46.35,,46.35000000000164,False,8.382366311758592,0.009209867882505478,-0.06180942849464549,-0.0006412681365919013,nan,nan,nan,nan
4635,46.362,,46.36200000000164,False,8.38180322335546,0.009233931605029068,-0.0616213598134498,-0.0006299869714638951,nan,nan,nan,nan
4636,46.371,,46.371000000001644,False,8.381386103899585,0.009247868797368572,-0.06146678267826585,-0.0006218131045278714,nan,nan,nan,nan
4637,46.38,,46.380000000001644,False,8.380974006372483,0.009257318573139314,-0.06129283544079929,-0.0006138823971877113,nan,nan,nan,nan
4638,46.392,,46.392000000001644,False,8.380429977034245,0.009263841700729204,-0.06103921976349819,-0.0006036937840197829,nan,nan,nan,nan
4639,46.401,,46.401000000001645,False,8.380027780588843,0.009264424336001598,-0.06083085970588237,-0.0005963536165765441,nan,nan,nan,nan
4640,46.41,,46.410000000001645,False,8.379630484030338,0.009260760728183697,-0.060606918304675496,-0.000589260982896161,nan,nan,nan,nan
4641,46.422,,46.422000000001646,False,8.379106518062006,0.009250847159509197,-0.060288703522623534,-0.0005802179003859985,nan,nan,nan,nan
4642,46.431,,46.431000000001646,False,8.37871967283573,0.009238090281965518,-0.06002871928321248,-0.0005737239256465501,nan,nan,nan,nan
4643,46.44,,46.440000000001646,False,8.378337540757107,0.009223055011571465,-0.0597605600197713,-0.0005675099433910425,nan,nan,nan,nan
4644,46.452,,46.45200000000165,False,8.377834706751093,0.009195465145072058,-0.059371701347392815,-0.0005596056457076385,nan,nan,nan,nan
4645,46.461,,46.46100000000165,False,8.377463049685769,0.009172876401818053,-0.059074173576889585,-0.0005540115880802645,nan,nan,nan,nan
4646,46.47,,46.47000000000165,False,8.377097087845806,0.00914469859023088,-0.05875260509771585,-0.000548652494882273,nan,nan,nan,nan
4647,46.482,,46.48200000000165,False,8.376614928103697,0.00910405536600221,-0.05831359548630049,-0.0005419406019081684,nan,nan,nan,nan
4648,46.491,,46.49100000000165,False,8.376260063770363,0.009067367665548736,-0.057956940128300785,-0.0005371830998077818,nan,nan,nan,nan
4649,46.5,,46.50000000000165,False,8.375909625206164,0.009030282330658605,-0.057601612533123105,-0.0005327182436003536,nan,nan,nan,nan
4650,46.512,,46.51200000000165,False,8.375449906253259,0.00897227193100797,-0.057089243204454514,-0.000527125086979677,nan,nan,nan,nan
4651,46.521,,46.52100000000165,False,8.375110251991874,0.008928907874093023,-0.0567094018747924,-0.0005232708216523211,nan,nan,nan,nan
4652,46.53,,46.53000000000165,False,8.374776800871954,0.008878999109070237,-0.056299106669956564,-0.0005196313732277854,nan,nan,nan,nan
4653,46.542,,46.54200000000165,False,8.374337953190121,0.008811075250689235,-0.055749818665920686,-0.0005152038916137007,nan,nan,nan,nan
4654,46.551,,46.55100000000165,False,8.374015929095284,0.008753373447620935,-0.05530615177106727,-0.0005121373901762158,nan,nan,nan,nan
4655,46.56,,46.56000000000165,False,8.373698063651723,0.008696830257300505,-0.05487163999772186,-0.000509356533370766,nan,nan,nan,nan
4656,46.572,,46.57200000000165,False,8.373282293990142,0.008612283688253258,-0.054248751705300836,-0.0005059750864177787,nan,nan,nan,nan
4657,46.581,,46.58100000000165,False,8.372975291255056,0.008550678957563514,-0.05379439091051185,-0.0005037649257282669,nan,nan,nan,nan
4658,46.59,,46.59000000000165,False,8.37267475026302,0.008481938966080882,-0.053305179090619645,-0.0005017438909108319,nan,nan,nan,nan
4659,46.602,,46.60200000000165,False,8.372279693738985,0.008390321067679982,-0.05265730992011533,-0.0004994438469764152,nan,nan,nan,nan
4660,46.611,,46.61100000000165,False,8.371990637943048,0.008314597274223774,-0.052137118691467275,-0.0004979429536985555,nan,nan,nan,nan
4661,46.62,,46.62000000000165,False,8.371705493924532,0.008241256845662081,-0.05163221790834056,-0.0004967055990441655,nan,nan,nan,nan
4662,46.632,,46.63200000000165,False,8.371333581328388,0.008134112730989553,-0.05091279013368793,-0.0004953394870540025,nan,nan,nan,nan
4663,46.641,,46.641000000001654,False,8.371059184392594,0.0080568394015999,-0.050392437582594846,-0.0004946102936524349,nan,nan,nan,nan
4664,46.65,,46.650000000001654,False,8.370791297460821,0.007972180582093705,-0.04983478144729326,-0.0004940408395587952,nan,nan,nan,nan
4665,46.662,,46.662000000001655,False,8.370439647541438,0.007860467427266675,-0.04910090041716884,-0.0004936298288145679,nan,nan,nan,nan
4666,46.671,,46.671000000001655,False,8.370183079371545,0.007769700835159683,-0.04851525527519392,-0.0004935105952657754,nan,nan,nan,nan
4667,46.68,,46.680000000001655,False,8.369930196837604,0.00768221840626754,-0.04794937132133414,-0.0004936220561062361,nan,nan,nan,nan
4668,46.692,,46.692000000001656,False,8.369601286728782,0.007556381870114558,-0.047148106345021076,-0.0004940059045038483,nan,nan,nan,nan
4669,46.701,,46.701000000001656,False,8.369358878986661,0.007466000412358899,-0.04657088538905301,-0.0004945477657777698,nan,nan,nan,nan
4670,46.71,,46.710000000001656,False,8.369122857223154,0.007368303009254422,-0.045955777896948026,-0.0004952179350379597,nan,nan,nan,nan
4671,46.722,,46.72200000000166,False,8.36881352978903,0.007240061650736549,-0.04514919947780878,-0.0004964029963443803,nan,nan,nan,nan
4672,46.731,,46.73100000000166,False,8.36858848146273,0.007137188743375212,-0.04450965933055642,-0.0004974428271856921,nan,nan,nan,nan
4673,46.74,,46.74000000000166,False,8.368366914133317,0.007038193450518251,-0.043892760923488185,-0.0004986737905648329,nan,nan,nan,nan
4674,46.752,,46.75200000000166,False,8.368079550201715,0.006897508188970097,-0.04302501005204973,-0.0005004989641144338,nan,nan,nan,nan
4675,46.761,,46.76100000000166,False,8.367868064845652,0.006796554139574921,-0.042400631132677606,-0.000502074037408086,nan,nan,nan,nan
4676,46.77,,46.77000000000166,False,8.367662704949835,0.006688649388971452,-0.04173955551528794,-0.0005037453894938001,nan,nan,nan,nan
4677,46.782,,46.78200000000166,False,8.367394073885377,0.00654739754484106,-0.04087433406268854,-0.0005062032602781103,nan,nan,nan,nan
4678,46.791,,46.79100000000166,False,8.367199205927971,0.00643529524403929,-0.040192920945925914,-0.0005081588304215867,nan,nan,nan,nan
4679,46.8,,46.80000000000166,False,8.367007636514868,0.006327378057358706,-0.03953554672224431,-0.0005102628034580505,nan,nan,nan,nan
4680,46.812,,46.81200000000166,False,8.366759910894935,0.006175605436324041,-0.03861728674373458,-0.0005132002945327635,nan,nan,nan,nan
4681,46.821,,46.82100000000166,False,8.366577943161014,0.006066579852123752,-0.037956067606901414,-0.0005155593867315829,nan,nan,nan,nan
4682,46.83,,46.83000000000166,False,8.366401736271772,0.005951236602015133,-0.03726098707305074,-0.0005179833770765501,nan,nan,nan,nan
4683,46.842,,46.84200000000166,False,8.366171777519522,0.005800430909728273,-0.03635193314188636,-0.0005213816198222463,nan,nan,nan,nan
4684,46.851,,46.85100000000166,False,8.366005483042123,0.005681905636430716,-0.035641119589335836,-0.0005240044365950894,nan,nan,nan,nan
4685,46.86,,46.86000000000166,False,8.365842326870412,0.005567615177471715,-0.034954400667324095,-0.0005267327593013353,nan,nan,nan,nan
4686,46.872,,46.87200000000166,False,8.36563201329608,0.005408426672537434,-0.03400223228580483,-0.0005304528281973716,nan,nan,nan,nan
4687,46.881,,46.88100000000166,False,8.365477919456795,0.0052937988697373236,-0.0333151395375614,-0.0005333494653607343,nan,nan,nan,nan
4688,46.89,,46.89000000000166,False,8.365329145969309,0.005173723861564845,-0.03259850942435078,-0.0005362813276965452,nan,nan,nan,nan
4689,46.902,,46.902000000001664,False,8.365135561719011,0.005016768617846607,-0.031661243539199864,-0.0005402960706649543,nan,nan,nan,nan
4690,46.911,,46.911000000001664,False,8.364996054950925,0.004894561517306381,-0.030933969819506104,-0.0005433455022912552,nan,nan,nan,nan
4691,46.92,,46.920000000001664,False,8.36485954735418,0.004776416797986731,-0.030229686755087585,-0.0005464597888541807,nan,nan,nan,nan
4692,46.932,,46.932000000001665,False,8.364684211762281,0.004613408709785926,-0.029260878662941706,-0.0005506481869769239,nan,nan,nan,nan
4693,46.941,,46.941000000001665,False,8.3645561903872,0.004495635823445896,-0.028559607582194644,-0.0005538500915375656,nan,nan,nan,nan
4694,46.95,,46.950000000001666,False,8.364432996510377,0.004373489838719451,-0.027834423338791995,-0.0005570601433651708,nan,nan,nan,nan
4695,46.962,,46.962000000001666,False,8.364273314009992,0.004213766109884684,-0.026885478657293405,-0.0005613903737025407,nan,nan,nan,nan
4696,46.971,,46.971000000001666,False,8.364158699307724,0.0040905721543345345,-0.026155202956538073,-0.0005646441046098247,nan,nan,nan,nan
4697,46.98,,46.98000000000167,False,8.36404696269093,0.003971088679926282,-0.025445876309743317,-0.0005679261086149716,nan,nan,nan,nan
4698,46.992,,46.99200000000167,False,8.363904046028692,0.0038078126238276534,-0.024478447678626124,-0.0005722968862019823,nan,nan,nan,nan
4699,47.001,,47.00100000000167,False,8.36380019753308,0.003689370633525381,-0.023775531602649808,-0.0005755949018537675,nan,nan,nan,nan
4700,47.01,,47.01000000000167,False,8.363700649945663,0.003567794763910847,-0.023055401270225182,-0.0005788773122253559,nan,nan,nan,nan
4701,47.022,,47.02200000000167,False,8.363572290028218,0.0034087023787156183,-0.022112358086143154,-0.0005832558126705139,nan,nan,nan,nan
4702,47.031,,47.03100000000167,False,8.363480607985808,0.003287197919746119,-0.021393125729897402,-0.0005865177976325578,nan,nan,nan,nan
4703,47.04,,47.04000000000167,False,8.363391695214146,0.003168922322937822,-0.020692126743277296,-0.0005897768036108998,nan,nan,nan,nan
4704,47.052,,47.05200000000167,False,8.363278564487018,0.0030089257122781557,-0.019744950552577505,-0.0005940818413240419,nan,nan,nan,nan
4705,47.061,,47.06100000000167,False,8.363196925870527,0.0028923483235075687,-0.0190538877980719,-0.0005972964438646439,nan,nan,nan,nan
4706,47.07,,47.07000000000167,False,8.363119041707003,0.002773997122314837,-0.018353117663944367,-0.0006004755979330677,nan,nan,nan,nan
4707,47.082,,47.08200000000167,False,8.36301935334237,0.002619005977680183,-0.017434756108833133,-0.0006046767375072995,nan,nan,nan,nan
4708,47.091,,47.09100000000167,False,8.362948601558408,0.0025018823676838864,-0.016741278487665514,-0.000607782811781165,nan,nan,nan,nan
4709,47.1,,47.10000000000167,False,8.362880513161011,0.0023874336749322767,-0.016062952219291937,-0.0006108607347956839,nan,nan,nan,nan
4710,47.112,,47.11200000000167,False,8.362794477801327,0.0022343078611823984,-0.015155870595927292,-0.0006148962386738778,nan,nan,nan,nan
4711,47.121,,47.12100000000167,False,8.362733030354349,0.002122231721937806,-0.01449126351989523,-0.0006178818381439435,nan,nan,nan,nan
4712,47.13,,47.13000000000167,False,8.362674780650126,0.002009811615087274,-0.013824951903387424,-0.0006208164964970834,nan,nan,nan,nan
4713,47.142,,47.14200000000167,False,8.362601039128176,0.0018625205123527333,-0.012951418755421636,-0.0006246611604818115,nan,nan,nan,nan
4714,47.151,,47.15100000000167,False,8.362549166190533,0.0017525224069507878,-0.012299159657897006,-0.000627482514726437,nan,nan,nan,nan
4715,47.16,,47.16000000000167,False,8.36249983984946,0.0016446385148214677,-0.011658958489381617,-0.000630256934154873,nan,nan,nan,nan
4716,47.172,,47.172000000001674,False,8.36243813177048,0.0015020723852064472,-0.010812906984093425,-0.0006338671867635514,nan,nan,nan,nan
4717,47.181,,47.181000000001674,False,8.36239478067239,0.001397286993377233,-0.010190611126669361,-0.0006365144576357966,nan,nan,nan,nan
4718,47.19,,47.190000000001675,False,8.362354066583745,0.0012935981199723586,-0.009574747909089678,-0.0006390999369416786,nan,nan,nan,nan
4719,47.202,,47.202000000001675,False,8.362303434564,0.0011577981760605897,-0.008767732440809351,-0.0006424579096953285,nan,nan,nan,nan
4720,47.211,,47.211000000001675,False,8.36226830703311,0.0010577639763205175,-0.008172996894796624,-0.0006449026559853857,nan,nan,nan,nan
4721,47.22,,47.220000000001676,False,8.36223557947487,0.0009593506663870088,-0.00758761900106542,-0.0006472880191868043,nan,nan,nan,nan
4722,47.232,,47.232000000001676,False,8.362195297627784,0.0008311858891917925,-0.006824751682989422,-0.0006503666877863491,nan,nan,nan,nan
4723,47.241,,47.24100000000168,False,8.362167824016364,0.0007366853795963422,-0.006262029388690964,-0.0006526031602221078,nan,nan,nan,nan
4724,47.25,,47.25000000000168,False,8.362142426700137,0.0006446639831902246,-0.0057135955072229894,-0.0006547717559858312,nan,nan,nan,nan
4725,47.262,,47.26200000000168,False,8.362111879794664,0.0005244028501041209,-0.004996506936698353,-0.0006575618509439169,nan,nan,nan,nan
4726,47.271,,47.27100000000168,False,8.362091223872424,0.0004373044647836114,-0.004476526978628518,-0.0006595748888484706,nan,nan,nan,nan
4727,47.28,,47.28000000000168,False,8.362072766802541,0.000351484370714207,-0.003964055379130288,-0.0006615220940107459,nan,nan,nan,nan
4728,47.292,,47.29200000000168,False,8.362050788766682,0.00024176900854562373,-0.0033078657076661727,-0.0006640113582171434,nan,nan,nan,nan
4729,47.301,,47.30100000000168,False,8.362036776727024,0.00016080302852371925,-0.0028235386012217443,-0.0006658004641178617,nan,nan,nan,nan
4730,47.31,,47.31000000000168,False,8.362024283741428,8.356154871241853e-05,-0.0023605994237515266,-0.0006675202969316121,nan,nan,nan,nan
4731,47.322,,47.32200000000168,False,8.362010504839926,-1.6795039168918964e-05,-0.0017587394092765448,-0.0006697084638691652,nan,nan,nan,nan
4732,47.331,,47.33100000000168,False,8.362001826226978,-8.7815561814233e-05,-0.001331752490465474,-0.0006712698062323798,nan,nan,nan,nan
4733,47.34,,47.34000000000168,False,8.361995060400819,-0.00015765698449675045,-0.0009117882592857463,-0.0006727643147701182,nan,nan,nan,nan
4734,47.352,,47.35200000000168,False,8.361987927142579,-0.00024462068405808017,-0.0003872158211920191,-0.0006746519971797822,nan,nan,nan,nan
4735,47.361,,47.36100000000168,False,8.361984670641656,-0.0003084997418446517,-1.8113563198136924e-06,-0.0006759906928728874,nan,nan,nan,nan
4736,47.37,,47.37000000000168,False,8.361982384187963,-0.0003676374195801437,0.00035640001596170894,-0.000677263089407358,nan,nan,nan,nan
4737,47.382,,47.38200000000168,False,8.361981634548291,-0.0004433510033976928,0.0008156785799841659,-0.0006788586234927489,nan,nan,nan,nan
4738,47.391,,47.39100000000168,False,8.361982122954942,-0.0004949513711056325,0.001130366263397292,-0.0006799802637182942,nan,nan,nan,nan
4739,47.4,,47.40000000000168,False,8.361984117517416,-0.0005451258197787432,0.0014365821401717742,-0.0006810388030382123,nan,nan,nan,nan
4740,47.412,,47.41200000000168,False,8.36198790141075,-0.0006047429019623535,0.0018030646093185427,-0.0006823535694058605,nan,nan,nan,nan
4741,47.421,,47.42100000000168,False,8.361992299619722,-0.000647639582156265,0.0020671797555657924,-0.0006832685559485461,nan,nan,nan,nan
4742,47.43,,47.430000000001684,False,8.361997135352752,-0.0006851110060424561,0.002300197031507975,-0.0006841239801522618,nan,nan,nan,nan
4743,47.442,,47.442000000001684,False,8.362005115192924,-0.0007310262835015778,0.0025873516355917913,-0.0006851738157917596,nan,nan,nan,nan
4744,47.451,,47.451000000001684,False,8.362011543424444,-0.0007596426153091787,0.0027693202137496833,-0.0006858951164511521,nan,nan,nan,nan
4745,47.46,,47.460000000001685,False,8.362018911192056,-0.0007861275589062689,0.002938801552633837,-0.0006865609195108495,nan,nan,nan,nan
4746,47.472,,47.472000000001685,False,8.362029081954557,-0.0008134846830391634,0.00311912845713967,-0.0006873654702126223,nan,nan,nan,nan
4747,47.481,,47.481000000001686,False,8.362037535291984,-0.000831129205624611,0.00323763128120335,-0.0006879079075229824,nan,nan,nan,nan
4748,47.49,,47.490000000001686,False,8.362045924263871,-0.0008431160851453777,0.003323709284692474,-0.0006884003415768436,nan,nan,nan,nan
4749,47.502,,47.502000000001686,False,8.36205764118652,-0.0008536300580485529,0.003406894860949454,-0.0006889812460701626,nan,nan,nan,nan
4750,47.511,,47.51100000000169,False,8.362066272912616,-0.0008554662813138248,0.003434588509747559,-0.0006893627110199253,nan,nan,nan,nan
4751,47.52,,47.52000000000169,False,8.362075077213508,-0.0008538838538966272,0.003442517708803232,-0.0006896991067602602,nan,nan,nan,nan
4752,47.532,,47.53200000000169,False,8.362086387216774,-0.0008437380253412399,0.0034069997117827763,-0.0006900811175659614,nan,nan,nan,nan
4753,47.541,,47.54100000000169,False,8.36209471183108,-0.0008314655796817136,0.003353513114040446,-0.000690319588220291,nan,nan,nan,nan
4754,47.55,,47.55000000000169,False,8.362102523344673,-0.0008138876685773658,0.003269604960098823,-0.0006905191360442796,nan,nan,nan,nan
4755,47.562,,47.56200000000169,False,8.362112237276769,-0.0007831280671956976,0.0031156898259038102,-0.0006907273748425837,nan,nan,nan,nan
4756,47.571,,47.57100000000169,False,8.362118713303282,-0.0007539308689174535,0.002965141977953443,-0.0006908426108359649,nan,nan,nan,nan
4757,47.58,,47.58000000000169,False,8.362124552277454,-0.0007201931511090161,0.002788510657015786,-0.0006909244295923902,nan,nan,nan,nan
4758,47.592,,47.59200000000169,False,8.362131226799004,-0.0006681399213640688,0.002512419230442657,-0.0006909844471124222,nan,nan,nan,nan
4759,47.601,,47.60100000000169,False,8.36213538341178,-0.0006243790596474921,0.002278212949497689,-0.0006909946176053115,nan,nan,nan,nan
4760,47.61,,47.61000000000169,False,8.362138829449115,-0.0005771454295380145,0.0020239780914079607,-0.0006909765445196473,nan,nan,nan,nan
4761,47.622,,47.62200000000169,False,8.362142377859472,-0.0005096478375906689,0.0016588660463593048,-0.0006909109454463929,nan,nan,nan,nan
4762,47.631,,47.63100000000169,False,8.362144269814777,-0.0004563596589760461,0.0013695481056629614,-0.0006908323756243285,nan,nan,nan,nan
4763,47.64,,47.64000000000169,False,8.362145536090495,-0.0004014799094256267,0.0010708700067547905,-0.0006907300725369272,nan,nan,nan,nan
4764,47.652,,47.65200000000169,False,8.362146320648462,-0.0003268087372795556,0.0006636558330682859,-0.0006905588907066627,nan,nan,nan,nan
4765,47.661,,47.66100000000169,False,8.362146265839495,-0.0002704287176953421,0.0003557790985208508,-0.0006904059597523283,nan,nan,nan,nan
4766,47.67,,47.67000000000169,False,8.36214569948091,-0.00021440256617085774,4.9634570804251426e-05,-0.0006902332526649471,nan,nan,nan,nan
4767,47.682,,47.68200000000169,False,8.362144214621468,-0.00014110378667827838,-0.0003509449083486436,-0.0006899740796884353,nan,nan,nan,nan
4768,47.691,,47.691000000001694,False,8.362142597180206,-8.77826045147797e-05,-0.0006421968617723669,-0.0006897593715154176,nan,nan,nan,nan
4769,47.7,,47.700000000001694,False,8.362140586924307,-3.6398546696755695e-05,-0.0009225915128785313,-0.0006895283476667693,nan,nan,nan,nan
4770,47.712,,47.712000000001694,False,8.362137350844197,2.8540764086689456e-05,-0.0012762738623496137,-0.00068919657747839,nan,nan,nan,nan
4771,47.721,,47.721000000001695,False,8.362134552646454,7.42078127281263e-05,-0.001524294940141382,-0.0006889311370566633,nan,nan,nan,nan
4772,47.73,,47.730000000001695,False,8.362131470858062,0.00011696880517849955,-0.0017557850857624197,-0.0006886524490451166,nan,nan,nan,nan
4773,47.742,,47.742000000001696,False,8.362126962319174,0.000169229498545426,-0.002037303524173942,-0.0006882617320881821,nan,nan,nan,nan
4774,47.751,,47.751000000001696,False,8.362123325256665,0.00020474025462919183,-0.0022273616296785525,-0.0006879554228749972,nan,nan,nan,nan
4775,47.76,,47.760000000001696,False,8.362119497569102,0.00023698781021928164,-0.0023987474814253862,-0.0006876386444048399,nan,nan,nan,nan
4776,47.772,,47.7720000000017,False,8.362114125399396,0.00027493068854378297,-0.002598306127957755,-0.0006872013372669387,nan,nan,nan,nan
4777,47.781,,47.7810000000017,False,8.362109935203767,0.0002996501544666745,-0.002726553534111951,-0.0006868631465616414,nan,nan,nan,nan
4778,47.79,,47.7900000000017,False,8.362105629318412,0.00032119817511986216,-0.0028366557028209837,-0.0006865170420515243,nan,nan,nan,nan
4779,47.802,,47.8020000000017,False,8.362099723983414,0.0003451699380827468,-0.00295625165379716,-0.0006860445036112077,nan,nan,nan,nan
4780,47.811,,47.8110000000017,False,8.362095208036063,0.00035972779906199784,-0.003026424650860418,-0.0006856827148839699,nan,nan,nan,nan
4781,47.82,,47.8200000000017,False,8.362090634414821,0.0003714626904741398,-0.0030805456612769313,-0.0006853153698635723,nan,nan,nan,nan
4782,47.832,,47.8320000000017,False,8.362084452447318,0.0003829605269818031,-0.003129181169126993,-0.0006848180746093483,nan,nan,nan,nan
4783,47.841,,47.8410000000017,False,8.362079785138869,0.00038866088770752184,-0.0031491417582200374,-0.0006844403123315801,nan,nan,nan,nan
4784,47.85,,47.8500000000017,False,8.362075103641443,0.00039200186683915254,-0.0031558433237639676,-0.0006840591492836551,nan,nan,nan,nan
4785,47.862,,47.8620000000017,False,8.36206883786088,0.00039304879024801433,-0.0031457107439084348,-0.0006835466724552743,nan,nan,nan,nan
4786,47.871,,47.8710000000017,False,8.362064148909871,0.0003914776018801721,-0.0031249925355749013,-0.000683159870723606,nan,nan,nan,nan
4787,47.88,,47.8800000000017,False,8.362059477410767,0.000388048547198174,-0.0030940026501710804,-0.0006827716057541384,nan,nan,nan,nan
4788,47.892,,47.8920000000017,False,8.362053268580354,0.00038084695206875815,-0.0030382260632595345,-0.0006822525544304621,nan,nan,nan,nan
4789,47.901,,47.9010000000017,False,8.36204865170327,0.00037367068205971854,-0.002986697674353631,-0.0006818629016453162,nan,nan,nan,nan
4790,47.91,,47.9100000000017,False,8.362044074582142,0.00036513969616694777,-0.0029278364929144146,-0.0006814734894092513,nan,nan,nan,nan
4791,47.922,,47.9220000000017,False,8.362038022352115,0.00035190541809046726,-0.002839366912726066,-0.000680955433487453,nan,nan,nan,nan
4792,47.931,,47.9310000000017,False,8.362033543090584,0.000340771624918253,-0.002766588847530161,-0.0006805683262213957,nan,nan,nan,nan
4793,47.94,,47.9400000000017,False,8.362029118694204,0.00032876522619427226,-0.0026892391292373174,-0.0006801829200564715,nan,nan,nan,nan
4794,47.952,,47.9520000000017,False,8.362023290981542,0.0003116244372073973,-0.00258026327399435,-0.0006796723503884273,nan,nan,nan,nan
4795,47.961,,47.961000000001704,False,8.362018993266142,0.00029808759890905494,-0.0024950940974282332,-0.0006792923711797638,nan,nan,nan,nan
4796,47.97,,47.970000000001704,False,8.362014760066709,0.00028411658444492806,-0.002407828347013898,-0.0006789153091277604,nan,nan,nan,nan
4797,47.982,,47.982000000001705,False,8.362009200676047,0.00026500522986724044,-0.0022892834541240253,-0.0006784176318162381,nan,nan,nan,nan
4798,47.991,,47.991000000001705,False,8.36200511208561,0.00025045021701753956,-0.0021995181379386047,-0.0006780485544958977,nan,nan,nan,nan
4799,48.0,,48.000000000001705,False,8.362001093565441,0.0002358333941899943,-0.0021097397141647636,-0.0006776833726473649,nan,nan,nan,nan
4800,48.012,,48.012000000001706,False,8.361995828175921,0.00021639861527124912,-0.0019908472207023457,-0.0006772029387818646,nan,nan,nan,nan
4801,48.021,,48.021000000001706,False,8.361991964036443,0.0002019714853115961,-0.0019028858884774826,-0.0006768477592151475,nan,nan,nan,nan
4802,48.03,,48.030000000001706,False,8.361988172475609,0.00018777267112635865,-0.001816523362212546,-0.0006764972291778093,nan,nan,nan,nan
4803,48.042,,48.04200000000171,False,8.361983213265338,0.00016930126296999947,-0.0017044355957584905,-0.0006760373943421659,nan,nan,nan,nan
4804,48.051,,48.05100000000171,False,8.36197957980966,0.00015586664183909189,-0.0016230688777232828,-0.0006756983815147512,nan,nan,nan,nan
4805,48.06,,48.06000000000171,False,8.361976019204981,0.0001428625806377447,-0.0015444114677610433,-0.0006753645663805481,nan,nan,nan,nan
4806,48.072,,48.07200000000171,False,8.361971368419743,0.0001262552851215705,-0.0014440765017153646,-0.0006749277718606096,nan,nan,nan,nan
4807,48.081,,48.08100000000171,False,8.361967965232106,0.00011438984095579276,-0.0013724494305884223,-0.0006746065329485654,nan,nan,nan,nan
4808,48.09,,48.09000000000171,False,8.361964633562227,0.00010307419399661337,-0.0013041665534726046,-0.0006742908553035258,nan,nan,nan,nan
4809,48.102,,48.10200000000171,False,8.361960286295258,8.886605051768967e-05,-0.0012184365186691884,-0.0006738787223804441,nan,nan,nan,nan
4810,48.111,,48.11100000000171,False,8.36195710822282,7.888371931454971e-05,-0.001158186154968463,-0.0006735762755208073,nan,nan,nan,nan
4811,48.12,,48.12000000000171,False,8.361953999224518,6.949955485186902e-05,-0.001101507642315398,-0.0006732795914377205,nan,nan,nan,nan
4812,48.132,,48.13200000000171,False,8.361949945601248,5.791241199859907e-05,-0.0010314349438654692,-0.0006728930212156814,nan,nan,nan,nan
4813,48.141,,48.14100000000171,False,8.361946984258225,4.9909077544897186e-05,-0.0009829461631494128,-0.0006726098707614673,nan,nan,nan,nan
4814,48.15,,48.15000000000171,False,8.3619440888239,4.249676731969173e-05,-0.0009379396048979105,-0.0006723325450055698,nan,nan,nan,nan
4815,48.162,,48.16200000000171,False,8.361940315717197,3.350636021618656e-05,-0.0008831698582996288,-0.0006719718181198521,nan,nan,nan,nan
4816,48.171,,48.17100000000171,False,8.361937560661573,2.741138112868887e-05,-0.0008458801376987342,-0.0006717080286750153,nan,nan,nan,nan
4817,48.18,,48.18000000000171,False,8.361934867927376,2.1860264707942127e-05,-0.000811758533167852,-0.0006714500078832185,nan,nan,nan,nan
4818,48.192,,48.19200000000171,False,8.361931360283535,1.5264292889024044e-05,-0.0007709382376689258,-0.0006711148804475052,nan,nan,nan,nan
4819,48.201,,48.20100000000171,False,8.361928799918834,1.0890347145389399e-05,-0.0007436371269055097,-0.0006708701474498549,nan,nan,nan,nan
4820,48.21,,48.21000000000171,False,8.361926298091443,6.987093151502338e-06,-0.0007190496815816219,-0.0006706310293968715,nan,nan,nan,nan
4821,48.222,,48.222000000001714,False,8.361923039926328,2.46702688073757e-06,-0.0006901973106556709,-0.0006703208231908485,nan,nan,nan,nan
4822,48.231,,48.231000000001714,False,8.361920662170395,-4.4572744294585855e-07,-0.0006712905541313082,-0.0006700945388397282,nan,nan,nan,nan
4823,48.24,,48.240000000001714,False,8.361918339132773,-2.974992787184722e-06,-0.0006545733516556525,-0.0006698736368561497,nan,nan,nan,nan
4824,48.252,,48.252000000001715,False,8.361915314250588,-5.800939227831774e-06,-0.0006353920642667374,-0.0006695873227991959,nan,nan,nan,nan
4825,48.261,,48.261000000001715,False,8.361913107010231,-7.547541135590478e-06,-0.0006231198263111349,-0.0006693786368256378,nan,nan,nan,nan
4826,48.27,,48.270000000001716,False,8.36191095074496,-9.002020912329322e-06,-0.0006124998327843122,-0.0006691750389667938,nan,nan,nan,nan
4827,48.282,,48.282000000001716,False,8.361908143231224,-1.0535179083235552e-05,-0.0006006278110555881,-0.0006689113135123517,nan,nan,nan,nan
4828,48.291,,48.291000000001716,False,8.361906094720874,-1.1415495026376923e-05,-0.0005932365385798173,-0.0006687191885903276,nan,nan,nan,nan
4829,48.3,,48.30000000000172,False,8.361904093588894,-1.2091455671135686e-05,-0.0005869899199805063,-0.0006685318114237839,nan,nan,nan,nan
4830,48.312,,48.31200000000172,False,8.361901488127021,-1.2718261629182334e-05,-0.0005801910028435741,-0.0006682891657420151,nan,nan,nan,nan
4831,48.321,,48.32100000000172,False,8.361899587067654,-1.3013581678981951e-05,-0.0005760614596763481,-0.0006681124274626241,nan,nan,nan,nan
4832,48.33,,48.33000000000172,False,8.361897729977434,-1.3183060456329429e-05,-0.0005726289307228606,-0.0006679400644084401,nan,nan,nan,nan
4833,48.342,,48.34200000000172,False,8.361895312034173,-1.324991878265516e-05,-0.0005689272421008961,-0.000667716846289836,nan,nan,nan,nan
4834,48.351,,48.35100000000172,False,8.361893547764774,-1.3206519624961434e-05,-0.0005666614992819075,-0.0006675542276881053,nan,nan,nan,nan
4835,48.36,,48.36000000000172,False,8.361891824262925,-1.3102954493630638e-05,-0.0005647235296140699,-0.0006673955919010632,nan,nan,nan,nan
4836,48.372,,48.37200000000172,False,8.361889580181241,-1.2900212476064306e-05,-0.0005624860674305661,-0.0006671900603902528,nan,nan,nan,nan
4837,48.381,,48.38100000000172,False,8.361887942709746,-1.2719614680580022e-05,-0.0005609566970890298,-0.0006670402410113843,nan,nan,nan,nan
4838,48.39,,48.39000000000172,False,8.361886343018043,-1.2529995970270429e-05,-0.0005594721603331875,-0.0006668940028248097,nan,nan,nan,nan
4839,48.402,,48.40200000000172,False,8.36188426004825,-1.2284276323471779e-05,-0.0005574447968463516,-0.0006667043756255101,nan,nan,nan,nan
4840,48.411,,48.41100000000172,False,8.361882740062864,-1.2119465511801241e-05,-0.0005558109358959937,-0.000666566015210109,nan,nan,nan,nan
4841,48.42,,48.42000000000172,False,8.361881255080828,-1.1982141134005715e-05,-0.0005540243936273212,-0.0006664308342268604,nan,nan,nan,nan
4842,48.432,,48.43200000000172,False,8.361879321372697,-1.18556799425239e-05,-0.000551329025952577,-0.000666255328054892,nan,nan,nan,nan
4843,48.441,,48.44100000000172,False,8.361877910228767,-1.1812150902903732e-05,-0.0005490256852600463,-0.0006661270949960131,nan,nan,nan,nan
4844,48.45,,48.45000000000172,False,8.361876531515364,-1.181905877731811e-05,-0.0005464501036018226,-0.0006660016470258587,nan,nan,nan,nan
4845,48.465,,48.46500000000172,False,8.36187429578085,-1.1954348216158193e-05,-0.0005414909496902696,-0.0006657984354995031,nan,nan,nan,nan
4846,48.471,,48.47100000000172,False,8.361873425779681,-1.205459880808313e-05,-0.0005392606347281455,-0.000665719106035034,nan,nan,nan,nan
4847,48.48,,48.48000000000172,False,8.361872145523124,-1.2256571974108094e-05,-0.0005356431274798128,-0.0006656021051624194,nan,nan,nan,nan
4848,48.492,,48.492000000001724,False,8.361870472373576,-1.2624434038585226e-05,-0.0005302974133569116,-0.0006654496426338358,nan,nan,nan,nan
4849,48.501,,48.501000000001724,False,8.36186925239507,-1.297497391132243e-05,-0.0005258910291277839,-0.0006653378009483365,nan,nan,nan,nan
4850,48.51,,48.510000000001725,False,8.361868060944797,-1.3389031719163102e-05,-0.0005211552572733836,-0.0006652279956754224,nan,nan,nan,nan
4851,48.522,,48.522000000001725,False,8.361866509958624,-1.403855536739165e-05,-0.0005143411536553615,-0.0006650845750498768,nan,nan,nan,nan
4852,48.531,,48.531000000001725,False,8.361865378415414,-1.4596795811004986e-05,-0.0005088710003290664,-0.000664979117445721,nan,nan,nan,nan
4853,48.54,,48.540000000001726,False,8.361864273083018,-1.5213344505079932e-05,-0.0005031131489110499,-0.0006648753599371056,nan,nan,nan,nan
4854,48.552,,48.552000000001726,False,8.361862833906953,-1.6122173473963227e-05,-0.0004950130427618044,-0.0006647394910017017,nan,nan,nan,nan
4855,48.561,,48.56100000000173,False,8.3618617837293,-1.68651415480085e-05,-0.0004886436396640395,-0.0006646393219777479,nan,nan,nan,nan
4856,48.57,,48.57000000000173,False,8.361860757718468,-1.7656544966040395e-05,-0.00048204904451732973,-0.000664540539137136,nan,nan,nan,nan
4857,48.582,,48.58200000000173,False,8.361859421603043,-1.878166008000323e-05,-0.0004729364337314968,-0.0006644108277015101,nan,nan,nan,nan
4858,48.591,,48.59100000000173,False,8.361858446482032,-1.967325583154578e-05,-0.0004658885843599886,-0.0006643149301636976,nan,nan,nan,nan
4859,48.6,,48.60000000000173,False,8.361857493688245,-2.0600793701434535e-05,-0.00045868816771683273,-0.0006642201301798622,nan,nan,nan,nan
4860,48.612,,48.61200000000173,False,8.361856252766131,-2.188740426034563e-05,-0.00044888246655245927,-0.0006640952940948267,nan,nan,nan,nan
4861,48.621,,48.62100000000173,False,8.361855347016297,-2.2884820827672366e-05,-0.0004414013963191185,-0.0006640027372000867,nan,nan,nan,nan
4862,48.63,,48.63000000000173,False,8.361854461927742,-2.3904782724964908e-05,-0.0004338426583359349,-0.0006639110160186801,nan,nan,nan,nan
4863,48.642,,48.64200000000173,False,8.361853309080411,-2.5293922437912946e-05,-0.0004236742217471318,-0.000663789891948441,nan,nan,nan,nan
4864,48.651,,48.65100000000173,False,8.361852467546818,-2.635293262050921e-05,-0.0004160056501927564,-0.0006636998349584517,nan,nan,nan,nan
4865,48.66,,48.66000000000173,False,8.36185164515749,-2.7421536880444687e-05,-0.0004083304347539841,-0.0006636103791987939,nan,nan,nan,nan
4866,48.672,,48.67200000000173,False,8.361850573907544,-2.8856045432987033e-05,-0.0003981132022580159,-0.0006634919252030226,nan,nan,nan,nan
4867,48.681,,48.68100000000173,False,8.36184979189099,-2.9935053047355253e-05,-0.00039048439618230525,-0.000663403618535866,nan,nan,nan,nan
4868,48.69,,48.69000000000173,False,8.361849027630766,-3.10121196938167e-05,-0.0003829112711793395,-0.0006633157058564851,nan,nan,nan,nan
4869,48.702,,48.70200000000173,False,8.361848032055295,-3.244095950907226e-05,-0.00037292135422002524,-0.000663199000920565,nan,nan,nan,nan
4870,48.711,,48.71100000000173,False,8.361847305252196,-3.3503809828045295e-05,-0.00036552669098460896,-0.0006631117851361705,nan,nan,nan,nan
4871,48.72,,48.72000000000173,False,8.361846594930434,-3.455520952161479e-05,-0.0003582379995387444,-0.0006630247827124427,nan,nan,nan,nan
4872,48.732,,48.73200000000173,False,8.361845669590974,-3.593618933695407e-05,-0.00034869884335335545,-0.0006629090239753066,nan,nan,nan,nan
4873,48.741,,48.74100000000173,False,8.36184499404471,-3.695382306982511e-05,-0.00034169057620189004,-0.0006628223272035339,nan,nan,nan,nan
4874,48.75,,48.750000000001734,False,8.361844333804687,-3.795281124321067e-05,-0.00033482488379235343,-0.0006627356887540228,nan,nan,nan,nan
4875,48.762,,48.762000000001734,False,8.361843473690593,-3.9253897330427626e-05,-0.00032589982264003415,-0.0006626201869891541,nan,nan,nan,nan
4876,48.771,,48.771000000001735,False,8.361842845752035,-4.020500709650376e-05,-0.00031938443662159807,-0.0006625335211479177,nan,nan,nan,nan
4877,48.78,,48.780000000001735,False,8.361842232033831,-4.113261935353895e-05,-0.00031303450285638084,-0.0006624467828568447,nan,nan,nan,nan
4878,48.792,,48.792000000001735,False,8.36184143251609,-4.233209095575251e-05,-0.00030482642678888484,-0.0006623309566025704,nan,nan,nan,nan
4879,48.801,,48.801000000001736,False,8.361840848811275,-4.3202985377412035e-05,-0.00029886602936705697,-0.000662243912711516,nan,nan,nan,nan
4880,48.81,,48.810000000001736,False,8.361840278321354,-4.4047706679575765e-05,-0.0002930814720944944,-0.0006621566883181796,nan,nan,nan,nan
4881,48.822,,48.82200000000174,False,8.361839535114488,-4.513344595008312e-05,-0.00028563812480027407,-0.0006620400570278261,nan,nan,nan,nan
4882,48.831,,48.83100000000174,False,8.361838992517967,-4.591734078110479e-05,-0.0002802555412104378,-0.0006619522998570576,nan,nan,nan,nan
4883,48.84,,48.84000000000174,False,8.361838462203949,-4.667426651219015e-05,-0.0002750487311172882,-0.0006618642751463139,nan,nan,nan,nan
4884,48.852,,48.85200000000174,False,8.361837771334358,-4.764246832057766e-05,-0.00026837157155850874,-0.0006617464516214499,nan,nan,nan,nan
4885,48.861,,48.86100000000174,False,8.361837266946894,-4.833841246247881e-05,-0.00026355756792208933,-0.0006616577138798603,nan,nan,nan,nan
4886,48.87,,48.87000000000174,False,8.36183677397637,-4.900810209435747e-05,-0.00025891120248042497,-0.0006615686407676844,nan,nan,nan,nan
4887,48.882,,48.88200000000174,False,8.361836131755563,-4.98616584148792e-05,-0.00025296586116575634,-0.0006614493231367897,nan,nan,nan,nan
4888,48.891,,48.89100000000174,False,8.361835662885118,-5.0473275076499105e-05,-0.00024868712698635095,-0.0006613593993785768,nan,nan,nan,nan
4889,48.9,,48.90000000000174,False,8.361835204627523,-5.106046860252913e-05,-0.00024456223005188925,-0.0006612690897625656,nan,nan,nan,nan
4890,48.912,,48.91200000000174,False,8.36183460762911,-5.1807238268411546e-05,-0.00023928908232029411,-0.0006611480532270581,nan,nan,nan,nan
4891,48.921,,48.92100000000174,False,8.361834171774442,-5.2341427094945347e-05,-0.00023549601307975616,-0.0006610567936222747,nan,nan,nan,nan
4892,48.93,,48.93000000000174,False,8.361833745785313,-5.2853759222331105e-05,-0.000231839527206319,-0.0006609651131458443,nan,nan,nan,nan
4893,48.942,,48.94200000000174,False,8.361833190824859,-5.350488630020953e-05,-0.00022716345672781616,-0.0006608422016554496,nan,nan,nan,nan
4894,48.951,,48.95100000000174,False,8.361832785661088,-5.39705965252683e-05,-0.0002237971663415086,-0.0006607495057667197,nan,nan,nan,nan
4895,48.96,,48.96000000000174,False,8.361832389668123,-5.4417408179564365e-05,-0.00022054866287918057,-0.0006606563676085835,nan,nan,nan,nan
4896,48.972,,48.97200000000174,False,8.361831873785246,-5.498580597284133e-05,-0.00021638750942032283,-0.0006605314856447834,nan,nan,nan,nan
4897,48.981,,48.98100000000174,False,8.361831497150972,-5.539295695712635e-05,-0.00021338577363287905,-0.000660437296308222,nan,nan,nan,nan
4898,48.99,,48.99000000000174,False,8.361831129041553,-5.5784270889231646e-05,-0.0002104830398818275,-0.0006603426551271535,nan,nan,nan,nan
4899,49.002,,49.00200000000174,False,8.361830649483862,-5.628334628014228e-05,-0.00020675448551139941,-0.0006602157597065191,nan,nan,nan,nan
4900,49.011,,49.011000000001744,False,8.361830299369453,-5.664194124606755e-05,-0.00020405647867415217,-0.000660120057118817,nan,nan,nan,nan
4901,49.02,,49.020000000001744,False,8.361829957179332,-5.6987639172107706e-05,-0.00020143987876258002,-0.0006600239032063391,nan,nan,nan,nan
4902,49.032,,49.032000000001744,False,8.361829511387661,-5.74302949686873e-05,-0.00019806668084809714,-0.0006598949962257343,nan,nan,nan,nan
4903,49.041,,49.041000000001745,False,8.361829185924613,-5.774974755034395e-05,-0.00019561646834299743,-0.00065979779230497,nan,nan,nan,nan
4904,49.05,,49.050000000001745,False,8.361828867827484,-5.805896141771692e-05,-0.00019323206480768298,-0.00065970014604248,nan,nan,nan,nan
4905,49.062,,49.062000000001746,False,8.361828453422472,-5.8456883465831346e-05,-0.000190145655079215,-0.0006595692670320549,nan,nan,nan,nan
4906,49.071,,49.071000000001746,False,8.361828150873583,-5.8745555228989095e-05,-0.00018789448236885544,-0.0006594706001040729,nan,nan,nan,nan
4907,49.08,,49.080000000001746,False,8.36182785517148,-5.902626547923747e-05,-0.00018569598158805806,-0.0006593715067575931,nan,nan,nan,nan
4908,49.092,,49.09200000000175,False,8.36182746994102,-5.938947747963546e-05,-0.00018283854898396931,-0.0006592387261264515,nan,nan,nan,nan
4909,49.101,,49.10100000000175,False,8.361827188691223,-5.965440865927552e-05,-0.00018074603969645825,-0.0006591386559886535,nan,nan,nan,nan
4910,49.11,,49.11000000000175,False,8.36182691380563,-5.9913227923012306e-05,-0.00017869569306741662,-0.000659038180894382,nan,nan,nan,nan
4911,49.122,,49.12200000000175,False,8.361826555693272,-6.024988028635334e-05,-0.00017602095405117412,-0.0006589035936895548,nan,nan,nan,nan
4912,49.131,,49.13100000000175,False,8.36182629424122,-6.049668535337382e-05,-0.0001740553884232495,-0.0006588021970773257,nan,nan,nan,nan
4913,49.14,,49.14000000000175,False,8.361826038704772,-6.073879708381001e-05,-0.0001721240341033424,-0.0006587004212315644,nan,nan,nan,nan
4914,49.152,,49.15200000000175,False,8.361825705798953,-6.105514648457508e-05,-0.00016959695407986028,-0.0006585641414539166,nan,nan,nan,nan
4915,49.161,,49.16100000000175,False,8.361825462749078,-6.128804060636692e-05,-0.00016773483530620688,-0.0006584615079305794,nan,nan,nan,nan
4916,49.17,,49.17000000000175,False,8.361825225197848,-6.15172578622088e-05,-0.00016590129354905427,-0.0006583585240015998,nan,nan,nan,nan
4917,49.182,,49.18200000000175,False,8.361824915721755,-6.181779042376817e-05,-0.00016349704794528093,-0.0006582206794963054,nan,nan,nan,nan
4918,49.191,,49.19100000000175,False,8.361824689776915,-6.203971135309349e-05,-0.00016172217318649568,-0.0006581169077611717,nan,nan,nan,nan
4919,49.2,,49.20000000000175,False,8.361824468943169,-6.225862059643856e-05,-0.00015997220969025694,-0.0006580128165338876,nan,nan,nan,nan
4920,49.212,,49.21200000000175,False,8.361824181245364,-6.254627266722603e-05,-0.00015767466379110567,-0.0006578735444394102,nan,nan,nan,nan
4921,49.221,,49.22100000000175,False,8.361823971199955,-6.275906444821719e-05,-0.00015597690199558445,-0.0006577687390677528,nan,nan,nan,nan
4922,49.23,,49.23000000000175,False,8.361823765905454,-6.29692216586881e-05,-0.00015430195362375039,-0.0006576636463063659,nan,nan,nan,nan
4923,49.242,,49.24200000000175,False,8.361823498451075,-6.324565641900924e-05,-0.00015210190631663223,-0.0006575230890717843,nan,nan,nan,nan
4924,49.251,,49.25100000000175,False,8.361823303184622,-6.345028509911741e-05,-0.00015047585519223952,-0.0006574173576741881,nan,nan,nan,nan
4925,49.26,,49.26000000000175,False,8.361823112334328,-6.365243592962786e-05,-0.00014887167947070918,-0.0006573113714009078,nan,nan,nan,nan
4926,49.272,,49.27200000000175,False,8.361822863696919,-6.391834049755098e-05,-0.0001467650688175636,-0.0006571696733437074,nan,nan,nan,nan
4927,49.281,,49.281000000001754,False,8.36182268216808,-6.411511729555838e-05,-0.00014520872616924347,-0.0006570631241178831,nan,nan,nan,nan
4928,49.29,,49.290000000001754,False,8.361822504744284,-6.430941840134814e-05,-0.00014367409838245864,-0.000656956352288442,nan,nan,nan,nan
4929,49.302,,49.302000000001755,False,8.361822273598124,-6.456479366448509e-05,-0.00014166031654129014,-0.0006568136566718292,nan,nan,nan,nan
4930,49.311,,49.311000000001755,False,8.361822104839108,-6.475358667513466e-05,-0.00014017386379284975,-0.000656706396345229,nan,nan,nan,nan
4931,49.32,,49.320000000001755,False,8.361821939895979,-6.493981108663173e-05,-0.00013870940863884711,-0.0006565989448972144,nan,nan,nan,nan
4932,49.332,,49.332000000001756,False,8.361821725008976,-6.518423410554907e-05,-0.00013678982595823842,-0.0006564553914946263,nan,nan,nan,nan
4933,49.341,,49.341000000001756,False,8.361821568120327,-6.536465550712027e-05,-0.0001353745872320953,-0.0006563475236208731,nan,nan,nan,nan
4934,49.35,,49.35000000000176,False,8.361821414778849,-6.554237055685881e-05,-0.0001339817989729107,-0.0006562394948701972,nan,nan,nan,nan
4935,49.362,,49.36200000000176,False,8.361821215005943,-6.577521665524867e-05,-0.0001321585552686944,-0.0006560952179883094,nan,nan,nan,nan
4936,49.371,,49.37100000000176,False,8.36182106915173,-6.594677741587058e-05,-0.00013081616568751356,-0.0006559868415740755,nan,nan,nan,nan
4937,49.38,,49.38000000000176,False,8.361820926594929,-6.611548881862406e-05,-0.0001294966424180227,-0.0006558783329415449,nan,nan,nan,nan
4938,49.392,,49.39200000000176,False,8.361820740871876,-6.633610694005394e-05,-0.0001277717281306689,-0.0006557334598574075,nan,nan,nan,nan
4939,49.401,,49.40100000000176,False,8.361820605275174,-6.64983357459307e-05,-0.00012650352040679744,-0.0006556246682967007,nan,nan,nan,nan
4940,49.41,,49.41000000000176,False,8.361820472743755,-6.665759559818687e-05,-0.00012525841534167877,-0.0006555157713216547,nan,nan,nan,nan
4941,49.422,,49.42200000000176,False,8.361820300081433,-6.686543565965185e-05,-0.00012363303745414206,-0.0006553704211018854,nan,nan,nan,nan
4942,49.431,,49.43100000000176,False,8.361820174020144,-6.701796228266127e-05,-0.00012243963689344712,-0.0006552613013783716,nan,nan,nan,nan
4943,49.44,,49.44000000000176,False,8.361820050808372,-6.716744217086602e-05,-0.00012126931202014683,-0.0006551521010056641,nan,nan,nan,nan
4944,49.452,,49.45200000000176,False,8.361819890287423,-6.736213728202225e-05,-0.00011974351888205795,-0.0006550063836596458,nan,nan,nan,nan
4945,49.461,,49.46100000000176,False,8.361819773090378,-6.750474330335787e-05,-0.00011862462321860637,-0.0006548970158026119,nan,nan,nan,nan
4946,49.47,,49.47000000000176,False,8.361819658542316,-6.764427610184117e-05,-0.000117528478763038,-0.0006547875898955694,nan,nan,nan,nan
4947,49.482,,49.48200000000176,False,8.361819509308235,-6.782568518636357e-05,-0.00011610100434809803,-0.0006546416058412461,nan,nan,nan,nan
4948,49.491,,49.49100000000176,False,8.361819400351612,-6.79583268165953e-05,-0.00011505531646334094,-0.0006545320625828466,nan,nan,nan,nan
4949,49.5,,49.50000000000176,False,8.361819293857552,-6.808792214722101e-05,-0.00011403176262651675,-0.0006544224816504812,nan,nan,nan,nan
4950,49.512,,49.51200000000176,False,8.361819155116077,-6.825614011313354e-05,-0.00011270004381989822,-0.0006542763214217197,nan,nan,nan,nan
4951,49.521,,49.52100000000176,False,8.361819053819993,-6.837894867956796e-05,-0.00011172532158745991,-0.0006541666680547846,nan,nan,nan,nan
4952,49.53,,49.53000000000176,False,8.361818954813213,-6.849878786899065e-05,-0.00011077185649683461,-0.0006540569951519074,nan,nan,nan,nan
4953,49.542,,49.542000000001764,False,8.361818825826056,-6.865413118204339e-05,-0.00010953217528127404,-0.000653910739353689,nan,nan,nan,nan
4954,49.551,,49.551000000001764,False,8.361818731651521,-6.87673972336708e-05,-0.00010862536287482394,-0.000653801033743077,nan,nan,nan,nan
4955,49.56,,49.560000000001764,False,8.361818639605227,-6.88778136287562e-05,-0.00010773872170076797,-0.0006536913245266081,nan,nan,nan,nan
4956,49.572,,49.572000000001765,False,8.361818519686087,-6.902078897307197e-05,-0.0001065864269065659,-0.0006535450439627222,nan,nan,nan,nan
4957,49.581,,49.581000000001765,False,8.361818432132083,-6.912493558442722e-05,-0.00010574383484802985,-0.0006534353366845422,nan,nan,nan,nan
4958,49.59,,49.590000000001766,False,8.36181834655659,-6.922638563067571e-05,-0.00010492017867326074,-0.000653325639587689,nan,nan,nan,nan
4959,49.602,,49.602000000001766,False,8.361818235067561,-6.935764867428946e-05,-0.00010384994759228563,-0.0006531793955545595,nan,nan,nan,nan
4960,49.611,,49.611000000001766,False,8.361818153668334,-6.945319899052694e-05,-0.00010306745348705137,-0.0006530697301539055,nan,nan,nan,nan
4961,49.62,,49.62000000000177,False,8.36181807410846,-6.954622892422882e-05,-0.00010230257153457657,-0.0006529600866748537,nan,nan,nan,nan
