header_seq,header_stamp,header_frame_id,t,is_single_rotor_thrust,collective_thrust,bodyrates_x,bodyrates_y,bodyrates_z,thrusts_0,thrusts_1,thrusts_2,thrusts_3
2339,0.0,,1755709094.8387532,False,5.788688532114029,-0.30812495946884155,-0.3410612642765045,-0.06971034407615662,0.0,0.0,0.0,0.0
2340,0.0,,1755709094.8547919,False,7.656412003040314,0.33375084400177,-0.761560320854187,-0.10624099522829056,0.0,0.0,0.0,0.0
2341,0.0,,1755709094.8620305,False,0.11837688088417053,-3.7113234996795654,1.607371211051941,2.2150206565856934,0.0,0.0,0.0,0.0
2342,0.0,,1755709094.8733509,False,12.059835505485536,-0.6229146122932434,1.4492567777633667,0.14312423765659332,0.0,0.0,0.0,0.0
2343,0.0,,1755709094.8819342,False,8.269186170101166,-0.7952590584754944,0.024488415569067,-0.21320350468158722,0.0,0.0,0.0,0.0
2344,0.0,,1755709094.8916242,False,6.4421254062652595,4.557254791259766,0.7830795049667358,1.0657535791397095,0.0,0.0,0.0,0.0
2345,0.0,,1755709101.2893615,False,5.788688532114029,-0.30812495946884155,-0.3410612642765045,-0.06971034407615662,0.0,0.0,0.0,0.0
2346,0.0,,1755709101.31242,False,8.720825107097626,-1.043877124786377,-1.2331758737564087,-0.3043254017829895,0.0,0.0,0.0,0.0
2347,0.0,,1755709101.3295953,False,0.5548142266273499,3.262207508087158,1.9225480556488037,-2.037360429763794,0.0,0.0,0.0,0.0
2348,0.0,,1755709101.3434312,False,10.345333642959595,-0.34242135286331177,0.7227560877799988,-0.06041582301259041,0.0,0.0,0.0,0.0
2349,0.0,,1755709101.3553455,False,11.446394171118737,0.20585627853870392,-0.7020887732505798,-0.2650972604751587,0.0,0.0,0.0,0.0
2350,0.0,,1755709101.3658206,False,10.109175127744676,-0.8403427600860596,2.977437973022461,-0.029789522290229797,0.0,0.0,0.0,0.0
2351,0.0,,1755709101.378259,False,12.031387047171593,0.520800769329071,-0.08480202406644821,-0.28457769751548767,0.0,0.0,0.0,0.0
2352,0.0,,1755709101.396429,False,13.640468289256097,0.6723418831825256,-0.010026135481894016,-0.5516710877418518,0.0,0.0,0.0,0.0
2353,0.0,,1755709101.4064734,False,11.160986312627793,0.81889408826828,-0.473588764667511,0.08227909356355667,0.0,0.0,0.0,0.0
2354,0.0,,1755709101.4229488,False,10.885576023459436,0.63251131772995,-1.032148003578186,0.17672482132911682,0.0,0.0,0.0,0.0
2355,0.0,,1755709101.4367511,False,11.08145774781704,0.42387694120407104,-0.9942747354507446,0.19422774016857147,0.0,0.0,0.0,0.0
2357,0.0,,1755709101.451839,False,12.010753392577172,-0.2470298856496811,-0.6328128576278687,0.39421546459198,0.0,0.0,0.0,0.0
2358,0.0,,1755709101.463516,False,14.380795372724533,-0.4074920117855072,0.067029669880867,0.5268088579177856,0.0,0.0,0.0,0.0
2359,0.0,,1755709101.473296,False,15.04939203053713,-0.33463844656944275,0.6182388067245483,0.46837589144706726,0.0,0.0,0.0,0.0
2360,0.0,,1755709101.492389,False,15.308462275564672,-0.23089683055877686,1.1187515258789062,0.33978867530822754,0.0,0.0,0.0,0.0
2361,0.0,,1755709101.5060046,False,14.33381299495697,-0.28958410024642944,1.2582262754440308,0.2543982267379761,0.0,0.0,0.0,0.0
2362,0.0,,1755709101.5128002,False,12.753684241175652,-0.2349340319633484,1.50895094871521,0.2551259696483612,0.0,0.0,0.0,0.0
2363,0.0,,1755709101.5227063,False,11.690735864639283,-0.09854403883218765,1.281044363975525,0.27572599053382874,0.0,0.0,0.0,0.0
2364,0.0,,1755709101.5329492,False,10.09722634255886,-0.05208836495876312,0.7242341041564941,0.3159005045890808,0.0,0.0,0.0,0.0
2365,0.0,,1755709101.5529792,False,5.677518929243088,0.05286164581775665,-0.4677906632423401,0.29343464970588684,0.0,0.0,0.0,0.0
2366,0.0,,1755709101.563354,False,5.506865601539612,0.0911390632390976,-0.5342592597007751,0.32468679547309875,0.0,0.0,0.0,0.0
2367,0.0,,1755709101.5733445,False,4.622413423061371,-0.1839745193719864,-0.516511857509613,0.2940031886100769,0.0,0.0,0.0,0.0
2368,0.0,,1755709101.5820718,False,4.301034078598023,-0.38199543952941895,-0.48898637294769287,0.33381861448287964,0.0,0.0,0.0,0.0
2369,0.0,,1755709101.5933285,False,4.319921754598618,-0.7661375999450684,-0.20469921827316284,0.31212955713272095,0.0,0.0,0.0,0.0
2370,0.0,,1755709101.6048267,False,5.158165726661682,-0.7345573902130127,0.09556617587804794,0.26181063055992126,0.0,0.0,0.0,0.0
2371,0.0,,1755709101.6137006,False,6.4930698573589325,-0.5335466265678406,0.23365932703018188,0.25165697932243347,0.0,0.0,0.0,0.0
2372,0.0,,1755709101.6222553,False,8.212199206352235,-0.31694695353507996,0.605360746383667,0.24293240904808044,0.0,0.0,0.0,0.0
2373,0.0,,1755709101.6326025,False,7.698455822467804,-0.29862555861473083,0.7759787440299988,0.1753726601600647,0.0,0.0,0.0,0.0
2374,0.0,,1755709101.6414387,False,9.704612123966218,-0.052489135414361954,1.0755269527435303,0.2463735193014145,0.0,0.0,0.0,0.0
2375,0.0,,1755709101.6521478,False,9.645852284431458,0.07215861976146698,1.2535223960876465,0.244984433054924,0.0,0.0,0.0,0.0
2376,0.0,,1755709101.661909,False,9.130843563079834,-0.0027077943086624146,1.3002588748931885,0.289035826921463,0.0,0.0,0.0,0.0
2377,0.0,,1755709101.6723034,False,8.631236407756806,0.01849801279604435,1.2522194385528564,0.36199817061424255,0.0,0.0,0.0,0.0
2345,0.0,,1755709101.2893615,False,5.788688532114029,-0.30812495946884155,-0.3410612642765045,-0.06971034407615662,0.0,0.0,0.0,0.0
2346,0.0,,1755709101.31242,False,8.720825107097626,-1.043877124786377,-1.2331758737564087,-0.3043254017829895,0.0,0.0,0.0,0.0
2347,0.0,,1755709101.3295953,False,0.5548142266273499,3.262207508087158,1.9225480556488037,-2.037360429763794,0.0,0.0,0.0,0.0
2348,0.0,,1755709101.3434312,False,10.345333642959595,-0.34242135286331177,0.7227560877799988,-0.06041582301259041,0.0,0.0,0.0,0.0
2349,0.0,,1755709101.3553455,False,11.446394171118737,0.20585627853870392,-0.7020887732505798,-0.2650972604751587,0.0,0.0,0.0,0.0
2350,0.0,,1755709101.3658206,False,10.109175127744676,-0.8403427600860596,2.977437973022461,-0.029789522290229797,0.0,0.0,0.0,0.0
2351,0.0,,1755709101.378259,False,12.031387047171593,0.520800769329071,-0.08480202406644821,-0.28457769751548767,0.0,0.0,0.0,0.0
2352,0.0,,1755709101.396429,False,13.640468289256097,0.6723418831825256,-0.010026135481894016,-0.5516710877418518,0.0,0.0,0.0,0.0
2353,0.0,,1755709101.4064734,False,11.160986312627793,0.81889408826828,-0.473588764667511,0.08227909356355667,0.0,0.0,0.0,0.0
2354,0.0,,1755709101.4229488,False,10.885576023459436,0.63251131772995,-1.032148003578186,0.17672482132911682,0.0,0.0,0.0,0.0
2355,0.0,,1755709101.4367511,False,11.08145774781704,0.42387694120407104,-0.9942747354507446,0.19422774016857147,0.0,0.0,0.0,0.0
2357,0.0,,1755709101.451839,False,12.010753392577172,-0.2470298856496811,-0.6328128576278687,0.39421546459198,0.0,0.0,0.0,0.0
2358,0.0,,1755709101.463516,False,14.380795372724533,-0.4074920117855072,0.067029669880867,0.5268088579177856,0.0,0.0,0.0,0.0
2359,0.0,,1755709101.473296,False,15.04939203053713,-0.33463844656944275,0.6182388067245483,0.46837589144706726,0.0,0.0,0.0,0.0
2360,0.0,,1755709101.492389,False,15.308462275564672,-0.23089683055877686,1.1187515258789062,0.33978867530822754,0.0,0.0,0.0,0.0
2361,0.0,,1755709101.5060046,False,14.33381299495697,-0.28958410024642944,1.2582262754440308,0.2543982267379761,0.0,0.0,0.0,0.0
2362,0.0,,1755709101.5128002,False,12.753684241175652,-0.2349340319633484,1.50895094871521,0.2551259696483612,0.0,0.0,0.0,0.0
2363,0.0,,1755709101.5227063,False,11.690735864639283,-0.09854403883218765,1.281044363975525,0.27572599053382874,0.0,0.0,0.0,0.0
2364,0.0,,1755709101.5329492,False,10.09722634255886,-0.05208836495876312,0.7242341041564941,0.3159005045890808,0.0,0.0,0.0,0.0
2365,0.0,,1755709101.5529792,False,5.677518929243088,0.05286164581775665,-0.4677906632423401,0.29343464970588684,0.0,0.0,0.0,0.0
2366,0.0,,1755709101.563354,False,5.506865601539612,0.0911390632390976,-0.5342592597007751,0.32468679547309875,0.0,0.0,0.0,0.0
2367,0.0,,1755709101.5733445,False,4.622413423061371,-0.1839745193719864,-0.516511857509613,0.2940031886100769,0.0,0.0,0.0,0.0
2368,0.0,,1755709101.5820718,False,4.301034078598023,-0.38199543952941895,-0.48898637294769287,0.33381861448287964,0.0,0.0,0.0,0.0
2369,0.0,,1755709101.5933285,False,4.319921754598618,-0.7661375999450684,-0.20469921827316284,0.31212955713272095,0.0,0.0,0.0,0.0
2370,0.0,,1755709101.6048267,False,5.158165726661682,-0.7345573902130127,0.09556617587804794,0.26181063055992126,0.0,0.0,0.0,0.0
2371,0.0,,1755709101.6137006,False,6.4930698573589325,-0.5335466265678406,0.23365932703018188,0.25165697932243347,0.0,0.0,0.0,0.0
2372,0.0,,1755709101.6222553,False,8.212199206352235,-0.31694695353507996,0.605360746383667,0.24293240904808044,0.0,0.0,0.0,0.0
2373,0.0,,1755709101.6326025,False,7.698455822467804,-0.29862555861473083,0.7759787440299988,0.1753726601600647,0.0,0.0,0.0,0.0
2374,0.0,,1755709101.6414387,False,9.704612123966218,-0.052489135414361954,1.0755269527435303,0.2463735193014145,0.0,0.0,0.0,0.0
2375,0.0,,1755709101.6521478,False,9.645852284431458,0.07215861976146698,1.2535223960876465,0.244984433054924,0.0,0.0,0.0,0.0
2376,0.0,,1755709101.661909,False,9.130843563079834,-0.0027077943086624146,1.3002588748931885,0.289035826921463,0.0,0.0,0.0,0.0
2377,0.0,,1755709101.6723034,False,8.631236407756806,0.01849801279604435,1.2522194385528564,0.36199817061424255,0.0,0.0,0.0,0.0
2378,0.0,,1755709101.681654,False,8.008790946006775,0.2605307400226593,1.081925868988037,0.3838471472263336,0.0,0.0,0.0,0.0
2379,0.0,,1755709101.6914442,False,7.1296363449096685,0.49718886613845825,0.8378954529762268,0.3828551471233368,0.0,0.0,0.0,0.0
2380,0.0,,1755709101.7021284,False,6.062169824838638,0.9021244645118713,0.496481716632843,0.2237924486398697,0.0,0.0,0.0,0.0
2381,0.0,,1755709101.7120829,False,5.133882240056992,1.1323626041412354,0.1708524525165558,0.07001670449972153,0.0,0.0,0.0,0.0
2382,0.0,,1755709101.721457,False,3.923930768966675,0.8987539410591125,-0.31692129373550415,-0.07047921419143677,0.0,0.0,0.0,0.0
2383,0.0,,1755709101.7314382,False,3.269943087100983,0.4767579734325409,-0.9095007181167603,-0.10578399151563644,0.0,0.0,0.0,0.0
2384,0.0,,1755709101.7416213,False,3.046400524377823,-0.2114454209804535,-1.400833249092102,-0.12947110831737518,0.0,0.0,0.0,0.0
2385,0.0,,1755709101.7488067,False,3.077616469860077,-0.7096148729324341,-1.6504820585250854,-0.19960708916187286,0.0,0.0,0.0,0.0
2386,0.0,,1755709101.761606,False,3.5290764820575715,-0.8528181314468384,-1.7057528495788574,-0.21033795177936554,0.0,0.0,0.0,0.0
2387,0.0,,1755709101.771881,False,4.214123404026032,-0.9217571020126343,-1.16452956199646,-0.2075599730014801,0.0,0.0,0.0,0.0
2388,0.0,,1755709101.7811422,False,6.974018547534943,-0.2685992121696472,-0.3496027886867523,-0.19694586098194122,0.0,0.0,0.0,0.0
2389,0.0,,1755709101.791358,False,8.031340148448944,-0.24874915182590485,0.1156105101108551,-0.12530510127544403,0.0,0.0,0.0,0.0
2390,0.0,,1755709101.8017347,False,8.427950938940048,-0.46060553193092346,0.44967684149742126,-0.09680290520191193,0.0,0.0,0.0,0.0
2391,0.0,,1755709101.811378,False,8.171706068515778,-0.7254947423934937,1.1386040449142456,-0.12603344023227692,0.0,0.0,0.0,0.0
2392,0.0,,1755709101.82131,False,7.227271982431412,-0.990830659866333,1.8853219747543335,-0.1510910540819168,0.0,0.0,0.0,0.0
2393,0.0,,1755709101.8317463,False,6.301298725605012,-1.5297178030014038,2.540707588195801,-0.19039322435855865,0.0,0.0,0.0,0.0
2394,0.0,,1755709101.841273,False,5.930651911497116,-1.6359734535217285,3.1035101413726807,-0.12749285995960236,0.0,0.0,0.0,0.0
2395,0.0,,1755709101.853012,False,5.63047574043274,-1.6184251308441162,3.532632350921631,-0.016483629122376442,0.0,0.0,0.0,0.0
2396,0.0,,1755709101.861061,False,7.08399297952652,-1.0974808931350708,3.436282157897949,0.06727609783411026,0.0,0.0,0.0,0.0
2397,0.0,,1755709101.8714936,False,8.748216973543167,-0.7549383044242859,3.1646065711975098,-0.007962886244058609,0.0,0.0,0.0,0.0
2398,0.0,,1755709101.8815749,False,10.623230168223381,-0.49993160367012024,2.6405582427978516,-0.013038573786616325,0.0,0.0,0.0,0.0
2399,0.0,,1755709101.8916793,False,13.755083071589471,-0.004009841941297054,1.620831847190857,0.051627013832330704,0.0,0.0,0.0,0.0
2400,0.0,,1755709101.9013798,False,15.350494108200074,0.5565090775489807,0.4167897403240204,0.16428668797016144,0.0,0.0,0.0,0.0
2401,0.0,,1755709101.9114416,False,13.031428154110909,0.9342591762542725,-0.8409942388534546,0.25883278250694275,0.0,0.0,0.0,0.0
2402,0.0,,1755709101.9210842,False,8.727955201864242,1.3937424421310425,-2.116485595703125,0.2307967096567154,0.0,0.0,0.0,0.0
2403,0.0,,1755709101.931302,False,4.828551163673401,1.6600581407546997,-2.988560676574707,0.11618689447641373,0.0,0.0,0.0,0.0
2404,0.0,,1755709101.9417813,False,2.804373743534088,1.6385339498519897,-3.4825427532196045,0.09079694747924805,0.0,0.0,0.0,0.0
2405,0.0,,1755709101.9497974,False,2.0665264642238617,1.3799338340759277,-3.3862366676330566,0.12888742983341217,0.0,0.0,0.0,0.0
2406,0.0,,1755709101.9623237,False,1.8670241439342499,0.9687615633010864,-3.037843704223633,0.17075279355049133,0.0,0.0,0.0,0.0
2407,0.0,,1755709101.9712005,False,2.3233502089977267,0.34726759791374207,-2.2799763679504395,0.20010292530059814,0.0,0.0,0.0,0.0
2408,0.0,,1755709101.9812303,False,3.5444827258586886,-0.3070831596851349,-1.7158657312393188,0.11996760219335556,0.0,0.0,0.0,0.0
2409,0.0,,1755709101.990855,False,5.520736366510391,-0.8359471559524536,-1.2811863422393799,-0.03659867122769356,0.0,0.0,0.0,0.0
2410,0.0,,1755709102.0009067,False,6.873220735788346,-1.0587714910507202,-1.0573315620422363,-0.2333691120147705,0.0,0.0,0.0,0.0
2411,0.0,,1755709102.0107918,False,6.931346737146378,-1.0392404794692993,-0.930749237537384,-0.37025609612464905,0.0,0.0,0.0,0.0
2412,0.0,,1755709102.0273075,False,7.922498906850815,-0.6350690126419067,-0.953310489654541,-0.4499896466732025,0.0,0.0,0.0,0.0
2413,0.0,,1755709102.0337458,False,8.40924452662468,-0.3991444408893585,-1.1614775657653809,-0.46683481335639954,0.0,0.0,0.0,0.0
2414,0.0,,1755709102.0445673,False,10.4506437510252,-0.1698325276374817,-1.3361936807632446,-0.42204904556274414,0.0,0.0,0.0,0.0
2415,0.0,,1755709102.0518644,False,12.628256787657739,0.06824249029159546,-1.4332802295684814,-0.2978273630142212,0.0,0.0,0.0,0.0
2416,0.0,,1755709102.0613968,False,13.325756524801255,0.44607797265052795,-1.1182620525360107,-0.1429784744977951,0.0,0.0,0.0,0.0
2417,0.0,,1755709102.0726516,False,12.725893594622613,0.7457786202430725,-0.7323800921440125,-0.08434385806322098,0.0,0.0,0.0,0.0
2418,0.0,,1755709102.0813417,False,11.718116621375085,0.864429771900177,-0.2263801395893097,-0.09313183277845383,0.0,0.0,0.0,0.0
2419,0.0,,1755709102.092277,False,10.477371373772622,0.8286643624305725,0.015706144273281097,-0.1543927639722824,0.0,0.0,0.0,0.0
2420,0.0,,1755709102.1029797,False,8.195568555593491,0.6465415358543396,0.006275875493884087,-0.2039121836423874,0.0,0.0,0.0,0.0
2421,0.0,,1755709102.110805,False,6.340140609741211,1.0127840042114258,-0.30191564559936523,-0.26524168252944946,0.0,0.0,0.0,0.0
2422,0.0,,1755709102.1210732,False,5.670959522724152,1.1897921562194824,-0.5864638686180115,-0.25079146027565,0.0,0.0,0.0,0.0
2423,0.0,,1755709102.1300952,False,4.76350205898285,1.2243735790252686,-0.9954939484596252,-0.21560244262218475,0.0,0.0,0.0,0.0
2424,0.0,,1755709102.1415253,False,4.76276881814003,1.102150321006775,-1.0893570184707642,-0.13392530381679535,0.0,0.0,0.0,0.0
2425,0.0,,1755709102.150518,False,4.981987949609756,0.7737849354743958,-1.0888032913208008,-0.09511818736791611,0.0,0.0,0.0,0.0
2426,0.0,,1755709102.1614556,False,5.22972629070282,0.5412600040435791,-1.0988894701004028,-0.08822815120220184,0.0,0.0,0.0,0.0
2427,0.0,,1755709102.1694806,False,5.788982062339783,0.3887796103954315,-0.9588344097137451,-0.1547323614358902,0.0,0.0,0.0,0.0
2428,0.0,,1755709102.1796272,False,6.343775238990784,0.27640193700790405,-0.7188183665275574,-0.2528184950351715,0.0,0.0,0.0,0.0
2429,0.0,,1755709102.1891646,False,6.959706902503967,0.23263804614543915,-0.48297810554504395,-0.30276525020599365,0.0,0.0,0.0,0.0
2430,0.0,,1755709102.2022796,False,7.953855185508728,0.2696855366230011,-0.2243315577507019,-0.3249286413192749,0.0,0.0,0.0,0.0
2431,0.0,,1755709102.2103984,False,8.442910455465316,0.4469414949417114,-0.06274247169494629,-0.32628878951072693,0.0,0.0,0.0,0.0
2432,0.0,,1755709102.2201197,False,9.225430462360382,0.6261776685714722,0.08677677065134048,-0.2980734705924988,0.0,0.0,0.0,0.0
2433,0.0,,1755709102.2296574,False,10.020758795142175,0.8062820434570312,0.2801353633403778,-0.2743341326713562,0.0,0.0,0.0,0.0
2434,0.0,,1755709102.2401843,False,10.042335605621338,0.8824955224990845,0.5923154950141907,-0.26853838562965393,0.0,0.0,0.0,0.0
2435,0.0,,1755709102.2502692,False,10.354043655395508,0.8941324353218079,0.9212301969528198,-0.25733909010887146,0.0,0.0,0.0,0.0
2436,0.0,,1755709102.260444,False,10.480265160799027,0.8735882639884949,1.293503761291504,-0.25784406065940857,0.0,0.0,0.0,0.0
2437,0.0,,1755709102.2707505,False,9.718599833250046,0.8817798495292664,1.5195356607437134,-0.30137214064598083,0.0,0.0,0.0,0.0
2438,0.0,,1755709102.2837267,False,9.322863786220552,0.8203047513961792,1.52550208568573,-0.33473145961761475,0.0,0.0,0.0,0.0
2439,0.0,,1755709102.2905416,False,8.776179528236389,0.8504365682601929,1.1621004343032837,-0.38183826208114624,0.0,0.0,0.0,0.0
2440,0.0,,1755709102.3022568,False,8.390672600269317,0.9168264269828796,0.5897752046585083,-0.3852279484272003,0.0,0.0,0.0,0.0
2441,0.0,,1755709102.3109865,False,8.798215345144273,0.9096066355705261,0.17184044420719147,-0.325609415769577,0.0,0.0,0.0,0.0
2442,0.0,,1755709102.321428,False,9.051023222208023,0.774391770362854,-0.2046346515417099,-0.19159549474716187,0.0,0.0,0.0,0.0
2443,0.0,,1755709102.3306801,False,9.0643186211586,0.6779173016548157,-0.39093807339668274,-0.09251070022583008,0.0,0.0,0.0,0.0
2444,0.0,,1755709102.3410292,False,8.340046237707138,0.6036723852157593,-0.5968467593193054,-0.022425414994359016,0.0,0.0,0.0,0.0
2445,0.0,,1755709102.3513887,False,7.864818463325501,0.5976001620292664,-0.7028878331184387,0.031967565417289734,0.0,0.0,0.0,0.0
2446,0.0,,1755709102.360306,False,7.571083585023881,0.5550837516784668,-0.7410092949867249,0.06479185819625854,0.0,0.0,0.0,0.0
2447,0.0,,1755709102.3715248,False,7.772214939594269,0.5900517702102661,-0.7394405007362366,0.05998709052801132,0.0,0.0,0.0,0.0
2448,0.0,,1755709102.3816707,False,8.310851089954376,0.5875412225723267,-0.6156144738197327,0.02679760381579399,0.0,0.0,0.0,0.0
2449,0.0,,1755709102.3906243,False,9.31351525783539,0.6491471529006958,-0.3317141532897949,-0.06583522260189056,0.0,0.0,0.0,0.0
2450,0.0,,1755709102.4013135,False,10.279336119890214,0.7211990356445312,-0.062458623200654984,-0.13665342330932617,0.0,0.0,0.0,0.0
2451,0.0,,1755709102.4112005,False,10.887241895198823,0.7878257036209106,0.07337093353271484,-0.1738492250442505,0.0,0.0,0.0,0.0
2452,0.0,,1755709102.4207997,False,11.164097031354904,0.9011130332946777,0.17495371401309967,-0.2319115251302719,0.0,0.0,0.0,0.0
2453,0.0,,1755709102.4310312,False,10.874516599774362,0.9693320393562317,0.21206213533878326,-0.2837405502796173,0.0,0.0,0.0,0.0
2454,0.0,,1755709102.4432101,False,11.185789031982422,1.036277413368225,0.32836735248565674,-0.3016641438007355,0.0,0.0,0.0,0.0
2455,0.0,,1755709102.452061,False,11.168181896209717,1.017084002494812,0.4295212924480438,-0.3032070994377136,0.0,0.0,0.0,0.0
2456,0.0,,1755709102.4620051,False,10.929608480930328,0.9632859230041504,0.5253760814666748,-0.3140161633491516,0.0,0.0,0.0,0.0
2457,0.0,,1755709102.4721594,False,10.371186522245408,0.8039155006408691,0.48390325903892517,-0.3333943486213684,0.0,0.0,0.0,0.0
2458,0.0,,1755709102.4806643,False,10.188023661375047,0.6794832944869995,0.32318708300590515,-0.34132692217826843,0.0,0.0,0.0,0.0
2459,0.0,,1755709102.4915874,False,10.318411892652511,0.5973267555236816,0.18220028281211853,-0.3154802918434143,0.0,0.0,0.0,0.0
2460,0.0,,1755709102.5018492,False,10.299130114316942,0.4703349173069,0.005939854308962822,-0.24298851191997528,0.0,0.0,0.0,0.0
2461,0.0,,1755709102.5123239,False,10.155196223258972,0.31079182028770447,-0.11006024479866028,-0.17201805114746094,0.0,0.0,0.0,0.0
2462,0.0,,1755709102.5220444,False,9.928106154799462,0.18864986300468445,-0.16970525681972504,-0.12191756814718246,0.0,0.0,0.0,0.0
2463,0.0,,1755709102.5320106,False,9.421305170059204,0.08704611659049988,-0.24073272943496704,-0.0820288360118866,0.0,0.0,0.0,0.0
2464,0.0,,1755709102.542317,False,9.099805372953416,0.02441483549773693,-0.2673570215702057,-0.05229442939162254,0.0,0.0,0.0,0.0
2465,0.0,,1755709102.5521832,False,8.983849239349366,0.05258474871516228,-0.22866211831569672,-0.03752237185835838,0.0,0.0,0.0,0.0
2466,0.0,,1755709102.561694,False,9.068133344650269,0.12360651046037674,-0.1706048846244812,-0.03976988419890404,0.0,0.0,0.0,0.0
2467,0.0,,1755709102.5720737,False,9.24965898513794,0.20275887846946716,-0.09219471365213394,-0.035240303725004196,0.0,0.0,0.0,0.0
2468,0.0,,1755709102.5806727,False,9.441819541454315,0.3188932538032532,0.005358024500310421,-0.03749072551727295,0.0,0.0,0.0,0.0
2469,0.0,,1755709102.5922415,False,9.569858361482622,0.4157768785953522,0.09003536403179169,-0.03434639051556587,0.0,0.0,0.0,0.0
2470,0.0,,1755709102.6011724,False,9.700996205806733,0.5010392069816589,0.19311045110225677,-0.032751183956861496,0.0,0.0,0.0,0.0
2471,0.0,,1755709102.6121008,False,9.646763280630113,0.5476373434066772,0.2356749176979065,-0.018942497670650482,0.0,0.0,0.0,0.0
2472,0.0,,1755709102.6210387,False,9.661716949939729,0.5564280152320862,0.2681843638420105,-0.03108915686607361,0.0,0.0,0.0,0.0
2473,0.0,,1755709102.630454,False,9.540525219440461,0.532623827457428,0.26181548833847046,-0.04007955640554428,0.0,0.0,0.0,0.0
2474,0.0,,1755709102.642241,False,9.530649272203446,0.44885915517807007,0.22791458666324615,-0.04902459681034088,0.0,0.0,0.0,0.0
2475,0.0,,1755709102.652882,False,9.521563868522644,0.34163203835487366,0.180281400680542,-0.04988834261894226,0.0,0.0,0.0,0.0
2476,0.0,,1755709102.6615212,False,9.497359904050828,0.1945684254169464,0.12254767119884491,-0.05512680858373642,0.0,0.0,0.0,0.0
2477,0.0,,1755709102.6757376,False,9.410783690214158,-0.008498412556946278,0.03747129812836647,-0.04288293793797493,0.0,0.0,0.0,0.0
2478,0.0,,1755709102.6837058,False,9.361992183923721,-0.1528921127319336,-0.021736104041337967,-0.05322439223527908,0.0,0.0,0.0,0.0
2479,0.0,,1755709102.6954286,False,9.208527331352235,-0.3427900969982147,-0.09150076657533646,-0.022565213963389397,0.0,0.0,0.0,0.0
2480,0.0,,1755709102.7006094,False,9.137440391778947,-0.4982057213783264,-0.15775518119335175,0.014680749736726284,0.0,0.0,0.0,0.0
2481,0.0,,1755709102.7109787,False,9.02500311255455,-0.6168405413627625,-0.19069670140743256,0.042053963989019394,0.0,0.0,0.0,0.0
2482,0.0,,1755709102.7204616,False,9.084814281463624,-0.6942256689071655,-0.278318852186203,0.027335215359926224,0.0,0.0,0.0,0.0
2483,0.0,,1755709102.7309108,False,9.070785641670227,-0.6930277347564697,-0.2185431569814682,0.11686620116233826,0.0,0.0,0.0,0.0
2484,0.0,,1755709102.7401981,False,9.21923826098442,-0.6707147359848022,-0.23655280470848083,0.16530755162239075,0.0,0.0,0.0,0.0
2485,0.0,,1755709102.7500622,False,9.447133491039276,-0.5578355193138123,-0.20740972459316254,0.15606321394443512,0.0,0.0,0.0,0.0
2486,0.0,,1755709102.7604623,False,9.56416551232338,-0.4559023082256317,-0.1318160891532898,0.20394594967365265,0.0,0.0,0.0,0.0
2487,0.0,,1755709102.7706387,False,9.83354556798935,-0.2818218469619751,-0.06328988075256348,0.2621573209762573,0.0,0.0,0.0,0.0
2488,0.0,,1755709102.780107,False,9.938959171772003,-0.1157102957367897,0.03153705224394798,0.2764674425125122,0.0,0.0,0.0,0.0
2489,0.0,,1755709102.7942677,False,9.946555874347688,-0.02157687395811081,0.10534023493528366,0.3201703429222107,0.0,0.0,0.0,0.0
2490,0.0,,1755709102.8008304,False,9.94959642648697,0.05655462294816971,0.15150633454322815,0.35396066308021545,0.0,0.0,0.0,0.0
2491,0.0,,1755709102.8110745,False,9.965841745734215,0.10830188542604446,0.1680634319782257,0.3445891737937927,0.0,0.0,0.0,0.0
2492,0.0,,1755709102.8208373,False,9.882527693510056,0.10403423011302948,0.15586471557617188,0.3004087209701538,0.0,0.0,0.0,0.0
2493,0.0,,1755709102.8297563,False,9.892491348981858,0.05364091321825981,0.16658732295036316,0.342272013425827,0.0,0.0,0.0,0.0
2494,0.0,,1755709102.8401895,False,9.96944187641144,-0.06173986941576004,0.1395624577999115,0.382277250289917,0.0,0.0,0.0,0.0
2495,0.0,,1755709102.8500373,False,10.041196568012237,-0.17225512862205505,0.09519289433956146,0.35209327936172485,0.0,0.0,0.0,0.0
2496,0.0,,1755709107.3024316,False,5.788688532114029,-0.30812495946884155,-0.3410612642765045,-0.06971034407615662,0.0,0.0,0.0,0.0
2497,0.0,,1755709107.3278644,False,8.173648513555527,-0.2844059467315674,-0.920401394367218,-0.1690937578678131,0.0,0.0,0.0,0.0
2498,0.0,,1755709107.3387759,False,9.940266609191895e-05,-6.465047836303711,6.071269989013672,3.280641555786133,0.0,0.0,0.0,0.0
2499,0.0,,1755709107.3457034,False,13.888621782660485,-1.0355823040008545,0.09237567335367203,0.3476669490337372,0.0,0.0,0.0,0.0
2500,0.0,,1755709107.3537686,False,0.0,-1.6753640174865723,-0.69451904296875,-3.9883599281311035,0.0,0.0,0.0,0.0
2501,0.0,,1755709107.3617203,False,14.342498449087143,-1.022721290588379,1.3569778203964233,0.2131752222776413,0.0,0.0,0.0,0.0
2502,0.0,,1755709107.371496,False,0.23103284597396853,2.7827484607696533,-1.9372888803482056,-3.4761948585510254,0.0,0.0,0.0,0.0
2503,0.0,,1755709107.3814585,False,13.401974396109582,3.885258674621582,0.6300774216651917,0.5134966969490051,0.0,0.0,0.0,0.0
2504,0.0,,1755709107.393076,False,8.38603224992752,2.647843837738037,-0.4871046245098114,-0.8890849351882935,0.0,0.0,0.0,0.0
2505,0.0,,1755709107.4000175,False,10.088231570720673,0.6314727067947388,-0.2409529834985733,-0.11833231151103973,0.0,0.0,0.0,0.0
2506,0.0,,1755709107.4099271,False,13.60869802772999,0.30099251866340637,0.9336148500442505,-0.6731340289115906,0.0,0.0,0.0,0.0
2507,0.0,,1755709107.4210727,False,8.755638259649277,-0.39681023359298706,0.5453953742980957,-0.03623102605342865,0.0,0.0,0.0,0.0
2508,0.0,,1755709107.4308274,False,12.263426198959351,-0.3185197412967682,0.958400309085846,0.014963406138122082,0.0,0.0,0.0,0.0
2509,0.0,,1755709107.4398592,False,14.381288293004037,-0.3426389992237091,0.7318128943443298,0.35212400555610657,0.0,0.0,0.0,0.0
2510,0.0,,1755709107.4501967,False,11.214616389870644,-0.21404902637004852,0.22859610617160797,0.3702586591243744,0.0,0.0,0.0,0.0
2511,0.0,,1755709107.4592216,False,13.625596480965616,0.09023132175207138,0.01903492957353592,0.5439687967300415,0.0,0.0,0.0,0.0
2512,0.0,,1755709107.4690871,False,11.631797685027124,0.3199805021286011,-0.32272958755493164,0.6098291873931885,0.0,0.0,0.0,0.0
2513,0.0,,1755709107.479181,False,9.494909920692445,0.6267121434211731,-0.11195477843284607,0.5716656446456909,0.0,0.0,0.0,0.0
2514,0.0,,1755709107.488883,False,9.631740614175797,0.8460596203804016,0.22190824151039124,0.4939202666282654,0.0,0.0,0.0,0.0
2515,0.0,,1755709107.4991615,False,9.264804443120957,1.0829452276229858,0.27105337381362915,0.4287198483943939,0.0,0.0,0.0,0.0
2516,0.0,,1755709107.5097976,False,8.718882662057878,1.0711157321929932,0.4457363486289978,0.46686241030693054,0.0,0.0,0.0,0.0
2517,0.0,,1755709107.5196052,False,9.533499205112458,1.009351134300232,0.3618789315223694,0.5081799030303955,0.0,0.0,0.0,0.0
2518,0.0,,1755709107.5303047,False,10.636616783738138,0.8966947197914124,0.17609699070453644,0.5108029246330261,0.0,0.0,0.0,0.0
2519,0.0,,1755709107.5391314,False,12.034770830869675,0.6031234264373779,-0.0009345561265945435,0.5520203709602356,0.0,0.0,0.0,0.0
2520,0.0,,1755709107.548802,False,13.502935929894448,0.07636849582195282,-0.06715355068445206,0.6498121619224548,0.0,0.0,0.0,0.0
2521,0.0,,1755709107.5584443,False,13.6904397636652,-0.45980724692344666,-0.09835591912269592,0.7837236523628235,0.0,0.0,0.0,0.0
2522,0.0,,1755709107.570252,False,12.60001824438572,-0.8718478679656982,-0.1261841356754303,0.9099452495574951,0.0,0.0,0.0,0.0
2523,0.0,,1755709107.5807137,False,10.413381784558297,-1.2268799543380737,-0.19147352874279022,1.0329829454421997,0.0,0.0,0.0,0.0
2524,0.0,,1755709107.5955687,False,8.407241270542146,-1.2176685333251953,-0.25079628825187683,1.0914453268051147,0.0,0.0,0.0,0.0
2525,0.0,,1755709107.6025329,False,7.029034999608994,-0.963836669921875,-0.4067142605781555,1.148134708404541,0.0,0.0,0.0,0.0
2526,0.0,,1755709107.6111665,False,7.011852371692658,-0.6161556839942932,-0.5762059092521667,1.1778361797332764,0.0,0.0,0.0,0.0
2527,0.0,,1755709107.6226761,False,7.274074265956879,-0.08399202674627304,-0.7530959248542786,1.1511698961257935,0.0,0.0,0.0,0.0
2528,0.0,,1755709107.6317575,False,7.304836467504502,0.504347562789917,-0.9262453317642212,1.0059419870376587,0.0,0.0,0.0,0.0
2529,0.0,,1755709107.641449,False,6.843951913118363,0.8395716547966003,-0.9927502274513245,0.8742188811302185,0.0,0.0,0.0,0.0
2530,0.0,,1755709107.6540873,False,6.853757693767548,0.9560360908508301,-0.7715597152709961,0.8456405997276306,0.0,0.0,0.0,0.0
2531,0.0,,1755709107.6605084,False,7.2106799232959755,1.1198948621749878,-0.5868323445320129,0.8350823521614075,0.0,0.0,0.0,0.0
2532,0.0,,1755709107.6710446,False,7.918168458938599,1.0794405937194824,-0.32312557101249695,0.8739455938339233,0.0,0.0,0.0,0.0
2533,0.0,,1755709107.6808734,False,8.675414460897446,0.9871177077293396,-0.07991953939199448,0.8819930553436279,0.0,0.0,0.0,0.0
2534,0.0,,1755709107.690399,False,9.979170473814012,0.6282371878623962,0.24932408332824707,0.8431127071380615,0.0,0.0,0.0,0.0
2535,0.0,,1755709107.7055802,False,10.812307487726212,0.23025095462799072,0.645270824432373,0.7540720701217651,0.0,0.0,0.0,0.0
2536,0.0,,1755709107.7159781,False,10.910912593603134,-0.3977390229701996,1.09091317653656,0.6271331310272217,0.0,0.0,0.0,0.0
2537,0.0,,1755709107.7293725,False,9.266972590684892,-0.9738803505897522,1.39094877243042,0.499801903963089,0.0,0.0,0.0,0.0
2538,0.0,,1755709107.736444,False,7.17779986023903,-1.4287961721420288,1.358398675918579,0.44363126158714294,0.0,0.0,0.0,0.0
2539,0.0,,1755709107.7430925,False,5.8479711127281195,-1.592044472694397,1.1437715291976929,0.4232834577560425,0.0,0.0,0.0,0.0
2540,0.0,,1755709107.7535431,False,5.080065636634827,-1.7916897535324097,0.7770718932151794,0.4335314929485321,0.0,0.0,0.0,0.0
2541,0.0,,1755709107.7633846,False,5.024823482036591,-1.7446246147155762,0.4138399064540863,0.4624105989933014,0.0,0.0,0.0,0.0
2542,0.0,,1755709107.7730176,False,5.598365170955658,-1.3583283424377441,-0.0934741348028183,0.5409368872642517,0.0,0.0,0.0,0.0
2543,0.0,,1755709107.782523,False,5.9038166999816895,-0.7120488286018372,-0.6297478079795837,0.5134936571121216,0.0,0.0,0.0,0.0
2544,0.0,,1755709107.7923741,False,5.332347264289856,-0.1075412854552269,-1.0916502475738525,0.4467753767967224,0.0,0.0,0.0,0.0
2545,0.0,,1755709107.8026347,False,4.601766904592514,0.8023937940597534,-1.678087830543518,0.34572529792785645,0.0,0.0,0.0,0.0
2546,0.0,,1755709107.8133569,False,3.827883235216141,1.3076976537704468,-1.8399077653884888,0.2943827211856842,0.0,0.0,0.0,0.0
2547,0.0,,1755709107.8263755,False,3.634899390935898,1.474090337753296,-1.3801374435424805,0.43857893347740173,0.0,0.0,0.0,0.0
2548,0.0,,1755709107.8338258,False,4.767142535448075,1.1481455564498901,-0.4981786012649536,0.7472339868545532,0.0,0.0,0.0,0.0
2549,0.0,,1755709107.8448284,False,6.820602811574936,1.468837857246399,0.08651655912399292,0.7517800331115723,0.0,0.0,0.0,0.0
2550,0.0,,1755709107.8521657,False,7.22131600856781,1.8588889837265015,0.3602350950241089,0.8130007982254028,0.0,0.0,0.0,0.0
2551,0.0,,1755709107.8604045,False,7.2185420894622805,2.0314316749572754,0.6081017851829529,0.9863763451576233,0.0,0.0,0.0,0.0
2552,0.0,,1755709107.8699734,False,7.529732075929642,2.059951066970825,0.6789007186889648,1.0144894123077393,0.0,0.0,0.0,0.0
2553,0.0,,1755709107.8808067,False,7.881928585767747,2.3100929260253906,0.7624056339263916,0.9834762215614319,0.0,0.0,0.0,0.0
2554,0.0,,1755709107.8907604,False,8.261430423259736,2.4848647117614746,0.9695708155632019,0.9628123641014099,0.0,0.0,0.0,0.0
2555,0.0,,1755709107.9017305,False,8.82334550857544,2.4174036979675293,1.0520323514938354,0.8593602180480957,0.0,0.0,0.0,0.0
2556,0.0,,1755709107.91148,False,9.222723201513292,2.078463554382324,1.0882200002670288,0.7793348431587219,0.0,0.0,0.0,0.0
2557,0.0,,1755709107.9214835,False,10.342419390678407,1.3274993896484375,0.9423953294754028,0.8015182614326477,0.0,0.0,0.0,0.0
2558,0.0,,1755709107.933747,False,10.90997353076935,0.6437877416610718,0.8463522791862488,0.9478864669799805,0.0,0.0,0.0,0.0
2559,0.0,,1755709107.941989,False,11.194809531569481,0.0038641237188130617,0.6228627562522888,1.0907214879989624,0.0,0.0,0.0,0.0
2560,0.0,,1755709107.961659,False,10.11975332558155,-0.5298880934715271,0.47430160641670227,1.2691102027893066,0.0,0.0,0.0,0.0
2561,0.0,,1755709107.9694746,False,8.620441278219223,-0.7255811095237732,0.378083199262619,1.3842337131500244,0.0,0.0,0.0,0.0
2562,0.0,,1755709107.9772797,False,7.50847978591919,-0.7745761871337891,0.05693214759230614,1.4531710147857666,0.0,0.0,0.0,0.0
2563,0.0,,1755709107.9870353,False,6.551023950576782,-0.6921568512916565,-0.3924046456813812,1.5324311256408691,0.0,0.0,0.0,0.0
2564,0.0,,1755709107.9971812,False,6.206426482200623,-0.221823051571846,-0.6616005301475525,1.532307744026184,0.0,0.0,0.0,0.0
2565,0.0,,1755709108.003601,False,5.890050015449524,0.49935081601142883,-0.9349752068519592,1.5037970542907715,0.0,0.0,0.0,0.0
2566,0.0,,1755709108.0135627,False,5.327191189527512,1.1806799173355103,-1.0550800561904907,1.4739848375320435,0.0,0.0,0.0,0.0
2567,0.0,,1755709108.0235462,False,4.900989979505539,1.5764342546463013,-1.0385897159576416,1.4503469467163086,0.0,0.0,0.0,0.0
2568,0.0,,1755709108.0338478,False,4.600328489542008,1.6494752168655396,-0.9727800488471985,1.4275052547454834,0.0,0.0,0.0,0.0
2569,0.0,,1755709108.0422251,False,4.645466655492783,1.629652738571167,-0.8769742846488953,1.4029372930526733,0.0,0.0,0.0,0.0
2570,0.0,,1755709108.0540435,False,5.16079112648964,1.4123204946517944,-0.6618896722793579,1.3877043724060059,0.0,0.0,0.0,0.0
2571,0.0,,1755709108.0631237,False,6.1355254840850835,1.3061805963516235,-0.38620272278785706,1.3540058135986328,0.0,0.0,0.0,0.0
2572,0.0,,1755709108.0759778,False,7.43852837562561,1.1513524055480957,-0.032677602022886276,1.3175042867660522,0.0,0.0,0.0,0.0
2573,0.0,,1755709108.0863895,False,8.875528399944306,0.892181396484375,0.38456398248672485,1.2808893918991089,0.0,0.0,0.0,0.0
2574,0.0,,1755709108.094195,False,9.53395294904709,0.5946034789085388,0.7396502494812012,1.234828233718872,0.0,0.0,0.0,0.0
2575,0.0,,1755709108.1005492,False,10.181824443340302,0.21551117300987244,1.0402864217758179,1.1774437427520752,0.0,0.0,0.0,0.0
2576,0.0,,1755709108.110519,False,9.73402361869812,-0.15686474740505219,1.2609317302703857,1.1494529247283936,0.0,0.0,0.0,0.0
2577,0.0,,1755709108.1217666,False,9.088136669397354,-0.45455682277679443,1.4465749263763428,1.1552526950836182,0.0,0.0,0.0,0.0
2578,0.0,,1755709108.1319566,False,8.002238556146622,-0.6504504680633545,1.5140972137451172,1.225726842880249,0.0,0.0,0.0,0.0
2579,0.0,,1755709108.1451297,False,7.0717325377464295,-0.8149903416633606,1.4381296634674072,1.3130310773849487,0.0,0.0,0.0,0.0
2580,0.0,,1755709108.1530905,False,6.353431330919266,-1.1556957960128784,1.0294702053070068,1.4999885559082031,0.0,0.0,0.0,0.0
2581,0.0,,1755709108.161331,False,5.777733188867569,-1.365695595741272,0.6405870318412781,1.6403757333755493,0.0,0.0,0.0,0.0
2582,0.0,,1755709108.175779,False,5.278044172525406,-1.4984352588653564,0.19746634364128113,1.774323582649231,0.0,0.0,0.0,0.0
2583,0.0,,1755709108.18482,False,5.001187866926194,-1.5235750675201416,-0.24531276524066925,1.816627025604248,0.0,0.0,0.0,0.0
2584,0.0,,1755709108.2004867,False,4.765653834342957,-1.396610140800476,-0.40109607577323914,1.8045363426208496,0.0,0.0,0.0,0.0
2585,0.0,,1755709108.2085824,False,5.047249892950059,-1.0531913042068481,-0.5155096650123596,1.7404742240905762,0.0,0.0,0.0,0.0
2586,0.0,,1755709108.2204504,False,4.974885921478272,-0.8382012844085693,-0.4995514750480652,1.738573431968689,0.0,0.0,0.0,0.0
2587,0.0,,1755709108.2387624,False,5.103945665359498,-0.610310435295105,-0.461462140083313,1.7105716466903687,0.0,0.0,0.0,0.0
2588,0.0,,1755709108.2486722,False,5.848010873794556,-0.3253744840621948,-0.257678359746933,1.663984775543213,0.0,0.0,0.0,0.0
2589,0.0,,1755709108.25731,False,7.619969816207886,-0.40307027101516724,0.0667097344994545,1.6112970113754272,0.0,0.0,0.0,0.0
2590,0.0,,1755709108.266854,False,8.165903291702271,-0.34541112184524536,0.27226123213768005,1.606674075126648,0.0,0.0,0.0,0.0
2520,0.0,,1755709107.548802,False,13.502935929894448,0.07636849582195282,-0.06715355068445206,0.6498121619224548,0.0,0.0,0.0,0.0
2521,0.0,,1755709107.5584443,False,13.6904397636652,-0.45980724692344666,-0.09835591912269592,0.7837236523628235,0.0,0.0,0.0,0.0
2522,0.0,,1755709107.570252,False,12.60001824438572,-0.8718478679656982,-0.1261841356754303,0.9099452495574951,0.0,0.0,0.0,0.0
2523,0.0,,1755709107.5807137,False,10.413381784558297,-1.2268799543380737,-0.19147352874279022,1.0329829454421997,0.0,0.0,0.0,0.0
2524,0.0,,1755709107.5955687,False,8.407241270542146,-1.2176685333251953,-0.25079628825187683,1.0914453268051147,0.0,0.0,0.0,0.0
2525,0.0,,1755709107.6025329,False,7.029034999608994,-0.963836669921875,-0.4067142605781555,1.148134708404541,0.0,0.0,0.0,0.0
2526,0.0,,1755709107.6111665,False,7.011852371692658,-0.6161556839942932,-0.5762059092521667,1.1778361797332764,0.0,0.0,0.0,0.0
2527,0.0,,1755709107.6226761,False,7.274074265956879,-0.08399202674627304,-0.7530959248542786,1.1511698961257935,0.0,0.0,0.0,0.0
2528,0.0,,1755709107.6317575,False,7.304836467504502,0.504347562789917,-0.9262453317642212,1.0059419870376587,0.0,0.0,0.0,0.0
2529,0.0,,1755709107.641449,False,6.843951913118363,0.8395716547966003,-0.9927502274513245,0.8742188811302185,0.0,0.0,0.0,0.0
2530,0.0,,1755709107.6540873,False,6.853757693767548,0.9560360908508301,-0.7715597152709961,0.8456405997276306,0.0,0.0,0.0,0.0
2531,0.0,,1755709107.6605084,False,7.2106799232959755,1.1198948621749878,-0.5868323445320129,0.8350823521614075,0.0,0.0,0.0,0.0
2532,0.0,,1755709107.6710446,False,7.918168458938599,1.0794405937194824,-0.32312557101249695,0.8739455938339233,0.0,0.0,0.0,0.0
2533,0.0,,1755709107.6808734,False,8.675414460897446,0.9871177077293396,-0.07991953939199448,0.8819930553436279,0.0,0.0,0.0,0.0
2534,0.0,,1755709107.690399,False,9.979170473814012,0.6282371878623962,0.24932408332824707,0.8431127071380615,0.0,0.0,0.0,0.0
2535,0.0,,1755709107.7055802,False,10.812307487726212,0.23025095462799072,0.645270824432373,0.7540720701217651,0.0,0.0,0.0,0.0
2536,0.0,,1755709107.7159781,False,10.910912593603134,-0.3977390229701996,1.09091317653656,0.6271331310272217,0.0,0.0,0.0,0.0
2537,0.0,,1755709107.7293725,False,9.266972590684892,-0.9738803505897522,1.39094877243042,0.499801903963089,0.0,0.0,0.0,0.0
2538,0.0,,1755709107.736444,False,7.17779986023903,-1.4287961721420288,1.358398675918579,0.44363126158714294,0.0,0.0,0.0,0.0
2539,0.0,,1755709107.7430925,False,5.8479711127281195,-1.592044472694397,1.1437715291976929,0.4232834577560425,0.0,0.0,0.0,0.0
2540,0.0,,1755709107.7535431,False,5.080065636634827,-1.7916897535324097,0.7770718932151794,0.4335314929485321,0.0,0.0,0.0,0.0
2541,0.0,,1755709107.7633846,False,5.024823482036591,-1.7446246147155762,0.4138399064540863,0.4624105989933014,0.0,0.0,0.0,0.0
2542,0.0,,1755709107.7730176,False,5.598365170955658,-1.3583283424377441,-0.0934741348028183,0.5409368872642517,0.0,0.0,0.0,0.0
2543,0.0,,1755709107.782523,False,5.9038166999816895,-0.7120488286018372,-0.6297478079795837,0.5134936571121216,0.0,0.0,0.0,0.0
2544,0.0,,1755709107.7923741,False,5.332347264289856,-0.1075412854552269,-1.0916502475738525,0.4467753767967224,0.0,0.0,0.0,0.0
2545,0.0,,1755709107.8026347,False,4.601766904592514,0.8023937940597534,-1.678087830543518,0.34572529792785645,0.0,0.0,0.0,0.0
2546,0.0,,1755709107.8133569,False,3.827883235216141,1.3076976537704468,-1.8399077653884888,0.2943827211856842,0.0,0.0,0.0,0.0
2547,0.0,,1755709107.8263755,False,3.634899390935898,1.474090337753296,-1.3801374435424805,0.43857893347740173,0.0,0.0,0.0,0.0
2548,0.0,,1755709107.8338258,False,4.767142535448075,1.1481455564498901,-0.4981786012649536,0.7472339868545532,0.0,0.0,0.0,0.0
2549,0.0,,1755709107.8448284,False,6.820602811574936,1.468837857246399,0.08651655912399292,0.7517800331115723,0.0,0.0,0.0,0.0
2550,0.0,,1755709107.8521657,False,7.22131600856781,1.8588889837265015,0.3602350950241089,0.8130007982254028,0.0,0.0,0.0,0.0
2551,0.0,,1755709107.8604045,False,7.2185420894622805,2.0314316749572754,0.6081017851829529,0.9863763451576233,0.0,0.0,0.0,0.0
2552,0.0,,1755709107.8699734,False,7.529732075929642,2.059951066970825,0.6789007186889648,1.0144894123077393,0.0,0.0,0.0,0.0
2553,0.0,,1755709107.8808067,False,7.881928585767747,2.3100929260253906,0.7624056339263916,0.9834762215614319,0.0,0.0,0.0,0.0
2554,0.0,,1755709107.8907604,False,8.261430423259736,2.4848647117614746,0.9695708155632019,0.9628123641014099,0.0,0.0,0.0,0.0
2555,0.0,,1755709107.9017305,False,8.82334550857544,2.4174036979675293,1.0520323514938354,0.8593602180480957,0.0,0.0,0.0,0.0
2556,0.0,,1755709107.91148,False,9.222723201513292,2.078463554382324,1.0882200002670288,0.7793348431587219,0.0,0.0,0.0,0.0
2557,0.0,,1755709107.9214835,False,10.342419390678407,1.3274993896484375,0.9423953294754028,0.8015182614326477,0.0,0.0,0.0,0.0
2558,0.0,,1755709107.933747,False,10.90997353076935,0.6437877416610718,0.8463522791862488,0.9478864669799805,0.0,0.0,0.0,0.0
2559,0.0,,1755709107.941989,False,11.194809531569481,0.0038641237188130617,0.6228627562522888,1.0907214879989624,0.0,0.0,0.0,0.0
2560,0.0,,1755709107.961659,False,10.11975332558155,-0.5298880934715271,0.47430160641670227,1.2691102027893066,0.0,0.0,0.0,0.0
2561,0.0,,1755709107.9694746,False,8.620441278219223,-0.7255811095237732,0.378083199262619,1.3842337131500244,0.0,0.0,0.0,0.0
2562,0.0,,1755709107.9772797,False,7.50847978591919,-0.7745761871337891,0.05693214759230614,1.4531710147857666,0.0,0.0,0.0,0.0
2563,0.0,,1755709107.9870353,False,6.551023950576782,-0.6921568512916565,-0.3924046456813812,1.5324311256408691,0.0,0.0,0.0,0.0
2564,0.0,,1755709107.9971812,False,6.206426482200623,-0.221823051571846,-0.6616005301475525,1.532307744026184,0.0,0.0,0.0,0.0
2565,0.0,,1755709108.003601,False,5.890050015449524,0.49935081601142883,-0.9349752068519592,1.5037970542907715,0.0,0.0,0.0,0.0
2566,0.0,,1755709108.0135627,False,5.327191189527512,1.1806799173355103,-1.0550800561904907,1.4739848375320435,0.0,0.0,0.0,0.0
2567,0.0,,1755709108.0235462,False,4.900989979505539,1.5764342546463013,-1.0385897159576416,1.4503469467163086,0.0,0.0,0.0,0.0
2568,0.0,,1755709108.0338478,False,4.600328489542008,1.6494752168655396,-0.9727800488471985,1.4275052547454834,0.0,0.0,0.0,0.0
2569,0.0,,1755709108.0422251,False,4.645466655492783,1.629652738571167,-0.8769742846488953,1.4029372930526733,0.0,0.0,0.0,0.0
2570,0.0,,1755709108.0540435,False,5.16079112648964,1.4123204946517944,-0.6618896722793579,1.3877043724060059,0.0,0.0,0.0,0.0
2571,0.0,,1755709108.0631237,False,6.1355254840850835,1.3061805963516235,-0.38620272278785706,1.3540058135986328,0.0,0.0,0.0,0.0
2572,0.0,,1755709108.0759778,False,7.43852837562561,1.1513524055480957,-0.032677602022886276,1.3175042867660522,0.0,0.0,0.0,0.0
2573,0.0,,1755709108.0863895,False,8.875528399944306,0.892181396484375,0.38456398248672485,1.2808893918991089,0.0,0.0,0.0,0.0
2574,0.0,,1755709108.094195,False,9.53395294904709,0.5946034789085388,0.7396502494812012,1.234828233718872,0.0,0.0,0.0,0.0
2575,0.0,,1755709108.1005492,False,10.181824443340302,0.21551117300987244,1.0402864217758179,1.1774437427520752,0.0,0.0,0.0,0.0
2576,0.0,,1755709108.110519,False,9.73402361869812,-0.15686474740505219,1.2609317302703857,1.1494529247283936,0.0,0.0,0.0,0.0
2577,0.0,,1755709108.1217666,False,9.088136669397354,-0.45455682277679443,1.4465749263763428,1.1552526950836182,0.0,0.0,0.0,0.0
2578,0.0,,1755709108.1319566,False,8.002238556146622,-0.6504504680633545,1.5140972137451172,1.225726842880249,0.0,0.0,0.0,0.0
2579,0.0,,1755709108.1451297,False,7.0717325377464295,-0.8149903416633606,1.4381296634674072,1.3130310773849487,0.0,0.0,0.0,0.0
2580,0.0,,1755709108.1530905,False,6.353431330919266,-1.1556957960128784,1.0294702053070068,1.4999885559082031,0.0,0.0,0.0,0.0
2581,0.0,,1755709108.161331,False,5.777733188867569,-1.365695595741272,0.6405870318412781,1.6403757333755493,0.0,0.0,0.0,0.0
2582,0.0,,1755709108.175779,False,5.278044172525406,-1.4984352588653564,0.19746634364128113,1.774323582649231,0.0,0.0,0.0,0.0
2583,0.0,,1755709108.18482,False,5.001187866926194,-1.5235750675201416,-0.24531276524066925,1.816627025604248,0.0,0.0,0.0,0.0
2584,0.0,,1755709108.2004867,False,4.765653834342957,-1.396610140800476,-0.40109607577323914,1.8045363426208496,0.0,0.0,0.0,0.0
2585,0.0,,1755709108.2085824,False,5.047249892950059,-1.0531913042068481,-0.5155096650123596,1.7404742240905762,0.0,0.0,0.0,0.0
2586,0.0,,1755709108.2204504,False,4.974885921478272,-0.8382012844085693,-0.4995514750480652,1.738573431968689,0.0,0.0,0.0,0.0
2587,0.0,,1755709108.2387624,False,5.103945665359498,-0.610310435295105,-0.461462140083313,1.7105716466903687,0.0,0.0,0.0,0.0
2588,0.0,,1755709108.2486722,False,5.848010873794556,-0.3253744840621948,-0.257678359746933,1.663984775543213,0.0,0.0,0.0,0.0
2589,0.0,,1755709108.25731,False,7.619969816207886,-0.40307027101516724,0.0667097344994545,1.6112970113754272,0.0,0.0,0.0,0.0
2590,0.0,,1755709108.266854,False,8.165903291702271,-0.34541112184524536,0.27226123213768005,1.606674075126648,0.0,0.0,0.0,0.0
2592,0.0,,1755709108.2987103,False,9.670246868133546,-0.41946789622306824,0.5046888589859009,1.5708515644073486,0.0,0.0,0.0,0.0
2593,0.0,,1755709108.3174913,False,11.906089401841164,-0.4934818744659424,1.0796672105789185,1.5340474843978882,0.0,0.0,0.0,0.0
2594,0.0,,1755709108.3241837,False,11.516832069754601,-0.6039613485336304,1.3717840909957886,1.5312135219573975,0.0,0.0,0.0,0.0
2595,0.0,,1755709108.3412626,False,10.27698963224888,-0.6877833604812622,1.5805504322052002,1.5666139125823975,0.0,0.0,0.0,0.0
2596,0.0,,1755709108.3510704,False,9.426243728399276,-0.6751484274864197,1.6546911001205444,1.5589046478271484,0.0,0.0,0.0,0.0
2597,0.0,,1755709108.3638175,False,8.281536659002304,-0.7443841099739075,1.5973199605941772,1.5763154029846191,0.0,0.0,0.0,0.0
2598,0.0,,1755709108.3773675,False,6.921840333938599,-0.983439564704895,1.1393442153930664,1.6541301012039185,0.0,0.0,0.0,0.0
2599,0.0,,1755709108.3864582,False,7.069897681474686,-1.053318738937378,0.6171263456344604,1.6676931381225586,0.0,0.0,0.0,0.0
2600,0.0,,1755709108.394732,False,7.488132644891739,-1.101514458656311,0.2609407901763916,1.6652222871780396,0.0,0.0,0.0,0.0
2601,0.0,,1755709108.4027402,False,7.449263863563538,-1.055134892463684,-0.06427358835935593,1.6667828559875488,0.0,0.0,0.0,0.0
2602,0.0,,1755709108.4105117,False,7.293211033344269,-0.9835793972015381,-0.2398066371679306,1.6504080295562744,0.0,0.0,0.0,0.0
2603,0.0,,1755709108.4256496,False,6.8854215359687805,-0.8823920488357544,-0.32298043370246887,1.6508084535598755,0.0,0.0,0.0,0.0
2604,0.0,,1755709108.4333222,False,6.677009228467941,-0.8036349415779114,-0.3292844593524933,1.6799395084381104,0.0,0.0,0.0,0.0
2605,0.0,,1755709108.4441195,False,7.0071745991706855,-0.6755996346473694,-0.17616571485996246,1.7236815690994263,0.0,0.0,0.0,0.0
2606,0.0,,1755709108.4550886,False,8.056789569854736,-0.47097715735435486,0.09430129826068878,1.7632428407669067,0.0,0.0,0.0,0.0
2607,0.0,,1755709108.463817,False,9.274916617870332,-0.28636401891708374,0.3252524137496948,1.7933491468429565,0.0,0.0,0.0,0.0
2608,0.0,,1755709108.4734178,False,10.812946003675462,-0.05666692554950714,0.6299152970314026,1.8047764301300049,0.0,0.0,0.0,0.0
2609,0.0,,1755709108.4877474,False,11.710122308135034,0.12478064745664597,0.8690890669822693,1.7925547361373901,0.0,0.0,0.0,0.0
2610,0.0,,1755709108.5026712,False,12.6798374158144,0.26917701959609985,1.102202296257019,1.7232314348220825,0.0,0.0,0.0,0.0
2611,0.0,,1755709108.5107696,False,13.151092007160187,0.3313106596469879,1.3054604530334473,1.6586130857467651,0.0,0.0,0.0,0.0
2612,0.0,,1755709108.5189059,False,13.320417432188988,0.38696449995040894,1.467555284500122,1.5747133493423462,0.0,0.0,0.0,0.0
2613,0.0,,1755709108.5258098,False,13.431487047672272,0.3396914303302765,1.7034986019134521,1.513303518295288,0.0,0.0,0.0,0.0
2614,0.0,,1755709108.5319128,False,13.13624066412449,0.20336146652698517,1.9384758472442627,1.4623998403549194,0.0,0.0,0.0,0.0
2615,0.0,,1755709108.541003,False,12.337933174967766,0.02382090874016285,1.997520923614502,1.4022243022918701,0.0,0.0,0.0,0.0
2616,0.0,,1755709108.5481472,False,10.741781296133995,-0.3153262734413147,1.7806657552719116,1.3570396900177002,0.0,0.0,0.0,0.0
2617,0.0,,1755709108.5591996,False,9.784948189258577,-0.635093629360199,1.3711202144622803,1.3414299488067627,0.0,0.0,0.0,0.0
2618,0.0,,1755709108.5762804,False,9.54872769355774,-1.0955705642700195,0.6800028085708618,1.3526384830474854,0.0,0.0,0.0,0.0
2619,0.0,,1755709108.5830708,False,9.43578053712845,-1.3981257677078247,-0.08554141968488693,1.3773523569107056,0.0,0.0,0.0,0.0
2620,0.0,,1755709108.5891724,False,8.798149856328966,-1.4504375457763672,-0.5446020364761353,1.3737547397613525,0.0,0.0,0.0,0.0
2621,0.0,,1755709108.5990448,False,7.930094439983368,-1.3746474981307983,-0.8538690209388733,1.3794560432434082,0.0,0.0,0.0,0.0
2622,0.0,,1755709108.608788,False,6.702111325263977,-1.2835233211517334,-1.0763611793518066,1.4225122928619385,0.0,0.0,0.0,0.0
2623,0.0,,1755709108.618488,False,5.946014885902405,-1.03138267993927,-1.0691527128219604,1.4656118154525757,0.0,0.0,0.0,0.0
2624,0.0,,1755709108.6291196,False,5.96023180603981,-0.6551949977874756,-0.9067773222923279,1.539377212524414,0.0,0.0,0.0,0.0
2625,0.0,,1755709108.6390607,False,6.590411964654923,-0.2595005929470062,-0.6429493427276611,1.6074461936950684,0.0,0.0,0.0,0.0
2626,0.0,,1755709108.6508307,False,7.792957352399826,0.3649095892906189,-0.18250414729118347,1.6945592164993286,0.0,0.0,0.0,0.0
2627,0.0,,1755709108.6594605,False,8.85687578201294,0.9001572728157043,0.18962785601615906,1.7347875833511353,0.0,0.0,0.0,0.0
2628,0.0,,1755709108.6699781,False,10.46826024234295,1.2704726457595825,0.6168529987335205,1.7032136917114258,0.0,0.0,0.0,0.0
2629,0.0,,1755709108.6788356,False,12.44118915617466,1.4915343523025513,1.0034925937652588,1.6201647520065308,0.0,0.0,0.0,0.0
2630,0.0,,1755709108.691322,False,13.373901329040528,1.427032470703125,1.2613303661346436,1.5375032424926758,0.0,0.0,0.0,0.0
2631,0.0,,1755709108.7005744,False,14.565473831892014,1.0709235668182373,1.7350692749023438,1.3482873439788818,0.0,0.0,0.0,0.0
2632,0.0,,1755709108.70896,False,14.547771386504174,0.5674996972084045,2.070932388305664,1.1395912170410156,0.0,0.0,0.0,0.0
2633,0.0,,1755709108.7222755,False,12.436690308451654,-0.11686351150274277,2.327690601348877,0.7824686765670776,0.0,0.0,0.0,0.0
2634,0.0,,1755709108.7328682,False,9.495715667009355,-0.7831011414527893,2.1835250854492188,0.4236763119697571,0.0,0.0,0.0,0.0
2635,0.0,,1755709108.742985,False,7.038098183870316,-1.4434912204742432,1.2835094928741455,0.24238242208957672,0.0,0.0,0.0,0.0
2636,0.0,,1755709108.75325,False,6.347960675954819,-1.891730546951294,-0.18584880232810974,0.38876986503601074,0.0,0.0,0.0,0.0
2637,0.0,,1755709108.7623193,False,6.386974468231202,-2.1089694499969482,-1.1539486646652222,0.5806605815887451,0.0,0.0,0.0,0.0
2638,0.0,,1755709108.772342,False,6.2461629903316505,-2.224346399307251,-1.9999948740005493,0.7465322613716125,0.0,0.0,0.0,0.0
2639,0.0,,1755709108.7788312,False,5.303660824298859,-2.234814405441284,-2.400087594985962,0.8734642863273621,0.0,0.0,0.0,0.0
2640,0.0,,1755709108.7930126,False,4.524518169164658,-2.2330870628356934,-2.5431270599365234,0.9959349632263184,0.0,0.0,0.0,0.0
2641,0.0,,1755709108.8047864,False,3.93421017408371,-1.9722766876220703,-2.461965799331665,1.1701055765151978,0.0,0.0,0.0,0.0
2642,0.0,,1755709108.8116853,False,3.6052352964878085,-1.7916746139526367,-2.3718907833099365,1.3501452207565308,0.0,0.0,0.0,0.0
2643,0.0,,1755709108.8304868,False,3.6520329022407534,-1.4377245903015137,-2.123501777648926,1.5004727840423584,0.0,0.0,0.0,0.0
2644,0.0,,1755709108.8384688,False,4.080838462114334,-0.8806829452514648,-1.7811731100082397,1.65413498878479,0.0,0.0,0.0,0.0
2645,0.0,,1755709108.8491151,False,4.6643636870384215,-0.26659324765205383,-1.4076529741287231,1.7626245021820068,0.0,0.0,0.0,0.0
2646,0.0,,1755709116.0220728,False,5.788688532114029,-0.30812495946884155,-0.3410612642765045,-0.06971034407615662,0.0,0.0,0.0,0.0
2647,0.0,,1755709116.0408897,False,0.0,-5.620948314666748,7.955341339111328,3.9958226680755615,0.0,0.0,0.0,0.0
2648,0.0,,1755709116.0492654,False,13.384238621592523,-0.7732488512992859,0.09692317992448807,0.3329648971557617,0.0,0.0,0.0,0.0
2649,0.0,,1755709116.0561664,False,0.0,7.970762729644775,7.0956573486328125,-3.9958295822143555,0.0,0.0,0.0,0.0
2650,0.0,,1755709116.0623739,False,11.204069182276726,-0.2935195565223694,2.225555658340454,0.48540571331977844,0.0,0.0,0.0,0.0
2651,0.0,,1755709116.0708718,False,0.0004362022876739502,1.826308012008667,3.5146777629852295,-3.451286792755127,0.0,0.0,0.0,0.0
2652,0.0,,1755709116.0806503,False,0.0,-7.326930046081543,-7.932118892669678,-2.8779168128967285,0.0,0.0,0.0,0.0
2653,0.0,,1755709116.0905652,False,0.0007928824424743653,3.339472532272339,-4.805177688598633,-3.6207571029663086,0.0,0.0,0.0,0.0
2654,0.0,,1755709116.101072,False,7.676531102657319,1.3246800899505615,-0.5030471682548523,-0.43266192078590393,0.0,0.0,0.0,0.0
2655,0.0,,1755709116.1102355,False,0.0011355292797088623,-2.5578761100769043,6.350304126739502,3.812467098236084,0.0,0.0,0.0,0.0
2656,0.0,,1755709116.1218317,False,11.462740062475206,1.8385682106018066,-1.4836217164993286,-0.5587155222892761,0.0,0.0,0.0,0.0
2657,0.0,,1755709116.132478,False,11.147557012438774,-0.7983781695365906,0.7299069166183472,-0.6010977625846863,0.0,0.0,0.0,0.0
2658,0.0,,1755709116.1407666,False,15.819506584703923,1.0656023025512695,0.40600714087486267,0.4954429864883423,0.0,0.0,0.0,0.0
2659,0.0,,1755709116.1500072,False,10.26742534160614,0.09755706787109375,-0.23026320338249207,0.24401718378067017,0.0,0.0,0.0,0.0
2660,0.0,,1755709116.1601498,False,17.638035383820533,0.283243328332901,0.4925635755062103,0.3729727566242218,0.0,0.0,0.0,0.0
2661,0.0,,1755709116.169499,False,13.098924318552017,0.19719459116458893,-0.5002074837684631,0.3927317261695862,0.0,0.0,0.0,0.0
2662,0.0,,1755709116.1814249,False,14.520770114064216,0.13257485628128052,-0.8801515698432922,0.5550870895385742,0.0,0.0,0.0,0.0
2663,0.0,,1755709116.1939228,False,14.623345479369164,0.626558780670166,-0.4135802686214447,0.3024314343929291,0.0,0.0,0.0,0.0
2664,0.0,,1755709116.2041748,False,13.744239410161972,-0.01421427633613348,-0.6527048945426941,0.5716977119445801,0.0,0.0,0.0,0.0
2665,0.0,,1755709116.2128499,False,13.272084932327271,0.05917808413505554,-0.3066472113132477,0.6314459443092346,0.0,0.0,0.0,0.0
2666,0.0,,1755709116.2192192,False,13.38994667351246,0.14405275881290436,-0.08840058743953705,0.700045108795166,0.0,0.0,0.0,0.0
2667,0.0,,1755709116.2295847,False,12.773732589483261,0.3595641255378723,-0.03246845304965973,0.6159200668334961,0.0,0.0,0.0,0.0
2668,0.0,,1755709116.239322,False,13.603703336119652,0.47959718108177185,0.1760481297969818,0.6391554474830627,0.0,0.0,0.0,0.0
2669,0.0,,1755709116.2509806,False,13.750810511112213,0.51596999168396,0.23840448260307312,0.6386709213256836,0.0,0.0,0.0,0.0
2670,0.0,,1755709116.260607,False,13.62558478653431,0.40233129262924194,0.20855973660945892,0.689750611782074,0.0,0.0,0.0,0.0
2671,0.0,,1755709116.270054,False,13.236188875436783,0.2099638134241104,0.14650310575962067,0.7650102376937866,0.0,0.0,0.0,0.0
2672,0.0,,1755709116.279639,False,12.144626564383508,-0.03990880772471428,-0.012769374065101147,0.8409585952758789,0.0,0.0,0.0,0.0
2673,0.0,,1755709116.289554,False,11.069801908135414,-0.2888745665550232,-0.12608608603477478,0.915944516658783,0.0,0.0,0.0,0.0
2674,0.0,,1755709116.2996237,False,9.578493529558182,-0.5153509974479675,-0.25805437564849854,1.0065932273864746,0.0,0.0,0.0,0.0
2675,0.0,,1755709116.310419,False,8.730026285648346,-0.5964666604995728,-0.29985693097114563,1.070420503616333,0.0,0.0,0.0,0.0
2676,0.0,,1755709116.3240757,False,7.624718924760819,-0.6249409914016724,-0.4046818017959595,1.120232105255127,0.0,0.0,0.0,0.0
2677,0.0,,1755709116.3316705,False,7.685031784772874,-0.46778929233551025,-0.39586010575294495,1.1494197845458984,0.0,0.0,0.0,0.0
2678,0.0,,1755709116.341229,False,7.75628010749817,-0.3513137996196747,-0.4204666316509247,1.1459351778030396,0.0,0.0,0.0,0.0
2679,0.0,,1755709116.3508894,False,7.80942194223404,-0.1565142273902893,-0.5188420414924622,1.133600115776062,0.0,0.0,0.0,0.0
2680,0.0,,1755709116.3605568,False,7.800391502380371,-0.03275371342897415,-0.5691816210746765,1.115246295928955,0.0,0.0,0.0,0.0
2681,0.0,,1755709116.3703334,False,7.903670872449875,0.15582509338855743,-0.5378050804138184,1.054052472114563,0.0,0.0,0.0,0.0
2682,0.0,,1755709116.3804126,False,8.342601470947265,0.23738083243370056,-0.41933465003967285,1.0477674007415771,0.0,0.0,0.0,0.0
2683,0.0,,1755709116.3919814,False,8.553126962184907,0.2981446385383606,-0.30756765604019165,1.0473417043685913,0.0,0.0,0.0,0.0
2684,0.0,,1755709116.4009817,False,9.085510100126267,0.3246835768222809,-0.03182227537035942,0.9973957538604736,0.0,0.0,0.0,0.0
2685,0.0,,1755709116.4108782,False,9.61083097100258,0.29533320665359497,0.15387296676635742,0.9700376987457275,0.0,0.0,0.0,0.0
2686,0.0,,1755709116.420394,False,10.042664803862571,0.18832358717918396,0.3489699065685272,0.9566101431846619,0.0,0.0,0.0,0.0
2687,0.0,,1755709116.4306338,False,10.140226181745529,0.1126164048910141,0.5008188486099243,0.9343678951263428,0.0,0.0,0.0,0.0
2688,0.0,,1755709116.4409068,False,9.978231410980225,0.03716929256916046,0.6865184307098389,0.84467613697052,0.0,0.0,0.0,0.0
2689,0.0,,1755709116.451121,False,9.748099036216736,-0.04715192690491676,0.7218435406684875,0.8082401156425476,0.0,0.0,0.0,0.0
2690,0.0,,1755709116.4607623,False,8.261474862098694,-0.08345171064138412,0.7947996854782104,0.7103098630905151,0.0,0.0,0.0,0.0
2691,0.0,,1755709116.4707153,False,7.426150989532471,-0.08104226738214493,0.6404773592948914,0.6695565581321716,0.0,0.0,0.0,0.0
2692,0.0,,1755709116.4811165,False,6.967613507509232,-0.08186996728181839,0.5063643455505371,0.6204314827919006,0.0,0.0,0.0,0.0
2693,0.0,,1755709116.4903157,False,6.517822290658951,-0.05373791605234146,0.23224742710590363,0.6024831533432007,0.0,0.0,0.0,0.0
2694,0.0,,1755709116.5020397,False,6.151840385198594,-0.04794105887413025,-0.02744617499411106,0.5553429126739502,0.0,0.0,0.0,0.0
2695,0.0,,1755709116.5100656,False,6.218274110555649,-0.03405730426311493,-0.18072038888931274,0.5316526293754578,0.0,0.0,0.0,0.0
2696,0.0,,1755709116.5203977,False,6.141366852521896,0.003625317942351103,-0.39639973640441895,0.4985586702823639,0.0,0.0,0.0,0.0
2697,0.0,,1755709116.53115,False,6.211993031501771,0.037252794951200485,-0.49883607029914856,0.4824981093406677,0.0,0.0,0.0,0.0
2698,0.0,,1755709116.5406525,False,6.505793398618699,0.12463332712650299,-0.5429697036743164,0.4984409809112549,0.0,0.0,0.0,0.0
2699,0.0,,1755709116.5520756,False,7.174175755977631,0.2532563805580139,-0.45146143436431885,0.4805925488471985,0.0,0.0,0.0,0.0
2700,0.0,,1755709116.5643804,False,9.980583161115646,0.27345046401023865,-0.33494797348976135,0.591577410697937,0.0,0.0,0.0,0.0
2701,0.0,,1755709116.5713162,False,12.046313234567643,0.1905450075864792,-0.19767823815345764,0.7255533337593079,0.0,0.0,0.0,0.0
2702,0.0,,1755709116.584091,False,11.798864330649376,0.34013593196868896,0.2229153960943222,0.6873076558113098,0.0,0.0,0.0,0.0
2703,0.0,,1755709116.591765,False,10.454752589464189,0.6530025601387024,0.5335275530815125,0.5633323788642883,0.0,0.0,0.0,0.0
2704,0.0,,1755709116.601061,False,10.066117985844613,0.931840717792511,0.8450707197189331,0.44493618607521057,0.0,0.0,0.0,0.0
2705,0.0,,1755709116.6106682,False,9.605618762969971,1.1318550109863281,1.2375304698944092,0.3477354943752289,0.0,0.0,0.0,0.0
2706,0.0,,1755709116.621341,False,9.356332079172136,1.089854121208191,1.5440785884857178,0.2586629092693329,0.0,0.0,0.0,0.0
2707,0.0,,1755709116.6309848,False,9.756071130037308,0.8733236789703369,1.7059941291809082,0.19365282356739044,0.0,0.0,0.0,0.0
2708,0.0,,1755709116.6412063,False,10.242432003021241,0.6347471475601196,1.8006418943405151,0.15989962220191956,0.0,0.0,0.0,0.0
2709,0.0,,1755709116.6563873,False,11.225648916363717,0.26097211241722107,1.6201204061508179,0.1829754114151001,0.0,0.0,0.0,0.0
2710,0.0,,1755709116.6624026,False,12.664683187007904,-0.0654781311750412,1.2902723550796509,0.2419322431087494,0.0,0.0,0.0,0.0
2711,0.0,,1755709116.6711776,False,14.661001548171043,-0.5006508827209473,0.5809059143066406,0.38133272528648376,0.0,0.0,0.0,0.0
2712,0.0,,1755709116.681094,False,15.048953197002412,-0.9300761818885803,-0.10830617696046829,0.5284683108329773,0.0,0.0,0.0,0.0
2713,0.0,,1755709116.6909218,False,13.720884461402894,-1.1067042350769043,-0.5053619146347046,0.6207748055458069,0.0,0.0,0.0,0.0
2714,0.0,,1755709116.7011395,False,11.033788322210313,-0.9695727825164795,-0.9033568501472473,0.658394455909729,0.0,0.0,0.0,0.0
2715,0.0,,1755709116.7110064,False,9.06668908238411,-0.5853471159934998,-1.038053035736084,0.6276310682296753,0.0,0.0,0.0,0.0
2716,0.0,,1755709116.7211595,False,8.143102658987045,-0.01618092507123947,-1.0138449668884277,0.534399151802063,0.0,0.0,0.0,0.0
2717,0.0,,1755709116.7313588,False,8.31045815706253,0.32528606057167053,-0.8324726223945618,0.46271780133247375,0.0,0.0,0.0,0.0
2718,0.0,,1755709116.741212,False,8.568082970380784,0.4222753047943115,-0.5565124750137329,0.4497202932834625,0.0,0.0,0.0,0.0
2719,0.0,,1755709116.7520287,False,9.043302558660507,0.43932995200157166,-0.1185162365436554,0.4000418782234192,0.0,0.0,0.0,0.0
2720,0.0,,1755709116.7610404,False,9.2294042301178,0.48418375849723816,0.24646398425102234,0.32411783933639526,0.0,0.0,0.0,0.0
2721,0.0,,1755709116.771889,False,9.237363460063936,0.4857020676136017,0.5998223423957825,0.22771309316158295,0.0,0.0,0.0,0.0
2722,0.0,,1755709116.7807808,False,9.028661130666734,0.3997434675693512,0.8226099610328674,0.15315556526184082,0.0,0.0,0.0,0.0
2723,0.0,,1755709116.7910867,False,9.029297307729722,0.2560593783855438,0.9377177357673645,0.03928324580192566,0.0,0.0,0.0,0.0
2654,0.0,,1755709116.101072,False,7.676531102657319,1.3246800899505615,-0.5030471682548523,-0.43266192078590393,0.0,0.0,0.0,0.0
2655,0.0,,1755709116.1102355,False,0.0011355292797088623,-2.5578761100769043,6.350304126739502,3.812467098236084,0.0,0.0,0.0,0.0
2656,0.0,,1755709116.1218317,False,11.462740062475206,1.8385682106018066,-1.4836217164993286,-0.5587155222892761,0.0,0.0,0.0,0.0
2657,0.0,,1755709116.132478,False,11.147557012438774,-0.7983781695365906,0.7299069166183472,-0.6010977625846863,0.0,0.0,0.0,0.0
2658,0.0,,1755709116.1407666,False,15.819506584703923,1.0656023025512695,0.40600714087486267,0.4954429864883423,0.0,0.0,0.0,0.0
2659,0.0,,1755709116.1500072,False,10.26742534160614,0.09755706787109375,-0.23026320338249207,0.24401718378067017,0.0,0.0,0.0,0.0
2660,0.0,,1755709116.1601498,False,17.638035383820533,0.283243328332901,0.4925635755062103,0.3729727566242218,0.0,0.0,0.0,0.0
2661,0.0,,1755709116.169499,False,13.098924318552017,0.19719459116458893,-0.5002074837684631,0.3927317261695862,0.0,0.0,0.0,0.0
2662,0.0,,1755709116.1814249,False,14.520770114064216,0.13257485628128052,-0.8801515698432922,0.5550870895385742,0.0,0.0,0.0,0.0
2663,0.0,,1755709116.1939228,False,14.623345479369164,0.626558780670166,-0.4135802686214447,0.3024314343929291,0.0,0.0,0.0,0.0
2664,0.0,,1755709116.2041748,False,13.744239410161972,-0.01421427633613348,-0.6527048945426941,0.5716977119445801,0.0,0.0,0.0,0.0
2665,0.0,,1755709116.2128499,False,13.272084932327271,0.05917808413505554,-0.3066472113132477,0.6314459443092346,0.0,0.0,0.0,0.0
2666,0.0,,1755709116.2192192,False,13.38994667351246,0.14405275881290436,-0.08840058743953705,0.700045108795166,0.0,0.0,0.0,0.0
2667,0.0,,1755709116.2295847,False,12.773732589483261,0.3595641255378723,-0.03246845304965973,0.6159200668334961,0.0,0.0,0.0,0.0
2668,0.0,,1755709116.239322,False,13.603703336119652,0.47959718108177185,0.1760481297969818,0.6391554474830627,0.0,0.0,0.0,0.0
2669,0.0,,1755709116.2509806,False,13.750810511112213,0.51596999168396,0.23840448260307312,0.6386709213256836,0.0,0.0,0.0,0.0
2670,0.0,,1755709116.260607,False,13.62558478653431,0.40233129262924194,0.20855973660945892,0.689750611782074,0.0,0.0,0.0,0.0
2671,0.0,,1755709116.270054,False,13.236188875436783,0.2099638134241104,0.14650310575962067,0.7650102376937866,0.0,0.0,0.0,0.0
2672,0.0,,1755709116.279639,False,12.144626564383508,-0.03990880772471428,-0.012769374065101147,0.8409585952758789,0.0,0.0,0.0,0.0
2673,0.0,,1755709116.289554,False,11.069801908135414,-0.2888745665550232,-0.12608608603477478,0.915944516658783,0.0,0.0,0.0,0.0
2674,0.0,,1755709116.2996237,False,9.578493529558182,-0.5153509974479675,-0.25805437564849854,1.0065932273864746,0.0,0.0,0.0,0.0
2675,0.0,,1755709116.310419,False,8.730026285648346,-0.5964666604995728,-0.29985693097114563,1.070420503616333,0.0,0.0,0.0,0.0
2676,0.0,,1755709116.3240757,False,7.624718924760819,-0.6249409914016724,-0.4046818017959595,1.120232105255127,0.0,0.0,0.0,0.0
2677,0.0,,1755709116.3316705,False,7.685031784772874,-0.46778929233551025,-0.39586010575294495,1.1494197845458984,0.0,0.0,0.0,0.0
2678,0.0,,1755709116.341229,False,7.75628010749817,-0.3513137996196747,-0.4204666316509247,1.1459351778030396,0.0,0.0,0.0,0.0
2679,0.0,,1755709116.3508894,False,7.80942194223404,-0.1565142273902893,-0.5188420414924622,1.133600115776062,0.0,0.0,0.0,0.0
2680,0.0,,1755709116.3605568,False,7.800391502380371,-0.03275371342897415,-0.5691816210746765,1.115246295928955,0.0,0.0,0.0,0.0
2681,0.0,,1755709116.3703334,False,7.903670872449875,0.15582509338855743,-0.5378050804138184,1.054052472114563,0.0,0.0,0.0,0.0
2682,0.0,,1755709116.3804126,False,8.342601470947265,0.23738083243370056,-0.41933465003967285,1.0477674007415771,0.0,0.0,0.0,0.0
2683,0.0,,1755709116.3919814,False,8.553126962184907,0.2981446385383606,-0.30756765604019165,1.0473417043685913,0.0,0.0,0.0,0.0
2684,0.0,,1755709116.4009817,False,9.085510100126267,0.3246835768222809,-0.03182227537035942,0.9973957538604736,0.0,0.0,0.0,0.0
2685,0.0,,1755709116.4108782,False,9.61083097100258,0.29533320665359497,0.15387296676635742,0.9700376987457275,0.0,0.0,0.0,0.0
2686,0.0,,1755709116.420394,False,10.042664803862571,0.18832358717918396,0.3489699065685272,0.9566101431846619,0.0,0.0,0.0,0.0
2687,0.0,,1755709116.4306338,False,10.140226181745529,0.1126164048910141,0.5008188486099243,0.9343678951263428,0.0,0.0,0.0,0.0
2688,0.0,,1755709116.4409068,False,9.978231410980225,0.03716929256916046,0.6865184307098389,0.84467613697052,0.0,0.0,0.0,0.0
2689,0.0,,1755709116.451121,False,9.748099036216736,-0.04715192690491676,0.7218435406684875,0.8082401156425476,0.0,0.0,0.0,0.0
2690,0.0,,1755709116.4607623,False,8.261474862098694,-0.08345171064138412,0.7947996854782104,0.7103098630905151,0.0,0.0,0.0,0.0
2691,0.0,,1755709116.4707153,False,7.426150989532471,-0.08104226738214493,0.6404773592948914,0.6695565581321716,0.0,0.0,0.0,0.0
2692,0.0,,1755709116.4811165,False,6.967613507509232,-0.08186996728181839,0.5063643455505371,0.6204314827919006,0.0,0.0,0.0,0.0
2693,0.0,,1755709116.4903157,False,6.517822290658951,-0.05373791605234146,0.23224742710590363,0.6024831533432007,0.0,0.0,0.0,0.0
2694,0.0,,1755709116.5020397,False,6.151840385198594,-0.04794105887413025,-0.02744617499411106,0.5553429126739502,0.0,0.0,0.0,0.0
2695,0.0,,1755709116.5100656,False,6.218274110555649,-0.03405730426311493,-0.18072038888931274,0.5316526293754578,0.0,0.0,0.0,0.0
2696,0.0,,1755709116.5203977,False,6.141366852521896,0.003625317942351103,-0.39639973640441895,0.4985586702823639,0.0,0.0,0.0,0.0
2697,0.0,,1755709116.53115,False,6.211993031501771,0.037252794951200485,-0.49883607029914856,0.4824981093406677,0.0,0.0,0.0,0.0
2698,0.0,,1755709116.5406525,False,6.505793398618699,0.12463332712650299,-0.5429697036743164,0.4984409809112549,0.0,0.0,0.0,0.0
2699,0.0,,1755709116.5520756,False,7.174175755977631,0.2532563805580139,-0.45146143436431885,0.4805925488471985,0.0,0.0,0.0,0.0
2700,0.0,,1755709116.5643804,False,9.980583161115646,0.27345046401023865,-0.33494797348976135,0.591577410697937,0.0,0.0,0.0,0.0
2701,0.0,,1755709116.5713162,False,12.046313234567643,0.1905450075864792,-0.19767823815345764,0.7255533337593079,0.0,0.0,0.0,0.0
2702,0.0,,1755709116.584091,False,11.798864330649376,0.34013593196868896,0.2229153960943222,0.6873076558113098,0.0,0.0,0.0,0.0
2703,0.0,,1755709116.591765,False,10.454752589464189,0.6530025601387024,0.5335275530815125,0.5633323788642883,0.0,0.0,0.0,0.0
2704,0.0,,1755709116.601061,False,10.066117985844613,0.931840717792511,0.8450707197189331,0.44493618607521057,0.0,0.0,0.0,0.0
2705,0.0,,1755709116.6106682,False,9.605618762969971,1.1318550109863281,1.2375304698944092,0.3477354943752289,0.0,0.0,0.0,0.0
2706,0.0,,1755709116.621341,False,9.356332079172136,1.089854121208191,1.5440785884857178,0.2586629092693329,0.0,0.0,0.0,0.0
2707,0.0,,1755709116.6309848,False,9.756071130037308,0.8733236789703369,1.7059941291809082,0.19365282356739044,0.0,0.0,0.0,0.0
2708,0.0,,1755709116.6412063,False,10.242432003021241,0.6347471475601196,1.8006418943405151,0.15989962220191956,0.0,0.0,0.0,0.0
2709,0.0,,1755709116.6563873,False,11.225648916363717,0.26097211241722107,1.6201204061508179,0.1829754114151001,0.0,0.0,0.0,0.0
2710,0.0,,1755709116.6624026,False,12.664683187007904,-0.0654781311750412,1.2902723550796509,0.2419322431087494,0.0,0.0,0.0,0.0
2711,0.0,,1755709116.6711776,False,14.661001548171043,-0.5006508827209473,0.5809059143066406,0.38133272528648376,0.0,0.0,0.0,0.0
2712,0.0,,1755709116.681094,False,15.048953197002412,-0.9300761818885803,-0.10830617696046829,0.5284683108329773,0.0,0.0,0.0,0.0
2713,0.0,,1755709116.6909218,False,13.720884461402894,-1.1067042350769043,-0.5053619146347046,0.6207748055458069,0.0,0.0,0.0,0.0
2714,0.0,,1755709116.7011395,False,11.033788322210313,-0.9695727825164795,-0.9033568501472473,0.658394455909729,0.0,0.0,0.0,0.0
2715,0.0,,1755709116.7110064,False,9.06668908238411,-0.5853471159934998,-1.038053035736084,0.6276310682296753,0.0,0.0,0.0,0.0
2716,0.0,,1755709116.7211595,False,8.143102658987045,-0.01618092507123947,-1.0138449668884277,0.534399151802063,0.0,0.0,0.0,0.0
2654,0.0,,1755709116.101072,False,7.676531102657319,1.3246800899505615,-0.5030471682548523,-0.43266192078590393,0.0,0.0,0.0,0.0
2655,0.0,,1755709116.1102355,False,0.0011355292797088623,-2.5578761100769043,6.350304126739502,3.812467098236084,0.0,0.0,0.0,0.0
2656,0.0,,1755709116.1218317,False,11.462740062475206,1.8385682106018066,-1.4836217164993286,-0.5587155222892761,0.0,0.0,0.0,0.0
2657,0.0,,1755709116.132478,False,11.147557012438774,-0.7983781695365906,0.7299069166183472,-0.6010977625846863,0.0,0.0,0.0,0.0
2658,0.0,,1755709116.1407666,False,15.819506584703923,1.0656023025512695,0.40600714087486267,0.4954429864883423,0.0,0.0,0.0,0.0
2659,0.0,,1755709116.1500072,False,10.26742534160614,0.09755706787109375,-0.23026320338249207,0.24401718378067017,0.0,0.0,0.0,0.0
2660,0.0,,1755709116.1601498,False,17.638035383820533,0.283243328332901,0.4925635755062103,0.3729727566242218,0.0,0.0,0.0,0.0
2661,0.0,,1755709116.169499,False,13.098924318552017,0.19719459116458893,-0.5002074837684631,0.3927317261695862,0.0,0.0,0.0,0.0
2662,0.0,,1755709116.1814249,False,14.520770114064216,0.13257485628128052,-0.8801515698432922,0.5550870895385742,0.0,0.0,0.0,0.0
2663,0.0,,1755709116.1939228,False,14.623345479369164,0.626558780670166,-0.4135802686214447,0.3024314343929291,0.0,0.0,0.0,0.0
2664,0.0,,1755709116.2041748,False,13.744239410161972,-0.01421427633613348,-0.6527048945426941,0.5716977119445801,0.0,0.0,0.0,0.0
2665,0.0,,1755709116.2128499,False,13.272084932327271,0.05917808413505554,-0.3066472113132477,0.6314459443092346,0.0,0.0,0.0,0.0
2666,0.0,,1755709116.2192192,False,13.38994667351246,0.14405275881290436,-0.08840058743953705,0.700045108795166,0.0,0.0,0.0,0.0
2667,0.0,,1755709116.2295847,False,12.773732589483261,0.3595641255378723,-0.03246845304965973,0.6159200668334961,0.0,0.0,0.0,0.0
2668,0.0,,1755709116.239322,False,13.603703336119652,0.47959718108177185,0.1760481297969818,0.6391554474830627,0.0,0.0,0.0,0.0
2669,0.0,,1755709116.2509806,False,13.750810511112213,0.51596999168396,0.23840448260307312,0.6386709213256836,0.0,0.0,0.0,0.0
2670,0.0,,1755709116.260607,False,13.62558478653431,0.40233129262924194,0.20855973660945892,0.689750611782074,0.0,0.0,0.0,0.0
2671,0.0,,1755709116.270054,False,13.236188875436783,0.2099638134241104,0.14650310575962067,0.7650102376937866,0.0,0.0,0.0,0.0
2672,0.0,,1755709116.279639,False,12.144626564383508,-0.03990880772471428,-0.012769374065101147,0.8409585952758789,0.0,0.0,0.0,0.0
2673,0.0,,1755709116.289554,False,11.069801908135414,-0.2888745665550232,-0.12608608603477478,0.915944516658783,0.0,0.0,0.0,0.0
2674,0.0,,1755709116.2996237,False,9.578493529558182,-0.5153509974479675,-0.25805437564849854,1.0065932273864746,0.0,0.0,0.0,0.0
2675,0.0,,1755709116.310419,False,8.730026285648346,-0.5964666604995728,-0.29985693097114563,1.070420503616333,0.0,0.0,0.0,0.0
2676,0.0,,1755709116.3240757,False,7.624718924760819,-0.6249409914016724,-0.4046818017959595,1.120232105255127,0.0,0.0,0.0,0.0
2677,0.0,,1755709116.3316705,False,7.685031784772874,-0.46778929233551025,-0.39586010575294495,1.1494197845458984,0.0,0.0,0.0,0.0
2678,0.0,,1755709116.341229,False,7.75628010749817,-0.3513137996196747,-0.4204666316509247,1.1459351778030396,0.0,0.0,0.0,0.0
2679,0.0,,1755709116.3508894,False,7.80942194223404,-0.1565142273902893,-0.5188420414924622,1.133600115776062,0.0,0.0,0.0,0.0
2680,0.0,,1755709116.3605568,False,7.800391502380371,-0.03275371342897415,-0.5691816210746765,1.115246295928955,0.0,0.0,0.0,0.0
2681,0.0,,1755709116.3703334,False,7.903670872449875,0.15582509338855743,-0.5378050804138184,1.054052472114563,0.0,0.0,0.0,0.0
2682,0.0,,1755709116.3804126,False,8.342601470947265,0.23738083243370056,-0.41933465003967285,1.0477674007415771,0.0,0.0,0.0,0.0
2683,0.0,,1755709116.3919814,False,8.553126962184907,0.2981446385383606,-0.30756765604019165,1.0473417043685913,0.0,0.0,0.0,0.0
2684,0.0,,1755709116.4009817,False,9.085510100126267,0.3246835768222809,-0.03182227537035942,0.9973957538604736,0.0,0.0,0.0,0.0
2685,0.0,,1755709116.4108782,False,9.61083097100258,0.29533320665359497,0.15387296676635742,0.9700376987457275,0.0,0.0,0.0,0.0
2686,0.0,,1755709116.420394,False,10.042664803862571,0.18832358717918396,0.3489699065685272,0.9566101431846619,0.0,0.0,0.0,0.0
2687,0.0,,1755709116.4306338,False,10.140226181745529,0.1126164048910141,0.5008188486099243,0.9343678951263428,0.0,0.0,0.0,0.0
2688,0.0,,1755709116.4409068,False,9.978231410980225,0.03716929256916046,0.6865184307098389,0.84467613697052,0.0,0.0,0.0,0.0
2689,0.0,,1755709116.451121,False,9.748099036216736,-0.04715192690491676,0.7218435406684875,0.8082401156425476,0.0,0.0,0.0,0.0
2690,0.0,,1755709116.4607623,False,8.261474862098694,-0.08345171064138412,0.7947996854782104,0.7103098630905151,0.0,0.0,0.0,0.0
2691,0.0,,1755709116.4707153,False,7.426150989532471,-0.08104226738214493,0.6404773592948914,0.6695565581321716,0.0,0.0,0.0,0.0
2692,0.0,,1755709116.4811165,False,6.967613507509232,-0.08186996728181839,0.5063643455505371,0.6204314827919006,0.0,0.0,0.0,0.0
2693,0.0,,1755709116.4903157,False,6.517822290658951,-0.05373791605234146,0.23224742710590363,0.6024831533432007,0.0,0.0,0.0,0.0
2694,0.0,,1755709116.5020397,False,6.151840385198594,-0.04794105887413025,-0.02744617499411106,0.5553429126739502,0.0,0.0,0.0,0.0
2695,0.0,,1755709116.5100656,False,6.218274110555649,-0.03405730426311493,-0.18072038888931274,0.5316526293754578,0.0,0.0,0.0,0.0
2696,0.0,,1755709116.5203977,False,6.141366852521896,0.003625317942351103,-0.39639973640441895,0.4985586702823639,0.0,0.0,0.0,0.0
2697,0.0,,1755709116.53115,False,6.211993031501771,0.037252794951200485,-0.49883607029914856,0.4824981093406677,0.0,0.0,0.0,0.0
2698,0.0,,1755709116.5406525,False,6.505793398618699,0.12463332712650299,-0.5429697036743164,0.4984409809112549,0.0,0.0,0.0,0.0
2699,0.0,,1755709116.5520756,False,7.174175755977631,0.2532563805580139,-0.45146143436431885,0.4805925488471985,0.0,0.0,0.0,0.0
2700,0.0,,1755709116.5643804,False,9.980583161115646,0.27345046401023865,-0.33494797348976135,0.591577410697937,0.0,0.0,0.0,0.0
2701,0.0,,1755709116.5713162,False,12.046313234567643,0.1905450075864792,-0.19767823815345764,0.7255533337593079,0.0,0.0,0.0,0.0
2702,0.0,,1755709116.584091,False,11.798864330649376,0.34013593196868896,0.2229153960943222,0.6873076558113098,0.0,0.0,0.0,0.0
2703,0.0,,1755709116.591765,False,10.454752589464189,0.6530025601387024,0.5335275530815125,0.5633323788642883,0.0,0.0,0.0,0.0
2704,0.0,,1755709116.601061,False,10.066117985844613,0.931840717792511,0.8450707197189331,0.44493618607521057,0.0,0.0,0.0,0.0
2705,0.0,,1755709116.6106682,False,9.605618762969971,1.1318550109863281,1.2375304698944092,0.3477354943752289,0.0,0.0,0.0,0.0
2706,0.0,,1755709116.621341,False,9.356332079172136,1.089854121208191,1.5440785884857178,0.2586629092693329,0.0,0.0,0.0,0.0
2707,0.0,,1755709116.6309848,False,9.756071130037308,0.8733236789703369,1.7059941291809082,0.19365282356739044,0.0,0.0,0.0,0.0
2708,0.0,,1755709116.6412063,False,10.242432003021241,0.6347471475601196,1.8006418943405151,0.15989962220191956,0.0,0.0,0.0,0.0
2709,0.0,,1755709116.6563873,False,11.225648916363717,0.26097211241722107,1.6201204061508179,0.1829754114151001,0.0,0.0,0.0,0.0
2710,0.0,,1755709116.6624026,False,12.664683187007904,-0.0654781311750412,1.2902723550796509,0.2419322431087494,0.0,0.0,0.0,0.0
2711,0.0,,1755709116.6711776,False,14.661001548171043,-0.5006508827209473,0.5809059143066406,0.38133272528648376,0.0,0.0,0.0,0.0
2712,0.0,,1755709116.681094,False,15.048953197002412,-0.9300761818885803,-0.10830617696046829,0.5284683108329773,0.0,0.0,0.0,0.0
2713,0.0,,1755709116.6909218,False,13.720884461402894,-1.1067042350769043,-0.5053619146347046,0.6207748055458069,0.0,0.0,0.0,0.0
2714,0.0,,1755709116.7011395,False,11.033788322210313,-0.9695727825164795,-0.9033568501472473,0.658394455909729,0.0,0.0,0.0,0.0
2715,0.0,,1755709116.7110064,False,9.06668908238411,-0.5853471159934998,-1.038053035736084,0.6276310682296753,0.0,0.0,0.0,0.0
2716,0.0,,1755709116.7211595,False,8.143102658987045,-0.01618092507123947,-1.0138449668884277,0.534399151802063,0.0,0.0,0.0,0.0
2717,0.0,,1755709116.7313588,False,8.31045815706253,0.32528606057167053,-0.8324726223945618,0.46271780133247375,0.0,0.0,0.0,0.0
2718,0.0,,1755709116.741212,False,8.568082970380784,0.4222753047943115,-0.5565124750137329,0.4497202932834625,0.0,0.0,0.0,0.0
2719,0.0,,1755709116.7520287,False,9.043302558660507,0.43932995200157166,-0.1185162365436554,0.4000418782234192,0.0,0.0,0.0,0.0
2720,0.0,,1755709116.7610404,False,9.2294042301178,0.48418375849723816,0.24646398425102234,0.32411783933639526,0.0,0.0,0.0,0.0
2721,0.0,,1755709116.771889,False,9.237363460063936,0.4857020676136017,0.5998223423957825,0.22771309316158295,0.0,0.0,0.0,0.0
2722,0.0,,1755709116.7807808,False,9.028661130666734,0.3997434675693512,0.8226099610328674,0.15315556526184082,0.0,0.0,0.0,0.0
2723,0.0,,1755709116.7910867,False,9.029297307729722,0.2560593783855438,0.9377177357673645,0.03928324580192566,0.0,0.0,0.0,0.0
2717,0.0,,1755709116.7313588,False,8.31045815706253,0.32528606057167053,-0.8324726223945618,0.46271780133247375,0.0,0.0,0.0,0.0
2718,0.0,,1755709116.741212,False,8.568082970380784,0.4222753047943115,-0.5565124750137329,0.4497202932834625,0.0,0.0,0.0,0.0
2719,0.0,,1755709116.7520287,False,9.043302558660507,0.43932995200157166,-0.1185162365436554,0.4000418782234192,0.0,0.0,0.0,0.0
2720,0.0,,1755709116.7610404,False,9.2294042301178,0.48418375849723816,0.24646398425102234,0.32411783933639526,0.0,0.0,0.0,0.0
2721,0.0,,1755709116.771889,False,9.237363460063936,0.4857020676136017,0.5998223423957825,0.22771309316158295,0.0,0.0,0.0,0.0
2722,0.0,,1755709116.7807808,False,9.028661130666734,0.3997434675693512,0.8226099610328674,0.15315556526184082,0.0,0.0,0.0,0.0
2723,0.0,,1755709116.7910867,False,9.029297307729722,0.2560593783855438,0.9377177357673645,0.03928324580192566,0.0,0.0,0.0,0.0
2724,0.0,,1755709116.8014238,False,9.255926030874253,0.03072083741426468,0.9050219655036926,0.005242940504103899,0.0,0.0,0.0,0.0
2725,0.0,,1755709116.8122134,False,9.777213492393495,-0.27147263288497925,0.7910295724868774,0.0500749908387661,0.0,0.0,0.0,0.0
2726,0.0,,1755709116.8218088,False,10.503778569102288,-0.6025347113609314,0.6294514536857605,0.14330799877643585,0.0,0.0,0.0,0.0
2727,0.0,,1755709116.831725,False,11.467055307626724,-1.0169169902801514,0.27446308732032776,0.29805830121040344,0.0,0.0,0.0,0.0
2728,0.0,,1755709116.8413205,False,10.770648415088655,-1.3681838512420654,0.14290228486061096,0.38135045766830444,0.0,0.0,0.0,0.0
2729,0.0,,1755709116.8529427,False,9.351296457052232,-1.6589142084121704,-0.08995148539543152,0.4865092635154724,0.0,0.0,0.0,0.0
2730,0.0,,1755709116.8596087,False,8.153199630975724,-1.7151374816894531,-0.2845408618450165,0.5672144293785095,0.0,0.0,0.0,0.0
2731,0.0,,1755709116.8701432,False,7.473119333982468,-1.5677248239517212,-0.48857778310775757,0.6395567655563354,0.0,0.0,0.0,0.0
2732,0.0,,1755709116.8801112,False,7.326706223487855,-1.29530930519104,-0.6083924174308777,0.6017038822174072,0.0,0.0,0.0,0.0
2733,0.0,,1755709116.890333,False,7.9593433821201325,-1.0128542184829712,-0.7562676668167114,0.5999377965927124,0.0,0.0,0.0,0.0
2734,0.0,,1755709116.899843,False,8.447937891483308,-0.6919576525688171,-0.8046097755432129,0.5587642192840576,0.0,0.0,0.0,0.0
2735,0.0,,1755709116.909923,False,8.7658673787117,-0.4811525046825409,-0.7713594436645508,0.5406166315078735,0.0,0.0,0.0,0.0
2736,0.0,,1755709116.9194689,False,9.300185945034027,-0.26397526264190674,-0.6309027075767517,0.5138542056083679,0.0,0.0,0.0,0.0
2737,0.0,,1755709116.929631,False,9.996123306155205,-0.19269566237926483,-0.38570207357406616,0.4966925084590912,0.0,0.0,0.0,0.0
2738,0.0,,1755709116.9396389,False,10.383449887633324,-0.15613336861133575,-0.14757663011550903,0.47984886169433594,0.0,0.0,0.0,0.0
2739,0.0,,1755709116.9506705,False,11.230477547049523,-0.11241238564252853,0.1265464723110199,0.44172900915145874,0.0,0.0,0.0,0.0
2740,0.0,,1755709116.9604065,False,11.502372490167618,-0.07568122446537018,0.2868416905403137,0.3941776752471924,0.0,0.0,0.0,0.0
2741,0.0,,1755709116.9709039,False,11.670830773115158,-0.0959649607539177,0.3853932321071625,0.3528020977973938,0.0,0.0,0.0,0.0
2742,0.0,,1755709116.980295,False,11.721040229201318,-0.15463368594646454,0.48994573950767517,0.33135735988616943,0.0,0.0,0.0,0.0
2743,0.0,,1755709116.9900343,False,11.64017265200615,-0.28487512469291687,0.5347430109977722,0.3770597279071808,0.0,0.0,0.0,0.0
2744,0.0,,1755709117.001569,False,11.427447438240051,-0.46028587222099304,0.4521765410900116,0.4521413743495941,0.0,0.0,0.0,0.0
2745,0.0,,1755709117.0103104,False,11.423390055298805,-0.63787841796875,0.41583219170570374,0.5558182597160339,0.0,0.0,0.0,0.0
2746,0.0,,1755709117.0206985,False,11.034489988088609,-0.8021609783172607,0.24005602300167084,0.683271586894989,0.0,0.0,0.0,0.0
2747,0.0,,1755709117.030098,False,10.47941731452942,-0.9094159603118896,0.016832666471600533,0.7985972166061401,0.0,0.0,0.0,0.0
2748,0.0,,1755709117.0401542,False,10.077949826717377,-0.8904095888137817,-0.11905775219202042,0.8883929252624512,0.0,0.0,0.0,0.0
2749,0.0,,1755709117.0508857,False,9.267772489786148,-0.7946120500564575,-0.26615363359451294,0.9639726877212524,0.0,0.0,0.0,0.0
2750,0.0,,1755709117.0604,False,8.962527952194215,-0.6496356725692749,-0.3153746724128723,1.0014550685882568,0.0,0.0,0.0,0.0
2751,0.0,,1755709117.0709279,False,8.831220538616181,-0.4715316593647003,-0.36100900173187256,1.0397279262542725,0.0,0.0,0.0,0.0
2752,0.0,,1755709117.080369,False,8.771042164564133,-0.3367617428302765,-0.39001840353012085,1.0490477085113525,0.0,0.0,0.0,0.0
2753,0.0,,1755709117.0901055,False,8.958528456687928,-0.22705867886543274,-0.40711382031440735,1.0730642080307007,0.0,0.0,0.0,0.0
2754,0.0,,1755709117.100155,False,9.474587337970734,-0.1243320107460022,-0.34574246406555176,1.0698859691619873,0.0,0.0,0.0,0.0
2755,0.0,,1755709117.1099002,False,9.895455887317658,-0.03971199691295624,-0.3142562508583069,1.088663101196289,0.0,0.0,0.0,0.0
2756,0.0,,1755709117.1200042,False,10.702963970303536,0.012261186726391315,-0.19650687277317047,1.1039201021194458,0.0,0.0,0.0,0.0
2757,0.0,,1755709117.130237,False,11.415448366999627,0.013850120827555656,-0.0999157652258873,1.1098620891571045,0.0,0.0,0.0,0.0
2758,0.0,,1755709117.1406474,False,11.729043897986413,0.03329971432685852,-0.0734662115573883,1.149194598197937,0.0,0.0,0.0,0.0
2759,0.0,,1755709117.1508853,False,12.142844333052636,-0.02693668194115162,0.03777068853378296,1.1474484205245972,0.0,0.0,0.0,0.0
2760,0.0,,1755709117.1604338,False,12.345012983679773,-0.03653055056929588,0.06907045096158981,1.182873249053955,0.0,0.0,0.0,0.0
2761,0.0,,1755709117.170327,False,12.106215620040894,-0.09078441560268402,0.045447077602148056,1.2496447563171387,0.0,0.0,0.0,0.0
2762,0.0,,1755709117.1798806,False,11.477763313651085,-0.20135369896888733,0.05780200660228729,1.2784004211425781,0.0,0.0,0.0,0.0
2763,0.0,,1755709117.1899948,False,10.679702576994897,-0.26339998841285706,0.08773420006036758,1.2928764820098877,0.0,0.0,0.0,0.0
2764,0.0,,1755709117.1998007,False,9.712054460048677,-0.33225834369659424,0.0022955089807510376,1.3285374641418457,0.0,0.0,0.0,0.0
2765,0.0,,1755709117.209566,False,9.064516257047654,-0.3832034766674042,-0.0336720272898674,1.355819582939148,0.0,0.0,0.0,0.0
2766,0.0,,1755709117.2204037,False,8.148602550029755,-0.3628585934638977,-0.14122137427330017,1.3751647472381592,0.0,0.0,0.0,0.0
2767,0.0,,1755709117.2298286,False,7.593237515687943,-0.3209759294986725,-0.21953389048576355,1.3876850605010986,0.0,0.0,0.0,0.0
2768,0.0,,1755709117.2482653,False,7.352184880971909,-0.2762856185436249,-0.2695288360118866,1.4000244140625,0.0,0.0,0.0,0.0
2769,0.0,,1755709117.2553883,False,6.94225998044014,-0.10156939178705215,-0.3509105443954468,1.3857301473617554,0.0,0.0,0.0,0.0
2770,0.0,,1755709117.2630048,False,7.066087635755539,-0.07531015574932098,-0.31172966957092285,1.3757086992263794,0.0,0.0,0.0,0.0
2771,0.0,,1755709117.2719164,False,7.231152194738389,-0.01650981977581978,-0.25043097138404846,1.3664366006851196,0.0,0.0,0.0,0.0
2772,0.0,,1755709117.2783272,False,7.273828682899476,0.11880961060523987,-0.2018166035413742,1.363147258758545,0.0,0.0,0.0,0.0
2773,0.0,,1755709117.288508,False,7.494050027132035,0.1714709848165512,-0.11665906012058258,1.351415991783142,0.0,0.0,0.0,0.0
2774,0.0,,1755709117.2985575,False,7.55654623746872,0.2577780783176422,0.022208377718925476,1.3420383930206299,0.0,0.0,0.0,0.0
2775,0.0,,1755709117.308886,False,8.061012428998948,0.2904355823993683,0.19204524159431458,1.3203105926513672,0.0,0.0,0.0,0.0
2776,0.0,,1755709117.319159,False,8.181705976724626,0.28138142824172974,0.3276325762271881,1.3078758716583252,0.0,0.0,0.0,0.0
2777,0.0,,1755709117.3394725,False,8.12985871553421,0.24835139513015747,0.45127809047698975,1.2715212106704712,0.0,0.0,0.0,0.0
2778,0.0,,1755709117.3484557,False,8.411054824590684,0.19994765520095825,0.5535181760787964,1.197515845298767,0.0,0.0,0.0,0.0
2779,0.0,,1755709117.3569703,False,8.22027771949768,0.14496095478534698,0.6982221603393555,1.1888519525527954,0.0,0.0,0.0,0.0
2780,0.0,,1755709117.3647377,False,8.399204857349396,0.05857289209961891,0.6879133582115173,1.154581904411316,0.0,0.0,0.0,0.0
2781,0.0,,1755709117.3743398,False,8.20564681649208,0.05757820978760719,0.7070109844207764,1.0986757278442383,0.0,0.0,0.0,0.0
2782,0.0,,1755709117.3808904,False,7.880417665243149,0.06108371913433075,0.7146747708320618,1.0520027875900269,0.0,0.0,0.0,0.0
2783,0.0,,1755709117.3907714,False,7.710532661676408,0.0764414444565773,0.5966222286224365,1.0070695877075195,0.0,0.0,0.0,0.0
2784,0.0,,1755709117.4012005,False,7.712575678825379,0.07323773950338364,0.45169052481651306,0.9881932139396667,0.0,0.0,0.0,0.0
2785,0.0,,1755709117.4111733,False,7.54435947060585,0.09262538701295853,0.31747397780418396,0.9489635825157166,0.0,0.0,0.0,0.0
2786,0.0,,1755709117.420516,False,8.303712809085846,-0.07721614837646484,0.07283490151166916,0.9922928214073181,0.0,0.0,0.0,0.0
2724,0.0,,1755709116.8014238,False,9.255926030874253,0.03072083741426468,0.9050219655036926,0.005242940504103899,0.0,0.0,0.0,0.0
2725,0.0,,1755709116.8122134,False,9.777213492393495,-0.27147263288497925,0.7910295724868774,0.0500749908387661,0.0,0.0,0.0,0.0
2726,0.0,,1755709116.8218088,False,10.503778569102288,-0.6025347113609314,0.6294514536857605,0.14330799877643585,0.0,0.0,0.0,0.0
2727,0.0,,1755709116.831725,False,11.467055307626724,-1.0169169902801514,0.27446308732032776,0.29805830121040344,0.0,0.0,0.0,0.0
2728,0.0,,1755709116.8413205,False,10.770648415088655,-1.3681838512420654,0.14290228486061096,0.38135045766830444,0.0,0.0,0.0,0.0
2729,0.0,,1755709116.8529427,False,9.351296457052232,-1.6589142084121704,-0.08995148539543152,0.4865092635154724,0.0,0.0,0.0,0.0
2730,0.0,,1755709116.8596087,False,8.153199630975724,-1.7151374816894531,-0.2845408618450165,0.5672144293785095,0.0,0.0,0.0,0.0
2731,0.0,,1755709116.8701432,False,7.473119333982468,-1.5677248239517212,-0.48857778310775757,0.6395567655563354,0.0,0.0,0.0,0.0
2732,0.0,,1755709116.8801112,False,7.326706223487855,-1.29530930519104,-0.6083924174308777,0.6017038822174072,0.0,0.0,0.0,0.0
2733,0.0,,1755709116.890333,False,7.9593433821201325,-1.0128542184829712,-0.7562676668167114,0.5999377965927124,0.0,0.0,0.0,0.0
2734,0.0,,1755709116.899843,False,8.447937891483308,-0.6919576525688171,-0.8046097755432129,0.5587642192840576,0.0,0.0,0.0,0.0
2735,0.0,,1755709116.909923,False,8.7658673787117,-0.4811525046825409,-0.7713594436645508,0.5406166315078735,0.0,0.0,0.0,0.0
2736,0.0,,1755709116.9194689,False,9.300185945034027,-0.26397526264190674,-0.6309027075767517,0.5138542056083679,0.0,0.0,0.0,0.0
2737,0.0,,1755709116.929631,False,9.996123306155205,-0.19269566237926483,-0.38570207357406616,0.4966925084590912,0.0,0.0,0.0,0.0
2738,0.0,,1755709116.9396389,False,10.383449887633324,-0.15613336861133575,-0.14757663011550903,0.47984886169433594,0.0,0.0,0.0,0.0
2739,0.0,,1755709116.9506705,False,11.230477547049523,-0.11241238564252853,0.1265464723110199,0.44172900915145874,0.0,0.0,0.0,0.0
2740,0.0,,1755709116.9604065,False,11.502372490167618,-0.07568122446537018,0.2868416905403137,0.3941776752471924,0.0,0.0,0.0,0.0
2741,0.0,,1755709116.9709039,False,11.670830773115158,-0.0959649607539177,0.3853932321071625,0.3528020977973938,0.0,0.0,0.0,0.0
2742,0.0,,1755709116.980295,False,11.721040229201318,-0.15463368594646454,0.48994573950767517,0.33135735988616943,0.0,0.0,0.0,0.0
2743,0.0,,1755709116.9900343,False,11.64017265200615,-0.28487512469291687,0.5347430109977722,0.3770597279071808,0.0,0.0,0.0,0.0
2744,0.0,,1755709117.001569,False,11.427447438240051,-0.46028587222099304,0.4521765410900116,0.4521413743495941,0.0,0.0,0.0,0.0
2745,0.0,,1755709117.0103104,False,11.423390055298805,-0.63787841796875,0.41583219170570374,0.5558182597160339,0.0,0.0,0.0,0.0
2746,0.0,,1755709117.0206985,False,11.034489988088609,-0.8021609783172607,0.24005602300167084,0.683271586894989,0.0,0.0,0.0,0.0
2747,0.0,,1755709117.030098,False,10.47941731452942,-0.9094159603118896,0.016832666471600533,0.7985972166061401,0.0,0.0,0.0,0.0
2748,0.0,,1755709117.0401542,False,10.077949826717377,-0.8904095888137817,-0.11905775219202042,0.8883929252624512,0.0,0.0,0.0,0.0
2749,0.0,,1755709117.0508857,False,9.267772489786148,-0.7946120500564575,-0.26615363359451294,0.9639726877212524,0.0,0.0,0.0,0.0
2750,0.0,,1755709117.0604,False,8.962527952194215,-0.6496356725692749,-0.3153746724128723,1.0014550685882568,0.0,0.0,0.0,0.0
2751,0.0,,1755709117.0709279,False,8.831220538616181,-0.4715316593647003,-0.36100900173187256,1.0397279262542725,0.0,0.0,0.0,0.0
2752,0.0,,1755709117.080369,False,8.771042164564133,-0.3367617428302765,-0.39001840353012085,1.0490477085113525,0.0,0.0,0.0,0.0
2753,0.0,,1755709117.0901055,False,8.958528456687928,-0.22705867886543274,-0.40711382031440735,1.0730642080307007,0.0,0.0,0.0,0.0
2754,0.0,,1755709117.100155,False,9.474587337970734,-0.1243320107460022,-0.34574246406555176,1.0698859691619873,0.0,0.0,0.0,0.0
2755,0.0,,1755709117.1099002,False,9.895455887317658,-0.03971199691295624,-0.3142562508583069,1.088663101196289,0.0,0.0,0.0,0.0
2756,0.0,,1755709117.1200042,False,10.702963970303536,0.012261186726391315,-0.19650687277317047,1.1039201021194458,0.0,0.0,0.0,0.0
2757,0.0,,1755709117.130237,False,11.415448366999627,0.013850120827555656,-0.0999157652258873,1.1098620891571045,0.0,0.0,0.0,0.0
2758,0.0,,1755709117.1406474,False,11.729043897986413,0.03329971432685852,-0.0734662115573883,1.149194598197937,0.0,0.0,0.0,0.0
2759,0.0,,1755709117.1508853,False,12.142844333052636,-0.02693668194115162,0.03777068853378296,1.1474484205245972,0.0,0.0,0.0,0.0
2760,0.0,,1755709117.1604338,False,12.345012983679773,-0.03653055056929588,0.06907045096158981,1.182873249053955,0.0,0.0,0.0,0.0
2761,0.0,,1755709117.170327,False,12.106215620040894,-0.09078441560268402,0.045447077602148056,1.2496447563171387,0.0,0.0,0.0,0.0
2762,0.0,,1755709117.1798806,False,11.477763313651085,-0.20135369896888733,0.05780200660228729,1.2784004211425781,0.0,0.0,0.0,0.0
2763,0.0,,1755709117.1899948,False,10.679702576994897,-0.26339998841285706,0.08773420006036758,1.2928764820098877,0.0,0.0,0.0,0.0
2764,0.0,,1755709117.1998007,False,9.712054460048677,-0.33225834369659424,0.0022955089807510376,1.3285374641418457,0.0,0.0,0.0,0.0
2765,0.0,,1755709117.209566,False,9.064516257047654,-0.3832034766674042,-0.0336720272898674,1.355819582939148,0.0,0.0,0.0,0.0
2766,0.0,,1755709117.2204037,False,8.148602550029755,-0.3628585934638977,-0.14122137427330017,1.3751647472381592,0.0,0.0,0.0,0.0
2767,0.0,,1755709117.2298286,False,7.593237515687943,-0.3209759294986725,-0.21953389048576355,1.3876850605010986,0.0,0.0,0.0,0.0
2768,0.0,,1755709117.2482653,False,7.352184880971909,-0.2762856185436249,-0.2695288360118866,1.4000244140625,0.0,0.0,0.0,0.0
2769,0.0,,1755709117.2553883,False,6.94225998044014,-0.10156939178705215,-0.3509105443954468,1.3857301473617554,0.0,0.0,0.0,0.0
2770,0.0,,1755709117.2630048,False,7.066087635755539,-0.07531015574932098,-0.31172966957092285,1.3757086992263794,0.0,0.0,0.0,0.0
2771,0.0,,1755709117.2719164,False,7.231152194738389,-0.01650981977581978,-0.25043097138404846,1.3664366006851196,0.0,0.0,0.0,0.0
2772,0.0,,1755709117.2783272,False,7.273828682899476,0.11880961060523987,-0.2018166035413742,1.363147258758545,0.0,0.0,0.0,0.0
2773,0.0,,1755709117.288508,False,7.494050027132035,0.1714709848165512,-0.11665906012058258,1.351415991783142,0.0,0.0,0.0,0.0
2774,0.0,,1755709117.2985575,False,7.55654623746872,0.2577780783176422,0.022208377718925476,1.3420383930206299,0.0,0.0,0.0,0.0
2775,0.0,,1755709117.308886,False,8.061012428998948,0.2904355823993683,0.19204524159431458,1.3203105926513672,0.0,0.0,0.0,0.0
2776,0.0,,1755709117.319159,False,8.181705976724626,0.28138142824172974,0.3276325762271881,1.3078758716583252,0.0,0.0,0.0,0.0
2777,0.0,,1755709117.3394725,False,8.12985871553421,0.24835139513015747,0.45127809047698975,1.2715212106704712,0.0,0.0,0.0,0.0
2778,0.0,,1755709117.3484557,False,8.411054824590684,0.19994765520095825,0.5535181760787964,1.197515845298767,0.0,0.0,0.0,0.0
2779,0.0,,1755709117.3569703,False,8.22027771949768,0.14496095478534698,0.6982221603393555,1.1888519525527954,0.0,0.0,0.0,0.0
2780,0.0,,1755709117.3647377,False,8.399204857349396,0.05857289209961891,0.6879133582115173,1.154581904411316,0.0,0.0,0.0,0.0
2781,0.0,,1755709117.3743398,False,8.20564681649208,0.05757820978760719,0.7070109844207764,1.0986757278442383,0.0,0.0,0.0,0.0
2782,0.0,,1755709117.3808904,False,7.880417665243149,0.06108371913433075,0.7146747708320618,1.0520027875900269,0.0,0.0,0.0,0.0
2783,0.0,,1755709117.3907714,False,7.710532661676408,0.0764414444565773,0.5966222286224365,1.0070695877075195,0.0,0.0,0.0,0.0
2784,0.0,,1755709117.4012005,False,7.712575678825379,0.07323773950338364,0.45169052481651306,0.9881932139396667,0.0,0.0,0.0,0.0
2785,0.0,,1755709117.4111733,False,7.54435947060585,0.09262538701295853,0.31747397780418396,0.9489635825157166,0.0,0.0,0.0,0.0
2786,0.0,,1755709117.420516,False,8.303712809085846,-0.07721614837646484,0.07283490151166916,0.9922928214073181,0.0,0.0,0.0,0.0
2724,0.0,,1755709116.8014238,False,9.255926030874253,0.03072083741426468,0.9050219655036926,0.005242940504103899,0.0,0.0,0.0,0.0
2725,0.0,,1755709116.8122134,False,9.777213492393495,-0.27147263288497925,0.7910295724868774,0.0500749908387661,0.0,0.0,0.0,0.0
2726,0.0,,1755709116.8218088,False,10.503778569102288,-0.6025347113609314,0.6294514536857605,0.14330799877643585,0.0,0.0,0.0,0.0
2727,0.0,,1755709116.831725,False,11.467055307626724,-1.0169169902801514,0.27446308732032776,0.29805830121040344,0.0,0.0,0.0,0.0
2728,0.0,,1755709116.8413205,False,10.770648415088655,-1.3681838512420654,0.14290228486061096,0.38135045766830444,0.0,0.0,0.0,0.0
2729,0.0,,1755709116.8529427,False,9.351296457052232,-1.6589142084121704,-0.08995148539543152,0.4865092635154724,0.0,0.0,0.0,0.0
2730,0.0,,1755709116.8596087,False,8.153199630975724,-1.7151374816894531,-0.2845408618450165,0.5672144293785095,0.0,0.0,0.0,0.0
2731,0.0,,1755709116.8701432,False,7.473119333982468,-1.5677248239517212,-0.48857778310775757,0.6395567655563354,0.0,0.0,0.0,0.0
2732,0.0,,1755709116.8801112,False,7.326706223487855,-1.29530930519104,-0.6083924174308777,0.6017038822174072,0.0,0.0,0.0,0.0
2733,0.0,,1755709116.890333,False,7.9593433821201325,-1.0128542184829712,-0.7562676668167114,0.5999377965927124,0.0,0.0,0.0,0.0
2734,0.0,,1755709116.899843,False,8.447937891483308,-0.6919576525688171,-0.8046097755432129,0.5587642192840576,0.0,0.0,0.0,0.0
2735,0.0,,1755709116.909923,False,8.7658673787117,-0.4811525046825409,-0.7713594436645508,0.5406166315078735,0.0,0.0,0.0,0.0
2736,0.0,,1755709116.9194689,False,9.300185945034027,-0.26397526264190674,-0.6309027075767517,0.5138542056083679,0.0,0.0,0.0,0.0
2737,0.0,,1755709116.929631,False,9.996123306155205,-0.19269566237926483,-0.38570207357406616,0.4966925084590912,0.0,0.0,0.0,0.0
2738,0.0,,1755709116.9396389,False,10.383449887633324,-0.15613336861133575,-0.14757663011550903,0.47984886169433594,0.0,0.0,0.0,0.0
2739,0.0,,1755709116.9506705,False,11.230477547049523,-0.11241238564252853,0.1265464723110199,0.44172900915145874,0.0,0.0,0.0,0.0
2740,0.0,,1755709116.9604065,False,11.502372490167618,-0.07568122446537018,0.2868416905403137,0.3941776752471924,0.0,0.0,0.0,0.0
2741,0.0,,1755709116.9709039,False,11.670830773115158,-0.0959649607539177,0.3853932321071625,0.3528020977973938,0.0,0.0,0.0,0.0
2742,0.0,,1755709116.980295,False,11.721040229201318,-0.15463368594646454,0.48994573950767517,0.33135735988616943,0.0,0.0,0.0,0.0
2743,0.0,,1755709116.9900343,False,11.64017265200615,-0.28487512469291687,0.5347430109977722,0.3770597279071808,0.0,0.0,0.0,0.0
2744,0.0,,1755709117.001569,False,11.427447438240051,-0.46028587222099304,0.4521765410900116,0.4521413743495941,0.0,0.0,0.0,0.0
2745,0.0,,1755709117.0103104,False,11.423390055298805,-0.63787841796875,0.41583219170570374,0.5558182597160339,0.0,0.0,0.0,0.0
2746,0.0,,1755709117.0206985,False,11.034489988088609,-0.8021609783172607,0.24005602300167084,0.683271586894989,0.0,0.0,0.0,0.0
2747,0.0,,1755709117.030098,False,10.47941731452942,-0.9094159603118896,0.016832666471600533,0.7985972166061401,0.0,0.0,0.0,0.0
2748,0.0,,1755709117.0401542,False,10.077949826717377,-0.8904095888137817,-0.11905775219202042,0.8883929252624512,0.0,0.0,0.0,0.0
2749,0.0,,1755709117.0508857,False,9.267772489786148,-0.7946120500564575,-0.26615363359451294,0.9639726877212524,0.0,0.0,0.0,0.0
2750,0.0,,1755709117.0604,False,8.962527952194215,-0.6496356725692749,-0.3153746724128723,1.0014550685882568,0.0,0.0,0.0,0.0
2751,0.0,,1755709117.0709279,False,8.831220538616181,-0.4715316593647003,-0.36100900173187256,1.0397279262542725,0.0,0.0,0.0,0.0
2752,0.0,,1755709117.080369,False,8.771042164564133,-0.3367617428302765,-0.39001840353012085,1.0490477085113525,0.0,0.0,0.0,0.0
2753,0.0,,1755709117.0901055,False,8.958528456687928,-0.22705867886543274,-0.40711382031440735,1.0730642080307007,0.0,0.0,0.0,0.0
2754,0.0,,1755709117.100155,False,9.474587337970734,-0.1243320107460022,-0.34574246406555176,1.0698859691619873,0.0,0.0,0.0,0.0
2755,0.0,,1755709117.1099002,False,9.895455887317658,-0.03971199691295624,-0.3142562508583069,1.088663101196289,0.0,0.0,0.0,0.0
2756,0.0,,1755709117.1200042,False,10.702963970303536,0.012261186726391315,-0.19650687277317047,1.1039201021194458,0.0,0.0,0.0,0.0
2757,0.0,,1755709117.130237,False,11.415448366999627,0.013850120827555656,-0.0999157652258873,1.1098620891571045,0.0,0.0,0.0,0.0
2758,0.0,,1755709117.1406474,False,11.729043897986413,0.03329971432685852,-0.0734662115573883,1.149194598197937,0.0,0.0,0.0,0.0
2759,0.0,,1755709117.1508853,False,12.142844333052636,-0.02693668194115162,0.03777068853378296,1.1474484205245972,0.0,0.0,0.0,0.0
2760,0.0,,1755709117.1604338,False,12.345012983679773,-0.03653055056929588,0.06907045096158981,1.182873249053955,0.0,0.0,0.0,0.0
2761,0.0,,1755709117.170327,False,12.106215620040894,-0.09078441560268402,0.045447077602148056,1.2496447563171387,0.0,0.0,0.0,0.0
2762,0.0,,1755709117.1798806,False,11.477763313651085,-0.20135369896888733,0.05780200660228729,1.2784004211425781,0.0,0.0,0.0,0.0
2763,0.0,,1755709117.1899948,False,10.679702576994897,-0.26339998841285706,0.08773420006036758,1.2928764820098877,0.0,0.0,0.0,0.0
2764,0.0,,1755709117.1998007,False,9.712054460048677,-0.33225834369659424,0.0022955089807510376,1.3285374641418457,0.0,0.0,0.0,0.0
2765,0.0,,1755709117.209566,False,9.064516257047654,-0.3832034766674042,-0.0336720272898674,1.355819582939148,0.0,0.0,0.0,0.0
2766,0.0,,1755709117.2204037,False,8.148602550029755,-0.3628585934638977,-0.14122137427330017,1.3751647472381592,0.0,0.0,0.0,0.0
2767,0.0,,1755709117.2298286,False,7.593237515687943,-0.3209759294986725,-0.21953389048576355,1.3876850605010986,0.0,0.0,0.0,0.0
2768,0.0,,1755709117.2482653,False,7.352184880971909,-0.2762856185436249,-0.2695288360118866,1.4000244140625,0.0,0.0,0.0,0.0
2769,0.0,,1755709117.2553883,False,6.94225998044014,-0.10156939178705215,-0.3509105443954468,1.3857301473617554,0.0,0.0,0.0,0.0
2770,0.0,,1755709117.2630048,False,7.066087635755539,-0.07531015574932098,-0.31172966957092285,1.3757086992263794,0.0,0.0,0.0,0.0
2771,0.0,,1755709117.2719164,False,7.231152194738389,-0.01650981977581978,-0.25043097138404846,1.3664366006851196,0.0,0.0,0.0,0.0
2772,0.0,,1755709117.2783272,False,7.273828682899476,0.11880961060523987,-0.2018166035413742,1.363147258758545,0.0,0.0,0.0,0.0
2773,0.0,,1755709117.288508,False,7.494050027132035,0.1714709848165512,-0.11665906012058258,1.351415991783142,0.0,0.0,0.0,0.0
2774,0.0,,1755709117.2985575,False,7.55654623746872,0.2577780783176422,0.022208377718925476,1.3420383930206299,0.0,0.0,0.0,0.0
2775,0.0,,1755709117.308886,False,8.061012428998948,0.2904355823993683,0.19204524159431458,1.3203105926513672,0.0,0.0,0.0,0.0
2776,0.0,,1755709117.319159,False,8.181705976724626,0.28138142824172974,0.3276325762271881,1.3078758716583252,0.0,0.0,0.0,0.0
2777,0.0,,1755709117.3394725,False,8.12985871553421,0.24835139513015747,0.45127809047698975,1.2715212106704712,0.0,0.0,0.0,0.0
2778,0.0,,1755709117.3484557,False,8.411054824590684,0.19994765520095825,0.5535181760787964,1.197515845298767,0.0,0.0,0.0,0.0
2779,0.0,,1755709117.3569703,False,8.22027771949768,0.14496095478534698,0.6982221603393555,1.1888519525527954,0.0,0.0,0.0,0.0
2780,0.0,,1755709117.3647377,False,8.399204857349396,0.05857289209961891,0.6879133582115173,1.154581904411316,0.0,0.0,0.0,0.0
2781,0.0,,1755709117.3743398,False,8.20564681649208,0.05757820978760719,0.7070109844207764,1.0986757278442383,0.0,0.0,0.0,0.0
2782,0.0,,1755709117.3808904,False,7.880417665243149,0.06108371913433075,0.7146747708320618,1.0520027875900269,0.0,0.0,0.0,0.0
2783,0.0,,1755709117.3907714,False,7.710532661676408,0.0764414444565773,0.5966222286224365,1.0070695877075195,0.0,0.0,0.0,0.0
2784,0.0,,1755709117.4012005,False,7.712575678825379,0.07323773950338364,0.45169052481651306,0.9881932139396667,0.0,0.0,0.0,0.0
2785,0.0,,1755709117.4111733,False,7.54435947060585,0.09262538701295853,0.31747397780418396,0.9489635825157166,0.0,0.0,0.0,0.0
2786,0.0,,1755709117.420516,False,8.303712809085846,-0.07721614837646484,0.07283490151166916,0.9922928214073181,0.0,0.0,0.0,0.0
2787,0.0,,1755709117.4305189,False,9.457651462554931,-0.35213568806648254,-0.0909600779414177,1.0360947847366333,0.0,0.0,0.0,0.0
2788,0.0,,1755709117.4410167,False,9.925825155973435,-0.47701495885849,-0.09130275249481201,1.0423927307128906,0.0,0.0,0.0,0.0
2789,0.0,,1755709117.4509525,False,9.635699179172516,-0.36775633692741394,-0.14528775215148926,0.9541745185852051,0.0,0.0,0.0,0.0
2790,0.0,,1755709117.4609284,False,9.32938460111618,-0.20323076844215393,-0.2605610191822052,0.8736276030540466,0.0,0.0,0.0,0.0
2791,0.0,,1755709117.4715197,False,9.132388397455216,-0.02255306951701641,-0.3328133225440979,0.80303955078125,0.0,0.0,0.0,0.0
2792,0.0,,1755709117.4818053,False,9.081355068683624,0.09533604234457016,-0.35421305894851685,0.7495695948600769,0.0,0.0,0.0,0.0
2793,0.0,,1755709117.4910893,False,9.49748620390892,0.1294434815645218,-0.23365949094295502,0.7120641469955444,0.0,0.0,0.0,0.0
2794,0.0,,1755709117.5015905,False,9.705415531396866,0.16003067791461945,-0.12548944354057312,0.6758953332901001,0.0,0.0,0.0,0.0
2795,0.0,,1755709117.5116994,False,9.960597962737085,0.17469681799411774,-0.007093620486557484,0.6338695883750916,0.0,0.0,0.0,0.0
2787,0.0,,1755709117.4305189,False,9.457651462554931,-0.35213568806648254,-0.0909600779414177,1.0360947847366333,0.0,0.0,0.0,0.0
2788,0.0,,1755709117.4410167,False,9.925825155973435,-0.47701495885849,-0.09130275249481201,1.0423927307128906,0.0,0.0,0.0,0.0
2789,0.0,,1755709117.4509525,False,9.635699179172516,-0.36775633692741394,-0.14528775215148926,0.9541745185852051,0.0,0.0,0.0,0.0
2790,0.0,,1755709117.4609284,False,9.32938460111618,-0.20323076844215393,-0.2605610191822052,0.8736276030540466,0.0,0.0,0.0,0.0
2791,0.0,,1755709117.4715197,False,9.132388397455216,-0.02255306951701641,-0.3328133225440979,0.80303955078125,0.0,0.0,0.0,0.0
2792,0.0,,1755709117.4818053,False,9.081355068683624,0.09533604234457016,-0.35421305894851685,0.7495695948600769,0.0,0.0,0.0,0.0
2793,0.0,,1755709117.4910893,False,9.49748620390892,0.1294434815645218,-0.23365949094295502,0.7120641469955444,0.0,0.0,0.0,0.0
2794,0.0,,1755709117.5015905,False,9.705415531396866,0.16003067791461945,-0.12548944354057312,0.6758953332901001,0.0,0.0,0.0,0.0
2795,0.0,,1755709117.5116994,False,9.960597962737085,0.17469681799411774,-0.007093620486557484,0.6338695883750916,0.0,0.0,0.0,0.0
2787,0.0,,1755709117.4305189,False,9.457651462554931,-0.35213568806648254,-0.0909600779414177,1.0360947847366333,0.0,0.0,0.0,0.0
2788,0.0,,1755709117.4410167,False,9.925825155973435,-0.47701495885849,-0.09130275249481201,1.0423927307128906,0.0,0.0,0.0,0.0
2789,0.0,,1755709117.4509525,False,9.635699179172516,-0.36775633692741394,-0.14528775215148926,0.9541745185852051,0.0,0.0,0.0,0.0
2790,0.0,,1755709117.4609284,False,9.32938460111618,-0.20323076844215393,-0.2605610191822052,0.8736276030540466,0.0,0.0,0.0,0.0
2791,0.0,,1755709117.4715197,False,9.132388397455216,-0.02255306951701641,-0.3328133225440979,0.80303955078125,0.0,0.0,0.0,0.0
2792,0.0,,1755709117.4818053,False,9.081355068683624,0.09533604234457016,-0.35421305894851685,0.7495695948600769,0.0,0.0,0.0,0.0
2793,0.0,,1755709117.4910893,False,9.49748620390892,0.1294434815645218,-0.23365949094295502,0.7120641469955444,0.0,0.0,0.0,0.0
2794,0.0,,1755709117.5015905,False,9.705415531396866,0.16003067791461945,-0.12548944354057312,0.6758953332901001,0.0,0.0,0.0,0.0
2795,0.0,,1755709117.5116994,False,9.960597962737085,0.17469681799411774,-0.007093620486557484,0.6338695883750916,0.0,0.0,0.0,0.0
2801,0.0,,1755709117.5696852,False,10.882061846852302,-0.050840653479099274,0.1663103997707367,0.4625910222530365,0.0,0.0,0.0,0.0
2802,0.0,,1755709117.5797956,False,10.925753411650659,-0.1657891422510147,0.11267856508493423,0.48037293553352356,0.0,0.0,0.0,0.0
2803,0.0,,1755709117.5892787,False,10.92121655702591,-0.22701860964298248,0.053542863577604294,0.48304328322410583,0.0,0.0,0.0,0.0
2804,0.0,,1755709117.5988517,False,10.767056470513344,-0.26653093099594116,-0.007570994086563587,0.48662683367729187,0.0,0.0,0.0,0.0
2805,0.0,,1755709117.6100614,False,10.64122555911541,-0.2631109952926636,-0.07577425986528397,0.4839589595794678,0.0,0.0,0.0,0.0
2806,0.0,,1755709117.6190014,False,10.428973385095597,-0.21642662584781647,-0.10727532207965851,0.4864605963230133,0.0,0.0,0.0,0.0
2807,0.0,,1755709117.6325355,False,10.254717587828637,-0.14258499443531036,-0.12665560841560364,0.4738636016845703,0.0,0.0,0.0,0.0
2808,0.0,,1755709117.639092,False,10.234986158609392,-0.10088691115379333,-0.12421682476997375,0.47846361994743347,0.0,0.0,0.0,0.0
2809,0.0,,1755709117.6492045,False,10.125747891068459,-0.020148813724517822,-0.13085295259952545,0.4632743000984192,0.0,0.0,0.0,0.0
2810,0.0,,1755709117.659273,False,10.18709804713726,0.06402300298213959,-0.08674770593643188,0.4587215781211853,0.0,0.0,0.0,0.0
2811,0.0,,1755709117.6696422,False,10.240167961120607,0.1558760702610016,-0.0676538422703743,0.4398922026157379,0.0,0.0,0.0,0.0
2812,0.0,,1755709117.679314,False,10.194864903688432,0.2198217660188675,-0.020233899354934692,0.4509139955043793,0.0,0.0,0.0,0.0
2813,0.0,,1755709117.689121,False,10.200056061744691,0.28625139594078064,0.006091935560107231,0.4443008303642273,0.0,0.0,0.0,0.0
2814,0.0,,1755709117.6990345,False,10.218323348164558,0.30108800530433655,0.03237549588084221,0.45085635781288147,0.0,0.0,0.0,0.0
2815,0.0,,1755709117.709024,False,10.2818533462286,0.3023231029510498,0.04234236851334572,0.4567021131515503,0.0,0.0,0.0,0.0
2816,0.0,,1755709117.719028,False,10.336278060078621,0.2522006630897522,0.00907925795763731,0.4758296310901642,0.0,0.0,0.0,0.0
2817,0.0,,1755709117.7299154,False,10.432261274456978,0.20734421908855438,0.0014321058988571167,0.49536290764808655,0.0,0.0,0.0,0.0
2818,0.0,,1755709117.7397044,False,10.589018109440804,0.16548016667366028,0.06352318823337555,0.5319093465805054,0.0,0.0,0.0,0.0
2819,0.0,,1755709117.748866,False,10.53105232179165,0.07847770303487778,-0.05851832777261734,0.551785409450531,0.0,0.0,0.0,0.0
2820,0.0,,1755709117.758675,False,10.560222326517106,0.03015657141804695,-0.03649621829390526,0.5848783254623413,0.0,0.0,0.0,0.0
2821,0.0,,1755709117.7686193,False,10.577216089367868,0.007758628111332655,0.01523062027990818,0.6293891668319702,0.0,0.0,0.0,0.0
2822,0.0,,1755709117.7788508,False,10.575509871840477,-0.027143090963363647,0.018168939277529716,0.6616330742835999,0.0,0.0,0.0,0.0
2823,0.0,,1755709117.7885916,False,10.553796236515046,-0.037933554500341415,0.06388144195079803,0.6982277631759644,0.0,0.0,0.0,0.0
2824,0.0,,1755709117.8072395,False,10.373633581995964,-0.03226776421070099,0.11345338076353073,0.732650637626648,0.0,0.0,0.0,0.0
2825,0.0,,1755709117.8129606,False,10.412564928531648,0.0017229169607162476,0.14057599008083344,0.7601776123046875,0.0,0.0,0.0,0.0
2826,0.0,,1755709117.8230019,False,10.31106720507145,0.002403751015663147,0.11235056072473526,0.7784864902496338,0.0,0.0,0.0,0.0
2827,0.0,,1755709117.828835,False,10.141695002317428,0.01939624920487404,0.10538114607334137,0.8022032380104065,0.0,0.0,0.0,0.0
2828,0.0,,1755709117.839152,False,10.084509817957878,0.02959858812391758,0.10649628937244415,0.8383772969245911,0.0,0.0,0.0,0.0
2829,0.0,,1755709117.8488605,False,10.039189218878747,0.057641468942165375,0.11184754222631454,0.8619298338890076,0.0,0.0,0.0,0.0
2830,0.0,,1755709117.8591714,False,9.907501736283303,0.06875316798686981,0.12103936821222305,0.8898724913597107,0.0,0.0,0.0,0.0
2831,0.0,,1755709117.8697147,False,9.796337395906448,0.07116392999887466,0.12743628025054932,0.9267069697380066,0.0,0.0,0.0,0.0
2832,0.0,,1755709117.8795393,False,9.713427386283875,0.07725151628255844,0.14162765443325043,0.9542494416236877,0.0,0.0,0.0,0.0
2833,0.0,,1755709117.889875,False,9.553525918722153,0.050548993051052094,0.15645860135555267,0.9730895757675171,0.0,0.0,0.0,0.0
2834,0.0,,1755709117.8998039,False,9.748672063350678,0.062213100492954254,0.13352301716804504,1.0106794834136963,0.0,0.0,0.0,0.0
2835,0.0,,1755709117.9096863,False,9.65536570429802,0.035862188786268234,0.144557386636734,1.0404435396194458,0.0,0.0,0.0,0.0
2836,0.0,,1755709117.9202604,False,9.715988466739654,0.015868447721004486,0.14414328336715698,1.0689711570739746,0.0,0.0,0.0,0.0
2837,0.0,,1755709117.9327102,False,9.602781693935395,-0.016621699556708336,0.1746101975440979,1.0971075296401978,0.0,0.0,0.0,0.0
2838,0.0,,1755709117.9487212,False,9.404273400306701,-0.043327633291482925,0.22394970059394836,1.1023626327514648,0.0,0.0,0.0,0.0
2839,0.0,,1755709117.9566822,False,9.359146928787231,-0.03235466405749321,0.216299906373024,1.1116970777511597,0.0,0.0,0.0,0.0
2840,0.0,,1755709117.9644296,False,9.46940787434578,-0.01929924450814724,0.15353095531463623,1.1438015699386597,0.0,0.0,0.0,0.0
2841,0.0,,1755709117.9719284,False,9.091380704641342,-0.02884436398744583,0.1863519549369812,1.140973448753357,0.0,0.0,0.0,0.0
2842,0.0,,1755709117.9820473,False,9.123367313146591,-0.007667314726859331,0.1636241376399994,1.1625670194625854,0.0,0.0,0.0,0.0
2843,0.0,,1755709117.9921098,False,9.029280935525895,-0.0002990514039993286,0.15510891377925873,1.1653892993927002,0.0,0.0,0.0,0.0
2844,0.0,,1755709118.000846,False,8.692841502428056,-0.0009223967790603638,0.15128877758979797,1.1750330924987793,0.0,0.0,0.0,0.0
2845,0.0,,1755709118.0105247,False,8.506511789560319,0.026940764859318733,0.1547069549560547,1.1606807708740234,0.0,0.0,0.0,0.0
2846,0.0,,1755709118.0213146,False,8.859538604021072,0.03299633041024208,0.09737276285886765,1.189631700515747,0.0,0.0,0.0,0.0
2847,0.0,,1755709118.0306265,False,8.552988967895509,0.06646847724914551,0.07821933925151825,1.1898473501205444,0.0,0.0,0.0,0.0
2848,0.0,,1755709118.0402627,False,8.438939026594163,0.08407644182443619,0.10495875775814056,1.1736518144607544,0.0,0.0,0.0,0.0
2849,0.0,,1755709118.0498366,False,8.424094115495683,0.12424813956022263,0.10977102071046829,1.1588554382324219,0.0,0.0,0.0,0.0
2850,0.0,,1755709118.0604491,False,8.31033770442009,0.16867519915103912,0.11737625300884247,1.1320431232452393,0.0,0.0,0.0,0.0
2851,0.0,,1755709118.0739279,False,8.25226432800293,0.18092694878578186,0.1098504513502121,1.1240131855010986,0.0,0.0,0.0,0.0
2852,0.0,,1755709118.084618,False,8.40865278840065,0.1722724884748459,0.13561075925827026,1.103548288345337,0.0,0.0,0.0,0.0
2853,0.0,,1755709118.0902953,False,8.50910093665123,0.1704583466053009,0.15077117085456848,1.0812855958938599,0.0,0.0,0.0,0.0
2854,0.0,,1755709118.0997562,False,8.43516172528267,0.19767078757286072,0.18648765981197357,1.0477111339569092,0.0,0.0,0.0,0.0
2855,0.0,,1755709118.109876,False,8.572489432096482,0.1859664022922516,0.20981033146381378,1.0193519592285156,0.0,0.0,0.0,0.0
2856,0.0,,1755709118.1195045,False,8.499272936582566,0.19478820264339447,0.214926078915596,0.9887189269065857,0.0,0.0,0.0,0.0
2857,0.0,,1755709118.131171,False,8.487626452445983,0.21282540261745453,0.22273904085159302,0.9567615985870361,0.0,0.0,0.0,0.0
2858,0.0,,1755709118.140256,False,8.526429744958879,0.19923090934753418,0.2140578031539917,0.9209585785865784,0.0,0.0,0.0,0.0
2859,0.0,,1755709118.1508164,False,9.021653827428818,0.12374090403318405,0.1542385071516037,0.9387326240539551,0.0,0.0,0.0,0.0
2860,0.0,,1755709118.1599722,False,9.883821682333947,-0.0239711981266737,-0.016951609402894974,1.0104361772537231,0.0,0.0,0.0,0.0
2861,0.0,,1755709118.1699347,False,10.556791765093804,-0.1447836011648178,-0.2697865068912506,1.0707042217254639,0.0,0.0,0.0,0.0
2862,0.0,,1755709118.179807,False,10.636654790639877,-0.11150401830673218,-0.45290133357048035,1.0561909675598145,0.0,0.0,0.0,0.0
2863,0.0,,1755709118.1906643,False,10.550575005412103,0.1069238930940628,-0.5746837854385376,0.9861194491386414,0.0,0.0,0.0,0.0
2864,0.0,,1755709118.201779,False,10.463357936739921,0.18802174925804138,-0.6026084423065186,0.9937741756439209,0.0,0.0,0.0,0.0
2865,0.0,,1755709118.209864,False,10.217280789613724,0.28699490427970886,-0.5606366991996765,0.9623742699623108,0.0,0.0,0.0,0.0
2866,0.0,,1755709118.22034,False,10.208052129149438,0.32979151606559753,-0.518730640411377,0.9235105514526367,0.0,0.0,0.0,0.0
2867,0.0,,1755709118.2295103,False,10.336745252609253,0.3206852376461029,-0.43749141693115234,0.8989758491516113,0.0,0.0,0.0,0.0
2868,0.0,,1755709118.2397006,False,10.63067601263523,0.2777269184589386,-0.3424411714076996,0.9020084738731384,0.0,0.0,0.0,0.0
2869,0.0,,1755709118.2505293,False,10.983145002722742,0.23627042770385742,-0.24664758145809174,0.8903521299362183,0.0,0.0,0.0,0.0
2870,0.0,,1755709118.26026,False,11.177478969097137,0.2240995317697525,-0.1701706200838089,0.8771029114723206,0.0,0.0,0.0,0.0
2871,0.0,,1755709118.2695007,False,11.28836673617363,0.1459566205739975,-0.10453028976917267,0.8758665323257446,0.0,0.0,0.0,0.0
2872,0.0,,1755709118.2802255,False,11.202920789122581,0.0815216451883316,-0.04447629675269127,0.8754073977470398,0.0,0.0,0.0,0.0
2873,0.0,,1755709118.2901227,False,11.187459581494332,0.01882101036608219,-0.0020019561052322388,0.8963307738304138,0.0,0.0,0.0,0.0
2874,0.0,,1755709118.3011765,False,11.008779780864716,-0.022001253440976143,0.015719972550868988,0.8997958302497864,0.0,0.0,0.0,0.0
2875,0.0,,1755709118.311677,False,10.870606566667558,-0.032841362059116364,0.03389759734272957,0.9019118547439575,0.0,0.0,0.0,0.0
2876,0.0,,1755709118.3218777,False,10.595858767032624,-0.049175966531038284,0.03228925168514252,0.9188631176948547,0.0,0.0,0.0,0.0
2877,0.0,,1755709118.332314,False,10.269620971083642,-0.054452478885650635,0.020163893699645996,0.9244095683097839,0.0,0.0,0.0,0.0
2878,0.0,,1755709118.3407738,False,10.123630029559136,-0.0633186399936676,-0.005624963901937008,0.9521617889404297,0.0,0.0,0.0,0.0
2879,0.0,,1755709118.350847,False,9.878829329609871,-0.05416225641965866,-0.03578956052660942,0.9656649231910706,0.0,0.0,0.0,0.0
2880,0.0,,1755709118.3599195,False,9.78557384133339,-0.03184806928038597,-0.06258438527584076,0.9720738530158997,0.0,0.0,0.0,0.0
2881,0.0,,1755709118.369738,False,9.610131644010544,-0.023686053231358528,-0.09562890231609344,0.9855664968490601,0.0,0.0,0.0,0.0
2882,0.0,,1755709118.3812685,False,9.570707377195358,-0.01556786336004734,-0.09586644917726517,0.9933815598487854,0.0,0.0,0.0,0.0
2883,0.0,,1755709118.3899179,False,9.59632052063942,-0.012054835446178913,-0.09562312066555023,1.0175060033798218,0.0,0.0,0.0,0.0
2884,0.0,,1755709118.4001093,False,9.634905127286912,-0.015914492309093475,-0.08544215559959412,1.0391803979873657,0.0,0.0,0.0,0.0
2885,0.0,,1755709118.4094625,False,9.692230060100556,-0.013928412459790707,-0.06527458876371384,1.0533277988433838,0.0,0.0,0.0,0.0
2886,0.0,,1755709118.419594,False,9.898526844978333,-0.007880549877882004,-0.027174441143870354,1.0560821294784546,0.0,0.0,0.0,0.0
2887,0.0,,1755709118.4304802,False,10.048503833413125,-0.023988155648112297,0.004653914365917444,1.0808014869689941,0.0,0.0,0.0,0.0
2888,0.0,,1755709118.4401128,False,10.130983487963677,-0.0383591502904892,0.03460408002138138,1.1007052659988403,0.0,0.0,0.0,0.0
2889,0.0,,1755709118.452748,False,10.315163764357568,-0.04602504521608353,0.07201159000396729,1.1119017601013184,0.0,0.0,0.0,0.0
2890,0.0,,1755709118.4603157,False,10.276277441382408,-0.07124257832765579,0.09254451096057892,1.132662057876587,0.0,0.0,0.0,0.0
2891,0.0,,1755709118.4715805,False,10.297591127157212,-0.09484031796455383,0.11514677852392197,1.1470259428024292,0.0,0.0,0.0,0.0
2892,0.0,,1755709118.4796216,False,10.31382767558098,-0.11029904335737228,0.13695132732391357,1.1733615398406982,0.0,0.0,0.0,0.0
2893,0.0,,1755709118.4896994,False,10.19146767139435,-0.11227720230817795,0.13645829260349274,1.202936053276062,0.0,0.0,0.0,0.0
2894,0.0,,1755709118.500535,False,10.137938166260719,-0.11848613619804382,0.14655102789402008,1.2193437814712524,0.0,0.0,0.0,0.0
2895,0.0,,1755709118.5109851,False,9.96756959795952,-0.12876443564891815,0.14812085032463074,1.2397117614746094,0.0,0.0,0.0,0.0
2896,0.0,,1755709118.5207798,False,9.78706722021103,-0.11907029896974564,0.1381792277097702,1.260907769203186,0.0,0.0,0.0,0.0
2897,0.0,,1755709118.5299468,False,9.63324100971222,-0.11017696559429169,0.11149981617927551,1.2937620878219604,0.0,0.0,0.0,0.0
2898,0.0,,1755709118.540204,False,9.506138913631439,-0.09298010915517807,0.109224334359169,1.3051689863204956,0.0,0.0,0.0,0.0
2899,0.0,,1755709118.5495563,False,9.370920882225038,-0.08293433487415314,0.09272944182157516,1.316745400428772,0.0,0.0,0.0,0.0
2900,0.0,,1755709118.5608041,False,9.103172199726105,-0.08417169004678726,0.059261322021484375,1.3395769596099854,0.0,0.0,0.0,0.0
2901,0.0,,1755709118.5706313,False,9.055409803390503,-0.07488413900136948,0.061780959367752075,1.3611092567443848,0.0,0.0,0.0,0.0
2902,0.0,,1755709118.5809643,False,9.058382527828217,-0.0562312975525856,0.06539500504732132,1.3672107458114624,0.0,0.0,0.0,0.0
2903,0.0,,1755709118.5922363,False,9.021163830757141,-0.06035810708999634,0.06067657098174095,1.3849482536315918,0.0,0.0,0.0,0.0
2904,0.0,,1755709118.601223,False,8.98917137503624,-0.061841994524002075,0.06990481913089752,1.3882774114608765,0.0,0.0,0.0,0.0
2905,0.0,,1755709118.6108916,False,9.067919336557388,-0.06034034118056297,0.0977264940738678,1.3941489458084106,0.0,0.0,0.0,0.0
2906,0.0,,1755709118.6202717,False,9.055560661554336,-0.059138961136341095,0.11021418124437332,1.3967846632003784,0.0,0.0,0.0,0.0
2907,0.0,,1755709118.6305718,False,9.142505249977113,-0.051090747117996216,0.13529424369335175,1.3941720724105835,0.0,0.0,0.0,0.0
2908,0.0,,1755709118.6408355,False,9.0193558716774,-0.04532969370484352,0.14093329012393951,1.3945491313934326,0.0,0.0,0.0,0.0
2909,0.0,,1755709118.6519692,False,9.025370317697526,-0.032766588032245636,0.16285988688468933,1.390859842300415,0.0,0.0,0.0,0.0
2910,0.0,,1755709118.662141,False,8.920587043762207,-0.02594611980021,0.16585667431354523,1.3810648918151855,0.0,0.0,0.0,0.0
2911,0.0,,1755709118.6704354,False,8.819252457618713,-0.009694645181298256,0.17247720062732697,1.3737661838531494,0.0,0.0,0.0,0.0
2912,0.0,,1755709118.6815844,False,8.781311044692993,0.01595880836248398,0.17648550868034363,1.363705039024353,0.0,0.0,0.0,0.0
2913,0.0,,1755709118.6914377,False,8.744812724590302,0.03443027287721634,0.17633935809135437,1.3481659889221191,0.0,0.0,0.0,0.0
2914,0.0,,1755709118.7005658,False,8.551888521909714,0.06588958203792572,0.1676972210407257,1.3371834754943848,0.0,0.0,0.0,0.0
2915,0.0,,1755709118.7100778,False,8.468776198625566,0.08480021357536316,0.1740853488445282,1.3147377967834473,0.0,0.0,0.0,0.0
2916,0.0,,1755709118.7204654,False,8.485250144004823,0.11299249529838562,0.17739060521125793,1.2984684705734253,0.0,0.0,0.0,0.0
2917,0.0,,1755709118.7302494,False,8.489625030755997,0.10618919134140015,0.17841175198554993,1.2810662984848022,0.0,0.0,0.0,0.0
2918,0.0,,1755709118.7405083,False,8.335312331914903,0.1159222349524498,0.18539004027843475,1.2616090774536133,0.0,0.0,0.0,0.0
2919,0.0,,1755709118.7501657,False,8.370498536825181,0.11838779598474503,0.19951093196868896,1.229373574256897,0.0,0.0,0.0,0.0
2920,0.0,,1755709118.7605298,False,8.386141008138656,0.12869566679000854,0.20152360200881958,1.2064309120178223,0.0,0.0,0.0,0.0
2921,0.0,,1755709118.7698164,False,8.697720419168473,0.1142667606472969,0.18375074863433838,1.1922451257705688,0.0,0.0,0.0,0.0
2922,0.0,,1755709118.7805247,False,9.465366278886796,-0.04413120076060295,0.05347530543804169,1.2269338369369507,0.0,0.0,0.0,0.0
2923,0.0,,1755709118.7901165,False,9.619469647407533,-0.0915331244468689,0.027935704216361046,1.234031319618225,0.0,0.0,0.0,0.0
2924,0.0,,1755709118.8018615,False,10.010768827199936,-0.07436008006334305,-0.10599178075790405,1.2605243921279907,0.0,0.0,0.0,0.0
2925,0.0,,1755709118.8100119,False,10.097430995106697,0.013723790645599365,-0.1888532191514969,1.2507894039154053,0.0,0.0,0.0,0.0
2926,0.0,,1755709118.8196857,False,10.091636989116669,0.18612539768218994,-0.2580604553222656,1.2224078178405762,0.0,0.0,0.0,0.0
2927,0.0,,1755709118.8298192,False,9.924218925833703,0.34544530510902405,-0.3269505202770233,1.1854413747787476,0.0,0.0,0.0,0.0
2928,0.0,,1755709118.8397667,False,10.034426077008249,0.4481344521045685,-0.34438252449035645,1.1509099006652832,0.0,0.0,0.0,0.0
2929,0.0,,1755709118.8495188,False,10.001247805953026,0.46590036153793335,-0.3491955101490021,1.141649603843689,0.0,0.0,0.0,0.0
2930,0.0,,1755709118.8602474,False,10.102322190999985,0.47579190135002136,-0.30815938115119934,1.1336019039154053,0.0,0.0,0.0,0.0
2931,0.0,,1755709118.8701644,False,10.413960658907891,0.4264149069786072,-0.24150630831718445,1.1328067779541016,0.0,0.0,0.0,0.0
2932,0.0,,1755709118.8808541,False,10.800958042144776,0.3215559422969818,-0.13254955410957336,1.1448874473571777,0.0,0.0,0.0,0.0
2933,0.0,,1755709118.890254,False,11.054181071519853,0.2515876293182373,-0.060055386275053024,1.1495507955551147,0.0,0.0,0.0,0.0
2934,0.0,,1755709118.900259,False,11.27669043123722,0.16858305037021637,0.00984887219965458,1.1666944026947021,0.0,0.0,0.0,0.0
2935,0.0,,1755709118.9104023,False,11.329018333554268,0.06491677463054657,0.05054720863699913,1.20132315158844,0.0,0.0,0.0,0.0
2936,0.0,,1755709118.9206274,False,11.407732965946199,0.019298799335956573,0.07002101093530655,1.1916985511779785,0.0,0.0,0.0,0.0
2937,0.0,,1755709118.930537,False,11.199232950210572,-0.054104287177324295,0.08640708029270172,1.220860242843628,0.0,0.0,0.0,0.0
2938,0.0,,1755709118.9414277,False,11.103932105898858,-0.054992418736219406,0.08039397746324539,1.225992202758789,0.0,0.0,0.0,0.0
2939,0.0,,1755709118.9515657,False,10.86418632388115,-0.08324383199214935,0.06253983825445175,1.2560895681381226,0.0,0.0,0.0,0.0
2940,0.0,,1755709118.9617503,False,10.64159217953682,-0.051573704928159714,0.03868357092142105,1.2549145221710205,0.0,0.0,0.0,0.0
2941,0.0,,1755709118.9710705,False,10.576394555568696,-0.04882574453949928,0.028084205463528633,1.270459532737732,0.0,0.0,0.0,0.0
2942,0.0,,1755709118.980883,False,9.896603111028671,-0.08574619144201279,-0.015955619513988495,1.301956295967102,0.0,0.0,0.0,0.0
2943,0.0,,1755709118.991995,False,9.900214351415634,-0.04791698232293129,-0.02570776641368866,1.2985694408416748,0.0,0.0,0.0,0.0
2944,0.0,,1755709119.0031579,False,9.744963759183884,-0.01724366843700409,-0.03977702558040619,1.3049660921096802,0.0,0.0,0.0,0.0
2945,0.0,,1755709119.014281,False,9.59572761297226,0.031129932031035423,-0.052328869700431824,1.3089479207992554,0.0,0.0,0.0,0.0
2946,0.0,,1755709119.022195,False,9.65944589138031,0.04174305871129036,-0.058507658541202545,1.3128809928894043,0.0,0.0,0.0,0.0
2947,0.0,,1755709119.0352442,False,9.563254516124726,-0.00482983747497201,-0.030851850286126137,1.3282158374786377,0.0,0.0,0.0,0.0
2948,0.0,,1755709119.0412972,False,9.798182777166367,-0.0046947733499109745,-0.0016257315874099731,1.3171932697296143,0.0,0.0,0.0,0.0
2949,0.0,,1755709119.0507126,False,9.905947546362878,-0.04166948050260544,0.03431431204080582,1.3309086561203003,0.0,0.0,0.0,0.0
2950,0.0,,1755709119.0627084,False,10.006642447113991,-0.07504303008317947,0.07421749830245972,1.3385978937149048,0.0,0.0,0.0,0.0
2951,0.0,,1755709119.0701869,False,10.102340317368508,-0.11555087566375732,0.10831645131111145,1.3408889770507812,0.0,0.0,0.0,0.0
2952,0.0,,1755709119.0808232,False,10.022969627380371,-0.1595500111579895,0.14421837031841278,1.3616302013397217,0.0,0.0,0.0,0.0
2953,0.0,,1755709119.0909958,False,10.056515688300133,-0.2019749879837036,0.1718839406967163,1.3766998052597046,0.0,0.0,0.0,0.0
2954,0.0,,1755709119.1006944,False,10.109786161780358,-0.23548756539821625,0.19365614652633667,1.3823254108428955,0.0,0.0,0.0,0.0
2955,0.0,,1755709119.1102338,False,10.060864262580871,-0.2539311647415161,0.21093851327896118,1.3856135606765747,0.0,0.0,0.0,0.0
2956,0.0,,1755709119.1198606,False,10.07807378768921,-0.25401628017425537,0.22060339152812958,1.3868651390075684,0.0,0.0,0.0,0.0
2957,0.0,,1755709119.1297777,False,9.844388644695282,-0.233498677611351,0.22599129378795624,1.3971017599105835,0.0,0.0,0.0,0.0
2958,0.0,,1755709119.1398592,False,9.797960582971573,-0.22221729159355164,0.21877171099185944,1.3924270868301392,0.0,0.0,0.0,0.0
2959,0.0,,1755709119.1519012,False,9.52610715508461,-0.1963033527135849,0.19359345734119415,1.3986306190490723,0.0,0.0,0.0,0.0
2960,0.0,,1755709119.1602566,False,9.453467195034028,-0.16256311535835266,0.19137388467788696,1.3952128887176514,0.0,0.0,0.0,0.0
2961,0.0,,1755709119.1704347,False,9.232293924093247,-0.12943297624588013,0.15671536326408386,1.3953685760498047,0.0,0.0,0.0,0.0
2962,0.0,,1755709119.1799073,False,9.10968365907669,-0.09764288365840912,0.14649438858032227,1.386702537536621,0.0,0.0,0.0,0.0
2963,0.0,,1755709119.1900215,False,9.03790323972702,-0.0747353807091713,0.14127863943576813,1.3820356130599976,0.0,0.0,0.0,0.0
2964,0.0,,1755709119.2003405,False,9.057599000930786,-0.05165157467126846,0.13930897414684296,1.3611875772476196,0.0,0.0,0.0,0.0
2965,0.0,,1755709119.2100263,False,9.019573388099671,-0.0555599145591259,0.1436925083398819,1.3518085479736328,0.0,0.0,0.0,0.0
2966,0.0,,1755709119.2208002,False,9.05701544880867,-0.02266324684023857,0.14070312678813934,1.3415707349777222,0.0,0.0,0.0,0.0
2967,0.0,,1755709119.230627,False,9.016953835487366,-0.047069672495126724,0.16622580587863922,1.3287320137023926,0.0,0.0,0.0,0.0
2968,0.0,,1755709119.2402213,False,9.094476220607758,-0.08118848502635956,0.20234045386314392,1.3086364269256592,0.0,0.0,0.0,0.0
2969,0.0,,1755709119.2503948,False,9.225031682252885,-0.09204092621803284,0.24231380224227905,1.2894842624664307,0.0,0.0,0.0,0.0
2970,0.0,,1755709119.2601235,False,9.24090804219246,-0.1036698967218399,0.27400410175323486,1.2658352851867676,0.0,0.0,0.0,0.0
2971,0.0,,1755709119.270012,False,9.272217543125153,-0.07804077863693237,0.26259857416152954,1.2470797300338745,0.0,0.0,0.0,0.0
2972,0.0,,1755709119.279987,False,9.21961365222931,-0.05769401416182518,0.29169583320617676,1.2199281454086304,0.0,0.0,0.0,0.0
2973,0.0,,1755709119.2903564,False,9.103631790876388,-0.041971996426582336,0.29644787311553955,1.1987439393997192,0.0,0.0,0.0,0.0
2974,0.0,,1755709119.3001032,False,8.990515065193177,-0.0035118600353598595,0.28617677092552185,1.177000880241394,0.0,0.0,0.0,0.0
2975,0.0,,1755709119.3106089,False,8.856107457876206,0.022246047854423523,0.3094893991947174,1.1575082540512085,0.0,0.0,0.0,0.0
2976,0.0,,1755709119.3204615,False,8.797824751138688,0.06628943979740143,0.2830577790737152,1.1304872035980225,0.0,0.0,0.0,0.0
2977,0.0,,1755709119.3301415,False,8.767827365398407,0.11179488897323608,0.2502705156803131,1.1091580390930176,0.0,0.0,0.0,0.0
2978,0.0,,1755709119.342601,False,9.382849202156068,0.0744650736451149,0.014470692723989487,1.1295368671417236,0.0,0.0,0.0,0.0
2979,0.0,,1755709119.3510516,False,9.503590697050095,0.08076760172843933,-0.08859211206436157,1.1213743686676025,0.0,0.0,0.0,0.0
2980,0.0,,1755709119.3622549,False,9.552533061504365,0.14085127413272858,-0.20446965098381042,1.1280828714370728,0.0,0.0,0.0,0.0
2981,0.0,,1755709119.3714464,False,9.500750119686128,0.23780463635921478,-0.3805553615093231,1.1092756986618042,0.0,0.0,0.0,0.0
2982,0.0,,1755709119.3823407,False,9.432925926446915,0.3561919927597046,-0.5058469772338867,1.0890164375305176,0.0,0.0,0.0,0.0
2983,0.0,,1755709119.3906443,False,9.160961401462556,0.4232047200202942,-0.5971865653991699,1.0748217105865479,0.0,0.0,0.0,0.0
2984,0.0,,1755709119.4016979,False,9.290642119646073,0.4142477512359619,-0.5948008894920349,1.062649130821228,0.0,0.0,0.0,0.0
2985,0.0,,1755709119.4106631,False,9.460627695322037,0.37555721402168274,-0.535607099533081,1.0580893754959106,0.0,0.0,0.0,0.0
2986,0.0,,1755709119.4205697,False,9.835926554203034,0.3152051270008087,-0.4047218859195709,1.0612568855285645,0.0,0.0,0.0,0.0
2987,0.0,,1755709119.4312744,False,10.24175197184086,0.2161921262741089,-0.26910606026649475,1.076696515083313,0.0,0.0,0.0,0.0
2988,0.0,,1755709119.441712,False,10.725019083023072,0.1725713312625885,-0.16848158836364746,1.068719744682312,0.0,0.0,0.0,0.0
2989,0.0,,1755709119.4517171,False,11.118080028891564,0.12875229120254517,-0.09397513419389725,1.0631626844406128,0.0,0.0,0.0,0.0
2990,0.0,,1755709119.4605277,False,11.173678278923035,0.07162383943796158,-0.048709604889154434,1.066866159439087,0.0,0.0,0.0,0.0
2991,0.0,,1755709119.4707296,False,11.246080257296562,-0.012450995855033398,0.02549039199948311,1.0840065479278564,0.0,0.0,0.0,0.0
2992,0.0,,1755709119.4814186,False,11.269796563982965,-0.06838399916887283,0.08755209296941757,1.0978540182113647,0.0,0.0,0.0,0.0
2993,0.0,,1755709119.4927433,False,11.242728048563004,-0.08091696351766586,0.12997670471668243,1.1015902757644653,0.0,0.0,0.0,0.0
2994,0.0,,1755709119.5016894,False,11.088903007507325,-0.08437646180391312,0.1352580040693283,1.1090177297592163,0.0,0.0,0.0,0.0
2995,0.0,,1755709119.511814,False,10.761410399079324,-0.12302159518003464,0.1441679447889328,1.1350598335266113,0.0,0.0,0.0,0.0
2996,0.0,,1755709119.5226848,False,10.545901325941086,-0.09862422198057175,0.11065183579921722,1.1463634967803955,0.0,0.0,0.0,0.0
2997,0.0,,1755709119.5310178,False,10.406452834010125,-0.07789938151836395,0.08872751146554947,1.1557958126068115,0.0,0.0,0.0,0.0
2998,0.0,,1755709119.5410888,False,10.15912789106369,-0.019563112407922745,0.0241528432816267,1.157448649406433,0.0,0.0,0.0,0.0
2999,0.0,,1755709119.5525844,False,9.879742664694787,0.01673801615834236,-0.018693245947360992,1.1592528820037842,0.0,0.0,0.0,0.0
3000,0.0,,1755709119.5605824,False,9.612419074773788,-0.00866119097918272,-0.013952194713056087,1.177854299545288,0.0,0.0,0.0,0.0
3001,0.0,,1755709119.5709615,False,9.516921179294586,0.020355908200144768,-0.017487183213233948,1.1713827848434448,0.0,0.0,0.0,0.0
3002,0.0,,1755709119.586623,False,9.502318342924118,0.00851623248308897,0.0033616863656789064,1.1709328889846802,0.0,0.0,0.0,0.0
3003,0.0,,1755709119.5934198,False,9.467313401699066,-0.011735891923308372,0.02135031670331955,1.1669095754623413,0.0,0.0,0.0,0.0
3004,0.0,,1755709119.6040199,False,9.624659636020661,-0.038406748324632645,0.061976976692676544,1.1654115915298462,0.0,0.0,0.0,0.0
2942,0.0,,1755709118.980883,False,9.896603111028671,-0.08574619144201279,-0.015955619513988495,1.301956295967102,0.0,0.0,0.0,0.0
2943,0.0,,1755709118.991995,False,9.900214351415634,-0.04791698232293129,-0.02570776641368866,1.2985694408416748,0.0,0.0,0.0,0.0
2944,0.0,,1755709119.0031579,False,9.744963759183884,-0.01724366843700409,-0.03977702558040619,1.3049660921096802,0.0,0.0,0.0,0.0
2945,0.0,,1755709119.014281,False,9.59572761297226,0.031129932031035423,-0.052328869700431824,1.3089479207992554,0.0,0.0,0.0,0.0
2946,0.0,,1755709119.022195,False,9.65944589138031,0.04174305871129036,-0.058507658541202545,1.3128809928894043,0.0,0.0,0.0,0.0
2947,0.0,,1755709119.0352442,False,9.563254516124726,-0.00482983747497201,-0.030851850286126137,1.3282158374786377,0.0,0.0,0.0,0.0
2948,0.0,,1755709119.0412972,False,9.798182777166367,-0.0046947733499109745,-0.0016257315874099731,1.3171932697296143,0.0,0.0,0.0,0.0
2949,0.0,,1755709119.0507126,False,9.905947546362878,-0.04166948050260544,0.03431431204080582,1.3309086561203003,0.0,0.0,0.0,0.0
2950,0.0,,1755709119.0627084,False,10.006642447113991,-0.07504303008317947,0.07421749830245972,1.3385978937149048,0.0,0.0,0.0,0.0
2951,0.0,,1755709119.0701869,False,10.102340317368508,-0.11555087566375732,0.10831645131111145,1.3408889770507812,0.0,0.0,0.0,0.0
2952,0.0,,1755709119.0808232,False,10.022969627380371,-0.1595500111579895,0.14421837031841278,1.3616302013397217,0.0,0.0,0.0,0.0
2953,0.0,,1755709119.0909958,False,10.056515688300133,-0.2019749879837036,0.1718839406967163,1.3766998052597046,0.0,0.0,0.0,0.0
2954,0.0,,1755709119.1006944,False,10.109786161780358,-0.23548756539821625,0.19365614652633667,1.3823254108428955,0.0,0.0,0.0,0.0
2955,0.0,,1755709119.1102338,False,10.060864262580871,-0.2539311647415161,0.21093851327896118,1.3856135606765747,0.0,0.0,0.0,0.0
2956,0.0,,1755709119.1198606,False,10.07807378768921,-0.25401628017425537,0.22060339152812958,1.3868651390075684,0.0,0.0,0.0,0.0
2957,0.0,,1755709119.1297777,False,9.844388644695282,-0.233498677611351,0.22599129378795624,1.3971017599105835,0.0,0.0,0.0,0.0
2958,0.0,,1755709119.1398592,False,9.797960582971573,-0.22221729159355164,0.21877171099185944,1.3924270868301392,0.0,0.0,0.0,0.0
2959,0.0,,1755709119.1519012,False,9.52610715508461,-0.1963033527135849,0.19359345734119415,1.3986306190490723,0.0,0.0,0.0,0.0
2960,0.0,,1755709119.1602566,False,9.453467195034028,-0.16256311535835266,0.19137388467788696,1.3952128887176514,0.0,0.0,0.0,0.0
2961,0.0,,1755709119.1704347,False,9.232293924093247,-0.12943297624588013,0.15671536326408386,1.3953685760498047,0.0,0.0,0.0,0.0
2962,0.0,,1755709119.1799073,False,9.10968365907669,-0.09764288365840912,0.14649438858032227,1.386702537536621,0.0,0.0,0.0,0.0
2963,0.0,,1755709119.1900215,False,9.03790323972702,-0.0747353807091713,0.14127863943576813,1.3820356130599976,0.0,0.0,0.0,0.0
2964,0.0,,1755709119.2003405,False,9.057599000930786,-0.05165157467126846,0.13930897414684296,1.3611875772476196,0.0,0.0,0.0,0.0
2965,0.0,,1755709119.2100263,False,9.019573388099671,-0.0555599145591259,0.1436925083398819,1.3518085479736328,0.0,0.0,0.0,0.0
2966,0.0,,1755709119.2208002,False,9.05701544880867,-0.02266324684023857,0.14070312678813934,1.3415707349777222,0.0,0.0,0.0,0.0
2967,0.0,,1755709119.230627,False,9.016953835487366,-0.047069672495126724,0.16622580587863922,1.3287320137023926,0.0,0.0,0.0,0.0
2968,0.0,,1755709119.2402213,False,9.094476220607758,-0.08118848502635956,0.20234045386314392,1.3086364269256592,0.0,0.0,0.0,0.0
2969,0.0,,1755709119.2503948,False,9.225031682252885,-0.09204092621803284,0.24231380224227905,1.2894842624664307,0.0,0.0,0.0,0.0
2970,0.0,,1755709119.2601235,False,9.24090804219246,-0.1036698967218399,0.27400410175323486,1.2658352851867676,0.0,0.0,0.0,0.0
2971,0.0,,1755709119.270012,False,9.272217543125153,-0.07804077863693237,0.26259857416152954,1.2470797300338745,0.0,0.0,0.0,0.0
2972,0.0,,1755709119.279987,False,9.21961365222931,-0.05769401416182518,0.29169583320617676,1.2199281454086304,0.0,0.0,0.0,0.0
2973,0.0,,1755709119.2903564,False,9.103631790876388,-0.041971996426582336,0.29644787311553955,1.1987439393997192,0.0,0.0,0.0,0.0
2974,0.0,,1755709119.3001032,False,8.990515065193177,-0.0035118600353598595,0.28617677092552185,1.177000880241394,0.0,0.0,0.0,0.0
2975,0.0,,1755709119.3106089,False,8.856107457876206,0.022246047854423523,0.3094893991947174,1.1575082540512085,0.0,0.0,0.0,0.0
2976,0.0,,1755709119.3204615,False,8.797824751138688,0.06628943979740143,0.2830577790737152,1.1304872035980225,0.0,0.0,0.0,0.0
2977,0.0,,1755709119.3301415,False,8.767827365398407,0.11179488897323608,0.2502705156803131,1.1091580390930176,0.0,0.0,0.0,0.0
2978,0.0,,1755709119.342601,False,9.382849202156068,0.0744650736451149,0.014470692723989487,1.1295368671417236,0.0,0.0,0.0,0.0
2979,0.0,,1755709119.3510516,False,9.503590697050095,0.08076760172843933,-0.08859211206436157,1.1213743686676025,0.0,0.0,0.0,0.0
2980,0.0,,1755709119.3622549,False,9.552533061504365,0.14085127413272858,-0.20446965098381042,1.1280828714370728,0.0,0.0,0.0,0.0
2981,0.0,,1755709119.3714464,False,9.500750119686128,0.23780463635921478,-0.3805553615093231,1.1092756986618042,0.0,0.0,0.0,0.0
2982,0.0,,1755709119.3823407,False,9.432925926446915,0.3561919927597046,-0.5058469772338867,1.0890164375305176,0.0,0.0,0.0,0.0
2983,0.0,,1755709119.3906443,False,9.160961401462556,0.4232047200202942,-0.5971865653991699,1.0748217105865479,0.0,0.0,0.0,0.0
2984,0.0,,1755709119.4016979,False,9.290642119646073,0.4142477512359619,-0.5948008894920349,1.062649130821228,0.0,0.0,0.0,0.0
2985,0.0,,1755709119.4106631,False,9.460627695322037,0.37555721402168274,-0.535607099533081,1.0580893754959106,0.0,0.0,0.0,0.0
2986,0.0,,1755709119.4205697,False,9.835926554203034,0.3152051270008087,-0.4047218859195709,1.0612568855285645,0.0,0.0,0.0,0.0
2987,0.0,,1755709119.4312744,False,10.24175197184086,0.2161921262741089,-0.26910606026649475,1.076696515083313,0.0,0.0,0.0,0.0
2988,0.0,,1755709119.441712,False,10.725019083023072,0.1725713312625885,-0.16848158836364746,1.068719744682312,0.0,0.0,0.0,0.0
2989,0.0,,1755709119.4517171,False,11.118080028891564,0.12875229120254517,-0.09397513419389725,1.0631626844406128,0.0,0.0,0.0,0.0
2990,0.0,,1755709119.4605277,False,11.173678278923035,0.07162383943796158,-0.048709604889154434,1.066866159439087,0.0,0.0,0.0,0.0
2991,0.0,,1755709119.4707296,False,11.246080257296562,-0.012450995855033398,0.02549039199948311,1.0840065479278564,0.0,0.0,0.0,0.0
2992,0.0,,1755709119.4814186,False,11.269796563982965,-0.06838399916887283,0.08755209296941757,1.0978540182113647,0.0,0.0,0.0,0.0
2993,0.0,,1755709119.4927433,False,11.242728048563004,-0.08091696351766586,0.12997670471668243,1.1015902757644653,0.0,0.0,0.0,0.0
2994,0.0,,1755709119.5016894,False,11.088903007507325,-0.08437646180391312,0.1352580040693283,1.1090177297592163,0.0,0.0,0.0,0.0
2995,0.0,,1755709119.511814,False,10.761410399079324,-0.12302159518003464,0.1441679447889328,1.1350598335266113,0.0,0.0,0.0,0.0
2996,0.0,,1755709119.5226848,False,10.545901325941086,-0.09862422198057175,0.11065183579921722,1.1463634967803955,0.0,0.0,0.0,0.0
2997,0.0,,1755709119.5310178,False,10.406452834010125,-0.07789938151836395,0.08872751146554947,1.1557958126068115,0.0,0.0,0.0,0.0
2998,0.0,,1755709119.5410888,False,10.15912789106369,-0.019563112407922745,0.0241528432816267,1.157448649406433,0.0,0.0,0.0,0.0
2999,0.0,,1755709119.5525844,False,9.879742664694787,0.01673801615834236,-0.018693245947360992,1.1592528820037842,0.0,0.0,0.0,0.0
3000,0.0,,1755709119.5605824,False,9.612419074773788,-0.00866119097918272,-0.013952194713056087,1.177854299545288,0.0,0.0,0.0,0.0
3001,0.0,,1755709119.5709615,False,9.516921179294586,0.020355908200144768,-0.017487183213233948,1.1713827848434448,0.0,0.0,0.0,0.0
3002,0.0,,1755709119.586623,False,9.502318342924118,0.00851623248308897,0.0033616863656789064,1.1709328889846802,0.0,0.0,0.0,0.0
3003,0.0,,1755709119.5934198,False,9.467313401699066,-0.011735891923308372,0.02135031670331955,1.1669095754623413,0.0,0.0,0.0,0.0
3004,0.0,,1755709119.6040199,False,9.624659636020661,-0.038406748324632645,0.061976976692676544,1.1654115915298462,0.0,0.0,0.0,0.0
3005,0.0,,1755709119.6099885,False,9.845410737991333,-0.08990714699029922,0.11667071282863617,1.1651108264923096,0.0,0.0,0.0,0.0
3006,0.0,,1755709119.6199958,False,10.001992156505585,-0.133528470993042,0.15666763484477997,1.160225510597229,0.0,0.0,0.0,0.0
3007,0.0,,1755709119.6289,False,10.097730372548105,-0.18250775337219238,0.20199760794639587,1.1690717935562134,0.0,0.0,0.0,0.0
3008,0.0,,1755709119.6420915,False,10.225014901757241,-0.21825876832008362,0.2441178411245346,1.1652781963348389,0.0,0.0,0.0,0.0
3009,0.0,,1755709119.6547058,False,10.346475019454957,-0.24373947083950043,0.28681841492652893,1.1605607271194458,0.0,0.0,0.0,0.0
3010,0.0,,1755709119.6599698,False,10.285606089234353,-0.24228402972221375,0.30906403064727783,1.1587274074554443,0.0,0.0,0.0,0.0
3011,0.0,,1755709119.6690135,False,10.184198997616768,-0.2205399125814438,0.2931097447872162,1.1575664281845093,0.0,0.0,0.0,0.0
3012,0.0,,1755709119.6799743,False,10.118453489542008,-0.19004441797733307,0.32120221853256226,1.1544843912124634,0.0,0.0,0.0,0.0
3013,0.0,,1755709119.6889849,False,10.066767611503602,-0.13116978108882904,0.3007470965385437,1.1318262815475464,0.0,0.0,0.0,0.0
3014,0.0,,1755709119.699375,False,9.66777115702629,-0.11846242845058441,0.2863921523094177,1.1490055322647095,0.0,0.0,0.0,0.0
3015,0.0,,1755709119.7099707,False,9.518349069356919,-0.06803245097398758,0.27103403210639954,1.1430388689041138,0.0,0.0,0.0,0.0
3005,0.0,,1755709119.6099885,False,9.845410737991333,-0.08990714699029922,0.11667071282863617,1.1651108264923096,0.0,0.0,0.0,0.0
3006,0.0,,1755709119.6199958,False,10.001992156505585,-0.133528470993042,0.15666763484477997,1.160225510597229,0.0,0.0,0.0,0.0
3007,0.0,,1755709119.6289,False,10.097730372548105,-0.18250775337219238,0.20199760794639587,1.1690717935562134,0.0,0.0,0.0,0.0
3008,0.0,,1755709119.6420915,False,10.225014901757241,-0.21825876832008362,0.2441178411245346,1.1652781963348389,0.0,0.0,0.0,0.0
3009,0.0,,1755709119.6547058,False,10.346475019454957,-0.24373947083950043,0.28681841492652893,1.1605607271194458,0.0,0.0,0.0,0.0
3010,0.0,,1755709119.6599698,False,10.285606089234353,-0.24228402972221375,0.30906403064727783,1.1587274074554443,0.0,0.0,0.0,0.0
3011,0.0,,1755709119.6690135,False,10.184198997616768,-0.2205399125814438,0.2931097447872162,1.1575664281845093,0.0,0.0,0.0,0.0
3012,0.0,,1755709119.6799743,False,10.118453489542008,-0.19004441797733307,0.32120221853256226,1.1544843912124634,0.0,0.0,0.0,0.0
3013,0.0,,1755709119.6889849,False,10.066767611503602,-0.13116978108882904,0.3007470965385437,1.1318262815475464,0.0,0.0,0.0,0.0
3014,0.0,,1755709119.699375,False,9.66777115702629,-0.11846242845058441,0.2863921523094177,1.1490055322647095,0.0,0.0,0.0,0.0
3015,0.0,,1755709119.7099707,False,9.518349069356919,-0.06803245097398758,0.27103403210639954,1.1430388689041138,0.0,0.0,0.0,0.0
3016,0.0,,1755709119.726427,False,9.37486073613167,-0.0008019059896469116,0.25990456342697144,1.1214795112609863,0.0,0.0,0.0,0.0
3017,0.0,,1755709119.7326183,False,9.155624063014985,0.02641216479241848,0.23163537681102753,1.1116241216659546,0.0,0.0,0.0,0.0
3018,0.0,,1755709119.744163,False,8.922377461194992,0.06121916323900223,0.20729926228523254,1.104048252105713,0.0,0.0,0.0,0.0
3019,0.0,,1755709119.7517586,False,8.89816063284874,0.06178861856460571,0.15759064257144928,1.0940731763839722,0.0,0.0,0.0,0.0
3020,0.0,,1755709119.7610123,False,8.76468273282051,0.06298159807920456,0.15792015194892883,1.0768636465072632,0.0,0.0,0.0,0.0
3021,0.0,,1755709119.7703404,False,8.745081696510315,0.08325762301683426,0.19596712291240692,1.0472102165222168,0.0,0.0,0.0,0.0
3022,0.0,,1755709119.781155,False,8.856479340791703,0.038693465292453766,0.20369665324687958,1.034443736076355,0.0,0.0,0.0,0.0
3023,0.0,,1755709119.791978,False,8.847785700559616,0.023928284645080566,0.2668107748031616,1.0074416399002075,0.0,0.0,0.0,0.0
3024,0.0,,1755709119.8001416,False,8.927040030956269,0.0025482922792434692,0.294650137424469,0.9804232716560364,0.0,0.0,0.0,0.0
3025,0.0,,1755709119.8110836,False,8.980073107481003,-0.03277470916509628,0.30693668127059937,0.9557330012321472,0.0,0.0,0.0,0.0
3026,0.0,,1755709119.8203418,False,9.134411534070969,-0.05283569172024727,0.27161163091659546,0.9404612183570862,0.0,0.0,0.0,0.0
3027,0.0,,1755709119.8307822,False,9.162258313894272,-0.04578249156475067,0.28419432044029236,0.9147348403930664,0.0,0.0,0.0,0.0
3028,0.0,,1755709119.8412173,False,9.072905842065811,-0.013553157448768616,0.3221331536769867,0.8932884335517883,0.0,0.0,0.0,0.0
3029,0.0,,1755709119.8506675,False,9.04492106795311,0.0055454811081290245,0.33390113711357117,0.8749200105667114,0.0,0.0,0.0,0.0
3030,0.0,,1755709119.8622684,False,8.863439866304399,0.034202691167593,0.32998013496398926,0.8710138201713562,0.0,0.0,0.0,0.0
3031,0.0,,1755709119.8714504,False,8.93752291917801,0.07372942566871643,0.24946247041225433,0.84768146276474,0.0,0.0,0.0,0.0
3032,0.0,,1755709119.8813498,False,8.773773983716966,0.09696950763463974,0.22511444985866547,0.8294491171836853,0.0,0.0,0.0,0.0
3033,0.0,,1755709119.8906226,False,8.692598258256913,0.13307176530361176,0.24331903457641602,0.8091980814933777,0.0,0.0,0.0,0.0
3034,0.0,,1755709119.9012845,False,8.65559941649437,0.1524537354707718,0.253482848405838,0.7968024015426636,0.0,0.0,0.0,0.0
3035,0.0,,1755709119.9108047,False,8.667435350418092,0.13979007303714752,0.27216199040412903,0.7812996506690979,0.0,0.0,0.0,0.0
3036,0.0,,1755709119.9208174,False,8.665128039121628,0.1455146223306656,0.21884770691394806,0.7571998238563538,0.0,0.0,0.0,0.0
3037,0.0,,1755709119.9329486,False,8.797836445569992,0.11787351220846176,0.1799076944589615,0.7363321185112,0.0,0.0,0.0,0.0
3038,0.0,,1755709119.9452648,False,8.78585433125496,0.08781301230192184,0.1489914357662201,0.7225311398506165,0.0,0.0,0.0,0.0
3039,0.0,,1755709119.9541924,False,8.878347927331925,0.06579162180423737,0.12680752575397491,0.7087278962135315,0.0,0.0,0.0,0.0
3040,0.0,,1755709119.9604857,False,9.008318667411805,0.03668227419257164,0.10022291541099548,0.6935335993766785,0.0,0.0,0.0,0.0
3041,0.0,,1755709119.970132,False,9.120095211267472,0.0046976045705378056,0.06672701984643936,0.6700654625892639,0.0,0.0,0.0,0.0
3042,0.0,,1755709119.9813428,False,9.106796303987503,-0.0457204170525074,0.062338970601558685,0.6657348871231079,0.0,0.0,0.0,0.0
3043,0.0,,1755709119.9910214,False,9.081474351882935,-0.1351890116930008,0.02390846610069275,0.6871787905693054,0.0,0.0,0.0,0.0
3044,0.0,,1755709120.0018394,False,9.283243052959442,-0.15926551818847656,0.005217774771153927,0.6678674817085266,0.0,0.0,0.0,0.0
3045,0.0,,1755709120.0106773,False,9.29435627102852,-0.2037164866924286,-0.02901727333664894,0.6767020225524902,0.0,0.0,0.0,0.0
3046,0.0,,1755709120.0207481,False,9.471715185642243,-0.1902051866054535,-0.03915315493941307,0.6747016310691833,0.0,0.0,0.0,0.0
3047,0.0,,1755709120.0304601,False,9.637743365764619,-0.1833890825510025,-0.04499800503253937,0.6814602613449097,0.0,0.0,0.0,0.0
3048,0.0,,1755709120.0410569,False,9.7234916138649,-0.18873482942581177,-0.05142917484045029,0.6962524056434631,0.0,0.0,0.0,0.0
3049,0.0,,1755709120.0503907,False,9.740370186567308,-0.135859414935112,-0.049201417714357376,0.6984636783599854,0.0,0.0,0.0,0.0
3050,0.0,,1755709120.0601237,False,9.924336454868318,-0.054323915392160416,-0.018838981166481972,0.6593276858329773,0.0,0.0,0.0,0.0
3051,0.0,,1755709120.0708153,False,9.887964434623719,-0.02348274551331997,-0.007254255004227161,0.6638615727424622,0.0,0.0,0.0,0.0
3052,0.0,,1755709120.082261,False,9.808729984760285,-0.034803006798028946,-0.00035865604877471924,0.6828445196151733,0.0,0.0,0.0,0.0
3053,0.0,,1755709120.0908518,False,9.87094085097313,-0.0504760704934597,0.006481928750872612,0.6940473318099976,0.0,0.0,0.0,0.0
3054,0.0,,1755709120.101749,False,9.921592356562615,-0.07412675768136978,-0.03343885764479637,0.6994816660881042,0.0,0.0,0.0,0.0
3055,0.0,,1755709120.1135228,False,9.919736450314522,-0.060197923332452774,-0.059878673404455185,0.6947522163391113,0.0,0.0,0.0,0.0
3056,0.0,,1755709120.1205916,False,9.86062753200531,-0.0946684181690216,-0.07508350908756256,0.7169628739356995,0.0,0.0,0.0,0.0
3016,0.0,,1755709119.726427,False,9.37486073613167,-0.0008019059896469116,0.25990456342697144,1.1214795112609863,0.0,0.0,0.0,0.0
3017,0.0,,1755709119.7326183,False,9.155624063014985,0.02641216479241848,0.23163537681102753,1.1116241216659546,0.0,0.0,0.0,0.0
3018,0.0,,1755709119.744163,False,8.922377461194992,0.06121916323900223,0.20729926228523254,1.104048252105713,0.0,0.0,0.0,0.0
3019,0.0,,1755709119.7517586,False,8.89816063284874,0.06178861856460571,0.15759064257144928,1.0940731763839722,0.0,0.0,0.0,0.0
3020,0.0,,1755709119.7610123,False,8.76468273282051,0.06298159807920456,0.15792015194892883,1.0768636465072632,0.0,0.0,0.0,0.0
3021,0.0,,1755709119.7703404,False,8.745081696510315,0.08325762301683426,0.19596712291240692,1.0472102165222168,0.0,0.0,0.0,0.0
3022,0.0,,1755709119.781155,False,8.856479340791703,0.038693465292453766,0.20369665324687958,1.034443736076355,0.0,0.0,0.0,0.0
3023,0.0,,1755709119.791978,False,8.847785700559616,0.023928284645080566,0.2668107748031616,1.0074416399002075,0.0,0.0,0.0,0.0
3024,0.0,,1755709119.8001416,False,8.927040030956269,0.0025482922792434692,0.294650137424469,0.9804232716560364,0.0,0.0,0.0,0.0
3025,0.0,,1755709119.8110836,False,8.980073107481003,-0.03277470916509628,0.30693668127059937,0.9557330012321472,0.0,0.0,0.0,0.0
3026,0.0,,1755709119.8203418,False,9.134411534070969,-0.05283569172024727,0.27161163091659546,0.9404612183570862,0.0,0.0,0.0,0.0
3027,0.0,,1755709119.8307822,False,9.162258313894272,-0.04578249156475067,0.28419432044029236,0.9147348403930664,0.0,0.0,0.0,0.0
3028,0.0,,1755709119.8412173,False,9.072905842065811,-0.013553157448768616,0.3221331536769867,0.8932884335517883,0.0,0.0,0.0,0.0
3029,0.0,,1755709119.8506675,False,9.04492106795311,0.0055454811081290245,0.33390113711357117,0.8749200105667114,0.0,0.0,0.0,0.0
3030,0.0,,1755709119.8622684,False,8.863439866304399,0.034202691167593,0.32998013496398926,0.8710138201713562,0.0,0.0,0.0,0.0
3031,0.0,,1755709119.8714504,False,8.93752291917801,0.07372942566871643,0.24946247041225433,0.84768146276474,0.0,0.0,0.0,0.0
3032,0.0,,1755709119.8813498,False,8.773773983716966,0.09696950763463974,0.22511444985866547,0.8294491171836853,0.0,0.0,0.0,0.0
3033,0.0,,1755709119.8906226,False,8.692598258256913,0.13307176530361176,0.24331903457641602,0.8091980814933777,0.0,0.0,0.0,0.0
3034,0.0,,1755709119.9012845,False,8.65559941649437,0.1524537354707718,0.253482848405838,0.7968024015426636,0.0,0.0,0.0,0.0
3035,0.0,,1755709119.9108047,False,8.667435350418092,0.13979007303714752,0.27216199040412903,0.7812996506690979,0.0,0.0,0.0,0.0
3036,0.0,,1755709119.9208174,False,8.665128039121628,0.1455146223306656,0.21884770691394806,0.7571998238563538,0.0,0.0,0.0,0.0
3037,0.0,,1755709119.9329486,False,8.797836445569992,0.11787351220846176,0.1799076944589615,0.7363321185112,0.0,0.0,0.0,0.0
3038,0.0,,1755709119.9452648,False,8.78585433125496,0.08781301230192184,0.1489914357662201,0.7225311398506165,0.0,0.0,0.0,0.0
3039,0.0,,1755709119.9541924,False,8.878347927331925,0.06579162180423737,0.12680752575397491,0.7087278962135315,0.0,0.0,0.0,0.0
3040,0.0,,1755709119.9604857,False,9.008318667411805,0.03668227419257164,0.10022291541099548,0.6935335993766785,0.0,0.0,0.0,0.0
3041,0.0,,1755709119.970132,False,9.120095211267472,0.0046976045705378056,0.06672701984643936,0.6700654625892639,0.0,0.0,0.0,0.0
3042,0.0,,1755709119.9813428,False,9.106796303987503,-0.0457204170525074,0.062338970601558685,0.6657348871231079,0.0,0.0,0.0,0.0
3043,0.0,,1755709119.9910214,False,9.081474351882935,-0.1351890116930008,0.02390846610069275,0.6871787905693054,0.0,0.0,0.0,0.0
3044,0.0,,1755709120.0018394,False,9.283243052959442,-0.15926551818847656,0.005217774771153927,0.6678674817085266,0.0,0.0,0.0,0.0
3045,0.0,,1755709120.0106773,False,9.29435627102852,-0.2037164866924286,-0.02901727333664894,0.6767020225524902,0.0,0.0,0.0,0.0
3046,0.0,,1755709120.0207481,False,9.471715185642243,-0.1902051866054535,-0.03915315493941307,0.6747016310691833,0.0,0.0,0.0,0.0
3047,0.0,,1755709120.0304601,False,9.637743365764619,-0.1833890825510025,-0.04499800503253937,0.6814602613449097,0.0,0.0,0.0,0.0
3048,0.0,,1755709120.0410569,False,9.7234916138649,-0.18873482942581177,-0.05142917484045029,0.6962524056434631,0.0,0.0,0.0,0.0
3049,0.0,,1755709120.0503907,False,9.740370186567308,-0.135859414935112,-0.049201417714357376,0.6984636783599854,0.0,0.0,0.0,0.0
3050,0.0,,1755709120.0601237,False,9.924336454868318,-0.054323915392160416,-0.018838981166481972,0.6593276858329773,0.0,0.0,0.0,0.0
3051,0.0,,1755709120.0708153,False,9.887964434623719,-0.02348274551331997,-0.007254255004227161,0.6638615727424622,0.0,0.0,0.0,0.0
3052,0.0,,1755709120.082261,False,9.808729984760285,-0.034803006798028946,-0.00035865604877471924,0.6828445196151733,0.0,0.0,0.0,0.0
3053,0.0,,1755709120.0908518,False,9.87094085097313,-0.0504760704934597,0.006481928750872612,0.6940473318099976,0.0,0.0,0.0,0.0
3054,0.0,,1755709120.101749,False,9.921592356562615,-0.07412675768136978,-0.03343885764479637,0.6994816660881042,0.0,0.0,0.0,0.0
3055,0.0,,1755709120.1135228,False,9.919736450314522,-0.060197923332452774,-0.059878673404455185,0.6947522163391113,0.0,0.0,0.0,0.0
3056,0.0,,1755709120.1205916,False,9.86062753200531,-0.0946684181690216,-0.07508350908756256,0.7169628739356995,0.0,0.0,0.0,0.0
