33254,332.552999999,,332.55299999904355,False,8.36181446927473,3.283098448277826e-05,-4.683595634981479e-05,2.850315923331183e-05,nan,nan,nan,nan
33255,332.561999999,,332.5619999990435,False,8.361814469274723,3.2825564396437983e-05,-4.682822426464222e-05,2.849845527309046e-05,nan,nan,nan,nan
33256,332.570999999,,332.57099999904347,False,8.361814469274716,3.282014816424414e-05,-4.682049753257888e-05,2.8493752168184856e-05,nan,nan,nan,nan
33257,332.582999999,,332.5829999990434,False,8.361814469274709,3.281292715672288e-05,-4.6810196166967084e-05,2.8487482545030792e-05,nan,nan,nan,nan
33258,332.591999999,,332.59199999904337,False,8.361814469274702,3.280751005137454e-05,-4.680246833446535e-05,2.848278117240624e-05,nan,nan,nan,nan
33259,332.600999999,,332.6009999990433,False,8.361814469274696,3.280209679818143e-05,-4.6794745852159974e-05,2.8478080653432088e-05,nan,nan,nan,nan
33260,332.612999999,,332.61299999904327,False,8.361814469274691,3.2794879762441396e-05,-4.678445015224337e-05,2.8471814478519726e-05,nan,nan,nan,nan
33261,332.621999999,,332.6219999990432,False,8.361814469274687,3.2789465636887074e-05,-4.6776726570111985e-05,2.84671156891621e-05,nan,nan,nan,nan
33262,332.630999999,,332.6309999990432,False,8.361814469274686,3.27840553611174e-05,-4.676900833526979e-05,2.846241775811783e-05,nan,nan,nan,nan
33263,332.642999999,,332.6429999990431,False,8.36181446927468,3.2776842294577394e-05,-4.675871829843158e-05,2.8456155030781015e-05,nan,nan,nan,nan
33264,332.651999999,,332.6519999990431,False,8.361814469274677,3.277143114640541e-05,-4.675099896454211e-05,2.8451458827354866e-05,nan,nan,nan,nan
33265,332.660999999,,332.66099999904304,False,8.361814469274675,3.276602384624857e-05,-4.674328497474242e-05,2.8446763479577534e-05,nan,nan,nan,nan
33266,332.672999999,,332.672999999043,False,8.361814469274673,3.275881474687085e-05,-4.673300059737056e-05,2.844050419615253e-05,nan,nan,nan,nan
33267,332.681999999,,332.68199999904294,False,8.361814469274671,3.275340657445244e-05,-4.672528550928625e-05,2.843581057432798e-05,nan,nan,nan,nan
33268,332.690999999,,332.6909999990429,False,8.361814469274671,3.2748002247767746e-05,-4.671757576243339e-05,2.8431117807153046e-05,nan,nan,nan,nan
33269,332.702999999,,332.70299999904285,False,8.36181446927467,3.274079711338774e-05,-4.670729704144355e-05,2.8424861965974546e-05,nan,nan,nan,nan
33270,332.711999999,,332.7119999990428,False,8.36181446927467,3.27353919155961e-05,-4.669958619664415e-05,2.8420170926750786e-05,nan,nan,nan,nan
33271,332.720999999,,332.72099999904276,False,8.36181446927467,3.2729990561580824e-05,-4.669188069008191e-05,2.841548074084438e-05,nan,nan,nan,nan
33272,332.732999999,,332.7329999990427,False,8.36181446927467,3.272278938984295e-05,-4.6681607622503645e-05,2.8409228340913172e-05,nan,nan,nan,nan
33273,332.741999999,,332.74199999904266,False,8.36181446927467,3.271738716495813e-05,-4.6673901018706224e-05,2.840453988095954e-05,nan,nan,nan,nan
33274,332.750999999,,332.7509999990426,False,8.36181446927467,3.271198878187575e-05,-4.666619975014591e-05,2.8399852274656333e-05,nan,nan,nan,nan
33275,332.762999999,,332.76299999904256,False,8.36181446927467,3.270479157125121e-05,-4.665593233266167e-05,2.839360331397401e-05,nan,nan,nan,nan
33276,332.771999999,,332.7719999990425,False,8.36181446927467,3.2699392318056676e-05,-4.66482299673263e-05,2.838891743329051e-05,nan,nan,nan,nan
33277,332.780999999,,332.7809999990425,False,8.36181446927467,3.26939969040728e-05,-4.664053293463098e-05,2.8384232406590508e-05,nan,nan,nan,nan
33278,332.792999999,,332.7929999990424,False,8.36181446927467,3.268680365217138e-05,-4.6630271164326886e-05,2.8377986883158655e-05,nan,nan,nan,nan
33279,332.801999999,,332.8019999990424,False,8.36181446927467,3.268140736841024e-05,-4.662257303559013e-05,2.8373303578747692e-05,nan,nan,nan,nan
33280,332.810999999,,332.81099999904234,False,8.36181446927467,3.2676014922113096e-05,-4.66148802363253e-05,2.8368621129985556e-05,nan,nan,nan,nan
33281,332.822999999,,332.8229999990423,False,8.36181446927467,3.266882562592113e-05,-4.660462411046919e-05,2.836237903880817e-05,nan,nan,nan,nan
33282,332.831999999,,332.83199999904224,False,8.361814469274671,3.2663432310508317e-05,-4.65969302156155e-05,2.8357698312335087e-05,nan,nan,nan,nan
33283,332.840999999,,332.8409999990422,False,8.36181446927467,3.265804282993157e-05,-4.658924164750018e-05,2.8353018437514002e-05,nan,nan,nan,nan
33284,332.852999999,,332.85299999904214,False,8.361814469274671,3.265085748827346e-05,-4.657899116239354e-05,2.8346779780922575e-05,nan,nan,nan,nan
33285,332.861999999,,332.8619999990421,False,8.36181446927467,3.264546713844724e-05,-4.657130149964395e-05,2.8342101628057482e-05,nan,nan,nan,nan
33286,332.870999999,,332.87099999904206,False,8.361814469274673,3.264008062238364e-05,-4.656361716027817e-05,2.8337424327177457e-05,nan,nan,nan,nan
33287,332.882999999,,332.882999999042,False,8.361814469274671,3.263289923239083e-05,-4.655337231322016e-05,2.8331189102174377e-05,nan,nan,nan,nan
33288,332.891999999,,332.89199999904196,False,8.361814469274671,3.262751184749361e-05,-4.6545686879728127e-05,2.832651352058581e-05,nan,nan,nan,nan
33289,332.900999999,,332.9009999990419,False,8.361814469274673,3.262212829347973e-05,-4.653800676701024e-05,2.832183879264764e-05,nan,nan,nan,nan
33290,332.912999999,,332.91299999904186,False,8.361814469274679,3.261495085328803e-05,-4.6527767554581265e-05,2.83156069982337e-05,nan,nan,nan,nan
33291,332.921999999,,332.9219999990418,False,8.361814469274702,3.2609566431843906e-05,-4.6520086347811126e-05,2.8310933989920064e-05,nan,nan,nan,nan
33292,332.930999999,,332.9309999990418,False,8.36181446927472,3.260418583898893e-05,-4.651241045892144e-05,2.8306261832592286e-05,nan,nan,nan,nan
33293,332.942999999,,332.9429999990417,False,8.361814469274748,3.259701234666631e-05,-4.650217687773528e-05,2.830003346443764e-05,nan,nan,nan,nan
33294,332.951999999,,332.9519999990417,False,8.361814469274767,3.2591630886591124e-05,-4.649449989557397e-05,2.82953630244029e-05,nan,nan,nan,nan
33295,332.960999999,,332.96099999904163,False,8.361814469274787,3.258625325314642e-05,-4.6486828228337335e-05,2.8290693436686326e-05,nan,nan,nan,nan
33296,332.972999999,,332.9729999990416,False,8.36181446927481,3.257908370658062e-05,-4.647660027552758e-05,2.8284468493791754e-05,nan,nan,nan,nan
33297,332.981999999,,332.98199999904153,False,8.361814469274831,3.257370520672638e-05,-4.6468927515725685e-05,2.8279800622702075e-05,nan,nan,nan,nan
33298,332.990999999,,332.9909999990415,False,8.363023791822913,0.0011052534516229585,0.0003385451893689919,4.13825635265865e-05,nan,nan,nan,nan
33299,333.002999999,,333.00299999904144,False,8.368344642602365,0.005820086255004067,0.002030798309822723,0.0001927411431908406,nan,nan,nan,nan
33300,333.011999999,,333.0119999990414,False,8.37505783117207,0.011757487053802964,0.0041618503889114325,0.0005033348406080273,nan,nan,nan,nan
33301,333.020999999,,333.02099999904135,False,8.384044008312227,0.019691725388680907,0.007009628529235022,0.0010622687021589355,nan,nan,nan,nan
33302,333.032999999,,333.0329999990413,False,8.39942990549775,0.03325039081262179,0.01187645413056246,0.002311665249660089,nan,nan,nan,nan
33303,333.041999999,,333.04199999904125,False,8.413365292185386,0.04550589799233862,0.016276449384992817,0.0037112472681323267,nan,nan,nan,nan
33304,333.050999999,,333.0509999990412,False,8.429205566064947,0.059361897682716484,0.02125294170667737,0.0055762419317572495,nan,nan,nan,nan
33305,333.062999999,,333.06299999904115,False,8.453070554631493,0.07995092198344238,0.028652703880364457,0.008888456710520683,nan,nan,nan,nan
33306,333.071999999,,333.0719999990411,False,8.47277776413347,0.0966255453882336,0.03465130379535182,0.01206393016733633,nan,nan,nan,nan
33307,333.080999999,,333.08099999904107,False,8.493846885203006,0.11399634380986469,0.04090706829785147,0.015890305409398574,nan,nan,nan,nan
33308,333.092999999,,333.092999999041,False,8.52382662425773,0.13766208448834508,0.04944251213548404,0.022089756436119455,nan,nan,nan,nan
33309,333.101999999,,333.10199999904097,False,8.547436622246266,0.15533624955661737,0.05582785185265418,0.02762227541457359,nan,nan,nan,nan
33310,333.110999999,,333.1109999990409,False,8.571817757550175,0.17254320513269195,0.06205468338110298,0.0339592123011342,nan,nan,nan,nan
33311,333.122999999,,333.12299999904087,False,8.605024469204622,0.19421583392241107,0.06991341932436322,0.043728310972568435,nan,nan,nan,nan
33312,333.131999999,,333.13199999904083,False,8.629848901428137,0.2091520056874425,0.07534062427749877,0.05209224373163763,nan,nan,nan,nan
33313,333.140999999,,333.1409999990408,False,8.654612047552531,0.22265826256817767,0.08025688278572748,0.06138196656605118,nan,nan,nan,nan
33314,333.152999999,,333.15299999904073,False,8.687594501964224,0.23810246631041937,0.08588845740429812,0.07526032800429773,nan,nan,nan,nan
33315,333.161999999,,333.1619999990407,False,8.712194449930601,0.24757092587370458,0.08934513814543237,0.08682286796987927,nan,nan,nan,nan
33316,333.170999999,,333.17099999904065,False,8.736623599641598,0.2550977922975319,0.09209307867694035,0.09940032571596541,nan,nan,nan,nan
33317,333.182999999,,333.1829999990406,False,8.76890001581294,0.26203220618375844,0.09461727676253202,0.11778420967784921,nan,nan,nan,nan
33318,333.191999999,,333.19199999904055,False,8.792726962346412,0.26490340043438565,0.09564859447678409,0.1328045939962483,nan,nan,nan,nan
33319,333.200999999,,333.2009999990405,False,8.8161436554934,0.2658012508272298,0.095945316438267,0.1488962835470011,nan,nan,nan,nan
33320,333.212999999,,333.21299999904045,False,8.846663525545416,0.26403897843531793,0.09523230692277965,0.1720364419293631,nan,nan,nan,nan
33321,333.221999999,,333.2219999990404,False,8.868854077625047,0.26061577687131704,0.09390548077335402,0.1906640727342256,nan,nan,nan,nan
33322,333.230999999,,333.23099999904036,False,8.890354362062705,0.25550447090163925,0.09193899700868129,0.21038607883514182,nan,nan,nan,nan
33323,333.242999999,,333.2429999990403,False,8.917879099891715,0.24626126946847296,0.08839294822955518,0.2383852929298627,nan,nan,nan,nan
33324,333.251999999,,333.25199999904027,False,8.937501376506297,0.23767057022225527,0.08510029955394395,0.26065822025136287,nan,nan,nan,nan
33325,333.260999999,,333.2609999990402,False,8.956165242126543,0.22780063469176487,0.08131863291652994,0.28401518954540195,nan,nan,nan,nan
33326,333.272999999,,333.27299999904017,False,8.979502347473586,0.21285538680296345,0.07559543156407994,0.31682797548933783,nan,nan,nan,nan
33327,333.281999999,,333.2819999990401,False,8.995700677565726,0.20046344763687998,0.0708544804651711,0.3426736846812524,nan,nan,nan,nan
33328,333.290999999,,333.2909999990401,False,9.010712963654528,0.18719256887968247,0.06578401734545787,0.3695606201211931,nan,nan,nan,nan
33329,333.302999999,,333.30299999904,False,9.028844694419217,0.1683038881800042,0.05858488294177596,0.40699734941053833,nan,nan,nan,nan
33330,333.311999999,,333.31199999904,False,9.040914485552433,0.1533707720144178,0.052913069266025625,0.4362372234934434,nan,nan,nan,nan
33331,333.320999999,,333.32099999903994,False,9.051623749473116,0.1378965809451912,0.047058887607254206,0.4664451525770449,nan,nan,nan,nan
33332,333.332999999,,333.3329999990399,False,9.063764769989328,0.11655811723462361,0.03903449937127737,0.5081814812109504,nan,nan,nan,nan
33333,333.341999999,,333.34199999903984,False,9.07118252096474,0.10012638733105968,0.03290158439483915,0.5405392441358775,nan,nan,nan,nan
33334,333.350999999,,333.3509999990398,False,9.07712173408683,0.08342584027603739,0.026717180559123192,0.5737647911981246,nan,nan,nan,nan
33335,333.362999999,,333.36299999903974,False,9.08273511365527,0.06084523588121919,0.018448106821380584,0.6193560838511364,nan,nan,nan,nan
33336,333.371999999,,333.3719999990397,False,9.085163276004378,0.04375526081110029,0.012272559806455386,0.6544697826738983,nan,nan,nan,nan
33337,333.380999999,,333.38099999903966,False,9.08604979459884,0.026616289654690328,0.006162260666374972,0.690328071515432,nan,nan,nan,nan
33338,333.392999999,,333.3929999990396,False,9.084840982144097,0.0037695820443341154,-0.0018330259922691237,0.7392279074135327,nan,nan,nan,nan
33339,333.401999999,,333.40199999903956,False,9.082119808453468,-0.013298169434404566,-0.00767715975366436,0.7766646662285784,nan,nan,nan,nan
33340,333.410999999,,333.4109999990395,False,9.077844757906037,-0.030237585747731964,-0.013352286542239482,0.8147047297738306,nan,nan,nan,nan
33341,333.422999999,,333.42299999903946,False,9.069744405635687,-0.05256267938014965,-0.020612629424774483,0.8662863135171904,nan,nan,nan,nan
33342,333.431999999,,333.4319999990394,False,9.061877297125402,-0.06906285771103958,-0.02579508878434726,0.9055589168263328,nan,nan,nan,nan
33343,333.440999999,,333.4409999990394,False,9.052489757629056,-0.08529620384056344,-0.03071921485742641,0.9452806178624439,nan,nan,nan,nan
33344,333.452999999,,333.4529999990393,False,9.037631245343665,-0.10648341359956032,-0.03684707088883905,0.9988596817204523,nan,nan,nan,nan
33345,333.461999999,,333.4619999990393,False,9.024767180378156,-0.12199693952183699,-0.041088298884374215,1.039443864874384,nan,nan,nan,nan
33346,333.470999999,,333.47099999903924,False,9.010456211314313,-0.1371416794102329,-0.044999043411819754,1.080315158615335,nan,nan,nan,nan
33347,333.482999999,,333.4829999990392,False,8.98915126238382,-0.15673546119345472,-0.049672439580931614,1.1351727426432658,nan,nan,nan,nan
33348,333.491999999,,333.49199999903914,False,8.971566409636791,-0.1709591425845601,-0.05275261354625658,1.1765239570660275,nan,nan,nan,nan
33349,333.500999999,,333.5009999990391,False,8.952642688470116,-0.18474320019885626,-0.05544959518873569,1.2179972643903674,nan,nan,nan,nan
33350,333.512999999,,333.51299999903904,False,8.92535707150091,-0.2024248044757036,-0.05843215108961167,1.2734007820971611,nan,nan,nan,nan
33351,333.521999999,,333.521999999039,False,8.903436922051757,-0.21514874309480578,-0.06019734039533029,1.3149693485384901,nan,nan,nan,nan
33352,333.530999999,,333.53099999903895,False,8.88031529075065,-0.22738415239662402,-0.06154700689695312,1.3564961341208095,nan,nan,nan,nan
33353,333.542999999,,333.5429999990389,False,8.847645967480313,-0.2429315167267166,-0.06269227451303419,1.4117178898630998,nan,nan,nan,nan
33354,333.551999999,,333.55199999903886,False,8.821868209123616,-0.25400626921554825,-0.06305622480401527,1.452962073531844,nan,nan,nan,nan
33355,333.560999999,,333.5609999990388,False,8.795050275610993,-0.2645549757175546,-0.06299253888095425,1.4940050264867204,nan,nan,nan,nan
33356,333.572999999,,333.57299999903876,False,8.757701765714476,-0.27779658630124976,-0.062243561399435675,1.5483367314592411,nan,nan,nan,nan
33357,333.581999999,,333.5819999990387,False,8.728618639041025,-0.28709931284847345,-0.061186648300788286,1.5887322431340665,nan,nan,nan,nan
33358,333.590999999,,333.5909999990387,False,8.698675493970864,-0.29584089815165926,-0.059709698678396976,1.6287736640105621,nan,nan,nan,nan
33359,333.602999999,,333.6029999990386,False,8.657437460502164,-0.30661634129278453,-0.05709705231357613,1.6815361468031704,nan,nan,nan,nan
33360,333.611999999,,333.6119999990386,False,8.62565931412589,-0.3140246031135846,-0.05466503530427898,1.7205824829860652,nan,nan,nan,nan
33361,333.620999999,,333.62099999903853,False,8.593215281868316,-0.320833461987596,-0.05184021439505822,1.759129903394689,nan,nan,nan,nan
33362,333.632999999,,333.6329999990385,False,8.548941036726363,-0.32896865444040196,-0.0474818661565785,1.8096795702465573,nan,nan,nan,nan
33363,333.641999999,,333.64199999903843,False,8.515120380079956,-0.33434623317164586,-0.04378665083675892,1.8469041543838405,nan,nan,nan,nan
33364,333.650999999,,333.6509999990384,False,8.480837230634283,-0.3390812122909745,-0.03974624202723672,1.883493946005403,nan,nan,nan,nan
33365,333.662999999,,333.66299999903833,False,8.434422917036787,-0.34438040079280074,-0.033850981542684136,1.9312268895698244,nan,nan,nan,nan
33366,333.671999999,,333.6719999990383,False,8.39923904658176,-0.34757549471691446,-0.029074123099676573,1.9661877266446943,nan,nan,nan,nan
33367,333.680999999,,333.68099999903825,False,8.364181341007143,-0.35006517142415766,-0.024020336685061094,2.0003874892389946,nan,nan,nan,nan
33368,333.692999999,,333.6929999990382,False,8.318118735425946,-0.352246473632294,-0.016890594552628865,2.0447426975540286,nan,nan,nan,nan
33369,333.701999999,,333.70199999903815,False,8.284239545478565,-0.3530055818814988,-0.011285707500628296,2.0770311728498814,nan,nan,nan,nan
33370,333.710999999,,333.7109999990381,False,8.250975536618153,-0.35299280001269345,-0.005499296166010761,2.1084431199888534,nan,nan,nan,nan
33371,333.722999999,,333.72299999903805,False,8.207517681956391,-0.35175844897501035,0.0024442854357795856,2.1489070897121993,nan,nan,nan,nan
33372,333.731999999,,333.731999999038,False,8.17575478439653,-0.34990096934383474,0.008527215344312793,2.178150658146923,nan,nan,nan,nan
33373,333.740999999,,333.74099999903797,False,8.144737699018133,-0.3472336928881997,0.014668953762149032,2.20641303560601,nan,nan,nan,nan
33374,333.752999999,,333.7529999990379,False,8.10446943727535,-0.3424123159886075,0.02288318644271574,2.2425205671640214,nan,nan,nan,nan
33375,333.761999999,,333.76199999903787,False,8.075227210918325,-0.3378407659383605,0.029007557139202413,2.2683835645271446,nan,nan,nan,nan
33376,333.770999999,,333.7709999990378,False,8.046833554674976,-0.3324534274142136,0.03504469831516803,2.293172407605398,nan,nan,nan,nan
33377,333.782999999,,333.78299999903777,False,8.010221945452006,-0.3240130946668258,0.042882670405249936,2.3245102961010033,nan,nan,nan,nan
33378,333.791999999,,333.7919999990377,False,7.983827177842544,-0.31674878677589996,0.04854081015901593,2.346697304133929,nan,nan,nan,nan
33379,333.800999999,,333.8009999990377,False,7.958366423182741,-0.3087037640533995,0.053949720364315105,2.3677299745272946,nan,nan,nan,nan
33380,333.812999999,,333.81299999903763,False,7.925801875086097,-0.29679348319727833,0.06069317791050375,2.393941756844882,nan,nan,nan,nan
33381,333.821999999,,333.8219999990376,False,7.902531812922271,-0.2869985353220221,0.06533569104062555,2.412201070469304,nan,nan,nan,nan
33382,333.830999999,,333.83099999903754,False,7.8802693085092095,-0.27650140681675595,0.0695623994583997,2.4292395333706542,nan,nan,nan,nan
33383,333.842999999,,333.8429999990375,False,7.852089763073712,-0.26146275643711414,0.07447199308875431,2.450029390803705,nan,nan,nan,nan
33384,333.851999999,,333.85199999903745,False,7.83218602797429,-0.24944360648315422,0.07754928244149127,2.464155471723157,nan,nan,nan,nan
33385,333.860999999,,333.8609999990374,False,7.8133537865163785,-0.2368431660943541,0.08005381510840066,2.4770082488296126,nan,nan,nan,nan
33386,333.872999999,,333.87299999903735,False,7.789855006665934,-0.21920606651391925,0.08243187172347533,2.4921427103240714,nan,nan,nan,nan
33387,333.881999999,,333.8819999990373,False,7.773528608099303,-0.2054077079003441,0.08344335772933306,2.5019767176990606,nan,nan,nan,nan
33388,333.890999999,,333.89099999903726,False,7.758328344476437,-0.1911882223549944,0.08375022093281459,2.5104987386383013,nan,nan,nan,nan
33389,333.902999999,,333.9029999990372,False,7.73976540372425,-0.17165753379109755,0.0830092302379418,2.5198054044435674,nan,nan,nan,nan
33390,333.911999999,,333.91199999903716,False,7.727196196915632,-0.15665092750257356,0.0815549535927426,2.52523344032076,nan,nan,nan,nan
33391,333.920999999,,333.9209999990371,False,7.71579758924129,-0.14141704057938784,0.07930434978964125,2.5293236389789353,nan,nan,nan,nan
33392,333.932999999,,333.93299999903707,False,7.702381001959471,-0.12084786597325055,0.07503386077133618,2.5326870577927334,nan,nan,nan,nan
33393,333.941999999,,333.941999999037,False,7.693713794756233,-0.1053074706364698,0.0708629738952597,2.533636480196182,nan,nan,nan,nan
33394,333.950999999,,333.950999999037,False,7.6862498746908035,-0.08975794134964918,0.06585726858287791,2.533233697265605,nan,nan,nan,nan
33395,333.962999999,,333.9629999990369,False,7.678138493026797,-0.06911416307532964,0.05788191355429365,2.530589443804982,nan,nan,nan,nan
33396,333.971999999,,333.9719999990369,False,7.673477104662374,-0.053781743414478035,0.050932618793807706,2.5270242297173473,nan,nan,nan,nan
33397,333.980999999,,333.98099999903684,False,7.670037855470538,-0.03866881755585455,0.043172634184131586,2.5221025442833653,nan,nan,nan,nan
33398,333.992999999,,333.9929999990368,False,7.667329667359612,-0.018962090838432203,0.03159406975356342,2.513431162728161,nan,nan,nan,nan
33399,334.001999999,,334.00199999903674,False,7.666729588254936,-0.004596110767015067,0.022019627913080063,2.505347655224341,nan,nan,nan,nan
33400,334.010999999,,334.0109999990367,False,7.667354252701439,0.009328829425720605,0.011725447294318635,2.495912516153311,nan,nan,nan,nan
33401,334.022999999,,334.02299999903664,False,7.670075564823741,0.027116602498053977,-0.0030587094044658763,2.4812351573467737,nan,nan,nan,nan
33402,334.031999999,,334.0319999990366,False,7.673535466066413,0.039802137264468615,-0.014882877644306913,2.4686595263785294,nan,nan,nan,nan
33403,334.040999999,,334.04099999903656,False,7.678203737387317,0.05185149381225419,-0.027271287378559026,2.454745944029766,nan,nan,nan,nan
33404,334.052999999,,334.0529999990365,False,7.6862968921032255,0.06685354645098082,-0.0445771616099867,2.4341232229877705,nan,nan,nan,nan
33405,334.061999999,,334.06199999903646,False,7.693749054210953,0.07725315757810242,-0.05806888224377692,2.417111637943768,nan,nan,nan,nan
33406,334.070999999,,334.0709999990364,False,7.702371200432989,0.08686619357555031,-0.07191414833487272,2.3987852861433834,nan,nan,nan,nan
33407,334.082999999,,334.08299999903636,False,7.715680889546629,0.0984120314762686,-0.090812559433883,2.3723202357779956,nan,nan,nan,nan
33408,334.091999999,,334.0919999990363,False,7.726980607417572,0.10608627369462544,-0.10522165625756663,2.3509621991997447,nan,nan,nan,nan
33409,334.100999999,,334.1009999990363,False,7.739386605799163,0.1128827594201225,-0.11973433128020279,2.328323691633815,nan,nan,nan,nan
33410,334.112999999,,334.1129999990362,False,7.757644932758662,0.12056242191748388,-0.13912083121510974,2.296168873852691,nan,nan,nan,nan
33411,334.121999999,,334.1219999990362,False,7.772559056092133,0.12527971109439257,-0.15358815226817588,2.270593548356661,nan,nan,nan,nan
33412,334.130999999,,334.13099999903613,False,7.788486943852224,0.1290955399184129,-0.16789055986853393,2.243785548796532,nan,nan,nan,nan
33413,334.142999999,,334.1429999990361,False,7.811297589790564,0.13279658788340384,-0.18657681524728637,2.2061536284564904,nan,nan,nan,nan
33414,334.151999999,,334.15199999903604,False,7.829492518179543,0.13455254750861348,-0.200206325918174,2.1765384796711613,nan,nan,nan,nan
33415,334.160999999,,334.160999999036,False,7.848576316249795,0.1354515226575363,-0.21340660996408312,2.145754849193488,nan,nan,nan,nan
33416,334.172999999,,334.17299999903594,False,7.875398344755214,0.13536275681680268,-0.23022053457107033,2.1029313848569013,nan,nan,nan,nan
33417,334.181999999,,334.1819999990359,False,7.89642794073889,0.13437399326468166,-0.24215410471216886,2.0695120653293197,nan,nan,nan,nan
33418,334.190999999,,334.19099999903585,False,7.918185690250635,0.1326339748899083,-0.2534195220507717,2.0350078610774736,nan,nan,nan,nan
33419,334.202999999,,334.2029999990358,False,7.948317841700183,0.12921551517118712,-0.2672989736398079,1.9873646157501514,nan,nan,nan,nan
33420,334.211999999,,334.21199999903575,False,7.971611971058569,0.12588909044769603,-0.2767823260645515,1.9504447908633509,nan,nan,nan,nan
33421,334.220999999,,334.2209999990357,False,7.995434610567857,0.12196508385932407,-0.2854003845390739,1.9125458425164983,nan,nan,nan,nan
33422,334.232999999,,334.23299999903566,False,8.028001024267013,0.11589021609509659,-0.2954658054206906,1.8605529967030678,nan,nan,nan,nan
33423,334.241999999,,334.2419999990356,False,8.052855382431751,0.11077424640967909,-0.3018953716527424,1.8205129696509725,nan,nan,nan,nan
33424,334.250999999,,334.25099999903557,False,8.077997083268308,0.10524492256006147,-0.30731339695732585,1.7796239518955999,nan,nan,nan,nan
33425,334.262999999,,334.2629999990355,False,8.111935207497371,0.09732380733939362,-0.312908434692828,1.723859876520208,nan,nan,nan,nan
33426,334.271999999,,334.2719999990355,False,8.137502950642014,0.09104764180355382,-0.31585227972499225,1.6811630880549286,nan,nan,nan,nan
33427,334.280999999,,334.28099999903543,False,8.163073378028491,0.08455431252470827,-0.31768989526401004,1.637773243214572,nan,nan,nan,nan
33428,334.292999999,,334.2929999990354,False,8.197124604125413,0.07565217623203771,-0.31838483028940173,1.578930836821965,nan,nan,nan,nan
33429,334.301999999,,334.30199999903533,False,8.222410117340917,0.06886582129498693,-0.3175754500603799,1.5341275976216404,nan,nan,nan,nan
33430,334.310999999,,334.3109999990353,False,8.24736889046262,0.062053492698429726,-0.3156092206371244,1.488813559069827,nan,nan,nan,nan
33431,334.322999999,,334.32299999903523,False,8.280072194359127,0.053015770667747805,-0.31116837569922645,1.4277025639766432,nan,nan,nan,nan
33432,334.331999999,,334.3319999990352,False,8.303927156010577,0.04633742107828585,-0.3064697706344827,1.3814306918431147,nan,nan,nan,nan
33433,334.340999999,,334.34099999903515,False,8.327080632424444,0.039806184656287116,-0.30059359135487146,1.3348561759398117,nan,nan,nan,nan
33434,334.352999999,,334.3529999990351,False,8.356769369126466,0.03140048151679838,-0.29091307562023994,1.2724013116288353,nan,nan,nan,nan
33435,334.361999999,,334.36199999903505,False,8.377891221216577,0.02537855864056833,-0.2822678178137793,1.2253836621227643,nan,nan,nan,nan
33436,334.370999999,,334.370999999035,False,8.397891737376954,0.019650769299134452,-0.2724353636633571,1.178296110437012,nan,nan,nan,nan
33437,334.382999999,,334.38299999903495,False,8.422693842112695,0.012531350744555171,-0.25746014283086827,1.1155312757406344,nan,nan,nan,nan
33438,334.391999999,,334.3919999990349,False,8.439626939064818,0.007624150382435208,-0.24482332126986317,1.0685704594584842,nan,nan,nan,nan
33439,334.400999999,,334.40099999903487,False,8.454974876884805,0.003129486992373594,-0.23097931154586215,1.0217950116968366,nan,nan,nan,nan
33440,334.412999999,,334.4129999990348,False,8.472817169391439,-0.0021743892605237598,-0.2106080349093905,0.9598541934487219,nan,nan,nan,nan
33441,334.421999999,,334.42199999903477,False,8.483957309310568,-0.005601481974020024,-0.19387369745914418,0.9138250510136238,nan,nan,nan,nan
33442,334.430999999,,334.4309999990347,False,8.493006881247503,-0.008523894826768881,-0.1758787637735032,0.8682564937989179,nan,nan,nan,nan
33443,334.442999999,,334.44299999903467,False,8.501625018486747,-0.011597923509632803,-0.14986112826274905,0.8083623459991686,nan,nan,nan,nan
33444,334.451999999,,334.4519999990346,False,8.505228822432228,-0.013259838004581642,-0.12878338747372167,0.7642029710749045,nan,nan,nan,nan
33445,334.460999999,,334.4609999990346,False,8.506199348384703,-0.014344796387803178,-0.10633332456603556,0.7207964991106118,nan,nan,nan,nan
33446,334.472999999,,334.4729999990345,False,8.502819506553944,-0.01486211717930871,-0.07416184035611202,0.6642478005104833,nan,nan,nan,nan
33447,334.481999999,,334.4819999990345,False,8.496120318881305,-0.014530278518917276,-0.04827358559822829,0.6229503251201958,nan,nan,nan,nan
33448,334.490999999,,334.49099999903444,False,8.487078627973613,-0.013474093962130012,-0.021946269887214594,0.5826970411614782,nan,nan,nan,nan
33449,334.502999999,,334.5029999990344,False,8.473645676819608,-0.01085945240708792,0.011865752880413338,0.5306888709705491,nan,nan,nan,nan
33450,334.511999999,,334.51199999903434,False,8.463149092499632,-0.008072711675248843,0.03595165767735691,0.49294408171214443,nan,nan,nan,nan
33451,334.520999999,,334.5209999990343,False,8.452818076108796,-0.004659141806411582,0.05863808072480353,0.4562914284189958,nan,nan,nan,nan
33452,334.532999999,,334.53299999903425,False,8.439400641640567,0.0007266498899301228,0.08628718171790922,0.40912996923843387,nan,nan,nan,nan
nan,nan,nan,nan
33452,334.532999999,,334.53299999903425,False,8.439400641640567,0.0007266498899301228,0.08628718171790922,0.40912996923843387,nan,nan,nan,nan
33453,334.541999999,,334.5419999990342,False,8.429711740098076,0.005271243365605611,0.10477553032948556,0.375045546616726,nan,nan,nan,nan
33454,334.550999999,,334.55099999903416,False,8.420404762491698,0.010131916511352188,0.12109578948811496,0.3420674028445974,nan,nan,nan,nan
33455,334.562999999,,334.5629999990341,False,8.408635705131822,0.01692276245419971,0.13926370644982725,0.2998161566340208,nan,nan,nan,nan
33456,334.571999999,,334.57199999903406,False,8.40034925828063,0.022105962154258516,0.15010378506940833,0.26941439243196175,nan,nan,nan,nan
33457,334.580999999,,334.580999999034,False,8.392547151948728,0.027238535745093235,0.15852401527674462,0.24011203906803924,nan,nan,nan,nan
33458,334.592999999,,334.59299999903396,False,8.382892703408512,0.033826047758753516,0.16608792639003642,0.2027412243366712,nan,nan,nan,nan
33459,334.601999999,,334.6019999990339,False,8.37623578316734,0.03844881656708351,0.1691548575888991,0.1759771582869741,nan,nan,nan,nan
33460,334.610999999,,334.6109999990339,False,8.370075280575433,0.042695199903051616,0.17014250415452328,0.15028716092455408,nan,nan,nan,nan
33461,334.622999999,,334.6229999990338,False,8.362600255712518,0.0476467016483668,0.16854738988083728,0.11768499777870661,nan,nan,nan,nan
33462,334.631999999,,334.6319999990338,False,8.357547739152357,0.05075033856637977,0.1654369289362841,0.09445561581921012,nan,nan,nan,nan
33463,334.640999999,,334.64099999903374,False,8.352952809972486,0.053275500761119796,0.16092332295484513,0.07225961391515667,nan,nan,nan,nan
33464,334.652999999,,334.6529999990337,False,8.347494485247015,0.05569589048074312,0.15309820942445113,0.044246153609527196,nan,nan,nan,nan
33465,334.661999999,,334.66199999903364,False,8.343889354388809,0.05678559008888834,0.14614945392966308,0.024401202125560437,nan,nan,nan,nan
33466,334.670999999,,334.6709999990336,False,8.340681323590076,0.05725214320026618,0.1384982706113678,0.005536941623497017,nan,nan,nan,nan
33467,334.682999999,,334.68299999903354,False,8.336978117437171,0.05693442002783482,0.12750887628449228,-0.018121178534305084,nan,nan,nan,nan
33468,334.691999999,,334.6919999990335,False,8.334612985824355,0.05602935169816775,0.11888165510981918,-0.03476831785711401,nan,nan,nan,nan
33469,334.700999999,,334.70099999903346,False,8.332578934516457,0.05459521054481028,0.11008353550092329,-0.050496446075759246,nan,nan,nan,nan
33470,334.712999999,,334.7129999990334,False,8.330342409070024,0.05194200300198748,0.09827707069626403,-0.07007267007227592,nan,nan,nan,nan
33471,334.721999999,,334.72199999903336,False,8.329000623167406,0.049466762013177026,0.08948550708819139,-0.08373560438311972,nan,nan,nan,nan
33472,334.730999999,,334.7309999990333,False,8.327925244732077,0.04664124275271377,0.08084008232863142,-0.09654774304054796,nan,nan,nan,nan
33473,334.742999999,,334.74299999903326,False,8.326871558180931,0.04243070869764479,0.06963239137700138,-0.11234464586372912,nan,nan,nan,nan
33474,334.751999999,,334.7519999990332,False,8.326344447473646,0.03901833940487324,0.06152129292786095,-0.12325629083342769,nan,nan,nan,nan
33475,334.760999999,,334.7609999990332,False,8.326023445638612,0.03545584185268364,0.053707866377458044,-0.1333898104330653,nan,nan,nan,nan
33476,334.772999999,,334.7729999990331,False,8.325887280310514,0.030565036488028077,0.04378636837661365,-0.14572980786630774,nan,nan,nan,nan
33477,334.781999999,,334.7819999990331,False,8.325982446378251,0.0268573572699275,0.036737019714897325,-0.15413567183941548,nan,nan,nan,nan
33478,334.790999999,,334.79099999903303,False,8.326229515085448,0.023171183970755266,0.030044524797314894,-0.1618386150212403,nan,nan,nan,nan
33479,334.802999999,,334.802999999033,False,8.326771873416739,0.018356713592518267,0.021683804803255952,-0.17105542340193264,nan,nan,nan,nan
33480,334.811999999,,334.81199999903293,False,8.327318025905884,0.01486578578702028,0.015840116711718817,-0.17720734133560098,nan,nan,nan,nan
33481,334.820999999,,334.8209999990329,False,8.327968903686378,0.011514298339332402,0.010373159138054823,-0.18273228409487074,nan,nan,nan,nan
33482,334.832999999,,334.83299999903284,False,8.328981387801925,0.0072998785135276,0.0036680492624875712,-0.18916296877260227,nan,nan,nan,nan
33483,334.841999999,,334.8419999990328,False,8.32983077291459,0.004352426033284963,-0.0009237281937956431,-0.19331334883656437,nan,nan,nan,nan
33484,334.850999999,,334.85099999903275,False,8.33074506610353,0.0016065291522382099,-0.005135887554020904,-0.19691185928776814,nan,nan,nan,nan
33485,334.862999999,,334.8629999990327,False,8.33205147538606,-0.0017286099670518035,-0.010169499351273361,-0.2008898222520173,nan,nan,nan,nan
33486,334.871999999,,334.87199999903265,False,8.333080544726066,-0.003979833339105799,-0.0135142160243666,-0.20328669671435382,nan,nan,nan,nan
33487,334.880999999,,334.8809999990326,False,8.334142012187936,-0.006011576956629332,-0.016491464682659697,-0.20520466908986845,nan,nan,nan,nan
33488,334.892999999,,334.89299999903255,False,8.335598213191057,-0.008383355090270519,-0.019905342474502895,-0.20705388152045126,nan,nan,nan,nan
33489,334.901999999,,334.9019999990325,False,8.336707203982634,-0.009914671340481046,-0.022062236474456813,-0.20793692345688305,nan,nan,nan,nan
33490,334.910999999,,334.91099999903247,False,8.337823095121843,-0.011237481783795146,-0.023882355534901856,-0.20841088405376443,nan,nan,nan,nan
33491,334.922999999,,334.9229999990324,False,8.33931579291337,-0.012690543723685365,-0.02580992651202654,-0.20844139576201412,nan,nan,nan,nan
33492,334.931999999,,334.93199999903237,False,8.340427569023072,-0.013558721039085545,-0.026901249180999395,-0.20803886232500599,nan,nan,nan,nan
33493,334.940999999,,334.94099999903233,False,8.341527270488253,-0.014245601095501952,-0.027704695024671596,-0.20729316516077634,nan,nan,nan,nan
33494,334.952999999,,334.9529999990323,False,8.342971905553428,-0.014897598536314517,-0.028359426565774875,-0.20579773412073485,nan,nan,nan,nan
33495,334.961999999,,334.96199999903223,False,8.344030168027963,-0.015202899428791267,-0.028562612733098746,-0.20432419753784406,nan,nan,nan,nan
33496,334.970999999,,334.9709999990322,False,8.345063237946048,-0.015362029877369357,-0.028539138431583337,-0.20256896308256703,nan,nan,nan,nan
33497,334.982999999,,334.98299999903213,False,8.346401094396041,-0.015366597723991465,-0.02818909678174827,-0.19982060980092736,nan,nan,nan,nan
33498,334.991999999,,334.9919999990321,False,8.347368027346928,-0.015229376354309751,-0.0277131598539802,-0.1974753363514816,nan,nan,nan,nan
33499,335.000999999,,335.00099999903205,False,8.348301693914177,-0.014983968939613948,-0.02707554337122994,-0.19490500265991065,nan,nan,nan,nan
33500,335.012999999,,335.012999999032,False,8.349496349198574,-0.01450799963835532,-0.026006166341760867,-0.19115533122987574,nan,nan,nan,nan
33501,335.021999999,,335.02199999903195,False,8.350349823799649,-0.014054084666017073,-0.025063544192509456,-0.18812120151259284,nan,nan,nan,nan
33502,335.030999999,,335.0309999990319,False,8.351166094488272,-0.01352935710184904,-0.024020336338982467,-0.18491359032624502,nan,nan,nan,nan
33503,335.042999999,,335.04299999903185,False,8.352199442780103,-0.012737448194724825,-0.022500833958313444,-0.18039175833893734,nan,nan,nan,nan
33504,335.051999999,,335.0519999990318,False,8.35292997844353,-0.012087468417805468,-0.021284996389973818,-0.17683464767832913,nan,nan,nan,nan
33505,335.060999999,,335.06099999903176,False,8.353622576824778,-0.011400629162311611,-0.020020985751400197,-0.17315046912442064,nan,nan,nan,nan
33506,335.072999999,,335.0729999990317,False,8.354490736056217,-0.010442592956772367,-0.01828301727294508,-0.16806271032669826,nan,nan,nan,nan
33507,335.081999999,,335.08199999903167,False,8.35509845941038,-0.009703234844938267,-0.0169560132711967,-0.1641312606323858,nan,nan,nan,nan
33508,335.090999999,,335.0909999990316,False,8.355669830894092,-0.0089553344146906,-0.015622679287261276,-0.16011399029954518,nan,nan,nan,nan
33509,335.102999999,,335.10299999903157,False,8.356379246580364,-0.007956389492341424,-0.013851709456761983,-0.15464360526007748,nan,nan,nan,nan
33510,335.111999999,,335.1119999990315,False,8.356871069854657,-0.0072139559898670765,-0.012540339940529794,-0.15046932742610514,nan,nan,nan,nan
33511,335.120999999,,335.1209999990315,False,8.357329661739746,-0.006484345506416673,-0.011253933577086109,-0.14624539721749397,nan,nan,nan,nan
33512,335.132999999,,335.1329999990314,False,8.357893650626407,-0.005539260331034785,-0.009589040759668694,-0.1405531375474699,nan,nan,nan,nan
33513,335.141999999,,335.1419999990314,False,8.358280825705437,-0.004856495913851597,-0.00838606512741893,-0.13625079144506597,nan,nan,nan,nan
33514,335.150999999,,335.15099999903134,False,8.35863877420024,-0.004200727721515268,-0.007229656748859452,-0.13193004416451298,nan,nan,nan,nan
33515,335.162999999,,335.1629999990313,False,8.359074647692996,-0.0033726704783879416,-0.005767163692215765,-0.12615482959448635,nan,nan,nan,nan
33516,335.171999999,,335.17199999903124,False,8.359370773281016,-0.0027890759429438257,-0.004734456330558217,-0.1218230418331099,nan,nan,nan,nan
33517,335.180999999,,335.1809999990312,False,8.359642052066047,-0.0022401500199476583,-0.00376131305630722,-0.11749941416050161,nan,nan,nan,nan
33518,335.192999999,,335.19299999903114,False,8.359968859346115,-0.0015636331902398864,-0.0025594905636483487,-0.11175933699281951,nan,nan,nan,nan
33519,335.201999999,,335.2019999990311,False,8.360188349465957,-0.0010984898043548213,-0.0017316601973165235,-0.10748141713415303,nan,nan,nan,nan
33520,335.210999999,,335.21099999903106,False,8.360387372982743,-0.0006704424185084936,-0.0009689239444445777,-0.10323380286780984,nan,nan,nan,nan
33521,335.222999999,,335.222999999031,False,8.360624236564934,-0.00015677616656857468,-5.3003047547059586e-05,-0.09762734300293026,nan,nan,nan,nan
33522,335.231999999,,335.23199999903096,False,8.360781218372223,0.0001864170679225517,0.0005587404769866336,-0.09347223765973721,nan,nan,nan,nan
33523,335.240999999,,335.2409999990309,False,8.360921858394526,0.0004939041666304598,0.0011060704545400894,-0.08936547512638905,nan,nan,nan,nan
33524,335.252999999,,335.25299999903086,False,8.361086832754689,0.0008503629187296779,0.0017383666779934228,-0.08397286390516757,nan,nan,nan,nan
33525,335.261999999,,335.2619999990308,False,8.361194412408247,0.001079231565890783,0.0021418764388093548,-0.0799962117168119,nan,nan,nan,nan
33526,335.270999999,,335.2709999990308,False,8.361289360867875,0.0012762781361443471,0.0024864448461173914,-0.0760821632469223,nan,nan,nan,nan
33527,335.282999999,,335.2829999990307,False,8.361398719456917,0.0014923024766714398,0.0028586574876836033,-0.07096685617339173,nan,nan,nan,nan
33528,335.291999999,,335.2919999990307,False,8.361468543398097,0.0016214620058324345,0.003076004590008507,-0.06721211387837064,nan,nan,nan,nan
33529,335.300999999,,335.30099999903064,False,8.361528948797545,0.0017240864001415738,0.0032431514575205645,-0.06353080729589891,nan,nan,nan,nan
33530,335.312999999,,335.3129999990306,False,8.361596803802144,0.0018227553331505036,0.003393385657972668,-0.058741025458807855,nan,nan,nan,nan
33531,335.321999999,,335.32199999903054,False,8.361638845631422,0.0018704829879520092,0.0034558116836829024,-0.0552406352036207,nan,nan,nan,nan
33532,335.330999999,,335.3309999990305,False,8.361674155439145,0.0018975250723690202,0.003478560976410998,-0.05182143797001584,nan,nan,nan,nan
33533,335.342999999,,335.34299999903044,False,8.361712324059242,0.0019044973997362842,0.003452936182291769,-0.047391740110481764,nan,nan,nan,nan
33534,335.351999999,,335.3519999990304,False,8.361734835822096,0.001890207221822943,0.0033960965967627676,-0.04416831045917032,nan,nan,nan,nan
33535,335.360999999,,335.36099999903035,False,8.361752786865978,0.0018610261413092904,0.0033105835053758932,-0.041031109915898756,nan,nan,nan,nan
33536,335.366999999,,335.366999999,False,2.5396983575820924,-0.4607764482498169,0.11686131358146667,-0.507258951663971,nan,nan,nan,nan
33537,335.375999999,,335.375999999,False,6.015947585105896,0.27186262607574463,0.22261479496955872,-0.20680175721645355,nan,nan,nan,nan
33538,335.387999999,,335.387999999,False,6.797213948965073,0.09745301306247711,0.28154006600379944,-0.42515236139297485,nan,nan,nan,nan
33539,335.396999999,,335.396999999,False,7.450871847867966,0.04020044580101967,-0.07097694277763367,-0.3470688760280609,nan,nan,nan,nan
33540,335.405999999,,335.405999999,False,6.9630164265632635,0.12922731041908264,-0.3947928249835968,-0.2948674261569977,nan,nan,nan,nan
33541,335.414999999,,335.414999999,False,8.593937019109726,-0.051406074315309525,0.15863516926765442,-0.29760128259658813,nan,nan,nan,nan
33542,335.423999999,,335.423999999,False,8.337389262914659,-0.24506770074367523,0.02678847312927246,-0.27838051319122314,nan,nan,nan,nan
33543,335.435999999,,335.435999999,False,8.464222387075425,-0.2307092398405075,0.13599339127540588,-0.31118524074554443,nan,nan,nan,nan
33544,335.441999999,,335.441999999,False,8.60252891778946,-0.09577738493680954,0.1011761799454689,-0.3515326976776123,nan,nan,nan,nan
33545,335.450999999,,335.450999999,False,9.2797744846344,-0.11912291496992111,0.06311587989330292,-0.3167525827884674,nan,nan,nan,nan
33546,335.462999999,,335.462999999,False,9.019175777435303,-0.09768969565629959,0.06167051941156387,-0.2776792645454407,nan,nan,nan,nan
33547,335.474999999,,335.474999999,False,9.227479326725007,-0.08293657004833221,0.1155872717499733,-0.23918098211288452,nan,nan,nan,nan
33548,335.483999999,,335.483999999,False,9.129637867212296,-0.12494897842407227,0.1234525814652443,-0.21643777191638947,nan,nan,nan,nan
33549,335.492999999,,335.492999999,False,9.084048296213151,-0.12022248655557632,0.1241823211312294,-0.22137007117271423,nan,nan,nan,nan
33550,335.504999999,,335.504999999,False,9.053397191762924,-0.08676919341087341,0.09619557112455368,-0.2074679285287857,nan,nan,nan,nan
33551,335.516999999,,335.516999999,False,9.058762596845627,-0.06572984904050827,0.06652399152517319,-0.20529167354106903,nan,nan,nan,nan
33552,335.525999999,,335.525999999,False,9.013799847364426,-0.04714808240532875,0.04097871109843254,-0.19308649003505707,nan,nan,nan,nan
33553,335.537999999,,335.537999999,False,9.03538542866707,-0.028788724914193153,0.02431115321815014,-0.16986720263957977,nan,nan,nan,nan
33554,335.549999999,,335.549999999,False,9.019780379533769,-0.01219931710511446,-0.009874800220131874,-0.14585374295711517,nan,nan,nan,nan
33555,335.558999999,,335.558999999,False,9.044158591032028,-0.021664012223482132,-0.029278874397277832,-0.1222183108329773,nan,nan,nan,nan
33556,335.570999999,,335.570999999,False,9.07060086965561,-0.03913339599967003,-0.033355265855789185,-0.10328307747840881,nan,nan,nan,nan
33557,335.576999999,,335.576999999,False,9.133875929117202,-0.0630829706788063,-0.03557448089122772,-0.07934508472681046,nan,nan,nan,nan
33558,335.591999999,,335.591999999,False,9.058225822448732,-0.06891512870788574,-0.04610731080174446,-0.08547212183475494,nan,nan,nan,nan
33559,335.591999999,,335.591999999,False,9.058225822448732,-0.06891512870788574,-0.04610731080174446,-0.08547212183475494,nan,nan,nan,nan
33560,335.600999999,,335.600999999,False,9.212259024381638,-0.08432699739933014,-0.050980184227228165,-0.04981767386198044,nan,nan,nan,nan
33561,335.612999999,,335.612999999,False,9.367948157787323,-0.1080571636557579,-0.0650588721036911,-0.0016186682041734457,nan,nan,nan,nan
33562,335.624999999,,335.624999999,False,9.230758445262909,-0.09879603236913681,-0.06297506392002106,0.008407922461628914,nan,nan,nan,nan
33563,335.633999999,,335.633999999,False,9.221173689365388,-0.09068700671195984,-0.05923828110098839,0.027452407404780388,nan,nan,nan,nan
33564,335.642999999,,335.642999999,False,9.273327344655991,-0.08544886857271194,-0.06722260266542435,0.04655822366476059,nan,nan,nan,nan
33565,335.654999999,,335.654999999,False,9.297193340063096,-0.057395342737436295,-0.10184670984745026,0.08250822126865387,nan,nan,nan,nan
33566,335.663999999,,335.663999999,False,9.251063486337662,-0.03702987730503082,-0.12036610394716263,0.11135010421276093,nan,nan,nan,nan
33453,334.541999999,,334.5419999990342,False,8.429711740098076,0.005271243365605611,0.10477553032948556,0.375045546616726,nan,nan,nan,nan
33454,334.550999999,,334.55099999903416,False,8.420404762491698,0.010131916511352188,0.12109578948811496,0.3420674028445974,nan,nan,nan,nan
33455,334.562999999,,334.5629999990341,False,8.408635705131822,0.01692276245419971,0.13926370644982725,0.2998161566340208,nan,nan,nan,nan
33456,334.571999999,,334.57199999903406,False,8.40034925828063,0.022105962154258516,0.15010378506940833,0.26941439243196175,nan,nan,nan,nan
33457,334.580999999,,334.580999999034,False,8.392547151948728,0.027238535745093235,0.15852401527674462,0.24011203906803924,nan,nan,nan,nan
33458,334.592999999,,334.59299999903396,False,8.382892703408512,0.033826047758753516,0.16608792639003642,0.2027412243366712,nan,nan,nan,nan
33459,334.601999999,,334.6019999990339,False,8.37623578316734,0.03844881656708351,0.1691548575888991,0.1759771582869741,nan,nan,nan,nan
33460,334.610999999,,334.6109999990339,False,8.370075280575433,0.042695199903051616,0.17014250415452328,0.15028716092455408,nan,nan,nan,nan
33461,334.622999999,,334.6229999990338,False,8.362600255712518,0.0476467016483668,0.16854738988083728,0.11768499777870661,nan,nan,nan,nan
33462,334.631999999,,334.6319999990338,False,8.357547739152357,0.05075033856637977,0.1654369289362841,0.09445561581921012,nan,nan,nan,nan
33463,334.640999999,,334.64099999903374,False,8.352952809972486,0.053275500761119796,0.16092332295484513,0.07225961391515667,nan,nan,nan,nan
33464,334.652999999,,334.6529999990337,False,8.347494485247015,0.05569589048074312,0.15309820942445113,0.044246153609527196,nan,nan,nan,nan
33465,334.661999999,,334.66199999903364,False,8.343889354388809,0.05678559008888834,0.14614945392966308,0.024401202125560437,nan,nan,nan,nan
33466,334.670999999,,334.6709999990336,False,8.340681323590076,0.05725214320026618,0.1384982706113678,0.005536941623497017,nan,nan,nan,nan
33467,334.682999999,,334.68299999903354,False,8.336978117437171,0.05693442002783482,0.12750887628449228,-0.018121178534305084,nan,nan,nan,nan
33468,334.691999999,,334.6919999990335,False,8.334612985824355,0.05602935169816775,0.11888165510981918,-0.03476831785711401,nan,nan,nan,nan
33469,334.700999999,,334.70099999903346,False,8.332578934516457,0.05459521054481028,0.11008353550092329,-0.050496446075759246,nan,nan,nan,nan
33470,334.712999999,,334.7129999990334,False,8.330342409070024,0.05194200300198748,0.09827707069626403,-0.07007267007227592,nan,nan,nan,nan
33471,334.721999999,,334.72199999903336,False,8.329000623167406,0.049466762013177026,0.08948550708819139,-0.08373560438311972,nan,nan,nan,nan
33472,334.730999999,,334.7309999990333,False,8.327925244732077,0.04664124275271377,0.08084008232863142,-0.09654774304054796,nan,nan,nan,nan
33473,334.742999999,,334.74299999903326,False,8.326871558180931,0.04243070869764479,0.06963239137700138,-0.11234464586372912,nan,nan,nan,nan
33474,334.751999999,,334.7519999990332,False,8.326344447473646,0.03901833940487324,0.06152129292786095,-0.12325629083342769,nan,nan,nan,nan
33475,334.760999999,,334.7609999990332,False,8.326023445638612,0.03545584185268364,0.053707866377458044,-0.1333898104330653,nan,nan,nan,nan
33476,334.772999999,,334.7729999990331,False,8.325887280310514,0.030565036488028077,0.04378636837661365,-0.14572980786630774,nan,nan,nan,nan
33477,334.781999999,,334.7819999990331,False,8.325982446378251,0.0268573572699275,0.036737019714897325,-0.15413567183941548,nan,nan,nan,nan
33478,334.790999999,,334.79099999903303,False,8.326229515085448,0.023171183970755266,0.030044524797314894,-0.1618386150212403,nan,nan,nan,nan
33479,334.802999999,,334.802999999033,False,8.326771873416739,0.018356713592518267,0.021683804803255952,-0.17105542340193264,nan,nan,nan,nan
33480,334.811999999,,334.81199999903293,False,8.327318025905884,0.01486578578702028,0.015840116711718817,-0.17720734133560098,nan,nan,nan,nan
33481,334.820999999,,334.8209999990329,False,8.327968903686378,0.011514298339332402,0.010373159138054823,-0.18273228409487074,nan,nan,nan,nan
33482,334.832999999,,334.83299999903284,False,8.328981387801925,0.0072998785135276,0.0036680492624875712,-0.18916296877260227,nan,nan,nan,nan
33483,334.841999999,,334.8419999990328,False,8.32983077291459,0.004352426033284963,-0.0009237281937956431,-0.19331334883656437,nan,nan,nan,nan
33484,334.850999999,,334.85099999903275,False,8.33074506610353,0.0016065291522382099,-0.005135887554020904,-0.19691185928776814,nan,nan,nan,nan
33485,334.862999999,,334.8629999990327,False,8.33205147538606,-0.0017286099670518035,-0.010169499351273361,-0.2008898222520173,nan,nan,nan,nan
33486,334.871999999,,334.87199999903265,False,8.333080544726066,-0.003979833339105799,-0.0135142160243666,-0.20328669671435382,nan,nan,nan,nan
33487,334.880999999,,334.8809999990326,False,8.334142012187936,-0.006011576956629332,-0.016491464682659697,-0.20520466908986845,nan,nan,nan,nan
33488,334.892999999,,334.89299999903255,False,8.335598213191057,-0.008383355090270519,-0.019905342474502895,-0.20705388152045126,nan,nan,nan,nan
33489,334.901999999,,334.9019999990325,False,8.336707203982634,-0.009914671340481046,-0.022062236474456813,-0.20793692345688305,nan,nan,nan,nan
33490,334.910999999,,334.91099999903247,False,8.337823095121843,-0.011237481783795146,-0.023882355534901856,-0.20841088405376443,nan,nan,nan,nan
33491,334.922999999,,334.9229999990324,False,8.33931579291337,-0.012690543723685365,-0.02580992651202654,-0.20844139576201412,nan,nan,nan,nan
33492,334.931999999,,334.93199999903237,False,8.340427569023072,-0.013558721039085545,-0.026901249180999395,-0.20803886232500599,nan,nan,nan,nan
33493,334.940999999,,334.94099999903233,False,8.341527270488253,-0.014245601095501952,-0.027704695024671596,-0.20729316516077634,nan,nan,nan,nan
33494,334.952999999,,334.9529999990323,False,8.342971905553428,-0.014897598536314517,-0.028359426565774875,-0.20579773412073485,nan,nan,nan,nan
33495,334.961999999,,334.96199999903223,False,8.344030168027963,-0.015202899428791267,-0.028562612733098746,-0.20432419753784406,nan,nan,nan,nan
33496,334.970999999,,334.9709999990322,False,8.345063237946048,-0.015362029877369357,-0.028539138431583337,-0.20256896308256703,nan,nan,nan,nan
33497,334.982999999,,334.98299999903213,False,8.346401094396041,-0.015366597723991465,-0.02818909678174827,-0.19982060980092736,nan,nan,nan,nan
33498,334.991999999,,334.9919999990321,False,8.347368027346928,-0.015229376354309751,-0.0277131598539802,-0.1974753363514816,nan,nan,nan,nan
33499,335.000999999,,335.00099999903205,False,8.348301693914177,-0.014983968939613948,-0.02707554337122994,-0.19490500265991065,nan,nan,nan,nan
33500,335.012999999,,335.012999999032,False,8.349496349198574,-0.01450799963835532,-0.026006166341760867,-0.19115533122987574,nan,nan,nan,nan
33501,335.021999999,,335.02199999903195,False,8.350349823799649,-0.014054084666017073,-0.025063544192509456,-0.18812120151259284,nan,nan,nan,nan
33502,335.030999999,,335.0309999990319,False,8.351166094488272,-0.01352935710184904,-0.024020336338982467,-0.18491359032624502,nan,nan,nan,nan
33503,335.042999999,,335.04299999903185,False,8.352199442780103,-0.012737448194724825,-0.022500833958313444,-0.18039175833893734,nan,nan,nan,nan
33504,335.051999999,,335.0519999990318,False,8.35292997844353,-0.012087468417805468,-0.021284996389973818,-0.17683464767832913,nan,nan,nan,nan
33505,335.060999999,,335.06099999903176,False,8.353622576824778,-0.011400629162311611,-0.020020985751400197,-0.17315046912442064,nan,nan,nan,nan
33506,335.072999999,,335.0729999990317,False,8.354490736056217,-0.010442592956772367,-0.01828301727294508,-0.16806271032669826,nan,nan,nan,nan
33507,335.081999999,,335.08199999903167,False,8.35509845941038,-0.009703234844938267,-0.0169560132711967,-0.1641312606323858,nan,nan,nan,nan
33508,335.090999999,,335.0909999990316,False,8.355669830894092,-0.0089553344146906,-0.015622679287261276,-0.16011399029954518,nan,nan,nan,nan
33509,335.102999999,,335.10299999903157,False,8.356379246580364,-0.007956389492341424,-0.013851709456761983,-0.15464360526007748,nan,nan,nan,nan
33510,335.111999999,,335.1119999990315,False,8.356871069854657,-0.0072139559898670765,-0.012540339940529794,-0.15046932742610514,nan,nan,nan,nan
33511,335.120999999,,335.1209999990315,False,8.357329661739746,-0.006484345506416673,-0.011253933577086109,-0.14624539721749397,nan,nan,nan,nan
33512,335.132999999,,335.1329999990314,False,8.357893650626407,-0.005539260331034785,-0.009589040759668694,-0.1405531375474699,nan,nan,nan,nan
33513,335.141999999,,335.1419999990314,False,8.358280825705437,-0.004856495913851597,-0.00838606512741893,-0.13625079144506597,nan,nan,nan,nan
33514,335.150999999,,335.15099999903134,False,8.35863877420024,-0.004200727721515268,-0.007229656748859452,-0.13193004416451298,nan,nan,nan,nan
33515,335.162999999,,335.1629999990313,False,8.359074647692996,-0.0033726704783879416,-0.005767163692215765,-0.12615482959448635,nan,nan,nan,nan
33516,335.171999999,,335.17199999903124,False,8.359370773281016,-0.0027890759429438257,-0.004734456330558217,-0.1218230418331099,nan,nan,nan,nan
33517,335.180999999,,335.1809999990312,False,8.359642052066047,-0.0022401500199476583,-0.00376131305630722,-0.11749941416050161,nan,nan,nan,nan
33518,335.192999999,,335.19299999903114,False,8.359968859346115,-0.0015636331902398864,-0.0025594905636483487,-0.11175933699281951,nan,nan,nan,nan
33519,335.201999999,,335.2019999990311,False,8.360188349465957,-0.0010984898043548213,-0.0017316601973165235,-0.10748141713415303,nan,nan,nan,nan
33520,335.210999999,,335.21099999903106,False,8.360387372982743,-0.0006704424185084936,-0.0009689239444445777,-0.10323380286780984,nan,nan,nan,nan
33521,335.222999999,,335.222999999031,False,8.360624236564934,-0.00015677616656857468,-5.3003047547059586e-05,-0.09762734300293026,nan,nan,nan,nan
33522,335.231999999,,335.23199999903096,False,8.360781218372223,0.0001864170679225517,0.0005587404769866336,-0.09347223765973721,nan,nan,nan,nan
33523,335.240999999,,335.2409999990309,False,8.360921858394526,0.0004939041666304598,0.0011060704545400894,-0.08936547512638905,nan,nan,nan,nan
33524,335.252999999,,335.25299999903086,False,8.361086832754689,0.0008503629187296779,0.0017383666779934228,-0.08397286390516757,nan,nan,nan,nan
33525,335.261999999,,335.2619999990308,False,8.361194412408247,0.001079231565890783,0.0021418764388093548,-0.0799962117168119,nan,nan,nan,nan
33526,335.270999999,,335.2709999990308,False,8.361289360867875,0.0012762781361443471,0.0024864448461173914,-0.0760821632469223,nan,nan,nan,nan
33527,335.282999999,,335.2829999990307,False,8.361398719456917,0.0014923024766714398,0.0028586574876836033,-0.07096685617339173,nan,nan,nan,nan
33528,335.291999999,,335.2919999990307,False,8.361468543398097,0.0016214620058324345,0.003076004590008507,-0.06721211387837064,nan,nan,nan,nan
33529,335.300999999,,335.30099999903064,False,8.361528948797545,0.0017240864001415738,0.0032431514575205645,-0.06353080729589891,nan,nan,nan,nan
33530,335.312999999,,335.3129999990306,False,8.361596803802144,0.0018227553331505036,0.003393385657972668,-0.058741025458807855,nan,nan,nan,nan
33531,335.321999999,,335.32199999903054,False,8.361638845631422,0.0018704829879520092,0.0034558116836829024,-0.0552406352036207,nan,nan,nan,nan
33532,335.330999999,,335.3309999990305,False,8.361674155439145,0.0018975250723690202,0.003478560976410998,-0.05182143797001584,nan,nan,nan,nan
33533,335.342999999,,335.34299999903044,False,8.361712324059242,0.0019044973997362842,0.003452936182291769,-0.047391740110481764,nan,nan,nan,nan
33534,335.351999999,,335.3519999990304,False,8.361734835822096,0.001890207221822943,0.0033960965967627676,-0.04416831045917032,nan,nan,nan,nan
33535,335.360999999,,335.36099999903035,False,8.361752786865978,0.0018610261413092904,0.0033105835053758932,-0.041031109915898756,nan,nan,nan,nan
33536,335.366999999,,335.366999999,False,2.5396983575820924,-0.4607764482498169,0.11686131358146667,-0.507258951663971,nan,nan,nan,nan
33537,335.375999999,,335.375999999,False,6.015947585105896,0.27186262607574463,0.22261479496955872,-0.20680175721645355,nan,nan,nan,nan
33538,335.387999999,,335.387999999,False,6.797213948965073,0.09745301306247711,0.28154006600379944,-0.42515236139297485,nan,nan,nan,nan
33539,335.396999999,,335.396999999,False,7.450871847867966,0.04020044580101967,-0.07097694277763367,-0.3470688760280609,nan,nan,nan,nan
33540,335.405999999,,335.405999999,False,6.9630164265632635,0.12922731041908264,-0.3947928249835968,-0.2948674261569977,nan,nan,nan,nan
33541,335.414999999,,335.414999999,False,8.593937019109726,-0.051406074315309525,0.15863516926765442,-0.29760128259658813,nan,nan,nan,nan
33542,335.423999999,,335.423999999,False,8.337389262914659,-0.24506770074367523,0.02678847312927246,-0.27838051319122314,nan,nan,nan,nan
33543,335.435999999,,335.435999999,False,8.464222387075425,-0.2307092398405075,0.13599339127540588,-0.31118524074554443,nan,nan,nan,nan
33544,335.441999999,,335.441999999,False,8.60252891778946,-0.09577738493680954,0.1011761799454689,-0.3515326976776123,nan,nan,nan,nan
33545,335.450999999,,335.450999999,False,9.2797744846344,-0.11912291496992111,0.06311587989330292,-0.3167525827884674,nan,nan,nan,nan
33546,335.462999999,,335.462999999,False,9.019175777435303,-0.09768969565629959,0.06167051941156387,-0.2776792645454407,nan,nan,nan,nan
33547,335.474999999,,335.474999999,False,9.227479326725007,-0.08293657004833221,0.1155872717499733,-0.23918098211288452,nan,nan,nan,nan
33548,335.483999999,,335.483999999,False,9.129637867212296,-0.12494897842407227,0.1234525814652443,-0.21643777191638947,nan,nan,nan,nan
33549,335.492999999,,335.492999999,False,9.084048296213151,-0.12022248655557632,0.1241823211312294,-0.22137007117271423,nan,nan,nan,nan
33550,335.504999999,,335.504999999,False,9.053397191762924,-0.08676919341087341,0.09619557112455368,-0.2074679285287857,nan,nan,nan,nan
33551,335.516999999,,335.516999999,False,9.058762596845627,-0.06572984904050827,0.06652399152517319,-0.20529167354106903,nan,nan,nan,nan
33552,335.525999999,,335.525999999,False,9.013799847364426,-0.04714808240532875,0.04097871109843254,-0.19308649003505707,nan,nan,nan,nan
33553,335.537999999,,335.537999999,False,9.03538542866707,-0.028788724914193153,0.02431115321815014,-0.16986720263957977,nan,nan,nan,nan
33554,335.549999999,,335.549999999,False,9.019780379533769,-0.01219931710511446,-0.009874800220131874,-0.14585374295711517,nan,nan,nan,nan
33555,335.558999999,,335.558999999,False,9.044158591032028,-0.021664012223482132,-0.029278874397277832,-0.1222183108329773,nan,nan,nan,nan
33556,335.570999999,,335.570999999,False,9.07060086965561,-0.03913339599967003,-0.033355265855789185,-0.10328307747840881,nan,nan,nan,nan
33557,335.576999999,,335.576999999,False,9.133875929117202,-0.0630829706788063,-0.03557448089122772,-0.07934508472681046,nan,nan,nan,nan
33558,335.591999999,,335.591999999,False,9.058225822448732,-0.06891512870788574,-0.04610731080174446,-0.08547212183475494,nan,nan,nan,nan
33559,335.591999999,,335.591999999,False,9.058225822448732,-0.06891512870788574,-0.04610731080174446,-0.08547212183475494,nan,nan,nan,nan
33560,335.600999999,,335.600999999,False,9.212259024381638,-0.08432699739933014,-0.050980184227228165,-0.04981767386198044,nan,nan,nan,nan
33561,335.612999999,,335.612999999,False,9.367948157787323,-0.1080571636557579,-0.0650588721036911,-0.0016186682041734457,nan,nan,nan,nan
33562,335.624999999,,335.624999999,False,9.230758445262909,-0.09879603236913681,-0.06297506392002106,0.008407922461628914,nan,nan,nan,nan
33563,335.633999999,,335.633999999,False,9.221173689365388,-0.09068700671195984,-0.05923828110098839,0.027452407404780388,nan,nan,nan,nan
33564,335.642999999,,335.642999999,False,9.273327344655991,-0.08544886857271194,-0.06722260266542435,0.04655822366476059,nan,nan,nan,nan
33565,335.654999999,,335.654999999,False,9.297193340063096,-0.057395342737436295,-0.10184670984745026,0.08250822126865387,nan,nan,nan,nan
33566,335.663999999,,335.663999999,False,9.251063486337662,-0.03702987730503082,-0.12036610394716263,0.11135010421276093,nan,nan,nan,nan
33567,335.675999999,,335.675999999,False,9.243559169769288,-0.02170656993985176,-0.11795397102832794,0.13731533288955688,nan,nan,nan,nan
33568,335.687999999,,335.687999999,False,9.13739829182625,0.005493178032338619,-0.12513467669487,0.15100401639938354,nan,nan,nan,nan
33569,335.696999999,,335.696999999,False,9.117902505397797,0.02875025011599064,-0.1330966055393219,0.16960379481315613,nan,nan,nan,nan
33570,335.705999999,,335.705999999,False,8.969486138820649,0.05093333497643471,-0.1423894315958023,0.17388395965099335,nan,nan,nan,nan
33571,335.717999999,,335.717999999,False,8.87807661652565,0.07755609601736069,-0.15712560713291168,0.1930708885192871,nan,nan,nan,nan
33572,335.726999999,,335.726999999,False,8.785510514974595,0.07634510099887848,-0.16318279504776,0.20674429833889008,nan,nan,nan,nan
33573,335.735999999,,335.735999999,False,8.692457925081253,0.07251177728176117,-0.15369398891925812,0.22364924848079681,nan,nan,nan,nan
33574,335.744999999,,335.744999999,False,8.46148355126381,0.060353752225637436,-0.13111667335033417,0.23317112028598785,nan,nan,nan,nan
33575,335.756999999,,335.756999999,False,8.046969755887986,0.04351091384887695,-0.06963904201984406,0.23851867020130157,nan,nan,nan,nan
33576,335.771999999,,335.771999999,False,7.706398680210114,0.013578594662249088,-0.02307150512933731,0.25331488251686096,nan,nan,nan,nan
33577,335.771999999,,335.771999999,False,7.706398680210114,0.013578594662249088,-0.02307150512933731,0.25331488251686096,nan,nan,nan,nan
33578,335.786999999,,335.786999999,False,7.394117603302003,-0.003507777350023389,-0.01984185166656971,0.2568313181400299,nan,nan,nan,nan
33579,335.795999999,,335.795999999,False,6.991856063604355,-0.036792777478694916,-0.01674642041325569,0.2637748718261719,nan,nan,nan,nan
33580,335.804999999,,335.804999999,False,6.430101191997529,-0.03014119155704975,0.022200360894203186,0.2593376636505127,nan,nan,nan,nan
33581,335.810999999,,335.810999999,False,6.015065824985505,-0.033299148082733154,0.05124809592962265,0.2672305703163147,nan,nan,nan,nan
33582,335.825999999,,335.825999999,False,5.547852244377136,-0.06950964033603668,0.05709689483046532,0.2675391435623169,nan,nan,nan,nan
33583,335.837999999,,335.837999999,False,4.941609417200088,-0.07597900927066803,0.056560054421424866,0.2578590214252472,nan,nan,nan,nan
33584,335.849999999,,335.849999999,False,4.547463812828064,0.10630036890506744,0.09281612932682037,0.26146307587623596,nan,nan,nan,nan
33585,335.849999999,,335.849999999,False,4.547463812828064,0.10630036890506744,0.09281612932682037,0.26146307587623596,nan,nan,nan,nan
33586,335.864999999,,335.864999999,False,4.726493861675262,0.38869836926460266,0.08803316950798035,0.2997192144393921,nan,nan,nan,nan
33587,335.873999999,,335.873999999,False,5.261042808294296,0.5168270468711853,-0.135553777217865,0.22777654230594635,nan,nan,nan,nan
33588,335.882999999,,335.882999999,False,5.597408566474915,0.45417356491088867,-0.29609358310699463,0.12661312520503998,nan,nan,nan,nan
33589,335.891999999,,335.891999999,False,6.405313675403595,0.28521493077278137,-0.3591466248035431,-0.005920747760683298,nan,nan,nan,nan
33590,335.903999999,,335.903999999,False,7.475640653371811,0.08054563403129578,-0.34444305300712585,-0.12916302680969238,nan,nan,nan,nan
33591,335.912999999,,335.912999999,False,8.359716271162034,-0.1334354132413864,-0.26547321677207947,-0.19223809242248535,nan,nan,nan,nan
33592,335.921999999,,335.921999999,False,9.346973025798798,-0.2683746814727783,-0.11803300678730011,-0.23874986171722412,nan,nan,nan,nan
33593,335.930999999,,335.930999999,False,10.14780592739582,-0.335296094417572,-0.018270237371325493,-0.2550165057182312,nan,nan,nan,nan
33594,335.942999999,,335.942999999,False,10.851754558682442,-0.3431953489780426,0.0261368565261364,-0.2531467378139496,nan,nan,nan,nan
33595,335.954999999,,335.954999999,False,11.315372686386109,-0.25631383061408997,0.10230722278356552,-0.2244587391614914,nan,nan,nan,nan
33596,335.966999999,,335.966999999,False,11.407012588977814,-0.1754371076822281,0.06892624497413635,-0.1930171400308609,nan,nan,nan,nan
33597,335.975999999,,335.975999999,False,11.266266015172006,-0.1388203352689743,0.00809745118021965,-0.16694685816764832,nan,nan,nan,nan
33598,335.987999999,,335.987999999,False,10.896442489027978,-0.003812357084825635,0.04001188650727272,-0.11962362378835678,nan,nan,nan,nan
33599,335.996999999,,335.996999999,False,10.327435900568963,0.02981608361005783,-0.11018230766057968,-0.09416786581277847,nan,nan,nan,nan
33600,335.996999999,,335.996999999,False,10.327435900568963,0.02981608361005783,-0.11018230766057968,-0.09416786581277847,nan,nan,nan,nan
33601,336.014999999,,336.014999999,False,9.948928674459458,0.08541015535593033,-0.19054071605205536,-0.09826122969388962,nan,nan,nan,nan
33602,336.023999999,,336.023999999,False,9.828060879707337,0.06502491235733032,-0.3097244203090668,-0.12287802249193192,nan,nan,nan,nan
33603,336.035999999,,336.035999999,False,9.830635408759118,0.034432388842105865,-0.3630659282207489,-0.152093306183815,nan,nan,nan,nan
33604,336.044999999,,336.044999999,False,9.622844660282135,0.09217111021280289,-0.30915284156799316,-0.18199220299720764,nan,nan,nan,nan
33605,336.053999999,,336.053999999,False,9.684752640724183,0.13557477295398712,-0.23967429995536804,-0.19536197185516357,nan,nan,nan,nan
33606,336.062999999,,336.062999999,False,9.671036242246629,0.06916500627994537,-0.2597707509994507,-0.21078690886497498,nan,nan,nan,nan
33607,336.074999999,,336.074999999,False,9.71049676179886,0.1080421730875969,-0.14269477128982544,-0.21048443019390106,nan,nan,nan,nan
33608,336.089999999,,336.089999999,False,9.675212323665619,-0.021677840501070023,-0.09508243203163147,-0.19450466334819794,nan,nan,nan,nan
33609,336.089999999,,336.089999999,False,9.675212323665619,-0.021677840501070023,-0.09508243203163147,-0.19450466334819794,nan,nan,nan,nan
33610,336.104999999,,336.104999999,False,9.533458274602891,-0.07349812984466553,-0.029877208173274994,-0.1862211525440216,nan,nan,nan,nan
33611,336.122999999,,336.122999999,False,9.259708009958267,-0.024260131642222404,0.09269875288009644,-0.15152256190776825,nan,nan,nan,nan
33612,336.122999999,,336.122999999,False,9.259708009958267,-0.024260131642222404,0.09269875288009644,-0.15152256190776825,nan,nan,nan,nan
33613,336.131999999,,336.131999999,False,9.038890249729157,-0.0324387401342392,0.08906912058591843,-0.14132682979106903,nan,nan,nan,nan
33614,336.143999999,,336.143999999,False,8.85312771677971,-0.029289990663528442,0.05246591567993164,-0.13488802313804626,nan,nan,nan,nan
33615,336.152999999,,336.152999999,False,8.676096246242524,-0.03039945662021637,0.021239960566163063,-0.1260649412870407,nan,nan,nan,nan
33616,336.161999999,,336.161999999,False,8.302019455432893,0.05250004306435585,0.040106624364852905,-0.1202351301908493,nan,nan,nan,nan
33617,336.173999999,,336.173999999,False,8.140531053543091,0.10208858549594879,0.027813393622636795,-0.11541005969047546,nan,nan,nan,nan
33618,336.182999999,,336.182999999,False,7.971640076637269,0.12538830935955048,-0.00940699316561222,-0.11358112841844559,nan,nan,nan,nan
33619,336.194999999,,336.194999999,False,7.806404778957368,0.14953488111495972,-0.056113846600055695,-0.11210325360298157,nan,nan,nan,nan
33620,336.206999999,,336.206999999,False,7.764992458820344,0.19492802023887634,-0.04671396687626839,-0.11188283562660217,nan,nan,nan,nan
33621,336.215999999,,336.215999999,False,7.697467643022538,0.18401111662387848,-0.03834746778011322,-0.10701900720596313,nan,nan,nan,nan
33622,336.224999999,,336.224999999,False,7.734212715625763,0.2252926230430603,0.03842586651444435,-0.10736678540706635,nan,nan,nan,nan
33623,336.236999999,,336.236999999,False,7.698688541650773,0.13469275832176208,0.02813144214451313,-0.09057481586933136,nan,nan,nan,nan
33624,336.242999999,,336.242999999,False,7.795864588022233,0.07354249805212021,0.05667899549007416,-0.08274105936288834,nan,nan,nan,nan
33625,336.251999999,,336.251999999,False,7.849442625045777,-0.035942357033491135,0.09313789755105972,-0.06490060687065125,nan,nan,nan,nan
33626,336.263999999,,336.263999999,False,7.981925328969956,-0.08688027411699295,0.1546585112810135,-0.04766293242573738,nan,nan,nan,nan
33627,336.272999999,,336.272999999,False,7.981290321350098,-0.12051043659448624,0.20420090854167938,-0.034466587007045746,nan,nan,nan,nan
33628,336.284999999,,336.284999999,False,8.123369475603104,-0.0853806883096695,0.2784629166126251,-0.020179083570837975,nan,nan,nan,nan
33629,336.296999999,,336.296999999,False,8.086031495332719,-0.056361496448516846,0.2855130136013031,-0.001670404919423163,nan,nan,nan,nan
33630,336.305999999,,336.305999999,False,8.055483301877976,-0.02674824185669422,0.26996201276779175,0.018549678847193718,nan,nan,nan,nan
33631,336.314999999,,336.314999999,False,7.939168149232865,0.03571445867419243,0.2674293518066406,0.03592034801840782,nan,nan,nan,nan
33632,336.323999999,,336.323999999,False,7.840766526460648,0.02539919689297676,0.2206556648015976,0.07028325647115707,nan,nan,nan,nan
33633,336.332999999,,336.332999999,False,7.735462850332261,0.06065712496638298,0.21047553420066833,0.08109159767627716,nan,nan,nan,nan
33634,336.341999999,,336.341999999,False,7.680158715248108,0.14451022446155548,0.20223309099674225,0.08611860126256943,nan,nan,nan,nan
33635,336.353999999,,336.353999999,False,7.667800040245057,0.13087457418441772,0.15004438161849976,0.11934932321310043,nan,nan,nan,nan
33636,336.365999999,,336.365999999,False,7.659784677028656,0.14174926280975342,0.12945835292339325,0.12865519523620605,nan,nan,nan,nan
33637,336.374999999,,336.374999999,False,7.793337421417236,0.18280631303787231,0.13017211854457855,0.12913157045841217,nan,nan,nan,nan
33638,336.389999999,,336.389999999,False,8.132362493276597,0.05293000862002373,0.08660171926021576,0.20278282463550568,nan,nan,nan,nan
33639,336.389999999,,336.389999999,False,8.132362493276597,0.05293000862002373,0.08660171926021576,0.20278282463550568,nan,nan,nan,nan
33640,336.404999999,,336.404999999,False,8.265856765508651,0.052381791174411774,0.15760038793087006,0.1870804876089096,nan,nan,nan,nan
33641,336.416999999,,336.416999999,False,8.443665915727616,-0.02456768788397312,0.17805755138397217,0.23242424428462982,nan,nan,nan,nan
33642,336.425999999,,336.425999999,False,8.659921678304674,-0.10302846878767014,0.19781111180782318,0.27225103974342346,nan,nan,nan,nan
33643,336.437999999,,336.437999999,False,8.831164405345918,-0.13930751383304596,0.20295140147209167,0.3061482310295105,nan,nan,nan,nan
33644,336.446999999,,336.446999999,False,8.92872753739357,-0.052914004772901535,0.23739100992679596,0.2978411912918091,nan,nan,nan,nan
33645,336.458999999,,336.458999999,False,9.07214102625847,-0.05862158536911011,0.2152411937713623,0.34362542629241943,nan,nan,nan,nan
33646,336.467999999,,336.467999999,False,9.123622251749039,0.02444159798324108,0.20223049819469452,0.3781372606754303,nan,nan,nan,nan
33647,336.479999999,,336.479999999,False,9.099572653770448,0.04896622151136398,0.14247308671474457,0.42152759432792664,nan,nan,nan,nan
33648,336.479999999,,336.479999999,False,9.099572653770448,0.04896622151136398,0.14247308671474457,0.42152759432792664,nan,nan,nan,nan
33649,336.494999999,,336.494999999,False,9.126656956672669,0.05752280354499817,0.10109414160251617,0.46690604090690613,nan,nan,nan,nan
33650,336.506999999,,336.506999999,False,9.158820151090623,0.049498945474624634,0.07366152107715607,0.4885742962360382,nan,nan,nan,nan
33651,336.515999999,,336.515999999,False,9.144888575077058,0.08381590247154236,0.07564173638820648,0.49246546626091003,nan,nan,nan,nan
33652,336.527999999,,336.527999999,False,9.253943824768067,0.08955051749944687,0.039586205035448074,0.5120454430580139,nan,nan,nan,nan
33567,335.675999999,,335.675999999,False,9.243559169769288,-0.02170656993985176,-0.11795397102832794,0.13731533288955688,nan,nan,nan,nan
33568,335.687999999,,335.687999999,False,9.13739829182625,0.005493178032338619,-0.12513467669487,0.15100401639938354,nan,nan,nan,nan
33569,335.696999999,,335.696999999,False,9.117902505397797,0.02875025011599064,-0.1330966055393219,0.16960379481315613,nan,nan,nan,nan
33570,335.705999999,,335.705999999,False,8.969486138820649,0.05093333497643471,-0.1423894315958023,0.17388395965099335,nan,nan,nan,nan
33571,335.717999999,,335.717999999,False,8.87807661652565,0.07755609601736069,-0.15712560713291168,0.1930708885192871,nan,nan,nan,nan
33572,335.726999999,,335.726999999,False,8.785510514974595,0.07634510099887848,-0.16318279504776,0.20674429833889008,nan,nan,nan,nan
33573,335.735999999,,335.735999999,False,8.692457925081253,0.07251177728176117,-0.15369398891925812,0.22364924848079681,nan,nan,nan,nan
33574,335.744999999,,335.744999999,False,8.46148355126381,0.060353752225637436,-0.13111667335033417,0.23317112028598785,nan,nan,nan,nan
33575,335.756999999,,335.756999999,False,8.046969755887986,0.04351091384887695,-0.06963904201984406,0.23851867020130157,nan,nan,nan,nan
33576,335.771999999,,335.771999999,False,7.706398680210114,0.013578594662249088,-0.02307150512933731,0.25331488251686096,nan,nan,nan,nan
33577,335.771999999,,335.771999999,False,7.706398680210114,0.013578594662249088,-0.02307150512933731,0.25331488251686096,nan,nan,nan,nan
33578,335.786999999,,335.786999999,False,7.394117603302003,-0.003507777350023389,-0.01984185166656971,0.2568313181400299,nan,nan,nan,nan
33579,335.795999999,,335.795999999,False,6.991856063604355,-0.036792777478694916,-0.01674642041325569,0.2637748718261719,nan,nan,nan,nan
33580,335.804999999,,335.804999999,False,6.430101191997529,-0.03014119155704975,0.022200360894203186,0.2593376636505127,nan,nan,nan,nan
33581,335.810999999,,335.810999999,False,6.015065824985505,-0.033299148082733154,0.05124809592962265,0.2672305703163147,nan,nan,nan,nan
33582,335.825999999,,335.825999999,False,5.547852244377136,-0.06950964033603668,0.05709689483046532,0.2675391435623169,nan,nan,nan,nan
33583,335.837999999,,335.837999999,False,4.941609417200088,-0.07597900927066803,0.056560054421424866,0.2578590214252472,nan,nan,nan,nan
33584,335.849999999,,335.849999999,False,4.547463812828064,0.10630036890506744,0.09281612932682037,0.26146307587623596,nan,nan,nan,nan
33585,335.849999999,,335.849999999,False,4.547463812828064,0.10630036890506744,0.09281612932682037,0.26146307587623596,nan,nan,nan,nan
33586,335.864999999,,335.864999999,False,4.726493861675262,0.38869836926460266,0.08803316950798035,0.2997192144393921,nan,nan,nan,nan
33587,335.873999999,,335.873999999,False,5.261042808294296,0.5168270468711853,-0.135553777217865,0.22777654230594635,nan,nan,nan,nan
33588,335.882999999,,335.882999999,False,5.597408566474915,0.45417356491088867,-0.29609358310699463,0.12661312520503998,nan,nan,nan,nan
33589,335.891999999,,335.891999999,False,6.405313675403595,0.28521493077278137,-0.3591466248035431,-0.005920747760683298,nan,nan,nan,nan
33590,335.903999999,,335.903999999,False,7.475640653371811,0.08054563403129578,-0.34444305300712585,-0.12916302680969238,nan,nan,nan,nan
33591,335.912999999,,335.912999999,False,8.359716271162034,-0.1334354132413864,-0.26547321677207947,-0.19223809242248535,nan,nan,nan,nan
33592,335.921999999,,335.921999999,False,9.346973025798798,-0.2683746814727783,-0.11803300678730011,-0.23874986171722412,nan,nan,nan,nan
33593,335.930999999,,335.930999999,False,10.14780592739582,-0.335296094417572,-0.018270237371325493,-0.2550165057182312,nan,nan,nan,nan
33594,335.942999999,,335.942999999,False,10.851754558682442,-0.3431953489780426,0.0261368565261364,-0.2531467378139496,nan,nan,nan,nan
33595,335.954999999,,335.954999999,False,11.315372686386109,-0.25631383061408997,0.10230722278356552,-0.2244587391614914,nan,nan,nan,nan
33596,335.966999999,,335.966999999,False,11.407012588977814,-0.1754371076822281,0.06892624497413635,-0.1930171400308609,nan,nan,nan,nan
33597,335.975999999,,335.975999999,False,11.266266015172006,-0.1388203352689743,0.00809745118021965,-0.16694685816764832,nan,nan,nan,nan
33598,335.987999999,,335.987999999,False,10.896442489027978,-0.003812357084825635,0.04001188650727272,-0.11962362378835678,nan,nan,nan,nan
33599,335.996999999,,335.996999999,False,10.327435900568963,0.02981608361005783,-0.11018230766057968,-0.09416786581277847,nan,nan,nan,nan
33600,335.996999999,,335.996999999,False,10.327435900568963,0.02981608361005783,-0.11018230766057968,-0.09416786581277847,nan,nan,nan,nan
33601,336.014999999,,336.014999999,False,9.948928674459458,0.08541015535593033,-0.19054071605205536,-0.09826122969388962,nan,nan,nan,nan
33602,336.023999999,,336.023999999,False,9.828060879707337,0.06502491235733032,-0.3097244203090668,-0.12287802249193192,nan,nan,nan,nan
33603,336.035999999,,336.035999999,False,9.830635408759118,0.034432388842105865,-0.3630659282207489,-0.152093306183815,nan,nan,nan,nan
33604,336.044999999,,336.044999999,False,9.622844660282135,0.09217111021280289,-0.30915284156799316,-0.18199220299720764,nan,nan,nan,nan
33605,336.053999999,,336.053999999,False,9.684752640724183,0.13557477295398712,-0.23967429995536804,-0.19536197185516357,nan,nan,nan,nan
33606,336.062999999,,336.062999999,False,9.671036242246629,0.06916500627994537,-0.2597707509994507,-0.21078690886497498,nan,nan,nan,nan
33607,336.074999999,,336.074999999,False,9.71049676179886,0.1080421730875969,-0.14269477128982544,-0.21048443019390106,nan,nan,nan,nan
33608,336.089999999,,336.089999999,False,9.675212323665619,-0.021677840501070023,-0.09508243203163147,-0.19450466334819794,nan,nan,nan,nan
33609,336.089999999,,336.089999999,False,9.675212323665619,-0.021677840501070023,-0.09508243203163147,-0.19450466334819794,nan,nan,nan,nan
33610,336.104999999,,336.104999999,False,9.533458274602891,-0.07349812984466553,-0.029877208173274994,-0.1862211525440216,nan,nan,nan,nan
33611,336.122999999,,336.122999999,False,9.259708009958267,-0.024260131642222404,0.09269875288009644,-0.15152256190776825,nan,nan,nan,nan
33612,336.122999999,,336.122999999,False,9.259708009958267,-0.024260131642222404,0.09269875288009644,-0.15152256190776825,nan,nan,nan,nan
33613,336.131999999,,336.131999999,False,9.038890249729157,-0.0324387401342392,0.08906912058591843,-0.14132682979106903,nan,nan,nan,nan
33614,336.143999999,,336.143999999,False,8.85312771677971,-0.029289990663528442,0.05246591567993164,-0.13488802313804626,nan,nan,nan,nan
33615,336.152999999,,336.152999999,False,8.676096246242524,-0.03039945662021637,0.021239960566163063,-0.1260649412870407,nan,nan,nan,nan
33616,336.161999999,,336.161999999,False,8.302019455432893,0.05250004306435585,0.040106624364852905,-0.1202351301908493,nan,nan,nan,nan
33617,336.173999999,,336.173999999,False,8.140531053543091,0.10208858549594879,0.027813393622636795,-0.11541005969047546,nan,nan,nan,nan
33618,336.182999999,,336.182999999,False,7.971640076637269,0.12538830935955048,-0.00940699316561222,-0.11358112841844559,nan,nan,nan,nan
33619,336.194999999,,336.194999999,False,7.806404778957368,0.14953488111495972,-0.056113846600055695,-0.11210325360298157,nan,nan,nan,nan
33620,336.206999999,,336.206999999,False,7.764992458820344,0.19492802023887634,-0.04671396687626839,-0.11188283562660217,nan,nan,nan,nan
33621,336.215999999,,336.215999999,False,7.697467643022538,0.18401111662387848,-0.03834746778011322,-0.10701900720596313,nan,nan,nan,nan
33622,336.224999999,,336.224999999,False,7.734212715625763,0.2252926230430603,0.03842586651444435,-0.10736678540706635,nan,nan,nan,nan
33623,336.236999999,,336.236999999,False,7.698688541650773,0.13469275832176208,0.02813144214451313,-0.09057481586933136,nan,nan,nan,nan
33624,336.242999999,,336.242999999,False,7.795864588022233,0.07354249805212021,0.05667899549007416,-0.08274105936288834,nan,nan,nan,nan
33625,336.251999999,,336.251999999,False,7.849442625045777,-0.035942357033491135,0.09313789755105972,-0.06490060687065125,nan,nan,nan,nan
33626,336.263999999,,336.263999999,False,7.981925328969956,-0.08688027411699295,0.1546585112810135,-0.04766293242573738,nan,nan,nan,nan
33627,336.272999999,,336.272999999,False,7.981290321350098,-0.12051043659448624,0.20420090854167938,-0.034466587007045746,nan,nan,nan,nan
33628,336.284999999,,336.284999999,False,8.123369475603104,-0.0853806883096695,0.2784629166126251,-0.020179083570837975,nan,nan,nan,nan
33629,336.296999999,,336.296999999,False,8.086031495332719,-0.056361496448516846,0.2855130136013031,-0.001670404919423163,nan,nan,nan,nan
33630,336.305999999,,336.305999999,False,8.055483301877976,-0.02674824185669422,0.26996201276779175,0.018549678847193718,nan,nan,nan,nan
33631,336.314999999,,336.314999999,False,7.939168149232865,0.03571445867419243,0.2674293518066406,0.03592034801840782,nan,nan,nan,nan
33632,336.323999999,,336.323999999,False,7.840766526460648,0.02539919689297676,0.2206556648015976,0.07028325647115707,nan,nan,nan,nan
33633,336.332999999,,336.332999999,False,7.735462850332261,0.06065712496638298,0.21047553420066833,0.08109159767627716,nan,nan,nan,nan
33634,336.341999999,,336.341999999,False,7.680158715248108,0.14451022446155548,0.20223309099674225,0.08611860126256943,nan,nan,nan,nan
33635,336.353999999,,336.353999999,False,7.667800040245057,0.13087457418441772,0.15004438161849976,0.11934932321310043,nan,nan,nan,nan
33636,336.365999999,,336.365999999,False,7.659784677028656,0.14174926280975342,0.12945835292339325,0.12865519523620605,nan,nan,nan,nan
33637,336.374999999,,336.374999999,False,7.793337421417236,0.18280631303787231,0.13017211854457855,0.12913157045841217,nan,nan,nan,nan
33638,336.389999999,,336.389999999,False,8.132362493276597,0.05293000862002373,0.08660171926021576,0.20278282463550568,nan,nan,nan,nan
33639,336.389999999,,336.389999999,False,8.132362493276597,0.05293000862002373,0.08660171926021576,0.20278282463550568,nan,nan,nan,nan
33640,336.404999999,,336.404999999,False,8.265856765508651,0.052381791174411774,0.15760038793087006,0.1870804876089096,nan,nan,nan,nan
33641,336.416999999,,336.416999999,False,8.443665915727616,-0.02456768788397312,0.17805755138397217,0.23242424428462982,nan,nan,nan,nan
33642,336.425999999,,336.425999999,False,8.659921678304674,-0.10302846878767014,0.19781111180782318,0.27225103974342346,nan,nan,nan,nan
33643,336.437999999,,336.437999999,False,8.831164405345918,-0.13930751383304596,0.20295140147209167,0.3061482310295105,nan,nan,nan,nan
33644,336.446999999,,336.446999999,False,8.92872753739357,-0.052914004772901535,0.23739100992679596,0.2978411912918091,nan,nan,nan,nan
33645,336.458999999,,336.458999999,False,9.07214102625847,-0.05862158536911011,0.2152411937713623,0.34362542629241943,nan,nan,nan,nan
33646,336.467999999,,336.467999999,False,9.123622251749039,0.02444159798324108,0.20223049819469452,0.3781372606754303,nan,nan,nan,nan
33647,336.479999999,,336.479999999,False,9.099572653770448,0.04896622151136398,0.14247308671474457,0.42152759432792664,nan,nan,nan,nan
33648,336.479999999,,336.479999999,False,9.099572653770448,0.04896622151136398,0.14247308671474457,0.42152759432792664,nan,nan,nan,nan
33649,336.494999999,,336.494999999,False,9.126656956672669,0.05752280354499817,0.10109414160251617,0.46690604090690613,nan,nan,nan,nan
33650,336.506999999,,336.506999999,False,9.158820151090623,0.049498945474624634,0.07366152107715607,0.4885742962360382,nan,nan,nan,nan
33651,336.515999999,,336.515999999,False,9.144888575077058,0.08381590247154236,0.07564173638820648,0.49246546626091003,nan,nan,nan,nan
33652,336.527999999,,336.527999999,False,9.253943824768067,0.08955051749944687,0.039586205035448074,0.5120454430580139,nan,nan,nan,nan
33653,336.539999999,,336.539999999,False,9.349097903966904,0.09785886108875275,-0.021570764482021332,0.5240036249160767,nan,nan,nan,nan
33654,336.539999999,,336.539999999,False,9.349097903966904,0.09785886108875275,-0.021570764482021332,0.5240036249160767,nan,nan,nan,nan
33655,336.560999999,,336.560999999,False,9.476188305616379,0.06224418058991432,-0.04171081632375717,0.5577978491783142,nan,nan,nan,nan
33656,336.569999999,,336.569999999,False,9.44116582274437,0.04190938174724579,-0.011290675960481167,0.5607372522354126,nan,nan,nan,nan
33657,336.581999999,,336.581999999,False,9.502002593278885,-0.06362815201282501,0.021387778222560883,0.5856406092643738,nan,nan,nan,nan
33658,336.581999999,,336.581999999,False,9.502002593278885,-0.06362815201282501,0.021387778222560883,0.5856406092643738,nan,nan,nan,nan
33659,336.599999999,,336.599999999,False,9.238128275871277,-0.07509104907512665,0.08239872753620148,0.5770193934440613,nan,nan,nan,nan
33660,336.599999999,,336.599999999,False,9.238128275871277,-0.07509104907512665,0.08239872753620148,0.5770193934440613,nan,nan,nan,nan
33661,336.611999999,,336.611999999,False,8.903943529129029,-0.025807688012719154,0.08242697268724442,0.5651014447212219,nan,nan,nan,nan
33662,336.623999999,,336.623999999,False,8.61474258184433,0.01385801937431097,0.0521804541349411,0.5640929341316223,nan,nan,nan,nan
33663,336.635999999,,336.635999999,False,8.267001650333405,0.08667410910129547,0.01772378385066986,0.5553656220436096,nan,nan,nan,nan
33664,336.647999999,,336.647999999,False,7.770122805833817,0.053576692938804626,0.04655768349766731,0.553147554397583,nan,nan,nan,nan
33665,336.659999999,,336.659999999,False,6.8249274122715,0.02051028423011303,0.10868006944656372,0.5217614769935608,nan,nan,nan,nan
33666,336.668999999,,336.668999999,False,6.337100057601929,0.07665472477674484,0.12106847018003464,0.5149434804916382,nan,nan,nan,nan
33667,336.680999999,,336.680999999,False,5.9359015417099,0.03533627837896347,0.1279960721731186,0.507909893989563,nan,nan,nan,nan
33668,336.689999999,,336.689999999,False,5.350968307256699,-0.03577176854014397,0.14218871295452118,0.5035760998725891,nan,nan,nan,nan
33669,336.689999999,,336.689999999,False,5.350968307256699,-0.03577176854014397,0.14218871295452118,0.5035760998725891,nan,nan,nan,nan
33670,336.704999999,,336.704999999,False,5.039032216072083,0.08248299360275269,0.13380108773708344,0.5142314434051514,nan,nan,nan,nan
33671,336.716999999,,336.716999999,False,5.505048286914826,0.3520660698413849,0.050360679626464844,0.49406084418296814,nan,nan,nan,nan
33672,336.728999999,,336.728999999,False,5.9069461297988894,0.4898415803909302,-0.052414245903491974,0.43935057520866394,nan,nan,nan,nan
33673,336.737999999,,336.737999999,False,6.422980452775955,0.6309642791748047,-0.08513937890529633,0.2995515465736389,nan,nan,nan,nan
33674,336.746999999,,336.746999999,False,7.473587111234665,0.7084903120994568,-0.06815404444932938,0.14530359208583832,nan,nan,nan,nan
33675,336.746999999,,336.746999999,False,7.473587111234665,0.7084903120994568,-0.06815404444932938,0.14530359208583832,nan,nan,nan,nan
33676,336.764999999,,336.764999999,False,8.153339964151384,0.6106250286102295,-0.05971870198845863,0.11083900928497314,nan,nan,nan,nan
33677,336.773999999,,336.773999999,False,8.483163857460022,0.48202455043792725,0.014898744411766529,0.07203349471092224,nan,nan,nan,nan
33678,336.785999999,,336.785999999,False,8.95846179842949,0.3343263566493988,0.09365393221378326,0.03646354377269745,nan,nan,nan,nan
33679,336.794999999,,336.794999999,False,9.659792046546936,0.13177090883255005,0.22633704543113708,0.032609257847070694,nan,nan,nan,nan
33680,336.803999999,,336.803999999,False,10.040943968296052,0.009145569056272507,0.35440897941589355,0.030728017911314964,nan,nan,nan,nan
33681,336.815999999,,336.815999999,False,10.40748428285122,-0.06996075809001923,0.4069666564464569,0.03826463967561722,nan,nan,nan,nan
33682,336.827999999,,336.827999999,False,10.665840582847595,-0.1690286546945572,0.42325446009635925,0.05746697634458542,nan,nan,nan,nan
33683,336.836999999,,336.836999999,False,10.67826650083065,-0.2412659078836441,0.3641923666000366,0.05026393011212349,nan,nan,nan,nan
33684,336.848999999,,336.848999999,False,10.4202429074049,-0.2122887372970581,0.2408972829580307,0.06402226537466049,nan,nan,nan,nan
33685,336.860999999,,336.860999999,False,10.218578286767006,-0.15428303182125092,0.12420381605625153,0.0646175891160965,nan,nan,nan,nan
33686,336.869999999,,336.869999999,False,10.01508348762989,-0.08360907435417175,0.007034314330667257,0.05931650102138519,nan,nan,nan,nan
33687,336.869999999,,336.869999999,False,10.01508348762989,-0.08360907435417175,0.007034314330667257,0.05931650102138519,nan,nan,nan,nan
33688,336.884999999,,336.884999999,False,9.662845462560654,0.008027028292417526,-0.15327811241149902,0.06132463365793228,nan,nan,nan,nan
33689,336.896999999,,336.896999999,False,9.470280278921129,0.07188503444194794,-0.21564678847789764,0.04749513790011406,nan,nan,nan,nan
33690,336.905999999,,336.905999999,False,9.324393417835235,0.10217951238155365,-0.23963738977909088,0.03820239007472992,nan,nan,nan,nan
33691,336.914999999,,336.914999999,False,9.192956196069717,0.10924918204545975,-0.2423311024904251,0.04644922539591789,nan,nan,nan,nan
33692,336.923999999,,336.923999999,False,9.129871755838394,0.087041936814785,-0.18935640156269073,0.05181039124727249,nan,nan,nan,nan
33693,336.935999999,,336.935999999,False,9.1476706802845,0.010814018547534943,-0.10611440986394882,0.047056540846824646,nan,nan,nan,nan
33694,336.944999999,,336.944999999,False,9.25354855298996,-0.09398604184389114,-0.01207751501351595,0.06673766672611237,nan,nan,nan,nan
33695,336.953999999,,336.953999999,False,9.311348279714585,-0.20064963400363922,0.07958180457353592,0.07347357273101807,nan,nan,nan,nan
33696,336.962999999,,336.962999999,False,9.393916811943054,-0.29290443658828735,0.14555880427360535,0.08568710833787918,nan,nan,nan,nan
33697,336.971999999,,336.971999999,False,9.452277871370317,-0.36185428500175476,0.16669434309005737,0.10669141262769699,nan,nan,nan,nan
33698,336.989999999,,336.989999999,False,9.255362359285355,-0.4151007831096649,0.15999239683151245,0.12237832695245743,nan,nan,nan,nan
33699,336.989999999,,336.989999999,False,9.255362359285355,-0.4151007831096649,0.15999239683151245,0.12237832695245743,nan,nan,nan,nan
33700,337.001999999,,337.001999999,False,8.976682891845703,-0.39881595969200134,0.09597819298505783,0.1309492141008377,nan,nan,nan,nan
33701,337.022999999,,337.022999999,False,8.52461126089096,-0.24519118666648865,-0.09721516817808151,0.13762439787387848,nan,nan,nan,nan
33702,337.022999999,,337.022999999,False,8.52461126089096,-0.24519118666648865,-0.09721516817808151,0.13762439787387848,nan,nan,nan,nan
33703,337.031999999,,337.031999999,False,8.159435101747514,-0.1670554280281067,-0.18584881722927094,0.13903044164180756,nan,nan,nan,nan
33704,337.049999999,,337.049999999,False,7.838474417924881,-0.02465924061834812,-0.2780069410800934,0.13819928467273712,nan,nan,nan,nan
33705,337.061999999,,337.061999999,False,7.685135865211487,0.02571605145931244,-0.3015032112598419,0.14777830243110657,nan,nan,nan,nan
33706,337.061999999,,337.061999999,False,7.685135865211487,0.02571605145931244,-0.3015032112598419,0.14777830243110657,nan,nan,nan,nan
33707,337.073999999,,337.073999999,False,7.650840775966644,0.024150609970092773,-0.26749762892723083,0.15410439670085907,nan,nan,nan,nan
33708,337.082999999,,337.082999999,False,7.702257682085038,-0.0008045881986618042,-0.22492758929729462,0.165331169962883,nan,nan,nan,nan
33709,337.100999999,,337.100999999,False,7.972195562124253,-0.18964433670043945,-0.05469628423452377,0.20834232866764069,nan,nan,nan,nan
33710,337.109999999,,337.109999999,False,8.153696644306184,-0.28587886691093445,0.008976648561656475,0.2286595106124878,nan,nan,nan,nan
33711,337.109999999,,337.109999999,False,8.153696644306184,-0.28587886691093445,0.008976648561656475,0.2286595106124878,nan,nan,nan,nan
33712,337.124999999,,337.124999999,False,8.397827253341676,-0.3857788145542145,0.07772636413574219,0.2525984048843384,nan,nan,nan,nan
33713,337.133999999,,337.133999999,False,8.504556480646134,-0.4100695252418518,0.07454448193311691,0.2661985754966736,nan,nan,nan,nan
33714,337.142999999,,337.142999999,False,8.592796812057495,-0.4117356538772583,0.0550166480243206,0.2849523723125458,nan,nan,nan,nan
33715,337.151999999,,337.151999999,False,8.59740792632103,-0.3908265233039856,0.028319252654910088,0.30685490369796753,nan,nan,nan,nan
33716,337.163999999,,337.163999999,False,8.534343366622926,-0.3333047330379486,-0.0318484827876091,0.32024842500686646,nan,nan,nan,nan
33717,337.172999999,,337.172999999,False,8.442392392158508,-0.2741333842277527,-0.08567539602518082,0.33520206809043884,nan,nan,nan,nan
33718,337.184999999,,337.184999999,False,8.255497838258744,-0.16585682332515717,-0.16018491983413696,0.3394593298435211,nan,nan,nan,nan
33719,337.193999999,,337.193999999,False,8.20064159989357,-0.09279410541057587,-0.2096090167760849,0.35088419914245605,nan,nan,nan,nan
33720,337.205999999,,337.205999999,False,8.064567536115646,-0.011367357335984707,-0.24251620471477509,0.3481428325176239,nan,nan,nan,nan
33721,337.214999999,,337.214999999,False,8.102072746753693,0.05501179024577141,-0.27679774165153503,0.37061047554016113,nan,nan,nan,nan
33722,337.226999999,,337.226999999,False,8.143648788928987,0.06876985728740692,-0.26340457797050476,0.3905532956123352,nan,nan,nan,nan
33723,337.232999999,,337.232999999,False,8.249695061445237,0.06558112055063248,-0.2258576601743698,0.4133925139904022,nan,nan,nan,nan
33724,337.241999999,,337.241999999,False,8.40369434952736,0.042568232864141464,-0.19122260808944702,0.43656280636787415,nan,nan,nan,nan
33725,337.256999999,,337.256999999,False,8.564242519140244,0.0010455399751663208,-0.14125262200832367,0.4560973644256592,nan,nan,nan,nan
33726,337.268999999,,337.268999999,False,8.848453452587128,-0.04259824380278587,-0.11827396601438522,0.49427810311317444,nan,nan,nan,nan
33727,337.277999999,,337.277999999,False,8.973790858983994,-0.07697229832410812,-0.07717880606651306,0.5066099762916565,nan,nan,nan,nan
33728,337.286999999,,337.286999999,False,9.206621139049531,-0.08955251425504684,-0.06388276070356369,0.5392312407493591,nan,nan,nan,nan
33729,337.295999999,,337.295999999,False,9.265483889579773,-0.08728590607643127,-0.06803224235773087,0.5511307120323181,nan,nan,nan,nan
33730,337.304999999,,337.304999999,False,9.282781122922898,-0.06414983421564102,-0.06077119708061218,0.5572333335876465,nan,nan,nan,nan
33731,337.313999999,,337.313999999,False,9.377465085983276,-0.034434862434864044,-0.09692824631929398,0.5813745856285095,nan,nan,nan,nan
33732,337.322999999,,337.322999999,False,9.402581216096879,0.002650335431098938,-0.12619945406913757,0.5913125872612,nan,nan,nan,nan
33733,337.334999999,,337.334999999,False,9.330495572090149,0.06956087052822113,-0.15386632084846497,0.5967098474502563,nan,nan,nan,nan
33734,337.346999999,,337.346999999,False,9.039552154541017,0.17050746083259583,-0.18666984140872955,0.5845704674720764,nan,nan,nan,nan
33735,337.346999999,,337.346999999,False,9.039552154541017,0.17050746083259583,-0.18666984140872955,0.5845704674720764,nan,nan,nan,nan
33736,337.364999999,,337.364999999,False,8.956128759384155,0.2385556399822235,-0.19475148618221283,0.5929674506187439,nan,nan,nan,nan
33737,337.376999999,,337.376999999,False,8.722129036188125,0.2550199329853058,-0.19183586537837982,0.5967233180999756,nan,nan,nan,nan
33738,337.385999999,,337.385999999,False,8.539200063943863,0.2542499005794525,-0.15857593715190887,0.6072928309440613,nan,nan,nan,nan
33739,337.394999999,,337.394999999,False,8.193745393753051,0.20428751409053802,-0.08846688270568848,0.6059470772743225,nan,nan,nan,nan
33740,337.403999999,,337.403999999,False,8.001610565185548,0.1547156274318695,-0.00569657888263464,0.6166669726371765,nan,nan,nan,nan
33741,337.412999999,,337.412999999,False,7.708089694976807,0.09049990028142929,0.0490911565721035,0.622812807559967,nan,nan,nan,nan
33742,337.424999999,,337.424999999,False,7.2072382521629335,0.020206304267048836,0.14701755344867706,0.6226983070373535,nan,nan,nan,nan
33743,337.436999999,,337.436999999,False,6.695749554634094,-0.042815253138542175,0.21362744271755219,0.6180692911148071,nan,nan,nan,nan
33744,337.445999999,,337.445999999,False,6.217687050104142,-0.11678919196128845,0.2378854900598526,0.6041581630706787,nan,nan,nan,nan
33745,337.457999999,,337.457999999,False,5.6861026418209075,-0.16954287886619568,0.25396111607551575,0.5769526362419128,nan,nan,nan,nan
33746,337.466999999,,337.466999999,False,5.2299695348739625,-0.17725317180156708,0.23869097232818604,0.5579710006713867,nan,nan,nan,nan
33747,337.472999999,,337.472999999,False,4.746411817073822,-0.19384565949440002,0.2137928456068039,0.5361430048942566,nan,nan,nan,nan
33748,337.481999999,,337.481999999,False,4.352738667726517,-0.10973075777292252,0.16271091997623444,0.5126243233680725,nan,nan,nan,nan
33749,337.493999999,,337.493999999,False,4.347551017999649,0.09591294080018997,0.08112213015556335,0.5202200412750244,nan,nan,nan,nan
33750,337.505999999,,337.505999999,False,4.732963221073151,0.380849152803421,-0.10534097999334335,0.5199638605117798,nan,nan,nan,nan
33751,337.514999999,,337.514999999,False,5.64913888335228,0.4448753893375397,-0.5683635473251343,0.32363685965538025,nan,nan,nan,nan
33752,337.526999999,,337.526999999,False,5.855897598266602,0.5296208262443542,-0.5593364834785461,0.32162702083587646,nan,nan,nan,nan
33753,337.535999999,,337.535999999,False,6.673569896221161,0.42873498797416687,-0.5427607297897339,0.22761936485767365,nan,nan,nan,nan
33754,337.541999999,,337.541999999,False,7.824876133203507,0.19782769680023193,-0.47179147601127625,0.09273774921894073,nan,nan,nan,nan
33755,337.553999999,,337.553999999,False,8.474208261966705,-0.054452329874038696,-0.2504016160964966,0.06178797781467438,nan,nan,nan,nan
33756,337.562999999,,337.562999999,False,9.095212969779968,-0.18808941543102264,0.08380401879549026,0.0877847746014595,nan,nan,nan,nan
33757,337.574999999,,337.574999999,False,10.070411011576653,-0.49931666254997253,0.300473690032959,0.07009203732013702,nan,nan,nan,nan
33758,337.586999999,,337.586999999,False,10.792396548986435,-0.6942698359489441,0.399884968996048,0.08732704818248749,nan,nan,nan,nan
33759,337.595999999,,337.595999999,False,11.345953624248505,-0.717132568359375,0.4359700083732605,0.12472885847091675,nan,nan,nan,nan
33760,337.607999999,,337.607999999,False,11.657776279449463,-0.658147931098938,0.4323420524597168,0.17429956793785095,nan,nan,nan,nan
33761,337.616999999,,337.616999999,False,11.304838342666626,-0.5755928158760071,0.26841971278190613,0.20038412511348724,nan,nan,nan,nan
33762,337.616999999,,337.616999999,False,11.304838342666626,-0.5755928158760071,0.26841971278190613,0.20038412511348724,nan,nan,nan,nan
33763,337.631999999,,337.631999999,False,10.687829037308694,-0.3386545479297638,0.048221610486507416,0.2526005208492279,nan,nan,nan,nan
33764,337.640999999,,337.640999999,False,10.317841789126396,-0.22950954735279083,-0.18177005648612976,0.2468191683292389,nan,nan,nan,nan
33765,337.652999999,,337.652999999,False,9.942014926671982,-0.15134331583976746,-0.33889704942703247,0.22160285711288452,nan,nan,nan,nan
33766,337.664999999,,337.664999999,False,9.392809349298478,-0.011601245030760765,-0.4928944706916809,0.19223274290561676,nan,nan,nan,nan
33767,337.673999999,,337.673999999,False,9.204312658309936,0.11953996866941452,-0.511746883392334,0.16983503103256226,nan,nan,nan,nan
33768,337.682999999,,337.682999999,False,9.056358221769333,0.20499765872955322,-0.49419936537742615,0.14496248960494995,nan,nan,nan,nan
33769,337.691999999,,337.691999999,False,9.015106115341187,0.23747314512729645,-0.4526551067829132,0.1405293196439743,nan,nan,nan,nan
33770,337.703999999,,337.703999999,False,8.998125801086426,0.23898062109947205,-0.3476506471633911,0.1582632064819336,nan,nan,nan,nan
33771,337.712999999,,337.712999999,False,9.131991956233978,0.15939778089523315,-0.22426624596118927,0.16696476936340332,nan,nan,nan,nan
33772,337.721999999,,337.721999999,False,9.416913911104203,0.01943889632821083,-0.02758263796567917,0.18824386596679688,nan,nan,nan,nan
33773,337.733999999,,337.733999999,False,9.574989877939224,-0.09632709622383118,0.09755165129899979,0.20685036480426788,nan,nan,nan,nan
33774,337.745999999,,337.745999999,False,9.740034556388855,-0.17766620218753815,0.17253798246383667,0.2247498780488968,nan,nan,nan,nan
33775,337.751999999,,337.751999999,False,9.840507262945176,-0.2184409499168396,0.23109489679336548,0.24097700417041779,nan,nan,nan,nan
33776,337.769999999,,337.769999999,False,9.580626593828201,-0.14974911510944366,0.13684795796871185,0.2783072590827942,nan,nan,nan,nan
33777,337.769999999,,337.769999999,False,9.580626593828201,-0.14974911510944366,0.13684795796871185,0.2783072590827942,nan,nan,nan,nan
33778,337.784999999,,337.784999999,False,9.158361729383468,-0.08015772700309753,0.051348909735679626,0.2843431830406189,nan,nan,nan,nan
33779,337.802999999,,337.802999999,False,8.503942523002625,0.019116200506687164,-0.136867493391037,0.2715485990047455,nan,nan,nan,nan
33780,337.802999999,,337.802999999,False,8.503942523002625,0.019116200506687164,-0.136867493391037,0.2715485990047455,nan,nan,nan,nan
33781,337.811999999,,337.811999999,False,8.086999794244766,0.13661956787109375,-0.26063504815101624,0.2595757246017456,nan,nan,nan,nan
33782,337.829999999,,337.829999999,False,7.733051458597184,0.2957555055618286,-0.35167214274406433,0.24107609689235687,nan,nan,nan,nan
33783,337.829999999,,337.829999999,False,7.733051458597184,0.2957555055618286,-0.35167214274406433,0.24107609689235687,nan,nan,nan,nan
33784,337.844999999,,337.844999999,False,7.606556303501129,0.33440786600112915,-0.3515918552875519,0.25305265188217163,nan,nan,nan,nan
33785,337.853999999,,337.853999999,False,7.571894009113312,0.3241733908653259,-0.27177247405052185,0.2653944790363312,nan,nan,nan,nan
33786,337.865999999,,337.865999999,False,7.611462117433549,0.2767157554626465,-0.1622680425643921,0.2841199040412903,nan,nan,nan,nan
33787,337.874999999,,337.874999999,False,7.815787221193314,0.18857042491436005,-0.005921943113207817,0.3207956850528717,nan,nan,nan,nan
33788,337.886999999,,337.886999999,False,7.938522616624833,0.08865977823734283,0.11199004203081131,0.3515735864639282,nan,nan,nan,nan
33789,337.895999999,,337.895999999,False,8.122988237142563,-0.014220623299479485,0.19575241208076477,0.3857631981372833,nan,nan,nan,nan
33790,337.904999999,,337.904999999,False,8.407714895009995,-0.08693476766347885,0.2923567295074463,0.4134122431278229,nan,nan,nan,nan
33791,337.916999999,,337.916999999,False,8.538086754083634,-0.13046768307685852,0.3005409836769104,0.4499911665916443,nan,nan,nan,nan
33792,337.928999999,,337.928999999,False,8.594170907735824,-0.11151798069477081,0.2792690694332123,0.46673208475112915,nan,nan,nan,nan
33793,337.940999999,,337.940999999,False,8.436001385450364,-0.08569739013910294,0.21121598780155182,0.49334561824798584,nan,nan,nan,nan
33794,337.949999999,,337.949999999,False,8.323954700231553,0.00877291988581419,0.10703279823064804,0.4900928735733032,nan,nan,nan,nan
33795,337.958999999,,337.958999999,False,8.136103541851044,0.11969143897294998,-0.03113595023751259,0.48374584317207336,nan,nan,nan,nan
33796,337.958999999,,337.958999999,False,8.136103541851044,0.11969143897294998,-0.03113595023751259,0.48374584317207336,nan,nan,nan,nan
33797,337.979999999,,337.979999999,False,8.028789592981338,0.2460585981607437,-0.13189290463924408,0.5083457827568054,nan,nan,nan,nan
33798,337.991999999,,337.991999999,False,8.03645529270172,0.2863069772720337,-0.1367180198431015,0.5329952239990234,nan,nan,nan,nan
33799,337.991999999,,337.991999999,False,8.03645529270172,0.2863069772720337,-0.1367180198431015,0.5329952239990234,nan,nan,nan,nan
33800,338.012999999,,338.012999999,False,8.128406267166138,0.25917255878448486,-0.015093681402504444,0.5625534057617188,nan,nan,nan,nan
33801,338.021999999,,338.021999999,False,8.38780629515648,0.2012072056531906,0.0471859909594059,0.6009693145751953,nan,nan,nan,nan
33802,338.021999999,,338.021999999,False,8.38780629515648,0.2012072056531906,0.0471859909594059,0.6009693145751953,nan,nan,nan,nan
33803,338.039999999,,338.039999999,False,8.736204453706742,0.09031001478433609,0.1652279943227768,0.6480877995491028,nan,nan,nan,nan
33804,338.048999999,,338.048999999,False,9.115045555830003,0.020754599943757057,0.2450382262468338,0.6959472894668579,nan,nan,nan,nan
33805,338.060999999,,338.060999999,False,9.314593484401703,-0.0033684219233691692,0.27188217639923096,0.7279970645904541,nan,nan,nan,nan
33806,338.066999999,,338.066999999,False,9.47882306098938,0.001750662922859192,0.2515571415424347,0.7578352689743042,nan,nan,nan,nan
33807,338.078999999,,338.078999999,False,9.456308941841126,0.023304829373955727,0.22535718977451324,0.7543030381202698,nan,nan,nan,nan
33808,338.078999999,,338.078999999,False,9.456308941841126,0.023304829373955727,0.22535718977451324,0.7543030381202698,nan,nan,nan,nan
33809,338.099999999,,338.099999999,False,9.579303953647614,0.0890975221991539,0.08587449043989182,0.7762383818626404,nan,nan,nan,nan
33810,338.099999999,,338.099999999,False,9.579303953647614,0.0890975221991539,0.08587449043989182,0.7762383818626404,nan,nan,nan,nan
33811,338.120999999,,338.120999999,False,9.415836853981018,0.16399528086185455,-0.027918923646211624,0.7600306272506714,nan,nan,nan,nan
33812,338.129999999,,338.129999999,False,9.401433992385865,0.18021848797798157,-0.03833235800266266,0.7555225491523743,nan,nan,nan,nan
33813,338.138999999,,338.138999999,False,9.205330073833466,0.20452089607715607,-0.09460044652223587,0.7358826398849487,nan,nan,nan,nan
33814,338.147999999,,338.147999999,False,9.167932451963425,0.21401482820510864,-0.081910640001297,0.7398542761802673,nan,nan,nan,nan
33815,338.159999999,,338.159999999,False,9.02391319155693,0.2053898423910141,-0.05034884810447693,0.739152193069458,nan,nan,nan,nan
33816,338.171999999,,338.171999999,False,8.928071479797364,0.16935022175312042,0.03575737401843071,0.7614208459854126,nan,nan,nan,nan
33817,338.171999999,,338.171999999,False,8.928071479797364,0.16935022175312042,0.03575737401843071,0.7614208459854126,nan,nan,nan,nan
33818,338.189999999,,338.189999999,False,8.376667349338533,0.06945120543241501,0.18592418730258942,0.7568658590316772,nan,nan,nan,nan
33819,338.201999999,,338.201999999,False,7.836320303678513,-0.016395708546042442,0.35298609733581543,0.7581853866577148,nan,nan,nan,nan
33820,338.207999999,,338.207999999,False,7.312434339523316,-0.07743395119905472,0.43579617142677307,0.7526951432228088,nan,nan,nan,nan
33821,338.216999999,,338.216999999,False,6.826050077676774,-0.12779463827610016,0.4424276053905487,0.7323732972145081,nan,nan,nan,nan
33822,338.228999999,,338.228999999,False,6.166736751794815,-0.15774990618228912,0.4611095190048218,0.6948821544647217,nan,nan,nan,nan
33823,338.228999999,,338.228999999,False,6.166736751794815,-0.15774990618228912,0.4611095190048218,0.6948821544647217,nan,nan,nan,nan
33824,338.249999999,,338.249999999,False,5.053090091943741,-0.17732365429401398,0.3715704083442688,0.6342703104019165,nan,nan,nan,nan
33825,338.249999999,,338.249999999,False,5.053090091943741,-0.17732365429401398,0.3715704083442688,0.6342703104019165,nan,nan,nan,nan
33826,338.264999999,,338.264999999,False,5.085380755662919,0.10533761233091354,0.09935775399208069,0.624678909778595,nan,nan,nan,nan
33827,338.273999999,,338.273999999,False,4.965498801469803,0.3037530481815338,-0.08337754756212234,0.6192198395729065,nan,nan,nan,nan
33828,338.282999999,,338.282999999,False,5.573811542987824,0.7321438789367676,-0.6263406872749329,0.5510307550430298,nan,nan,nan,nan
33829,338.291999999,,338.291999999,False,6.092019860744476,0.9272755980491638,-1.0310472249984741,0.4342622756958008,nan,nan,nan,nan
33830,338.312999999,,338.312999999,False,7.193290303945542,0.9846479892730713,-1.0429946184158325,0.28658926486968994,nan,nan,nan,nan
33831,338.318999999,,338.318999999,False,7.7435507190227515,0.7504063844680786,-0.5915297269821167,0.2673199772834778,nan,nan,nan,nan
33832,338.327999999,,338.327999999,False,8.193587518930435,0.4469887614250183,-0.22165587544441223,0.2109951376914978,nan,nan,nan,nan
33833,338.336999999,,338.336999999,False,8.942853240966798,0.11200405657291412,0.145994633436203,0.17411555349826813,nan,nan,nan,nan
33834,338.348999999,,338.348999999,False,9.866181802153587,-0.33312293887138367,0.724256694316864,0.19824010133743286,nan,nan,nan,nan
33835,338.357999999,,338.357999999,False,10.666503657102586,-0.5676066875457764,0.902125895023346,0.21151871979236603,nan,nan,nan,nan
33836,338.369999999,,338.369999999,False,11.107562057375908,-0.6493818759918213,0.8597522377967834,0.2287687510251999,nan,nan,nan,nan
33837,338.378999999,,338.378999999,False,11.218187284469606,-0.5577157735824585,0.7362684011459351,0.2485726773738861,nan,nan,nan,nan
33838,338.378999999,,338.378999999,False,11.218187284469606,-0.5577157735824585,0.7362684011459351,0.2485726773738861,nan,nan,nan,nan
33839,338.399999999,,338.399999999,False,10.812927292585373,-0.23020003736019135,0.1340257227420807,0.2968010902404785,nan,nan,nan,nan
33840,338.399999999,,338.399999999,False,10.812927292585373,-0.23020003736019135,0.1340257227420807,0.2968010902404785,nan,nan,nan,nan
33841,338.411999999,,338.411999999,False,10.112692227959633,-0.04341456666588783,-0.23730093240737915,0.30212387442588806,nan,nan,nan,nan
33842,338.423999999,,338.423999999,False,9.764346109628677,0.10608892142772675,-0.522712230682373,0.2790376842021942,nan,nan,nan,nan
33843,338.432999999,,338.432999999,False,9.443413492441177,0.2558842599391937,-0.6674637198448181,0.26771804690361023,nan,nan,nan,nan
33844,338.441999999,,338.441999999,False,9.079236037731171,0.48784637451171875,-0.9113966822624207,0.22868190705776215,nan,nan,nan,nan
33845,338.453999999,,338.453999999,False,8.86289724469185,0.588569700717926,-0.9430046081542969,0.19048675894737244,nan,nan,nan,nan
33846,338.462999999,,338.462999999,False,8.774732927083969,0.6190162301063538,-0.8332020044326782,0.17081770300865173,nan,nan,nan,nan
33847,338.480999999,,338.480999999,False,8.930729624032974,0.19832056760787964,-0.12520438432693481,0.21011395752429962,nan,nan,nan,nan
33848,338.489999999,,338.489999999,False,9.187686685323715,-0.09008030593395233,0.23715731501579285,0.23314885795116425,nan,nan,nan,nan
33849,338.489999999,,338.489999999,False,9.187686685323715,-0.09008030593395233,0.23715731501579285,0.23314885795116425,nan,nan,nan,nan
33850,338.501999999,,338.501999999,False,9.771114846467972,-0.40813151001930237,0.6172080636024475,0.25483790040016174,nan,nan,nan,nan
33851,338.513999999,,338.513999999,False,10.093639660477638,-0.5746999382972717,0.780775249004364,0.2806297540664673,nan,nan,nan,nan
33852,338.522999999,,338.522999999,False,10.244692536592485,-0.6045448780059814,0.7620437741279602,0.3041694164276123,nan,nan,nan,nan
33853,338.534999999,,338.534999999,False,10.068918802142143,-0.5712677836418152,0.6679022908210754,0.31748834252357483,nan,nan,nan,nan
33653,336.539999999,,336.539999999,False,9.349097903966904,0.09785886108875275,-0.021570764482021332,0.5240036249160767,nan,nan,nan,nan
33654,336.539999999,,336.539999999,False,9.349097903966904,0.09785886108875275,-0.021570764482021332,0.5240036249160767,nan,nan,nan,nan
33655,336.560999999,,336.560999999,False,9.476188305616379,0.06224418058991432,-0.04171081632375717,0.5577978491783142,nan,nan,nan,nan
33656,336.569999999,,336.569999999,False,9.44116582274437,0.04190938174724579,-0.011290675960481167,0.5607372522354126,nan,nan,nan,nan
33657,336.581999999,,336.581999999,False,9.502002593278885,-0.06362815201282501,0.021387778222560883,0.5856406092643738,nan,nan,nan,nan
33658,336.581999999,,336.581999999,False,9.502002593278885,-0.06362815201282501,0.021387778222560883,0.5856406092643738,nan,nan,nan,nan
33659,336.599999999,,336.599999999,False,9.238128275871277,-0.07509104907512665,0.08239872753620148,0.5770193934440613,nan,nan,nan,nan
33660,336.599999999,,336.599999999,False,9.238128275871277,-0.07509104907512665,0.08239872753620148,0.5770193934440613,nan,nan,nan,nan
33661,336.611999999,,336.611999999,False,8.903943529129029,-0.025807688012719154,0.08242697268724442,0.5651014447212219,nan,nan,nan,nan
33662,336.623999999,,336.623999999,False,8.61474258184433,0.01385801937431097,0.0521804541349411,0.5640929341316223,nan,nan,nan,nan
33663,336.635999999,,336.635999999,False,8.267001650333405,0.08667410910129547,0.01772378385066986,0.5553656220436096,nan,nan,nan,nan
33664,336.647999999,,336.647999999,False,7.770122805833817,0.053576692938804626,0.04655768349766731,0.553147554397583,nan,nan,nan,nan
33665,336.659999999,,336.659999999,False,6.8249274122715,0.02051028423011303,0.10868006944656372,0.5217614769935608,nan,nan,nan,nan
33666,336.668999999,,336.668999999,False,6.337100057601929,0.07665472477674484,0.12106847018003464,0.5149434804916382,nan,nan,nan,nan
33667,336.680999999,,336.680999999,False,5.9359015417099,0.03533627837896347,0.1279960721731186,0.507909893989563,nan,nan,nan,nan
33668,336.689999999,,336.689999999,False,5.350968307256699,-0.03577176854014397,0.14218871295452118,0.5035760998725891,nan,nan,nan,nan
33669,336.689999999,,336.689999999,False,5.350968307256699,-0.03577176854014397,0.14218871295452118,0.5035760998725891,nan,nan,nan,nan
33670,336.704999999,,336.704999999,False,5.039032216072083,0.08248299360275269,0.13380108773708344,0.5142314434051514,nan,nan,nan,nan
33671,336.716999999,,336.716999999,False,5.505048286914826,0.3520660698413849,0.050360679626464844,0.49406084418296814,nan,nan,nan,nan
33672,336.728999999,,336.728999999,False,5.9069461297988894,0.4898415803909302,-0.052414245903491974,0.43935057520866394,nan,nan,nan,nan
33673,336.737999999,,336.737999999,False,6.422980452775955,0.6309642791748047,-0.08513937890529633,0.2995515465736389,nan,nan,nan,nan
33674,336.746999999,,336.746999999,False,7.473587111234665,0.7084903120994568,-0.06815404444932938,0.14530359208583832,nan,nan,nan,nan
33675,336.746999999,,336.746999999,False,7.473587111234665,0.7084903120994568,-0.06815404444932938,0.14530359208583832,nan,nan,nan,nan
33676,336.764999999,,336.764999999,False,8.153339964151384,0.6106250286102295,-0.05971870198845863,0.11083900928497314,nan,nan,nan,nan
33677,336.773999999,,336.773999999,False,8.483163857460022,0.48202455043792725,0.014898744411766529,0.07203349471092224,nan,nan,nan,nan
33678,336.785999999,,336.785999999,False,8.95846179842949,0.3343263566493988,0.09365393221378326,0.03646354377269745,nan,nan,nan,nan
33679,336.794999999,,336.794999999,False,9.659792046546936,0.13177090883255005,0.22633704543113708,0.032609257847070694,nan,nan,nan,nan
33680,336.803999999,,336.803999999,False,10.040943968296052,0.009145569056272507,0.35440897941589355,0.030728017911314964,nan,nan,nan,nan
33681,336.815999999,,336.815999999,False,10.40748428285122,-0.06996075809001923,0.4069666564464569,0.03826463967561722,nan,nan,nan,nan
33682,336.827999999,,336.827999999,False,10.665840582847595,-0.1690286546945572,0.42325446009635925,0.05746697634458542,nan,nan,nan,nan
33683,336.836999999,,336.836999999,False,10.67826650083065,-0.2412659078836441,0.3641923666000366,0.05026393011212349,nan,nan,nan,nan
33684,336.848999999,,336.848999999,False,10.4202429074049,-0.2122887372970581,0.2408972829580307,0.06402226537466049,nan,nan,nan,nan
33685,336.860999999,,336.860999999,False,10.218578286767006,-0.15428303182125092,0.12420381605625153,0.0646175891160965,nan,nan,nan,nan
33686,336.869999999,,336.869999999,False,10.01508348762989,-0.08360907435417175,0.007034314330667257,0.05931650102138519,nan,nan,nan,nan
33687,336.869999999,,336.869999999,False,10.01508348762989,-0.08360907435417175,0.007034314330667257,0.05931650102138519,nan,nan,nan,nan
33688,336.884999999,,336.884999999,False,9.662845462560654,0.008027028292417526,-0.15327811241149902,0.06132463365793228,nan,nan,nan,nan
33689,336.896999999,,336.896999999,False,9.470280278921129,0.07188503444194794,-0.21564678847789764,0.04749513790011406,nan,nan,nan,nan
33690,336.905999999,,336.905999999,False,9.324393417835235,0.10217951238155365,-0.23963738977909088,0.03820239007472992,nan,nan,nan,nan
33691,336.914999999,,336.914999999,False,9.192956196069717,0.10924918204545975,-0.2423311024904251,0.04644922539591789,nan,nan,nan,nan
33692,336.923999999,,336.923999999,False,9.129871755838394,0.087041936814785,-0.18935640156269073,0.05181039124727249,nan,nan,nan,nan
33693,336.935999999,,336.935999999,False,9.1476706802845,0.010814018547534943,-0.10611440986394882,0.047056540846824646,nan,nan,nan,nan
33694,336.944999999,,336.944999999,False,9.25354855298996,-0.09398604184389114,-0.01207751501351595,0.06673766672611237,nan,nan,nan,nan
33695,336.953999999,,336.953999999,False,9.311348279714585,-0.20064963400363922,0.07958180457353592,0.07347357273101807,nan,nan,nan,nan
33696,336.962999999,,336.962999999,False,9.393916811943054,-0.29290443658828735,0.14555880427360535,0.08568710833787918,nan,nan,nan,nan
33697,336.971999999,,336.971999999,False,9.452277871370317,-0.36185428500175476,0.16669434309005737,0.10669141262769699,nan,nan,nan,nan
33698,336.989999999,,336.989999999,False,9.255362359285355,-0.4151007831096649,0.15999239683151245,0.12237832695245743,nan,nan,nan,nan
33699,336.989999999,,336.989999999,False,9.255362359285355,-0.4151007831096649,0.15999239683151245,0.12237832695245743,nan,nan,nan,nan
33700,337.001999999,,337.001999999,False,8.976682891845703,-0.39881595969200134,0.09597819298505783,0.1309492141008377,nan,nan,nan,nan
33701,337.022999999,,337.022999999,False,8.52461126089096,-0.24519118666648865,-0.09721516817808151,0.13762439787387848,nan,nan,nan,nan
33702,337.022999999,,337.022999999,False,8.52461126089096,-0.24519118666648865,-0.09721516817808151,0.13762439787387848,nan,nan,nan,nan
33703,337.031999999,,337.031999999,False,8.159435101747514,-0.1670554280281067,-0.18584881722927094,0.13903044164180756,nan,nan,nan,nan
33704,337.049999999,,337.049999999,False,7.838474417924881,-0.02465924061834812,-0.2780069410800934,0.13819928467273712,nan,nan,nan,nan
33705,337.061999999,,337.061999999,False,7.685135865211487,0.02571605145931244,-0.3015032112598419,0.14777830243110657,nan,nan,nan,nan
33706,337.061999999,,337.061999999,False,7.685135865211487,0.02571605145931244,-0.3015032112598419,0.14777830243110657,nan,nan,nan,nan
33707,337.073999999,,337.073999999,False,7.650840775966644,0.024150609970092773,-0.26749762892723083,0.15410439670085907,nan,nan,nan,nan
33708,337.082999999,,337.082999999,False,7.702257682085038,-0.0008045881986618042,-0.22492758929729462,0.165331169962883,nan,nan,nan,nan
33709,337.100999999,,337.100999999,False,7.972195562124253,-0.18964433670043945,-0.05469628423452377,0.20834232866764069,nan,nan,nan,nan
33710,337.109999999,,337.109999999,False,8.153696644306184,-0.28587886691093445,0.008976648561656475,0.2286595106124878,nan,nan,nan,nan
33711,337.109999999,,337.109999999,False,8.153696644306184,-0.28587886691093445,0.008976648561656475,0.2286595106124878,nan,nan,nan,nan
33712,337.124999999,,337.124999999,False,8.397827253341676,-0.3857788145542145,0.07772636413574219,0.2525984048843384,nan,nan,nan,nan
33713,337.133999999,,337.133999999,False,8.504556480646134,-0.4100695252418518,0.07454448193311691,0.2661985754966736,nan,nan,nan,nan
33714,337.142999999,,337.142999999,False,8.592796812057495,-0.4117356538772583,0.0550166480243206,0.2849523723125458,nan,nan,nan,nan
33715,337.151999999,,337.151999999,False,8.59740792632103,-0.3908265233039856,0.028319252654910088,0.30685490369796753,nan,nan,nan,nan
33716,337.163999999,,337.163999999,False,8.534343366622926,-0.3333047330379486,-0.0318484827876091,0.32024842500686646,nan,nan,nan,nan
33717,337.172999999,,337.172999999,False,8.442392392158508,-0.2741333842277527,-0.08567539602518082,0.33520206809043884,nan,nan,nan,nan
33718,337.184999999,,337.184999999,False,8.255497838258744,-0.16585682332515717,-0.16018491983413696,0.3394593298435211,nan,nan,nan,nan
33719,337.193999999,,337.193999999,False,8.20064159989357,-0.09279410541057587,-0.2096090167760849,0.35088419914245605,nan,nan,nan,nan
33720,337.205999999,,337.205999999,False,8.064567536115646,-0.011367357335984707,-0.24251620471477509,0.3481428325176239,nan,nan,nan,nan
33721,337.214999999,,337.214999999,False,8.102072746753693,0.05501179024577141,-0.27679774165153503,0.37061047554016113,nan,nan,nan,nan
33722,337.226999999,,337.226999999,False,8.143648788928987,0.06876985728740692,-0.26340457797050476,0.3905532956123352,nan,nan,nan,nan
33723,337.232999999,,337.232999999,False,8.249695061445237,0.06558112055063248,-0.2258576601743698,0.4133925139904022,nan,nan,nan,nan
33724,337.241999999,,337.241999999,False,8.40369434952736,0.042568232864141464,-0.19122260808944702,0.43656280636787415,nan,nan,nan,nan
33725,337.256999999,,337.256999999,False,8.564242519140244,0.0010455399751663208,-0.14125262200832367,0.4560973644256592,nan,nan,nan,nan
33726,337.268999999,,337.268999999,False,8.848453452587128,-0.04259824380278587,-0.11827396601438522,0.49427810311317444,nan,nan,nan,nan
33727,337.277999999,,337.277999999,False,8.973790858983994,-0.07697229832410812,-0.07717880606651306,0.5066099762916565,nan,nan,nan,nan
33728,337.286999999,,337.286999999,False,9.206621139049531,-0.08955251425504684,-0.06388276070356369,0.5392312407493591,nan,nan,nan,nan
33729,337.295999999,,337.295999999,False,9.265483889579773,-0.08728590607643127,-0.06803224235773087,0.5511307120323181,nan,nan,nan,nan
33730,337.304999999,,337.304999999,False,9.282781122922898,-0.06414983421564102,-0.06077119708061218,0.5572333335876465,nan,nan,nan,nan
33731,337.313999999,,337.313999999,False,9.377465085983276,-0.034434862434864044,-0.09692824631929398,0.5813745856285095,nan,nan,nan,nan
33732,337.322999999,,337.322999999,False,9.402581216096879,0.002650335431098938,-0.12619945406913757,0.5913125872612,nan,nan,nan,nan
33733,337.334999999,,337.334999999,False,9.330495572090149,0.06956087052822113,-0.15386632084846497,0.5967098474502563,nan,nan,nan,nan
33734,337.346999999,,337.346999999,False,9.039552154541017,0.17050746083259583,-0.18666984140872955,0.5845704674720764,nan,nan,nan,nan
33735,337.346999999,,337.346999999,False,9.039552154541017,0.17050746083259583,-0.18666984140872955,0.5845704674720764,nan,nan,nan,nan
33736,337.364999999,,337.364999999,False,8.956128759384155,0.2385556399822235,-0.19475148618221283,0.5929674506187439,nan,nan,nan,nan
33737,337.376999999,,337.376999999,False,8.722129036188125,0.2550199329853058,-0.19183586537837982,0.5967233180999756,nan,nan,nan,nan
33738,337.385999999,,337.385999999,False,8.539200063943863,0.2542499005794525,-0.15857593715190887,0.6072928309440613,nan,nan,nan,nan
33739,337.394999999,,337.394999999,False,8.193745393753051,0.20428751409053802,-0.08846688270568848,0.6059470772743225,nan,nan,nan,nan
33740,337.403999999,,337.403999999,False,8.001610565185548,0.1547156274318695,-0.00569657888263464,0.6166669726371765,nan,nan,nan,nan
33741,337.412999999,,337.412999999,False,7.708089694976807,0.09049990028142929,0.0490911565721035,0.622812807559967,nan,nan,nan,nan
33742,337.424999999,,337.424999999,False,7.2072382521629335,0.020206304267048836,0.14701755344867706,0.6226983070373535,nan,nan,nan,nan
33743,337.436999999,,337.436999999,False,6.695749554634094,-0.042815253138542175,0.21362744271755219,0.6180692911148071,nan,nan,nan,nan
33744,337.445999999,,337.445999999,False,6.217687050104142,-0.11678919196128845,0.2378854900598526,0.6041581630706787,nan,nan,nan,nan
33745,337.457999999,,337.457999999,False,5.6861026418209075,-0.16954287886619568,0.25396111607551575,0.5769526362419128,nan,nan,nan,nan
33746,337.466999999,,337.466999999,False,5.2299695348739625,-0.17725317180156708,0.23869097232818604,0.5579710006713867,nan,nan,nan,nan
33747,337.472999999,,337.472999999,False,4.746411817073822,-0.19384565949440002,0.2137928456068039,0.5361430048942566,nan,nan,nan,nan
33748,337.481999999,,337.481999999,False,4.352738667726517,-0.10973075777292252,0.16271091997623444,0.5126243233680725,nan,nan,nan,nan
33749,337.493999999,,337.493999999,False,4.347551017999649,0.09591294080018997,0.08112213015556335,0.5202200412750244,nan,nan,nan,nan
33750,337.505999999,,337.505999999,False,4.732963221073151,0.380849152803421,-0.10534097999334335,0.5199638605117798,nan,nan,nan,nan
33751,337.514999999,,337.514999999,False,5.64913888335228,0.4448753893375397,-0.5683635473251343,0.32363685965538025,nan,nan,nan,nan
33752,337.526999999,,337.526999999,False,5.855897598266602,0.5296208262443542,-0.5593364834785461,0.32162702083587646,nan,nan,nan,nan
33753,337.535999999,,337.535999999,False,6.673569896221161,0.42873498797416687,-0.5427607297897339,0.22761936485767365,nan,nan,nan,nan
33754,337.541999999,,337.541999999,False,7.824876133203507,0.19782769680023193,-0.47179147601127625,0.09273774921894073,nan,nan,nan,nan
33755,337.553999999,,337.553999999,False,8.474208261966705,-0.054452329874038696,-0.2504016160964966,0.06178797781467438,nan,nan,nan,nan
33756,337.562999999,,337.562999999,False,9.095212969779968,-0.18808941543102264,0.08380401879549026,0.0877847746014595,nan,nan,nan,nan
33757,337.574999999,,337.574999999,False,10.070411011576653,-0.49931666254997253,0.300473690032959,0.07009203732013702,nan,nan,nan,nan
33758,337.586999999,,337.586999999,False,10.792396548986435,-0.6942698359489441,0.399884968996048,0.08732704818248749,nan,nan,nan,nan
33759,337.595999999,,337.595999999,False,11.345953624248505,-0.717132568359375,0.4359700083732605,0.12472885847091675,nan,nan,nan,nan
33760,337.607999999,,337.607999999,False,11.657776279449463,-0.658147931098938,0.4323420524597168,0.17429956793785095,nan,nan,nan,nan
33761,337.616999999,,337.616999999,False,11.304838342666626,-0.5755928158760071,0.26841971278190613,0.20038412511348724,nan,nan,nan,nan
33762,337.616999999,,337.616999999,False,11.304838342666626,-0.5755928158760071,0.26841971278190613,0.20038412511348724,nan,nan,nan,nan
33763,337.631999999,,337.631999999,False,10.687829037308694,-0.3386545479297638,0.048221610486507416,0.2526005208492279,nan,nan,nan,nan
33764,337.640999999,,337.640999999,False,10.317841789126396,-0.22950954735279083,-0.18177005648612976,0.2468191683292389,nan,nan,nan,nan
33765,337.652999999,,337.652999999,False,9.942014926671982,-0.15134331583976746,-0.33889704942703247,0.22160285711288452,nan,nan,nan,nan
33766,337.664999999,,337.664999999,False,9.392809349298478,-0.011601245030760765,-0.4928944706916809,0.19223274290561676,nan,nan,nan,nan
33767,337.673999999,,337.673999999,False,9.204312658309936,0.11953996866941452,-0.511746883392334,0.16983503103256226,nan,nan,nan,nan
33768,337.682999999,,337.682999999,False,9.056358221769333,0.20499765872955322,-0.49419936537742615,0.14496248960494995,nan,nan,nan,nan
33769,337.691999999,,337.691999999,False,9.015106115341187,0.23747314512729645,-0.4526551067829132,0.1405293196439743,nan,nan,nan,nan
33770,337.703999999,,337.703999999,False,8.998125801086426,0.23898062109947205,-0.3476506471633911,0.1582632064819336,nan,nan,nan,nan
33771,337.712999999,,337.712999999,False,9.131991956233978,0.15939778089523315,-0.22426624596118927,0.16696476936340332,nan,nan,nan,nan
33772,337.721999999,,337.721999999,False,9.416913911104203,0.01943889632821083,-0.02758263796567917,0.18824386596679688,nan,nan,nan,nan
33773,337.733999999,,337.733999999,False,9.574989877939224,-0.09632709622383118,0.09755165129899979,0.20685036480426788,nan,nan,nan,nan
33774,337.745999999,,337.745999999,False,9.740034556388855,-0.17766620218753815,0.17253798246383667,0.2247498780488968,nan,nan,nan,nan
33775,337.751999999,,337.751999999,False,9.840507262945176,-0.2184409499168396,0.23109489679336548,0.24097700417041779,nan,nan,nan,nan
33776,337.769999999,,337.769999999,False,9.580626593828201,-0.14974911510944366,0.13684795796871185,0.2783072590827942,nan,nan,nan,nan
33777,337.769999999,,337.769999999,False,9.580626593828201,-0.14974911510944366,0.13684795796871185,0.2783072590827942,nan,nan,nan,nan
33778,337.784999999,,337.784999999,False,9.158361729383468,-0.08015772700309753,0.051348909735679626,0.2843431830406189,nan,nan,nan,nan
33779,337.802999999,,337.802999999,False,8.503942523002625,0.019116200506687164,-0.136867493391037,0.2715485990047455,nan,nan,nan,nan
33780,337.802999999,,337.802999999,False,8.503942523002625,0.019116200506687164,-0.136867493391037,0.2715485990047455,nan,nan,nan,nan
33781,337.811999999,,337.811999999,False,8.086999794244766,0.13661956787109375,-0.26063504815101624,0.2595757246017456,nan,nan,nan,nan
33782,337.829999999,,337.829999999,False,7.733051458597184,0.2957555055618286,-0.35167214274406433,0.24107609689235687,nan,nan,nan,nan
33783,337.829999999,,337.829999999,False,7.733051458597184,0.2957555055618286,-0.35167214274406433,0.24107609689235687,nan,nan,nan,nan
33784,337.844999999,,337.844999999,False,7.606556303501129,0.33440786600112915,-0.3515918552875519,0.25305265188217163,nan,nan,nan,nan
33785,337.853999999,,337.853999999,False,7.571894009113312,0.3241733908653259,-0.27177247405052185,0.2653944790363312,nan,nan,nan,nan
33786,337.865999999,,337.865999999,False,7.611462117433549,0.2767157554626465,-0.1622680425643921,0.2841199040412903,nan,nan,nan,nan
33787,337.874999999,,337.874999999,False,7.815787221193314,0.18857042491436005,-0.005921943113207817,0.3207956850528717,nan,nan,nan,nan
33788,337.886999999,,337.886999999,False,7.938522616624833,0.08865977823734283,0.11199004203081131,0.3515735864639282,nan,nan,nan,nan
33789,337.895999999,,337.895999999,False,8.122988237142563,-0.014220623299479485,0.19575241208076477,0.3857631981372833,nan,nan,nan,nan
33790,337.904999999,,337.904999999,False,8.407714895009995,-0.08693476766347885,0.2923567295074463,0.4134122431278229,nan,nan,nan,nan
33791,337.916999999,,337.916999999,False,8.538086754083634,-0.13046768307685852,0.3005409836769104,0.4499911665916443,nan,nan,nan,nan
33792,337.928999999,,337.928999999,False,8.594170907735824,-0.11151798069477081,0.2792690694332123,0.46673208475112915,nan,nan,nan,nan
33793,337.940999999,,337.940999999,False,8.436001385450364,-0.08569739013910294,0.21121598780155182,0.49334561824798584,nan,nan,nan,nan
33794,337.949999999,,337.949999999,False,8.323954700231553,0.00877291988581419,0.10703279823064804,0.4900928735733032,nan,nan,nan,nan
33795,337.958999999,,337.958999999,False,8.136103541851044,0.11969143897294998,-0.03113595023751259,0.48374584317207336,nan,nan,nan,nan
33796,337.958999999,,337.958999999,False,8.136103541851044,0.11969143897294998,-0.03113595023751259,0.48374584317207336,nan,nan,nan,nan
33797,337.979999999,,337.979999999,False,8.028789592981338,0.2460585981607437,-0.13189290463924408,0.5083457827568054,nan,nan,nan,nan
33798,337.991999999,,337.991999999,False,8.03645529270172,0.2863069772720337,-0.1367180198431015,0.5329952239990234,nan,nan,nan,nan
33799,337.991999999,,337.991999999,False,8.03645529270172,0.2863069772720337,-0.1367180198431015,0.5329952239990234,nan,nan,nan,nan
33800,338.012999999,,338.012999999,False,8.128406267166138,0.25917255878448486,-0.015093681402504444,0.5625534057617188,nan,nan,nan,nan
33801,338.021999999,,338.021999999,False,8.38780629515648,0.2012072056531906,0.0471859909594059,0.6009693145751953,nan,nan,nan,nan
33802,338.021999999,,338.021999999,False,8.38780629515648,0.2012072056531906,0.0471859909594059,0.6009693145751953,nan,nan,nan,nan
33803,338.039999999,,338.039999999,False,8.736204453706742,0.09031001478433609,0.1652279943227768,0.6480877995491028,nan,nan,nan,nan
33804,338.048999999,,338.048999999,False,9.115045555830003,0.020754599943757057,0.2450382262468338,0.6959472894668579,nan,nan,nan,nan
33805,338.060999999,,338.060999999,False,9.314593484401703,-0.0033684219233691692,0.27188217639923096,0.7279970645904541,nan,nan,nan,nan
33806,338.066999999,,338.066999999,False,9.47882306098938,0.001750662922859192,0.2515571415424347,0.7578352689743042,nan,nan,nan,nan
33807,338.078999999,,338.078999999,False,9.456308941841126,0.023304829373955727,0.22535718977451324,0.7543030381202698,nan,nan,nan,nan
33808,338.078999999,,338.078999999,False,9.456308941841126,0.023304829373955727,0.22535718977451324,0.7543030381202698,nan,nan,nan,nan
33809,338.099999999,,338.099999999,False,9.579303953647614,0.0890975221991539,0.08587449043989182,0.7762383818626404,nan,nan,nan,nan
33810,338.099999999,,338.099999999,False,9.579303953647614,0.0890975221991539,0.08587449043989182,0.7762383818626404,nan,nan,nan,nan
33811,338.120999999,,338.120999999,False,9.415836853981018,0.16399528086185455,-0.027918923646211624,0.7600306272506714,nan,nan,nan,nan
33812,338.129999999,,338.129999999,False,9.401433992385865,0.18021848797798157,-0.03833235800266266,0.7555225491523743,nan,nan,nan,nan
33813,338.138999999,,338.138999999,False,9.205330073833466,0.20452089607715607,-0.09460044652223587,0.7358826398849487,nan,nan,nan,nan
33814,338.147999999,,338.147999999,False,9.167932451963425,0.21401482820510864,-0.081910640001297,0.7398542761802673,nan,nan,nan,nan
33815,338.159999999,,338.159999999,False,9.02391319155693,0.2053898423910141,-0.05034884810447693,0.739152193069458,nan,nan,nan,nan
33816,338.171999999,,338.171999999,False,8.928071479797364,0.16935022175312042,0.03575737401843071,0.7614208459854126,nan,nan,nan,nan
33817,338.171999999,,338.171999999,False,8.928071479797364,0.16935022175312042,0.03575737401843071,0.7614208459854126,nan,nan,nan,nan
33818,338.189999999,,338.189999999,False,8.376667349338533,0.06945120543241501,0.18592418730258942,0.7568658590316772,nan,nan,nan,nan
33819,338.201999999,,338.201999999,False,7.836320303678513,-0.016395708546042442,0.35298609733581543,0.7581853866577148,nan,nan,nan,nan
33820,338.207999999,,338.207999999,False,7.312434339523316,-0.07743395119905472,0.43579617142677307,0.7526951432228088,nan,nan,nan,nan
33821,338.216999999,,338.216999999,False,6.826050077676774,-0.12779463827610016,0.4424276053905487,0.7323732972145081,nan,nan,nan,nan
33822,338.228999999,,338.228999999,False,6.166736751794815,-0.15774990618228912,0.4611095190048218,0.6948821544647217,nan,nan,nan,nan
33823,338.228999999,,338.228999999,False,6.166736751794815,-0.15774990618228912,0.4611095190048218,0.6948821544647217,nan,nan,nan,nan
33824,338.249999999,,338.249999999,False,5.053090091943741,-0.17732365429401398,0.3715704083442688,0.6342703104019165,nan,nan,nan,nan
33825,338.249999999,,338.249999999,False,5.053090091943741,-0.17732365429401398,0.3715704083442688,0.6342703104019165,nan,nan,nan,nan
33826,338.264999999,,338.264999999,False,5.085380755662919,0.10533761233091354,0.09935775399208069,0.624678909778595,nan,nan,nan,nan
33827,338.273999999,,338.273999999,False,4.965498801469803,0.3037530481815338,-0.08337754756212234,0.6192198395729065,nan,nan,nan,nan
33828,338.282999999,,338.282999999,False,5.573811542987824,0.7321438789367676,-0.6263406872749329,0.5510307550430298,nan,nan,nan,nan
33829,338.291999999,,338.291999999,False,6.092019860744476,0.9272755980491638,-1.0310472249984741,0.4342622756958008,nan,nan,nan,nan
33830,338.312999999,,338.312999999,False,7.193290303945542,0.9846479892730713,-1.0429946184158325,0.28658926486968994,nan,nan,nan,nan
33831,338.318999999,,338.318999999,False,7.7435507190227515,0.7504063844680786,-0.5915297269821167,0.2673199772834778,nan,nan,nan,nan
33832,338.327999999,,338.327999999,False,8.193587518930435,0.4469887614250183,-0.22165587544441223,0.2109951376914978,nan,nan,nan,nan
33833,338.336999999,,338.336999999,False,8.942853240966798,0.11200405657291412,0.145994633436203,0.17411555349826813,nan,nan,nan,nan
33834,338.348999999,,338.348999999,False,9.866181802153587,-0.33312293887138367,0.724256694316864,0.19824010133743286,nan,nan,nan,nan
33835,338.357999999,,338.357999999,False,10.666503657102586,-0.5676066875457764,0.902125895023346,0.21151871979236603,nan,nan,nan,nan
33836,338.369999999,,338.369999999,False,11.107562057375908,-0.6493818759918213,0.8597522377967834,0.2287687510251999,nan,nan,nan,nan
33837,338.378999999,,338.378999999,False,11.218187284469606,-0.5577157735824585,0.7362684011459351,0.2485726773738861,nan,nan,nan,nan
33838,338.378999999,,338.378999999,False,11.218187284469606,-0.5577157735824585,0.7362684011459351,0.2485726773738861,nan,nan,nan,nan
33839,338.399999999,,338.399999999,False,10.812927292585373,-0.23020003736019135,0.1340257227420807,0.2968010902404785,nan,nan,nan,nan
33840,338.399999999,,338.399999999,False,10.812927292585373,-0.23020003736019135,0.1340257227420807,0.2968010902404785,nan,nan,nan,nan
33841,338.411999999,,338.411999999,False,10.112692227959633,-0.04341456666588783,-0.23730093240737915,0.30212387442588806,nan,nan,nan,nan
33842,338.423999999,,338.423999999,False,9.764346109628677,0.10608892142772675,-0.522712230682373,0.2790376842021942,nan,nan,nan,nan
33843,338.432999999,,338.432999999,False,9.443413492441177,0.2558842599391937,-0.6674637198448181,0.26771804690361023,nan,nan,nan,nan
33844,338.441999999,,338.441999999,False,9.079236037731171,0.48784637451171875,-0.9113966822624207,0.22868190705776215,nan,nan,nan,nan
33845,338.453999999,,338.453999999,False,8.86289724469185,0.588569700717926,-0.9430046081542969,0.19048675894737244,nan,nan,nan,nan
33846,338.462999999,,338.462999999,False,8.774732927083969,0.6190162301063538,-0.8332020044326782,0.17081770300865173,nan,nan,nan,nan
33847,338.480999999,,338.480999999,False,8.930729624032974,0.19832056760787964,-0.12520438432693481,0.21011395752429962,nan,nan,nan,nan
33848,338.489999999,,338.489999999,False,9.187686685323715,-0.09008030593395233,0.23715731501579285,0.23314885795116425,nan,nan,nan,nan
33849,338.489999999,,338.489999999,False,9.187686685323715,-0.09008030593395233,0.23715731501579285,0.23314885795116425,nan,nan,nan,nan
33850,338.501999999,,338.501999999,False,9.771114846467972,-0.40813151001930237,0.6172080636024475,0.25483790040016174,nan,nan,nan,nan
33851,338.513999999,,338.513999999,False,10.093639660477638,-0.5746999382972717,0.780775249004364,0.2806297540664673,nan,nan,nan,nan
33852,338.522999999,,338.522999999,False,10.244692536592485,-0.6045448780059814,0.7620437741279602,0.3041694164276123,nan,nan,nan,nan
33853,338.534999999,,338.534999999,False,10.068918802142143,-0.5712677836418152,0.6679022908210754,0.31748834252357483,nan,nan,nan,nan
33854,338.534999999,,338.534999999,False,10.068918802142143,-0.5712677836418152,0.6679022908210754,0.31748834252357483,nan,nan,nan,nan
33855,338.555999999,,338.555999999,False,9.78474470615387,-0.47343549132347107,0.45910486578941345,0.33766689896583557,nan,nan,nan,nan
33856,338.564999999,,338.564999999,False,8.319300316572189,-0.2043101191520691,-0.13959014415740967,0.33858904242515564,nan,nan,nan,nan
33857,338.576999999,,338.576999999,False,8.13908094406128,0.042388349771499634,-0.493172287940979,0.31249213218688965,nan,nan,nan,nan
33858,338.588999999,,338.588999999,False,8.003495707511902,0.2596076428890228,-0.713567852973938,0.28025323152542114,nan,nan,nan,nan
33859,338.597999999,,338.597999999,False,7.861897194385529,0.4795238971710205,-0.9231417179107666,0.2866004705429077,nan,nan,nan,nan
33860,338.606999999,,338.606999999,False,7.45197112441063,0.54437655210495,-0.8976557850837708,0.26179665327072144,nan,nan,nan,nan
33861,338.618999999,,338.618999999,False,7.43214789390564,0.5808977484703064,-0.6914492249488831,0.2472221553325653,nan,nan,nan,nan
33862,338.627999999,,338.627999999,False,7.464187127351761,0.4261569082736969,-0.4380601942539215,0.28491395711898804,nan,nan,nan,nan
33863,338.639999999,,338.639999999,False,7.963312472105026,-0.047203510999679565,0.20400910079479218,0.3602577745914459,nan,nan,nan,nan
33864,338.639999999,,338.639999999,False,7.963312472105026,-0.047203510999679565,0.20400910079479218,0.3602577745914459,nan,nan,nan,nan
33865,338.660999999,,338.660999999,False,8.674574800729753,-0.8071069121360779,0.9210497140884399,0.42417311668395996,nan,nan,nan,nan
33866,338.669999999,,338.669999999,False,8.79299378156662,-0.8645361065864563,0.984710156917572,0.4263104796409607,nan,nan,nan,nan
33867,338.678999999,,338.678999999,False,9.053252180814743,-0.793378472328186,0.8576130270957947,0.44849082827568054,nan,nan,nan,nan
33868,338.687999999,,338.687999999,False,9.15103867650032,-0.5866506099700928,0.5376415848731995,0.4686850607395172,nan,nan,nan,nan
33869,338.687999999,,338.687999999,False,9.15103867650032,-0.5866506099700928,0.5376415848731995,0.4686850607395172,nan,nan,nan,nan
33870,338.702999999,,338.702999999,False,9.061655799150467,-0.39979615807533264,0.275390625,0.4745302200317383,nan,nan,nan,nan
33871,338.714999999,,338.714999999,False,8.57485989332199,-0.2167213261127472,0.00023664534091949463,0.47316333651542664,nan,nan,nan,nan
33872,338.723999999,,338.723999999,False,8.360709128379822,-0.08564518392086029,-0.18356673419475555,0.47477808594703674,nan,nan,nan,nan
33873,338.735999999,,338.735999999,False,8.192496428489685,0.061030879616737366,-0.2999814450740814,0.46499156951904297,nan,nan,nan,nan
33874,338.744999999,,338.744999999,False,8.066035187244415,0.30536970496177673,-0.4936617910861969,0.46008285880088806,nan,nan,nan,nan
33875,338.753999999,,338.753999999,False,7.966093407869339,0.43398505449295044,-0.5316165089607239,0.4458809792995453,nan,nan,nan,nan
33876,338.762999999,,338.762999999,False,7.991561540365219,0.49296414852142334,-0.47400981187820435,0.4529721438884735,nan,nan,nan,nan
33877,338.774999999,,338.774999999,False,8.163081425428391,0.399086594581604,-0.3529255986213684,0.4862304627895355,nan,nan,nan,nan
33878,338.783999999,,338.783999999,False,8.313923217058182,0.1886550784111023,-0.12879113852977753,0.5159091353416443,nan,nan,nan,nan
33879,338.795999999,,338.795999999,False,8.543681370019913,-0.05699124559760094,0.1084243431687355,0.5491033792495728,nan,nan,nan,nan
33880,338.804999999,,338.804999999,False,9.008611028194428,-0.36159831285476685,0.43331775069236755,0.5876467227935791,nan,nan,nan,nan
33881,338.816999999,,338.816999999,False,9.196719464063644,-0.5177079439163208,0.6157000660896301,0.6074801683425903,nan,nan,nan,nan
33882,338.825999999,,338.825999999,False,9.300624486207962,-0.5341024994850159,0.6668106913566589,0.6303936243057251,nan,nan,nan,nan
33883,338.834999999,,338.834999999,False,9.29815462231636,-0.4917362928390503,0.703721284866333,0.6427561640739441,nan,nan,nan,nan
33884,338.843999999,,338.843999999,False,9.225867834091186,-0.3744913935661316,0.5098989605903625,0.6472573280334473,nan,nan,nan,nan
33885,338.855999999,,338.855999999,False,9.11802997469902,-0.26392197608947754,0.2625340223312378,0.6301142573356628,nan,nan,nan,nan
33886,338.864999999,,338.864999999,False,8.834788509607316,-0.13818059861660004,0.02256305329501629,0.5903987288475037,nan,nan,nan,nan
33887,338.876999999,,338.876999999,False,8.72356043457985,-0.02113902010023594,-0.13107702136039734,0.5739069581031799,nan,nan,nan,nan
33888,338.882999999,,338.882999999,False,8.706764892339708,0.09080144762992859,-0.2049468755722046,0.5561699867248535,nan,nan,nan,nan
33889,338.894999999,,338.894999999,False,8.682049881219864,0.28973037004470825,-0.35295045375823975,0.5329582095146179,nan,nan,nan,nan
33890,338.903999999,,338.903999999,False,8.574284527301788,0.41617923974990845,-0.4164944887161255,0.5200348496437073,nan,nan,nan,nan
33891,338.912999999,,338.912999999,False,8.393913127183914,0.49625536799430847,-0.37757638096809387,0.5197487473487854,nan,nan,nan,nan
33892,338.927999999,,338.927999999,False,8.143060559034348,0.47931376099586487,-0.2708289325237274,0.5376374125480652,nan,nan,nan,nan
33893,338.936999999,,338.936999999,False,7.836797436475754,0.3245135247707367,-0.06707877665758133,0.546855628490448,nan,nan,nan,nan
33894,338.948999999,,338.948999999,False,7.32076662182808,0.10242683440446854,0.22194351255893707,0.5459314584732056,nan,nan,nan,nan
33895,338.948999999,,338.948999999,False,7.32076662182808,0.10242683440446854,0.22194351255893707,0.5459314584732056,nan,nan,nan,nan
33896,338.963999999,,338.963999999,False,6.078678853511811,-0.5000892281532288,1.088336706161499,0.5551607012748718,nan,nan,nan,nan
33897,338.972999999,,338.972999999,False,5.643608586788178,-0.9195336103439331,1.4484913349151611,0.5512073636054993,nan,nan,nan,nan
33898,338.984999999,,338.984999999,False,5.922559365034104,-1.3729219436645508,1.3395696878433228,0.497130423784256,nan,nan,nan,nan
33899,338.993999999,,338.993999999,False,5.887728670835496,-1.4095333814620972,1.1449389457702637,0.3847198486328125,nan,nan,nan,nan
33900,339.005999999,,339.005999999,False,5.375776873826981,-1.1930867433547974,0.8573371171951294,0.363399475812912,nan,nan,nan,nan
33901,339.014999999,,339.014999999,False,5.917563503980637,-0.8342639803886414,0.5177617073059082,0.2992216646671295,nan,nan,nan,nan
33902,339.026999999,,339.026999999,False,6.123976063728333,-0.3804604709148407,0.08124203979969025,0.27069908380508423,nan,nan,nan,nan
33903,339.035999999,,339.035999999,False,6.352984603643418,0.10167891532182693,-0.47876667976379395,0.26652008295059204,nan,nan,nan,nan
33904,339.044999999,,339.044999999,False,6.4035571718215945,0.728246808052063,-1.0640226602554321,0.25125375390052795,nan,nan,nan,nan
33905,339.053999999,,339.053999999,False,6.824851398468018,1.0640405416488647,-1.2453991174697876,0.24235104024410248,nan,nan,nan,nan
33906,339.062999999,,339.062999999,False,6.9844733691215515,1.2367569208145142,-1.2789794206619263,0.2595180869102478,nan,nan,nan,nan
33907,339.074999999,,339.074999999,False,7.164934816360474,1.2448443174362183,-1.0496859550476074,0.26798537373542786,nan,nan,nan,nan
33908,339.083999999,,339.083999999,False,7.085161253213883,0.9699978828430176,-0.6205978989601135,0.2525571584701538,nan,nan,nan,nan
33909,339.092999999,,339.092999999,False,7.3538349652290345,0.5278336405754089,-0.15873581171035767,0.24641303718090057,nan,nan,nan,nan
33910,339.104999999,,339.104999999,False,8.171775065660476,-0.08587630838155746,0.4180739223957062,0.2751505374908447,nan,nan,nan,nan
33911,339.113999999,,339.113999999,False,9.026594724655151,-0.6645644903182983,0.8395062685012817,0.3090597689151764,nan,nan,nan,nan
33912,339.125999999,,339.125999999,False,9.901584938764573,-0.9760218858718872,1.0749188661575317,0.34200090169906616,nan,nan,nan,nan
33913,339.134999999,,339.134999999,False,10.667312911748887,-1.050268292427063,1.2066892385482788,0.3589518964290619,nan,nan,nan,nan
33914,339.146999999,,339.146999999,False,10.927621012330055,-0.915427565574646,1.01619291305542,0.39286038279533386,nan,nan,nan,nan
33915,339.155999999,,339.155999999,False,11.022054129838944,-0.7341263294219971,0.7044723629951477,0.4053462743759155,nan,nan,nan,nan
33916,339.164999999,,339.164999999,False,10.85759066462517,-0.5839444994926453,0.3552462160587311,0.4079640507698059,nan,nan,nan,nan
33917,339.176999999,,339.176999999,False,10.640549620985986,-0.4394744634628296,0.034153979271650314,0.41645297408103943,nan,nan,nan,nan
33918,339.185999999,,339.185999999,False,10.168896834254266,-0.27358460426330566,-0.24466027319431305,0.4170096814632416,nan,nan,nan,nan
33919,339.197999999,,339.197999999,False,9.492965136766434,0.1111641451716423,-0.6688344478607178,0.4025666415691376,nan,nan,nan,nan
33920,339.209999999,,339.209999999,False,9.224680849313737,0.4335559010505676,-0.8617543578147888,0.3741428256034851,nan,nan,nan,nan
33921,339.209999999,,339.209999999,False,9.224680849313737,0.4335559010505676,-0.8617543578147888,0.3741428256034851,nan,nan,nan,nan
33922,339.221999999,,339.221999999,False,8.81186859369278,0.9129472374916077,-1.2306946516036987,0.39355596899986267,nan,nan,nan,nan
33923,339.230999999,,339.230999999,False,8.776020483970642,0.9386414289474487,-1.0900040864944458,0.411264568567276,nan,nan,nan,nan
33924,339.242999999,,339.242999999,False,8.477033636569978,0.7453566789627075,-0.7579030990600586,0.4493230879306793,nan,nan,nan,nan
33925,339.254999999,,339.254999999,False,8.887283642292022,0.35476604104042053,-0.25453057885169983,0.5199052691459656,nan,nan,nan,nan
33926,339.269999999,,339.269999999,False,9.504805748462678,-0.34527525305747986,0.39743128418922424,0.5764349102973938,nan,nan,nan,nan
33927,339.269999999,,339.269999999,False,9.504805748462678,-0.34527525305747986,0.39743128418922424,0.5764349102973938,nan,nan,nan,nan
33928,339.281999999,,339.281999999,False,10.318499016165735,-0.4893111288547516,0.7183359861373901,0.6089003682136536,nan,nan,nan,nan
33929,339.293999999,,339.293999999,False,10.472439832091332,-0.30488598346710205,0.5571701526641846,0.6658221483230591,nan,nan,nan,nan
33930,339.302999999,,339.302999999,False,10.661862137317659,-0.15012995898723602,0.36464378237724304,0.7094118595123291,nan,nan,nan,nan
33931,339.314999999,,339.314999999,False,10.51367205798626,-0.043294522911310196,0.17111128568649292,0.7207780480384827,nan,nan,nan,nan
33932,339.323999999,,339.323999999,False,10.294015554785728,-0.04663275554776192,-0.09472288936376572,0.7480952143669128,nan,nan,nan,nan
33933,339.335999999,,339.335999999,False,9.747265223264694,-0.0488913357257843,-0.27069005370140076,0.7313516736030579,nan,nan,nan,nan
33934,339.344999999,,339.344999999,False,9.111235510110856,0.06079420819878578,-0.5238046050071716,0.6892821192741394,nan,nan,nan,nan
33935,339.362999999,,339.362999999,False,8.681528309583664,0.3909909725189209,-0.7464816570281982,0.6297712326049805,nan,nan,nan,nan
33936,339.362999999,,339.362999999,False,8.681528309583664,0.3909909725189209,-0.7464816570281982,0.6297712326049805,nan,nan,nan,nan
33937,339.371999999,,339.371999999,False,8.549935551881791,0.5723090171813965,-0.8945806622505188,0.6259045004844666,nan,nan,nan,nan
33938,339.389999999,,339.389999999,False,8.407597950696946,0.5217027068138123,-0.6306434273719788,0.6821271777153015,nan,nan,nan,nan
33939,339.398999999,,339.398999999,False,8.639320768117905,0.3223244845867157,-0.36895379424095154,0.7498316764831543,nan,nan,nan,nan
33940,339.398999999,,339.398999999,False,8.639320768117905,0.3223244845867157,-0.36895379424095154,0.7498316764831543,nan,nan,nan,nan
33941,339.419999999,,339.419999999,False,8.961564331054689,-0.09212292730808258,0.17589475214481354,0.8660451173782349,nan,nan,nan,nan
33942,339.419999999,,339.419999999,False,8.961564331054689,-0.09212292730808258,0.17589475214481354,0.8660451173782349,nan,nan,nan,nan
33943,339.431999999,,339.431999999,False,9.09042760848999,-0.1624191850423813,0.4260013699531555,0.9047497510910034,nan,nan,nan,nan
33944,339.449999999,,339.449999999,False,9.220550376176835,0.001117423176765442,0.3269694447517395,1.001396656036377,nan,nan,nan,nan
33945,339.449999999,,339.449999999,False,9.220550376176835,0.001117423176765442,0.3269694447517395,1.001396656036377,nan,nan,nan,nan
33946,339.461999999,,339.461999999,False,9.160174366235733,0.08272812515497208,0.17951756715774536,1.0182626247406006,nan,nan,nan,nan
33947,339.482999999,,339.482999999,False,8.9023086476326,0.1606415957212448,-0.20395071804523468,0.9992209672927856,nan,nan,nan,nan
33948,339.482999999,,339.482999999,False,8.9023086476326,0.1606415957212448,-0.20395071804523468,0.9992209672927856,nan,nan,nan,nan
33949,339.491999999,,339.491999999,False,8.694645953178407,0.20030692219734192,-0.3881806433200836,0.9680426716804504,nan,nan,nan,nan
33950,339.503999999,,339.503999999,False,8.59823355317116,0.2422431856393814,-0.4640759229660034,0.9498159289360046,nan,nan,nan,nan
33951,339.512999999,,339.512999999,False,8.52311554312706,0.2938675880432129,-0.49660786986351013,0.936420738697052,nan,nan,nan,nan
33952,339.521999999,,339.521999999,False,8.444041306972505,0.35509130358695984,-0.5813162922859192,0.9296514987945557,nan,nan,nan,nan
33953,339.539999999,,339.539999999,False,8.115531867742538,0.3402256965637207,-0.40117841958999634,0.9353269934654236,nan,nan,nan,nan
33954,339.539999999,,339.539999999,False,8.115531867742538,0.3402256965637207,-0.40117841958999634,0.9353269934654236,nan,nan,nan,nan
33955,339.551999999,,339.551999999,False,7.878876339197159,0.2260596752166748,-0.14339737594127655,0.9635579586029053,nan,nan,nan,nan
33956,339.560999999,,339.560999999,False,7.567661794424057,0.08134108781814575,0.1716846525669098,0.9805788397789001,nan,nan,nan,nan
33957,339.572999999,,339.572999999,False,7.075128600597382,-0.049766115844249725,0.4954991340637207,0.992326021194458,nan,nan,nan,nan
33958,339.584999999,,339.584999999,False,6.348612055778504,-0.1799071580171585,0.9215031862258911,1.0025805234909058,nan,nan,nan,nan
33959,339.590999999,,339.590999999,False,5.743460319042206,-0.23462797701358795,1.0962532758712769,0.9977166056632996,nan,nan,nan,nan
33960,339.605999999,,339.605999999,False,5.247188415527344,-0.2757945656776428,1.0625884532928467,0.9576205015182495,nan,nan,nan,nan
33961,339.617999999,,339.617999999,False,4.695766743421554,-0.283731073141098,0.8897030353546143,0.8831910490989685,nan,nan,nan,nan
33962,339.626999999,,339.626999999,False,4.625807147026062,-0.1465965360403061,0.4647565484046936,0.8623571991920471,nan,nan,nan,nan
33963,339.635999999,,339.635999999,False,4.978878400325775,0.14595799148082733,-0.09591362625360489,0.8474446535110474,nan,nan,nan,nan
33964,339.647999999,,339.647999999,False,5.414469069242478,0.5120584964752197,-0.819102942943573,0.8212306499481201,nan,nan,nan,nan
33965,339.659999999,,339.659999999,False,6.132162165641785,0.7726979851722717,-1.7995887994766235,0.7258126735687256,nan,nan,nan,nan
33966,339.668999999,,339.668999999,False,6.581700782775879,0.8872132897377014,-1.923509120941162,0.6521779298782349,nan,nan,nan,nan
33967,339.668999999,,339.668999999,False,6.581700782775879,0.8872132897377014,-1.923509120941162,0.6521779298782349,nan,nan,nan,nan
33968,339.680999999,,339.680999999,False,7.135894035100938,0.8738776445388794,-1.620152235031128,0.6238511800765991,nan,nan,nan,nan
33969,339.701999999,,339.701999999,False,7.877054346799851,0.15599925816059113,-0.17188355326652527,0.5484485030174255,nan,nan,nan,nan
33970,339.701999999,,339.701999999,False,7.877054346799851,0.15599925816059113,-0.17188355326652527,0.5484485030174255,nan,nan,nan,nan
33971,339.722999999,,339.722999999,False,8.80024666786194,-0.7248029112815857,0.9631827473640442,0.6023989319801331,nan,nan,nan,nan
33972,339.731999999,,339.731999999,False,9.700258287191392,-0.9409775733947754,1.3645139932632446,0.6034533977508545,nan,nan,nan,nan
33973,339.731999999,,339.731999999,False,9.700258287191392,-0.9409775733947754,1.3645139932632446,0.6034533977508545,nan,nan,nan,nan
33974,339.743999999,,339.743999999,False,10.349633685350419,-0.9158790111541748,1.2935428619384766,0.627562403678894,nan,nan,nan,nan
33975,339.752999999,,339.752999999,False,10.715336678624153,-0.809033215045929,1.1101878881454468,0.6419423818588257,nan,nan,nan,nan
33976,339.764999999,,339.764999999,False,10.975998535752296,-0.6672351360321045,0.886061429977417,0.6709367036819458,nan,nan,nan,nan
33977,339.773999999,,339.773999999,False,11.10271763920784,-0.5408746004104614,0.5097019076347351,0.7144896388053894,nan,nan,nan,nan
33978,339.782999999,,339.782999999,False,10.874541742801666,-0.42048782110214233,0.17244522273540497,0.749074399471283,nan,nan,nan,nan
33979,339.791999999,,339.791999999,False,10.402490175962448,-0.20170336961746216,-0.38640862703323364,0.7616141438484192,nan,nan,nan,nan
33980,339.803999999,,339.803999999,False,10.349973408579826,0.006909620948135853,-0.7694083452224731,0.7202638387680054,nan,nan,nan,nan
33981,339.812999999,,339.812999999,False,10.308048287630081,0.24045492708683014,-1.0380696058273315,0.6744354367256165,nan,nan,nan,nan
33982,339.827999999,,339.827999999,False,10.209115152955055,0.4496029317378998,-1.2692898511886597,0.6294571757316589,nan,nan,nan,nan
33983,339.836999999,,339.836999999,False,9.857316838502884,0.44321495294570923,-1.126585602760315,0.5944628715515137,nan,nan,nan,nan
33984,339.845999999,,339.845999999,False,9.656422880887986,0.4009356200695038,-0.8384649157524109,0.6018722653388977,nan,nan,nan,nan
33985,339.854999999,,339.854999999,False,9.571578612327576,0.18452784419059753,-0.3788352310657501,0.660679817199707,nan,nan,nan,nan
33986,339.863999999,,339.863999999,False,9.474137102365495,-0.07178910821676254,0.0424824096262455,0.7162959575653076,nan,nan,nan,nan
33987,339.875999999,,339.875999999,False,9.590568029880524,-0.23772656917572021,0.3454369008541107,0.7684968709945679,nan,nan,nan,nan
33988,339.884999999,,339.884999999,False,9.965334792137147,-0.3303493857383728,0.7480216026306152,0.817394495010376,nan,nan,nan,nan
33989,339.896999999,,339.896999999,False,10.104821290969848,-0.2805071473121643,0.815284252166748,0.8636876940727234,nan,nan,nan,nan
33990,339.905999999,,339.905999999,False,10.194359119534493,-0.2113986313343048,0.7595147490501404,0.9056565761566162,nan,nan,nan,nan
33991,339.914999999,,339.914999999,False,10.092680132389068,-0.11772191524505615,0.6252455711364746,0.9323955178260803,nan,nan,nan,nan
33992,339.926999999,,339.926999999,False,9.951749956011772,-0.077552430331707,0.3481401801109314,0.9655479192733765,nan,nan,nan,nan
33993,339.935999999,,339.935999999,False,9.683957419395448,-0.047350965440273285,0.10689963400363922,0.9724367260932922,nan,nan,nan,nan
33994,339.944999999,,339.944999999,False,9.292874586582185,0.014059958979487419,-0.25929760932922363,0.9552891254425049,nan,nan,nan,nan
33995,339.953999999,,339.953999999,False,9.164067442417146,0.0679432600736618,-0.47449326515197754,0.9300374388694763,nan,nan,nan,nan
33996,339.965999999,,339.965999999,False,9.053151608705521,0.14200781285762787,-0.608137845993042,0.904411792755127,nan,nan,nan,nan
33997,339.977999999,,339.977999999,False,8.973459906578064,0.23163041472434998,-0.7704539895057678,0.8897431492805481,nan,nan,nan,nan
33998,339.989999999,,339.989999999,False,8.86652485728264,0.2670949399471283,-0.7456434965133667,0.8943064212799072,nan,nan,nan,nan
33999,340.001999999,,340.001999999,False,8.98668163061142,0.1810535341501236,-0.381696879863739,0.9410658478736877,nan,nan,nan,nan
34000,340.001999999,,340.001999999,False,8.98668163061142,0.1810535341501236,-0.381696879863739,0.9410658478736877,nan,nan,nan,nan
34001,340.019999999,,340.019999999,False,9.081583110094071,-0.13647069036960602,0.2635948657989502,1.0182266235351562,nan,nan,nan,nan
34002,340.028999999,,340.028999999,False,8.971012262105942,-0.23381555080413818,0.6334344744682312,1.0607001781463623,nan,nan,nan,nan
34003,340.028999999,,340.028999999,False,8.971012262105942,-0.23381555080413818,0.6334344744682312,1.0607001781463623,nan,nan,nan,nan
34004,340.049999999,,340.049999999,False,8.847610284090042,-0.06400500237941742,0.6854251623153687,1.146883249282837,nan,nan,nan,nan
34005,340.049999999,,340.049999999,False,8.847610284090042,-0.06400500237941742,0.6854251623153687,1.146883249282837,nan,nan,nan,nan
34006,340.061999999,,340.061999999,False,8.804592318534851,0.07428856194019318,0.6066815257072449,1.173147201538086,nan,nan,nan,nan
34007,340.070999999,,340.070999999,False,8.742441093921661,0.17319613695144653,0.3287886679172516,1.1867291927337646,nan,nan,nan,nan
34008,340.082999999,,340.082999999,False,8.673664973974228,0.20838099718093872,0.12551143765449524,1.1840205192565918,nan,nan,nan,nan
34009,340.091999999,,340.091999999,False,8.525952612161637,0.20616565644741058,-0.12746986746788025,1.1736854314804077,nan,nan,nan,nan
34010,340.100999999,,340.100999999,False,8.442697616815568,0.17954255640506744,-0.2733599543571472,1.161184310913086,nan,nan,nan,nan
34011,340.115999999,,340.115999999,False,8.394655723571777,0.15426644682884216,-0.32310616970062256,1.1519821882247925,nan,nan,nan,nan
34012,340.127999999,,340.127999999,False,8.405288300514222,0.1321268230676651,-0.41387826204299927,1.1525037288665771,nan,nan,nan,nan
34013,340.139999999,,340.139999999,False,8.31863607287407,0.07537131011486053,-0.41490620374679565,1.1403712034225464,nan,nan,nan,nan
34014,340.151999999,,340.151999999,False,8.2151508808136,0.03268612176179886,-0.13182607293128967,1.1544795036315918,nan,nan,nan,nan
34015,340.151999999,,340.151999999,False,8.2151508808136,0.03268612176179886,-0.13182607293128967,1.1544795036315918,nan,nan,nan,nan
34016,340.163999999,,340.163999999,False,8.071294173002244,-0.030083883553743362,0.13491515815258026,1.166395664215088,nan,nan,nan,nan
34017,340.172999999,,340.172999999,False,7.88046795129776,-0.09858521074056625,0.41573187708854675,1.1711822748184204,nan,nan,nan,nan
34018,340.184999999,,340.184999999,False,7.272116618156433,-0.12393941730260849,0.8238570094108582,1.1654877662658691,nan,nan,nan,nan
34019,340.196999999,,340.196999999,False,6.721260956525803,-0.09647795557975769,0.990693986415863,1.173421025276184,nan,nan,nan,nan
34020,340.205999999,,340.205999999,False,6.276133478879929,-0.04131042957305908,1.045712947845459,1.1521543264389038,nan,nan,nan,nan
34021,340.217999999,,340.217999999,False,5.850513482093811,0.07621916383504868,0.9876840710639954,1.1150224208831787,nan,nan,nan,nan
34022,340.226999999,,340.226999999,False,5.59817922949791,0.18222320079803467,0.7146443724632263,1.0949708223342896,nan,nan,nan,nan
34023,340.238999999,,340.238999999,False,5.43361051440239,0.263810932636261,0.4390124976634979,1.071480631828308,nan,nan,nan,nan
34024,340.247999999,,340.247999999,False,5.5166783988475805,0.4247209131717682,-0.04201902449131012,1.0881562232971191,nan,nan,nan,nan
34025,340.256999999,,340.256999999,False,5.58954873919487,0.5076605081558228,-0.3534964919090271,1.1088206768035889,nan,nan,nan,nan
34026,340.265999999,,340.265999999,False,6.192939294576645,0.561575710773468,-0.9835575222969055,1.1068888902664185,nan,nan,nan,nan
34027,340.277999999,,340.277999999,False,6.443049266338349,0.4560132324695587,-1.4158226251602173,1.043045997619629,nan,nan,nan,nan
34028,340.286999999,,340.286999999,False,6.815554325580598,0.25121867656707764,-1.5961472988128662,0.8999730944633484,nan,nan,nan,nan
34029,340.301999999,,340.301999999,False,6.986729224920273,0.07852082699537277,-0.9835129976272583,0.8482155203819275,nan,nan,nan,nan
34030,340.310999999,,340.310999999,False,7.3557750713825225,-0.18132157623767853,-0.326947957277298,0.7814992666244507,nan,nan,nan,nan
34031,340.319999999,,340.319999999,False,7.590615624189377,-0.49025505781173706,0.1854437291622162,0.7132045030593872,nan,nan,nan,nan
34032,340.319999999,,340.319999999,False,7.590615624189377,-0.49025505781173706,0.1854437291622162,0.7132045030593872,nan,nan,nan,nan
34033,340.334999999,,340.334999999,False,7.707431298494339,-0.74280846118927,0.800595223903656,0.6568362712860107,nan,nan,nan,nan
33854,338.534999999,,338.534999999,False,10.068918802142143,-0.5712677836418152,0.6679022908210754,0.31748834252357483,nan,nan,nan,nan
33855,338.555999999,,338.555999999,False,9.78474470615387,-0.47343549132347107,0.45910486578941345,0.33766689896583557,nan,nan,nan,nan
33856,338.564999999,,338.564999999,False,8.319300316572189,-0.2043101191520691,-0.13959014415740967,0.33858904242515564,nan,nan,nan,nan
33857,338.576999999,,338.576999999,False,8.13908094406128,0.042388349771499634,-0.493172287940979,0.31249213218688965,nan,nan,nan,nan
33858,338.588999999,,338.588999999,False,8.003495707511902,0.2596076428890228,-0.713567852973938,0.28025323152542114,nan,nan,nan,nan
33859,338.597999999,,338.597999999,False,7.861897194385529,0.4795238971710205,-0.9231417179107666,0.2866004705429077,nan,nan,nan,nan
33860,338.606999999,,338.606999999,False,7.45197112441063,0.54437655210495,-0.8976557850837708,0.26179665327072144,nan,nan,nan,nan
33861,338.618999999,,338.618999999,False,7.43214789390564,0.5808977484703064,-0.6914492249488831,0.2472221553325653,nan,nan,nan,nan
33862,338.627999999,,338.627999999,False,7.464187127351761,0.4261569082736969,-0.4380601942539215,0.28491395711898804,nan,nan,nan,nan
33863,338.639999999,,338.639999999,False,7.963312472105026,-0.047203510999679565,0.20400910079479218,0.3602577745914459,nan,nan,nan,nan
33864,338.639999999,,338.639999999,False,7.963312472105026,-0.047203510999679565,0.20400910079479218,0.3602577745914459,nan,nan,nan,nan
33865,338.660999999,,338.660999999,False,8.674574800729753,-0.8071069121360779,0.9210497140884399,0.42417311668395996,nan,nan,nan,nan
33866,338.669999999,,338.669999999,False,8.79299378156662,-0.8645361065864563,0.984710156917572,0.4263104796409607,nan,nan,nan,nan
33867,338.678999999,,338.678999999,False,9.053252180814743,-0.793378472328186,0.8576130270957947,0.44849082827568054,nan,nan,nan,nan
33868,338.687999999,,338.687999999,False,9.15103867650032,-0.5866506099700928,0.5376415848731995,0.4686850607395172,nan,nan,nan,nan
33869,338.687999999,,338.687999999,False,9.15103867650032,-0.5866506099700928,0.5376415848731995,0.4686850607395172,nan,nan,nan,nan
33870,338.702999999,,338.702999999,False,9.061655799150467,-0.39979615807533264,0.275390625,0.4745302200317383,nan,nan,nan,nan
33871,338.714999999,,338.714999999,False,8.57485989332199,-0.2167213261127472,0.00023664534091949463,0.47316333651542664,nan,nan,nan,nan
33872,338.723999999,,338.723999999,False,8.360709128379822,-0.08564518392086029,-0.18356673419475555,0.47477808594703674,nan,nan,nan,nan
33873,338.735999999,,338.735999999,False,8.192496428489685,0.061030879616737366,-0.2999814450740814,0.46499156951904297,nan,nan,nan,nan
33874,338.744999999,,338.744999999,False,8.066035187244415,0.30536970496177673,-0.4936617910861969,0.46008285880088806,nan,nan,nan,nan
33875,338.753999999,,338.753999999,False,7.966093407869339,0.43398505449295044,-0.5316165089607239,0.4458809792995453,nan,nan,nan,nan
33876,338.762999999,,338.762999999,False,7.991561540365219,0.49296414852142334,-0.47400981187820435,0.4529721438884735,nan,nan,nan,nan
33877,338.774999999,,338.774999999,False,8.163081425428391,0.399086594581604,-0.3529255986213684,0.4862304627895355,nan,nan,nan,nan
33878,338.783999999,,338.783999999,False,8.313923217058182,0.1886550784111023,-0.12879113852977753,0.5159091353416443,nan,nan,nan,nan
33879,338.795999999,,338.795999999,False,8.543681370019913,-0.05699124559760094,0.1084243431687355,0.5491033792495728,nan,nan,nan,nan
33880,338.804999999,,338.804999999,False,9.008611028194428,-0.36159831285476685,0.43331775069236755,0.5876467227935791,nan,nan,nan,nan
33881,338.816999999,,338.816999999,False,9.196719464063644,-0.5177079439163208,0.6157000660896301,0.6074801683425903,nan,nan,nan,nan
33882,338.825999999,,338.825999999,False,9.300624486207962,-0.5341024994850159,0.6668106913566589,0.6303936243057251,nan,nan,nan,nan
33883,338.834999999,,338.834999999,False,9.29815462231636,-0.4917362928390503,0.703721284866333,0.6427561640739441,nan,nan,nan,nan
33884,338.843999999,,338.843999999,False,9.225867834091186,-0.3744913935661316,0.5098989605903625,0.6472573280334473,nan,nan,nan,nan
33885,338.855999999,,338.855999999,False,9.11802997469902,-0.26392197608947754,0.2625340223312378,0.6301142573356628,nan,nan,nan,nan
33886,338.864999999,,338.864999999,False,8.834788509607316,-0.13818059861660004,0.02256305329501629,0.5903987288475037,nan,nan,nan,nan
33887,338.876999999,,338.876999999,False,8.72356043457985,-0.02113902010023594,-0.13107702136039734,0.5739069581031799,nan,nan,nan,nan
33888,338.882999999,,338.882999999,False,8.706764892339708,0.09080144762992859,-0.2049468755722046,0.5561699867248535,nan,nan,nan,nan
33889,338.894999999,,338.894999999,False,8.682049881219864,0.28973037004470825,-0.35295045375823975,0.5329582095146179,nan,nan,nan,nan
33890,338.903999999,,338.903999999,False,8.574284527301788,0.41617923974990845,-0.4164944887161255,0.5200348496437073,nan,nan,nan,nan
33891,338.912999999,,338.912999999,False,8.393913127183914,0.49625536799430847,-0.37757638096809387,0.5197487473487854,nan,nan,nan,nan
33892,338.927999999,,338.927999999,False,8.143060559034348,0.47931376099586487,-0.2708289325237274,0.5376374125480652,nan,nan,nan,nan
33893,338.936999999,,338.936999999,False,7.836797436475754,0.3245135247707367,-0.06707877665758133,0.546855628490448,nan,nan,nan,nan
33894,338.948999999,,338.948999999,False,7.32076662182808,0.10242683440446854,0.22194351255893707,0.5459314584732056,nan,nan,nan,nan
33895,338.948999999,,338.948999999,False,7.32076662182808,0.10242683440446854,0.22194351255893707,0.5459314584732056,nan,nan,nan,nan
33896,338.963999999,,338.963999999,False,6.078678853511811,-0.5000892281532288,1.088336706161499,0.5551607012748718,nan,nan,nan,nan
33897,338.972999999,,338.972999999,False,5.643608586788178,-0.9195336103439331,1.4484913349151611,0.5512073636054993,nan,nan,nan,nan
33898,338.984999999,,338.984999999,False,5.922559365034104,-1.3729219436645508,1.3395696878433228,0.497130423784256,nan,nan,nan,nan
33899,338.993999999,,338.993999999,False,5.887728670835496,-1.4095333814620972,1.1449389457702637,0.3847198486328125,nan,nan,nan,nan
33900,339.005999999,,339.005999999,False,5.375776873826981,-1.1930867433547974,0.8573371171951294,0.363399475812912,nan,nan,nan,nan
33901,339.014999999,,339.014999999,False,5.917563503980637,-0.8342639803886414,0.5177617073059082,0.2992216646671295,nan,nan,nan,nan
33902,339.026999999,,339.026999999,False,6.123976063728333,-0.3804604709148407,0.08124203979969025,0.27069908380508423,nan,nan,nan,nan
33903,339.035999999,,339.035999999,False,6.352984603643418,0.10167891532182693,-0.47876667976379395,0.26652008295059204,nan,nan,nan,nan
33904,339.044999999,,339.044999999,False,6.4035571718215945,0.728246808052063,-1.0640226602554321,0.25125375390052795,nan,nan,nan,nan
33905,339.053999999,,339.053999999,False,6.824851398468018,1.0640405416488647,-1.2453991174697876,0.24235104024410248,nan,nan,nan,nan
33906,339.062999999,,339.062999999,False,6.9844733691215515,1.2367569208145142,-1.2789794206619263,0.2595180869102478,nan,nan,nan,nan
33907,339.074999999,,339.074999999,False,7.164934816360474,1.2448443174362183,-1.0496859550476074,0.26798537373542786,nan,nan,nan,nan
33908,339.083999999,,339.083999999,False,7.085161253213883,0.9699978828430176,-0.6205978989601135,0.2525571584701538,nan,nan,nan,nan
33909,339.092999999,,339.092999999,False,7.3538349652290345,0.5278336405754089,-0.15873581171035767,0.24641303718090057,nan,nan,nan,nan
33910,339.104999999,,339.104999999,False,8.171775065660476,-0.08587630838155746,0.4180739223957062,0.2751505374908447,nan,nan,nan,nan
33911,339.113999999,,339.113999999,False,9.026594724655151,-0.6645644903182983,0.8395062685012817,0.3090597689151764,nan,nan,nan,nan
33912,339.125999999,,339.125999999,False,9.901584938764573,-0.9760218858718872,1.0749188661575317,0.34200090169906616,nan,nan,nan,nan
33913,339.134999999,,339.134999999,False,10.667312911748887,-1.050268292427063,1.2066892385482788,0.3589518964290619,nan,nan,nan,nan
34034,340.343999999,,340.343999999,False,8.028802456855775,-0.8396539092063904,0.9322665333747864,0.6505478024482727,nan,nan,nan,nan
34035,340.355999999,,340.355999999,False,8.716364850997925,-0.8002105355262756,0.8654476404190063,0.6266394257545471,nan,nan,nan,nan
34036,340.364999999,,340.364999999,False,9.364200092554093,-0.618630051612854,0.7443594336509705,0.6119257211685181,nan,nan,nan,nan
34037,340.376999999,,340.376999999,False,9.884227479100227,-0.42096400260925293,0.42363637685775757,0.6364837288856506,nan,nan,nan,nan
34038,340.382999999,,340.382999999,False,10.140166540145875,-0.20812252163887024,0.22268560528755188,0.6851440668106079,nan,nan,nan,nan
34039,340.394999999,,340.394999999,False,10.279817930459977,0.005271925590932369,-0.2371947020292282,0.7399001717567444,nan,nan,nan,nan
34040,340.406999999,,340.406999999,False,10.470502064824105,0.11142318695783615,-0.5034037232398987,0.762019157409668,nan,nan,nan,nan
34041,340.418999999,,340.418999999,False,10.439022409915925,0.1645730435848236,-0.7368666529655457,0.7462706565856934,nan,nan,nan,nan
34042,340.418999999,,340.418999999,False,10.439022409915925,0.1645730435848236,-0.7368666529655457,0.7462706565856934,nan,nan,nan,nan
34043,340.436999999,,340.436999999,False,10.414506204128266,0.23190467059612274,-1.0303186178207397,0.7001493573188782,nan,nan,nan,nan
34044,340.436999999,,340.436999999,False,10.414506204128266,0.23190467059612274,-1.0303186178207397,0.7001493573188782,nan,nan,nan,nan
34045,340.436999999,,340.436999999,False,10.414506204128266,0.23190467059612274,-1.0303186178207397,0.7001493573188782,nan,nan,nan,nan
34046,340.469999999,,340.469999999,False,10.206562258601188,0.037096064537763596,-0.48805105686187744,0.6705150008201599,nan,nan,nan,nan
34047,340.469999999,,340.469999999,False,10.206562258601188,0.037096064537763596,-0.48805105686187744,0.6705150008201599,nan,nan,nan,nan
34048,340.469999999,,340.469999999,False,10.206562258601188,0.037096064537763596,-0.48805105686187744,0.6705150008201599,nan,nan,nan,nan
34049,340.490999999,,340.490999999,False,10.105850985646248,-0.10174652189016342,0.24619461596012115,0.707513153553009,nan,nan,nan,nan
34050,340.505999999,,340.505999999,False,9.678207267522813,-0.2822277545928955,0.8984532952308655,0.7593542337417603,nan,nan,nan,nan
34051,340.505999999,,340.505999999,False,9.678207267522813,-0.2822277545928955,0.8984532952308655,0.7593542337417603,nan,nan,nan,nan
34052,340.523999999,,340.523999999,False,8.93190257549286,-0.3772905766963959,1.2768818140029907,0.805829644203186,nan,nan,nan,nan
34053,340.523999999,,340.523999999,False,8.93190257549286,-0.3772905766963959,1.2768818140029907,0.805829644203186,nan,nan,nan,nan
33914,339.146999999,,339.146999999,False,10.927621012330055,-0.915427565574646,1.01619291305542,0.39286038279533386,nan,nan,nan,nan
33915,339.155999999,,339.155999999,False,11.022054129838944,-0.7341263294219971,0.7044723629951477,0.4053462743759155,nan,nan,nan,nan
33916,339.164999999,,339.164999999,False,10.85759066462517,-0.5839444994926453,0.3552462160587311,0.4079640507698059,nan,nan,nan,nan
33917,339.176999999,,339.176999999,False,10.640549620985986,-0.4394744634628296,0.034153979271650314,0.41645297408103943,nan,nan,nan,nan
33918,339.185999999,,339.185999999,False,10.168896834254266,-0.27358460426330566,-0.24466027319431305,0.4170096814632416,nan,nan,nan,nan
33919,339.197999999,,339.197999999,False,9.492965136766434,0.1111641451716423,-0.6688344478607178,0.4025666415691376,nan,nan,nan,nan
33920,339.209999999,,339.209999999,False,9.224680849313737,0.4335559010505676,-0.8617543578147888,0.3741428256034851,nan,nan,nan,nan
33921,339.209999999,,339.209999999,False,9.224680849313737,0.4335559010505676,-0.8617543578147888,0.3741428256034851,nan,nan,nan,nan
33922,339.221999999,,339.221999999,False,8.81186859369278,0.9129472374916077,-1.2306946516036987,0.39355596899986267,nan,nan,nan,nan
33923,339.230999999,,339.230999999,False,8.776020483970642,0.9386414289474487,-1.0900040864944458,0.411264568567276,nan,nan,nan,nan
33924,339.242999999,,339.242999999,False,8.477033636569978,0.7453566789627075,-0.7579030990600586,0.4493230879306793,nan,nan,nan,nan
33925,339.254999999,,339.254999999,False,8.887283642292022,0.35476604104042053,-0.25453057885169983,0.5199052691459656,nan,nan,nan,nan
33926,339.269999999,,339.269999999,False,9.504805748462678,-0.34527525305747986,0.39743128418922424,0.5764349102973938,nan,nan,nan,nan
33927,339.269999999,,339.269999999,False,9.504805748462678,-0.34527525305747986,0.39743128418922424,0.5764349102973938,nan,nan,nan,nan
33928,339.281999999,,339.281999999,False,10.318499016165735,-0.4893111288547516,0.7183359861373901,0.6089003682136536,nan,nan,nan,nan
33929,339.293999999,,339.293999999,False,10.472439832091332,-0.30488598346710205,0.5571701526641846,0.6658221483230591,nan,nan,nan,nan
33930,339.302999999,,339.302999999,False,10.661862137317659,-0.15012995898723602,0.36464378237724304,0.7094118595123291,nan,nan,nan,nan
33931,339.314999999,,339.314999999,False,10.51367205798626,-0.043294522911310196,0.17111128568649292,0.7207780480384827,nan,nan,nan,nan
33932,339.323999999,,339.323999999,False,10.294015554785728,-0.04663275554776192,-0.09472288936376572,0.7480952143669128,nan,nan,nan,nan
33933,339.335999999,,339.335999999,False,9.747265223264694,-0.0488913357257843,-0.27069005370140076,0.7313516736030579,nan,nan,nan,nan
33934,339.344999999,,339.344999999,False,9.111235510110856,0.06079420819878578,-0.5238046050071716,0.6892821192741394,nan,nan,nan,nan
33935,339.362999999,,339.362999999,False,8.681528309583664,0.3909909725189209,-0.7464816570281982,0.6297712326049805,nan,nan,nan,nan
33936,339.362999999,,339.362999999,False,8.681528309583664,0.3909909725189209,-0.7464816570281982,0.6297712326049805,nan,nan,nan,nan
33937,339.371999999,,339.371999999,False,8.549935551881791,0.5723090171813965,-0.8945806622505188,0.6259045004844666,nan,nan,nan,nan
33938,339.389999999,,339.389999999,False,8.407597950696946,0.5217027068138123,-0.6306434273719788,0.6821271777153015,nan,nan,nan,nan
33939,339.398999999,,339.398999999,False,8.639320768117905,0.3223244845867157,-0.36895379424095154,0.7498316764831543,nan,nan,nan,nan
33940,339.398999999,,339.398999999,False,8.639320768117905,0.3223244845867157,-0.36895379424095154,0.7498316764831543,nan,nan,nan,nan
33941,339.419999999,,339.419999999,False,8.961564331054689,-0.09212292730808258,0.17589475214481354,0.8660451173782349,nan,nan,nan,nan
33942,339.419999999,,339.419999999,False,8.961564331054689,-0.09212292730808258,0.17589475214481354,0.8660451173782349,nan,nan,nan,nan
33943,339.431999999,,339.431999999,False,9.09042760848999,-0.1624191850423813,0.4260013699531555,0.9047497510910034,nan,nan,nan,nan
33944,339.449999999,,339.449999999,False,9.220550376176835,0.001117423176765442,0.3269694447517395,1.001396656036377,nan,nan,nan,nan
33945,339.449999999,,339.449999999,False,9.220550376176835,0.001117423176765442,0.3269694447517395,1.001396656036377,nan,nan,nan,nan
33946,339.461999999,,339.461999999,False,9.160174366235733,0.08272812515497208,0.17951756715774536,1.0182626247406006,nan,nan,nan,nan
33947,339.482999999,,339.482999999,False,8.9023086476326,0.1606415957212448,-0.20395071804523468,0.9992209672927856,nan,nan,nan,nan
33948,339.482999999,,339.482999999,False,8.9023086476326,0.1606415957212448,-0.20395071804523468,0.9992209672927856,nan,nan,nan,nan
33949,339.491999999,,339.491999999,False,8.694645953178407,0.20030692219734192,-0.3881806433200836,0.9680426716804504,nan,nan,nan,nan
33950,339.503999999,,339.503999999,False,8.59823355317116,0.2422431856393814,-0.4640759229660034,0.9498159289360046,nan,nan,nan,nan
33951,339.512999999,,339.512999999,False,8.52311554312706,0.2938675880432129,-0.49660786986351013,0.936420738697052,nan,nan,nan,nan
33952,339.521999999,,339.521999999,False,8.444041306972505,0.35509130358695984,-0.5813162922859192,0.9296514987945557,nan,nan,nan,nan
33953,339.539999999,,339.539999999,False,8.115531867742538,0.3402256965637207,-0.40117841958999634,0.9353269934654236,nan,nan,nan,nan
33954,339.539999999,,339.539999999,False,8.115531867742538,0.3402256965637207,-0.40117841958999634,0.9353269934654236,nan,nan,nan,nan
33955,339.551999999,,339.551999999,False,7.878876339197159,0.2260596752166748,-0.14339737594127655,0.9635579586029053,nan,nan,nan,nan
33956,339.560999999,,339.560999999,False,7.567661794424057,0.08134108781814575,0.1716846525669098,0.9805788397789001,nan,nan,nan,nan
33957,339.572999999,,339.572999999,False,7.075128600597382,-0.049766115844249725,0.4954991340637207,0.992326021194458,nan,nan,nan,nan
33958,339.584999999,,339.584999999,False,6.348612055778504,-0.1799071580171585,0.9215031862258911,1.0025805234909058,nan,nan,nan,nan
33959,339.590999999,,339.590999999,False,5.743460319042206,-0.23462797701358795,1.0962532758712769,0.9977166056632996,nan,nan,nan,nan
33960,339.605999999,,339.605999999,False,5.247188415527344,-0.2757945656776428,1.0625884532928467,0.9576205015182495,nan,nan,nan,nan
33961,339.617999999,,339.617999999,False,4.695766743421554,-0.283731073141098,0.8897030353546143,0.8831910490989685,nan,nan,nan,nan
33962,339.626999999,,339.626999999,False,4.625807147026062,-0.1465965360403061,0.4647565484046936,0.8623571991920471,nan,nan,nan,nan
33963,339.635999999,,339.635999999,False,4.978878400325775,0.14595799148082733,-0.09591362625360489,0.8474446535110474,nan,nan,nan,nan
33964,339.647999999,,339.647999999,False,5.414469069242478,0.5120584964752197,-0.819102942943573,0.8212306499481201,nan,nan,nan,nan
33965,339.659999999,,339.659999999,False,6.132162165641785,0.7726979851722717,-1.7995887994766235,0.7258126735687256,nan,nan,nan,nan
33966,339.668999999,,339.668999999,False,6.581700782775879,0.8872132897377014,-1.923509120941162,0.6521779298782349,nan,nan,nan,nan
33967,339.668999999,,339.668999999,False,6.581700782775879,0.8872132897377014,-1.923509120941162,0.6521779298782349,nan,nan,nan,nan
33968,339.680999999,,339.680999999,False,7.135894035100938,0.8738776445388794,-1.620152235031128,0.6238511800765991,nan,nan,nan,nan
33969,339.701999999,,339.701999999,False,7.877054346799851,0.15599925816059113,-0.17188355326652527,0.5484485030174255,nan,nan,nan,nan
33970,339.701999999,,339.701999999,False,7.877054346799851,0.15599925816059113,-0.17188355326652527,0.5484485030174255,nan,nan,nan,nan
33971,339.722999999,,339.722999999,False,8.80024666786194,-0.7248029112815857,0.9631827473640442,0.6023989319801331,nan,nan,nan,nan
33972,339.731999999,,339.731999999,False,9.700258287191392,-0.9409775733947754,1.3645139932632446,0.6034533977508545,nan,nan,nan,nan
33973,339.731999999,,339.731999999,False,9.700258287191392,-0.9409775733947754,1.3645139932632446,0.6034533977508545,nan,nan,nan,nan
33974,339.743999999,,339.743999999,False,10.349633685350419,-0.9158790111541748,1.2935428619384766,0.627562403678894,nan,nan,nan,nan
33975,339.752999999,,339.752999999,False,10.715336678624153,-0.809033215045929,1.1101878881454468,0.6419423818588257,nan,nan,nan,nan
33976,339.764999999,,339.764999999,False,10.975998535752296,-0.6672351360321045,0.886061429977417,0.6709367036819458,nan,nan,nan,nan
33977,339.773999999,,339.773999999,False,11.10271763920784,-0.5408746004104614,0.5097019076347351,0.7144896388053894,nan,nan,nan,nan
33978,339.782999999,,339.782999999,False,10.874541742801666,-0.42048782110214233,0.17244522273540497,0.749074399471283,nan,nan,nan,nan
33979,339.791999999,,339.791999999,False,10.402490175962448,-0.20170336961746216,-0.38640862703323364,0.7616141438484192,nan,nan,nan,nan
33980,339.803999999,,339.803999999,False,10.349973408579826,0.006909620948135853,-0.7694083452224731,0.7202638387680054,nan,nan,nan,nan
33981,339.812999999,,339.812999999,False,10.308048287630081,0.24045492708683014,-1.0380696058273315,0.6744354367256165,nan,nan,nan,nan
33982,339.827999999,,339.827999999,False,10.209115152955055,0.4496029317378998,-1.2692898511886597,0.6294571757316589,nan,nan,nan,nan
33983,339.836999999,,339.836999999,False,9.857316838502884,0.44321495294570923,-1.126585602760315,0.5944628715515137,nan,nan,nan,nan
33984,339.845999999,,339.845999999,False,9.656422880887986,0.4009356200695038,-0.8384649157524109,0.6018722653388977,nan,nan,nan,nan
33985,339.854999999,,339.854999999,False,9.571578612327576,0.18452784419059753,-0.3788352310657501,0.660679817199707,nan,nan,nan,nan
33986,339.863999999,,339.863999999,False,9.474137102365495,-0.07178910821676254,0.0424824096262455,0.7162959575653076,nan,nan,nan,nan
33987,339.875999999,,339.875999999,False,9.590568029880524,-0.23772656917572021,0.3454369008541107,0.7684968709945679,nan,nan,nan,nan
33988,339.884999999,,339.884999999,False,9.965334792137147,-0.3303493857383728,0.7480216026306152,0.817394495010376,nan,nan,nan,nan
33989,339.896999999,,339.896999999,False,10.104821290969848,-0.2805071473121643,0.815284252166748,0.8636876940727234,nan,nan,nan,nan
33990,339.905999999,,339.905999999,False,10.194359119534493,-0.2113986313343048,0.7595147490501404,0.9056565761566162,nan,nan,nan,nan
33991,339.914999999,,339.914999999,False,10.092680132389068,-0.11772191524505615,0.6252455711364746,0.9323955178260803,nan,nan,nan,nan
33992,339.926999999,,339.926999999,False,9.951749956011772,-0.077552430331707,0.3481401801109314,0.9655479192733765,nan,nan,nan,nan
33993,339.935999999,,339.935999999,False,9.683957419395448,-0.047350965440273285,0.10689963400363922,0.9724367260932922,nan,nan,nan,nan
33994,339.944999999,,339.944999999,False,9.292874586582185,0.014059958979487419,-0.25929760932922363,0.9552891254425049,nan,nan,nan,nan
33995,339.953999999,,339.953999999,False,9.164067442417146,0.0679432600736618,-0.47449326515197754,0.9300374388694763,nan,nan,nan,nan
33996,339.965999999,,339.965999999,False,9.053151608705521,0.14200781285762787,-0.608137845993042,0.904411792755127,nan,nan,nan,nan
33997,339.977999999,,339.977999999,False,8.973459906578064,0.23163041472434998,-0.7704539895057678,0.8897431492805481,nan,nan,nan,nan
33998,339.989999999,,339.989999999,False,8.86652485728264,0.2670949399471283,-0.7456434965133667,0.8943064212799072,nan,nan,nan,nan
33999,340.001999999,,340.001999999,False,8.98668163061142,0.1810535341501236,-0.381696879863739,0.9410658478736877,nan,nan,nan,nan
34000,340.001999999,,340.001999999,False,8.98668163061142,0.1810535341501236,-0.381696879863739,0.9410658478736877,nan,nan,nan,nan
34001,340.019999999,,340.019999999,False,9.081583110094071,-0.13647069036960602,0.2635948657989502,1.0182266235351562,nan,nan,nan,nan
34002,340.028999999,,340.028999999,False,8.971012262105942,-0.23381555080413818,0.6334344744682312,1.0607001781463623,nan,nan,nan,nan
34003,340.028999999,,340.028999999,False,8.971012262105942,-0.23381555080413818,0.6334344744682312,1.0607001781463623,nan,nan,nan,nan
34004,340.049999999,,340.049999999,False,8.847610284090042,-0.06400500237941742,0.6854251623153687,1.146883249282837,nan,nan,nan,nan
34005,340.049999999,,340.049999999,False,8.847610284090042,-0.06400500237941742,0.6854251623153687,1.146883249282837,nan,nan,nan,nan
34006,340.061999999,,340.061999999,False,8.804592318534851,0.07428856194019318,0.6066815257072449,1.173147201538086,nan,nan,nan,nan
34007,340.070999999,,340.070999999,False,8.742441093921661,0.17319613695144653,0.3287886679172516,1.1867291927337646,nan,nan,nan,nan
34008,340.082999999,,340.082999999,False,8.673664973974228,0.20838099718093872,0.12551143765449524,1.1840205192565918,nan,nan,nan,nan
34009,340.091999999,,340.091999999,False,8.525952612161637,0.20616565644741058,-0.12746986746788025,1.1736854314804077,nan,nan,nan,nan
34010,340.100999999,,340.100999999,False,8.442697616815568,0.17954255640506744,-0.2733599543571472,1.161184310913086,nan,nan,nan,nan
34011,340.115999999,,340.115999999,False,8.394655723571777,0.15426644682884216,-0.32310616970062256,1.1519821882247925,nan,nan,nan,nan
34012,340.127999999,,340.127999999,False,8.405288300514222,0.1321268230676651,-0.41387826204299927,1.1525037288665771,nan,nan,nan,nan
34013,340.139999999,,340.139999999,False,8.31863607287407,0.07537131011486053,-0.41490620374679565,1.1403712034225464,nan,nan,nan,nan
34014,340.151999999,,340.151999999,False,8.2151508808136,0.03268612176179886,-0.13182607293128967,1.1544795036315918,nan,nan,nan,nan
34015,340.151999999,,340.151999999,False,8.2151508808136,0.03268612176179886,-0.13182607293128967,1.1544795036315918,nan,nan,nan,nan
34016,340.163999999,,340.163999999,False,8.071294173002244,-0.030083883553743362,0.13491515815258026,1.166395664215088,nan,nan,nan,nan
34017,340.172999999,,340.172999999,False,7.88046795129776,-0.09858521074056625,0.41573187708854675,1.1711822748184204,nan,nan,nan,nan
34018,340.184999999,,340.184999999,False,7.272116618156433,-0.12393941730260849,0.8238570094108582,1.1654877662658691,nan,nan,nan,nan
34019,340.196999999,,340.196999999,False,6.721260956525803,-0.09647795557975769,0.990693986415863,1.173421025276184,nan,nan,nan,nan
34020,340.205999999,,340.205999999,False,6.276133478879929,-0.04131042957305908,1.045712947845459,1.1521543264389038,nan,nan,nan,nan
34021,340.217999999,,340.217999999,False,5.850513482093811,0.07621916383504868,0.9876840710639954,1.1150224208831787,nan,nan,nan,nan
34022,340.226999999,,340.226999999,False,5.59817922949791,0.18222320079803467,0.7146443724632263,1.0949708223342896,nan,nan,nan,nan
34023,340.238999999,,340.238999999,False,5.43361051440239,0.263810932636261,0.4390124976634979,1.071480631828308,nan,nan,nan,nan
34024,340.247999999,,340.247999999,False,5.5166783988475805,0.4247209131717682,-0.04201902449131012,1.0881562232971191,nan,nan,nan,nan
34025,340.256999999,,340.256999999,False,5.58954873919487,0.5076605081558228,-0.3534964919090271,1.1088206768035889,nan,nan,nan,nan
34026,340.265999999,,340.265999999,False,6.192939294576645,0.561575710773468,-0.9835575222969055,1.1068888902664185,nan,nan,nan,nan
34027,340.277999999,,340.277999999,False,6.443049266338349,0.4560132324695587,-1.4158226251602173,1.043045997619629,nan,nan,nan,nan
34028,340.286999999,,340.286999999,False,6.815554325580598,0.25121867656707764,-1.5961472988128662,0.8999730944633484,nan,nan,nan,nan
34029,340.301999999,,340.301999999,False,6.986729224920273,0.07852082699537277,-0.9835129976272583,0.8482155203819275,nan,nan,nan,nan
34030,340.310999999,,340.310999999,False,7.3557750713825225,-0.18132157623767853,-0.326947957277298,0.7814992666244507,nan,nan,nan,nan
34031,340.319999999,,340.319999999,False,7.590615624189377,-0.49025505781173706,0.1854437291622162,0.7132045030593872,nan,nan,nan,nan
34032,340.319999999,,340.319999999,False,7.590615624189377,-0.49025505781173706,0.1854437291622162,0.7132045030593872,nan,nan,nan,nan
34033,340.334999999,,340.334999999,False,7.707431298494339,-0.74280846118927,0.800595223903656,0.6568362712860107,nan,nan,nan,nan
34034,340.343999999,,340.343999999,False,8.028802456855775,-0.8396539092063904,0.9322665333747864,0.6505478024482727,nan,nan,nan,nan
34035,340.355999999,,340.355999999,False,8.716364850997925,-0.8002105355262756,0.8654476404190063,0.6266394257545471,nan,nan,nan,nan
34036,340.364999999,,340.364999999,False,9.364200092554093,-0.618630051612854,0.7443594336509705,0.6119257211685181,nan,nan,nan,nan
34037,340.376999999,,340.376999999,False,9.884227479100227,-0.42096400260925293,0.42363637685775757,0.6364837288856506,nan,nan,nan,nan
34038,340.382999999,,340.382999999,False,10.140166540145875,-0.20812252163887024,0.22268560528755188,0.6851440668106079,nan,nan,nan,nan
34039,340.394999999,,340.394999999,False,10.279817930459977,0.005271925590932369,-0.2371947020292282,0.7399001717567444,nan,nan,nan,nan
34040,340.406999999,,340.406999999,False,10.470502064824105,0.11142318695783615,-0.5034037232398987,0.762019157409668,nan,nan,nan,nan
34041,340.418999999,,340.418999999,False,10.439022409915925,0.1645730435848236,-0.7368666529655457,0.7462706565856934,nan,nan,nan,nan
34042,340.418999999,,340.418999999,False,10.439022409915925,0.1645730435848236,-0.7368666529655457,0.7462706565856934,nan,nan,nan,nan
34043,340.436999999,,340.436999999,False,10.414506204128266,0.23190467059612274,-1.0303186178207397,0.7001493573188782,nan,nan,nan,nan
34044,340.436999999,,340.436999999,False,10.414506204128266,0.23190467059612274,-1.0303186178207397,0.7001493573188782,nan,nan,nan,nan
34045,340.436999999,,340.436999999,False,10.414506204128266,0.23190467059612274,-1.0303186178207397,0.7001493573188782,nan,nan,nan,nan
34046,340.469999999,,340.469999999,False,10.206562258601188,0.037096064537763596,-0.48805105686187744,0.6705150008201599,nan,nan,nan,nan
34047,340.469999999,,340.469999999,False,10.206562258601188,0.037096064537763596,-0.48805105686187744,0.6705150008201599,nan,nan,nan,nan
34048,340.469999999,,340.469999999,False,10.206562258601188,0.037096064537763596,-0.48805105686187744,0.6705150008201599,nan,nan,nan,nan
34049,340.490999999,,340.490999999,False,10.105850985646248,-0.10174652189016342,0.24619461596012115,0.707513153553009,nan,nan,nan,nan
34050,340.505999999,,340.505999999,False,9.678207267522813,-0.2822277545928955,0.8984532952308655,0.7593542337417603,nan,nan,nan,nan
34051,340.505999999,,340.505999999,False,9.678207267522813,-0.2822277545928955,0.8984532952308655,0.7593542337417603,nan,nan,nan,nan
34052,340.523999999,,340.523999999,False,8.93190257549286,-0.3772905766963959,1.2768818140029907,0.805829644203186,nan,nan,nan,nan
34053,340.523999999,,340.523999999,False,8.93190257549286,-0.3772905766963959,1.2768818140029907,0.805829644203186,nan,nan,nan,nan
34054,340.523999999,,340.523999999,False,8.93190257549286,-0.3772905766963959,1.2768818140029907,0.805829644203186,nan,nan,nan,nan
34055,340.550999999,,340.550999999,False,8.286189873218536,-0.34473755955696106,0.8596950173377991,0.8525513410568237,nan,nan,nan,nan
34056,340.550999999,,340.550999999,False,8.286189873218536,-0.34473755955696106,0.8596950173377991,0.8525513410568237,nan,nan,nan,nan
34057,340.574999999,,340.574999999,False,7.9185251390934,0.04567661136388779,-0.27794283628463745,0.9323741793632507,nan,nan,nan,nan
34058,340.574999999,,340.574999999,False,7.9185251390934,0.04567661136388779,-0.27794283628463745,0.9323741793632507,nan,nan,nan,nan
34059,340.595999999,,340.595999999,False,8.567856098413468,0.7348421812057495,-2.0784711837768555,0.9201079607009888,nan,nan,nan,nan
34060,340.595999999,,340.595999999,False,8.567856098413468,0.7348421812057495,-2.0784711837768555,0.9201079607009888,nan,nan,nan,nan
34061,340.595999999,,340.595999999,False,8.567856098413468,0.7348421812057495,-2.0784711837768555,0.9201079607009888,nan,nan,nan,nan
34062,340.595999999,,340.595999999,False,8.567856098413468,0.7348421812057495,-2.0784711837768555,0.9201079607009888,nan,nan,nan,nan
34063,340.631999999,,340.631999999,False,8.700221858024598,0.9048135876655579,-2.332149028778076,0.8791331052780151,nan,nan,nan,nan
34064,340.631999999,,340.631999999,False,8.700221858024598,0.9048135876655579,-2.332149028778076,0.8791331052780151,nan,nan,nan,nan
34065,340.655999999,,340.655999999,False,8.400101820230484,0.6959062218666077,-0.6772159337997437,0.9455788731575012,nan,nan,nan,nan
34066,340.655999999,,340.655999999,False,8.400101820230484,0.6959062218666077,-0.6772159337997437,0.9455788731575012,nan,nan,nan,nan
34067,340.655999999,,340.655999999,False,8.400101820230484,0.6959062218666077,-0.6772159337997437,0.9455788731575012,nan,nan,nan,nan
34068,340.655999999,,340.655999999,False,8.400101820230484,0.6959062218666077,-0.6772159337997437,0.9455788731575012,nan,nan,nan,nan
34069,340.697999999,,340.697999999,False,6.646931151151658,0.2894112467765808,3.079465866088867,1.260851502418518,nan,nan,nan,nan
34070,340.697999999,,340.697999999,False,6.646931151151658,0.2894112467765808,3.079465866088867,1.260851502418518,nan,nan,nan,nan
34071,340.697999999,,340.697999999,False,6.646931151151658,0.2894112467765808,3.079465866088867,1.260851502418518,nan,nan,nan,nan
34072,340.727999999,,340.727999999,False,5.964103832244874,-0.6187024116516113,3.884608507156372,1.0931047201156616,nan,nan,nan,nan
34073,340.742999999,,340.742999999,False,5.799217028617859,-1.8260551691055298,4.106845855712891,0.9260151982307434,nan,nan,nan,nan
34074,340.742999999,,340.742999999,False,5.799217028617859,-1.8260551691055298,4.106845855712891,0.9260151982307434,nan,nan,nan,nan
34075,340.751999999,,340.751999999,False,3.9308819389343266,-1.901262879371643,2.6800506114959717,0.8932770490646362,nan,nan,nan,nan
34076,340.760999999,,340.760999999,False,4.238226796388626,-1.5938977003097534,0.29892784357070923,0.9321026802062988,nan,nan,nan,nan
34077,340.775999999,,340.775999999,False,4.900240366458893,-0.8768276572227478,-0.7185091972351074,1.2380529642105103,nan,nan,nan,nan
34078,340.775999999,,340.775999999,False,4.900240366458893,-0.8768276572227478,-0.7185091972351074,1.2380529642105103,nan,nan,nan,nan
34079,340.796999999,,340.796999999,False,8.000700738430023,-0.12997260689735413,-2.2307798862457275,1.5973358154296875,nan,nan,nan,nan
34080,340.796999999,,340.796999999,False,8.000700738430023,-0.12997260689735413,-2.2307798862457275,1.5973358154296875,nan,nan,nan,nan
34081,340.817999999,,340.817999999,False,9.740800541639329,0.21726134419441223,-3.1812584400177,1.195785403251648,nan,nan,nan,nan
34082,340.817999999,,340.817999999,False,9.740800541639329,0.21726134419441223,-3.1812584400177,1.195785403251648,nan,nan,nan,nan
34083,340.838999999,,340.838999999,False,8.879849492311479,0.7109583020210266,-2.5897698402404785,0.9316582679748535,nan,nan,nan,nan
34084,340.838999999,,340.838999999,False,8.879849492311479,0.7109583020210266,-2.5897698402404785,0.9316582679748535,nan,nan,nan,nan
34085,340.850999999,,340.850999999,False,8.050089830160141,1.6857658624649048,-0.10846785455942154,0.5800207853317261,nan,nan,nan,nan
34086,340.862999999,,340.862999999,False,9.423887300491334,1.4257175922393799,-0.23753491044044495,0.6048763990402222,nan,nan,nan,nan
34087,340.871999999,,340.871999999,False,7.255939711332322,0.33732539415359497,-0.12341161072254181,0.39606553316116333,nan,nan,nan,nan
34088,340.883999999,,340.883999999,False,5.050927791595459,0.5410152077674866,0.5716239213943481,0.24142897129058838,nan,nan,nan,nan
34089,340.892999999,,340.892999999,False,6.511388014554978,0.9901623129844666,0.8812068104743958,0.17887723445892334,nan,nan,nan,nan
34090,340.904999999,,340.904999999,False,9.108924690485,0.4295169711112976,1.2943092584609985,0.2250080108642578,nan,nan,nan,nan
34091,340.913999999,,340.913999999,False,8.480937237739564,-0.03215454891324043,1.0900028944015503,0.13400866091251373,nan,nan,nan,nan
34092,340.931999999,,340.931999999,False,7.524880056381226,-0.459261029958725,0.636926531791687,0.22638174891471863,nan,nan,nan,nan
34093,340.940999999,,340.940999999,False,7.79102192401886,-0.7642146348953247,-0.08279413729906082,0.3735193610191345,nan,nan,nan,nan
34094,340.949999999,,340.949999999,False,7.8933271479606635,-0.8036766052246094,-0.7317184209823608,0.531017005443573,nan,nan,nan,nan
34095,340.958999999,,340.958999999,False,8.16025722026825,-0.6529051065444946,-1.3741413354873657,0.7281806468963623,nan,nan,nan,nan
34096,340.958999999,,340.958999999,False,8.16025722026825,-0.6529051065444946,-1.3741413354873657,0.7281806468963623,nan,nan,nan,nan
34097,340.979999999,,340.979999999,False,8.992830562591553,-0.10826419293880463,-1.431931972503662,0.677208423614502,nan,nan,nan,nan
34098,340.979999999,,340.979999999,False,8.992830562591553,-0.10826419293880463,-1.431931972503662,0.677208423614502,nan,nan,nan,nan
34099,340.991999999,,340.991999999,False,9.635272332429887,0.3725491166114807,-0.9840332269668579,0.543144166469574,nan,nan,nan,nan
34100,341.006999999,,341.006999999,False,10.287000650167466,0.43899086117744446,-0.4268186092376709,0.44042766094207764,nan,nan,nan,nan
34101,341.018999999,,341.018999999,False,10.117613829374314,0.06453106552362442,-0.049940526485443115,0.37583401799201965,nan,nan,nan,nan
34102,341.027999999,,341.027999999,False,8.668090238571168,0.15609923005104065,0.5091360807418823,0.40497174859046936,nan,nan,nan,nan
34103,341.039999999,,341.039999999,False,8.665386486053468,0.4039384126663208,0.49922648072242737,0.4639781415462494,nan,nan,nan,nan
34104,341.048999999,,341.048999999,False,9.133432710170746,0.6452906727790833,0.6338009834289551,0.486982524394989,nan,nan,nan,nan
34105,341.048999999,,341.048999999,False,9.133432710170746,0.6452906727790833,0.6338009834289551,0.486982524394989,nan,nan,nan,nan
34106,341.060999999,,341.060999999,False,9.31978113412857,0.6892143487930298,0.7985190153121948,0.5376486778259277,nan,nan,nan,nan
34107,341.075999999,,341.075999999,False,9.033494439125061,0.6734173893928528,0.8756624460220337,0.565300703048706,nan,nan,nan,nan
34108,341.084999999,,341.084999999,False,9.095547430515289,0.4844572842121124,0.5945350527763367,0.6278127431869507,nan,nan,nan,nan
34109,341.093999999,,341.093999999,False,8.923724659681321,0.24686184525489807,0.0782625824213028,0.6568183898925781,nan,nan,nan,nan
34110,341.105999999,,341.105999999,False,8.744941363334656,0.054062776267528534,-0.3520137071609497,0.7001862525939941,nan,nan,nan,nan
34111,341.117999999,,341.117999999,False,8.685588616132737,-0.21181561052799225,-0.7305318117141724,0.7549734115600586,nan,nan,nan,nan
34112,341.129999999,,341.129999999,False,8.739011117219926,-0.5523876547813416,-0.953822910785675,0.7590024471282959,nan,nan,nan,nan
34113,341.129999999,,341.129999999,False,8.739011117219926,-0.5523876547813416,-0.953822910785675,0.7590024471282959,nan,nan,nan,nan
34114,341.141999999,,341.141999999,False,8.364013974666596,-0.5017721056938171,-0.6622567176818848,0.7067723274230957,nan,nan,nan,nan
34115,341.153999999,,341.153999999,False,8.474580144882202,-0.25217530131340027,-0.13787300884723663,0.681434154510498,nan,nan,nan,nan
34116,341.168999999,,341.168999999,False,8.785543259382248,0.03288228064775467,0.4011326730251312,0.67893385887146,nan,nan,nan,nan
34117,341.168999999,,341.168999999,False,8.785543259382248,0.03288228064775467,0.4011326730251312,0.67893385887146,nan,nan,nan,nan
34118,341.183999999,,341.183999999,False,8.42389881849289,0.3028468191623688,1.676048755645752,0.7023321390151978,nan,nan,nan,nan
34119,341.195999999,,341.195999999,False,7.96147176861763,0.24052253365516663,1.704099178314209,0.7764143943786621,nan,nan,nan,nan
34120,341.195999999,,341.195999999,False,7.96147176861763,0.24052253365516663,1.704099178314209,0.7764143943786621,nan,nan,nan,nan
34121,341.213999999,,341.213999999,False,7.80866297364235,0.4254307150840759,1.5599945783615112,0.7857798337936401,nan,nan,nan,nan
34122,341.213999999,,341.213999999,False,7.80866297364235,0.4254307150840759,1.5599945783615112,0.7857798337936401,nan,nan,nan,nan
34123,341.231999999,,341.231999999,False,7.714091277122498,0.6212199330329895,1.3304990530014038,0.8823869228363037,nan,nan,nan,nan
34124,341.252999999,,341.252999999,False,8.078453503847122,0.31242650747299194,0.17890289425849915,0.9508554339408875,nan,nan,nan,nan
34125,341.252999999,,341.252999999,False,8.078453503847122,0.31242650747299194,0.17890289425849915,0.9508554339408875,nan,nan,nan,nan
34126,341.252999999,,341.252999999,False,8.078453503847122,0.31242650747299194,0.17890289425849915,0.9508554339408875,nan,nan,nan,nan
34127,341.273999999,,341.273999999,False,8.317582404613495,-0.21780091524124146,-1.4757453203201294,0.9223194718360901,nan,nan,nan,nan
34128,341.273999999,,341.273999999,False,8.317582404613495,-0.21780091524124146,-1.4757453203201294,0.9223194718360901,nan,nan,nan,nan
34129,341.294999999,,341.294999999,False,7.345450057983399,-0.8514440655708313,-1.8770723342895508,0.9254807829856873,nan,nan,nan,nan
34130,341.294999999,,341.294999999,False,7.345450057983399,-0.8514440655708313,-1.8770723342895508,0.9254807829856873,nan,nan,nan,nan
34131,341.318999999,,341.318999999,False,5.912642487287521,-1.3960812091827393,-1.3335952758789062,0.7886123657226562,nan,nan,nan,nan
34132,341.318999999,,341.318999999,False,5.912642487287521,-1.3960812091827393,-1.3335952758789062,0.7886123657226562,nan,nan,nan,nan
34133,341.339999999,,341.339999999,False,4.653538151979447,-0.9293334484100342,0.849977433681488,0.7990577220916748,nan,nan,nan,nan
34134,341.351999999,,341.351999999,False,4.029163109064102,0.7272655963897705,3.396134376525879,0.9098817110061646,nan,nan,nan,nan
34135,341.351999999,,341.351999999,False,4.029163109064102,0.7272655963897705,3.396134376525879,0.9098817110061646,nan,nan,nan,nan
34136,341.366999999,,341.366999999,False,4.665369408130646,1.081705093383789,3.625394344329834,0.9058670401573181,nan,nan,nan,nan
34137,341.366999999,,341.366999999,False,4.665369408130646,1.081705093383789,3.625394344329834,0.9058670401573181,nan,nan,nan,nan
34138,341.387999999,,341.387999999,False,3.821627883911133,1.5655770301818848,3.37312912940979,0.870186448097229,nan,nan,nan,nan
34139,341.387999999,,341.387999999,False,3.821627883911133,1.5655770301818848,3.37312912940979,0.870186448097229,nan,nan,nan,nan
34140,341.387999999,,341.387999999,False,3.821627883911133,1.5655770301818848,3.37312912940979,0.870186448097229,nan,nan,nan,nan
34141,341.411999999,,341.411999999,False,3.4251387155056,2.7102103233337402,2.3484485149383545,0.9802122712135315,nan,nan,nan,nan
34142,341.429999999,,341.429999999,False,7.941868393421173,2.1100924015045166,-1.0985559225082397,1.1258798837661743,nan,nan,nan,nan
34143,341.429999999,,341.429999999,False,7.941868393421173,2.1100924015045166,-1.0985559225082397,1.1258798837661743,nan,nan,nan,nan
34144,341.429999999,,341.429999999,False,7.941868393421173,2.1100924015045166,-1.0985559225082397,1.1258798837661743,nan,nan,nan,nan
34145,341.453999999,,341.453999999,False,9.481128033399582,-0.4955693781375885,-3.089904546737671,1.3557093143463135,nan,nan,nan,nan
34146,341.453999999,,341.453999999,False,9.481128033399582,-0.4955693781375885,-3.089904546737671,1.3557093143463135,nan,nan,nan,nan
34147,341.474999999,,341.474999999,False,8.047161544561387,-3.2714483737945557,-3.901914358139038,1.4408740997314453,nan,nan,nan,nan
34148,341.474999999,,341.474999999,False,8.047161544561387,-3.2714483737945557,-3.901914358139038,1.4408740997314453,nan,nan,nan,nan
34149,341.498999999,,341.498999999,False,2.8191882491111757,-4.0064873695373535,-3.2358498573303223,1.2150365114212036,nan,nan,nan,nan
34150,341.498999999,,341.498999999,False,2.8191882491111757,-4.0064873695373535,-3.2358498573303223,1.2150365114212036,nan,nan,nan,nan
34151,341.519999999,,341.519999999,False,2.69674404501915,-4.562732219696045,-1.2462453842163086,0.4349474608898163,nan,nan,nan,nan
34152,341.519999999,,341.519999999,False,2.69674404501915,-4.562732219696045,-1.2462453842163086,0.4349474608898163,nan,nan,nan,nan
34153,341.534999999,,341.534999999,False,1.462102121114731,-2.7571632862091064,1.1097545623779297,0.7604243159294128,nan,nan,nan,nan
34154,341.549999999,,341.549999999,False,0.7706548368930817,-2.2294764518737793,1.995041012763977,0.7546186447143555,nan,nan,nan,nan
34155,341.549999999,,341.549999999,False,0.7706548368930817,-2.2294764518737793,1.995041012763977,0.7546186447143555,nan,nan,nan,nan
34156,341.564999999,,341.564999999,False,0.6707060408592225,0.16090258955955505,3.442054510116577,0.5821993947029114,nan,nan,nan,nan
34157,341.579999999,,341.579999999,False,0.8053685867786408,2.4566774368286133,3.2368710041046143,0.7222739458084106,nan,nan,nan,nan
34158,341.579999999,,341.579999999,False,0.8053685867786408,2.4566774368286133,3.2368710041046143,0.7222739458084106,nan,nan,nan,nan
34159,341.579999999,,341.579999999,False,0.8053685867786408,2.4566774368286133,3.2368710041046143,0.7222739458084106,nan,nan,nan,nan
34160,341.600999999,,341.600999999,False,1.127694010734558,4.947524547576904,3.644247055053711,0.696955680847168,nan,nan,nan,nan
34161,341.600999999,,341.600999999,False,1.127694010734558,4.947524547576904,3.644247055053711,0.696955680847168,nan,nan,nan,nan
34162,341.600999999,,341.600999999,False,1.127694010734558,4.947524547576904,3.644247055053711,0.696955680847168,nan,nan,nan,nan
34163,341.600999999,,341.600999999,False,1.127694010734558,4.947524547576904,3.644247055053711,0.696955680847168,nan,nan,nan,nan
34164,341.600999999,,341.600999999,False,1.127694010734558,4.947524547576904,3.644247055053711,0.696955680847168,nan,nan,nan,nan
34165,341.600999999,,341.600999999,False,1.127694010734558,4.947524547576904,3.644247055053711,0.696955680847168,nan,nan,nan,nan
34166,341.600999999,,341.600999999,False,1.127694010734558,4.947524547576904,3.644247055053711,0.696955680847168,nan,nan,nan,nan
34167,341.600999999,,341.600999999,False,1.127694010734558,4.947524547576904,3.644247055053711,0.696955680847168,nan,nan,nan,nan
34168,341.600999999,,341.600999999,False,1.127694010734558,4.947524547576904,3.644247055053711,0.696955680847168,nan,nan,nan,nan
34169,341.702999999,,341.70299999900055,False,13.48186443522685,1.5487491541401084,0.2721742008198836,0.014897051834060924,nan,nan,nan,nan
34170,341.711999999,,341.7119999990005,False,13.899266716937621,1.0602036327790323,-0.11617670354655572,0.02342800872195346,nan,nan,nan,nan
34171,341.720999999,,341.72099999900047,False,14.343428358020844,0.5440196661854109,-0.5031889258775493,0.03139302806924682,nan,nan,nan,nan
34172,341.732999999,,341.7329999990004,False,14.9069660976506,-0.1676560878936977,-1.0182167458818119,0.041345836121121825,nan,nan,nan,nan
34173,341.741999999,,341.74199999900037,False,15.197681858097804,-0.7007901574743144,-1.3990003734145342,0.048563225586632175,nan,nan,nan,nan
34174,341.750999999,,341.7509999990003,False,15.362096865042561,-1.2138515647585664,-1.7620406464227547,0.055833906017711044,nan,nan,nan,nan
34175,341.762999999,,341.7629999990003,False,15.404989039421942,-1.8319333032209424,-2.1951883622553674,0.06588481970901917,nan,nan,nan,nan
34176,341.771999999,,341.77199999900023,False,15.328184688121109,-2.2197882757349396,-2.464531902229464,0.07364208348325306,nan,nan,nan,nan
34177,341.780999999,,341.7809999990002,False,15.186763611430589,-2.521501308952486,-2.671409304344741,0.0812566343588556,nan,nan,nan,nan
34178,341.792999999,,341.79299999900013,False,14.942622707389654,-2.766376736182462,-2.8320502079113523,0.09029895322723551,nan,nan,nan,nan
34179,341.801999999,,341.8019999990001,False,14.737975042119734,-2.8259368969236043,-2.8606493600736798,0.09557010429555653,nan,nan,nan,nan
34180,341.810999999,,341.81099999900005,False,14.526118979275205,-2.7834434831587824,-2.8124376572235317,0.09909607881014453,nan,nan,nan,nan
34181,341.822999999,,341.822999999,False,14.238013820210751,-2.591221656569442,-2.6440244403968114,0.10077228975626573,nan,nan,nan,nan
34182,341.831999999,,341.83199999899995,False,14.015514236622451,-2.3708551271084763,-2.4577067786122835,0.09981776634446843,nan,nan,nan,nan
34183,341.840999999,,341.8409999989999,False,13.783862090957332,-2.109894848141583,-2.238140479284267,0.0972241255077605,nan,nan,nan,nan
34184,341.852999999,,341.85299999899985,False,13.455258745113175,-1.7361903931471834,-1.9218170029099355,0.09184398210045476,nan,nan,nan,nan
34185,341.861999999,,341.8619999989998,False,13.19477216886447,-1.4604840409266857,-1.6850668153600052,0.08691020051667547,nan,nan,nan,nan
34186,341.870999999,,341.87099999899976,False,12.924356895131242,-1.2047101658581094,-1.4611767455073699,0.08164830330078926,nan,nan,nan,nan
34187,341.882999999,,341.8829999989997,False,12.553823603594314,-0.9102407472368382,-1.195171531442519,0.0746594305278732,nan,nan,nan,nan
34188,341.891999999,,341.89199999899967,False,12.274569377348513,-0.7302805813802472,-1.0252386553690107,0.06970879112227832,nan,nan,nan,nan
34189,341.900999999,,341.9009999989996,False,11.998888851070246,-0.5866153995108292,-0.8822997690456192,0.06512492396969943,nan,nan,nan,nan
34190,341.912999999,,341.91299999899957,False,11.641434581405584,-0.4471965921808129,-0.7315698026807154,0.0595983215939176,nan,nan,nan,nan
34191,341.921999999,,341.9219999989995,False,11.383355469925801,-0.3757194385185196,-0.6446517030463197,0.05583786742299793,nan,nan,nan,nan
34192,341.930999999,,341.9309999989995,False,11.13471502406517,-0.32628857263363786,-0.5759361186913996,0.052338272689616376,nan,nan,nan,nan
34193,341.942999999,,341.9429999989994,False,10.818631776004917,-0.2836340163192496,-0.5047772042301767,0.047970300743881464,nan,nan,nan,nan
34194,341.951999999,,341.9519999989994,False,10.59571027588199,-0.26109140839033085,-0.46079213720303136,0.04486079553992989,nan,nan,nan,nan
34195,341.960999999,,341.96099999899934,False,10.385268603555964,-0.2408747201947427,-0.42045803966981715,0.04186522623196677,nan,nan,nan,nan
34196,341.972999999,,341.9729999989993,False,10.122707591795352,-0.21060757247158848,-0.3667991204430812,0.03803302741274356,nan,nan,nan,nan
34197,341.981999999,,341.98199999899924,False,9.93951188669051,-0.18186163690043392,-0.32358314158370255,0.0352861209736491,nan,nan,nan,nan
34198,341.990999999,,341.9909999989992,False,9.76778099609502,-0.14633667143758355,-0.2762997935705658,0.03265982366119658,nan,nan,nan,nan
34199,342.002999999,,342.00299999899914,False,9.555188792092249,-0.08796530518196674,-0.20606010612654896,0.029364216984564283,nan,nan,nan,nan
34200,342.011999999,,342.0119999989991,False,9.408037004580232,-0.036740134120584876,-0.14824551068181932,0.02705800568404118,nan,nan,nan,nan
34201,342.020999999,,342.02099999899906,False,9.27087274042543,0.019413489078008432,-0.08693920249160848,0.024897120008640854,nan,nan,nan,nan
34202,342.032999999,,342.032999998999,False,9.10206570043096,0.09905789231060605,-0.0017589918283210106,0.022236583776838487,nan,nan,nan,nan
34203,342.041999999,,342.04199999899896,False,8.985921602622614,0.1599623315697151,0.0629306756984864,0.020395982240440518,nan,nan,nan,nan
34204,342.050999999,,342.0509999989989,False,8.877985868352363,0.2197806901537952,0.12665853047601777,0.018674045619391292,nan,nan,nan,nan
34205,342.062999999,,342.06299999899886,False,8.745237879117843,0.295086335706369,0.20786330949835058,0.016535199533760273,nan,nan,nan,nan
34206,342.071999999,,342.0719999989988,False,8.65376032385735,0.34645859743656005,0.2644110297308671,0.015026113805782063,nan,nan,nan,nan
34207,342.080999999,,342.0809999989988,False,8.568707585867358,0.39222701187917774,0.3160784508339428,0.01357895181454359,nan,nan,nan,nan
34208,342.092999999,,342.0929999989987,False,8.464294159649768,0.44341777571535207,0.37621656050547475,0.011716984753984416,nan,nan,nan,nan
34209,342.101999999,,342.1019999989987,False,8.392502324567797,0.4739719405922472,0.4141704119405967,0.010352290288089174,nan,nan,nan,nan
34210,342.110999999,,342.11099999899864,False,8.325895115244906,0.49766904822941355,0.4456924761336075,0.009002113978130992,nan,nan,nan,nan
34211,342.122999999,,342.1229999989986,False,8.2447357043708,0.5189277704702797,0.47774842338912216,0.007210255065302572,nan,nan,nan,nan
34212,342.131999999,,342.13199999899854,False,8.190010450019345,0.527545367016345,0.4945041410618565,0.0058662433126771395,nan,nan,nan,nan
34213,342.140999999,,342.1409999989985,False,8.140292489985233,0.5303800967139101,0.5053109720237917,0.004520761151117664,nan,nan,nan,nan
34214,342.152999999,,342.15299999899844,False,8.081069749754617,0.5261610017439265,0.5112062322144806,0.002727312158978861,nan,nan,nan,nan
34215,342.161999999,,342.1619999989984,False,8.041809007028636,0.5177632016500918,0.5098512636320385,0.0013875480277025449,nan,nan,nan,nan
34216,342.170999999,,342.17099999899835,False,8.006644439265033,0.5055284068749559,0.504087412004802,5.852180773329449e-05,nan,nan,nan,nan
34217,342.182999999,,342.1829999989983,False,7.965445885353643,0.4842260270984855,0.4904388149704729,-0.001685751193599279,nan,nan,nan,nan
34218,342.191999999,,342.19199999899826,False,7.938620160902113,0.4651728380250091,0.47636959320212224,-0.0029643299407882163,nan,nan,nan,nan
34219,342.200999999,,342.2009999989982,False,7.914991157016192,0.4440077992176043,0.4595390246900026,-0.0042099201844874225,nan,nan,nan,nan
34220,342.212999999,,342.21299999899816,False,7.887898400507611,0.4131952689097597,0.43354916161823803,-0.005808602324318002,nan,nan,nan,nan
34221,342.221999999,,342.2219999989981,False,7.870704848302517,0.38859085660669085,0.4119015314093187,-0.0069537260959232645,nan,nan,nan,nan
34222,342.230999999,,342.2309999989981,False,7.855951159935381,0.36306229583146427,0.3888160223774704,-0.00804719119253816,nan,nan,nan,nan
34223,342.242999999,,342.242999998998,False,7.839647448657108,0.3280206894019406,0.35633293627645324,-0.009418104594416443,nan,nan,nan,nan
34224,342.251999999,,342.251999998998,False,7.829784702252473,0.3012751691895756,0.33105490570056173,-0.010377077669873495,nan,nan,nan,nan
34225,342.260999999,,342.26099999899793,False,7.821762225646303,0.27438132844880353,0.30529482732680335,-0.011274243496164018,nan,nan,nan,nan
34226,342.272999999,,342.2729999989979,False,7.813612996560645,0.23858530652834758,0.2705707930353803,-0.012372153900474725,nan,nan,nan,nan
34227,342.281999999,,342.28199999899783,False,7.8092734770329555,0.21199492181248747,0.2445039083715534,-0.013121153585766465,nan,nan,nan,nan
34228,342.290999999,,342.2909999989978,False,7.8063096345432745,0.1858248498780525,0.21864774423259659,-0.013806449093788422,nan,nan,nan,nan
34229,342.302999999,,342.30299999899773,False,7.804270525102984,0.15181563160538933,0.1847710128879603,-0.014622503131591778,nan,nan,nan,nan
34230,342.311999999,,342.3119999989977,False,7.804056810230044,0.12714299582820912,0.16000497071459766,-0.01516299753795442,nan,nan,nan,nan
34231,342.320999999,,342.32099999899765,False,7.804860725135739,0.10335432041737497,0.135969161683158,-0.015644069842184475,nan,nan,nan,nan
34232,342.332999999,,342.3329999989976,False,7.807354348864991,0.07319157981461855,0.10525257133689343,-0.016196819940068885,nan,nan,nan,nan
34233,342.341999999,,342.34199999899755,False,7.810186712248846,0.05186502136055324,0.08335094346325782,-0.01654802632555978,nan,nan,nan,nan
34234,342.350999999,,342.3509999989975,False,7.813758403221583,0.031774428094035606,0.06255393738836978,-0.016847812987341004,nan,nan,nan,nan
34235,342.362999999,,342.36299999899745,False,7.819557427457723,0.007019277719826627,0.03666331152461294,-0.017172370230588707,nan,nan,nan,nan
34236,342.371999999,,342.3719999989974,False,7.824590867413379,-0.00995432566399079,0.018702569684822815,-0.017363102145000014,nan,nan,nan,nan
34237,342.380999999,,342.38099999899737,False,7.830143230692024,-0.025496380651010852,0.0020667737202578027,-0.017511801931078517,nan,nan,nan,nan
34238,342.392999999,,342.3929999989973,False,7.838274850384311,-0.04396969106158566,-0.018012596819104287,-0.0176495298858731,nan,nan,nan,nan
34239,342.401999999,,342.40199999899727,False,7.844834902768602,-0.056137294572196635,-0.031479445935703114,-0.01771092214641759,nan,nan,nan,nan
34240,342.410999999,,342.4109999989972,False,7.851736315782005,-0.06685445117572118,-0.04356148115139208,-0.017739236640214335,nan,nan,nan,nan
34241,342.422999999,,342.42299999899717,False,7.861416286244263,-0.07894631996965223,-0.057550570351979136,-0.017729722563753766,nan,nan,nan,nan
34242,342.431999999,,342.4319999989971,False,7.86895761154033,-0.0864249192711131,-0.0664903687117141,-0.017690055267374917,nan,nan,nan,nan
34243,342.440999999,,342.4409999989971,False,7.876697113164937,-0.09258643177055326,-0.07412818450342197,-0.01762480289621331,nan,nan,nan,nan
34244,342.452999999,,342.45299999899703,False,7.887292508916936,-0.09886773776720402,-0.0823770507306891,-0.01750128571758795,nan,nan,nan,nan
34245,342.461999999,,342.461999998997,False,7.895377131044602,-0.10222270247344271,-0.08718933892448683,-0.017383506270286703,nan,nan,nan,nan
34246,342.470999999,,342.47099999899694,False,7.903547062630471,-0.10449165724083978,-0.09088489567804342,-0.01724592258938756,nan,nan,nan,nan
34247,342.482999999,,342.4829999989969,False,7.91455827390927,-0.10596757261638896,-0.0941975904852161,-0.017034132154777018,nan,nan,nan,nan
34248,342.491999999,,342.49199999899685,False,7.922844952016137,-0.10602044996726324,-0.09556739397011411,-0.01685570933974173,nan,nan,nan,nan
34249,342.500999999,,342.5009999989968,False,7.931131866623963,-0.10525720017596046,-0.09605957634038649,-0.01666181914795067,nan,nan,nan,nan
34250,342.512999999,,342.51299999899675,False,7.942181428515444,-0.10310971556999578,-0.09548189294802711,-0.01638110568999337,nan,nan,nan,nan
34251,342.521999999,,342.5219999989967,False,7.950417362133953,-0.10075581694653835,-0.09422246623974719,-0.01615522296625221,nan,nan,nan,nan
34252,342.530999999,,342.53099999899666,False,7.958593286817658,-0.09784967598907383,-0.09233579718968114,-0.015917226669291625,nan,nan,nan,nan
34253,342.542999999,,342.5429999989966,False,7.969412901262432,-0.0932398519116419,-0.0889678535082665,-0.015582565464813592,nan,nan,nan,nan
34254,342.551999999,,342.55199999899656,False,7.977422901974821,-0.0893219144415091,-0.08589367660862185,-0.01531964965857602,nan,nan,nan,nan
34255,342.560999999,,342.5609999989965,False,7.985333519764093,-0.08508429778239117,-0.08242466702927817,-0.015047409855965517,nan,nan,nan,nan
34256,342.572999999,,342.57299999899647,False,7.9957467998503535,-0.07903895517874426,-0.07729113957630686,-0.01467124380490915,nan,nan,nan,nan
34258,342.590999999,,342.5909999989964,False,8.010969690578209,-0.06939736112677275,-0.06878659263769123,-0.014082340151162068,nan,nan,nan,nan
34259,342.602999999,,342.6029999989963,False,8.020872353861817,-0.06276365441574579,-0.06276619960290537,-0.013675802359037589,nan,nan,nan,nan
34260,342.611999999,,342.6119999989963,False,8.028145021414126,-0.05775472054085188,-0.058146958084173375,-0.013364766901955186,nan,nan,nan,nan
34261,342.620999999,,342.62099999899624,False,8.035284129513924,-0.052766276299247954,-0.05349084870404629,-0.013049247798400575,nan,nan,nan,nan
34262,342.632999999,,342.6329999989962,False,8.044624519509128,-0.0462044603168466,-0.04728916793661274,-0.01262273798534153,nan,nan,nan,nan
34263,342.641999999,,342.64199999899614,False,8.051469250073515,-0.04139079194987181,-0.042687907795583804,-0.01229934640361004,nan,nan,nan,nan
34264,342.650999999,,342.6509999989961,False,8.058177318204935,-0.036705883426230525,-0.038169114819826516,-0.01197367170759856,nan,nan,nan,nan
34265,342.662999999,,342.66299999899604,False,8.066939461967483,-0.030697509160188683,-0.032316288464442074,-0.01153696136239241,nan,nan,nan,nan
34266,342.671999999,,342.671999998996,False,8.073351196551746,-0.02639581562323209,-0.02808623038058961,-0.011208356506394488,nan,nan,nan,nan
34267,342.680999999,,342.68099999899596,False,8.079628179164983,-0.022293743776723114,-0.024020454152487263,-0.010879494224647195,nan,nan,nan,nan
34268,342.692999999,,342.6929999989959,False,8.087818460625657,-0.017155226710852494,-0.018881130181541958,-0.010441575433886146,nan,nan,nan,nan
34269,342.701999999,,342.70199999899586,False,8.093806051030464,-0.013562534508794561,-0.01525516620901077,-0.010114256752892917,nan,nan,nan,nan
34270,342.710999999,,342.7109999989958,False,8.099663648580796,-0.010206939078014935,-0.011841548439274851,-0.009788479079027745,nan,nan,nan,nan
34271,342.722999999,,342.72299999899576,False,8.107301245662743,-0.006107189505242791,-0.007631285952019486,-0.0093573363796976,nan,nan,nan,nan
34272,342.734999999,,342.7349999989957,False,8.114714074518352,-0.0024393280718521776,-0.003821523679648211,-0.008930871552497424,nan,nan,nan,nan
34273,342.743999999,,342.74399999899566,False,8.12013477871577,2.4023089218146377e-05,-0.0012350726125766156,-0.008614711393657914,nan,nan,nan,nan
