header_seq,header_stamp,header_frame_id,t,is_single_rotor_thrust,collective_thrust,bodyrates_x,bodyrates_y,bodyrates_z,thrusts_0,thrusts_1,thrusts_2,thrusts_3
81,0.0,,1756139502.9071984,False,8.967842755937706,0.3632152638232207,-1.4983095543739526,0.1298464420216383,0.0,0.0,0.0,0.0
82,0.0,,1756139502.922404,False,7.969383862029327,-1.4131756785337604,0.2780813879830284,0.7219767561406321,0.0,0.0,0.0,0.0
83,0.0,,1756139502.9328034,False,7.1108277726205,0.1143095990636756,1.8055666655804645,1.2311385153397776,0.0,0.0,0.0,0.0
84,0.0,,1756139502.9391446,False,7.757414772688952,0.590406014023501,1.2843652217900245,0.8476838074978712,0.0,0.0,0.0,0.0
85,0.0,,1756139502.9472296,False,8.508417896816868,-0.6081297930515929,1.4960214083057837,0.40230571681503746,0.0,0.0,0.0,0.0
86,0.0,,1756139502.9550097,False,9.242772397777586,-0.2804141410704313,0.18950724738790636,-0.033199003490921725,0.0,0.0,0.0,0.0
87,0.0,,1756139502.9655387,False,8.379064969674465,-0.8918070996207537,1.7261574404900133,0.47901772754311395,0.0,0.0,0.0,0.0
88,0.0,,1756139502.9719396,False,7.728518450837992,-1.932751550438809,2.287803271045692,0.8648206052557801,0.0,0.0,0.0,0.0
89,0.0,,1756139502.9814005,False,8.547193238588209,-0.4762204037204566,0.8312721243273394,0.3793102230163291,0.0,0.0,0.0,0.0
90,0.0,,1756139502.9917045,False,9.401907653943708,1.0444300256589347,-0.6893783050520521,-0.12757325344346815,0.0,0.0,0.0,0.0
91,0.0,,1756139503.000941,False,10.210330746727719,1.7009836665292817,-1.419311254254508,-0.6070039268460027,0.0,0.0,0.0,0.0
92,0.0,,1756139503.011161,False,11.061626194350934,1.0110964218225107,-0.8820954227087898,-0.4064765501871695,0.0,0.0,0.0,0.0
93,0.0,,1756139503.0218465,False,11.931434891885212,0.8201654137652653,-1.1005245017478456,-0.2739536419609581,0.0,0.0,0.0,0.0
94,0.0,,1756139503.0284977,False,12.598291298754411,0.8717523776708326,-0.9793595260867987,-0.32602661001350536,0.0,0.0,0.0,0.0
95,0.0,,1756139503.0415306,False,13.295148362724243,1.0706960357170658,-0.8512444533551944,-0.27321278755356515,0.0,0.0,0.0,0.0
96,0.0,,1756139503.048764,False,12.59228653828023,1.0609847719875451,-0.8910273254513073,-0.21371955687957167,0.0,0.0,0.0,0.0
97,0.0,,1756139503.05841,False,11.765372406798964,0.8069586310677797,-0.9093017105045118,-0.13671894559720849,0.0,0.0,0.0,0.0
98,0.0,,1756139503.0681477,False,11.909173648381168,0.5732088034709769,-0.8599976499753135,-0.15982278757429386,0.0,0.0,0.0,0.0
99,0.0,,1756139503.077681,False,12.731099061843784,0.24639020038690945,-0.655361410436091,-0.17582968597345508,0.0,0.0,0.0,0.0
100,0.0,,1756139503.0884795,False,12.522899195858242,-0.06432439219297616,-0.44447861184908977,-0.14551462926759548,0.0,0.0,0.0,0.0
101,0.0,,1756139503.101259,False,11.903742990655243,-0.41496655943373734,-0.18686490453593907,-0.0598876485751611,0.0,0.0,0.0,0.0
102,0.0,,1756139503.107604,False,11.861790565843975,-0.489939734307904,-0.062340729360994274,-0.03616087034203484,0.0,0.0,0.0,0.0
103,0.0,,1756139503.118168,False,11.636003777494983,-0.4995114611847049,0.1462161469895155,-0.0547236815996994,0.0,0.0,0.0,0.0
104,0.0,,1756139503.1292405,False,10.790143354926819,-0.39271642729575873,0.1697970012342222,-0.09112892008513529,0.0,0.0,0.0,0.0
105,0.0,,1756139503.137975,False,10.37022611843119,-0.3237182259187172,0.20414699144053486,-0.08940081135212702,0.0,0.0,0.0,0.0
106,0.0,,1756139503.1482546,False,10.330693328160418,-0.15291778414546964,0.23577241267121277,-0.07774849875893206,0.0,0.0,0.0,0.0
107,0.0,,1756139503.1594625,False,10.477310220839502,0.01540849726041537,0.2325337694670469,-0.07643008072346888,0.0,0.0,0.0,0.0
108,0.0,,1756139503.167868,False,10.380879089524143,0.11710036029613166,0.18353662834301343,-0.07435112093177773,0.0,0.0,0.0,0.0
109,0.0,,1756139503.181721,False,10.401811612512674,0.25223834073545803,0.07213063982355383,-0.08564566035781898,0.0,0.0,0.0,0.0
110,0.0,,1756139503.1922104,False,10.704776369830377,0.2573087127442218,-0.00927945087786148,-0.08054031197300218,0.0,0.0,0.0,0.0
111,0.0,,1756139503.1984324,False,10.890279172024687,0.1752819376476462,-0.0937683261078853,-0.0708482035544596,0.0,0.0,0.0,0.0
112,0.0,,1756139503.2109187,False,11.140087152024321,-0.04457925577356752,-0.23182812313920886,-0.021406435874004183,0.0,0.0,0.0,0.0
113,0.0,,1756139503.2205322,False,11.178111830245125,-0.18121771320568017,-0.2677026298314481,0.01845854268860432,0.0,0.0,0.0,0.0
114,0.0,,1756139503.231085,False,11.531927788683454,-0.35950974190307067,-0.2461968271776736,0.0650841090341248,0.0,0.0,0.0,0.0
115,0.0,,1756139503.2413363,False,11.558783464782831,-0.4594987303559373,-0.24438971741503202,0.1318936513687717,0.0,0.0,0.0,0.0
116,0.0,,1756139503.2507124,False,11.42877471666371,-0.5513113306520793,-0.15894952382150113,0.18189585593555843,0.0,0.0,0.0,0.0
117,0.0,,1756139503.2608917,False,11.13000871456578,-0.49061117347299676,-0.07378700723029999,0.1979251724816834,0.0,0.0,0.0,0.0
118,0.0,,1756139503.2712123,False,11.164905282118433,-0.3891576411953148,0.05655950507816882,0.21682356725764207,0.0,0.0,0.0,0.0
119,0.0,,1756139503.2808585,False,10.780554296099313,-0.26718416120408384,0.1477459040018355,0.23852679185979483,0.0,0.0,0.0,0.0
120,0.0,,1756139503.2910373,False,10.826263339482905,-0.17655299917074574,0.2889522253556495,0.2800830637967567,0.0,0.0,0.0,0.0
121,0.0,,1756139503.3011403,False,10.820017425333706,-0.02348494634822255,0.3583130318333121,0.3263547114416388,0.0,0.0,0.0,0.0
122,0.0,,1756139503.3107913,False,10.750743832179197,0.09741644834939735,0.40716680389569226,0.35050523510870435,0.0,0.0,0.0,0.0
123,0.0,,1756139503.3219583,False,10.739253944930969,0.23330617379076676,0.38356447549019523,0.39225986687211284,0.0,0.0,0.0,0.0
124,0.0,,1756139503.3311539,False,10.423214162706483,0.2695136655064867,0.30099964098598564,0.42838323864404804,0.0,0.0,0.0,0.0
125,0.0,,1756139503.3388984,False,10.102400880356022,0.24679457185904016,0.20183391469207967,0.4301759040398456,0.0,0.0,0.0,0.0
126,0.0,,1756139503.3516388,False,9.870817036270843,0.14778303021275488,0.008460809239596384,0.45877645470922157,0.0,0.0,0.0,0.0
127,0.0,,1756139503.3608494,False,9.52032181877367,-0.021410200581197657,-0.08263599044219032,0.4666235820141405,0.0,0.0,0.0,0.0
128,0.0,,1756139503.370951,False,9.137418408202384,-0.13737400936643418,-0.12848271747632836,0.4760281129804225,0.0,0.0,0.0,0.0
129,0.0,,1756139503.38093,False,8.845268145501898,-0.3030431115437046,-0.15729016172585078,0.47777396638972863,0.0,0.0,0.0,0.0
130,0.0,,1756139503.391168,False,8.521272699942031,-0.37180090068999205,-0.14892115944170725,0.48767018297086756,0.0,0.0,0.0,0.0
131,0.0,,1756139503.4015706,False,8.056025764838514,-0.397873659789733,-0.10782692426638313,0.5107756043718399,0.0,0.0,0.0,0.0
132,0.0,,1756139503.407517,False,7.850193624609798,-0.35548420976463924,-0.05167539249080517,0.4903849542097183,0.0,0.0,0.0,0.0
133,0.0,,1756139503.4181116,False,7.439212870643114,-0.17522476418136096,0.02569704608078479,0.4892872517220058,0.0,0.0,0.0,0.0
134,0.0,,1756139503.4275146,False,7.199390594080175,0.02967082425082994,0.09333014387302012,0.49139313792945893,0.0,0.0,0.0,0.0
135,0.0,,1756139503.441018,False,6.7960064938356926,0.2520815468640797,0.1235427184897327,0.5132462583273679,0.0,0.0,0.0,0.0
136,0.0,,1756139503.4511092,False,6.453317116375337,0.4189790807176899,0.20147678142573858,0.5059096158543586,0.0,0.0,0.0,0.0
137,0.0,,1756139503.460878,False,6.126852697788072,0.41906919627721284,0.17932599984734254,0.48525371330846806,0.0,0.0,0.0,0.0
138,0.0,,1756139503.4707386,False,5.710937950451583,0.4385606266027688,0.15445958558707956,0.4673871121172042,0.0,0.0,0.0,0.0
139,0.0,,1756139503.4809752,False,5.2272370699308786,0.37033633790341947,0.12669070542876779,0.4365951797571022,0.0,0.0,0.0,0.0
140,0.0,,1756139503.4910614,False,4.9108339443977655,0.22886916613083663,0.1301225398472261,0.37803398864188104,0.0,0.0,0.0,0.0
141,0.0,,1756139503.5007253,False,4.5710260943266015,0.027969038134242577,0.11013788831365051,0.31520986133805895,0.0,0.0,0.0,0.0
142,0.0,,1756139503.511049,False,4.268250808037223,-0.19696237108532433,0.11513751667973023,0.2411808864026829,0.0,0.0,0.0,0.0
143,0.0,,1756139503.5207262,False,4.653499285074215,-0.41680878969685203,0.20061377248280043,0.17563321248043207,0.0,0.0,0.0,0.0
144,0.0,,1756139503.5310526,False,5.509120636578522,-0.6888441676973822,0.27462154975187747,0.15972572713542793,0.0,0.0,0.0,0.0
145,0.0,,1756139503.541903,False,6.385236777434984,-0.7461369970925211,0.28677086380996536,0.13803732381725015,0.0,0.0,0.0,0.0
146,0.0,,1756139503.5507648,False,7.1758757019134265,-0.7086681983651555,0.34019209034085085,0.1386114438325879,0.0,0.0,0.0,0.0
147,0.0,,1756139503.5625296,False,8.08467257064018,-0.601013455315605,0.2998676906358058,0.1558581184649633,0.0,0.0,0.0,0.0
148,0.0,,1756139503.5733747,False,8.556480535957746,-0.5042715143266377,0.21166328277178525,0.1825137978624588,0.0,0.0,0.0,0.0
149,0.0,,1756139503.5817275,False,8.770324458571132,-0.40052927094284557,0.1439213832363767,0.20882631753699263,0.0,0.0,0.0,0.0
150,0.0,,1756139503.589847,False,9.028672342926276,-0.2741201401798393,0.08187617015326511,0.18976141513073672,0.0,0.0,0.0,0.0
151,0.0,,1756139503.6015162,False,9.220616448804114,-0.07792835415056429,-0.011718244907933897,0.19492092058082655,0.0,0.0,0.0,0.0
152,0.0,,1756139503.6086195,False,9.387167880511576,0.0866313079070861,-0.056810679003445524,0.1747573902817534,0.0,0.0,0.0,0.0
153,0.0,,1756139503.6214468,False,9.523642900031014,0.3091480709812992,-0.06680468415652442,0.14377374556883993,0.0,0.0,0.0,0.0
154,0.0,,1756139503.6310384,False,9.63665320149151,0.42898378609662585,-0.022987999621058092,0.12130245290672453,0.0,0.0,0.0,0.0
155,0.0,,1756139503.6409636,False,9.83439225732747,0.5025966435970037,0.0018271432988869064,0.11041191002424003,0.0,0.0,0.0,0.0
156,0.0,,1756139503.6509547,False,9.965917573548264,0.5072360027457341,0.062285946962182794,0.10361475878785428,0.0,0.0,0.0,0.0
157,0.0,,1756139503.6613197,False,10.16582634992462,0.4759546155462763,0.10339254149884189,0.07458019037244672,0.0,0.0,0.0,0.0
158,0.0,,1756139503.6714823,False,10.525289942275588,0.45543629372024885,0.13865665747916633,0.02298373370264994,0.0,0.0,0.0,0.0
159,0.0,,1756139503.682122,False,10.690569082685808,0.31705546128552187,0.1751033517456438,-0.007037953878963879,0.0,0.0,0.0,0.0
160,0.0,,1756139503.6915991,False,10.707107605615356,0.1919775466512146,0.17768577478792055,-0.021371099668771727,0.0,0.0,0.0,0.0
161,0.0,,1756139503.698171,False,10.782103526470246,0.06460456203867583,0.1866074949288818,-0.04821591337355835,0.0,0.0,0.0,0.0
162,0.0,,1756139503.7118313,False,10.84410014241889,-0.13223090482852287,0.1745593168757861,-0.08409141109297796,0.0,0.0,0.0,0.0
163,0.0,,1756139503.722927,False,10.769115520853045,-0.17750507371059196,0.14559855320907444,-0.10398031740801739,0.0,0.0,0.0,0.0
164,0.0,,1756139503.730894,False,10.640642608826278,-0.22777955797934996,0.11743917865959094,-0.12259471255150425,0.0,0.0,0.0,0.0
165,0.0,,1756139503.7392147,False,10.545010553211023,-0.2663826184695909,0.11109454110032543,-0.12236081932545409,0.0,0.0,0.0,0.0
166,0.0,,1756139503.7487445,False,10.393582937924753,-0.2842647502641424,0.05255194971866581,-0.1455222317094471,0.0,0.0,0.0,0.0
167,0.0,,1756139503.7591944,False,10.289955564924874,-0.2470811030976554,0.031750456505356336,-0.15379023072077205,0.0,0.0,0.0,0.0
168,0.0,,1756139503.768562,False,10.40001092894215,-0.16158454812594736,0.02868026588822376,-0.17928249840461938,0.0,0.0,0.0,0.0
169,0.0,,1756139503.778581,False,10.325146169228818,-0.056268111690832755,0.0006376985053609787,-0.18176807382423996,0.0,0.0,0.0,0.0
170,0.0,,1756139503.7915044,False,10.32762352786753,0.020271820411175027,-0.008508944459363066,-0.1871740180315387,0.0,0.0,0.0,0.0
171,0.0,,1756139503.801217,False,10.274238459545773,0.08684864946969718,-0.02803002909769383,-0.1896875162809901,0.0,0.0,0.0,0.0
172,0.0,,1756139503.8114266,False,10.283936157406,0.16767677291258323,-0.03028338486249663,-0.1941683825601016,0.0,0.0,0.0,0.0
173,0.0,,1756139503.8208237,False,10.317925094709757,0.20245292658724937,-0.034760117147307985,-0.21121133642833714,0.0,0.0,0.0,0.0
174,0.0,,1756139503.8314028,False,10.315915143673912,0.22756673251586096,-0.04410536039880989,-0.2242677745784703,0.0,0.0,0.0,0.0
175,0.0,,1756139503.8412287,False,10.22304553802252,0.21967498990371748,-0.05038223971467834,-0.2319448774622241,0.0,0.0,0.0,0.0
176,0.0,,1756139503.851307,False,10.269054918984473,0.18889912164611797,-0.02931574062876023,-0.244961154239369,0.0,0.0,0.0,0.0
177,0.0,,1756139503.861096,False,10.443839972274407,0.18691625405674855,0.006299101775542885,-0.24785724528541903,0.0,0.0,0.0,0.0
115,0.0,,1756139503.2413363,False,11.558783464782831,-0.4594987303559373,-0.24438971741503202,0.1318936513687717,0.0,0.0,0.0,0.0
116,0.0,,1756139503.2507124,False,11.42877471666371,-0.5513113306520793,-0.15894952382150113,0.18189585593555843,0.0,0.0,0.0,0.0
117,0.0,,1756139503.2608917,False,11.13000871456578,-0.49061117347299676,-0.07378700723029999,0.1979251724816834,0.0,0.0,0.0,0.0
118,0.0,,1756139503.2712123,False,11.164905282118433,-0.3891576411953148,0.05655950507816882,0.21682356725764207,0.0,0.0,0.0,0.0
119,0.0,,1756139503.2808585,False,10.780554296099313,-0.26718416120408384,0.1477459040018355,0.23852679185979483,0.0,0.0,0.0,0.0
120,0.0,,1756139503.2910373,False,10.826263339482905,-0.17655299917074574,0.2889522253556495,0.2800830637967567,0.0,0.0,0.0,0.0
121,0.0,,1756139503.3011403,False,10.820017425333706,-0.02348494634822255,0.3583130318333121,0.3263547114416388,0.0,0.0,0.0,0.0
122,0.0,,1756139503.3107913,False,10.750743832179197,0.09741644834939735,0.40716680389569226,0.35050523510870435,0.0,0.0,0.0,0.0
123,0.0,,1756139503.3219583,False,10.739253944930969,0.23330617379076676,0.38356447549019523,0.39225986687211284,0.0,0.0,0.0,0.0
124,0.0,,1756139503.3311539,False,10.423214162706483,0.2695136655064867,0.30099964098598564,0.42838323864404804,0.0,0.0,0.0,0.0
125,0.0,,1756139503.3388984,False,10.102400880356022,0.24679457185904016,0.20183391469207967,0.4301759040398456,0.0,0.0,0.0,0.0
126,0.0,,1756139503.3516388,False,9.870817036270843,0.14778303021275488,0.008460809239596384,0.45877645470922157,0.0,0.0,0.0,0.0
127,0.0,,1756139503.3608494,False,9.52032181877367,-0.021410200581197657,-0.08263599044219032,0.4666235820141405,0.0,0.0,0.0,0.0
128,0.0,,1756139503.370951,False,9.137418408202384,-0.13737400936643418,-0.12848271747632836,0.4760281129804225,0.0,0.0,0.0,0.0
129,0.0,,1756139503.38093,False,8.845268145501898,-0.3030431115437046,-0.15729016172585078,0.47777396638972863,0.0,0.0,0.0,0.0
130,0.0,,1756139503.391168,False,8.521272699942031,-0.37180090068999205,-0.14892115944170725,0.48767018297086756,0.0,0.0,0.0,0.0
131,0.0,,1756139503.4015706,False,8.056025764838514,-0.397873659789733,-0.10782692426638313,0.5107756043718399,0.0,0.0,0.0,0.0
132,0.0,,1756139503.407517,False,7.850193624609798,-0.35548420976463924,-0.05167539249080517,0.4903849542097183,0.0,0.0,0.0,0.0
133,0.0,,1756139503.4181116,False,7.439212870643114,-0.17522476418136096,0.02569704608078479,0.4892872517220058,0.0,0.0,0.0,0.0
134,0.0,,1756139503.4275146,False,7.199390594080175,0.02967082425082994,0.09333014387302012,0.49139313792945893,0.0,0.0,0.0,0.0
135,0.0,,1756139503.441018,False,6.7960064938356926,0.2520815468640797,0.1235427184897327,0.5132462583273679,0.0,0.0,0.0,0.0
136,0.0,,1756139503.4511092,False,6.453317116375337,0.4189790807176899,0.20147678142573858,0.5059096158543586,0.0,0.0,0.0,0.0
137,0.0,,1756139503.460878,False,6.126852697788072,0.41906919627721284,0.17932599984734254,0.48525371330846806,0.0,0.0,0.0,0.0
138,0.0,,1756139503.4707386,False,5.710937950451583,0.4385606266027688,0.15445958558707956,0.4673871121172042,0.0,0.0,0.0,0.0
139,0.0,,1756139503.4809752,False,5.2272370699308786,0.37033633790341947,0.12669070542876779,0.4365951797571022,0.0,0.0,0.0,0.0
140,0.0,,1756139503.4910614,False,4.9108339443977655,0.22886916613083663,0.1301225398472261,0.37803398864188104,0.0,0.0,0.0,0.0
141,0.0,,1756139503.5007253,False,4.5710260943266015,0.027969038134242577,0.11013788831365051,0.31520986133805895,0.0,0.0,0.0,0.0
142,0.0,,1756139503.511049,False,4.268250808037223,-0.19696237108532433,0.11513751667973023,0.2411808864026829,0.0,0.0,0.0,0.0
143,0.0,,1756139503.5207262,False,4.653499285074215,-0.41680878969685203,0.20061377248280043,0.17563321248043207,0.0,0.0,0.0,0.0
144,0.0,,1756139503.5310526,False,5.509120636578522,-0.6888441676973822,0.27462154975187747,0.15972572713542793,0.0,0.0,0.0,0.0
145,0.0,,1756139503.541903,False,6.385236777434984,-0.7461369970925211,0.28677086380996536,0.13803732381725015,0.0,0.0,0.0,0.0
146,0.0,,1756139503.5507648,False,7.1758757019134265,-0.7086681983651555,0.34019209034085085,0.1386114438325879,0.0,0.0,0.0,0.0
147,0.0,,1756139503.5625296,False,8.08467257064018,-0.601013455315605,0.2998676906358058,0.1558581184649633,0.0,0.0,0.0,0.0
148,0.0,,1756139503.5733747,False,8.556480535957746,-0.5042715143266377,0.21166328277178525,0.1825137978624588,0.0,0.0,0.0,0.0
149,0.0,,1756139503.5817275,False,8.770324458571132,-0.40052927094284557,0.1439213832363767,0.20882631753699263,0.0,0.0,0.0,0.0
150,0.0,,1756139503.589847,False,9.028672342926276,-0.2741201401798393,0.08187617015326511,0.18976141513073672,0.0,0.0,0.0,0.0
151,0.0,,1756139503.6015162,False,9.220616448804114,-0.07792835415056429,-0.011718244907933897,0.19492092058082655,0.0,0.0,0.0,0.0
152,0.0,,1756139503.6086195,False,9.387167880511576,0.0866313079070861,-0.056810679003445524,0.1747573902817534,0.0,0.0,0.0,0.0
153,0.0,,1756139503.6214468,False,9.523642900031014,0.3091480709812992,-0.06680468415652442,0.14377374556883993,0.0,0.0,0.0,0.0
154,0.0,,1756139503.6310384,False,9.63665320149151,0.42898378609662585,-0.022987999621058092,0.12130245290672453,0.0,0.0,0.0,0.0
155,0.0,,1756139503.6409636,False,9.83439225732747,0.5025966435970037,0.0018271432988869064,0.11041191002424003,0.0,0.0,0.0,0.0
156,0.0,,1756139503.6509547,False,9.965917573548264,0.5072360027457341,0.062285946962182794,0.10361475878785428,0.0,0.0,0.0,0.0
157,0.0,,1756139503.6613197,False,10.16582634992462,0.4759546155462763,0.10339254149884189,0.07458019037244672,0.0,0.0,0.0,0.0
158,0.0,,1756139503.6714823,False,10.525289942275588,0.45543629372024885,0.13865665747916633,0.02298373370264994,0.0,0.0,0.0,0.0
159,0.0,,1756139503.682122,False,10.690569082685808,0.31705546128552187,0.1751033517456438,-0.007037953878963879,0.0,0.0,0.0,0.0
160,0.0,,1756139503.6915991,False,10.707107605615356,0.1919775466512146,0.17768577478792055,-0.021371099668771727,0.0,0.0,0.0,0.0
161,0.0,,1756139503.698171,False,10.782103526470246,0.06460456203867583,0.1866074949288818,-0.04821591337355835,0.0,0.0,0.0,0.0
162,0.0,,1756139503.7118313,False,10.84410014241889,-0.13223090482852287,0.1745593168757861,-0.08409141109297796,0.0,0.0,0.0,0.0
163,0.0,,1756139503.722927,False,10.769115520853045,-0.17750507371059196,0.14559855320907444,-0.10398031740801739,0.0,0.0,0.0,0.0
164,0.0,,1756139503.730894,False,10.640642608826278,-0.22777955797934996,0.11743917865959094,-0.12259471255150425,0.0,0.0,0.0,0.0
165,0.0,,1756139503.7392147,False,10.545010553211023,-0.2663826184695909,0.11109454110032543,-0.12236081932545409,0.0,0.0,0.0,0.0
166,0.0,,1756139503.7487445,False,10.393582937924753,-0.2842647502641424,0.05255194971866581,-0.1455222317094471,0.0,0.0,0.0,0.0
167,0.0,,1756139503.7591944,False,10.289955564924874,-0.2470811030976554,0.031750456505356336,-0.15379023072077205,0.0,0.0,0.0,0.0
168,0.0,,1756139503.768562,False,10.40001092894215,-0.16158454812594736,0.02868026588822376,-0.17928249840461938,0.0,0.0,0.0,0.0
169,0.0,,1756139503.778581,False,10.325146169228818,-0.056268111690832755,0.0006376985053609787,-0.18176807382423996,0.0,0.0,0.0,0.0
170,0.0,,1756139503.7915044,False,10.32762352786753,0.020271820411175027,-0.008508944459363066,-0.1871740180315387,0.0,0.0,0.0,0.0
171,0.0,,1756139503.801217,False,10.274238459545773,0.08684864946969718,-0.02803002909769383,-0.1896875162809901,0.0,0.0,0.0,0.0
172,0.0,,1756139503.8114266,False,10.283936157406,0.16767677291258323,-0.03028338486249663,-0.1941683825601016,0.0,0.0,0.0,0.0
173,0.0,,1756139503.8208237,False,10.317925094709757,0.20245292658724937,-0.034760117147307985,-0.21121133642833714,0.0,0.0,0.0,0.0
174,0.0,,1756139503.8314028,False,10.315915143673912,0.22756673251586096,-0.04410536039880989,-0.2242677745784703,0.0,0.0,0.0,0.0
175,0.0,,1756139503.8412287,False,10.22304553802252,0.21967498990371748,-0.05038223971467834,-0.2319448774622241,0.0,0.0,0.0,0.0
176,0.0,,1756139503.851307,False,10.269054918984473,0.18889912164611797,-0.02931574062876023,-0.244961154239369,0.0,0.0,0.0,0.0
177,0.0,,1756139503.861096,False,10.443839972274407,0.18691625405674855,0.006299101775542885,-0.24785724528541903,0.0,0.0,0.0,0.0
178,0.0,,1756139503.8720934,False,10.445980011020783,0.1327634534780619,-0.0020267537735395437,-0.26195763415984,0.0,0.0,0.0,0.0
179,0.0,,1756139503.8812883,False,10.405150367578402,0.05431878196678107,-0.010962024639939824,-0.26928724805109405,0.0,0.0,0.0,0.0
180,0.0,,1756139503.888981,False,10.427585091256253,-0.0044511683323504615,-0.006749686929704619,-0.2772300377365704,0.0,0.0,0.0,0.0
181,0.0,,1756139503.904943,False,10.454331269740148,-0.0781893126553138,-0.02157504240245766,-0.2905781400198763,0.0,0.0,0.0,0.0
182,0.0,,1756139503.9113226,False,10.400611458332255,-0.10962012197882484,-0.02224760489657749,-0.2956800934395989,0.0,0.0,0.0,0.0
183,0.0,,1756139503.9278994,False,10.239995873345162,-0.17203196075178276,-0.030916347516679682,-0.2958875290458043,0.0,0.0,0.0,0.0
178,0.0,,1756139503.8720934,False,10.445980011020783,0.1327634534780619,-0.0020267537735395437,-0.26195763415984,0.0,0.0,0.0,0.0
179,0.0,,1756139503.8812883,False,10.405150367578402,0.05431878196678107,-0.010962024639939824,-0.26928724805109405,0.0,0.0,0.0,0.0
180,0.0,,1756139503.888981,False,10.427585091256253,-0.0044511683323504615,-0.006749686929704619,-0.2772300377365704,0.0,0.0,0.0,0.0
181,0.0,,1756139503.904943,False,10.454331269740148,-0.0781893126553138,-0.02157504240245766,-0.2905781400198763,0.0,0.0,0.0,0.0
182,0.0,,1756139503.9113226,False,10.400611458332255,-0.10962012197882484,-0.02224760489657749,-0.2956800934395989,0.0,0.0,0.0,0.0
183,0.0,,1756139503.9278994,False,10.239995873345162,-0.17203196075178276,-0.030916347516679682,-0.2958875290458043,0.0,0.0,0.0,0.0
185,0.0,,1756139503.9436822,False,10.28784619608987,-0.16590060794047953,-0.02562957777773802,-0.3012009191195214,0.0,0.0,0.0,0.0
186,0.0,,1756139503.950407,False,10.315710368054482,-0.13612467519316762,-0.015281992861793324,-0.31125754618300355,0.0,0.0,0.0,0.0
187,0.0,,1756139503.9595633,False,10.310365798901639,-0.11413158111603676,-0.027729498166755375,-0.31347585899024655,0.0,0.0,0.0,0.0
188,0.0,,1756139503.9698136,False,10.341648132267864,-0.09362145274233288,-0.04104603869054908,-0.2987079000306134,0.0,0.0,0.0,0.0
189,0.0,,1756139503.979882,False,10.393893890380488,-0.039162794805123205,-0.03984278622741845,-0.2930783150949198,0.0,0.0,0.0,0.0
190,0.0,,1756139503.9897585,False,10.371518568985394,-0.015945092995741008,-0.06948928500486663,-0.2934982666017719,0.0,0.0,0.0,0.0
191,0.0,,1756139503.9993448,False,10.399726338702852,-0.011679111419944377,-0.09989131538496035,-0.2888820641709713,0.0,0.0,0.0,0.0
192,0.0,,1756139504.0091903,False,10.373457012936434,0.030764185810379374,-0.08967139619129165,-0.2789986686094106,0.0,0.0,0.0,0.0
193,0.0,,1756139504.0190246,False,10.420523805884693,0.040086526768713576,-0.09184370700794928,-0.27363444297336736,0.0,0.0,0.0,0.0
194,0.0,,1756139504.029407,False,10.488744230026704,0.03516833548998083,-0.07657680444156963,-0.26462528667531415,0.0,0.0,0.0,0.0
195,0.0,,1756139504.0392191,False,10.486045279744987,0.029966966136112855,-0.07663019140012155,-0.25418980465188595,0.0,0.0,0.0,0.0
196,0.0,,1756139504.0493147,False,10.562230983070986,-0.002139764327367403,-0.08110378252633656,-0.2445855023450511,0.0,0.0,0.0,0.0
197,0.0,,1756139504.0592585,False,10.591477892904237,-0.020554681052020428,-0.05821664167093603,-0.2309566807870091,0.0,0.0,0.0,0.0
198,0.0,,1756139504.0690725,False,10.653941659731824,-0.03839041464050371,-0.051656071545415294,-0.22058301089951038,0.0,0.0,0.0,0.0
199,0.0,,1756139504.0790064,False,10.599444217307479,-0.047151190906404246,-0.03740936396080397,-0.2017891596661301,0.0,0.0,0.0,0.0
200,0.0,,1756139504.0893013,False,10.557051669839158,-0.05727566387807403,-0.031474473807957475,-0.19096762949404136,0.0,0.0,0.0,0.0
201,0.0,,1756139504.0994596,False,10.669262676479168,-0.06160094324389678,-0.026506494949204255,-0.17453699046050844,0.0,0.0,0.0,0.0
202,0.0,,1756139504.1089845,False,10.627002914620917,-0.0477564032714662,-0.0339897202743714,-0.15892498198240068,0.0,0.0,0.0,0.0
203,0.0,,1756139504.1189995,False,10.578432690901206,-0.03733972145040004,-0.020456534667443734,-0.1442871085297618,0.0,0.0,0.0,0.0
204,0.0,,1756139504.1291423,False,10.467999749256299,-0.016392246155362895,-0.024229607108132933,-0.12333852849393837,0.0,0.0,0.0,0.0
205,0.0,,1756139504.1390033,False,10.50338339294795,0.0037695216822347145,-0.026500722056092916,-0.11276898086831355,0.0,0.0,0.0,0.0
206,0.0,,1756139504.1493046,False,10.362308834089333,0.03037324698395927,-0.03357416260601136,-0.09103870236743533,0.0,0.0,0.0,0.0
207,0.0,,1756139504.1589324,False,10.616313737902857,0.05155589121263594,-0.04928240385776227,-0.07491235482472708,0.0,0.0,0.0,0.0
208,0.0,,1756139504.1692646,False,10.596072965152711,0.07342815015345722,-0.06548305643395613,-0.04949336701634828,0.0,0.0,0.0,0.0
209,0.0,,1756139504.1789284,False,10.562413762919386,0.0804256187236837,-0.06232775095255958,-0.027418818914801642,0.0,0.0,0.0,0.0
210,0.0,,1756139504.1892922,False,10.55423406821062,0.09419328386649262,-0.07404369725305664,-0.006329071277634517,0.0,0.0,0.0,0.0
211,0.0,,1756139504.199439,False,10.468917667705458,0.07351362625980895,-0.05524242911969186,0.0204999565022947,0.0,0.0,0.0,0.0
212,0.0,,1756139504.2090101,False,10.308036660202276,0.06344448605591954,-0.06863828154988363,0.042345234495455804,0.0,0.0,0.0,0.0
213,0.0,,1756139504.2193663,False,10.141141962184594,0.05148902102482067,-0.04711313974826388,0.06710110198100158,0.0,0.0,0.0,0.0
214,0.0,,1756139504.2291336,False,10.23230477151511,0.058959145478112575,-0.034204812667171555,0.09164454600786404,0.0,0.0,0.0,0.0
215,0.0,,1756139504.2388568,False,10.230418701738666,0.06677247026647774,-0.02024409847528152,0.11523992113114935,0.0,0.0,0.0,0.0
216,0.0,,1756139504.2492552,False,10.128128840074641,0.07301969134730138,-0.0016630935903987746,0.1429915652273683,0.0,0.0,0.0,0.0
217,0.0,,1756139504.2588122,False,10.143170239704785,0.10075172245451977,0.021467387886602626,0.1728059863047891,0.0,0.0,0.0,0.0
218,0.0,,1756139504.2695613,False,10.060530727702808,0.10496739081554272,0.04716063071406343,0.19518133625379647,0.0,0.0,0.0,0.0
219,0.0,,1756139504.2790067,False,9.854417632389946,0.12401822276676444,0.03908260226919444,0.21457381678698784,0.0,0.0,0.0,0.0
220,0.0,,1756139504.2890131,False,9.583971675040523,0.10752286422913368,0.03395431108754026,0.234352823849082,0.0,0.0,0.0,0.0
221,0.0,,1756139504.2995484,False,9.36993275491123,0.09456361905829966,0.02614507933602504,0.2522911337831685,0.0,0.0,0.0,0.0
222,0.0,,1756139504.3099267,False,9.227891230969398,0.15697123059663476,0.005563773962727969,0.27615540163297986,0.0,0.0,0.0,0.0
223,0.0,,1756139504.3190281,False,9.0180342540576,0.1595331970200641,0.005549735763543673,0.28273445064701885,0.0,0.0,0.0,0.0
224,0.0,,1756139504.3291042,False,8.632893872544784,0.0881210149384056,-0.0067778194248818355,0.2911745020125141,0.0,0.0,0.0,0.0
225,0.0,,1756139504.339278,False,8.54623463176974,0.16110290859684592,-0.01386416464285473,0.3094947189887998,0.0,0.0,0.0,0.0
226,0.0,,1756139504.348962,False,8.229393723590963,0.11611220417865648,-0.05017174421830227,0.3154546987632495,0.0,0.0,0.0,0.0
227,0.0,,1756139504.359207,False,7.94932184252513,0.0805040794021186,-0.05686089606134346,0.3121768643217057,0.0,0.0,0.0,0.0
228,0.0,,1756139504.369108,False,7.719204801997365,0.12170565641587798,-0.05805753528770896,0.3229037783693564,0.0,0.0,0.0,0.0
229,0.0,,1756139504.378972,False,7.523811513398129,0.12938548942157313,-0.036706295282693084,0.32607844864057545,0.0,0.0,0.0,0.0
230,0.0,,1756139504.3895662,False,7.179090917183055,0.2070398215434972,-0.027388211805123602,0.32748949842071384,0.0,0.0,0.0,0.0
231,0.0,,1756139504.3989472,False,6.926501588392578,0.10958162865938507,-0.010877973563380227,0.31552704286019473,0.0,0.0,0.0,0.0
232,0.0,,1756139504.4091713,False,6.702493307558744,0.15860839276557287,-0.014041444909732094,0.3173793204537549,0.0,0.0,0.0,0.0
233,0.0,,1756139504.4188845,False,6.252945498026819,0.29921966212222945,-0.010227579580668472,0.30137927156786654,0.0,0.0,0.0,0.0
234,0.0,,1756139504.429569,False,5.926748723130651,0.3495984363326554,0.007824486968382977,0.2672083051055577,0.0,0.0,0.0,0.0
235,0.0,,1756139504.4391649,False,5.845342578623556,0.151881686392178,0.004775147168070197,0.25096613009372837,0.0,0.0,0.0,0.0
236,0.0,,1756139504.449122,False,5.569211113525064,0.11408390282055444,-0.04897441247447472,0.23384845591921816,0.0,0.0,0.0,0.0
237,0.0,,1756139504.459325,False,5.321848378427872,0.12789395430059994,-0.007959033224951338,0.18888278974710776,0.0,0.0,0.0,0.0
238,0.0,,1756139504.4691274,False,5.232705705595294,0.11671471748233159,0.013065225671836184,0.14615369230465008,0.0,0.0,0.0,0.0
239,0.0,,1756139504.479133,False,6.07509374572354,-0.4808496239179878,0.06158756687893895,0.14941937044499576,0.0,0.0,0.0,0.0
240,0.0,,1756139504.489118,False,6.206625492580972,-0.6090610128249558,0.006098142849541211,0.1520792157704154,0.0,0.0,0.0,0.0
241,0.0,,1756139504.4989514,False,6.64061267720926,-0.6843691547656762,0.2741631456720012,0.13369516863838363,0.0,0.0,0.0,0.0
242,0.0,,1756139504.5093708,False,7.243641100422557,-0.6625252739199179,0.419238785231573,0.1543643664949209,0.0,0.0,0.0,0.0
243,0.0,,1756139504.5193455,False,7.358088499935047,-0.570773922138229,0.4294390816315158,0.22732689011683566,0.0,0.0,0.0,0.0
244,0.0,,1756139504.529887,False,7.7276438147847495,-0.476614302361581,0.286939930185619,0.22866597506244934,0.0,0.0,0.0,0.0
245,0.0,,1756139504.5392208,False,7.950306455484936,-0.3187275894281495,0.3155335731235057,0.20092592041123805,0.0,0.0,0.0,0.0
246,0.0,,1756139504.549706,False,8.279225124934298,-0.1255293262402533,0.20848344107706285,0.1825947956132708,0.0,0.0,0.0,0.0
247,0.0,,1756139504.559254,False,8.610990135453537,-0.02125881795573136,0.12574661326563802,0.17733339541439797,0.0,0.0,0.0,0.0
248,0.0,,1756139504.5692763,False,8.69428284608502,0.0710810178663731,0.10644367777612895,0.17603368966346342,0.0,0.0,0.0,0.0
249,0.0,,1756139504.5791504,False,8.974948768971593,0.19952689286196648,0.057024992913720145,0.1490247754607275,0.0,0.0,0.0,0.0
250,0.0,,1756139504.589195,False,9.103527658631421,0.3061304284096847,0.05489542631917811,0.12788669133101616,0.0,0.0,0.0,0.0
251,0.0,,1756139504.5991807,False,9.472243702423468,0.37021318321622043,0.04393241730674442,0.07508078122458277,0.0,0.0,0.0,0.0
252,0.0,,1756139504.608985,False,9.702677291603534,0.3834857151818642,0.050083702209734,0.05725737987784663,0.0,0.0,0.0,0.0
253,0.0,,1756139504.619013,False,9.83963757485755,0.36939917353358986,0.06919207663355728,0.03466464322646831,0.0,0.0,0.0,0.0
254,0.0,,1756139504.6298146,False,10.219101659904915,0.2873506120498017,0.11175246660148545,-0.009526134124098886,0.0,0.0,0.0,0.0
255,0.0,,1756139504.6391106,False,10.405053233147928,0.23154295013934068,0.09283844117719062,-0.024428834169827933,0.0,0.0,0.0,0.0
256,0.0,,1756139504.6499546,False,10.626730909973961,0.13413336646646706,0.09422164673480299,-0.050688309596133664,0.0,0.0,0.0,0.0
257,0.0,,1756139504.660766,False,10.731951917839924,0.05204893192539876,0.09524362979202472,-0.08107849837968595,0.0,0.0,0.0,0.0
258,0.0,,1756139504.6691008,False,10.84283762950056,-2.0528151224368657e-05,0.10209356194505356,-0.09105656204533277,0.0,0.0,0.0,0.0
259,0.0,,1756139504.679148,False,10.988115111006703,-0.06468798838960736,0.08817882100957794,-0.11633473892156054,0.0,0.0,0.0,0.0
260,0.0,,1756139504.688964,False,11.035398895878421,-0.10161871665688406,0.08509352049828191,-0.12706613974554826,0.0,0.0,0.0,0.0
261,0.0,,1756139504.6990924,False,10.849061871133841,-0.09099495454359427,0.045740353215810506,-0.11900513738753235,0.0,0.0,0.0,0.0
262,0.0,,1756139504.7090688,False,10.797825065807528,-0.07382528137175788,0.045416115296934935,-0.12616011141810668,0.0,0.0,0.0,0.0
263,0.0,,1756139504.719254,False,10.873553710378708,-0.03824195354704224,0.03485049255530649,-0.1363695560119722,0.0,0.0,0.0,0.0
264,0.0,,1756139504.7290094,False,10.702479802212334,0.02477053344945576,0.00492273779032386,-0.12618164513109345,0.0,0.0,0.0,0.0
265,0.0,,1756139504.7391021,False,10.65271086276331,0.07391163801204399,0.018298547018886762,-0.13839918347234434,0.0,0.0,0.0,0.0
266,0.0,,1756139504.750694,False,10.690596679340304,0.12209155144526268,0.020609752981147637,-0.1435052471363086,0.0,0.0,0.0,0.0
267,0.0,,1756139504.759375,False,10.580904519419528,0.16701050835406528,-0.007028102269929414,-0.13596008152254052,0.0,0.0,0.0,0.0
268,0.0,,1756139504.770006,False,10.521027852422684,0.19917138543708116,-0.022366121585536008,-0.14775628164065618,0.0,0.0,0.0,0.0
269,0.0,,1756139504.7792857,False,10.511610460801872,0.20757426429355924,-0.030598105171367098,-0.15642937855271,0.0,0.0,0.0,0.0
270,0.0,,1756139504.7898626,False,10.59708432669098,0.20547022710605412,-0.032611462609940134,-0.16310908802254565,0.0,0.0,0.0,0.0
271,0.0,,1756139504.7995102,False,10.693778581421913,0.2045775732692538,-0.017667140055073412,-0.17608654038251104,0.0,0.0,0.0,0.0
272,0.0,,1756139504.8093016,False,10.685354392629083,0.1471297613810248,-0.012211447241492852,-0.1841939584562044,0.0,0.0,0.0,0.0
273,0.0,,1756139504.8192203,False,10.712443978993981,0.09769429632361483,-0.024601120056421566,-0.1911960440129238,0.0,0.0,0.0,0.0
274,0.0,,1756139504.8291569,False,10.711520443496958,0.041029465397472945,-0.04375238719651348,-0.19913046132369436,0.0,0.0,0.0,0.0
275,0.0,,1756139504.8391497,False,10.699947429379467,0.005648248532322483,-0.05772358150768003,-0.20007948158490463,0.0,0.0,0.0,0.0
276,0.0,,1756139504.8496559,False,10.648002119973487,-0.03329326762724296,-0.06246406916387084,-0.1908606038847664,0.0,0.0,0.0,0.0
277,0.0,,1756139504.8592827,False,10.652615957802713,-0.06283234832847974,-0.039591880941072494,-0.196925799155584,0.0,0.0,0.0,0.0
278,0.0,,1756139504.8691738,False,10.674836271702384,-0.06215955780914718,-0.03166714361219877,-0.19422871499767286,0.0,0.0,0.0,0.0
279,0.0,,1756139504.8788314,False,10.63851580160362,-0.0677243981827434,-0.05573391682569237,-0.1908686328873062,0.0,0.0,0.0,0.0
280,0.0,,1756139504.8894424,False,10.614465782483006,-0.06907946509686905,-0.052136037153642484,-0.1874069930634025,0.0,0.0,0.0,0.0
281,0.0,,1756139504.8994784,False,10.561076049539071,-0.03862114449668375,-0.06021252826016127,-0.1750692728940789,0.0,0.0,0.0,0.0
282,0.0,,1756139504.9089375,False,10.500852030432146,-0.004840824055416843,-0.0481730736443869,-0.15917815005972885,0.0,0.0,0.0,0.0
283,0.0,,1756139504.9194574,False,10.51049129309983,0.0147458172806235,-0.05430605812603174,-0.1580848630927485,0.0,0.0,0.0,0.0
284,0.0,,1756139504.929077,False,10.447894051477858,0.03154552189380213,-0.04201602126208594,-0.1408061016962929,0.0,0.0,0.0,0.0
285,0.0,,1756139504.9391315,False,10.389403540161208,0.05668897293404035,-0.04416107852247761,-0.12971337549203732,0.0,0.0,0.0,0.0
286,0.0,,1756139504.9489825,False,10.453392728696645,0.05284537095811112,-0.054132992669949954,-0.1303543924536159,0.0,0.0,0.0,0.0
287,0.0,,1756139504.9590142,False,10.432748880329486,0.05906971966113546,-0.06878167162127799,-0.1200102155610442,0.0,0.0,0.0,0.0
288,0.0,,1756139504.969413,False,10.475938328732521,0.05259008995189764,-0.07769133378640343,-0.11343735969723798,0.0,0.0,0.0,0.0
289,0.0,,1756139504.9792342,False,10.53109126368354,0.027950005786183285,-0.0788833054075691,-0.10728598461483871,0.0,0.0,0.0,0.0
290,0.0,,1756139504.989328,False,10.498051218316988,0.006427328279475553,-0.09069246200478588,-0.09206893578404454,0.0,0.0,0.0,0.0
291,0.0,,1756139504.9992115,False,10.46551820828297,-0.02319430774281078,-0.08429664387949728,-0.07912897976111034,0.0,0.0,0.0,0.0
292,0.0,,1756139505.0094473,False,10.461095509404013,-0.036668792855816264,-0.0657247707456226,-0.06796393115817694,0.0,0.0,0.0,0.0
293,0.0,,1756139505.0193563,False,10.452755764562925,-0.035092697497799356,-0.05929576384553674,-0.057811579469744606,0.0,0.0,0.0,0.0
294,0.0,,1756139505.0290825,False,10.39431593062063,-0.029041638947194047,-0.041787563052493565,-0.04239697433691747,0.0,0.0,0.0,0.0
295,0.0,,1756139505.0394468,False,10.045001312155492,-0.034868702990409006,-0.04113188198469715,-0.024222924224570064,0.0,0.0,0.0,0.0
296,0.0,,1756139505.0496802,False,10.344936133140422,-0.007290949851946212,-0.0200739124903659,-0.019236558538435717,0.0,0.0,0.0,0.0
297,0.0,,1756139505.0591238,False,10.31936301582985,0.035708632230546614,-0.03303149456121351,0.003941853813830828,0.0,0.0,0.0,0.0
298,0.0,,1756139505.069235,False,10.199395003765822,0.06335385835490406,-0.02991226214526231,0.012728793500771515,0.0,0.0,0.0,0.0
299,0.0,,1756139505.0793126,False,10.10265190916875,0.0683011162482828,-0.04840029250541963,0.026980107836034696,0.0,0.0,0.0,0.0
300,0.0,,1756139505.0896885,False,10.117897498874598,0.07155788226584783,-0.03335532115105192,0.045929135885632126,0.0,0.0,0.0,0.0
301,0.0,,1756139505.0990167,False,9.704090704624345,0.05493472841857333,-0.07844502321613624,0.06571086546711412,0.0,0.0,0.0,0.0
302,0.0,,1756139505.1091616,False,9.571044040579409,0.047558909450810774,-0.07223534739320067,0.07341734519894516,0.0,0.0,0.0,0.0
303,0.0,,1756139505.1191165,False,9.651611120737366,0.06667838846602553,-0.06007033896677177,0.08551327785482088,0.0,0.0,0.0,0.0
304,0.0,,1756139505.1292956,False,9.61086686065596,0.06961031421703998,-0.04569760027894022,0.10146854004645042,0.0,0.0,0.0,0.0
305,0.0,,1756139505.1398141,False,9.368145066186838,0.07891163287463632,-0.03330071558033107,0.11199020516978371,0.0,0.0,0.0,0.0
306,0.0,,1756139505.149404,False,9.302573440564053,0.0372930801242055,0.02634785483358676,0.12258163339770323,0.0,0.0,0.0,0.0
307,0.0,,1756139505.1592019,False,9.225237018584282,0.05566519307064674,0.009153558374795059,0.14060610710032165,0.0,0.0,0.0,0.0
308,0.0,,1756139505.1694136,False,8.804083272179021,0.013191645059944931,-0.025930418071557288,0.1556358213908322,0.0,0.0,0.0,0.0
309,0.0,,1756139505.1790013,False,8.75145939143927,0.0470406420191158,-0.0018085214012946473,0.15814389478205634,0.0,0.0,0.0,0.0
310,0.0,,1756139505.1892424,False,8.615327010255518,0.09186594541958079,-0.012577709778291979,0.17090388669293383,0.0,0.0,0.0,0.0
311,0.0,,1756139505.1993701,False,8.35582941276968,0.11338373529775117,-0.011459880166546112,0.1739212395449285,0.0,0.0,0.0,0.0
312,0.0,,1756139505.2089381,False,8.114201567379459,0.13613828585702778,-0.014137970038077098,0.17775888682779845,0.0,0.0,0.0,0.0
313,0.0,,1756139505.2189424,False,7.917137734207039,0.13857513399408006,-0.009206177527800438,0.17780919258901576,0.0,0.0,0.0,0.0
314,0.0,,1756139505.228939,False,7.612099768130452,0.06335625414166723,-0.04628803481017047,0.18292133922067277,0.0,0.0,0.0,0.0
315,0.0,,1756139505.2390282,False,7.309434266341338,0.0846974057261927,-0.07480693802453725,0.1867784736122474,0.0,0.0,0.0,0.0
316,0.0,,1756139505.2496064,False,7.0401398848794745,0.11670750561016603,-0.06058158031949808,0.17509696697901217,0.0,0.0,0.0,0.0
317,0.0,,1756139505.2590222,False,6.826676960804267,0.15180379129309968,-0.03977237102275112,0.15658964609642595,0.0,0.0,0.0,0.0
318,0.0,,1756139505.2696488,False,6.443414878720201,0.16352260580794453,-0.015045885648372205,0.15006250415479422,0.0,0.0,0.0,0.0
319,0.0,,1756139505.2791772,False,6.301127299021014,0.10663552963525583,-0.004755710215463191,0.1433774952690865,0.0,0.0,0.0,0.0
320,0.0,,1756139505.289305,False,6.143342855352524,0.00765982200647021,-0.026721139641408372,0.1301897786384637,0.0,0.0,0.0,0.0
321,0.0,,1756139505.2998073,False,5.8730463767995245,0.05943752349386266,0.006394079679986656,0.09740393568752159,0.0,0.0,0.0,0.0
322,0.0,,1756139505.3096294,False,5.647176151070289,0.13617645475007842,0.013798026690409944,0.07003682831010744,0.0,0.0,0.0,0.0
323,0.0,,1756139505.3196287,False,5.861708540023453,-0.011437072289466513,0.05248831700106113,0.051823769256900895,0.0,0.0,0.0,0.0
324,0.0,,1756139505.3294787,False,6.323669273377666,-0.4663967036473144,0.22202453278125278,0.12809502794791827,0.0,0.0,0.0,0.0
325,0.0,,1756139505.3395228,False,6.407513855646551,-0.5072176892580004,0.16125575394333247,0.1176039684173826,0.0,0.0,0.0,0.0
326,0.0,,1756139505.3495216,False,6.597945962142628,-0.44626047238755595,0.3578911826483431,0.12119157271921319,0.0,0.0,0.0,0.0
327,0.0,,1756139505.359486,False,6.881622178997287,-0.3401722414750129,0.3825900299876261,0.13322165044764558,0.0,0.0,0.0,0.0
328,0.0,,1756139505.3692715,False,7.119649875378181,-0.21790683864695495,0.34807707264363225,0.15928014961591747,0.0,0.0,0.0,0.0
329,0.0,,1756139505.3797011,False,7.206195510429987,-0.11271268330393056,0.31041456017372104,0.17316743256970724,0.0,0.0,0.0,0.0
330,0.0,,1756139505.3895023,False,7.56677529046737,-0.03141676569521232,0.28435763599136743,0.15264380247290493,0.0,0.0,0.0,0.0
331,0.0,,1756139505.3993356,False,7.959425484347749,0.038832996971285644,0.19233494282032032,0.12706044505625888,0.0,0.0,0.0,0.0
332,0.0,,1756139505.4094822,False,8.30239290131307,0.0960320601525386,0.08792815231811238,0.11124958931384601,0.0,0.0,0.0,0.0
333,0.0,,1756139505.4194672,False,8.614386757100869,0.18538985184532786,0.06775279096641616,0.08670351599022388,0.0,0.0,0.0,0.0
334,0.0,,1756139505.429492,False,8.990265272837643,0.24974526984304155,0.03997093188992775,0.06263005460623333,0.0,0.0,0.0,0.0
335,0.0,,1756139505.4393072,False,9.330878318974362,0.2876527602362925,0.013676681982071885,0.04393165488935592,0.0,0.0,0.0,0.0
336,0.0,,1756139505.449237,False,9.61290139005146,0.3038535548263192,-0.0009339950285521606,0.0063173472308763546,0.0,0.0,0.0,0.0
337,0.0,,1756139505.4595747,False,9.981402135310365,0.2769125264349575,0.03073392804776924,-0.005740993538522952,0.0,0.0,0.0,0.0
338,0.0,,1756139505.4693336,False,10.297234308394312,0.24100973878990667,0.014036037587976422,-0.020975515355367562,0.0,0.0,0.0,0.0
339,0.0,,1756139505.4791496,False,10.652910910278504,0.1279955493347599,0.021178425042589814,-0.043821696470491674,0.0,0.0,0.0,0.0
340,0.0,,1756139505.489073,False,10.777541931522729,0.09718206830184525,0.011696956802835841,-0.04317874068543534,0.0,0.0,0.0,0.0
341,0.0,,1756139505.4998066,False,10.822279938296841,0.06970887881894461,0.08746321363858921,-0.047475495510230226,0.0,0.0,0.0,0.0
342,0.0,,1756139505.509343,False,10.930622664827027,0.022500118177066136,0.11672745506484324,-0.05177171712322161,0.0,0.0,0.0,0.0
343,0.0,,1756139505.5190644,False,11.118397661644899,-0.04881830105938288,0.1004637891688371,-0.06258075195908092,0.0,0.0,0.0,0.0
344,0.0,,1756139505.5301533,False,10.919831850270462,-0.02670295584435417,0.08220020855886806,-0.05797179604299458,0.0,0.0,0.0,0.0
345,0.0,,1756139505.5392158,False,10.875729932399036,-0.002995652093704008,0.10704724996148493,-0.06627190762352858,0.0,0.0,0.0,0.0
346,0.0,,1756139505.549134,False,11.013317526434683,0.005095658034030588,0.11333279672787501,-0.07562203923472809,0.0,0.0,0.0,0.0
347,0.0,,1756139505.5589452,False,11.023505969866736,0.028021408289504623,0.06626611296112123,-0.07531728274882087,0.0,0.0,0.0,0.0
348,0.0,,1756139505.569308,False,10.835406999735438,0.0804717569744061,0.019059032324640745,-0.06693822184517742,0.0,0.0,0.0,0.0
349,0.0,,1756139505.5791013,False,10.754315804880394,0.12433103932126309,0.006010809289948126,-0.058737776262972136,0.0,0.0,0.0,0.0
350,0.0,,1756139505.5888352,False,10.867723319737896,0.1475027966704978,-0.02203892243156721,-0.06876614869710088,0.0,0.0,0.0,0.0
351,0.0,,1756139505.5992322,False,10.894445069031361,0.166176703496278,-0.08901906898512524,-0.07776409883073661,0.0,0.0,0.0,0.0
352,0.0,,1756139505.6088257,False,10.81755546030577,0.17617118703135246,-0.08579769549320265,-0.07654608966781688,0.0,0.0,0.0,0.0
353,0.0,,1756139505.6189237,False,10.834259309737178,0.1698336166497427,-0.06873064613834641,-0.07519834691784155,0.0,0.0,0.0,0.0
354,0.0,,1756139505.628924,False,10.869050342080522,0.13022098873405497,-0.0642343403616263,-0.07048459771942397,0.0,0.0,0.0,0.0
355,0.0,,1756139505.639048,False,10.799102135497101,0.09313347729516916,-0.0790894466364684,-0.06187692889345296,0.0,0.0,0.0,0.0
356,0.0,,1756139505.6492286,False,10.756293344052809,0.05296113609940681,-0.07490632834000788,-0.06606050080313103,0.0,0.0,0.0,0.0
357,0.0,,1756139505.6625037,False,10.769877494629469,0.009675678367865993,-0.05022602096207845,-0.06754823826805821,0.0,0.0,0.0,0.0
358,0.0,,1756139505.669126,False,10.768580840906573,-0.010871210072474984,-0.059576202089400954,-0.06545774015534726,0.0,0.0,0.0,0.0
359,0.0,,1756139505.6789188,False,10.7056691731939,-0.052976227997743035,-0.05219847457973826,-0.05062456708229637,0.0,0.0,0.0,0.0
360,0.0,,1756139505.6891575,False,10.64379111478697,-0.07675746671362484,-0.04042749200369583,-0.044961057554883395,0.0,0.0,0.0,0.0
361,0.0,,1756139505.698873,False,10.651929449160335,-0.08084740798028212,-0.027802660980279954,-0.04097634630146851,0.0,0.0,0.0,0.0
362,0.0,,1756139505.7088795,False,10.586808285512298,-0.07497047623285008,-0.03281906425148922,-0.03427663360263418,0.0,0.0,0.0,0.0
363,0.0,,1756139505.71912,False,10.476924711855549,-0.06435905975588806,-0.037045246265946664,-0.02120840019230774,0.0,0.0,0.0,0.0
364,0.0,,1756139505.7289336,False,10.375286967935141,-0.045089431102082286,-0.040709607823761415,-0.011743611902285818,0.0,0.0,0.0,0.0
365,0.0,,1756139505.7390099,False,10.341245219322944,-0.022858191477258025,-0.0456958185582976,-0.007716923926383785,0.0,0.0,0.0,0.0
366,0.0,,1756139505.749013,False,10.230605944048369,0.0005981506618391403,-0.057701634313856554,-0.0015203553678504677,0.0,0.0,0.0,0.0
367,0.0,,1756139505.759109,False,10.194165869207623,0.02436697357392689,-0.06760036024074793,0.011538017649712014,0.0,0.0,0.0,0.0
368,0.0,,1756139505.770304,False,10.142666840662056,0.03263161675776672,-0.07756650825012042,0.021353577305950815,0.0,0.0,0.0,0.0
369,0.0,,1756139505.7793894,False,10.094025294272907,0.022127226365102705,-0.09018862698616373,0.024496565656867506,0.0,0.0,0.0,0.0
370,0.0,,1756139505.7890675,False,10.010683573756337,0.004900608337400891,-0.09393988032319811,0.03406938423008659,0.0,0.0,0.0,0.0
371,0.0,,1756139505.79932,False,10.003524200718129,-0.014695847586811073,-0.07861377865075814,0.040416116693336675,0.0,0.0,0.0,0.0
372,0.0,,1756139505.8094385,False,9.923058561202701,-0.035778750342985916,-0.06842714345731288,0.050610353742285626,0.0,0.0,0.0,0.0
373,0.0,,1756139505.8188193,False,9.701543724237977,-0.056880949541482886,-0.06474661792960665,0.06117956789140865,0.0,0.0,0.0,0.0
374,0.0,,1756139505.8290994,False,9.661424038836296,-0.060760708010702325,-0.0354344643608312,0.06845843971124521,0.0,0.0,0.0,0.0
375,0.0,,1756139505.839575,False,9.679842966326428,-0.060586229514879006,0.002998408999519619,0.07243740465761213,0.0,0.0,0.0,0.0
376,0.0,,1756139505.8490078,False,9.489216891481982,-0.04468450187426706,-0.003022365469092749,0.08254263858781666,0.0,0.0,0.0,0.0
377,0.0,,1756139505.8594923,False,9.29162067620879,-0.03975582319344527,0.0070071140390675,0.09385038440039206,0.0,0.0,0.0,0.0
378,0.0,,1756139505.8687463,False,9.259500369132798,-0.03534496957582404,0.014625963886232135,0.09813640188683288,0.0,0.0,0.0,0.0
379,0.0,,1756139505.8792787,False,9.078596626476969,0.011522645567283713,-0.0464326143040137,0.10918699485723243,0.0,0.0,0.0,0.0
380,0.0,,1756139505.889127,False,8.849361859723075,0.016975085755809815,-0.03369167148199144,0.11419521465760085,0.0,0.0,0.0,0.0
381,0.0,,1756139505.8992467,False,8.66981253373436,0.0007458637482310182,-0.06244328030878838,0.10831041340829503,0.0,0.0,0.0,0.0
382,0.0,,1756139505.9095285,False,8.63567994136919,0.020035675996933552,-0.06730292543640921,0.11229284910969226,0.0,0.0,0.0,0.0
383,0.0,,1756139505.9191334,False,8.381920948988856,0.029795240126820745,-0.03771083149999983,0.12211956912585947,0.0,0.0,0.0,0.0
384,0.0,,1756139505.9294553,False,8.171338092477077,0.03384238512523307,-0.005096742608106895,0.11939316521989349,0.0,0.0,0.0,0.0
385,0.0,,1756139505.939305,False,7.997188669329255,0.017573205785848214,0.004783511469134491,0.11308901257349402,0.0,0.0,0.0,0.0
386,0.0,,1756139505.9488773,False,7.7811256679746394,-0.012138412347596016,-0.01122001359489683,0.11823847321629635,0.0,0.0,0.0,0.0
387,0.0,,1756139505.9592502,False,7.5645377299606125,-0.03233186151104919,-0.020018901102338237,0.11801313151847435,0.0,0.0,0.0,0.0
388,0.0,,1756139505.973624,False,7.310088051553845,0.00887829089906772,0.04522408997899091,0.09899146208243902,0.0,0.0,0.0,0.0
389,0.0,,1756139505.9796002,False,7.215371756165103,0.021391855316648237,0.054648605169930906,0.09397398308361782,0.0,0.0,0.0,0.0
390,0.0,,1756139505.9910471,False,6.825207614894708,0.044284448101064015,0.004517861250991557,0.08790263261050563,0.0,0.0,0.0,0.0
391,0.0,,1756139505.9997895,False,6.624573088948904,0.0695398164159515,0.10017506002009216,0.06692340303405757,0.0,0.0,0.0,0.0
392,0.0,,1756139506.0091763,False,6.542376958687396,0.04604328478798765,0.07051583021271883,0.04458203321731694,0.0,0.0,0.0,0.0
393,0.0,,1756139506.0192695,False,6.396572351464355,0.02190948246502258,0.04343049698698857,0.03210177955631498,0.0,0.0,0.0,0.0
394,0.0,,1756139506.0293946,False,6.551494942553807,-0.18749660387659542,0.11325794564478575,0.05010606393416128,0.0,0.0,0.0,0.0
395,0.0,,1756139506.0394616,False,6.69842177133591,-0.26973638356971835,0.14655366448847962,0.057529495931292876,0.0,0.0,0.0,0.0
396,0.0,,1756139506.049217,False,6.721802886446062,-0.23871844352316884,0.3036015124742595,0.09255580495895352,0.0,0.0,0.0,0.0
397,0.0,,1756139506.058889,False,6.784330838282728,-0.1262951747476165,0.4287798736023984,0.12122221810318168,0.0,0.0,0.0,0.0
398,0.0,,1756139506.0693917,False,7.108136497770252,-0.05733964561367782,0.4017268462470892,0.11203997022168097,0.0,0.0,0.0,0.0
399,0.0,,1756139506.07905,False,7.294683353264604,-0.00888061119539723,0.3042145967746339,0.1157893393520222,0.0,0.0,0.0,0.0
400,0.0,,1756139506.0889933,False,7.665757209123266,-0.0037566918141463445,0.19508770414645366,0.09333923477436105,0.0,0.0,0.0,0.0
401,0.0,,1756139506.0992901,False,8.09743608644721,0.053373069859283535,0.15921771287686173,0.07780224115060963,0.0,0.0,0.0,0.0
402,0.0,,1756139506.1095066,False,8.509582841072529,0.08468159827988218,0.06412410385102872,0.06497946496906687,0.0,0.0,0.0,0.0
403,0.0,,1756139506.1188688,False,9.027713639794634,0.06231777830213196,-0.05075257875085078,0.02706369335698912,0.0,0.0,0.0,0.0
404,0.0,,1756139506.1291244,False,9.298037479768913,0.1132809290516879,-0.036332896505348565,0.030853518013987544,0.0,0.0,0.0,0.0
405,0.0,,1756139506.1388702,False,9.53966774954084,0.17196653894912123,-0.02663716810201492,0.01241176055818606,0.0,0.0,0.0,0.0
407,0.0,,1756139506.1597037,False,9.933323102142255,0.20177783812751574,0.02221621861785556,0.01264919976386587,0.0,0.0,0.0,0.0
408,0.0,,1756139506.1690667,False,10.205460869221062,0.1631236339705178,0.022687176065543296,0.007056987571026289,0.0,0.0,0.0,0.0
409,0.0,,1756139506.1794868,False,10.225152675817176,0.18356883057234658,0.06615649570947035,0.020466943976616997,0.0,0.0,0.0,0.0
410,0.0,,1756139506.1889815,False,10.49300197011699,0.138302445592475,0.0955022399560117,0.008352558741800898,0.0,0.0,0.0,0.0
411,0.0,,1756139506.1992097,False,10.644079350082981,0.08620706285315763,0.08997415239897436,0.00924190761835146,0.0,0.0,0.0,0.0
412,0.0,,1756139506.2090662,False,10.838420026877294,0.011579206000007017,0.06165992192420609,-0.003508832786386998,0.0,0.0,0.0,0.0
413,0.0,,1756139506.2191997,False,10.834699395637738,0.0003438002711547133,0.06386158027036955,0.006691816227944399,0.0,0.0,0.0,0.0
414,0.0,,1756139506.2291753,False,10.836631281412528,0.009256595291004316,0.10445561882726466,0.0014771292040392284,0.0,0.0,0.0,0.0
415,0.0,,1756139506.239076,False,10.944454315644522,0.0045366682365574375,0.06300210050725688,-0.006754014394935478,0.0,0.0,0.0,0.0
416,0.0,,1756139506.2494779,False,10.838072633529615,0.025417097895843857,0.05890257807529503,0.0024600025971436837,0.0,0.0,0.0,0.0
417,0.0,,1756139506.2595203,False,10.756023498357758,0.054052198706692964,0.02219894129482388,-0.0009086395650117536,0.0,0.0,0.0,0.0
418,0.0,,1756139506.2694626,False,10.958079534514628,0.04794056699877508,-0.014653339868818123,-0.014716446532698876,0.0,0.0,0.0,0.0
419,0.0,,1756139506.2829387,False,10.761670611986444,0.09455427261998428,-0.0628284280350208,0.00012077900984388407,0.0,0.0,0.0,0.0
420,0.0,,1756139506.2940762,False,10.769888894192498,0.09128674193092907,-0.07939070504751315,-0.0021909655025866338,0.0,0.0,0.0,0.0
421,0.0,,1756139506.2996683,False,10.837422778672988,0.09184893604389287,-0.11560016193391452,-0.002951722335177388,0.0,0.0,0.0,0.0
422,0.0,,1756139506.3096673,False,10.82873143572925,0.08561845650377939,-0.1155007869991829,0.006076915830239186,0.0,0.0,0.0,0.0
423,0.0,,1756139506.3189883,False,10.745774016830456,0.09228873529634543,-0.14177211651331506,0.008954082630255957,0.0,0.0,0.0,0.0
424,0.0,,1756139506.3293402,False,10.687692261086275,0.06543085134841006,-0.09372409019643899,0.01667280623827958,0.0,0.0,0.0,0.0
425,0.0,,1756139506.3387628,False,10.71650416573455,0.04329068387158927,-0.08894649930217399,0.025077162169457944,0.0,0.0,0.0,0.0
426,0.0,,1756139506.3489861,False,10.672014084174393,0.012873661573049115,-0.10142678423405682,0.03506989957411627,0.0,0.0,0.0,0.0
427,0.0,,1756139506.3599045,False,10.540405523088792,-0.016384225707966688,-0.05336542801430871,0.04385689484481345,0.0,0.0,0.0,0.0
428,0.0,,1756139506.3691232,False,10.538481276874663,-0.03552484169097785,-0.022343326554867843,0.04476270537862363,0.0,0.0,0.0,0.0
429,0.0,,1756139506.378906,False,10.474622611229526,-0.047065880595798554,-0.027759614663560833,0.054247740794361995,0.0,0.0,0.0,0.0
430,0.0,,1756139506.390334,False,10.338063143852656,-0.06385154220205126,-0.039127688486606,0.060784972331164734,0.0,0.0,0.0,0.0
431,0.0,,1756139506.3991601,False,10.254930254365128,-0.05266864796265383,-0.030540168015496548,0.06648649104050046,0.0,0.0,0.0,0.0
432,0.0,,1756139506.40925,False,10.19900617075783,-0.030207987224179306,-0.025887027523158614,0.06782659194882998,0.0,0.0,0.0,0.0
433,0.0,,1756139506.420395,False,10.12272551695453,-0.01641431496472229,-0.054074119024834055,0.07426267764132692,0.0,0.0,0.0,0.0
434,0.0,,1756139506.4293053,False,10.028709176329025,-0.016189651646803235,-0.06959917636195237,0.07453515527532567,0.0,0.0,0.0,0.0
435,0.0,,1756139506.4392083,False,9.937262228162837,-0.021812075638613582,-0.09413370645577243,0.08248849609703127,0.0,0.0,0.0,0.0
436,0.0,,1756139506.4492986,False,9.89011523088927,-0.02038040701633173,-0.10039457153919547,0.09380838335291712,0.0,0.0,0.0,0.0
437,0.0,,1756139506.4590015,False,9.802143794808043,-0.015913311267712726,-0.10505286951365866,0.09765444569369094,0.0,0.0,0.0,0.0
438,0.0,,1756139506.4693274,False,9.70062907563963,-0.01926411394133938,-0.09997837541188147,0.0981672140050921,0.0,0.0,0.0,0.0
439,0.0,,1756139506.4790585,False,9.611498556000381,-0.035145470115463824,-0.05692115615636252,0.10275528706262839,0.0,0.0,0.0,0.0
440,0.0,,1756139506.489099,False,9.489517792044573,-0.039110189258704325,-0.04348587824823874,0.11009338771074223,0.0,0.0,0.0,0.0
441,0.0,,1756139506.4995859,False,9.351602543077643,-0.05509451178892846,-0.03712774484414789,0.11031026922795373,0.0,0.0,0.0,0.0
442,0.0,,1756139506.5093217,False,9.245757659410993,-0.06943806631127328,0.01749977530213353,0.11546845162449082,0.0,0.0,0.0,0.0
443,0.0,,1756139506.5195007,False,9.07923302736792,-0.058468473866916976,0.030883941319296705,0.12768370996168035,0.0,0.0,0.0,0.0
444,0.0,,1756139506.5306866,False,8.895800937046173,-0.03633856813940623,0.030330482233495815,0.13458688965043064,0.0,0.0,0.0,0.0
445,0.0,,1756139506.539805,False,8.717982869446933,-0.03816893777947561,0.008296646490047528,0.12969410767194936,0.0,0.0,0.0,0.0
446,0.0,,1756139506.549411,False,8.571551721440919,-0.05040422876762873,-0.0013546414928291904,0.1266640033559496,0.0,0.0,0.0,0.0
447,0.0,,1756139506.5596118,False,8.374874218152708,-0.05397701006554628,-0.016925284428007708,0.12628842388219882,0.0,0.0,0.0,0.0
448,0.0,,1756139506.5688903,False,8.201735791904776,-0.04128750029944838,-0.02860896757253841,0.122721277439195,0.0,0.0,0.0,0.0
449,0.0,,1756139506.5788713,False,7.994244741003699,-0.04811253386500697,0.02051634774561918,0.12148554037684198,0.0,0.0,0.0,0.0
450,0.0,,1756139506.5890248,False,7.766196135580344,-0.05030285011691264,0.011234232385460998,0.11505886099745347,0.0,0.0,0.0,0.0
451,0.0,,1756139506.599846,False,7.567805151166993,-0.04866701979428238,0.021077034705774402,0.10437459925440859,0.0,0.0,0.0,0.0
452,0.0,,1756139506.6089058,False,7.46717706401399,-0.06584379239751671,0.04614102402705544,0.08966380172601535,0.0,0.0,0.0,0.0
453,0.0,,1756139506.6191342,False,7.183835793024483,-0.0655458065973758,0.06207843428130646,0.08650974978317011,0.0,0.0,0.0,0.0
454,0.0,,1756139506.6296759,False,6.969867216807478,-0.04714132521538442,0.13054765297691256,0.07361035222279554,0.0,0.0,0.0,0.0
455,0.0,,1756139506.6418965,False,6.841383663216117,-0.06138029028727876,0.13837614730271627,0.056005121666674804,0.0,0.0,0.0,0.0
456,0.0,,1756139506.649119,False,7.0283137363786174,-0.15989391339002032,0.22354018124514177,0.07570889352392562,0.0,0.0,0.0,0.0
457,0.0,,1756139506.6598532,False,7.054722315105888,-0.20351614274651603,0.1915677482953758,0.07435897007121405,0.0,0.0,0.0,0.0
458,0.0,,1756139506.6691074,False,7.11567263289721,-0.0574122742334382,0.43212082463098495,0.11358160505595084,0.0,0.0,0.0,0.0
459,0.0,,1756139506.6790457,False,7.254507386727433,0.05710162113034272,0.47632737895495586,0.10752908042815397,0.0,0.0,0.0,0.0
460,0.0,,1756139506.6896172,False,7.662761452646253,0.04224942950101382,0.3095588555213825,0.09264017626475272,0.0,0.0,0.0,0.0
461,0.0,,1756139506.6990435,False,7.730470696590963,0.05862798731124549,0.21208211584398937,0.11131471719016355,0.0,0.0,0.0,0.0
462,0.0,,1756139506.7091994,False,8.144588894737439,0.09865549807107919,0.2079567970155861,0.09059925763729704,0.0,0.0,0.0,0.0
463,0.0,,1756139506.7190413,False,8.478505739260042,0.18398347065070467,0.15932852960260557,0.0807121306560079,0.0,0.0,0.0,0.0
464,0.0,,1756139506.7289567,False,8.940338341345539,0.10065544172828611,0.0011038651319642823,0.05655507096284329,0.0,0.0,0.0,0.0
465,0.0,,1756139506.7401426,False,9.297210175138977,0.060716165278833445,-0.07541823979835412,0.051329453636171696,0.0,0.0,0.0,0.0
466,0.0,,1756139506.7488534,False,9.490887204947533,0.1194453053568803,-0.012852670163591836,0.052078183351386975,0.0,0.0,0.0,0.0
467,0.0,,1756139506.7601194,False,9.915901365230198,0.15658447893390554,-0.008023918526049516,0.04236258795612349,0.0,0.0,0.0,0.0
468,0.0,,1756139506.7698052,False,10.063054843925519,0.1297546144047554,-0.03759151686958083,0.053591501613817746,0.0,0.0,0.0,0.0
469,0.0,,1756139506.7791603,False,10.184911022050134,0.08378574880187528,-0.03359697843714838,0.059740031296972654,0.0,0.0,0.0,0.0
470,0.0,,1756139506.789786,False,10.379944360169747,0.09469466464461887,0.012072904515798257,0.06326118902256728,0.0,0.0,0.0,0.0
471,0.0,,1756139506.7992194,False,10.484093087208255,0.10650433305568308,0.011039896986428412,0.07254518055502324,0.0,0.0,0.0,0.0
472,0.0,,1756139506.8089633,False,10.548341196457569,0.0774641742227866,0.029044214121203525,0.07942275624951506,0.0,0.0,0.0,0.0
473,0.0,,1756139506.8197582,False,10.585905202783039,0.0665974260106357,0.05023429851972181,0.08624937826019154,0.0,0.0,0.0,0.0
474,0.0,,1756139506.8291655,False,10.71196679663101,0.052530104864697925,0.046632048747511055,0.07661683293360967,0.0,0.0,0.0,0.0
475,0.0,,1756139506.8393126,False,10.674416834345028,0.07383046687557773,0.0649173684750159,0.08737280521135568,0.0,0.0,0.0,0.0
476,0.0,,1756139506.8498936,False,10.601263136943938,0.07836327112567325,0.05496691253626343,0.09063066221350065,0.0,0.0,0.0,0.0
477,0.0,,1756139506.8607948,False,10.644501829757967,0.08319972203664258,0.02476421851916053,0.08589601344850652,0.0,0.0,0.0,0.0
478,0.0,,1756139506.8702369,False,10.658807156185008,0.08279736696766375,0.0027250983153555147,0.08634423146330492,0.0,0.0,0.0,0.0
407,0.0,,1756139506.1597037,False,9.933323102142255,0.20177783812751574,0.02221621861785556,0.01264919976386587,0.0,0.0,0.0,0.0
408,0.0,,1756139506.1690667,False,10.205460869221062,0.1631236339705178,0.022687176065543296,0.007056987571026289,0.0,0.0,0.0,0.0
409,0.0,,1756139506.1794868,False,10.225152675817176,0.18356883057234658,0.06615649570947035,0.020466943976616997,0.0,0.0,0.0,0.0
410,0.0,,1756139506.1889815,False,10.49300197011699,0.138302445592475,0.0955022399560117,0.008352558741800898,0.0,0.0,0.0,0.0
411,0.0,,1756139506.1992097,False,10.644079350082981,0.08620706285315763,0.08997415239897436,0.00924190761835146,0.0,0.0,0.0,0.0
412,0.0,,1756139506.2090662,False,10.838420026877294,0.011579206000007017,0.06165992192420609,-0.003508832786386998,0.0,0.0,0.0,0.0
413,0.0,,1756139506.2191997,False,10.834699395637738,0.0003438002711547133,0.06386158027036955,0.006691816227944399,0.0,0.0,0.0,0.0
414,0.0,,1756139506.2291753,False,10.836631281412528,0.009256595291004316,0.10445561882726466,0.0014771292040392284,0.0,0.0,0.0,0.0
415,0.0,,1756139506.239076,False,10.944454315644522,0.0045366682365574375,0.06300210050725688,-0.006754014394935478,0.0,0.0,0.0,0.0
416,0.0,,1756139506.2494779,False,10.838072633529615,0.025417097895843857,0.05890257807529503,0.0024600025971436837,0.0,0.0,0.0,0.0
417,0.0,,1756139506.2595203,False,10.756023498357758,0.054052198706692964,0.02219894129482388,-0.0009086395650117536,0.0,0.0,0.0,0.0
418,0.0,,1756139506.2694626,False,10.958079534514628,0.04794056699877508,-0.014653339868818123,-0.014716446532698876,0.0,0.0,0.0,0.0
419,0.0,,1756139506.2829387,False,10.761670611986444,0.09455427261998428,-0.0628284280350208,0.00012077900984388407,0.0,0.0,0.0,0.0
420,0.0,,1756139506.2940762,False,10.769888894192498,0.09128674193092907,-0.07939070504751315,-0.0021909655025866338,0.0,0.0,0.0,0.0
421,0.0,,1756139506.2996683,False,10.837422778672988,0.09184893604389287,-0.11560016193391452,-0.002951722335177388,0.0,0.0,0.0,0.0
422,0.0,,1756139506.3096673,False,10.82873143572925,0.08561845650377939,-0.1155007869991829,0.006076915830239186,0.0,0.0,0.0,0.0
423,0.0,,1756139506.3189883,False,10.745774016830456,0.09228873529634543,-0.14177211651331506,0.008954082630255957,0.0,0.0,0.0,0.0
424,0.0,,1756139506.3293402,False,10.687692261086275,0.06543085134841006,-0.09372409019643899,0.01667280623827958,0.0,0.0,0.0,0.0
425,0.0,,1756139506.3387628,False,10.71650416573455,0.04329068387158927,-0.08894649930217399,0.025077162169457944,0.0,0.0,0.0,0.0
426,0.0,,1756139506.3489861,False,10.672014084174393,0.012873661573049115,-0.10142678423405682,0.03506989957411627,0.0,0.0,0.0,0.0
427,0.0,,1756139506.3599045,False,10.540405523088792,-0.016384225707966688,-0.05336542801430871,0.04385689484481345,0.0,0.0,0.0,0.0
428,0.0,,1756139506.3691232,False,10.538481276874663,-0.03552484169097785,-0.022343326554867843,0.04476270537862363,0.0,0.0,0.0,0.0
429,0.0,,1756139506.378906,False,10.474622611229526,-0.047065880595798554,-0.027759614663560833,0.054247740794361995,0.0,0.0,0.0,0.0
430,0.0,,1756139506.390334,False,10.338063143852656,-0.06385154220205126,-0.039127688486606,0.060784972331164734,0.0,0.0,0.0,0.0
431,0.0,,1756139506.3991601,False,10.254930254365128,-0.05266864796265383,-0.030540168015496548,0.06648649104050046,0.0,0.0,0.0,0.0
432,0.0,,1756139506.40925,False,10.19900617075783,-0.030207987224179306,-0.025887027523158614,0.06782659194882998,0.0,0.0,0.0,0.0
433,0.0,,1756139506.420395,False,10.12272551695453,-0.01641431496472229,-0.054074119024834055,0.07426267764132692,0.0,0.0,0.0,0.0
434,0.0,,1756139506.4293053,False,10.028709176329025,-0.016189651646803235,-0.06959917636195237,0.07453515527532567,0.0,0.0,0.0,0.0
435,0.0,,1756139506.4392083,False,9.937262228162837,-0.021812075638613582,-0.09413370645577243,0.08248849609703127,0.0,0.0,0.0,0.0
436,0.0,,1756139506.4492986,False,9.89011523088927,-0.02038040701633173,-0.10039457153919547,0.09380838335291712,0.0,0.0,0.0,0.0
437,0.0,,1756139506.4590015,False,9.802143794808043,-0.015913311267712726,-0.10505286951365866,0.09765444569369094,0.0,0.0,0.0,0.0
438,0.0,,1756139506.4693274,False,9.70062907563963,-0.01926411394133938,-0.09997837541188147,0.0981672140050921,0.0,0.0,0.0,0.0
439,0.0,,1756139506.4790585,False,9.611498556000381,-0.035145470115463824,-0.05692115615636252,0.10275528706262839,0.0,0.0,0.0,0.0
440,0.0,,1756139506.489099,False,9.489517792044573,-0.039110189258704325,-0.04348587824823874,0.11009338771074223,0.0,0.0,0.0,0.0
441,0.0,,1756139506.4995859,False,9.351602543077643,-0.05509451178892846,-0.03712774484414789,0.11031026922795373,0.0,0.0,0.0,0.0
442,0.0,,1756139506.5093217,False,9.245757659410993,-0.06943806631127328,0.01749977530213353,0.11546845162449082,0.0,0.0,0.0,0.0
443,0.0,,1756139506.5195007,False,9.07923302736792,-0.058468473866916976,0.030883941319296705,0.12768370996168035,0.0,0.0,0.0,0.0
444,0.0,,1756139506.5306866,False,8.895800937046173,-0.03633856813940623,0.030330482233495815,0.13458688965043064,0.0,0.0,0.0,0.0
445,0.0,,1756139506.539805,False,8.717982869446933,-0.03816893777947561,0.008296646490047528,0.12969410767194936,0.0,0.0,0.0,0.0
446,0.0,,1756139506.549411,False,8.571551721440919,-0.05040422876762873,-0.0013546414928291904,0.1266640033559496,0.0,0.0,0.0,0.0
447,0.0,,1756139506.5596118,False,8.374874218152708,-0.05397701006554628,-0.016925284428007708,0.12628842388219882,0.0,0.0,0.0,0.0
448,0.0,,1756139506.5688903,False,8.201735791904776,-0.04128750029944838,-0.02860896757253841,0.122721277439195,0.0,0.0,0.0,0.0
449,0.0,,1756139506.5788713,False,7.994244741003699,-0.04811253386500697,0.02051634774561918,0.12148554037684198,0.0,0.0,0.0,0.0
450,0.0,,1756139506.5890248,False,7.766196135580344,-0.05030285011691264,0.011234232385460998,0.11505886099745347,0.0,0.0,0.0,0.0
451,0.0,,1756139506.599846,False,7.567805151166993,-0.04866701979428238,0.021077034705774402,0.10437459925440859,0.0,0.0,0.0,0.0
452,0.0,,1756139506.6089058,False,7.46717706401399,-0.06584379239751671,0.04614102402705544,0.08966380172601535,0.0,0.0,0.0,0.0
453,0.0,,1756139506.6191342,False,7.183835793024483,-0.0655458065973758,0.06207843428130646,0.08650974978317011,0.0,0.0,0.0,0.0
454,0.0,,1756139506.6296759,False,6.969867216807478,-0.04714132521538442,0.13054765297691256,0.07361035222279554,0.0,0.0,0.0,0.0
455,0.0,,1756139506.6418965,False,6.841383663216117,-0.06138029028727876,0.13837614730271627,0.056005121666674804,0.0,0.0,0.0,0.0
456,0.0,,1756139506.649119,False,7.0283137363786174,-0.15989391339002032,0.22354018124514177,0.07570889352392562,0.0,0.0,0.0,0.0
457,0.0,,1756139506.6598532,False,7.054722315105888,-0.20351614274651603,0.1915677482953758,0.07435897007121405,0.0,0.0,0.0,0.0
458,0.0,,1756139506.6691074,False,7.11567263289721,-0.0574122742334382,0.43212082463098495,0.11358160505595084,0.0,0.0,0.0,0.0
459,0.0,,1756139506.6790457,False,7.254507386727433,0.05710162113034272,0.47632737895495586,0.10752908042815397,0.0,0.0,0.0,0.0
460,0.0,,1756139506.6896172,False,7.662761452646253,0.04224942950101382,0.3095588555213825,0.09264017626475272,0.0,0.0,0.0,0.0
461,0.0,,1756139506.6990435,False,7.730470696590963,0.05862798731124549,0.21208211584398937,0.11131471719016355,0.0,0.0,0.0,0.0
462,0.0,,1756139506.7091994,False,8.144588894737439,0.09865549807107919,0.2079567970155861,0.09059925763729704,0.0,0.0,0.0,0.0
463,0.0,,1756139506.7190413,False,8.478505739260042,0.18398347065070467,0.15932852960260557,0.0807121306560079,0.0,0.0,0.0,0.0
464,0.0,,1756139506.7289567,False,8.940338341345539,0.10065544172828611,0.0011038651319642823,0.05655507096284329,0.0,0.0,0.0,0.0
465,0.0,,1756139506.7401426,False,9.297210175138977,0.060716165278833445,-0.07541823979835412,0.051329453636171696,0.0,0.0,0.0,0.0
466,0.0,,1756139506.7488534,False,9.490887204947533,0.1194453053568803,-0.012852670163591836,0.052078183351386975,0.0,0.0,0.0,0.0
467,0.0,,1756139506.7601194,False,9.915901365230198,0.15658447893390554,-0.008023918526049516,0.04236258795612349,0.0,0.0,0.0,0.0
468,0.0,,1756139506.7698052,False,10.063054843925519,0.1297546144047554,-0.03759151686958083,0.053591501613817746,0.0,0.0,0.0,0.0
469,0.0,,1756139506.7791603,False,10.184911022050134,0.08378574880187528,-0.03359697843714838,0.059740031296972654,0.0,0.0,0.0,0.0
470,0.0,,1756139506.789786,False,10.379944360169747,0.09469466464461887,0.012072904515798257,0.06326118902256728,0.0,0.0,0.0,0.0
471,0.0,,1756139506.7992194,False,10.484093087208255,0.10650433305568308,0.011039896986428412,0.07254518055502324,0.0,0.0,0.0,0.0
472,0.0,,1756139506.8089633,False,10.548341196457569,0.0774641742227866,0.029044214121203525,0.07942275624951506,0.0,0.0,0.0,0.0
473,0.0,,1756139506.8197582,False,10.585905202783039,0.0665974260106357,0.05023429851972181,0.08624937826019154,0.0,0.0,0.0,0.0
474,0.0,,1756139506.8291655,False,10.71196679663101,0.052530104864697925,0.046632048747511055,0.07661683293360967,0.0,0.0,0.0,0.0
475,0.0,,1756139506.8393126,False,10.674416834345028,0.07383046687557773,0.0649173684750159,0.08737280521135568,0.0,0.0,0.0,0.0
476,0.0,,1756139506.8498936,False,10.601263136943938,0.07836327112567325,0.05496691253626343,0.09063066221350065,0.0,0.0,0.0,0.0
477,0.0,,1756139506.8607948,False,10.644501829757967,0.08319972203664258,0.02476421851916053,0.08589601344850652,0.0,0.0,0.0,0.0
478,0.0,,1756139506.8702369,False,10.658807156185008,0.08279736696766375,0.0027250983153555147,0.08634423146330492,0.0,0.0,0.0,0.0
480,0.0,,1756139506.8889177,False,10.591494687661378,0.0892444945725914,-0.06976830113747075,0.09132733572979072,0.0,0.0,0.0,0.0
481,0.0,,1756139506.9079056,False,10.695963691605165,0.054049484039126114,-0.12075776726698795,0.08645566461813592,0.0,0.0,0.0,0.0
482,0.0,,1756139506.9143708,False,10.679180130134416,0.03706709494342899,-0.17695602135562657,0.0845540450961462,0.0,0.0,0.0,0.0
483,0.0,,1756139506.9209368,False,10.58769945273201,0.03350608575150953,-0.17138422687533442,0.09915079854569857,0.0,0.0,0.0,0.0
484,0.0,,1756139506.9299169,False,10.573621224667251,0.023048049743731196,-0.15413190652193567,0.10609420800817526,0.0,0.0,0.0,0.0
485,0.0,,1756139506.9396324,False,10.629877022780821,0.002154858444952736,-0.16116417199645713,0.10006470758842045,0.0,0.0,0.0,0.0
486,0.0,,1756139506.9497745,False,10.432332777961353,-0.014409608811336749,-0.14786046141744885,0.12418698496436596,0.0,0.0,0.0,0.0
487,0.0,,1756139506.9599335,False,10.335240633618156,-0.04230268396717251,-0.07523413761046727,0.13299891931281263,0.0,0.0,0.0,0.0
488,0.0,,1756139506.9696288,False,10.332601033591931,-0.04987664948433368,-0.06387340991206715,0.13457664306569994,0.0,0.0,0.0,0.0
489,0.0,,1756139506.9805343,False,10.1770228980518,-0.04623113830200817,-0.04271098463633101,0.1486936626150544,0.0,0.0,0.0,0.0
490,0.0,,1756139506.9898014,False,10.127658343256858,-0.05675248537285118,-0.059393510421910184,0.1307889671716893,0.0,0.0,0.0,0.0
491,0.0,,1756139506.999962,False,10.015395632355524,-0.043675897218518556,-0.029159473385436504,0.1540549750388888,0.0,0.0,0.0,0.0
492,0.0,,1756139507.0095975,False,9.904070111929467,-0.036726722877414145,-0.03335097200922818,0.15721962219774302,0.0,0.0,0.0,0.0
493,0.0,,1756139507.019684,False,9.836241703585255,-0.025564650178551723,-0.04915055295434056,0.15651750825031321,0.0,0.0,0.0,0.0
494,0.0,,1756139507.0296657,False,9.705229332417277,-0.04366232760934085,-0.07350905207748484,0.15397075251088635,0.0,0.0,0.0,0.0
495,0.0,,1756139507.0395796,False,9.634406321605201,-0.06687801001185457,-0.09838645796960535,0.15830707735105476,0.0,0.0,0.0,0.0
496,0.0,,1756139507.0506365,False,9.523524569832265,-0.06490001474024297,-0.08363059724631042,0.16358080432717237,0.0,0.0,0.0,0.0
497,0.0,,1756139507.0593688,False,9.464333530941772,-0.050921981638374664,-0.09212915968042332,0.14981215082109856,0.0,0.0,0.0,0.0
498,0.0,,1756139507.0698009,False,9.342383555274703,-0.05536075767005999,-0.08730227232036458,0.14582671884034581,0.0,0.0,0.0,0.0
499,0.0,,1756139507.0807495,False,9.198211251689484,-0.08336782421097508,-0.05177007412878004,0.1519555373274622,0.0,0.0,0.0,0.0
500,0.0,,1756139507.0895903,False,9.07921022691523,-0.08446719542390312,9.646329283738431e-05,0.17129074246357132,0.0,0.0,0.0,0.0
501,0.0,,1756139507.0999143,False,8.88150855618988,-0.09510568736214312,0.005080243326990055,0.16655596317935212,0.0,0.0,0.0,0.0
502,0.0,,1756139507.1098895,False,8.717118909178925,-0.10102196517787994,0.03158270183393565,0.16678785836236618,0.0,0.0,0.0,0.0
503,0.0,,1756139507.119998,False,8.496055682226629,-0.09993794433669753,0.05852667358406936,0.17286598553388902,0.0,0.0,0.0,0.0
504,0.0,,1756139507.1305187,False,8.379186138423208,-0.10127303055783585,0.07374618604670209,0.15542062792954014,0.0,0.0,0.0,0.0
505,0.0,,1756139507.1401634,False,8.152178863588727,-0.09167853509856885,0.05513443522397252,0.15998801444542343,0.0,0.0,0.0,0.0
506,0.0,,1756139507.15012,False,7.962485653312287,-0.1046319224189998,0.05770648741824168,0.14864371387495284,0.0,0.0,0.0,0.0
507,0.0,,1756139507.1611395,False,7.731281606033438,-0.1267523402524987,0.05910419328002933,0.15669135102884357,0.0,0.0,0.0,0.0
508,0.0,,1756139507.1700926,False,7.527129336405556,-0.15677476611757923,0.08003550832079515,0.14795775968699926,0.0,0.0,0.0,0.0
509,0.0,,1756139507.1799073,False,7.379651241593043,-0.14992533626580162,0.0790940028614737,0.1190120877933396,0.0,0.0,0.0,0.0
510,0.0,,1756139507.1905375,False,7.3337984859227,-0.1480216165491646,0.12873193819670684,0.11494784877320116,0.0,0.0,0.0,0.0
511,0.0,,1756139507.2005758,False,7.229942087104993,-0.1468707814364779,0.11832228692547092,0.10946327830773259,0.0,0.0,0.0,0.0
512,0.0,,1756139507.2096698,False,7.471379280899547,-0.10384430126360292,0.20016493074138716,0.10239212831647805,0.0,0.0,0.0,0.0
513,0.0,,1756139507.2201235,False,7.670975285717528,0.08051425343611349,0.2947597551046146,0.10657618376823534,0.0,0.0,0.0,0.0
514,0.0,,1756139507.2297547,False,7.9139940218409155,0.16111039830801843,0.29386162082441847,0.09913155417579322,0.0,0.0,0.0,0.0
515,0.0,,1756139507.2401278,False,8.150452133790779,0.17636313321643024,0.2473264253301219,0.10458817894175601,0.0,0.0,0.0,0.0
516,0.0,,1756139507.2498896,False,8.502238716847906,0.13903742949050085,0.18480930118388877,0.09459359254895663,0.0,0.0,0.0,0.0
517,0.0,,1756139507.2597127,False,8.733771280173073,0.21331749779297687,0.2116104698535156,0.10060854863352695,0.0,0.0,0.0,0.0
518,0.0,,1756139507.2701478,False,9.011538009677448,0.21719255217208594,0.16698606668136584,0.08802841978131423,0.0,0.0,0.0,0.0
519,0.0,,1756139507.2797823,False,9.455351564389082,0.09340699745045222,0.018068016270432002,0.07902238951613552,0.0,0.0,0.0,0.0
520,0.0,,1756139507.2906485,False,9.63555013568429,0.04960334041175918,-0.04364365949896126,0.08542912271616203,0.0,0.0,0.0,0.0
521,0.0,,1756139507.3000922,False,9.907792940859292,0.06171812961102048,-0.04936692080421301,0.07743954955104662,0.0,0.0,0.0,0.0
522,0.0,,1756139507.3095465,False,10.132628228574394,0.09769790736229694,-0.052281554775116076,0.08312458528237039,0.0,0.0,0.0,0.0
523,0.0,,1756139507.319824,False,10.308595704972745,0.01005058714367978,-0.12990946058574837,0.08115413840521829,0.0,0.0,0.0,0.0
524,0.0,,1756139507.329973,False,10.33187664429945,0.004151780832260757,-0.10844204771795024,0.10400332736378302,0.0,0.0,0.0,0.0
525,0.0,,1756139507.3396134,False,10.36375061158968,0.04764960164491698,-0.05763561098070646,0.10785490273200914,0.0,0.0,0.0,0.0
526,0.0,,1756139507.3499243,False,10.503626735759589,0.06488084326675203,-0.05282102062154506,0.10689238051547906,0.0,0.0,0.0,0.0
527,0.0,,1756139507.3594215,False,10.436764169313697,0.05420633146319684,-0.04819539953360462,0.11617748225704072,0.0,0.0,0.0,0.0
528,0.0,,1756139507.3699124,False,10.398603677506353,0.057352643823547045,-0.018058840068220963,0.129254427828921,0.0,0.0,0.0,0.0
529,0.0,,1756139507.3794498,False,10.357128012026507,0.12198732545396729,0.012078516479689867,0.14001230219045224,0.0,0.0,0.0,0.0
530,0.0,,1756139507.3896651,False,10.406667537264113,0.11597098056627259,-0.0036857629353794874,0.12931715662214435,0.0,0.0,0.0,0.0
531,0.0,,1756139507.400095,False,10.378322093003511,0.1066894699877792,-0.0226105293178713,0.13448093911515208,0.0,0.0,0.0,0.0
532,0.0,,1756139507.409816,False,10.365901448351025,0.09797968693491335,-0.019831429653089764,0.12445121466724213,0.0,0.0,0.0,0.0
533,0.0,,1756139507.4198105,False,10.422661704966034,0.10210148414317628,-0.02995005007558496,0.12143211334794869,0.0,0.0,0.0,0.0
534,0.0,,1756139507.429752,False,10.354812433979927,0.08761659027033455,-0.07210361446331093,0.13018886755146736,0.0,0.0,0.0,0.0
535,0.0,,1756139507.439647,False,10.368184015113748,0.025668798665001977,-0.08824540548711582,0.1184273564808551,0.0,0.0,0.0,0.0
536,0.0,,1756139507.4498727,False,10.309780910378919,0.014793757604286233,-0.12076533467329426,0.12567661122383683,0.0,0.0,0.0,0.0
537,0.0,,1756139507.4595027,False,10.303397746800742,-0.006577001785498554,-0.1162699464977637,0.11849449823198718,0.0,0.0,0.0,0.0
538,0.0,,1756139507.4696922,False,10.262625308831026,-0.02813762241994546,-0.134373544626453,0.12432229803361851,0.0,0.0,0.0,0.0
539,0.0,,1756139507.4797947,False,10.178569190769354,-0.05710285898264916,-0.10973666134772658,0.13776674157125443,0.0,0.0,0.0,0.0
540,0.0,,1756139507.4894783,False,10.140916157297465,-0.06750280330236921,-0.1386676887321997,0.12548339040703532,0.0,0.0,0.0,0.0
541,0.0,,1756139507.4999166,False,10.084406848049634,-0.04435042928723198,-0.14839020908998105,0.11828109690176267,0.0,0.0,0.0,0.0
542,0.0,,1756139507.5098734,False,9.98674885339026,-0.05020720502718318,-0.11444908860472341,0.1286130648446259,0.0,0.0,0.0,0.0
543,0.0,,1756139507.5196047,False,9.94202146685571,-0.04606048420438154,-0.054307744033394466,0.14275361712091536,0.0,0.0,0.0,0.0
544,0.0,,1756139507.5297217,False,9.813857752418597,-0.03583059257545479,-0.04440219261444195,0.1416122085399827,0.0,0.0,0.0,0.0
545,0.0,,1756139507.539512,False,9.693407026655953,-0.04837130964288045,-0.001049794709448491,0.15173173928902228,0.0,0.0,0.0,0.0
546,0.0,,1756139507.5500898,False,9.560531330999572,-0.045670384642976514,0.009277848385801146,0.152543268120387,0.0,0.0,0.0,0.0
547,0.0,,1756139507.5596685,False,9.468124184257476,-0.03914937082264198,0.02089376221199263,0.15100551688190172,0.0,0.0,0.0,0.0
548,0.0,,1756139507.5699036,False,9.295211995656667,-0.04366139101958141,0.02911866224644658,0.15386760499906518,0.0,0.0,0.0,0.0
549,0.0,,1756139507.5801995,False,9.170123411340404,-0.07192581034023254,0.0163998147903023,0.1565212200469796,0.0,0.0,0.0,0.0
550,0.0,,1756139507.5896702,False,9.03989238475678,-0.10254573465086138,0.028804661332787782,0.15287996593047692,0.0,0.0,0.0,0.0
551,0.0,,1756139507.5998845,False,8.889280032592243,-0.1265104561918295,0.021803186608505647,0.1488246257073599,0.0,0.0,0.0,0.0
552,0.0,,1756139507.609833,False,8.717416358431192,-0.14322318405948364,0.026878089995874994,0.15778597373615189,0.0,0.0,0.0,0.0
553,0.0,,1756139507.6199927,False,8.564459016863367,-0.14420938084431476,0.02549515640442225,0.1281236786749509,0.0,0.0,0.0,0.0
554,0.0,,1756139507.6311076,False,8.43589392453226,-0.14645984128042078,0.014562187221821623,0.11328054310803713,0.0,0.0,0.0,0.0
555,0.0,,1756139507.6397974,False,8.295347622091166,-0.14977933089458711,0.06113335682812522,0.10936529397072724,0.0,0.0,0.0,0.0
556,0.0,,1756139507.6501944,False,8.103982787004979,-0.14458102170067144,0.10439435355775815,0.12033804259687753,0.0,0.0,0.0,0.0
557,0.0,,1756139507.6593516,False,7.9526557970639296,-0.1416289415598727,0.11779864264514611,0.10731222331154172,0.0,0.0,0.0,0.0
558,0.0,,1756139507.6698987,False,7.088235357590616,-0.6911767075772783,0.6082198124015166,0.3275021826457559,0.0,0.0,0.0,0.0
559,0.0,,1756139507.6800663,False,6.239095147497905,-0.9570094304011724,0.5264760373045911,0.28986578573234284,0.0,0.0,0.0,0.0
560,0.0,,1756139507.6895542,False,5.419208609407127,-1.135174301155393,0.3732759707444473,0.7744079838972667,0.0,0.0,0.0,0.0
561,0.0,,1756139507.7000465,False,4.556950955019608,-0.8990594073104952,-0.23463837018194358,1.2857649349535203,0.0,0.0,0.0,0.0
562,0.0,,1756139507.709349,False,3.7454909769940308,-0.29259893920209545,-1.288755090025086,1.7669966157114934,0.0,0.0,0.0,0.0
563,0.0,,1756139507.7196567,False,2.890622009094336,0.2101983924661709,-1.8333448489086206,2.273971748670222,0.0,0.0,0.0,0.0
564,0.0,,1756139507.7302015,False,2.0262952941755015,-0.2527218040527149,-1.5472715842965696,2.746145907375208,0.0,0.0,0.0,0.0
565,0.0,,1756139507.7405033,False,1.1716678471897115,-1.4544220992909898,-1.578041522819452,2.745294702011005,0.0,0.0,0.0,0.0
566,0.0,,1756139507.7501426,False,0.3493642616914721,-2.9136376861577844,-2.389327493441495,2.9393151865567746,0.0,0.0,0.0,0.0
567,0.0,,1756139507.759873,False,0.10319127290458684,-3.888777463174733,-3.042120038963376,3.1872754573564706,0.0,0.0,0.0,0.0
568,0.0,,1756139507.770387,False,0.027649591093072738,-4.346405353258768,-3.125444328368644,3.5161674445969875,0.0,0.0,0.0,0.0
569,0.0,,1756139507.779826,False,0.008508307848426733,-4.6050982068658355,-3.2683863476694084,3.6086111491992514,0.0,0.0,0.0,0.0
570,0.0,,1756139507.7906778,False,0.002202699006822049,-4.6056057468715075,-3.509596512471427,3.6246269539599467,0.0,0.0,0.0,0.0
571,0.0,,1756139507.8005402,False,0.0006486421274012629,-3.11769045427886,-2.0216812198787792,3.5538806567817156,0.0,0.0,0.0,0.0
572,0.0,,1756139507.8107371,False,0.0002037502331127001,-1.6048103532217097,-0.5088011188216288,3.092852419439356,0.0,0.0,0.0,0.0
573,0.0,,1756139507.8206472,False,6.697631382649928e-05,-0.11327183164732946,0.9827374027527513,3.1282725785791823,0.0,0.0,0.0,0.0
574,0.0,,1756139507.8303187,False,5.441390853719136e-05,1.3599128610646585,2.455922095464739,2.637211014341853,0.0,0.0,0.0,0.0
575,0.0,,1756139507.8414392,False,5.130656933966538e-05,2.936518068871128,4.032527303271208,2.9923420492463944,0.0,0.0,0.0,0.0
576,0.0,,1756139507.8506918,False,3.61361511198067e-05,4.376125801639493,4.361591329535796,3.4108538757334097,0.0,0.0,0.0,0.0
577,0.0,,1756139507.8613322,False,3.191040490014459e-05,5.920525389130223,2.8171917420450656,3.664467698682177,0.0,0.0,0.0,0.0
578,0.0,,1756139507.8719246,False,6.005969820659277e-05,5.82979021885033,1.2761142606459164,3.7617231338260324,0.0,0.0,0.0,0.0
579,0.0,,1756139507.8804731,False,8.827476551618468e-05,4.450753817567575,-0.1029221406368388,3.872818917893257,0.0,0.0,0.0,0.0
580,0.0,,1756139507.8910022,False,6.984076289247602e-05,2.9141036244654686,-1.6395723337389456,3.9601443510640726,0.0,0.0,0.0,0.0
581,0.0,,1756139507.9015365,False,7.608742676830265e-05,1.3770859247706109,-3.1765900334338033,3.9858167565421883,0.0,0.0,0.0,0.0
582,0.0,,1756139507.9130719,False,4.560067939710918e-05,-0.22582085889227338,-4.779496817096688,3.991185702366674,0.0,0.0,0.0,0.0
583,0.0,,1756139507.9254336,False,2.4398835907518676e-05,-1.877204844555529,-6.430880802759944,3.9893894500533245,0.0,0.0,0.0,0.0
584,0.0,,1756139507.9337,False,1.4679090322828824e-05,-3.230431856763065,-7.140060385339111,3.984347638913169,0.0,0.0,0.0,0.0
585,0.0,,1756139507.9448638,False,8.900769609144921e-06,-4.809837367902195,-5.56065487419998,3.9751261427783056,0.0,0.0,0.0,0.0
586,0.0,,1756139507.9517035,False,5.7913271889784305e-06,-4.957204976215298,-4.352963974885796,3.9566785558003783,0.0,0.0,0.0,0.0
587,0.0,,1756139507.9620001,False,4.134321571674243e-06,-3.4370876754794804,-2.8328466741499785,3.9330816991625914,0.0,0.0,0.0,0.0
588,0.0,,1756139507.9716547,False,5.338078896852417e-06,-1.965225827981001,-1.3609848266514992,3.8555416251366594,0.0,0.0,0.0,0.0
589,0.0,,1756139507.985778,False,1.3530532316647958e-05,-0.2258656876699658,0.37837531365953603,3.576516560845011,0.0,0.0,0.0,0.0
590,0.0,,1756139507.9936512,False,8.703991389456829e-06,1.089800986142111,1.6940419874716128,3.7512926198687264,0.0,0.0,0.0,0.0
591,0.0,,1756139508.0046203,False,6.567051613789551e-06,2.6564609595920494,3.2607019609215513,3.882073081282507,0.0,0.0,0.0,0.0
592,0.0,,1756139508.0113437,False,6.156461164494621e-06,3.851092337151115,4.455333338480617,3.918495492797832,0.0,0.0,0.0,0.0
593,0.0,,1756139508.0215569,False,1.6923163961158283e-05,5.3651559633057815,5.001893471013483,3.9248588095609396,0.0,0.0,0.0,0.0
594,0.0,,1756139508.0310879,False,5.8175124236586775e-05,5.902086485392483,3.53976843284358,3.94510562261676,0.0,0.0,0.0,0.0
595,0.0,,1756139508.041954,False,0.0005844404995644579,4.342301362632204,1.979983310083301,3.963431052669324,0.0,0.0,0.0,0.0
596,0.0,,1756139508.0511687,False,0.0008613526011257554,2.9058203011022172,0.543502248553314,3.9822751089677033,0.0,0.0,0.0,0.0
597,0.0,,1756139508.0641432,False,0.0014467124740335877,1.2216052525108134,-1.1407128000380897,3.9938088286575018,0.0,0.0,0.0,0.0
598,0.0,,1756139508.071173,False,0.0007784653209653079,-0.007008080512561965,-2.369326133061465,3.996181662512076,0.0,0.0,0.0,0.0
554,0.0,,1756139507.6311076,False,8.43589392453226,-0.14645984128042078,0.014562187221821623,0.11328054310803713,0.0,0.0,0.0,0.0
555,0.0,,1756139507.6397974,False,8.295347622091166,-0.14977933089458711,0.06113335682812522,0.10936529397072724,0.0,0.0,0.0,0.0
556,0.0,,1756139507.6501944,False,8.103982787004979,-0.14458102170067144,0.10439435355775815,0.12033804259687753,0.0,0.0,0.0,0.0
557,0.0,,1756139507.6593516,False,7.9526557970639296,-0.1416289415598727,0.11779864264514611,0.10731222331154172,0.0,0.0,0.0,0.0
558,0.0,,1756139507.6698987,False,7.088235357590616,-0.6911767075772783,0.6082198124015166,0.3275021826457559,0.0,0.0,0.0,0.0
559,0.0,,1756139507.6800663,False,6.239095147497905,-0.9570094304011724,0.5264760373045911,0.28986578573234284,0.0,0.0,0.0,0.0
560,0.0,,1756139507.6895542,False,5.419208609407127,-1.135174301155393,0.3732759707444473,0.7744079838972667,0.0,0.0,0.0,0.0
561,0.0,,1756139507.7000465,False,4.556950955019608,-0.8990594073104952,-0.23463837018194358,1.2857649349535203,0.0,0.0,0.0,0.0
562,0.0,,1756139507.709349,False,3.7454909769940308,-0.29259893920209545,-1.288755090025086,1.7669966157114934,0.0,0.0,0.0,0.0
563,0.0,,1756139507.7196567,False,2.890622009094336,0.2101983924661709,-1.8333448489086206,2.273971748670222,0.0,0.0,0.0,0.0
564,0.0,,1756139507.7302015,False,2.0262952941755015,-0.2527218040527149,-1.5472715842965696,2.746145907375208,0.0,0.0,0.0,0.0
565,0.0,,1756139507.7405033,False,1.1716678471897115,-1.4544220992909898,-1.578041522819452,2.745294702011005,0.0,0.0,0.0,0.0
566,0.0,,1756139507.7501426,False,0.3493642616914721,-2.9136376861577844,-2.389327493441495,2.9393151865567746,0.0,0.0,0.0,0.0
567,0.0,,1756139507.759873,False,0.10319127290458684,-3.888777463174733,-3.042120038963376,3.1872754573564706,0.0,0.0,0.0,0.0
568,0.0,,1756139507.770387,False,0.027649591093072738,-4.346405353258768,-3.125444328368644,3.5161674445969875,0.0,0.0,0.0,0.0
569,0.0,,1756139507.779826,False,0.008508307848426733,-4.6050982068658355,-3.2683863476694084,3.6086111491992514,0.0,0.0,0.0,0.0
570,0.0,,1756139507.7906778,False,0.002202699006822049,-4.6056057468715075,-3.509596512471427,3.6246269539599467,0.0,0.0,0.0,0.0
571,0.0,,1756139507.8005402,False,0.0006486421274012629,-3.11769045427886,-2.0216812198787792,3.5538806567817156,0.0,0.0,0.0,0.0
572,0.0,,1756139507.8107371,False,0.0002037502331127001,-1.6048103532217097,-0.5088011188216288,3.092852419439356,0.0,0.0,0.0,0.0
573,0.0,,1756139507.8206472,False,6.697631382649928e-05,-0.11327183164732946,0.9827374027527513,3.1282725785791823,0.0,0.0,0.0,0.0
574,0.0,,1756139507.8303187,False,5.441390853719136e-05,1.3599128610646585,2.455922095464739,2.637211014341853,0.0,0.0,0.0,0.0
575,0.0,,1756139507.8414392,False,5.130656933966538e-05,2.936518068871128,4.032527303271208,2.9923420492463944,0.0,0.0,0.0,0.0
576,0.0,,1756139507.8506918,False,3.61361511198067e-05,4.376125801639493,4.361591329535796,3.4108538757334097,0.0,0.0,0.0,0.0
577,0.0,,1756139507.8613322,False,3.191040490014459e-05,5.920525389130223,2.8171917420450656,3.664467698682177,0.0,0.0,0.0,0.0
578,0.0,,1756139507.8719246,False,6.005969820659277e-05,5.82979021885033,1.2761142606459164,3.7617231338260324,0.0,0.0,0.0,0.0
579,0.0,,1756139507.8804731,False,8.827476551618468e-05,4.450753817567575,-0.1029221406368388,3.872818917893257,0.0,0.0,0.0,0.0
580,0.0,,1756139507.8910022,False,6.984076289247602e-05,2.9141036244654686,-1.6395723337389456,3.9601443510640726,0.0,0.0,0.0,0.0
581,0.0,,1756139507.9015365,False,7.608742676830265e-05,1.3770859247706109,-3.1765900334338033,3.9858167565421883,0.0,0.0,0.0,0.0
582,0.0,,1756139507.9130719,False,4.560067939710918e-05,-0.22582085889227338,-4.779496817096688,3.991185702366674,0.0,0.0,0.0,0.0
583,0.0,,1756139507.9254336,False,2.4398835907518676e-05,-1.877204844555529,-6.430880802759944,3.9893894500533245,0.0,0.0,0.0,0.0
584,0.0,,1756139507.9337,False,1.4679090322828824e-05,-3.230431856763065,-7.140060385339111,3.984347638913169,0.0,0.0,0.0,0.0
585,0.0,,1756139507.9448638,False,8.900769609144921e-06,-4.809837367902195,-5.56065487419998,3.9751261427783056,0.0,0.0,0.0,0.0
586,0.0,,1756139507.9517035,False,5.7913271889784305e-06,-4.957204976215298,-4.352963974885796,3.9566785558003783,0.0,0.0,0.0,0.0
587,0.0,,1756139507.9620001,False,4.134321571674243e-06,-3.4370876754794804,-2.8328466741499785,3.9330816991625914,0.0,0.0,0.0,0.0
588,0.0,,1756139507.9716547,False,5.338078896852417e-06,-1.965225827981001,-1.3609848266514992,3.8555416251366594,0.0,0.0,0.0,0.0
589,0.0,,1756139507.985778,False,1.3530532316647958e-05,-0.2258656876699658,0.37837531365953603,3.576516560845011,0.0,0.0,0.0,0.0
590,0.0,,1756139507.9936512,False,8.703991389456829e-06,1.089800986142111,1.6940419874716128,3.7512926198687264,0.0,0.0,0.0,0.0
591,0.0,,1756139508.0046203,False,6.567051613789551e-06,2.6564609595920494,3.2607019609215513,3.882073081282507,0.0,0.0,0.0,0.0
592,0.0,,1756139508.0113437,False,6.156461164494621e-06,3.851092337151115,4.455333338480617,3.918495492797832,0.0,0.0,0.0,0.0
593,0.0,,1756139508.0215569,False,1.6923163961158283e-05,5.3651559633057815,5.001893471013483,3.9248588095609396,0.0,0.0,0.0,0.0
594,0.0,,1756139508.0310879,False,5.8175124236586775e-05,5.902086485392483,3.53976843284358,3.94510562261676,0.0,0.0,0.0,0.0
595,0.0,,1756139508.041954,False,0.0005844404995644579,4.342301362632204,1.979983310083301,3.963431052669324,0.0,0.0,0.0,0.0
596,0.0,,1756139508.0511687,False,0.0008613526011257554,2.9058203011022172,0.543502248553314,3.9822751089677033,0.0,0.0,0.0,0.0
597,0.0,,1756139508.0641432,False,0.0014467124740335877,1.2216052525108134,-1.1407128000380897,3.9938088286575018,0.0,0.0,0.0,0.0
598,0.0,,1756139508.071173,False,0.0007784653209653079,-0.007008080512561965,-2.369326133061465,3.996181662512076,0.0,0.0,0.0,0.0
599,0.0,,1756139513.1303484,False,8.967842755937706,0.3632152638232207,-1.4983095543739526,0.1298464420216383,0.0,0.0,0.0,0.0
600,0.0,,1756139513.1510174,False,9.966301649846086,0.5967896123810333,-2.6413662366154917,-0.09511471663911067,0.0,0.0,0.0,0.0
601,0.0,,1756139513.1604385,False,9.14942520730666,2.050121264194618,-1.1880345848019067,0.3893291672987511,0.0,0.0,0.0,0.0
602,0.0,,1756139513.1677108,False,9.199420836090788,2.387916394180872,0.06656117404983103,-0.02886941898516157,0.0,0.0,0.0,0.0
603,0.0,,1756139513.1745622,False,8.519880948393837,3.5969080801079176,1.2755528599768764,0.37412780965718695,0.0,0.0,0.0,0.0
604,0.0,,1756139513.180707,False,9.153205402286453,2.4701397871597868,0.9820377733789732,-0.0014616213255234933,0.0,0.0,0.0,0.0
605,0.0,,1756139513.1918445,False,10.039988840930476,0.8924343073947169,-0.5956677063860966,-0.1642080293976133,0.0,0.0,0.0,0.0
606,0.0,,1756139513.2008128,False,9.244207458698641,-0.5233664312410673,-2.011468445021881,0.30772555014764813,0.0,0.0,0.0,0.0
607,0.0,,1756139513.2100723,False,8.434725208531397,-1.9635428330627622,-3.4516448468435756,0.7877843507548798,0.0,0.0,0.0,0.0
608,0.0,,1756139513.220139,False,8.699243616278835,-3.4668320076118784,-1.948355672294459,0.28668795923850754,0.0,0.0,0.0,0.0
609,0.0,,1756139513.230417,False,9.55290316854924,-3.563758407526821,-0.42958198440259365,-0.21956993672544772,0.0,0.0,0.0,0.0
610,0.0,,1756139513.240078,False,10.380477846417794,-2.0913931746075844,1.0427832485166433,-0.2768637548001255,0.0,0.0,0.0,0.0
611,0.0,,1756139513.2502313,False,11.229027794786564,-1.198836860316887,1.119999900874655,-0.20122423129056022,0.0,0.0,0.0,0.0
612,0.0,,1756139513.2604635,False,10.377234748957074,-0.9928988156554446,1.3995564045197142,0.03433535282999918,0.0,0.0,0.0,0.0
613,0.0,,1756139513.2698479,False,9.56202465410671,-0.8427812671399295,1.3938822476454709,-0.13611329918256992,0.0,0.0,0.0,0.0
614,0.0,,1756139513.2801974,False,9.554501469008109,-0.8135582005423561,1.2364385831164908,-0.2417533731918449,0.0,0.0,0.0,0.0
615,0.0,,1756139513.29163,False,9.73905449210855,-0.5139463620237062,1.1533440341741814,-0.28883621039206914,0.0,0.0,0.0,0.0
616,0.0,,1756139513.300094,False,9.732764760858185,-0.303625655530909,0.8890460043592867,-0.3156977741363695,0.0,0.0,0.0,0.0
617,0.0,,1756139513.3104584,False,9.36956753744001,0.20846264731893724,0.5556051730500005,-0.336764006557591,0.0,0.0,0.0,0.0
618,0.0,,1756139513.3200724,False,9.96224387754093,0.5428082659805823,0.2978780186313974,-0.45318495523291347,0.0,0.0,0.0,0.0
619,0.0,,1756139513.3299878,False,10.534056768594008,0.5717986930807861,-0.05244924866867731,-0.5210071328984317,0.0,0.0,0.0,0.0
620,0.0,,1756139513.3406181,False,10.973839833285165,0.20572024756448914,-0.3227958928739498,-0.5163068684926756,0.0,0.0,0.0,0.0
621,0.0,,1756139513.3496394,False,11.515667124637547,-0.25561607105101136,-0.3833582490011478,-0.4350824062614521,0.0,0.0,0.0,0.0
622,0.0,,1756139513.3601398,False,12.303896715392582,-0.7338839081138057,-0.41589916290925844,-0.3153294472904296,0.0,0.0,0.0,0.0
623,0.0,,1756139513.3698463,False,12.810774592188372,-1.2374826471053102,-0.4604798998924451,-0.14719608013156738,0.0,0.0,0.0,0.0
624,0.0,,1756139513.3799915,False,11.982180606401542,-1.3581003060172638,-0.5330388902360109,-0.04125217842131347,0.0,0.0,0.0,0.0
625,0.0,,1756139513.3904371,False,11.24708581238046,-1.2673595027514877,-0.47780993173470776,-0.03182089368096934,0.0,0.0,0.0,0.0
626,0.0,,1756139513.4009292,False,11.10192915214379,-1.034564110519295,-0.39004293786930055,-0.0467207163078633,0.0,0.0,0.0,0.0
627,0.0,,1756139513.4099243,False,11.147044532062354,-0.7372926255638418,-0.15620731053335155,-0.005179482200570892,0.0,0.0,0.0,0.0
628,0.0,,1756139513.4201615,False,11.032708866728921,-0.3061426115702599,0.22863620437717477,0.0644043455224551,0.0,0.0,0.0,0.0
629,0.0,,1756139513.4298608,False,11.162872717988831,-0.015721584060013075,0.5622129600442964,0.10595991647980982,0.0,0.0,0.0,0.0
630,0.0,,1756139513.440046,False,11.465299554371468,0.3395785003938412,0.7509912954779114,0.17243839683831008,0.0,0.0,0.0,0.0
631,0.0,,1756139513.4504704,False,11.346207818850035,0.545731363945211,0.6847631747003715,0.19991121083976238,0.0,0.0,0.0,0.0
632,0.0,,1756139513.459892,False,11.032229419758957,0.6550767627624905,0.4349611421941464,0.21846168442861513,0.0,0.0,0.0,0.0
633,0.0,,1756139513.4698715,False,11.061472732750937,0.6560793065109386,0.12201883775645352,0.2163435531711753,0.0,0.0,0.0,0.0
634,0.0,,1756139513.4804869,False,11.471901724127424,0.5256929488063173,-0.16452268155437783,0.24483807351670167,0.0,0.0,0.0,0.0
635,0.0,,1756139513.489839,False,11.565025030079065,0.19756616809553207,-0.43930620607722,0.27560085555651936,0.0,0.0,0.0,0.0
636,0.0,,1756139513.500544,False,11.370036314040252,-0.25705242601790623,-0.5205633602017786,0.34167598429265655,0.0,0.0,0.0,0.0
637,0.0,,1756139513.5099645,False,11.085346515113969,-0.678596044306932,-0.5438631485848765,0.3603441193006371,0.0,0.0,0.0,0.0
638,0.0,,1756139513.5201313,False,11.258514120961056,-0.8943011381181911,-0.5249367316737048,0.4611789371273098,0.0,0.0,0.0,0.0
639,0.0,,1756139513.53071,False,10.548164710470711,-0.7378283560521959,-0.47943448104742004,0.510559159971368,0.0,0.0,0.0,0.0
640,0.0,,1756139513.54003,False,9.936455378361781,-0.48210245308011723,-0.3226112657165877,0.5208787692860615,0.0,0.0,0.0,0.0
599,0.0,,1756139513.1303484,False,8.967842755937706,0.3632152638232207,-1.4983095543739526,0.1298464420216383,0.0,0.0,0.0,0.0
600,0.0,,1756139513.1510174,False,9.966301649846086,0.5967896123810333,-2.6413662366154917,-0.09511471663911067,0.0,0.0,0.0,0.0
601,0.0,,1756139513.1604385,False,9.14942520730666,2.050121264194618,-1.1880345848019067,0.3893291672987511,0.0,0.0,0.0,0.0
602,0.0,,1756139513.1677108,False,9.199420836090788,2.387916394180872,0.06656117404983103,-0.02886941898516157,0.0,0.0,0.0,0.0
603,0.0,,1756139513.1745622,False,8.519880948393837,3.5969080801079176,1.2755528599768764,0.37412780965718695,0.0,0.0,0.0,0.0
604,0.0,,1756139513.180707,False,9.153205402286453,2.4701397871597868,0.9820377733789732,-0.0014616213255234933,0.0,0.0,0.0,0.0
605,0.0,,1756139513.1918445,False,10.039988840930476,0.8924343073947169,-0.5956677063860966,-0.1642080293976133,0.0,0.0,0.0,0.0
606,0.0,,1756139513.2008128,False,9.244207458698641,-0.5233664312410673,-2.011468445021881,0.30772555014764813,0.0,0.0,0.0,0.0
607,0.0,,1756139513.2100723,False,8.434725208531397,-1.9635428330627622,-3.4516448468435756,0.7877843507548798,0.0,0.0,0.0,0.0
608,0.0,,1756139513.220139,False,8.699243616278835,-3.4668320076118784,-1.948355672294459,0.28668795923850754,0.0,0.0,0.0,0.0
609,0.0,,1756139513.230417,False,9.55290316854924,-3.563758407526821,-0.42958198440259365,-0.21956993672544772,0.0,0.0,0.0,0.0
610,0.0,,1756139513.240078,False,10.380477846417794,-2.0913931746075844,1.0427832485166433,-0.2768637548001255,0.0,0.0,0.0,0.0
611,0.0,,1756139513.2502313,False,11.229027794786564,-1.198836860316887,1.119999900874655,-0.20122423129056022,0.0,0.0,0.0,0.0
612,0.0,,1756139513.2604635,False,10.377234748957074,-0.9928988156554446,1.3995564045197142,0.03433535282999918,0.0,0.0,0.0,0.0
613,0.0,,1756139513.2698479,False,9.56202465410671,-0.8427812671399295,1.3938822476454709,-0.13611329918256992,0.0,0.0,0.0,0.0
614,0.0,,1756139513.2801974,False,9.554501469008109,-0.8135582005423561,1.2364385831164908,-0.2417533731918449,0.0,0.0,0.0,0.0
615,0.0,,1756139513.29163,False,9.73905449210855,-0.5139463620237062,1.1533440341741814,-0.28883621039206914,0.0,0.0,0.0,0.0
616,0.0,,1756139513.300094,False,9.732764760858185,-0.303625655530909,0.8890460043592867,-0.3156977741363695,0.0,0.0,0.0,0.0
617,0.0,,1756139513.3104584,False,9.36956753744001,0.20846264731893724,0.5556051730500005,-0.336764006557591,0.0,0.0,0.0,0.0
618,0.0,,1756139513.3200724,False,9.96224387754093,0.5428082659805823,0.2978780186313974,-0.45318495523291347,0.0,0.0,0.0,0.0
619,0.0,,1756139513.3299878,False,10.534056768594008,0.5717986930807861,-0.05244924866867731,-0.5210071328984317,0.0,0.0,0.0,0.0
620,0.0,,1756139513.3406181,False,10.973839833285165,0.20572024756448914,-0.3227958928739498,-0.5163068684926756,0.0,0.0,0.0,0.0
621,0.0,,1756139513.3496394,False,11.515667124637547,-0.25561607105101136,-0.3833582490011478,-0.4350824062614521,0.0,0.0,0.0,0.0
622,0.0,,1756139513.3601398,False,12.303896715392582,-0.7338839081138057,-0.41589916290925844,-0.3153294472904296,0.0,0.0,0.0,0.0
623,0.0,,1756139513.3698463,False,12.810774592188372,-1.2374826471053102,-0.4604798998924451,-0.14719608013156738,0.0,0.0,0.0,0.0
624,0.0,,1756139513.3799915,False,11.982180606401542,-1.3581003060172638,-0.5330388902360109,-0.04125217842131347,0.0,0.0,0.0,0.0
625,0.0,,1756139513.3904371,False,11.24708581238046,-1.2673595027514877,-0.47780993173470776,-0.03182089368096934,0.0,0.0,0.0,0.0
626,0.0,,1756139513.4009292,False,11.10192915214379,-1.034564110519295,-0.39004293786930055,-0.0467207163078633,0.0,0.0,0.0,0.0
627,0.0,,1756139513.4099243,False,11.147044532062354,-0.7372926255638418,-0.15620731053335155,-0.005179482200570892,0.0,0.0,0.0,0.0
628,0.0,,1756139513.4201615,False,11.032708866728921,-0.3061426115702599,0.22863620437717477,0.0644043455224551,0.0,0.0,0.0,0.0
629,0.0,,1756139513.4298608,False,11.162872717988831,-0.015721584060013075,0.5622129600442964,0.10595991647980982,0.0,0.0,0.0,0.0
630,0.0,,1756139513.440046,False,11.465299554371468,0.3395785003938412,0.7509912954779114,0.17243839683831008,0.0,0.0,0.0,0.0
631,0.0,,1756139513.4504704,False,11.346207818850035,0.545731363945211,0.6847631747003715,0.19991121083976238,0.0,0.0,0.0,0.0
632,0.0,,1756139513.459892,False,11.032229419758957,0.6550767627624905,0.4349611421941464,0.21846168442861513,0.0,0.0,0.0,0.0
633,0.0,,1756139513.4698715,False,11.061472732750937,0.6560793065109386,0.12201883775645352,0.2163435531711753,0.0,0.0,0.0,0.0
634,0.0,,1756139513.4804869,False,11.471901724127424,0.5256929488063173,-0.16452268155437783,0.24483807351670167,0.0,0.0,0.0,0.0
635,0.0,,1756139513.489839,False,11.565025030079065,0.19756616809553207,-0.43930620607722,0.27560085555651936,0.0,0.0,0.0,0.0
636,0.0,,1756139513.500544,False,11.370036314040252,-0.25705242601790623,-0.5205633602017786,0.34167598429265655,0.0,0.0,0.0,0.0
637,0.0,,1756139513.5099645,False,11.085346515113969,-0.678596044306932,-0.5438631485848765,0.3603441193006371,0.0,0.0,0.0,0.0
638,0.0,,1756139513.5201313,False,11.258514120961056,-0.8943011381181911,-0.5249367316737048,0.4611789371273098,0.0,0.0,0.0,0.0
639,0.0,,1756139513.53071,False,10.548164710470711,-0.7378283560521959,-0.47943448104742004,0.510559159971368,0.0,0.0,0.0,0.0
640,0.0,,1756139513.54003,False,9.936455378361781,-0.48210245308011723,-0.3226112657165877,0.5208787692860615,0.0,0.0,0.0,0.0
641,0.0,,1756139513.5502727,False,9.727568848039175,-0.1959005829918843,-0.20737582159589107,0.5159682105537396,0.0,0.0,0.0,0.0
642,0.0,,1756139513.561163,False,9.797487499367687,0.2857298204695729,-0.06935996785347931,0.6040646530543582,0.0,0.0,0.0,0.0
643,0.0,,1756139513.5705318,False,9.582405437006116,0.7616154542539894,0.036474097306245686,0.6782763275017243,0.0,0.0,0.0,0.0
644,0.0,,1756139513.580121,False,9.495835577016525,0.8632056996143169,0.19464034381106288,0.718853942792218,0.0,0.0,0.0,0.0
646,0.0,,1756139513.6002939,False,8.981814618032885,0.8648962593866734,0.18662686909102985,0.8178736345303212,0.0,0.0,0.0,0.0
647,0.0,,1756139513.610681,False,8.242704345476875,0.7036705432329803,0.14357870329489975,0.8129148731738495,0.0,0.0,0.0,0.0
648,0.0,,1756139513.6201692,False,7.861865192260231,0.6381284304069315,0.015192000033082489,0.9233087402920709,0.0,0.0,0.0,0.0
649,0.0,,1756139513.6309912,False,7.2531340271115265,0.11225128421278652,-0.19532159100208937,0.9477607888940746,0.0,0.0,0.0,0.0
650,0.0,,1756139513.6401174,False,6.449862157436208,-0.21102969868267013,-0.22096525442102916,0.9135814052658218,0.0,0.0,0.0,0.0
651,0.0,,1756139513.650262,False,5.631985707260133,-0.6987924228333113,-0.334678677539917,0.9059164549067745,0.0,0.0,0.0,0.0
652,0.0,,1756139513.6610055,False,5.402247395350935,-1.0334013856515694,-0.4684488222250688,0.8517063280694644,0.0,0.0,0.0,0.0
653,0.0,,1756139513.6699417,False,4.791314252861272,-1.0318901264080373,-0.5522394774695423,0.8111942043214508,0.0,0.0,0.0,0.0
654,0.0,,1756139513.680015,False,4.461631917773473,-0.9861182883194273,-0.5359978174878778,0.7276408588960659,0.0,0.0,0.0,0.0
655,0.0,,1756139513.6907666,False,4.572767029608325,-0.4665614821859195,-0.4477404317746798,0.6103158445110335,0.0,0.0,0.0,0.0
656,0.0,,1756139513.7001987,False,4.5514881199021175,0.13564490981242622,-0.41787835696359965,0.5470382435828699,0.0,0.0,0.0,0.0
657,0.0,,1756139513.710274,False,4.615123762243308,0.995053710560837,-0.2877351422479234,0.5041781015040026,0.0,0.0,0.0,0.0
658,0.0,,1756139513.7208529,False,4.418368685702867,1.5815295341462627,-0.19859376094069675,0.5389542921275365,0.0,0.0,0.0,0.0
659,0.0,,1756139513.7305715,False,4.420442018819085,1.8915771222985889,-0.08536421825835211,0.4968527513005311,0.0,0.0,0.0,0.0
660,0.0,,1756139513.7400165,False,4.08615074749019,2.8184694746309904,-1.5406136578799117,0.9819358978410512,0.0,0.0,0.0,0.0
661,0.0,,1756139513.7504177,False,3.2275182932276794,4.1554361527259385,-3.068234798691372,1.491142944778205,0.0,0.0,0.0,0.0
662,0.0,,1756139513.7592273,False,2.439424075583215,2.7533119005521676,-4.470359050865143,1.9585176955027954,0.0,0.0,0.0,0.0
663,0.0,,1756139513.7711425,False,1.5256006781090052,1.1274987438053996,-6.096172207611911,2.500455414418385,0.0,0.0,0.0,0.0
664,0.0,,1756139513.780915,False,0.6931579224416055,-0.3535274458756209,-7.410364851113471,2.9941308109787252,0.0,0.0,0.0,0.0
665,0.0,,1756139513.7905242,False,0.20720887740288949,-1.8218354129211511,-7.69223039669809,3.483566799993902,0.0,0.0,0.0,0.0
666,0.0,,1756139513.8007505,False,0.0573205339104696,-2.775753112282326,-7.376035667124599,3.8571382311198743,0.0,0.0,0.0,0.0
667,0.0,,1756139513.8099186,False,0.01811165142301635,-1.3431270383470064,-5.94340959318928,3.954859761709935,0.0,0.0,0.0,0.0
668,0.0,,1756139513.820097,False,0.005040519199804724,0.16839251730426041,-4.431890037538013,3.987437355519349,0.0,0.0,0.0,0.0
669,0.0,,1756139513.8327546,False,0.0010272679906610095,1.8359456688585283,-2.7643368859837447,3.9974397076885397,0.0,0.0,0.0,0.0
670,0.0,,1756139513.8399897,False,0.00041383812650517534,3.086607146515399,-1.5136754083268744,3.9989685782258255,0.0,0.0,0.0,0.0
671,0.0,,1756139513.850565,False,0.00010956787265481705,4.626489744693929,0.02620718985165582,3.999726920546059,0.0,0.0,0.0,0.0
672,0.0,,1756139513.8587418,False,3.921333060516943e-05,5.971320165597606,1.3710376107553328,3.9999022673832263,0.0,0.0,0.0,0.0
673,0.0,,1756139513.8689313,False,1.0897814291724192e-05,7.061027454519767,2.883377362910851,3.9999728390348026,0.0,0.0,0.0,0.0
674,0.0,,1756139513.8786013,False,3.232939549440766e-06,5.587954442724495,1.4103043511155793,3.9999919424431143,0.0,0.0,0.0,0.0
675,0.0,,1756139513.8889408,False,8.816960445300993e-07,4.064748454517713,-0.11290163709120293,3.999997802521227,0.0,0.0,0.0,0.0
676,0.0,,1756139513.8989239,False,2.514737757683928e-07,2.5677082428684637,-1.6099418487404524,3.999999373244002,0.0,0.0,0.0,0.0
677,0.0,,1756139513.9084725,False,7.574846606032268e-08,1.104182963166645,-3.0734671284422714,3.999999811209716,0.0,0.0,0.0,0.0
678,0.0,,1756139513.9191728,False,1.9742786019272042e-08,-0.4443371334748617,-4.621987225083778,3.9999999507944333,0.0,0.0,0.0,0.0
679,0.0,,1756139513.9289737,False,5.761335850170164e-09,-1.927546277814319,-6.105196369423235,3.9999999856408417,0.0,0.0,0.0,0.0
680,0.0,,1756139513.9387677,False,1.6827332889024926e-09,-3.4102241586177886,-7.438255130515527,3.9999999958060712,0.0,0.0,0.0,0.0
681,0.0,,1756139513.9495914,False,4.318270247469668e-10,-4.96715060113741,-6.973741023017903,3.999999998923744,0.0,0.0,0.0,0.0
682,0.0,,1756139513.9588413,False,1.3505001188583377e-10,-3.5277586997077734,-5.534349121588265,3.9999999996634106,0.0,0.0,0.0,0.0
683,0.0,,1756139513.9688768,False,3.826536509563271e-11,-2.026794076353191,-4.033384498233683,3.99999999990463,0.0,0.0,0.0,0.0
684,0.0,,1756139513.9788554,False,1.092010700267861e-11,-0.5300940061871944,-2.5366844280676863,3.9999999999727835,0.0,0.0,0.0,0.0
685,0.0,,1756139513.9889736,False,3.0621260648817427e-12,0.9770081482865582,-1.0295822735939337,3.999999999992368,0.0,0.0,0.0,0.0
686,0.0,,1756139513.9989965,False,8.690082936702609e-13,2.4770297090168465,0.4704392871363545,3.9999999999978337,0.0,0.0,0.0,0.0
687,0.0,,1756139514.0091305,False,2.431987402386287e-13,3.9852920274377297,1.9787016055572373,3.999999999999394,0.0,0.0,0.0,0.0
688,0.0,,1756139514.0186222,False,7.378231183677774e-14,5.444283704621693,3.437693282741201,3.999999999999816,0.0,0.0,0.0,0.0
689,0.0,,1756139519.6702092,False,8.967842755937706,0.3632152638232207,-1.4983095543739526,0.1298464420216383,0.0,0.0,0.0,0.0
690,0.0,,1756139519.6944363,False,9.966301649846086,-1.0832437961504098,-0.5866469242376372,-0.36262666895121604,0.0,0.0,0.0,0.0
691,0.0,,1756139519.703465,False,10.764963263787237,-0.33986823355111323,0.8273896761511423,-0.4005221907000601,0.0,0.0,0.0,0.0
692,0.0,,1756139519.7125547,False,11.566517124978947,-0.12601074819352245,-0.5986810689935007,0.07483472434815433,0.0,0.0,0.0,0.0
693,0.0,,1756139519.7240336,False,10.667537296917473,1.4733937277173093,-2.1980855449043326,0.607969549651765,0.0,0.0,0.0,0.0
694,0.0,,1756139519.7311845,False,9.969618204970729,2.7150844582983225,-3.439776275485346,1.0218664598454361,0.0,0.0,0.0,0.0
695,0.0,,1756139519.7409675,False,9.136721267416165,1.233250218736167,-1.9579420359231903,0.5279217133247175,0.0,0.0,0.0,0.0
696,0.0,,1756139519.7503357,False,9.951193121872318,-0.21580335160877728,-0.5088884655782462,0.04490385654306936,0.0,0.0,0.0,0.0
697,0.0,,1756139519.7604005,False,10.796069625753665,-1.7189508302497722,0.9942590130627489,-0.4561453030039291,0.0,0.0,0.0,0.0
698,0.0,,1756139519.7708323,False,11.655921431681252,-1.2469800785383076,1.5781442600975157,-0.2236099836447615,0.0,0.0,0.0,0.0
699,0.0,,1756139519.7801933,False,12.458404195082855,-0.23503885730033203,1.5626557674508785,0.019457541841198217,0.0,0.0,0.0,0.0
700,0.0,,1756139519.7907221,False,11.594706159534155,-0.35721470414214984,2.1154771700396564,0.06283568360872777,0.0,0.0,0.0,0.0
701,0.0,,1756139519.8005483,False,10.75994716746039,-1.8423617859277184,0.6303300882540878,0.5578847108705841,0.0,0.0,0.0,0.0
702,0.0,,1756139519.8105674,False,9.916987839469492,-2.8077715433590393,0.29375552120757686,0.05797252147744861,0.0,0.0,0.0,0.0
703,0.0,,1756139519.820762,False,9.066738846650876,-1.2950656935679614,0.5832739111916583,-0.44626276178624424,0.0,0.0,0.0,0.0
704,0.0,,1756139519.8310306,False,9.920020133274388,0.22303500951396565,0.24515858990490538,-0.7088004165399575,0.0,0.0,0.0,0.0
705,0.0,,1756139519.8413255,False,9.123388315145817,1.1832323181493596,0.05748129893549282,-0.656475911801667,0.0,0.0,0.0,0.0
706,0.0,,1756139519.8505166,False,9.353541892820296,0.7930016594158735,-0.2929151063214667,-0.7220661900533512,0.0,0.0,0.0,0.0
707,0.0,,1756139519.8607156,False,10.20397694975947,0.9878683286729009,-0.3484034723409395,-0.8431581013209333,0.0,0.0,0.0,0.0
708,0.0,,1756139519.8699841,False,11.013877608862439,1.5091492792186878,-0.623952529295841,-0.8860240342780816,0.0,0.0,0.0,0.0
709,0.0,,1756139519.8800309,False,11.05092362999555,1.316046078440932,-0.9007038766685737,-0.8625688645367682,0.0,0.0,0.0,0.0
710,0.0,,1756139519.8908062,False,10.936912786024903,0.7232947692036272,-0.7221145297009415,-0.679354773633454,0.0,0.0,0.0,0.0
711,0.0,,1756139519.9003015,False,11.549303100698786,0.3140852212266966,-0.5064353804361759,-0.5550048798659275,0.0,0.0,0.0,0.0
712,0.0,,1756139519.9106288,False,12.197969783141488,0.06298670815837423,-0.2655596710634233,-0.4683513708922697,0.0,0.0,0.0,0.0
713,0.0,,1756139519.9213314,False,11.371642801751022,-0.1206222783316285,-0.12345141380904034,-0.34449830536535664,0.0,0.0,0.0,0.0
714,0.0,,1756139519.9313502,False,10.551331992559042,-0.202879873763739,-0.037336400439048775,-0.25342099324501677,0.0,0.0,0.0,0.0
715,0.0,,1756139519.9410574,False,10.48877498905588,-0.2175909802161118,0.12810909376387372,-0.2325537258788606,0.0,0.0,0.0,0.0
716,0.0,,1756139519.9506588,False,10.975968696573252,-0.2478492739346103,0.35638286172336886,-0.2725941945525732,0.0,0.0,0.0,0.0
717,0.0,,1756139519.9602134,False,10.685869004120706,-0.3022441219717238,0.5163166139306443,-0.2508184521047019,0.0,0.0,0.0,0.0
718,0.0,,1756139519.9706213,False,10.587873561639292,-0.4278840316660202,0.6353124084751338,-0.2074770590589321,0.0,0.0,0.0,0.0
719,0.0,,1756139519.9799323,False,9.836792005927482,-0.4035484986078153,0.73331455124135,-0.15017458197522715,0.0,0.0,0.0,0.0
720,0.0,,1756139519.9907582,False,9.552433772973348,-0.2932644426099854,0.7766456545190797,-0.1682261703844865,0.0,0.0,0.0,0.0
721,0.0,,1756139520.0000517,False,10.363488088455803,0.09032719931339182,0.6411918740435298,-0.22791379277727586,0.0,0.0,0.0,0.0
722,0.0,,1756139520.011318,False,10.001535153005944,0.5687927268185685,0.23582244069925196,-0.24939733738236833,0.0,0.0,0.0,0.0
723,0.0,,1756139520.0206318,False,9.347530491942713,0.8485961625120352,-0.07284979690909009,-0.32236918736634956,0.0,0.0,0.0,0.0
724,0.0,,1756139520.0282428,False,9.533701401175689,1.008852745280185,-0.26047957648713427,-0.36434767856988254,0.0,0.0,0.0,0.0
725,0.0,,1756139520.0402977,False,9.710097217297797,1.0757118293158174,-0.6119153747909408,-0.405780699110874,0.0,0.0,0.0,0.0
726,0.0,,1756139520.050966,False,9.885587032687306,0.8261293757940711,-0.6767526258736822,-0.3922229069056909,0.0,0.0,0.0,0.0
727,0.0,,1756139520.0598488,False,10.0746889193645,0.46112227527693084,-0.6067559896005863,-0.31120318113320106,0.0,0.0,0.0,0.0
728,0.0,,1756139520.070203,False,10.931435554662771,-0.07797343146871469,-0.24290931353273382,-0.2208867675371009,0.0,0.0,0.0,0.0
729,0.0,,1756139520.0797117,False,11.289387205975082,-0.36673051277348573,-0.10411453098902179,-0.10598251600240782,0.0,0.0,0.0,0.0
730,0.0,,1756139520.090427,False,10.754253184262303,-0.47153836136285965,0.12195699370647811,-0.019754199850078476,0.0,0.0,0.0,0.0
731,0.0,,1756139520.1009936,False,10.738272906637766,-0.4964198111112068,0.46132486580647636,0.05052649743770367,0.0,0.0,0.0,0.0
732,0.0,,1756139520.1099126,False,10.563258634780642,-0.300188424005579,0.6185934056257805,0.09001183959451775,0.0,0.0,0.0,0.0
733,0.0,,1756139520.1204116,False,10.260951601133655,-0.115504019006999,0.8555706101070762,0.09935776700526211,0.0,0.0,0.0,0.0
734,0.0,,1756139520.1305969,False,10.00528504131966,-0.07952830443228426,0.9856234516894865,0.11935378747720742,0.0,0.0,0.0,0.0
735,0.0,,1756139520.139925,False,9.902176940451895,-0.003599995689519426,0.9329445913618235,0.15695573078720013,0.0,0.0,0.0,0.0
736,0.0,,1756139520.1503634,False,9.437762458993557,0.1029095918931192,0.808084701097707,0.1662305262906106,0.0,0.0,0.0,0.0
737,0.0,,1756139520.1607728,False,8.734619555029774,0.30807994479943607,0.4837901179817714,0.13521644215530607,0.0,0.0,0.0,0.0
738,0.0,,1756139520.169978,False,7.995920396004722,0.523377598812581,0.10422058543168007,0.09202990003221329,0.0,0.0,0.0,0.0
739,0.0,,1756139520.1802316,False,7.406819150882146,0.6258884950151267,-0.3005370641316054,0.05515555951743746,0.0,0.0,0.0,0.0
740,0.0,,1756139520.189742,False,6.843255454938432,0.6179680103367469,-0.49205029817424367,0.011734854519420655,0.0,0.0,0.0,0.0
741,0.0,,1756139520.2004845,False,6.128935957636729,0.554857554540489,-0.7197253520599074,-0.04765300804393282,0.0,0.0,0.0,0.0
742,0.0,,1756139520.2109294,False,5.786154564426494,0.35828132909455274,-0.778070706078646,-0.07623686260460737,0.0,0.0,0.0,0.0
743,0.0,,1756139520.2198963,False,5.711218685663187,0.14207185550888077,-0.7409716001304285,-0.05649423330974308,0.0,0.0,0.0,0.0
744,0.0,,1756139520.230527,False,5.501442997830399,-0.1642064980473098,-0.417008850824806,-0.07007782978133245,0.0,0.0,0.0,0.0
745,0.0,,1756139520.2403502,False,5.475846659605503,-0.34691529119750686,-0.08564209647492045,-0.024147490691216245,0.0,0.0,0.0,0.0
746,0.0,,1756139520.250155,False,5.42490750935709,-0.38188085462888216,0.18777329054107508,-0.005949105025794585,0.0,0.0,0.0,0.0
747,0.0,,1756139520.2613156,False,5.623698063306203,-0.2946700752758269,0.6177117338792812,0.028501038019999647,0.0,0.0,0.0,0.0
748,0.0,,1756139520.2699203,False,6.178740800143787,-0.3832988537923705,0.8381952397726213,0.1279608720722493,0.0,0.0,0.0,0.0
749,0.0,,1756139520.2804706,False,6.204149096520224,-0.345286198121778,0.9737557985680669,0.13638772759506052,0.0,0.0,0.0,0.0
750,0.0,,1756139520.2905352,False,5.721257630249166,-0.4621476123587244,1.7458126412378614,0.3844758126404543,0.0,0.0,0.0,0.0
751,0.0,,1756139520.2999032,False,5.899059899388368,-0.44315223435604567,1.5130217054034634,0.33571537554616704,0.0,0.0,0.0,0.0
689,0.0,,1756139519.6702092,False,8.967842755937706,0.3632152638232207,-1.4983095543739526,0.1298464420216383,0.0,0.0,0.0,0.0
690,0.0,,1756139519.6944363,False,9.966301649846086,-1.0832437961504098,-0.5866469242376372,-0.36262666895121604,0.0,0.0,0.0,0.0
691,0.0,,1756139519.703465,False,10.764963263787237,-0.33986823355111323,0.8273896761511423,-0.4005221907000601,0.0,0.0,0.0,0.0
692,0.0,,1756139519.7125547,False,11.566517124978947,-0.12601074819352245,-0.5986810689935007,0.07483472434815433,0.0,0.0,0.0,0.0
693,0.0,,1756139519.7240336,False,10.667537296917473,1.4733937277173093,-2.1980855449043326,0.607969549651765,0.0,0.0,0.0,0.0
694,0.0,,1756139519.7311845,False,9.969618204970729,2.7150844582983225,-3.439776275485346,1.0218664598454361,0.0,0.0,0.0,0.0
695,0.0,,1756139519.7409675,False,9.136721267416165,1.233250218736167,-1.9579420359231903,0.5279217133247175,0.0,0.0,0.0,0.0
696,0.0,,1756139519.7503357,False,9.951193121872318,-0.21580335160877728,-0.5088884655782462,0.04490385654306936,0.0,0.0,0.0,0.0
697,0.0,,1756139519.7604005,False,10.796069625753665,-1.7189508302497722,0.9942590130627489,-0.4561453030039291,0.0,0.0,0.0,0.0
698,0.0,,1756139519.7708323,False,11.655921431681252,-1.2469800785383076,1.5781442600975157,-0.2236099836447615,0.0,0.0,0.0,0.0
699,0.0,,1756139519.7801933,False,12.458404195082855,-0.23503885730033203,1.5626557674508785,0.019457541841198217,0.0,0.0,0.0,0.0
700,0.0,,1756139519.7907221,False,11.594706159534155,-0.35721470414214984,2.1154771700396564,0.06283568360872777,0.0,0.0,0.0,0.0
701,0.0,,1756139519.8005483,False,10.75994716746039,-1.8423617859277184,0.6303300882540878,0.5578847108705841,0.0,0.0,0.0,0.0
702,0.0,,1756139519.8105674,False,9.916987839469492,-2.8077715433590393,0.29375552120757686,0.05797252147744861,0.0,0.0,0.0,0.0
703,0.0,,1756139519.820762,False,9.066738846650876,-1.2950656935679614,0.5832739111916583,-0.44626276178624424,0.0,0.0,0.0,0.0
704,0.0,,1756139519.8310306,False,9.920020133274388,0.22303500951396565,0.24515858990490538,-0.7088004165399575,0.0,0.0,0.0,0.0
705,0.0,,1756139519.8413255,False,9.123388315145817,1.1832323181493596,0.05748129893549282,-0.656475911801667,0.0,0.0,0.0,0.0
706,0.0,,1756139519.8505166,False,9.353541892820296,0.7930016594158735,-0.2929151063214667,-0.7220661900533512,0.0,0.0,0.0,0.0
707,0.0,,1756139519.8607156,False,10.20397694975947,0.9878683286729009,-0.3484034723409395,-0.8431581013209333,0.0,0.0,0.0,0.0
708,0.0,,1756139519.8699841,False,11.013877608862439,1.5091492792186878,-0.623952529295841,-0.8860240342780816,0.0,0.0,0.0,0.0
709,0.0,,1756139519.8800309,False,11.05092362999555,1.316046078440932,-0.9007038766685737,-0.8625688645367682,0.0,0.0,0.0,0.0
710,0.0,,1756139519.8908062,False,10.936912786024903,0.7232947692036272,-0.7221145297009415,-0.679354773633454,0.0,0.0,0.0,0.0
711,0.0,,1756139519.9003015,False,11.549303100698786,0.3140852212266966,-0.5064353804361759,-0.5550048798659275,0.0,0.0,0.0,0.0
712,0.0,,1756139519.9106288,False,12.197969783141488,0.06298670815837423,-0.2655596710634233,-0.4683513708922697,0.0,0.0,0.0,0.0
713,0.0,,1756139519.9213314,False,11.371642801751022,-0.1206222783316285,-0.12345141380904034,-0.34449830536535664,0.0,0.0,0.0,0.0
714,0.0,,1756139519.9313502,False,10.551331992559042,-0.202879873763739,-0.037336400439048775,-0.25342099324501677,0.0,0.0,0.0,0.0
715,0.0,,1756139519.9410574,False,10.48877498905588,-0.2175909802161118,0.12810909376387372,-0.2325537258788606,0.0,0.0,0.0,0.0
716,0.0,,1756139519.9506588,False,10.975968696573252,-0.2478492739346103,0.35638286172336886,-0.2725941945525732,0.0,0.0,0.0,0.0
717,0.0,,1756139519.9602134,False,10.685869004120706,-0.3022441219717238,0.5163166139306443,-0.2508184521047019,0.0,0.0,0.0,0.0
718,0.0,,1756139519.9706213,False,10.587873561639292,-0.4278840316660202,0.6353124084751338,-0.2074770590589321,0.0,0.0,0.0,0.0
719,0.0,,1756139519.9799323,False,9.836792005927482,-0.4035484986078153,0.73331455124135,-0.15017458197522715,0.0,0.0,0.0,0.0
720,0.0,,1756139519.9907582,False,9.552433772973348,-0.2932644426099854,0.7766456545190797,-0.1682261703844865,0.0,0.0,0.0,0.0
721,0.0,,1756139520.0000517,False,10.363488088455803,0.09032719931339182,0.6411918740435298,-0.22791379277727586,0.0,0.0,0.0,0.0
722,0.0,,1756139520.011318,False,10.001535153005944,0.5687927268185685,0.23582244069925196,-0.24939733738236833,0.0,0.0,0.0,0.0
723,0.0,,1756139520.0206318,False,9.347530491942713,0.8485961625120352,-0.07284979690909009,-0.32236918736634956,0.0,0.0,0.0,0.0
724,0.0,,1756139520.0282428,False,9.533701401175689,1.008852745280185,-0.26047957648713427,-0.36434767856988254,0.0,0.0,0.0,0.0
725,0.0,,1756139520.0402977,False,9.710097217297797,1.0757118293158174,-0.6119153747909408,-0.405780699110874,0.0,0.0,0.0,0.0
726,0.0,,1756139520.050966,False,9.885587032687306,0.8261293757940711,-0.6767526258736822,-0.3922229069056909,0.0,0.0,0.0,0.0
727,0.0,,1756139520.0598488,False,10.0746889193645,0.46112227527693084,-0.6067559896005863,-0.31120318113320106,0.0,0.0,0.0,0.0
728,0.0,,1756139520.070203,False,10.931435554662771,-0.07797343146871469,-0.24290931353273382,-0.2208867675371009,0.0,0.0,0.0,0.0
729,0.0,,1756139520.0797117,False,11.289387205975082,-0.36673051277348573,-0.10411453098902179,-0.10598251600240782,0.0,0.0,0.0,0.0
730,0.0,,1756139520.090427,False,10.754253184262303,-0.47153836136285965,0.12195699370647811,-0.019754199850078476,0.0,0.0,0.0,0.0
731,0.0,,1756139520.1009936,False,10.738272906637766,-0.4964198111112068,0.46132486580647636,0.05052649743770367,0.0,0.0,0.0,0.0
732,0.0,,1756139520.1099126,False,10.563258634780642,-0.300188424005579,0.6185934056257805,0.09001183959451775,0.0,0.0,0.0,0.0
733,0.0,,1756139520.1204116,False,10.260951601133655,-0.115504019006999,0.8555706101070762,0.09935776700526211,0.0,0.0,0.0,0.0
734,0.0,,1756139520.1305969,False,10.00528504131966,-0.07952830443228426,0.9856234516894865,0.11935378747720742,0.0,0.0,0.0,0.0
735,0.0,,1756139520.139925,False,9.902176940451895,-0.003599995689519426,0.9329445913618235,0.15695573078720013,0.0,0.0,0.0,0.0
736,0.0,,1756139520.1503634,False,9.437762458993557,0.1029095918931192,0.808084701097707,0.1662305262906106,0.0,0.0,0.0,0.0
737,0.0,,1756139520.1607728,False,8.734619555029774,0.30807994479943607,0.4837901179817714,0.13521644215530607,0.0,0.0,0.0,0.0
738,0.0,,1756139520.169978,False,7.995920396004722,0.523377598812581,0.10422058543168007,0.09202990003221329,0.0,0.0,0.0,0.0
739,0.0,,1756139520.1802316,False,7.406819150882146,0.6258884950151267,-0.3005370641316054,0.05515555951743746,0.0,0.0,0.0,0.0
740,0.0,,1756139520.189742,False,6.843255454938432,0.6179680103367469,-0.49205029817424367,0.011734854519420655,0.0,0.0,0.0,0.0
741,0.0,,1756139520.2004845,False,6.128935957636729,0.554857554540489,-0.7197253520599074,-0.04765300804393282,0.0,0.0,0.0,0.0
742,0.0,,1756139520.2109294,False,5.786154564426494,0.35828132909455274,-0.778070706078646,-0.07623686260460737,0.0,0.0,0.0,0.0
743,0.0,,1756139520.2198963,False,5.711218685663187,0.14207185550888077,-0.7409716001304285,-0.05649423330974308,0.0,0.0,0.0,0.0
744,0.0,,1756139520.230527,False,5.501442997830399,-0.1642064980473098,-0.417008850824806,-0.07007782978133245,0.0,0.0,0.0,0.0
745,0.0,,1756139520.2403502,False,5.475846659605503,-0.34691529119750686,-0.08564209647492045,-0.024147490691216245,0.0,0.0,0.0,0.0
746,0.0,,1756139520.250155,False,5.42490750935709,-0.38188085462888216,0.18777329054107508,-0.005949105025794585,0.0,0.0,0.0,0.0
747,0.0,,1756139520.2613156,False,5.623698063306203,-0.2946700752758269,0.6177117338792812,0.028501038019999647,0.0,0.0,0.0,0.0
748,0.0,,1756139520.2699203,False,6.178740800143787,-0.3832988537923705,0.8381952397726213,0.1279608720722493,0.0,0.0,0.0,0.0
749,0.0,,1756139520.2804706,False,6.204149096520224,-0.345286198121778,0.9737557985680669,0.13638772759506052,0.0,0.0,0.0,0.0
750,0.0,,1756139520.2905352,False,5.721257630249166,-0.4621476123587244,1.7458126412378614,0.3844758126404543,0.0,0.0,0.0,0.0
751,0.0,,1756139520.2999032,False,5.899059899388368,-0.44315223435604567,1.5130217054034634,0.33571537554616704,0.0,0.0,0.0,0.0
752,0.0,,1756139520.3100047,False,5.061316284541558,-0.06575481794230525,1.7216712630606765,0.44947304460418336,0.0,0.0,0.0,0.0
753,0.0,,1756139520.3201435,False,4.213367524329897,0.7260239828745696,2.1990489523539787,0.5068408897084168,0.0,0.0,0.0,0.0
754,0.0,,1756139520.3297043,False,4.437639108598739,0.7129549038007152,1.7229621286342756,0.39098472521835204,0.0,0.0,0.0,0.0
755,0.0,,1756139520.3402934,False,4.127386857350037,0.7802514659792237,1.2255239734814682,0.46222997992685977,0.0,0.0,0.0,0.0
756,0.0,,1756139520.3496692,False,4.942206306407544,0.5117418601145755,0.7893693501577634,0.3456723112696658,0.0,0.0,0.0,0.0
752,0.0,,1756139520.3100047,False,5.061316284541558,-0.06575481794230525,1.7216712630606765,0.44947304460418336,0.0,0.0,0.0,0.0
753,0.0,,1756139520.3201435,False,4.213367524329897,0.7260239828745696,2.1990489523539787,0.5068408897084168,0.0,0.0,0.0,0.0
754,0.0,,1756139520.3297043,False,4.437639108598739,0.7129549038007152,1.7229621286342756,0.39098472521835204,0.0,0.0,0.0,0.0
755,0.0,,1756139520.3402934,False,4.127386857350037,0.7802514659792237,1.2255239734814682,0.46222997992685977,0.0,0.0,0.0,0.0
756,0.0,,1756139520.3496692,False,4.942206306407544,0.5117418601145755,0.7893693501577634,0.3456723112696658,0.0,0.0,0.0,0.0
758,0.0,,1756139520.3707862,False,5.2457051021515335,0.966461351242865,0.2995951177441586,0.285335693349196,0.0,0.0,0.0,0.0
759,0.0,,1756139520.3800924,False,6.057340362588486,0.5761638039156511,-0.13922534980988882,0.17977670145706398,0.0,0.0,0.0,0.0
760,0.0,,1756139520.3905833,False,6.571222000613014,0.35614323155509586,-0.04559014887403079,0.20548650221267914,0.0,0.0,0.0,0.0
761,0.0,,1756139520.3997421,False,7.375637414566619,0.2743403877775855,0.059925916314425426,0.2111359824485916,0.0,0.0,0.0,0.0
762,0.0,,1756139520.4120305,False,8.301525042212134,0.16584581582893143,0.2569208364341958,0.23559671953169659,0.0,0.0,0.0,0.0
763,0.0,,1756139520.4211547,False,8.963170245217809,-0.014898994378718895,0.28235827824102633,0.2990764403957468,0.0,0.0,0.0,0.0
764,0.0,,1756139520.4303792,False,9.771029420343652,-0.2795225904367751,0.24555854389169182,0.38137049120070904,0.0,0.0,0.0,0.0
765,0.0,,1756139520.4429886,False,10.280789812379007,-0.341043939437796,0.3706313828785577,0.4387165736663259,0.0,0.0,0.0,0.0
766,0.0,,1756139520.4499643,False,10.42366790375581,-0.3595498666608469,0.3648731475981799,0.45221961990936416,0.0,0.0,0.0,0.0
767,0.0,,1756139520.46037,False,10.367921283181303,-0.32887567810874857,0.5232560926945166,0.5033332791395895,0.0,0.0,0.0,0.0
768,0.0,,1756139520.4714804,False,10.165517219862897,-0.2901094466291545,0.6657007036647156,0.5343970533550971,0.0,0.0,0.0,0.0
769,0.0,,1756139520.4798934,False,10.067456817943398,-0.2595501159079139,0.7721200070296005,0.5582714570655116,0.0,0.0,0.0,0.0
770,0.0,,1756139520.4903283,False,9.556520919406132,-0.09859685222160873,0.9198663489176008,0.5925903377405832,0.0,0.0,0.0,0.0
771,0.0,,1756139520.500585,False,9.574430187261292,-0.021433110388177683,0.9548092479348971,0.5445238679094355,0.0,0.0,0.0,0.0
772,0.0,,1756139520.5119202,False,9.1732590074348,0.21951814490927482,0.989736084025444,0.5402017049040719,0.0,0.0,0.0,0.0
773,0.0,,1756139520.5215251,False,8.862691251380951,0.49929368548557274,1.0460984608801485,0.5339316372172789,0.0,0.0,0.0,0.0
774,0.0,,1756139520.5298238,False,9.030372701618703,0.6213731832461689,0.9571051444902792,0.48430863045332795,0.0,0.0,0.0,0.0
775,0.0,,1756139520.5398266,False,9.09386227918315,0.7004866778886151,0.7489389893677232,0.43510821004597044,0.0,0.0,0.0,0.0
776,0.0,,1756139520.5510962,False,9.55597862559047,0.6941611183760592,0.502481264169425,0.34560574443889425,0.0,0.0,0.0,0.0
777,0.0,,1756139520.5596197,False,9.765838612140248,0.6544134279148603,0.2965669642034402,0.2833100480085466,0.0,0.0,0.0,0.0
778,0.0,,1756139520.5701034,False,10.27393153991499,0.5141806326029031,0.07101819896903762,0.24753504358406797,0.0,0.0,0.0,0.0
779,0.0,,1756139520.5796196,False,10.83424883780203,0.2741007298834136,-0.13924500926355157,0.21206592981213795,0.0,0.0,0.0,0.0
780,0.0,,1756139520.591876,False,11.103329681669347,0.04279000557668042,-0.33007142734430295,0.2061579336681665,0.0,0.0,0.0,0.0
781,0.0,,1756139520.6004002,False,11.18297114661793,-0.01761042831126766,-0.4136123204446352,0.21766460817261743,0.0,0.0,0.0,0.0
782,0.0,,1756139520.6098847,False,11.313113387101287,-0.13477159653434453,-0.5006214095719743,0.23656448318729517,0.0,0.0,0.0,0.0
783,0.0,,1756139520.6198661,False,11.384867199722606,-0.27247400320340953,-0.5978420992301676,0.2405088699319422,0.0,0.0,0.0,0.0
784,0.0,,1756139520.6301532,False,11.20761660843476,-0.3439829174334108,-0.6887284273409087,0.23934050292207673,0.0,0.0,0.0,0.0
785,0.0,,1756139520.6399114,False,10.89359248619201,-0.279964007023106,-0.6212633160970652,0.2658813148872647,0.0,0.0,0.0,0.0
786,0.0,,1756139520.6499157,False,10.808672830104943,-0.2637954718854459,-0.5240944446653182,0.26993147088178554,0.0,0.0,0.0,0.0
787,0.0,,1756139520.6599329,False,10.788145821642876,-0.3485996586062539,-0.4564950167637624,0.2529528408234981,0.0,0.0,0.0,0.0
788,0.0,,1756139520.6698494,False,10.33008132223884,-0.39746974473043484,-0.3546088352044639,0.2351505211386119,0.0,0.0,0.0,0.0
789,0.0,,1756139520.679501,False,9.836057230850642,-0.178257364140036,-0.04936256803772822,0.25486008858790665,0.0,0.0,0.0,0.0
790,0.0,,1756139520.69058,False,9.510234863530295,0.032819480084802455,0.2528193267334025,0.2544077966169024,0.0,0.0,0.0,0.0
791,0.0,,1756139520.6999824,False,9.416311829667434,0.050981441184988,0.3245425424412389,0.22127997310235653,0.0,0.0,0.0,0.0
792,0.0,,1756139520.7102044,False,9.32551897186181,0.014733695043510865,0.28752034558366735,0.15090620288963533,0.0,0.0,0.0,0.0
793,0.0,,1756139520.7207935,False,9.252885367021388,-0.010482146012974002,0.22212986545387292,0.055768968580747855,0.0,0.0,0.0,0.0
794,0.0,,1756139520.7302701,False,9.374373357520163,0.04137728872084192,0.225206804179454,0.005330408296680859,0.0,0.0,0.0,0.0
795,0.0,,1756139520.7404788,False,9.670507010418541,-0.0049472431498212635,0.10231580827576106,-0.050758789880020194,0.0,0.0,0.0,0.0
796,0.0,,1756139520.7506957,False,9.762577958956555,-0.013764599983849149,0.02284820050340052,-0.096682172508187,0.0,0.0,0.0,0.0
797,0.0,,1756139520.7597888,False,9.89797240066972,-0.14226802089853163,-0.17257879071165533,-0.1529666586367396,0.0,0.0,0.0,0.0
798,0.0,,1756139520.7698514,False,9.94654279108223,-0.14581580932434268,-0.24770487626895837,-0.18600947751615088,0.0,0.0,0.0,0.0
799,0.0,,1756139520.7805617,False,9.941053057506828,-0.09589967905024575,-0.30562131141355464,-0.19527028790439258,0.0,0.0,0.0,0.0
800,0.0,,1756139520.7899125,False,10.043202392984595,-0.1578586910124857,-0.4168388022356122,-0.21390504193401508,0.0,0.0,0.0,0.0
801,0.0,,1756139520.80023,False,10.086605104399235,-0.26894586355998285,-0.5820234772595871,-0.23768683675066293,0.0,0.0,0.0,0.0
802,0.0,,1756139520.8111591,False,10.071677422254776,-0.31396586844905205,-0.6684693548795944,-0.2661109369110474,0.0,0.0,0.0,0.0
803,0.0,,1756139520.8199933,False,10.087846253485598,-0.31882975059626567,-0.7362588971098762,-0.2818821748924323,0.0,0.0,0.0,0.0
804,0.0,,1756139520.8302786,False,10.090342887004924,-0.2837776408015602,-0.7435800472867665,-0.28621379084248877,0.0,0.0,0.0,0.0
805,0.0,,1756139520.8404024,False,10.08385523086136,-0.30559184823577434,-0.7406105605704203,-0.2940026810983934,0.0,0.0,0.0,0.0
806,0.0,,1756139520.8511736,False,10.067780783944299,-0.29852559641878673,-0.7233906660450893,-0.29967526908891856,0.0,0.0,0.0,0.0
807,0.0,,1756139520.8604813,False,10.02972105099748,-0.21988848002138228,-0.6131168102373645,-0.30529870545559323,0.0,0.0,0.0,0.0
808,0.0,,1756139520.870159,False,10.031740573710746,-0.17668724819396475,-0.5433864543596666,-0.32407120854218263,0.0,0.0,0.0,0.0
809,0.0,,1756139520.880365,False,9.993177967648647,-0.1273450292583867,-0.44385906076204673,-0.33087757205591495,0.0,0.0,0.0,0.0
810,0.0,,1756139520.8912861,False,9.955436811969262,-0.17898530173003666,-0.40997235071056815,-0.350251094752168,0.0,0.0,0.0,0.0
811,0.0,,1756139520.8999298,False,9.940398282156494,-0.17414413863901507,-0.34854345230310657,-0.3759874838083416,0.0,0.0,0.0,0.0
812,0.0,,1756139520.9105945,False,9.894637006084288,-0.2032952346948417,-0.3256830995155443,-0.41094722436043923,0.0,0.0,0.0,0.0
813,0.0,,1756139520.9200108,False,9.863174972168242,-0.15456675692567656,-0.249604435267949,-0.4324496877732935,0.0,0.0,0.0,0.0
814,0.0,,1756139520.9301405,False,9.840979022025207,-0.22857494024965508,-0.2827184767457175,-0.45704484536029644,0.0,0.0,0.0,0.0
815,0.0,,1756139520.9403512,False,9.84149516266574,-0.17413822791669048,-0.21127509651978685,-0.47845436561922816,0.0,0.0,0.0,0.0
816,0.0,,1756139520.950259,False,9.817128952862838,-0.19797806119592712,-0.23959446269875825,-0.5103680241679018,0.0,0.0,0.0,0.0
817,0.0,,1756139520.9603782,False,9.81996792511042,-0.2648586395592361,-0.3161163849558716,-0.5249485508925926,0.0,0.0,0.0,0.0
818,0.0,,1756139520.9704583,False,9.815377096286959,-0.28503872947997283,-0.3276143676628125,-0.5357531810812501,0.0,0.0,0.0,0.0
819,0.0,,1756139520.9803703,False,9.814431748004885,-0.22673168487124593,-0.3257782338207647,-0.5403287054977586,0.0,0.0,0.0,0.0
820,0.0,,1756139520.9904916,False,9.866928005554728,-0.12809986551182587,-0.2985153706897799,-0.5438678880295409,0.0,0.0,0.0,0.0
821,0.0,,1756139521.0008388,False,9.873707653521782,-0.17340385421710888,-0.3802400441909449,-0.5418947935845411,0.0,0.0,0.0,0.0
822,0.0,,1756139521.0109897,False,9.926609884023195,-0.18939034325787943,-0.3980656758817818,-0.5343417382770358,0.0,0.0,0.0,0.0
823,0.0,,1756139521.0202937,False,9.990828076423004,-0.17173540686116634,-0.40874701263177127,-0.5378032256195392,0.0,0.0,0.0,0.0
824,0.0,,1756139521.031934,False,10.205541835423801,-0.07522610052913978,-0.3926565453080046,-0.5340659103260167,0.0,0.0,0.0,0.0
825,0.0,,1756139521.0399947,False,10.25108127857819,-0.05326084108670614,-0.3890615214926194,-0.525520766714078,0.0,0.0,0.0,0.0
826,0.0,,1756139521.048894,False,10.391754343211389,-0.03624352052355505,-0.3748587702890242,-0.5096451597608584,0.0,0.0,0.0,0.0
827,0.0,,1756139521.058835,False,10.42772628081106,-0.08180596497861525,-0.40938842094421324,-0.5049944090025326,0.0,0.0,0.0,0.0
828,0.0,,1756139521.068799,False,10.475721007611416,-0.153850978125095,-0.4594166554939678,-0.49683283784098686,0.0,0.0,0.0,0.0
829,0.0,,1756139521.0791278,False,10.601793899975055,-0.1439716528724982,-0.4463692853865261,-0.4913034310570168,0.0,0.0,0.0,0.0
830,0.0,,1756139521.0890923,False,10.538863364623532,-0.18793639602241807,-0.4923798294555904,-0.48692353520624865,0.0,0.0,0.0,0.0
831,0.0,,1756139521.0991342,False,10.631322750781974,-0.20890331640749654,-0.4698697862074487,-0.47389095645301416,0.0,0.0,0.0,0.0
832,0.0,,1756139521.1099544,False,10.478486858076955,-0.26144886913102683,-0.5263339143706196,-0.4686219147702095,0.0,0.0,0.0,0.0
833,0.0,,1756139521.1205478,False,10.874799333758533,-0.1989269502162596,-0.42183189625121464,-0.4534122355923552,0.0,0.0,0.0,0.0
834,0.0,,1756139521.1290927,False,10.832040448636125,-0.12857477805658457,-0.37786633878258113,-0.4359097609516034,0.0,0.0,0.0,0.0
835,0.0,,1756139521.138946,False,10.929616853249176,-0.12585830766175124,-0.3384926231419185,-0.4035817976726399,0.0,0.0,0.0,0.0
836,0.0,,1756139521.1485732,False,10.904818188986473,-0.13530273441754012,-0.3232571528676701,-0.37666494748692164,0.0,0.0,0.0,0.0
837,0.0,,1756139521.158887,False,11.08386166442527,-0.12272013108693941,-0.2777895434812024,-0.3418837992845297,0.0,0.0,0.0,0.0
838,0.0,,1756139521.1686244,False,11.081279167884043,-0.1391442785810037,-0.29007143036741145,-0.32732783336607196,0.0,0.0,0.0,0.0
839,0.0,,1756139521.1792874,False,10.682577526308837,-0.2102393142280798,-0.37043678099289995,-0.30736018600253706,0.0,0.0,0.0,0.0
840,0.0,,1756139521.188966,False,11.139383205857436,-0.19268853110323886,-0.2821345564506762,-0.26740677454297557,0.0,0.0,0.0,0.0
841,0.0,,1756139521.1992,False,11.360731246340192,-0.12384711795943446,-0.20767510743879208,-0.21569059741800223,0.0,0.0,0.0,0.0
842,0.0,,1756139521.208635,False,11.402729156972175,-0.15708711706466208,-0.1928625048950057,-0.18129018981986303,0.0,0.0,0.0,0.0
843,0.0,,1756139521.218996,False,11.131711223288608,-0.18846385621132225,-0.23160097984397285,-0.14101778418987682,0.0,0.0,0.0,0.0
844,0.0,,1756139521.2301779,False,11.3024391301806,-0.16290794486554103,-0.2424171452505724,-0.10037636788724222,0.0,0.0,0.0,0.0
845,0.0,,1756139521.2391078,False,11.46460181237119,-0.14009759731746302,-0.2164324271292733,-0.07316201775822977,0.0,0.0,0.0,0.0
846,0.0,,1756139521.2492437,False,11.430309858831345,-0.14312302540527166,-0.169896672550143,-0.023144114798548145,0.0,0.0,0.0,0.0
847,0.0,,1756139521.258373,False,11.001981942791643,-0.16292770036620324,-0.21137056442155483,0.005773148616098753,0.0,0.0,0.0,0.0
848,0.0,,1756139521.2684784,False,11.252691302229044,-0.12942507504313927,-0.15863106653038542,0.05746830997129682,0.0,0.0,0.0,0.0
849,0.0,,1756139521.278234,False,11.416271150500368,-0.08840065951254183,-0.1060151104516259,0.08497153613138857,0.0,0.0,0.0,0.0
850,0.0,,1756139521.287799,False,11.391869789342001,-0.08525939637162018,-0.05539799806061188,0.11595472044813603,0.0,0.0,0.0,0.0
851,0.0,,1756139521.298322,False,10.982338269749892,-0.07827646943116735,-0.03263883808355771,0.18839316775867232,0.0,0.0,0.0,0.0
852,0.0,,1756139521.30828,False,10.839150792164373,-0.06542503637992478,-0.04601718366231831,0.21579128391725588,0.0,0.0,0.0,0.0
853,0.0,,1756139521.3190823,False,11.483640417969385,-0.010780028080589827,0.11781587185541575,0.2912242736951385,0.0,0.0,0.0,0.0
854,0.0,,1756139521.330298,False,10.594017014182658,-0.01906737282849988,0.09608465503818957,0.31923831598682256,0.0,0.0,0.0,0.0
855,0.0,,1756139521.343223,False,10.935916602250584,-0.0448954592487029,0.2616330700503268,0.3722931728540442,0.0,0.0,0.0,0.0
856,0.0,,1756139521.3527384,False,10.69365334200072,-0.0505001126527726,0.20122963607550837,0.4245089781464247,0.0,0.0,0.0,0.0
857,0.0,,1756139521.3593912,False,10.603373787932568,-0.015620308906553936,0.2681555666486157,0.4424991747856084,0.0,0.0,0.0,0.0
858,0.0,,1756139521.368559,False,9.798157651642091,-0.010422772723077673,0.27016537758754666,0.4512171077425371,0.0,0.0,0.0,0.0
859,0.0,,1756139521.3786805,False,9.599755549201163,-0.07200880343067435,0.23385413187034904,0.4812213658504652,0.0,0.0,0.0,0.0
860,0.0,,1756139521.388417,False,9.162526061523238,-0.08532585767687535,0.17463091570861117,0.5018673024198465,0.0,0.0,0.0,0.0
861,0.0,,1756139521.3992376,False,8.853265115235207,-0.10718348722727176,0.2896673630779921,0.5247948815243515,0.0,0.0,0.0,0.0
862,0.0,,1756139521.409312,False,8.364098030400523,-0.146778349766716,0.2989294560344674,0.5554358431116374,0.0,0.0,0.0,0.0
863,0.0,,1756139521.4195316,False,8.00220947007377,-0.16014869381111976,0.2943402682872811,0.5669029399817171,0.0,0.0,0.0,0.0
864,0.0,,1756139521.4296498,False,7.426470815941212,-0.17068280473167946,0.267112360280498,0.5688532244812063,0.0,0.0,0.0,0.0
865,0.0,,1756139521.439028,False,6.9587117210954474,-0.15376063274111812,0.31481117406186704,0.5737804542328668,0.0,0.0,0.0,0.0
866,0.0,,1756139521.4491158,False,6.388335629699461,-0.16404282017078592,0.32077867019446155,0.5927658377253033,0.0,0.0,0.0,0.0
867,0.0,,1756139521.4586093,False,5.935239633350198,-0.18636007990544062,0.34305821560853184,0.591888539760535,0.0,0.0,0.0,0.0
868,0.0,,1756139521.4690886,False,5.383261537006684,-0.23286980395211215,0.3690528242063482,0.5842398099747255,0.0,0.0,0.0,0.0
869,0.0,,1756139521.478783,False,5.039079351141368,-0.2369896011364425,0.3019128180789774,0.5678918605788654,0.0,0.0,0.0,0.0
870,0.0,,1756139521.489199,False,4.6872049765018815,-0.26482776383362,0.18565577594238386,0.5514348015956272,0.0,0.0,0.0,0.0
871,0.0,,1756139521.5022995,False,4.271743159796995,-0.2966176156464875,0.31717834863883687,0.5226231679595394,0.0,0.0,0.0,0.0
872,0.0,,1756139521.508594,False,3.9567204296091454,-0.29817822607203,0.3959390129228041,0.5111004331538297,0.0,0.0,0.0,0.0
873,0.0,,1756139521.5187154,False,3.673269711195215,-0.2889051997144335,0.3964160592309958,0.4713858072713092,0.0,0.0,0.0,0.0
874,0.0,,1756139521.5292838,False,3.4445233646511624,-0.2766642753447573,0.4081605379773603,0.4521611953049176,0.0,0.0,0.0,0.0
875,0.0,,1756139521.538594,False,3.168574443868299,-0.2978039848108037,0.5079394495796588,0.4347299484649251,0.0,0.0,0.0,0.0
876,0.0,,1756139521.5484946,False,3.6116520269916883,-0.35800929132129217,0.18018410858864087,0.4542385420993107,0.0,0.0,0.0,0.0
877,0.0,,1756139521.558798,False,3.551235233459875,-0.39584342549245166,0.023741608364423017,0.4347017284184376,0.0,0.0,0.0,0.0
878,0.0,,1756139521.5687075,False,4.389556214653999,-0.5752711398535314,-0.4525085966709276,0.4712354029159024,0.0,0.0,0.0,0.0
879,0.0,,1756139521.5789132,False,5.240265278365365,-1.4903175280663508,-1.1204464427265992,0.6284095337976913,0.0,0.0,0.0,0.0
880,0.0,,1756139521.5889015,False,6.08193029580694,-1.7263605445417312,-0.961654050029547,0.6919946213954519,0.0,0.0,0.0,0.0
881,0.0,,1756139521.5987692,False,6.9184698349039895,-1.4556317460971622,-0.7332489855801407,0.6732742163818974,0.0,0.0,0.0,0.0
882,0.0,,1756139521.6087189,False,7.40764727108592,-0.8216220612013267,-0.5945360256120902,0.5966004603406785,0.0,0.0,0.0,0.0
883,0.0,,1756139521.6187074,False,7.727066694813919,-0.42056136688958384,-0.3819300410901661,0.6373344440318341,0.0,0.0,0.0,0.0
884,0.0,,1756139521.6292431,False,7.716552469392788,-0.4084834795713741,-0.4174489978388125,0.6704931014203054,0.0,0.0,0.0,0.0
885,0.0,,1756139521.6387274,False,8.309026841579936,-0.09906372874782324,-0.26077103646561106,0.6819805731303008,0.0,0.0,0.0,0.0
886,0.0,,1756139521.648447,False,8.62544272083718,0.19793852292965586,-0.10960655915087283,0.6972644786722751,0.0,0.0,0.0,0.0
887,0.0,,1756139521.658376,False,9.023066131816265,0.4243564523737281,0.05421032215325249,0.6848324571002518,0.0,0.0,0.0,0.0
888,0.0,,1756139521.6686509,False,8.867774353173374,0.4394794533871311,0.18621118229253383,0.672569922015909,0.0,0.0,0.0,0.0
889,0.0,,1756139521.6787317,False,9.011012620057738,0.36416647972539046,0.25608330977355065,0.6407922505942206,0.0,0.0,0.0,0.0
890,0.0,,1756139521.6888258,False,9.065882329900603,0.49318774562776463,0.3822476597888596,0.6221886582590401,0.0,0.0,0.0,0.0
891,0.0,,1756139521.6986654,False,9.230713604726985,0.4873893975661622,0.4650203556264639,0.5356514043243794,0.0,0.0,0.0,0.0
892,0.0,,1756139521.708438,False,9.780897035748715,0.46116990251868994,0.47393487189329564,0.43661498104215696,0.0,0.0,0.0,0.0
893,0.0,,1756139521.718609,False,9.840430580802725,0.3293868665315295,0.48238706407051457,0.3259320023240724,0.0,0.0,0.0,0.0
894,0.0,,1756139521.7283497,False,10.254727239702818,0.25819976813659185,0.5236770815830741,0.24610581282418412,0.0,0.0,0.0,0.0
895,0.0,,1756139521.7390933,False,10.775536224212033,0.2112257817837631,0.3759531801377984,0.1357838389868844,0.0,0.0,0.0,0.0
896,0.0,,1756139521.7484415,False,10.928699591696159,0.07337651231257823,0.3125667513941176,0.07357558717712467,0.0,0.0,0.0,0.0
897,0.0,,1756139521.758361,False,11.041833710449142,-0.0012888538597279377,0.20433531663933335,0.015096126811002714,0.0,0.0,0.0,0.0
898,0.0,,1756139521.7689679,False,10.851103023043358,-0.10681392554059231,0.07138287761617854,-0.038418375556822884,0.0,0.0,0.0,0.0
899,0.0,,1756139521.778642,False,10.208587376113371,-0.25348987907377235,0.12777421639269973,-0.042923989697177756,0.0,0.0,0.0,0.0
900,0.0,,1756139521.788786,False,10.133997247468548,-0.34693677294861847,0.028365920777633252,-0.030220373027009098,0.0,0.0,0.0,0.0
831,0.0,,1756139521.0991342,False,10.631322750781974,-0.20890331640749654,-0.4698697862074487,-0.47389095645301416,0.0,0.0,0.0,0.0
832,0.0,,1756139521.1099544,False,10.478486858076955,-0.26144886913102683,-0.5263339143706196,-0.4686219147702095,0.0,0.0,0.0,0.0
833,0.0,,1756139521.1205478,False,10.874799333758533,-0.1989269502162596,-0.42183189625121464,-0.4534122355923552,0.0,0.0,0.0,0.0
834,0.0,,1756139521.1290927,False,10.832040448636125,-0.12857477805658457,-0.37786633878258113,-0.4359097609516034,0.0,0.0,0.0,0.0
835,0.0,,1756139521.138946,False,10.929616853249176,-0.12585830766175124,-0.3384926231419185,-0.4035817976726399,0.0,0.0,0.0,0.0
836,0.0,,1756139521.1485732,False,10.904818188986473,-0.13530273441754012,-0.3232571528676701,-0.37666494748692164,0.0,0.0,0.0,0.0
837,0.0,,1756139521.158887,False,11.08386166442527,-0.12272013108693941,-0.2777895434812024,-0.3418837992845297,0.0,0.0,0.0,0.0
838,0.0,,1756139521.1686244,False,11.081279167884043,-0.1391442785810037,-0.29007143036741145,-0.32732783336607196,0.0,0.0,0.0,0.0
839,0.0,,1756139521.1792874,False,10.682577526308837,-0.2102393142280798,-0.37043678099289995,-0.30736018600253706,0.0,0.0,0.0,0.0
840,0.0,,1756139521.188966,False,11.139383205857436,-0.19268853110323886,-0.2821345564506762,-0.26740677454297557,0.0,0.0,0.0,0.0
841,0.0,,1756139521.1992,False,11.360731246340192,-0.12384711795943446,-0.20767510743879208,-0.21569059741800223,0.0,0.0,0.0,0.0
842,0.0,,1756139521.208635,False,11.402729156972175,-0.15708711706466208,-0.1928625048950057,-0.18129018981986303,0.0,0.0,0.0,0.0
843,0.0,,1756139521.218996,False,11.131711223288608,-0.18846385621132225,-0.23160097984397285,-0.14101778418987682,0.0,0.0,0.0,0.0
844,0.0,,1756139521.2301779,False,11.3024391301806,-0.16290794486554103,-0.2424171452505724,-0.10037636788724222,0.0,0.0,0.0,0.0
845,0.0,,1756139521.2391078,False,11.46460181237119,-0.14009759731746302,-0.2164324271292733,-0.07316201775822977,0.0,0.0,0.0,0.0
846,0.0,,1756139521.2492437,False,11.430309858831345,-0.14312302540527166,-0.169896672550143,-0.023144114798548145,0.0,0.0,0.0,0.0
847,0.0,,1756139521.258373,False,11.001981942791643,-0.16292770036620324,-0.21137056442155483,0.005773148616098753,0.0,0.0,0.0,0.0
848,0.0,,1756139521.2684784,False,11.252691302229044,-0.12942507504313927,-0.15863106653038542,0.05746830997129682,0.0,0.0,0.0,0.0
849,0.0,,1756139521.278234,False,11.416271150500368,-0.08840065951254183,-0.1060151104516259,0.08497153613138857,0.0,0.0,0.0,0.0
850,0.0,,1756139521.287799,False,11.391869789342001,-0.08525939637162018,-0.05539799806061188,0.11595472044813603,0.0,0.0,0.0,0.0
851,0.0,,1756139521.298322,False,10.982338269749892,-0.07827646943116735,-0.03263883808355771,0.18839316775867232,0.0,0.0,0.0,0.0
852,0.0,,1756139521.30828,False,10.839150792164373,-0.06542503637992478,-0.04601718366231831,0.21579128391725588,0.0,0.0,0.0,0.0
853,0.0,,1756139521.3190823,False,11.483640417969385,-0.010780028080589827,0.11781587185541575,0.2912242736951385,0.0,0.0,0.0,0.0
854,0.0,,1756139521.330298,False,10.594017014182658,-0.01906737282849988,0.09608465503818957,0.31923831598682256,0.0,0.0,0.0,0.0
855,0.0,,1756139521.343223,False,10.935916602250584,-0.0448954592487029,0.2616330700503268,0.3722931728540442,0.0,0.0,0.0,0.0
856,0.0,,1756139521.3527384,False,10.69365334200072,-0.0505001126527726,0.20122963607550837,0.4245089781464247,0.0,0.0,0.0,0.0
857,0.0,,1756139521.3593912,False,10.603373787932568,-0.015620308906553936,0.2681555666486157,0.4424991747856084,0.0,0.0,0.0,0.0
858,0.0,,1756139521.368559,False,9.798157651642091,-0.010422772723077673,0.27016537758754666,0.4512171077425371,0.0,0.0,0.0,0.0
859,0.0,,1756139521.3786805,False,9.599755549201163,-0.07200880343067435,0.23385413187034904,0.4812213658504652,0.0,0.0,0.0,0.0
860,0.0,,1756139521.388417,False,9.162526061523238,-0.08532585767687535,0.17463091570861117,0.5018673024198465,0.0,0.0,0.0,0.0
861,0.0,,1756139521.3992376,False,8.853265115235207,-0.10718348722727176,0.2896673630779921,0.5247948815243515,0.0,0.0,0.0,0.0
862,0.0,,1756139521.409312,False,8.364098030400523,-0.146778349766716,0.2989294560344674,0.5554358431116374,0.0,0.0,0.0,0.0
863,0.0,,1756139521.4195316,False,8.00220947007377,-0.16014869381111976,0.2943402682872811,0.5669029399817171,0.0,0.0,0.0,0.0
864,0.0,,1756139521.4296498,False,7.426470815941212,-0.17068280473167946,0.267112360280498,0.5688532244812063,0.0,0.0,0.0,0.0
865,0.0,,1756139521.439028,False,6.9587117210954474,-0.15376063274111812,0.31481117406186704,0.5737804542328668,0.0,0.0,0.0,0.0
866,0.0,,1756139521.4491158,False,6.388335629699461,-0.16404282017078592,0.32077867019446155,0.5927658377253033,0.0,0.0,0.0,0.0
867,0.0,,1756139521.4586093,False,5.935239633350198,-0.18636007990544062,0.34305821560853184,0.591888539760535,0.0,0.0,0.0,0.0
868,0.0,,1756139521.4690886,False,5.383261537006684,-0.23286980395211215,0.3690528242063482,0.5842398099747255,0.0,0.0,0.0,0.0
869,0.0,,1756139521.478783,False,5.039079351141368,-0.2369896011364425,0.3019128180789774,0.5678918605788654,0.0,0.0,0.0,0.0
870,0.0,,1756139521.489199,False,4.6872049765018815,-0.26482776383362,0.18565577594238386,0.5514348015956272,0.0,0.0,0.0,0.0
871,0.0,,1756139521.5022995,False,4.271743159796995,-0.2966176156464875,0.31717834863883687,0.5226231679595394,0.0,0.0,0.0,0.0
872,0.0,,1756139521.508594,False,3.9567204296091454,-0.29817822607203,0.3959390129228041,0.5111004331538297,0.0,0.0,0.0,0.0
873,0.0,,1756139521.5187154,False,3.673269711195215,-0.2889051997144335,0.3964160592309958,0.4713858072713092,0.0,0.0,0.0,0.0
874,0.0,,1756139521.5292838,False,3.4445233646511624,-0.2766642753447573,0.4081605379773603,0.4521611953049176,0.0,0.0,0.0,0.0
875,0.0,,1756139521.538594,False,3.168574443868299,-0.2978039848108037,0.5079394495796588,0.4347299484649251,0.0,0.0,0.0,0.0
876,0.0,,1756139521.5484946,False,3.6116520269916883,-0.35800929132129217,0.18018410858864087,0.4542385420993107,0.0,0.0,0.0,0.0
877,0.0,,1756139521.558798,False,3.551235233459875,-0.39584342549245166,0.023741608364423017,0.4347017284184376,0.0,0.0,0.0,0.0
878,0.0,,1756139521.5687075,False,4.389556214653999,-0.5752711398535314,-0.4525085966709276,0.4712354029159024,0.0,0.0,0.0,0.0
879,0.0,,1756139521.5789132,False,5.240265278365365,-1.4903175280663508,-1.1204464427265992,0.6284095337976913,0.0,0.0,0.0,0.0
880,0.0,,1756139521.5889015,False,6.08193029580694,-1.7263605445417312,-0.961654050029547,0.6919946213954519,0.0,0.0,0.0,0.0
881,0.0,,1756139521.5987692,False,6.9184698349039895,-1.4556317460971622,-0.7332489855801407,0.6732742163818974,0.0,0.0,0.0,0.0
882,0.0,,1756139521.6087189,False,7.40764727108592,-0.8216220612013267,-0.5945360256120902,0.5966004603406785,0.0,0.0,0.0,0.0
883,0.0,,1756139521.6187074,False,7.727066694813919,-0.42056136688958384,-0.3819300410901661,0.6373344440318341,0.0,0.0,0.0,0.0
884,0.0,,1756139521.6292431,False,7.716552469392788,-0.4084834795713741,-0.4174489978388125,0.6704931014203054,0.0,0.0,0.0,0.0
885,0.0,,1756139521.6387274,False,8.309026841579936,-0.09906372874782324,-0.26077103646561106,0.6819805731303008,0.0,0.0,0.0,0.0
886,0.0,,1756139521.648447,False,8.62544272083718,0.19793852292965586,-0.10960655915087283,0.6972644786722751,0.0,0.0,0.0,0.0
887,0.0,,1756139521.658376,False,9.023066131816265,0.4243564523737281,0.05421032215325249,0.6848324571002518,0.0,0.0,0.0,0.0
888,0.0,,1756139521.6686509,False,8.867774353173374,0.4394794533871311,0.18621118229253383,0.672569922015909,0.0,0.0,0.0,0.0
889,0.0,,1756139521.6787317,False,9.011012620057738,0.36416647972539046,0.25608330977355065,0.6407922505942206,0.0,0.0,0.0,0.0
890,0.0,,1756139521.6888258,False,9.065882329900603,0.49318774562776463,0.3822476597888596,0.6221886582590401,0.0,0.0,0.0,0.0
891,0.0,,1756139521.6986654,False,9.230713604726985,0.4873893975661622,0.4650203556264639,0.5356514043243794,0.0,0.0,0.0,0.0
892,0.0,,1756139521.708438,False,9.780897035748715,0.46116990251868994,0.47393487189329564,0.43661498104215696,0.0,0.0,0.0,0.0
893,0.0,,1756139521.718609,False,9.840430580802725,0.3293868665315295,0.48238706407051457,0.3259320023240724,0.0,0.0,0.0,0.0
894,0.0,,1756139521.7283497,False,10.254727239702818,0.25819976813659185,0.5236770815830741,0.24610581282418412,0.0,0.0,0.0,0.0
895,0.0,,1756139521.7390933,False,10.775536224212033,0.2112257817837631,0.3759531801377984,0.1357838389868844,0.0,0.0,0.0,0.0
896,0.0,,1756139521.7484415,False,10.928699591696159,0.07337651231257823,0.3125667513941176,0.07357558717712467,0.0,0.0,0.0,0.0
897,0.0,,1756139521.758361,False,11.041833710449142,-0.0012888538597279377,0.20433531663933335,0.015096126811002714,0.0,0.0,0.0,0.0
898,0.0,,1756139521.7689679,False,10.851103023043358,-0.10681392554059231,0.07138287761617854,-0.038418375556822884,0.0,0.0,0.0,0.0
899,0.0,,1756139521.778642,False,10.208587376113371,-0.25348987907377235,0.12777421639269973,-0.042923989697177756,0.0,0.0,0.0,0.0
900,0.0,,1756139521.788786,False,10.133997247468548,-0.34693677294861847,0.028365920777633252,-0.030220373027009098,0.0,0.0,0.0,0.0
901,0.0,,1756139521.798997,False,10.299531842704045,-0.28061809501833607,-0.017672861021416346,-0.03927651086737662,0.0,0.0,0.0,0.0
902,0.0,,1756139521.8089626,False,10.121645004589634,-0.07696512035554386,-0.014349356235271444,-0.07838526228185189,0.0,0.0,0.0,0.0
903,0.0,,1756139521.8191924,False,10.160494544852526,0.15395900847619248,-0.04757980589636129,-0.10614308733007542,0.0,0.0,0.0,0.0
904,0.0,,1756139521.8287544,False,10.128769625330518,0.22839764360627823,-0.023758265255117865,-0.1314553222656113,0.0,0.0,0.0,0.0
905,0.0,,1756139521.8392274,False,10.133896468209915,0.27926867128434585,0.010417638715199474,-0.15255708918029964,0.0,0.0,0.0,0.0
906,0.0,,1756139521.8489068,False,10.044340417390497,0.4080917565526551,0.10316574182197588,-0.18039302109497826,0.0,0.0,0.0,0.0
907,0.0,,1756139521.8585184,False,10.103809037421023,0.5461916135188345,0.19584492310431195,-0.23077461387799175,0.0,0.0,0.0,0.0
908,0.0,,1756139521.8687358,False,10.182987467305702,0.6123833790416252,0.2601524991189691,-0.292331063200295,0.0,0.0,0.0,0.0
909,0.0,,1756139521.8791387,False,10.04350116767145,0.5830901910478602,0.3403149611528412,-0.34286264275107275,0.0,0.0,0.0,0.0
910,0.0,,1756139521.8886907,False,10.125969137640395,0.5285669709809524,0.3873436178664965,-0.40412456393190266,0.0,0.0,0.0,0.0
911,0.0,,1756139521.8989053,False,10.316515171667527,0.5258853953399447,0.399439186175677,-0.46844396622735657,0.0,0.0,0.0,0.0
912,0.0,,1756139521.9085922,False,10.293765289774237,0.48340448860514373,0.43641539494863835,-0.5222324268645575,0.0,0.0,0.0,0.0
913,0.0,,1756139521.9187927,False,10.05464799720755,0.34980447806627524,0.4644943753564308,-0.5713122390047601,0.0,0.0,0.0,0.0
914,0.0,,1756139521.9296913,False,10.059067237972442,0.21068625355820997,0.44987318651039404,-0.6107179947372013,0.0,0.0,0.0,0.0
915,0.0,,1756139521.9388387,False,10.179205793047217,0.1477248736293304,0.4036106891697213,-0.6513987170948279,0.0,0.0,0.0,0.0
916,0.0,,1756139521.9495933,False,9.950411241618133,0.06601296037299695,0.3724880460863005,-0.6976395905364471,0.0,0.0,0.0,0.0
917,0.0,,1756139521.9586978,False,9.800276027404491,0.017073589947729756,0.31932217318844686,-0.7123246167506838,0.0,0.0,0.0,0.0
918,0.0,,1756139521.9690204,False,9.991558837366368,0.045707642775691816,0.19781368064258398,-0.705921394409998,0.0,0.0,0.0,0.0
919,0.0,,1756139521.9794307,False,9.92255742845563,0.0280545130247924,0.1337250088385299,-0.7292813818520839,0.0,0.0,0.0,0.0
920,0.0,,1756139521.989095,False,9.817829575908178,0.06280830077445215,0.038664447843678784,-0.7445734875407952,0.0,0.0,0.0,0.0
921,0.0,,1756139521.9989524,False,9.764015468769717,0.10100691668983322,-0.019449144371769492,-0.7523734564875019,0.0,0.0,0.0,0.0
922,0.0,,1756139522.0092282,False,9.931129237982653,0.20882129348986928,-0.07225727142885713,-0.7522336448264377,0.0,0.0,0.0,0.0
923,0.0,,1756139522.0190792,False,9.831685869578665,0.2013331557335966,-0.09679023748570356,-0.7761540779759822,0.0,0.0,0.0,0.0
924,0.0,,1756139522.029108,False,9.795739728688334,0.24946873452321727,-0.09791206194202487,-0.7758341713037444,0.0,0.0,0.0,0.0
925,0.0,,1756139522.0396552,False,9.970881813844779,0.32069136458642533,-0.08972502659214511,-0.7735269302080192,0.0,0.0,0.0,0.0
926,0.0,,1756139522.048771,False,10.17375437477284,0.42198339681449,-0.0864374872759222,-0.78063781637203,0.0,0.0,0.0,0.0
927,0.0,,1756139522.058944,False,10.180259651174007,0.4192746431045284,-0.08134755010154823,-0.7897770071682774,0.0,0.0,0.0,0.0
928,0.0,,1756139522.0692983,False,10.20792475562299,0.391821214123572,-0.06179535537713832,-0.7862735912781331,0.0,0.0,0.0,0.0
929,0.0,,1756139522.078885,False,10.354698165052401,0.36270432062146996,-0.04140222820024799,-0.7949860081439808,0.0,0.0,0.0,0.0
930,0.0,,1756139522.0890172,False,10.554441873238883,0.40603309424515466,-0.02790196179783079,-0.7992715963396019,0.0,0.0,0.0,0.0
931,0.0,,1756139522.099748,False,10.517341809113468,0.380296257686231,-0.006135594626603175,-0.8066013228604927,0.0,0.0,0.0,0.0
932,0.0,,1756139522.109,False,10.41995390012115,0.25590135793094176,0.004472434179620099,-0.8078678086567619,0.0,0.0,0.0,0.0
933,0.0,,1756139522.1196816,False,10.408569997174277,0.19247552793780842,0.0019877304447363554,-0.7915316450070984,0.0,0.0,0.0,0.0
934,0.0,,1756139522.1287515,False,10.453299772193343,0.1171312112597925,-0.0018448978366670528,-0.7899194586542577,0.0,0.0,0.0,0.0
935,0.0,,1756139522.1395705,False,10.406775324055426,0.0751598905174793,-0.020769104319119866,-0.7906535746168571,0.0,0.0,0.0,0.0
936,0.0,,1756139522.1492019,False,10.316285704892534,0.1379733168734515,-0.030700942444373408,-0.7763730018473363,0.0,0.0,0.0,0.0
937,0.0,,1756139522.1585479,False,10.289828214453392,0.11622985421258002,-0.06207522815978423,-0.7596453984355027,0.0,0.0,0.0,0.0
938,0.0,,1756139522.1692276,False,10.407667579178964,0.0112806020533094,-0.13115241397689192,-0.740553398733521,0.0,0.0,0.0,0.0
939,0.0,,1756139522.1789975,False,10.461118343772982,0.03561086640736666,-0.172085266395759,-0.7124294553764469,0.0,0.0,0.0,0.0
940,0.0,,1756139522.188651,False,10.466075511258971,0.09704901825455547,-0.20474494579962113,-0.6993835512912678,0.0,0.0,0.0,0.0
941,0.0,,1756139522.1988924,False,10.555860565364917,0.1582285062422988,-0.22272649315789825,-0.6741763100806937,0.0,0.0,0.0,0.0
942,0.0,,1756139522.2095828,False,10.628905826660057,0.1851920003977392,-0.2431530952362017,-0.6382277445158128,0.0,0.0,0.0,0.0
943,0.0,,1756139522.2186418,False,10.715967378069166,0.1959909267545285,-0.2681643653539366,-0.6076517433660756,0.0,0.0,0.0,0.0
944,0.0,,1756139522.22941,False,10.837357098008383,0.23885167363261453,-0.26435301627365254,-0.5845852426774184,0.0,0.0,0.0,0.0
945,0.0,,1756139522.2392745,False,10.909067438673148,0.240369079851632,-0.2607191757877842,-0.5500950364420778,0.0,0.0,0.0,0.0
946,0.0,,1756139522.2485917,False,11.130011240093916,0.20085950826671728,-0.2674455317828843,-0.5057528919709886,0.0,0.0,0.0,0.0
947,0.0,,1756139522.2588964,False,11.243306058679005,0.2071459133177303,-0.2573562567636839,-0.4618570625884679,0.0,0.0,0.0,0.0
948,0.0,,1756139522.2688196,False,11.137493051565334,0.2489330225270083,-0.22546293107880497,-0.4286380489319319,0.0,0.0,0.0,0.0
949,0.0,,1756139522.278733,False,11.156066393022469,0.26310651683608094,-0.18489618550887227,-0.3963072755852376,0.0,0.0,0.0,0.0
950,0.0,,1756139522.2889054,False,11.345010679937321,0.2051258076728415,-0.15579916745975883,-0.35619335067502594,0.0,0.0,0.0,0.0
951,0.0,,1756139522.298798,False,11.293979263186328,0.18447821063451725,-0.12490209337098451,-0.3114400275929057,0.0,0.0,0.0,0.0
952,0.0,,1756139522.3088932,False,11.48419213821564,0.10914050737178235,-0.1090174406243733,-0.2721797034678668,0.0,0.0,0.0,0.0
953,0.0,,1756139522.3192816,False,11.559783943164906,0.09404462587350075,-0.07814691578124058,-0.2242282141980329,0.0,0.0,0.0,0.0
954,0.0,,1756139522.329346,False,11.419262955107687,0.10666749669450244,-0.04776468256602684,-0.18217589320690325,0.0,0.0,0.0,0.0
955,0.0,,1756139522.338956,False,11.453133447338251,0.0967427864779572,-0.049736247545733345,-0.1399280749919982,0.0,0.0,0.0,0.0
956,0.0,,1756139522.3494513,False,11.490092866396157,0.10021574787648752,-0.030536122733735474,-0.09532035416921023,0.0,0.0,0.0,0.0
957,0.0,,1756139522.3592093,False,11.366534804578578,0.13646694936242632,-0.04136928839430015,-0.053182352583096976,0.0,0.0,0.0,0.0
958,0.0,,1756139522.3688478,False,11.277427649119053,0.16808963423247464,-0.04538854275424403,-0.01576105347648115,0.0,0.0,0.0,0.0
959,0.0,,1756139522.3791506,False,11.172405562987123,0.1823940651668373,-0.03448061819117641,0.013587898886839974,0.0,0.0,0.0,0.0
960,0.0,,1756139522.3893487,False,11.216552141847313,0.21747123383352904,-0.04437607163188828,0.05619563152750916,0.0,0.0,0.0,0.0
961,0.0,,1756139522.3987234,False,11.067675579091997,0.23946991961951414,-0.047038261938412165,0.10187040628513232,0.0,0.0,0.0,0.0
962,0.0,,1756139522.4094148,False,10.737235202514611,0.22650895079610106,-0.04818220275902094,0.1217360264427107,0.0,0.0,0.0,0.0
963,0.0,,1756139522.4196327,False,10.830214618304211,0.22976415710681158,-0.026200826833038662,0.1603372483465366,0.0,0.0,0.0,0.0
964,0.0,,1756139522.428819,False,10.60452195219839,0.21780002422410172,-0.029482994861262685,0.19443868990673757,0.0,0.0,0.0,0.0
965,0.0,,1756139522.4400432,False,10.394905595328495,0.19020323416803456,0.02033315680817307,0.22036583239136875,0.0,0.0,0.0,0.0
966,0.0,,1756139522.4486964,False,10.325983967780164,0.17240562488201333,0.05462500188302036,0.2534134574754097,0.0,0.0,0.0,0.0
967,0.0,,1756139522.4587789,False,10.470117329975874,0.14706510218275243,0.1570513971047093,0.29994044983976637,0.0,0.0,0.0,0.0
968,0.0,,1756139522.468784,False,10.193268050157977,0.19512055409660847,0.21764922667295178,0.3471014847674153,0.0,0.0,0.0,0.0
969,0.0,,1756139522.4792092,False,9.709100125729968,0.15980129757978365,0.24233915149128674,0.3587584228301961,0.0,0.0,0.0,0.0
970,0.0,,1756139522.4897544,False,9.453882083643052,0.0888513907654235,0.17704807891768068,0.3621844212222624,0.0,0.0,0.0,0.0
971,0.0,,1756139522.4986262,False,9.136231513658721,0.072096181962243,0.1540091727311224,0.38316560041603953,0.0,0.0,0.0,0.0
972,0.0,,1756139522.5088434,False,8.53723398292571,0.05763137243191199,0.09186549810622982,0.39582410344381436,0.0,0.0,0.0,0.0
973,0.0,,1756139522.5196145,False,8.237912824628166,-0.015123932814172845,0.05794655290009906,0.3933001636628622,0.0,0.0,0.0,0.0
901,0.0,,1756139521.798997,False,10.299531842704045,-0.28061809501833607,-0.017672861021416346,-0.03927651086737662,0.0,0.0,0.0,0.0
902,0.0,,1756139521.8089626,False,10.121645004589634,-0.07696512035554386,-0.014349356235271444,-0.07838526228185189,0.0,0.0,0.0,0.0
903,0.0,,1756139521.8191924,False,10.160494544852526,0.15395900847619248,-0.04757980589636129,-0.10614308733007542,0.0,0.0,0.0,0.0
904,0.0,,1756139521.8287544,False,10.128769625330518,0.22839764360627823,-0.023758265255117865,-0.1314553222656113,0.0,0.0,0.0,0.0
905,0.0,,1756139521.8392274,False,10.133896468209915,0.27926867128434585,0.010417638715199474,-0.15255708918029964,0.0,0.0,0.0,0.0
906,0.0,,1756139521.8489068,False,10.044340417390497,0.4080917565526551,0.10316574182197588,-0.18039302109497826,0.0,0.0,0.0,0.0
907,0.0,,1756139521.8585184,False,10.103809037421023,0.5461916135188345,0.19584492310431195,-0.23077461387799175,0.0,0.0,0.0,0.0
908,0.0,,1756139521.8687358,False,10.182987467305702,0.6123833790416252,0.2601524991189691,-0.292331063200295,0.0,0.0,0.0,0.0
909,0.0,,1756139521.8791387,False,10.04350116767145,0.5830901910478602,0.3403149611528412,-0.34286264275107275,0.0,0.0,0.0,0.0
910,0.0,,1756139521.8886907,False,10.125969137640395,0.5285669709809524,0.3873436178664965,-0.40412456393190266,0.0,0.0,0.0,0.0
911,0.0,,1756139521.8989053,False,10.316515171667527,0.5258853953399447,0.399439186175677,-0.46844396622735657,0.0,0.0,0.0,0.0
912,0.0,,1756139521.9085922,False,10.293765289774237,0.48340448860514373,0.43641539494863835,-0.5222324268645575,0.0,0.0,0.0,0.0
913,0.0,,1756139521.9187927,False,10.05464799720755,0.34980447806627524,0.4644943753564308,-0.5713122390047601,0.0,0.0,0.0,0.0
914,0.0,,1756139521.9296913,False,10.059067237972442,0.21068625355820997,0.44987318651039404,-0.6107179947372013,0.0,0.0,0.0,0.0
915,0.0,,1756139521.9388387,False,10.179205793047217,0.1477248736293304,0.4036106891697213,-0.6513987170948279,0.0,0.0,0.0,0.0
916,0.0,,1756139521.9495933,False,9.950411241618133,0.06601296037299695,0.3724880460863005,-0.6976395905364471,0.0,0.0,0.0,0.0
917,0.0,,1756139521.9586978,False,9.800276027404491,0.017073589947729756,0.31932217318844686,-0.7123246167506838,0.0,0.0,0.0,0.0
918,0.0,,1756139521.9690204,False,9.991558837366368,0.045707642775691816,0.19781368064258398,-0.705921394409998,0.0,0.0,0.0,0.0
919,0.0,,1756139521.9794307,False,9.92255742845563,0.0280545130247924,0.1337250088385299,-0.7292813818520839,0.0,0.0,0.0,0.0
920,0.0,,1756139521.989095,False,9.817829575908178,0.06280830077445215,0.038664447843678784,-0.7445734875407952,0.0,0.0,0.0,0.0
921,0.0,,1756139521.9989524,False,9.764015468769717,0.10100691668983322,-0.019449144371769492,-0.7523734564875019,0.0,0.0,0.0,0.0
922,0.0,,1756139522.0092282,False,9.931129237982653,0.20882129348986928,-0.07225727142885713,-0.7522336448264377,0.0,0.0,0.0,0.0
923,0.0,,1756139522.0190792,False,9.831685869578665,0.2013331557335966,-0.09679023748570356,-0.7761540779759822,0.0,0.0,0.0,0.0
924,0.0,,1756139522.029108,False,9.795739728688334,0.24946873452321727,-0.09791206194202487,-0.7758341713037444,0.0,0.0,0.0,0.0
925,0.0,,1756139522.0396552,False,9.970881813844779,0.32069136458642533,-0.08972502659214511,-0.7735269302080192,0.0,0.0,0.0,0.0
926,0.0,,1756139522.048771,False,10.17375437477284,0.42198339681449,-0.0864374872759222,-0.78063781637203,0.0,0.0,0.0,0.0
927,0.0,,1756139522.058944,False,10.180259651174007,0.4192746431045284,-0.08134755010154823,-0.7897770071682774,0.0,0.0,0.0,0.0
928,0.0,,1756139522.0692983,False,10.20792475562299,0.391821214123572,-0.06179535537713832,-0.7862735912781331,0.0,0.0,0.0,0.0
929,0.0,,1756139522.078885,False,10.354698165052401,0.36270432062146996,-0.04140222820024799,-0.7949860081439808,0.0,0.0,0.0,0.0
930,0.0,,1756139522.0890172,False,10.554441873238883,0.40603309424515466,-0.02790196179783079,-0.7992715963396019,0.0,0.0,0.0,0.0
931,0.0,,1756139522.099748,False,10.517341809113468,0.380296257686231,-0.006135594626603175,-0.8066013228604927,0.0,0.0,0.0,0.0
932,0.0,,1756139522.109,False,10.41995390012115,0.25590135793094176,0.004472434179620099,-0.8078678086567619,0.0,0.0,0.0,0.0
933,0.0,,1756139522.1196816,False,10.408569997174277,0.19247552793780842,0.0019877304447363554,-0.7915316450070984,0.0,0.0,0.0,0.0
934,0.0,,1756139522.1287515,False,10.453299772193343,0.1171312112597925,-0.0018448978366670528,-0.7899194586542577,0.0,0.0,0.0,0.0
935,0.0,,1756139522.1395705,False,10.406775324055426,0.0751598905174793,-0.020769104319119866,-0.7906535746168571,0.0,0.0,0.0,0.0
936,0.0,,1756139522.1492019,False,10.316285704892534,0.1379733168734515,-0.030700942444373408,-0.7763730018473363,0.0,0.0,0.0,0.0
937,0.0,,1756139522.1585479,False,10.289828214453392,0.11622985421258002,-0.06207522815978423,-0.7596453984355027,0.0,0.0,0.0,0.0
938,0.0,,1756139522.1692276,False,10.407667579178964,0.0112806020533094,-0.13115241397689192,-0.740553398733521,0.0,0.0,0.0,0.0
939,0.0,,1756139522.1789975,False,10.461118343772982,0.03561086640736666,-0.172085266395759,-0.7124294553764469,0.0,0.0,0.0,0.0
940,0.0,,1756139522.188651,False,10.466075511258971,0.09704901825455547,-0.20474494579962113,-0.6993835512912678,0.0,0.0,0.0,0.0
941,0.0,,1756139522.1988924,False,10.555860565364917,0.1582285062422988,-0.22272649315789825,-0.6741763100806937,0.0,0.0,0.0,0.0
942,0.0,,1756139522.2095828,False,10.628905826660057,0.1851920003977392,-0.2431530952362017,-0.6382277445158128,0.0,0.0,0.0,0.0
943,0.0,,1756139522.2186418,False,10.715967378069166,0.1959909267545285,-0.2681643653539366,-0.6076517433660756,0.0,0.0,0.0,0.0
944,0.0,,1756139522.22941,False,10.837357098008383,0.23885167363261453,-0.26435301627365254,-0.5845852426774184,0.0,0.0,0.0,0.0
945,0.0,,1756139522.2392745,False,10.909067438673148,0.240369079851632,-0.2607191757877842,-0.5500950364420778,0.0,0.0,0.0,0.0
946,0.0,,1756139522.2485917,False,11.130011240093916,0.20085950826671728,-0.2674455317828843,-0.5057528919709886,0.0,0.0,0.0,0.0
947,0.0,,1756139522.2588964,False,11.243306058679005,0.2071459133177303,-0.2573562567636839,-0.4618570625884679,0.0,0.0,0.0,0.0
948,0.0,,1756139522.2688196,False,11.137493051565334,0.2489330225270083,-0.22546293107880497,-0.4286380489319319,0.0,0.0,0.0,0.0
949,0.0,,1756139522.278733,False,11.156066393022469,0.26310651683608094,-0.18489618550887227,-0.3963072755852376,0.0,0.0,0.0,0.0
950,0.0,,1756139522.2889054,False,11.345010679937321,0.2051258076728415,-0.15579916745975883,-0.35619335067502594,0.0,0.0,0.0,0.0
951,0.0,,1756139522.298798,False,11.293979263186328,0.18447821063451725,-0.12490209337098451,-0.3114400275929057,0.0,0.0,0.0,0.0
952,0.0,,1756139522.3088932,False,11.48419213821564,0.10914050737178235,-0.1090174406243733,-0.2721797034678668,0.0,0.0,0.0,0.0
953,0.0,,1756139522.3192816,False,11.559783943164906,0.09404462587350075,-0.07814691578124058,-0.2242282141980329,0.0,0.0,0.0,0.0
954,0.0,,1756139522.329346,False,11.419262955107687,0.10666749669450244,-0.04776468256602684,-0.18217589320690325,0.0,0.0,0.0,0.0
955,0.0,,1756139522.338956,False,11.453133447338251,0.0967427864779572,-0.049736247545733345,-0.1399280749919982,0.0,0.0,0.0,0.0
956,0.0,,1756139522.3494513,False,11.490092866396157,0.10021574787648752,-0.030536122733735474,-0.09532035416921023,0.0,0.0,0.0,0.0
957,0.0,,1756139522.3592093,False,11.366534804578578,0.13646694936242632,-0.04136928839430015,-0.053182352583096976,0.0,0.0,0.0,0.0
958,0.0,,1756139522.3688478,False,11.277427649119053,0.16808963423247464,-0.04538854275424403,-0.01576105347648115,0.0,0.0,0.0,0.0
959,0.0,,1756139522.3791506,False,11.172405562987123,0.1823940651668373,-0.03448061819117641,0.013587898886839974,0.0,0.0,0.0,0.0
960,0.0,,1756139522.3893487,False,11.216552141847313,0.21747123383352904,-0.04437607163188828,0.05619563152750916,0.0,0.0,0.0,0.0
961,0.0,,1756139522.3987234,False,11.067675579091997,0.23946991961951414,-0.047038261938412165,0.10187040628513232,0.0,0.0,0.0,0.0
962,0.0,,1756139522.4094148,False,10.737235202514611,0.22650895079610106,-0.04818220275902094,0.1217360264427107,0.0,0.0,0.0,0.0
963,0.0,,1756139522.4196327,False,10.830214618304211,0.22976415710681158,-0.026200826833038662,0.1603372483465366,0.0,0.0,0.0,0.0
901,0.0,,1756139521.798997,False,10.299531842704045,-0.28061809501833607,-0.017672861021416346,-0.03927651086737662,0.0,0.0,0.0,0.0
902,0.0,,1756139521.8089626,False,10.121645004589634,-0.07696512035554386,-0.014349356235271444,-0.07838526228185189,0.0,0.0,0.0,0.0
903,0.0,,1756139521.8191924,False,10.160494544852526,0.15395900847619248,-0.04757980589636129,-0.10614308733007542,0.0,0.0,0.0,0.0
904,0.0,,1756139521.8287544,False,10.128769625330518,0.22839764360627823,-0.023758265255117865,-0.1314553222656113,0.0,0.0,0.0,0.0
905,0.0,,1756139521.8392274,False,10.133896468209915,0.27926867128434585,0.010417638715199474,-0.15255708918029964,0.0,0.0,0.0,0.0
906,0.0,,1756139521.8489068,False,10.044340417390497,0.4080917565526551,0.10316574182197588,-0.18039302109497826,0.0,0.0,0.0,0.0
907,0.0,,1756139521.8585184,False,10.103809037421023,0.5461916135188345,0.19584492310431195,-0.23077461387799175,0.0,0.0,0.0,0.0
908,0.0,,1756139521.8687358,False,10.182987467305702,0.6123833790416252,0.2601524991189691,-0.292331063200295,0.0,0.0,0.0,0.0
909,0.0,,1756139521.8791387,False,10.04350116767145,0.5830901910478602,0.3403149611528412,-0.34286264275107275,0.0,0.0,0.0,0.0
910,0.0,,1756139521.8886907,False,10.125969137640395,0.5285669709809524,0.3873436178664965,-0.40412456393190266,0.0,0.0,0.0,0.0
911,0.0,,1756139521.8989053,False,10.316515171667527,0.5258853953399447,0.399439186175677,-0.46844396622735657,0.0,0.0,0.0,0.0
912,0.0,,1756139521.9085922,False,10.293765289774237,0.48340448860514373,0.43641539494863835,-0.5222324268645575,0.0,0.0,0.0,0.0
913,0.0,,1756139521.9187927,False,10.05464799720755,0.34980447806627524,0.4644943753564308,-0.5713122390047601,0.0,0.0,0.0,0.0
914,0.0,,1756139521.9296913,False,10.059067237972442,0.21068625355820997,0.44987318651039404,-0.6107179947372013,0.0,0.0,0.0,0.0
915,0.0,,1756139521.9388387,False,10.179205793047217,0.1477248736293304,0.4036106891697213,-0.6513987170948279,0.0,0.0,0.0,0.0
916,0.0,,1756139521.9495933,False,9.950411241618133,0.06601296037299695,0.3724880460863005,-0.6976395905364471,0.0,0.0,0.0,0.0
917,0.0,,1756139521.9586978,False,9.800276027404491,0.017073589947729756,0.31932217318844686,-0.7123246167506838,0.0,0.0,0.0,0.0
918,0.0,,1756139521.9690204,False,9.991558837366368,0.045707642775691816,0.19781368064258398,-0.705921394409998,0.0,0.0,0.0,0.0
919,0.0,,1756139521.9794307,False,9.92255742845563,0.0280545130247924,0.1337250088385299,-0.7292813818520839,0.0,0.0,0.0,0.0
920,0.0,,1756139521.989095,False,9.817829575908178,0.06280830077445215,0.038664447843678784,-0.7445734875407952,0.0,0.0,0.0,0.0
921,0.0,,1756139521.9989524,False,9.764015468769717,0.10100691668983322,-0.019449144371769492,-0.7523734564875019,0.0,0.0,0.0,0.0
922,0.0,,1756139522.0092282,False,9.931129237982653,0.20882129348986928,-0.07225727142885713,-0.7522336448264377,0.0,0.0,0.0,0.0
923,0.0,,1756139522.0190792,False,9.831685869578665,0.2013331557335966,-0.09679023748570356,-0.7761540779759822,0.0,0.0,0.0,0.0
924,0.0,,1756139522.029108,False,9.795739728688334,0.24946873452321727,-0.09791206194202487,-0.7758341713037444,0.0,0.0,0.0,0.0
925,0.0,,1756139522.0396552,False,9.970881813844779,0.32069136458642533,-0.08972502659214511,-0.7735269302080192,0.0,0.0,0.0,0.0
926,0.0,,1756139522.048771,False,10.17375437477284,0.42198339681449,-0.0864374872759222,-0.78063781637203,0.0,0.0,0.0,0.0
927,0.0,,1756139522.058944,False,10.180259651174007,0.4192746431045284,-0.08134755010154823,-0.7897770071682774,0.0,0.0,0.0,0.0
928,0.0,,1756139522.0692983,False,10.20792475562299,0.391821214123572,-0.06179535537713832,-0.7862735912781331,0.0,0.0,0.0,0.0
929,0.0,,1756139522.078885,False,10.354698165052401,0.36270432062146996,-0.04140222820024799,-0.7949860081439808,0.0,0.0,0.0,0.0
930,0.0,,1756139522.0890172,False,10.554441873238883,0.40603309424515466,-0.02790196179783079,-0.7992715963396019,0.0,0.0,0.0,0.0
931,0.0,,1756139522.099748,False,10.517341809113468,0.380296257686231,-0.006135594626603175,-0.8066013228604927,0.0,0.0,0.0,0.0
932,0.0,,1756139522.109,False,10.41995390012115,0.25590135793094176,0.004472434179620099,-0.8078678086567619,0.0,0.0,0.0,0.0
933,0.0,,1756139522.1196816,False,10.408569997174277,0.19247552793780842,0.0019877304447363554,-0.7915316450070984,0.0,0.0,0.0,0.0
934,0.0,,1756139522.1287515,False,10.453299772193343,0.1171312112597925,-0.0018448978366670528,-0.7899194586542577,0.0,0.0,0.0,0.0
935,0.0,,1756139522.1395705,False,10.406775324055426,0.0751598905174793,-0.020769104319119866,-0.7906535746168571,0.0,0.0,0.0,0.0
936,0.0,,1756139522.1492019,False,10.316285704892534,0.1379733168734515,-0.030700942444373408,-0.7763730018473363,0.0,0.0,0.0,0.0
937,0.0,,1756139522.1585479,False,10.289828214453392,0.11622985421258002,-0.06207522815978423,-0.7596453984355027,0.0,0.0,0.0,0.0
938,0.0,,1756139522.1692276,False,10.407667579178964,0.0112806020533094,-0.13115241397689192,-0.740553398733521,0.0,0.0,0.0,0.0
939,0.0,,1756139522.1789975,False,10.461118343772982,0.03561086640736666,-0.172085266395759,-0.7124294553764469,0.0,0.0,0.0,0.0
940,0.0,,1756139522.188651,False,10.466075511258971,0.09704901825455547,-0.20474494579962113,-0.6993835512912678,0.0,0.0,0.0,0.0
941,0.0,,1756139522.1988924,False,10.555860565364917,0.1582285062422988,-0.22272649315789825,-0.6741763100806937,0.0,0.0,0.0,0.0
942,0.0,,1756139522.2095828,False,10.628905826660057,0.1851920003977392,-0.2431530952362017,-0.6382277445158128,0.0,0.0,0.0,0.0
943,0.0,,1756139522.2186418,False,10.715967378069166,0.1959909267545285,-0.2681643653539366,-0.6076517433660756,0.0,0.0,0.0,0.0
944,0.0,,1756139522.22941,False,10.837357098008383,0.23885167363261453,-0.26435301627365254,-0.5845852426774184,0.0,0.0,0.0,0.0
945,0.0,,1756139522.2392745,False,10.909067438673148,0.240369079851632,-0.2607191757877842,-0.5500950364420778,0.0,0.0,0.0,0.0
946,0.0,,1756139522.2485917,False,11.130011240093916,0.20085950826671728,-0.2674455317828843,-0.5057528919709886,0.0,0.0,0.0,0.0
947,0.0,,1756139522.2588964,False,11.243306058679005,0.2071459133177303,-0.2573562567636839,-0.4618570625884679,0.0,0.0,0.0,0.0
948,0.0,,1756139522.2688196,False,11.137493051565334,0.2489330225270083,-0.22546293107880497,-0.4286380489319319,0.0,0.0,0.0,0.0
949,0.0,,1756139522.278733,False,11.156066393022469,0.26310651683608094,-0.18489618550887227,-0.3963072755852376,0.0,0.0,0.0,0.0
950,0.0,,1756139522.2889054,False,11.345010679937321,0.2051258076728415,-0.15579916745975883,-0.35619335067502594,0.0,0.0,0.0,0.0
951,0.0,,1756139522.298798,False,11.293979263186328,0.18447821063451725,-0.12490209337098451,-0.3114400275929057,0.0,0.0,0.0,0.0
952,0.0,,1756139522.3088932,False,11.48419213821564,0.10914050737178235,-0.1090174406243733,-0.2721797034678668,0.0,0.0,0.0,0.0
953,0.0,,1756139522.3192816,False,11.559783943164906,0.09404462587350075,-0.07814691578124058,-0.2242282141980329,0.0,0.0,0.0,0.0
954,0.0,,1756139522.329346,False,11.419262955107687,0.10666749669450244,-0.04776468256602684,-0.18217589320690325,0.0,0.0,0.0,0.0
955,0.0,,1756139522.338956,False,11.453133447338251,0.0967427864779572,-0.049736247545733345,-0.1399280749919982,0.0,0.0,0.0,0.0
956,0.0,,1756139522.3494513,False,11.490092866396157,0.10021574787648752,-0.030536122733735474,-0.09532035416921023,0.0,0.0,0.0,0.0
957,0.0,,1756139522.3592093,False,11.366534804578578,0.13646694936242632,-0.04136928839430015,-0.053182352583096976,0.0,0.0,0.0,0.0
958,0.0,,1756139522.3688478,False,11.277427649119053,0.16808963423247464,-0.04538854275424403,-0.01576105347648115,0.0,0.0,0.0,0.0
959,0.0,,1756139522.3791506,False,11.172405562987123,0.1823940651668373,-0.03448061819117641,0.013587898886839974,0.0,0.0,0.0,0.0
960,0.0,,1756139522.3893487,False,11.216552141847313,0.21747123383352904,-0.04437607163188828,0.05619563152750916,0.0,0.0,0.0,0.0
961,0.0,,1756139522.3987234,False,11.067675579091997,0.23946991961951414,-0.047038261938412165,0.10187040628513232,0.0,0.0,0.0,0.0
962,0.0,,1756139522.4094148,False,10.737235202514611,0.22650895079610106,-0.04818220275902094,0.1217360264427107,0.0,0.0,0.0,0.0
963,0.0,,1756139522.4196327,False,10.830214618304211,0.22976415710681158,-0.026200826833038662,0.1603372483465366,0.0,0.0,0.0,0.0
964,0.0,,1756139522.428819,False,10.60452195219839,0.21780002422410172,-0.029482994861262685,0.19443868990673757,0.0,0.0,0.0,0.0
965,0.0,,1756139522.4400432,False,10.394905595328495,0.19020323416803456,0.02033315680817307,0.22036583239136875,0.0,0.0,0.0,0.0
966,0.0,,1756139522.4486964,False,10.325983967780164,0.17240562488201333,0.05462500188302036,0.2534134574754097,0.0,0.0,0.0,0.0
967,0.0,,1756139522.4587789,False,10.470117329975874,0.14706510218275243,0.1570513971047093,0.29994044983976637,0.0,0.0,0.0,0.0
968,0.0,,1756139522.468784,False,10.193268050157977,0.19512055409660847,0.21764922667295178,0.3471014847674153,0.0,0.0,0.0,0.0
969,0.0,,1756139522.4792092,False,9.709100125729968,0.15980129757978365,0.24233915149128674,0.3587584228301961,0.0,0.0,0.0,0.0
970,0.0,,1756139522.4897544,False,9.453882083643052,0.0888513907654235,0.17704807891768068,0.3621844212222624,0.0,0.0,0.0,0.0
971,0.0,,1756139522.4986262,False,9.136231513658721,0.072096181962243,0.1540091727311224,0.38316560041603953,0.0,0.0,0.0,0.0
972,0.0,,1756139522.5088434,False,8.53723398292571,0.05763137243191199,0.09186549810622982,0.39582410344381436,0.0,0.0,0.0,0.0
973,0.0,,1756139522.5196145,False,8.237912824628166,-0.015123932814172845,0.05794655290009906,0.3933001636628622,0.0,0.0,0.0,0.0
964,0.0,,1756139522.428819,False,10.60452195219839,0.21780002422410172,-0.029482994861262685,0.19443868990673757,0.0,0.0,0.0,0.0
965,0.0,,1756139522.4400432,False,10.394905595328495,0.19020323416803456,0.02033315680817307,0.22036583239136875,0.0,0.0,0.0,0.0
966,0.0,,1756139522.4486964,False,10.325983967780164,0.17240562488201333,0.05462500188302036,0.2534134574754097,0.0,0.0,0.0,0.0
967,0.0,,1756139522.4587789,False,10.470117329975874,0.14706510218275243,0.1570513971047093,0.29994044983976637,0.0,0.0,0.0,0.0
968,0.0,,1756139522.468784,False,10.193268050157977,0.19512055409660847,0.21764922667295178,0.3471014847674153,0.0,0.0,0.0,0.0
969,0.0,,1756139522.4792092,False,9.709100125729968,0.15980129757978365,0.24233915149128674,0.3587584228301961,0.0,0.0,0.0,0.0
970,0.0,,1756139522.4897544,False,9.453882083643052,0.0888513907654235,0.17704807891768068,0.3621844212222624,0.0,0.0,0.0,0.0
971,0.0,,1756139522.4986262,False,9.136231513658721,0.072096181962243,0.1540091727311224,0.38316560041603953,0.0,0.0,0.0,0.0
972,0.0,,1756139522.5088434,False,8.53723398292571,0.05763137243191199,0.09186549810622982,0.39582410344381436,0.0,0.0,0.0,0.0
973,0.0,,1756139522.5196145,False,8.237912824628166,-0.015123932814172845,0.05794655290009906,0.3933001636628622,0.0,0.0,0.0,0.0
974,0.0,,1756139522.5286226,False,7.9699158266329775,-0.04960624604756397,0.022197637339940908,0.4158893621959555,0.0,0.0,0.0,0.0
975,0.0,,1756139522.5423453,False,7.335968820052013,0.02872355889091963,0.035583304953766104,0.4274831154583183,0.0,0.0,0.0,0.0
976,0.0,,1756139522.5485153,False,7.108278782168406,0.02638665514004232,0.02988484121768384,0.4128780383038113,0.0,0.0,0.0,0.0
977,0.0,,1756139522.5587611,False,6.7393822446974765,0.008998867326705533,-0.010077799345687404,0.42221079678643053,0.0,0.0,0.0,0.0
978,0.0,,1756139522.569142,False,6.30367087362956,0.06137635385515784,0.027574552422658414,0.40670120328376913,0.0,0.0,0.0,0.0
979,0.0,,1756139522.5786142,False,5.958257697307601,0.08225790768294437,0.03527958061848728,0.4067710742259594,0.0,0.0,0.0,0.0
980,0.0,,1756139522.588861,False,5.672791910176876,0.0745215959510699,0.05801032134970934,0.3912321137061324,0.0,0.0,0.0,0.0
981,0.0,,1756139522.5997198,False,5.194257336317132,0.04494382696400635,0.03777774765799322,0.3798181164195495,0.0,0.0,0.0,0.0
982,0.0,,1756139522.6119385,False,4.797282536816196,0.07381264251808374,0.07903935898643746,0.3507612341552987,0.0,0.0,0.0,0.0
983,0.0,,1756139522.61946,False,4.861434645835255,-0.07385638274777878,0.10745738328220991,0.31244432606988465,0.0,0.0,0.0,0.0
984,0.0,,1756139522.629293,False,4.688994118545977,-0.12473623323618696,0.04170351926699031,0.287548373985796,0.0,0.0,0.0,0.0
985,0.0,,1756139522.639462,False,4.41576468761523,-0.0790178965707212,0.06954177874498937,0.24205548402545324,0.0,0.0,0.0,0.0
986,0.0,,1756139522.6491542,False,5.2447088973647835,-0.29033960847746365,-0.30461051546818774,0.2651509608450574,0.0,0.0,0.0,0.0
987,0.0,,1756139522.6584992,False,5.775154471931428,-0.288319145300282,-0.2516853600482577,0.23484440152482738,0.0,0.0,0.0,0.0
988,0.0,,1756139522.669037,False,5.674704812882768,-0.1486066471253403,-0.1493862598806307,0.2904980071637246,0.0,0.0,0.0,0.0
989,0.0,,1756139522.6791751,False,6.066634630649097,0.011393993859841939,0.034529777813331594,0.2711610001780176,0.0,0.0,0.0,0.0
990,0.0,,1756139522.6888185,False,6.464578305565614,0.056713739617805535,0.03152314123604231,0.2890072856173657,0.0,0.0,0.0,0.0
991,0.0,,1756139522.699296,False,6.8757939923006415,0.039459063844044816,0.047728350455447585,0.2692683204583449,0.0,0.0,0.0,0.0
992,0.0,,1756139522.708638,False,7.191959303606622,0.14887990587097097,0.022247386050752396,0.22368196073152646,0.0,0.0,0.0,0.0
993,0.0,,1756139522.7198262,False,7.706463916889511,0.22352273896486177,0.03840903762142887,0.17396352253361208,0.0,0.0,0.0,0.0
994,0.0,,1756139522.7307296,False,8.285836847731792,0.27531099044420565,0.08236971080951566,0.13445856708183357,0.0,0.0,0.0,0.0
995,0.0,,1756139522.73986,False,8.50848084845424,0.27412934540621803,0.07911449425310893,0.11251470944251468,0.0,0.0,0.0,0.0
996,0.0,,1756139522.7499204,False,8.720918064128723,0.2703120597747963,0.0600735929354316,0.0974839060873309,0.0,0.0,0.0,0.0
997,0.0,,1756139522.7595723,False,9.133687852307853,0.29870812206134434,0.14399791749687896,0.03680915834147695,0.0,0.0,0.0,0.0
998,0.0,,1756139522.76879,False,9.355207749134301,0.31459229142750694,0.1618872182566572,-0.0077125164319408225,0.0,0.0,0.0,0.0
999,0.0,,1756139522.7790716,False,9.534260388196227,0.2967333760317342,0.15431597456512613,-0.06105284549226955,0.0,0.0,0.0,0.0
1000,0.0,,1756139522.7885408,False,9.765237615299732,0.2639493686102469,0.20795189285114796,-0.11038967690469896,0.0,0.0,0.0,0.0
1001,0.0,,1756139522.7995646,False,9.714658079765194,0.19935602034048333,0.17671103766004295,-0.14462116067569605,0.0,0.0,0.0,0.0
1002,0.0,,1756139522.8088129,False,10.023248666191233,0.1657949057778193,0.20651852326981818,-0.18774242422174758,0.0,0.0,0.0,0.0
1003,0.0,,1756139522.8188634,False,10.041314505199942,0.13973836732144634,0.1967838193330983,-0.22464575440801482,0.0,0.0,0.0,0.0
1004,0.0,,1756139522.8288136,False,9.944181397436424,0.061495399257783606,0.1504453108185077,-0.25969978709656655,0.0,0.0,0.0,0.0
1005,0.0,,1756139522.8388586,False,9.70744992974032,-0.0009044586206387942,0.08163170239462017,-0.2806378513059595,0.0,0.0,0.0,0.0
1006,0.0,,1756139522.8487227,False,9.738247459066304,-0.03965417065313641,0.08844080535433435,-0.32070084534655086,0.0,0.0,0.0,0.0
1007,0.0,,1756139522.859395,False,10.06038347332819,0.006031348157711579,0.12058051429909306,-0.35312593154686706,0.0,0.0,0.0,0.0
1008,0.0,,1756139522.8692856,False,10.028839572284806,0.03626036890937214,0.1222797485122229,-0.38850542947403177,0.0,0.0,0.0,0.0
1009,0.0,,1756139522.8790205,False,10.018508113048785,0.032346132140737546,0.12337241476590145,-0.4159543808055214,0.0,0.0,0.0,0.0
1010,0.0,,1756139522.8892453,False,9.92093253728758,0.028263003721625504,0.10163726978742002,-0.42401306939670913,0.0,0.0,0.0,0.0
1011,0.0,,1756139522.903478,False,9.89704724998101,-0.016975632540249926,0.06365107395671724,-0.44536067434551574,0.0,0.0,0.0,0.0
1012,0.0,,1756139522.9101398,False,10.176701768414487,0.0676498930623848,0.12218581970703249,-0.4661359433604111,0.0,0.0,0.0,0.0
1013,0.0,,1756139522.919427,False,10.148315648176975,0.132778812126759,0.14504965528756192,-0.5019048820007176,0.0,0.0,0.0,0.0
1014,0.0,,1756139522.9293401,False,9.959298754676954,0.08990124581982109,0.11394772174723353,-0.5291102030131657,0.0,0.0,0.0,0.0
1015,0.0,,1756139522.9394166,False,10.0336162672053,0.09172955761407228,0.17152304734948895,-0.5411328144641406,0.0,0.0,0.0,0.0
1016,0.0,,1756139522.9493499,False,9.992398804459995,0.053215843200430754,0.16874081178080266,-0.5638821068218798,0.0,0.0,0.0,0.0
1017,0.0,,1756139522.9590023,False,9.99237526193599,0.032692678196670724,0.160557979518738,-0.5941771747753052,0.0,0.0,0.0,0.0
1018,0.0,,1756139522.9694493,False,9.850604487984379,0.02276699641442665,0.16566997178897785,-0.6142441396752452,0.0,0.0,0.0,0.0
1019,0.0,,1756139522.9798748,False,9.896362696925179,-0.035336558415268254,0.19588944311871503,-0.6399693056727112,0.0,0.0,0.0,0.0
1020,0.0,,1756139522.989306,False,9.92368467667314,-0.06156061288635937,0.1857605144633076,-0.65595842450127,0.0,0.0,0.0,0.0
1021,0.0,,1756139522.9993315,False,9.90601256749046,-0.10105578713146796,0.18702521013506015,-0.6747703316670544,0.0,0.0,0.0,0.0
1022,0.0,,1756139523.009779,False,9.939538510357075,-0.1233321275201952,0.19401165575923185,-0.6910474419785751,0.0,0.0,0.0,0.0
1023,0.0,,1756139523.0192564,False,9.934678105529242,-0.13621017401273883,0.18781771054279073,-0.6943068992088556,0.0,0.0,0.0,0.0
1024,0.0,,1756139523.0301852,False,9.972999046371402,-0.17664284031383692,0.16836537548416255,-0.699082512607675,0.0,0.0,0.0,0.0
1025,0.0,,1756139523.0392454,False,9.983791761600353,-0.17917461293755393,0.13596294766428388,-0.709013841072023,0.0,0.0,0.0,0.0
1026,0.0,,1756139523.0492792,False,9.992656181242111,-0.14574145159855753,0.11957825347007747,-0.7075324249124764,0.0,0.0,0.0,0.0
1027,0.0,,1756139523.0597188,False,9.953160249132052,-0.1603989674019538,0.05678903368598283,-0.7099910731168075,0.0,0.0,0.0,0.0
1028,0.0,,1756139523.0689986,False,10.004708994410105,-0.17714343486804807,0.028661576709009505,-0.7123963921386531,0.0,0.0,0.0,0.0
1029,0.0,,1756139523.0803752,False,10.00053315798047,-0.17865614534598806,-0.017023453467571906,-0.7112331692899132,0.0,0.0,0.0,0.0
1030,0.0,,1756139523.0894175,False,10.033247316914862,-0.13965323824571804,-0.03210494605078748,-0.7124397506143352,0.0,0.0,0.0,0.0
1031,0.0,,1756139523.0992372,False,10.114931983545654,-0.12858508466647003,-0.015795241649410575,-0.7120716269931686,0.0,0.0,0.0,0.0
1032,0.0,,1756139523.110114,False,10.17082146506051,-0.12493444944486656,-0.021805578645067394,-0.6990144406936458,0.0,0.0,0.0,0.0
1033,0.0,,1756139523.1195564,False,10.229187849299667,-0.12215145109126918,-0.03080611738613099,-0.6909594027544117,0.0,0.0,0.0,0.0
1034,0.0,,1756139523.1291597,False,10.272633045348943,-0.10628474133999555,-0.03635859603947768,-0.6867255785568045,0.0,0.0,0.0,0.0
1035,0.0,,1756139523.1395006,False,10.358771940848015,-0.0926601776028105,-0.02239319650457646,-0.6775881694946154,0.0,0.0,0.0,0.0
1036,0.0,,1756139523.1495185,False,10.404132560798725,-0.10325451485452429,-0.037858829811127655,-0.6676125438667427,0.0,0.0,0.0,0.0
1037,0.0,,1756139523.1592836,False,10.431577469458357,-0.10350928793460859,-0.05080427454420527,-0.6547142799105345,0.0,0.0,0.0,0.0
1038,0.0,,1756139523.170056,False,10.449327241366866,-0.10650128517400104,-0.0630175318704149,-0.6445372955411177,0.0,0.0,0.0,0.0
1039,0.0,,1756139523.1797225,False,10.526735456145957,-0.09820617334199558,-0.04776940568786997,-0.636813540621569,0.0,0.0,0.0,0.0
1040,0.0,,1756139523.1892,False,10.54033309102024,-0.08845130382168967,-0.04898472939823236,-0.6232283410488552,0.0,0.0,0.0,0.0
1041,0.0,,1756139523.1991792,False,10.529611341694563,-0.07981949927448088,-0.05077316113240998,-0.601801657920408,0.0,0.0,0.0,0.0
1042,0.0,,1756139523.2093494,False,10.58691912487915,-0.07468125067525548,-0.06171155665486158,-0.5917553830806215,0.0,0.0,0.0,0.0
1043,0.0,,1756139523.218872,False,10.64860705276593,-0.07622448340214925,-0.0783229522006291,-0.5789869194977197,0.0,0.0,0.0,0.0
1044,0.0,,1756139523.230485,False,10.621783769151328,-0.05106359870759729,-0.04682116664190749,-0.5600298823553698,0.0,0.0,0.0,0.0
1045,0.0,,1756139523.2389734,False,10.785247951294881,-0.06892234458142374,-0.09802362343369518,-0.5580319238787081,0.0,0.0,0.0,0.0
1046,0.0,,1756139523.2502072,False,10.869300908399062,-0.05741025025716297,-0.1116479227085283,-0.5284190183585603,0.0,0.0,0.0,0.0
1047,0.0,,1756139523.258987,False,10.795351018559618,-0.035619555938663394,-0.07889413847332671,-0.5074657775898422,0.0,0.0,0.0,0.0
1048,0.0,,1756139523.26883,False,10.99727895054591,-0.026294385354600325,-0.13875604100199726,-0.4930625979252654,0.0,0.0,0.0,0.0
1050,0.0,,1756139523.2887065,False,10.97323899376148,0.028707043500575673,-0.11395868641698198,-0.4461581837337551,0.0,0.0,0.0,0.0
1051,0.0,,1756139523.2991593,False,10.940466402255653,0.05471282405274868,-0.10929254613744512,-0.42045088581201545,0.0,0.0,0.0,0.0
1052,0.0,,1756139523.3094988,False,11.050688006709704,0.0656855989458679,-0.0770311173107426,-0.3886640137225042,0.0,0.0,0.0,0.0
1053,0.0,,1756139523.3187225,False,11.091561448655968,0.08842280141826847,-0.05229517872480087,-0.36664648849157755,0.0,0.0,0.0,0.0
1054,0.0,,1756139523.3292513,False,11.110005805359323,0.11528205007507242,-0.060904394292567866,-0.34972757910573454,0.0,0.0,0.0,0.0
1055,0.0,,1756139523.3390086,False,11.208315150830803,0.12265789135795337,-0.05116254067395669,-0.3296491724233656,0.0,0.0,0.0,0.0
1056,0.0,,1756139523.3486588,False,11.313687003015112,0.1282227713109753,-0.050219152752579266,-0.2975729882300284,0.0,0.0,0.0,0.0
1057,0.0,,1756139523.3590355,False,11.349426932058847,0.12031222476866785,-0.04481103930081501,-0.2760868326157835,0.0,0.0,0.0,0.0
1058,0.0,,1756139523.368573,False,11.079887993233685,0.10278365988199838,-0.027743138584611894,-0.24760618209063145,0.0,0.0,0.0,0.0
1059,0.0,,1756139523.3790584,False,11.086392315757585,0.10354328983208604,-0.027122454371202285,-0.22670235086860172,0.0,0.0,0.0,0.0
1060,0.0,,1756139523.388765,False,11.227140576478273,0.10887870144292454,-0.003831442811308587,-0.20526282038669502,0.0,0.0,0.0,0.0
1061,0.0,,1756139523.3988316,False,11.234985383724801,0.14158113057107857,-0.003173461364458466,-0.1826800304241964,0.0,0.0,0.0,0.0
1062,0.0,,1756139523.409194,False,11.297974104012482,0.16721068685871424,0.011489819435713358,-0.17147650292054406,0.0,0.0,0.0,0.0
1063,0.0,,1756139523.4198194,False,11.202758046126307,0.18259587785106288,0.0314968957433925,-0.13697856967669558,0.0,0.0,0.0,0.0
1064,0.0,,1756139523.4295795,False,11.081337134623865,0.18427764212718056,0.026258479117735392,-0.11467974681120738,0.0,0.0,0.0,0.0
1065,0.0,,1756139523.439744,False,10.963430780434619,0.19150796133772952,0.01687128868332411,-0.09243134977671329,0.0,0.0,0.0,0.0
1066,0.0,,1756139523.449928,False,10.888815233048767,0.17863582285918395,0.03143251134917336,-0.07489177472460339,0.0,0.0,0.0,0.0
1067,0.0,,1756139523.4591932,False,10.747346398493011,0.1758237348341531,0.023249507018063213,-0.056380396902597975,0.0,0.0,0.0,0.0
1068,0.0,,1756139523.4701235,False,10.779630565720367,0.17084408240288446,0.05243652865270763,-0.042281832829017416,0.0,0.0,0.0,0.0
1069,0.0,,1756139523.478719,False,10.828489149009519,0.18163984281552134,0.08350123631555086,-0.02591396254792403,0.0,0.0,0.0,0.0
1070,0.0,,1756139523.4915743,False,10.487952343681005,0.16416206923269905,0.09788684821015436,-0.00010968889414387974,0.0,0.0,0.0,0.0
1071,0.0,,1756139523.506101,False,10.316768124593725,0.1618293907861235,0.09712576752562418,0.0034456067505998314,0.0,0.0,0.0,0.0
1072,0.0,,1756139523.512179,False,10.184802434986533,0.1514786983724623,0.08334380073677444,0.02244526234725522,0.0,0.0,0.0,0.0
1073,0.0,,1756139523.521669,False,9.804636818247717,0.14977165789064095,0.04301855446508446,0.041978315458647844,0.0,0.0,0.0,0.0
1074,0.0,,1756139523.533582,False,9.52770529753765,0.14324023858894966,0.042820744993622435,0.04176647603120546,0.0,0.0,0.0,0.0
1075,0.0,,1756139523.5472007,False,9.404810852120757,0.13373071945426043,0.10185646125123085,0.05057938316262377,0.0,0.0,0.0,0.0
1076,0.0,,1756139523.5547593,False,9.224430638469663,0.13723625657038696,0.0891817282423848,0.06344113617873284,0.0,0.0,0.0,0.0
1077,0.0,,1756139523.561145,False,8.884001523661794,0.13857619564863316,0.1094487486047822,0.06609668490685322,0.0,0.0,0.0,0.0
1078,0.0,,1756139523.5720494,False,8.385794573847775,0.11444067444374238,0.12425047051509423,0.06603759443407275,0.0,0.0,0.0,0.0
1079,0.0,,1756139523.5846868,False,8.039000039652091,0.09538304236046045,0.07862330433875664,0.06591105627676369,0.0,0.0,0.0,0.0
1080,0.0,,1756139523.5940921,False,7.831505453196563,0.07976198280560672,0.016296764228272972,0.071774129175518,0.0,0.0,0.0,0.0
1081,0.0,,1756139523.604752,False,7.392138445678552,0.04234208660604595,0.011305784801903297,0.06961606523267314,0.0,0.0,0.0,0.0
1082,0.0,,1756139523.6114757,False,7.1801567148036956,-0.034285462284869894,-0.005403328795832797,0.07794340065266556,0.0,0.0,0.0,0.0
1083,0.0,,1756139523.621897,False,6.621848776473662,-0.03102061903070016,0.02280296688728187,0.050698302794097275,0.0,0.0,0.0,0.0
1084,0.0,,1756139523.6313071,False,6.201333941269272,0.010428311611863687,0.03392480965766042,0.024069136366335946,0.0,0.0,0.0,0.0
1085,0.0,,1756139523.641787,False,5.734654294895056,0.01759081652861876,0.006729616633477011,0.005609018237972262,0.0,0.0,0.0,0.0
1086,0.0,,1756139523.6520782,False,5.373001595356256,-0.010303343474289375,-0.0003497593301874213,-0.032799029831347366,0.0,0.0,0.0,0.0
1087,0.0,,1756139523.6600792,False,5.073682753987549,0.013379297503062694,-0.026605520599752283,-0.0503440861215862,0.0,0.0,0.0,0.0
1088,0.0,,1756139523.6704428,False,4.848043287775801,0.044510967363657686,-0.027836658774889222,-0.09647834718619219,0.0,0.0,0.0,0.0
1089,0.0,,1756139523.6804972,False,4.731511229371246,0.038573783780903856,0.0017048881842902323,-0.1289208519325438,0.0,0.0,0.0,0.0
1090,0.0,,1756139523.690689,False,4.43887461002588,0.04700142948797415,-0.00980770849368072,-0.17278717546639538,0.0,0.0,0.0,0.0
1091,0.0,,1756139523.7000923,False,4.100342787117996,0.13585856611195946,-0.01756875367353873,-0.2331878247937776,0.0,0.0,0.0,0.0
1092,0.0,,1756139523.7096312,False,3.967077093402321,0.12358244440784308,0.053183102080116236,-0.30538005922992134,0.0,0.0,0.0,0.0
1093,0.0,,1756139523.7201378,False,3.815357884036093,0.07888283810663739,0.09364172662756094,-0.3836707317300316,0.0,0.0,0.0,0.0
1094,0.0,,1756139523.730107,False,3.640945347527971,0.058501359585884025,0.1621491409716984,-0.4512453617032719,0.0,0.0,0.0,0.0
1095,0.0,,1756139523.7403865,False,3.5848500222399737,-0.03269056177258973,0.2757627961994909,-0.5297667435119251,0.0,0.0,0.0,0.0
1096,0.0,,1756139523.7501678,False,3.51413306547093,-0.1174172057846529,0.39265624142596767,-0.620544967007109,0.0,0.0,0.0,0.0
1097,0.0,,1756139523.7599375,False,3.67745868863173,-0.2598612725778489,0.5682130145012797,-0.6710007066937894,0.0,0.0,0.0,0.0
1098,0.0,,1756139523.7708719,False,4.010652551254559,-0.32025140870238306,0.6817036350267194,-0.7380126435369373,0.0,0.0,0.0,0.0
1099,0.0,,1756139523.7806096,False,4.353348546701401,-0.3974278780588963,0.7954370186350237,-0.7835628247909561,0.0,0.0,0.0,0.0
1100,0.0,,1756139523.7899623,False,4.713985457653463,-0.46797986768365735,0.8585411424541844,-0.8331784869188607,0.0,0.0,0.0,0.0
1101,0.0,,1756139523.799913,False,5.086502142208744,-0.38460171459426823,0.8997653278844563,-0.9109758190069188,0.0,0.0,0.0,0.0
1102,0.0,,1756139523.8095274,False,5.475037870544524,-0.3365237251048413,0.9275476485314307,-0.9596567674258114,0.0,0.0,0.0,0.0
1103,0.0,,1756139523.8198564,False,5.901902387229291,-0.33677347764957843,0.9365542886112748,-1.0260908590790712,0.0,0.0,0.0,0.0
1104,0.0,,1756139523.830766,False,6.2959631900784725,-0.3058936702358729,0.9102129481498705,-1.088990147027503,0.0,0.0,0.0,0.0
1105,0.0,,1756139523.8404756,False,6.590608841752704,-0.22924968181032812,0.8782584272006371,-1.1557552282282932,0.0,0.0,0.0,0.0
1106,0.0,,1756139523.8501809,False,6.821149376760911,-0.062073579419500265,0.9024938072005373,-1.2496299587895479,0.0,0.0,0.0,0.0
1107,0.0,,1756139523.860613,False,7.106998482917434,-0.012047176655319788,0.9309523909296377,-1.3272399288030285,0.0,0.0,0.0,0.0
1108,0.0,,1756139523.8696804,False,7.44606096331521,-0.11587958118374671,0.8509092907671789,-1.3906132315929267,0.0,0.0,0.0,0.0
1109,0.0,,1756139523.8795824,False,7.809392744337278,-0.05921659746761284,0.8520617864020061,-1.4655757421093207,0.0,0.0,0.0,0.0
1110,0.0,,1756139523.8905904,False,8.092319492006169,0.02540602851800572,0.8512738851013849,-1.545297440958878,0.0,0.0,0.0,0.0
1111,0.0,,1756139523.9003918,False,8.489069781042993,-0.02095793949645678,0.8366060682895968,-1.609450918743471,0.0,0.0,0.0,0.0
1052,0.0,,1756139523.3094988,False,11.050688006709704,0.0656855989458679,-0.0770311173107426,-0.3886640137225042,0.0,0.0,0.0,0.0
1053,0.0,,1756139523.3187225,False,11.091561448655968,0.08842280141826847,-0.05229517872480087,-0.36664648849157755,0.0,0.0,0.0,0.0
1054,0.0,,1756139523.3292513,False,11.110005805359323,0.11528205007507242,-0.060904394292567866,-0.34972757910573454,0.0,0.0,0.0,0.0
1055,0.0,,1756139523.3390086,False,11.208315150830803,0.12265789135795337,-0.05116254067395669,-0.3296491724233656,0.0,0.0,0.0,0.0
1056,0.0,,1756139523.3486588,False,11.313687003015112,0.1282227713109753,-0.050219152752579266,-0.2975729882300284,0.0,0.0,0.0,0.0
1057,0.0,,1756139523.3590355,False,11.349426932058847,0.12031222476866785,-0.04481103930081501,-0.2760868326157835,0.0,0.0,0.0,0.0
1058,0.0,,1756139523.368573,False,11.079887993233685,0.10278365988199838,-0.027743138584611894,-0.24760618209063145,0.0,0.0,0.0,0.0
1059,0.0,,1756139523.3790584,False,11.086392315757585,0.10354328983208604,-0.027122454371202285,-0.22670235086860172,0.0,0.0,0.0,0.0
1060,0.0,,1756139523.388765,False,11.227140576478273,0.10887870144292454,-0.003831442811308587,-0.20526282038669502,0.0,0.0,0.0,0.0
1061,0.0,,1756139523.3988316,False,11.234985383724801,0.14158113057107857,-0.003173461364458466,-0.1826800304241964,0.0,0.0,0.0,0.0
1062,0.0,,1756139523.409194,False,11.297974104012482,0.16721068685871424,0.011489819435713358,-0.17147650292054406,0.0,0.0,0.0,0.0
1063,0.0,,1756139523.4198194,False,11.202758046126307,0.18259587785106288,0.0314968957433925,-0.13697856967669558,0.0,0.0,0.0,0.0
1064,0.0,,1756139523.4295795,False,11.081337134623865,0.18427764212718056,0.026258479117735392,-0.11467974681120738,0.0,0.0,0.0,0.0
1065,0.0,,1756139523.439744,False,10.963430780434619,0.19150796133772952,0.01687128868332411,-0.09243134977671329,0.0,0.0,0.0,0.0
1066,0.0,,1756139523.449928,False,10.888815233048767,0.17863582285918395,0.03143251134917336,-0.07489177472460339,0.0,0.0,0.0,0.0
1067,0.0,,1756139523.4591932,False,10.747346398493011,0.1758237348341531,0.023249507018063213,-0.056380396902597975,0.0,0.0,0.0,0.0
1068,0.0,,1756139523.4701235,False,10.779630565720367,0.17084408240288446,0.05243652865270763,-0.042281832829017416,0.0,0.0,0.0,0.0
1069,0.0,,1756139523.478719,False,10.828489149009519,0.18163984281552134,0.08350123631555086,-0.02591396254792403,0.0,0.0,0.0,0.0
1070,0.0,,1756139523.4915743,False,10.487952343681005,0.16416206923269905,0.09788684821015436,-0.00010968889414387974,0.0,0.0,0.0,0.0
1071,0.0,,1756139523.506101,False,10.316768124593725,0.1618293907861235,0.09712576752562418,0.0034456067505998314,0.0,0.0,0.0,0.0
1072,0.0,,1756139523.512179,False,10.184802434986533,0.1514786983724623,0.08334380073677444,0.02244526234725522,0.0,0.0,0.0,0.0
1073,0.0,,1756139523.521669,False,9.804636818247717,0.14977165789064095,0.04301855446508446,0.041978315458647844,0.0,0.0,0.0,0.0
1074,0.0,,1756139523.533582,False,9.52770529753765,0.14324023858894966,0.042820744993622435,0.04176647603120546,0.0,0.0,0.0,0.0
1075,0.0,,1756139523.5472007,False,9.404810852120757,0.13373071945426043,0.10185646125123085,0.05057938316262377,0.0,0.0,0.0,0.0
1076,0.0,,1756139523.5547593,False,9.224430638469663,0.13723625657038696,0.0891817282423848,0.06344113617873284,0.0,0.0,0.0,0.0
1077,0.0,,1756139523.561145,False,8.884001523661794,0.13857619564863316,0.1094487486047822,0.06609668490685322,0.0,0.0,0.0,0.0
1078,0.0,,1756139523.5720494,False,8.385794573847775,0.11444067444374238,0.12425047051509423,0.06603759443407275,0.0,0.0,0.0,0.0
1079,0.0,,1756139523.5846868,False,8.039000039652091,0.09538304236046045,0.07862330433875664,0.06591105627676369,0.0,0.0,0.0,0.0
1080,0.0,,1756139523.5940921,False,7.831505453196563,0.07976198280560672,0.016296764228272972,0.071774129175518,0.0,0.0,0.0,0.0
1081,0.0,,1756139523.604752,False,7.392138445678552,0.04234208660604595,0.011305784801903297,0.06961606523267314,0.0,0.0,0.0,0.0
1082,0.0,,1756139523.6114757,False,7.1801567148036956,-0.034285462284869894,-0.005403328795832797,0.07794340065266556,0.0,0.0,0.0,0.0
1083,0.0,,1756139523.621897,False,6.621848776473662,-0.03102061903070016,0.02280296688728187,0.050698302794097275,0.0,0.0,0.0,0.0
1084,0.0,,1756139523.6313071,False,6.201333941269272,0.010428311611863687,0.03392480965766042,0.024069136366335946,0.0,0.0,0.0,0.0
1085,0.0,,1756139523.641787,False,5.734654294895056,0.01759081652861876,0.006729616633477011,0.005609018237972262,0.0,0.0,0.0,0.0
1086,0.0,,1756139523.6520782,False,5.373001595356256,-0.010303343474289375,-0.0003497593301874213,-0.032799029831347366,0.0,0.0,0.0,0.0
1087,0.0,,1756139523.6600792,False,5.073682753987549,0.013379297503062694,-0.026605520599752283,-0.0503440861215862,0.0,0.0,0.0,0.0
1088,0.0,,1756139523.6704428,False,4.848043287775801,0.044510967363657686,-0.027836658774889222,-0.09647834718619219,0.0,0.0,0.0,0.0
1089,0.0,,1756139523.6804972,False,4.731511229371246,0.038573783780903856,0.0017048881842902323,-0.1289208519325438,0.0,0.0,0.0,0.0
1090,0.0,,1756139523.690689,False,4.43887461002588,0.04700142948797415,-0.00980770849368072,-0.17278717546639538,0.0,0.0,0.0,0.0
1091,0.0,,1756139523.7000923,False,4.100342787117996,0.13585856611195946,-0.01756875367353873,-0.2331878247937776,0.0,0.0,0.0,0.0
1092,0.0,,1756139523.7096312,False,3.967077093402321,0.12358244440784308,0.053183102080116236,-0.30538005922992134,0.0,0.0,0.0,0.0
1093,0.0,,1756139523.7201378,False,3.815357884036093,0.07888283810663739,0.09364172662756094,-0.3836707317300316,0.0,0.0,0.0,0.0
1094,0.0,,1756139523.730107,False,3.640945347527971,0.058501359585884025,0.1621491409716984,-0.4512453617032719,0.0,0.0,0.0,0.0
1095,0.0,,1756139523.7403865,False,3.5848500222399737,-0.03269056177258973,0.2757627961994909,-0.5297667435119251,0.0,0.0,0.0,0.0
1096,0.0,,1756139523.7501678,False,3.51413306547093,-0.1174172057846529,0.39265624142596767,-0.620544967007109,0.0,0.0,0.0,0.0
1097,0.0,,1756139523.7599375,False,3.67745868863173,-0.2598612725778489,0.5682130145012797,-0.6710007066937894,0.0,0.0,0.0,0.0
1098,0.0,,1756139523.7708719,False,4.010652551254559,-0.32025140870238306,0.6817036350267194,-0.7380126435369373,0.0,0.0,0.0,0.0
1099,0.0,,1756139523.7806096,False,4.353348546701401,-0.3974278780588963,0.7954370186350237,-0.7835628247909561,0.0,0.0,0.0,0.0
1100,0.0,,1756139523.7899623,False,4.713985457653463,-0.46797986768365735,0.8585411424541844,-0.8331784869188607,0.0,0.0,0.0,0.0
1101,0.0,,1756139523.799913,False,5.086502142208744,-0.38460171459426823,0.8997653278844563,-0.9109758190069188,0.0,0.0,0.0,0.0
1102,0.0,,1756139523.8095274,False,5.475037870544524,-0.3365237251048413,0.9275476485314307,-0.9596567674258114,0.0,0.0,0.0,0.0
1103,0.0,,1756139523.8198564,False,5.901902387229291,-0.33677347764957843,0.9365542886112748,-1.0260908590790712,0.0,0.0,0.0,0.0
1104,0.0,,1756139523.830766,False,6.2959631900784725,-0.3058936702358729,0.9102129481498705,-1.088990147027503,0.0,0.0,0.0,0.0
1105,0.0,,1756139523.8404756,False,6.590608841752704,-0.22924968181032812,0.8782584272006371,-1.1557552282282932,0.0,0.0,0.0,0.0
1106,0.0,,1756139523.8501809,False,6.821149376760911,-0.062073579419500265,0.9024938072005373,-1.2496299587895479,0.0,0.0,0.0,0.0
1107,0.0,,1756139523.860613,False,7.106998482917434,-0.012047176655319788,0.9309523909296377,-1.3272399288030285,0.0,0.0,0.0,0.0
1108,0.0,,1756139523.8696804,False,7.44606096331521,-0.11587958118374671,0.8509092907671789,-1.3906132315929267,0.0,0.0,0.0,0.0
1109,0.0,,1756139523.8795824,False,7.809392744337278,-0.05921659746761284,0.8520617864020061,-1.4655757421093207,0.0,0.0,0.0,0.0
1110,0.0,,1756139523.8905904,False,8.092319492006169,0.02540602851800572,0.8512738851013849,-1.545297440958878,0.0,0.0,0.0,0.0
1111,0.0,,1756139523.9003918,False,8.489069781042993,-0.02095793949645678,0.8366060682895968,-1.609450918743471,0.0,0.0,0.0,0.0
1112,0.0,,1756139528.1212595,False,8.967842755937706,0.3632152638232207,-1.4983095543739526,0.1298464420216383,0.0,0.0,0.0,0.0
1113,0.0,,1756139528.1445532,False,9.966301649846086,-0.704250773097763,0.12287227055096325,-0.39615205435539314,0.0,0.0,0.0,0.0
1114,0.0,,1756139528.151703,False,10.664148938787381,-1.2630444677682215,0.835299013466623,-0.3302441767606834,0.0,0.0,0.0,0.0
1115,0.0,,1756139528.1616502,False,11.50408040891407,0.23130513924779755,-0.6590505935493962,0.16787235891132304,0.0,0.0,0.0,0.0
1116,0.0,,1756139528.1716251,False,12.345181996091322,0.38694928681588686,-1.1288353593451828,-0.139940843674415,0.0,0.0,0.0,0.0
1117,0.0,,1756139528.181687,False,11.500424992876093,1.8898841579051873,0.37409951174411754,0.36103744668868526,0.0,0.0,0.0,0.0
1118,0.0,,1756139528.1915703,False,10.66322268470714,3.3793782234346903,1.8635935772736205,0.857535468531853,0.0,0.0,0.0,0.0
1119,0.0,,1756139528.2019837,False,9.804103834540733,1.9526575097561953,0.8959006883228304,0.34803996729666314,0.0,0.0,0.0,0.0
1120,0.0,,1756139528.2117875,False,10.63789705313925,0.4692286672133855,-0.5875281542199795,-0.14643631355094022,0.0,0.0,0.0,0.0
1121,0.0,,1756139528.221995,False,10.414820530835728,-1.044434918806169,0.9261354317995749,-0.094394475342034,0.0,0.0,0.0,0.0
1122,0.0,,1756139528.2311268,False,9.611291078688026,-0.8879334516310171,1.5041099789005834,-0.1582121975918032,0.0,0.0,0.0,0.0
1123,0.0,,1756139528.2395246,False,9.97913257201815,-0.8627549179520237,1.1754879939089051,0.12191812164219396,0.0,0.0,0.0,0.0
1124,0.0,,1756139528.2520003,False,9.379782851479805,-1.2841917933490974,1.1027052965158777,0.20219832660143927,0.0,0.0,0.0,0.0
1125,0.0,,1756139528.2612262,False,9.197533670519698,-0.8882529954119052,0.6318627793688263,-0.07845555540443687,0.0,0.0,0.0,0.0
1126,0.0,,1756139528.271476,False,8.88471200873525,-0.6923755841366833,0.39518046553510444,-0.1646476874827723,0.0,0.0,0.0,0.0
1127,0.0,,1756139528.2818341,False,9.741612222627943,-0.6239168216635582,0.24004466175475697,-0.2928652948007122,0.0,0.0,0.0,0.0
1128,0.0,,1756139528.291481,False,10.544721183665601,-0.5807239184978252,0.018405378501053338,-0.21688974626089735,0.0,0.0,0.0,0.0
1129,0.0,,1756139528.3000376,False,10.292363308084221,-0.3307941886048329,-0.027323364874361992,-0.14285703232685582,0.0,0.0,0.0,0.0
1130,0.0,,1756139528.308578,False,10.418788513681424,0.007716011920674212,-0.04094498641211237,-0.20109278917801063,0.0,0.0,0.0,0.0
1131,0.0,,1756139528.3217866,False,10.056774741027112,0.46519234917657104,-0.07443342171157773,-0.19788469119642096,0.0,0.0,0.0,0.0
1132,0.0,,1756139528.3318267,False,10.118210945995248,0.5551309187535933,-0.11304684243536975,-0.16802267597349538,0.0,0.0,0.0,0.0
1133,0.0,,1756139528.3413637,False,10.27256236361389,0.6334823851069059,-0.08932543633995607,-0.14011280476420845,0.0,0.0,0.0,0.0
1134,0.0,,1756139528.3516595,False,10.631031304982553,0.7273825776573908,-0.027899938031577476,-0.10496321472588918,0.0,0.0,0.0,0.0
1135,0.0,,1756139528.3592613,False,11.189189247452472,0.7025420668902665,-0.049760596508088145,-0.08833683384369072,0.0,0.0,0.0,0.0
1136,0.0,,1756139528.368614,False,11.670112807179557,0.5168972752476764,-0.043671068990351114,-0.03745826026570578,0.0,0.0,0.0,0.0
1137,0.0,,1756139528.3814986,False,12.496366138687122,0.1597644109785517,0.09976560123578268,0.07259442447171947,0.0,0.0,0.0,0.0
1112,0.0,,1756139528.1212595,False,8.967842755937706,0.3632152638232207,-1.4983095543739526,0.1298464420216383,0.0,0.0,0.0,0.0
1113,0.0,,1756139528.1445532,False,9.966301649846086,-0.704250773097763,0.12287227055096325,-0.39615205435539314,0.0,0.0,0.0,0.0
1114,0.0,,1756139528.151703,False,10.664148938787381,-1.2630444677682215,0.835299013466623,-0.3302441767606834,0.0,0.0,0.0,0.0
1115,0.0,,1756139528.1616502,False,11.50408040891407,0.23130513924779755,-0.6590505935493962,0.16787235891132304,0.0,0.0,0.0,0.0
1116,0.0,,1756139528.1716251,False,12.345181996091322,0.38694928681588686,-1.1288353593451828,-0.139940843674415,0.0,0.0,0.0,0.0
1117,0.0,,1756139528.181687,False,11.500424992876093,1.8898841579051873,0.37409951174411754,0.36103744668868526,0.0,0.0,0.0,0.0
1118,0.0,,1756139528.1915703,False,10.66322268470714,3.3793782234346903,1.8635935772736205,0.857535468531853,0.0,0.0,0.0,0.0
1119,0.0,,1756139528.2019837,False,9.804103834540733,1.9526575097561953,0.8959006883228304,0.34803996729666314,0.0,0.0,0.0,0.0
1120,0.0,,1756139528.2117875,False,10.63789705313925,0.4692286672133855,-0.5875281542199795,-0.14643631355094022,0.0,0.0,0.0,0.0
1121,0.0,,1756139528.221995,False,10.414820530835728,-1.044434918806169,0.9261354317995749,-0.094394475342034,0.0,0.0,0.0,0.0
1122,0.0,,1756139528.2311268,False,9.611291078688026,-0.8879334516310171,1.5041099789005834,-0.1582121975918032,0.0,0.0,0.0,0.0
1123,0.0,,1756139528.2395246,False,9.97913257201815,-0.8627549179520237,1.1754879939089051,0.12191812164219396,0.0,0.0,0.0,0.0
1124,0.0,,1756139528.2520003,False,9.379782851479805,-1.2841917933490974,1.1027052965158777,0.20219832660143927,0.0,0.0,0.0,0.0
1125,0.0,,1756139528.2612262,False,9.197533670519698,-0.8882529954119052,0.6318627793688263,-0.07845555540443687,0.0,0.0,0.0,0.0
1126,0.0,,1756139528.271476,False,8.88471200873525,-0.6923755841366833,0.39518046553510444,-0.1646476874827723,0.0,0.0,0.0,0.0
1127,0.0,,1756139528.2818341,False,9.741612222627943,-0.6239168216635582,0.24004466175475697,-0.2928652948007122,0.0,0.0,0.0,0.0
1128,0.0,,1756139528.291481,False,10.544721183665601,-0.5807239184978252,0.018405378501053338,-0.21688974626089735,0.0,0.0,0.0,0.0
1129,0.0,,1756139528.3000376,False,10.292363308084221,-0.3307941886048329,-0.027323364874361992,-0.14285703232685582,0.0,0.0,0.0,0.0
1130,0.0,,1756139528.308578,False,10.418788513681424,0.007716011920674212,-0.04094498641211237,-0.20109278917801063,0.0,0.0,0.0,0.0
1131,0.0,,1756139528.3217866,False,10.056774741027112,0.46519234917657104,-0.07443342171157773,-0.19788469119642096,0.0,0.0,0.0,0.0
1132,0.0,,1756139528.3318267,False,10.118210945995248,0.5551309187535933,-0.11304684243536975,-0.16802267597349538,0.0,0.0,0.0,0.0
1133,0.0,,1756139528.3413637,False,10.27256236361389,0.6334823851069059,-0.08932543633995607,-0.14011280476420845,0.0,0.0,0.0,0.0
1134,0.0,,1756139528.3516595,False,10.631031304982553,0.7273825776573908,-0.027899938031577476,-0.10496321472588918,0.0,0.0,0.0,0.0
1135,0.0,,1756139528.3592613,False,11.189189247452472,0.7025420668902665,-0.049760596508088145,-0.08833683384369072,0.0,0.0,0.0,0.0
1136,0.0,,1756139528.368614,False,11.670112807179557,0.5168972752476764,-0.043671068990351114,-0.03745826026570578,0.0,0.0,0.0,0.0
1137,0.0,,1756139528.3814986,False,12.496366138687122,0.1597644109785517,0.09976560123578268,0.07259442447171947,0.0,0.0,0.0,0.0
1141,0.0,,1756139528.4205365,False,11.453193000653373,-0.3870589725994373,-0.021577083402062915,0.12031015218959527,0.0,0.0,0.0,0.0
1142,0.0,,1756139528.4312675,False,11.288562799252658,-0.44208537148366844,-0.07183200116669372,0.14534855383807016,0.0,0.0,0.0,0.0
1143,0.0,,1756139528.4413815,False,11.19841427823592,-0.5127941039998078,-0.07044941196981745,0.17803335948839233,0.0,0.0,0.0,0.0
1144,0.0,,1756139528.453293,False,11.171047642342154,-0.512765631470892,-0.08188299078396727,0.21630753991608193,0.0,0.0,0.0,0.0
1145,0.0,,1756139528.4607987,False,11.16597587118414,-0.4188701023174735,-0.1258840730442802,0.23798286848742328,0.0,0.0,0.0,0.0
1146,0.0,,1756139528.4715724,False,11.35615587091843,-0.20539575419035072,-0.21151957884433614,0.28536019552920805,0.0,0.0,0.0,0.0
1147,0.0,,1756139528.481754,False,11.188895891999183,-0.01685749910380315,-0.2941515122860582,0.30852940653444516,0.0,0.0,0.0,0.0
1148,0.0,,1756139528.491499,False,10.48061624854341,0.2108688909523529,-0.3440348886035501,0.2683520984929758,0.0,0.0,0.0,0.0
1149,0.0,,1756139528.501719,False,11.0995263228619,0.4156190976606769,-0.31432007414454205,0.3096818738074263,0.0,0.0,0.0,0.0
1150,0.0,,1756139528.5121746,False,11.161676612393617,0.48571304051331876,-0.32998359151283563,0.37883703510291966,0.0,0.0,0.0,0.0
1151,0.0,,1756139528.5210605,False,10.757470475495223,0.5109802192068085,-0.2925487280659166,0.4047101654475268,0.0,0.0,0.0,0.0
1152,0.0,,1756139528.5316095,False,10.996069799413238,0.4933885831863031,-0.18333625033337825,0.4717415578235398,0.0,0.0,0.0,0.0
1153,0.0,,1756139528.5421555,False,11.230496540908339,0.24745959958389047,-0.053385842370191096,0.5156732658497052,0.0,0.0,0.0,0.0
1154,0.0,,1756139528.551464,False,10.962997866029534,0.16084852958378176,-0.061382034924701304,0.5731600198439344,0.0,0.0,0.0,0.0
1155,0.0,,1756139528.5615199,False,10.40113021928676,0.03272239350839895,0.00017144296363377776,0.6080823745843487,0.0,0.0,0.0,0.0
1156,0.0,,1756139528.5711532,False,10.35628903726046,-0.1417464537624344,0.09929077349756506,0.6159265504338778,0.0,0.0,0.0,0.0
1157,0.0,,1756139528.5789402,False,10.215511442334993,-0.24123030878242221,0.03141089277801477,0.6744581432416683,0.0,0.0,0.0,0.0
1158,0.0,,1756139528.5916278,False,9.421247282491976,-0.36167236004995146,-0.025852225103468462,0.7313269173640187,0.0,0.0,0.0,0.0
1159,0.0,,1756139528.6008801,False,9.06433638274223,-0.3640443536337373,-0.07815983667595675,0.7017667623055969,0.0,0.0,0.0,0.0
1160,0.0,,1756139528.6111052,False,8.604192538723478,-0.36834885191785344,-0.10214119337602809,0.6396670107947335,0.0,0.0,0.0,0.0
1161,0.0,,1756139528.620484,False,8.22379703238351,-0.21687616633369167,-0.2523223977090577,0.6331470168551171,0.0,0.0,0.0,0.0
1162,0.0,,1756139528.6350322,False,7.718621569370333,-0.04938083427195253,-0.37055383708290146,0.6853515979950423,0.0,0.0,0.0,0.0
1163,0.0,,1756139528.641029,False,7.705004151458619,0.07773098993268805,-0.39413111328910305,0.6977168408727203,0.0,0.0,0.0,0.0
1164,0.0,,1756139528.6510475,False,7.231000279261226,0.3621669895303588,-0.438004309628677,0.6828978097220695,0.0,0.0,0.0,0.0
1165,0.0,,1756139528.6612256,False,6.605064092160222,0.42017070470636875,-0.28465585225585266,0.6380941255750276,0.0,0.0,0.0,0.0
1166,0.0,,1756139528.6690953,False,6.372773394204094,0.47599128332251683,-0.20866762034220834,0.6517450841737521,0.0,0.0,0.0,0.0
1167,0.0,,1756139528.6810782,False,5.8108353802457895,0.4053456445187853,-0.07569719823339288,0.6928264931455229,0.0,0.0,0.0,0.0
1168,0.0,,1756139528.6910043,False,5.235005321426483,0.2398042408857895,0.03284043688797085,0.6700291956896102,0.0,0.0,0.0,0.0
1169,0.0,,1756139528.7008007,False,4.797452242232651,0.042789726712890414,0.13337993747339275,0.6563619812133665,0.0,0.0,0.0,0.0
1170,0.0,,1756139528.7107394,False,4.454637789342815,-0.2234071810725376,0.2476730715374696,0.6112070110546963,0.0,0.0,0.0,0.0
1171,0.0,,1756139528.7208447,False,4.103867547456987,-0.4564375989652022,0.3254633832174221,0.5638692369186908,0.0,0.0,0.0,0.0
1172,0.0,,1756139528.73057,False,3.8462101412274823,-0.5761898435892171,0.44169848022460273,0.4793131028910901,0.0,0.0,0.0,0.0
1173,0.0,,1756139528.7405882,False,3.8180198435424026,-0.6824044175774702,0.457956899816902,0.41632944539224415,0.0,0.0,0.0,0.0
1174,0.0,,1756139528.750486,False,4.337380145580637,-0.636805087685257,0.4713403693681658,0.3488119164587141,0.0,0.0,0.0,0.0
1175,0.0,,1756139528.7609177,False,5.197231951508224,-0.4941729570798591,0.5344166441506267,0.30260507326062924,0.0,0.0,0.0,0.0
1176,0.0,,1756139528.7705667,False,6.024282488324151,-0.3474811036201061,0.564093208659901,0.2744102316327393,0.0,0.0,0.0,0.0
1177,0.0,,1756139528.7803755,False,6.858291700832278,-0.2595677316699237,0.4835429852747951,0.28428490617200647,0.0,0.0,0.0,0.0
1178,0.0,,1756139528.7905648,False,7.696603532285715,-0.17515726646246924,0.21231733569551248,0.30644366806088763,0.0,0.0,0.0,0.0
1179,0.0,,1756139528.8006318,False,7.866491816367425,-0.033817683526677245,0.058941757405112705,0.2849412453027577,0.0,0.0,0.0,0.0
1180,0.0,,1756139528.8105388,False,8.190307467538032,0.14750030369328254,-0.15118863286101586,0.2440960085178235,0.0,0.0,0.0,0.0
1181,0.0,,1756139528.8205047,False,8.465559751027126,0.3058119991268177,-0.25550881911715584,0.22319868841702184,0.0,0.0,0.0,0.0
1182,0.0,,1756139528.8312995,False,8.890325224433706,0.49139795886256077,-0.3253402406832584,0.17872058175400019,0.0,0.0,0.0,0.0
1183,0.0,,1756139528.842101,False,8.857310150373937,0.6015260033771055,-0.198970265846775,0.16677505675644283,0.0,0.0,0.0,0.0
1184,0.0,,1756139528.8507676,False,9.048418462676457,0.6184012239769374,-0.010130575336774694,0.17036665548547503,0.0,0.0,0.0,0.0
1185,0.0,,1756139528.8613243,False,9.89607745307923,0.5865314550485768,-0.015123743483873069,0.14315333654296689,0.0,0.0,0.0,0.0
1186,0.0,,1756139528.870873,False,10.451183884679768,0.5671956054740652,0.022295543687223283,0.11910091969994185,0.0,0.0,0.0,0.0
1187,0.0,,1756139528.8810356,False,10.618003792664258,0.5140653986826298,0.1977222716397742,0.10347946198668667,0.0,0.0,0.0,0.0
1188,0.0,,1756139528.8910944,False,10.835706923463833,0.3945185077525776,0.2858202669988624,0.1000715140295472,0.0,0.0,0.0,0.0
1189,0.0,,1756139528.9009035,False,10.971774545606156,0.1941785568304134,0.34243580034673465,0.10842229596214718,0.0,0.0,0.0,0.0
1190,0.0,,1756139528.9105177,False,10.923805402432901,0.046023230666378534,0.3470015635734299,0.09587125502112157,0.0,0.0,0.0,0.0
1191,0.0,,1756139528.9213357,False,10.992978175865865,-0.050713719345427524,0.29753097286149144,0.028331534790230806,0.0,0.0,0.0,0.0
1192,0.0,,1756139528.9309576,False,11.067808318158695,-0.11279165729756516,0.25566747739680745,-0.01251622165854501,0.0,0.0,0.0,0.0
1193,0.0,,1756139528.9409757,False,10.97507284611454,-0.16520708246317367,0.22880772369856864,-0.03622199219534407,0.0,0.0,0.0,0.0
1194,0.0,,1756139528.9511113,False,10.696043305676818,-0.17643376077130885,0.18266014344219061,-0.04437299928380556,0.0,0.0,0.0,0.0
1195,0.0,,1756139528.9607072,False,10.451982559843474,-0.18250611012695647,0.1912030623798403,-0.048910784243913694,0.0,0.0,0.0,0.0
1196,0.0,,1756139528.9706583,False,10.151906699262513,-0.15123469617240698,0.15527095533421448,-0.04956175167999279,0.0,0.0,0.0,0.0
1197,0.0,,1756139528.981024,False,9.95578155149815,-0.07888510419859016,0.05965172700678595,-0.08439405072105735,0.0,0.0,0.0,0.0
1198,0.0,,1756139528.9909918,False,10.026776113575053,0.022890769702538564,0.0007172647507961392,-0.11987836698356723,0.0,0.0,0.0,0.0
1199,0.0,,1756139529.0011764,False,9.97838403357216,0.14497312500536075,-0.04172995900928045,-0.15163370279229388,0.0,0.0,0.0,0.0
1200,0.0,,1756139529.0105767,False,10.336506279415614,0.25143335591578553,-0.1382887374246335,-0.1718015727049281,0.0,0.0,0.0,0.0
1201,0.0,,1756139529.0210612,False,10.357311713421765,0.3156360976105684,-0.16592771767510045,-0.18884001792182314,0.0,0.0,0.0,0.0
1202,0.0,,1756139529.0309079,False,10.292872945896338,0.32163233505939626,-0.16404942708038045,-0.2026003546164643,0.0,0.0,0.0,0.0
1141,0.0,,1756139528.4205365,False,11.453193000653373,-0.3870589725994373,-0.021577083402062915,0.12031015218959527,0.0,0.0,0.0,0.0
1142,0.0,,1756139528.4312675,False,11.288562799252658,-0.44208537148366844,-0.07183200116669372,0.14534855383807016,0.0,0.0,0.0,0.0
1143,0.0,,1756139528.4413815,False,11.19841427823592,-0.5127941039998078,-0.07044941196981745,0.17803335948839233,0.0,0.0,0.0,0.0
1144,0.0,,1756139528.453293,False,11.171047642342154,-0.512765631470892,-0.08188299078396727,0.21630753991608193,0.0,0.0,0.0,0.0
1145,0.0,,1756139528.4607987,False,11.16597587118414,-0.4188701023174735,-0.1258840730442802,0.23798286848742328,0.0,0.0,0.0,0.0
1146,0.0,,1756139528.4715724,False,11.35615587091843,-0.20539575419035072,-0.21151957884433614,0.28536019552920805,0.0,0.0,0.0,0.0
1147,0.0,,1756139528.481754,False,11.188895891999183,-0.01685749910380315,-0.2941515122860582,0.30852940653444516,0.0,0.0,0.0,0.0
1148,0.0,,1756139528.491499,False,10.48061624854341,0.2108688909523529,-0.3440348886035501,0.2683520984929758,0.0,0.0,0.0,0.0
1149,0.0,,1756139528.501719,False,11.0995263228619,0.4156190976606769,-0.31432007414454205,0.3096818738074263,0.0,0.0,0.0,0.0
1150,0.0,,1756139528.5121746,False,11.161676612393617,0.48571304051331876,-0.32998359151283563,0.37883703510291966,0.0,0.0,0.0,0.0
1151,0.0,,1756139528.5210605,False,10.757470475495223,0.5109802192068085,-0.2925487280659166,0.4047101654475268,0.0,0.0,0.0,0.0
1152,0.0,,1756139528.5316095,False,10.996069799413238,0.4933885831863031,-0.18333625033337825,0.4717415578235398,0.0,0.0,0.0,0.0
1153,0.0,,1756139528.5421555,False,11.230496540908339,0.24745959958389047,-0.053385842370191096,0.5156732658497052,0.0,0.0,0.0,0.0
1154,0.0,,1756139528.551464,False,10.962997866029534,0.16084852958378176,-0.061382034924701304,0.5731600198439344,0.0,0.0,0.0,0.0
1155,0.0,,1756139528.5615199,False,10.40113021928676,0.03272239350839895,0.00017144296363377776,0.6080823745843487,0.0,0.0,0.0,0.0
1156,0.0,,1756139528.5711532,False,10.35628903726046,-0.1417464537624344,0.09929077349756506,0.6159265504338778,0.0,0.0,0.0,0.0
1157,0.0,,1756139528.5789402,False,10.215511442334993,-0.24123030878242221,0.03141089277801477,0.6744581432416683,0.0,0.0,0.0,0.0
1158,0.0,,1756139528.5916278,False,9.421247282491976,-0.36167236004995146,-0.025852225103468462,0.7313269173640187,0.0,0.0,0.0,0.0
1159,0.0,,1756139528.6008801,False,9.06433638274223,-0.3640443536337373,-0.07815983667595675,0.7017667623055969,0.0,0.0,0.0,0.0
1160,0.0,,1756139528.6111052,False,8.604192538723478,-0.36834885191785344,-0.10214119337602809,0.6396670107947335,0.0,0.0,0.0,0.0
1161,0.0,,1756139528.620484,False,8.22379703238351,-0.21687616633369167,-0.2523223977090577,0.6331470168551171,0.0,0.0,0.0,0.0
1162,0.0,,1756139528.6350322,False,7.718621569370333,-0.04938083427195253,-0.37055383708290146,0.6853515979950423,0.0,0.0,0.0,0.0
1163,0.0,,1756139528.641029,False,7.705004151458619,0.07773098993268805,-0.39413111328910305,0.6977168408727203,0.0,0.0,0.0,0.0
1164,0.0,,1756139528.6510475,False,7.231000279261226,0.3621669895303588,-0.438004309628677,0.6828978097220695,0.0,0.0,0.0,0.0
1165,0.0,,1756139528.6612256,False,6.605064092160222,0.42017070470636875,-0.28465585225585266,0.6380941255750276,0.0,0.0,0.0,0.0
1166,0.0,,1756139528.6690953,False,6.372773394204094,0.47599128332251683,-0.20866762034220834,0.6517450841737521,0.0,0.0,0.0,0.0
1167,0.0,,1756139528.6810782,False,5.8108353802457895,0.4053456445187853,-0.07569719823339288,0.6928264931455229,0.0,0.0,0.0,0.0
1168,0.0,,1756139528.6910043,False,5.235005321426483,0.2398042408857895,0.03284043688797085,0.6700291956896102,0.0,0.0,0.0,0.0
1169,0.0,,1756139528.7008007,False,4.797452242232651,0.042789726712890414,0.13337993747339275,0.6563619812133665,0.0,0.0,0.0,0.0
1170,0.0,,1756139528.7107394,False,4.454637789342815,-0.2234071810725376,0.2476730715374696,0.6112070110546963,0.0,0.0,0.0,0.0
1171,0.0,,1756139528.7208447,False,4.103867547456987,-0.4564375989652022,0.3254633832174221,0.5638692369186908,0.0,0.0,0.0,0.0
1172,0.0,,1756139528.73057,False,3.8462101412274823,-0.5761898435892171,0.44169848022460273,0.4793131028910901,0.0,0.0,0.0,0.0
1173,0.0,,1756139528.7405882,False,3.8180198435424026,-0.6824044175774702,0.457956899816902,0.41632944539224415,0.0,0.0,0.0,0.0
1174,0.0,,1756139528.750486,False,4.337380145580637,-0.636805087685257,0.4713403693681658,0.3488119164587141,0.0,0.0,0.0,0.0
1175,0.0,,1756139528.7609177,False,5.197231951508224,-0.4941729570798591,0.5344166441506267,0.30260507326062924,0.0,0.0,0.0,0.0
1176,0.0,,1756139528.7705667,False,6.024282488324151,-0.3474811036201061,0.564093208659901,0.2744102316327393,0.0,0.0,0.0,0.0
1177,0.0,,1756139528.7803755,False,6.858291700832278,-0.2595677316699237,0.4835429852747951,0.28428490617200647,0.0,0.0,0.0,0.0
1178,0.0,,1756139528.7905648,False,7.696603532285715,-0.17515726646246924,0.21231733569551248,0.30644366806088763,0.0,0.0,0.0,0.0
1179,0.0,,1756139528.8006318,False,7.866491816367425,-0.033817683526677245,0.058941757405112705,0.2849412453027577,0.0,0.0,0.0,0.0
1180,0.0,,1756139528.8105388,False,8.190307467538032,0.14750030369328254,-0.15118863286101586,0.2440960085178235,0.0,0.0,0.0,0.0
1181,0.0,,1756139528.8205047,False,8.465559751027126,0.3058119991268177,-0.25550881911715584,0.22319868841702184,0.0,0.0,0.0,0.0
1182,0.0,,1756139528.8312995,False,8.890325224433706,0.49139795886256077,-0.3253402406832584,0.17872058175400019,0.0,0.0,0.0,0.0
1183,0.0,,1756139528.842101,False,8.857310150373937,0.6015260033771055,-0.198970265846775,0.16677505675644283,0.0,0.0,0.0,0.0
1184,0.0,,1756139528.8507676,False,9.048418462676457,0.6184012239769374,-0.010130575336774694,0.17036665548547503,0.0,0.0,0.0,0.0
1185,0.0,,1756139528.8613243,False,9.89607745307923,0.5865314550485768,-0.015123743483873069,0.14315333654296689,0.0,0.0,0.0,0.0
1186,0.0,,1756139528.870873,False,10.451183884679768,0.5671956054740652,0.022295543687223283,0.11910091969994185,0.0,0.0,0.0,0.0
1187,0.0,,1756139528.8810356,False,10.618003792664258,0.5140653986826298,0.1977222716397742,0.10347946198668667,0.0,0.0,0.0,0.0
1188,0.0,,1756139528.8910944,False,10.835706923463833,0.3945185077525776,0.2858202669988624,0.1000715140295472,0.0,0.0,0.0,0.0
1189,0.0,,1756139528.9009035,False,10.971774545606156,0.1941785568304134,0.34243580034673465,0.10842229596214718,0.0,0.0,0.0,0.0
1190,0.0,,1756139528.9105177,False,10.923805402432901,0.046023230666378534,0.3470015635734299,0.09587125502112157,0.0,0.0,0.0,0.0
1191,0.0,,1756139528.9213357,False,10.992978175865865,-0.050713719345427524,0.29753097286149144,0.028331534790230806,0.0,0.0,0.0,0.0
1192,0.0,,1756139528.9309576,False,11.067808318158695,-0.11279165729756516,0.25566747739680745,-0.01251622165854501,0.0,0.0,0.0,0.0
1193,0.0,,1756139528.9409757,False,10.97507284611454,-0.16520708246317367,0.22880772369856864,-0.03622199219534407,0.0,0.0,0.0,0.0
1194,0.0,,1756139528.9511113,False,10.696043305676818,-0.17643376077130885,0.18266014344219061,-0.04437299928380556,0.0,0.0,0.0,0.0
1195,0.0,,1756139528.9607072,False,10.451982559843474,-0.18250611012695647,0.1912030623798403,-0.048910784243913694,0.0,0.0,0.0,0.0
1196,0.0,,1756139528.9706583,False,10.151906699262513,-0.15123469617240698,0.15527095533421448,-0.04956175167999279,0.0,0.0,0.0,0.0
1197,0.0,,1756139528.981024,False,9.95578155149815,-0.07888510419859016,0.05965172700678595,-0.08439405072105735,0.0,0.0,0.0,0.0
1198,0.0,,1756139528.9909918,False,10.026776113575053,0.022890769702538564,0.0007172647507961392,-0.11987836698356723,0.0,0.0,0.0,0.0
1199,0.0,,1756139529.0011764,False,9.97838403357216,0.14497312500536075,-0.04172995900928045,-0.15163370279229388,0.0,0.0,0.0,0.0
1200,0.0,,1756139529.0105767,False,10.336506279415614,0.25143335591578553,-0.1382887374246335,-0.1718015727049281,0.0,0.0,0.0,0.0
1201,0.0,,1756139529.0210612,False,10.357311713421765,0.3156360976105684,-0.16592771767510045,-0.18884001792182314,0.0,0.0,0.0,0.0
1202,0.0,,1756139529.0309079,False,10.292872945896338,0.32163233505939626,-0.16404942708038045,-0.2026003546164643,0.0,0.0,0.0,0.0
1203,0.0,,1756139529.0414996,False,10.062246338805881,0.2940270484507548,-0.1313082002679002,-0.20694739456826378,0.0,0.0,0.0,0.0
1204,0.0,,1756139529.0513732,False,10.19644595553136,0.24539825569501095,-0.08763964802748972,-0.22448911786758885,0.0,0.0,0.0,0.0
1205,0.0,,1756139529.0608242,False,10.454823286507503,0.24924528531011508,-0.10272043202815836,-0.24140738599988282,0.0,0.0,0.0,0.0
1206,0.0,,1756139529.0713694,False,10.39104580438991,0.20560068697365516,-0.06887676080136897,-0.25442517495065553,0.0,0.0,0.0,0.0
1207,0.0,,1756139529.078672,False,10.437382730829098,0.1465983505956433,-0.05703584720430968,-0.2595670990682062,0.0,0.0,0.0,0.0
1208,0.0,,1756139529.0911474,False,10.56990323237417,0.05214187713264172,-0.02031408883826148,-0.27263012147302146,0.0,0.0,0.0,0.0
1209,0.0,,1756139529.1031632,False,10.538782504512206,-0.03391256702164855,-0.0074557102094490926,-0.2880375851647776,0.0,0.0,0.0,0.0
1210,0.0,,1756139529.1111038,False,10.487090886250712,-0.07496702432131237,-0.02040191372962669,-0.30000288236233585,0.0,0.0,0.0,0.0
1211,0.0,,1756139529.1211886,False,10.31560105888251,-0.1354656444438748,-0.006333379787300275,-0.3078090405060691,0.0,0.0,0.0,0.0
1203,0.0,,1756139529.0414996,False,10.062246338805881,0.2940270484507548,-0.1313082002679002,-0.20694739456826378,0.0,0.0,0.0,0.0
1204,0.0,,1756139529.0513732,False,10.19644595553136,0.24539825569501095,-0.08763964802748972,-0.22448911786758885,0.0,0.0,0.0,0.0
1205,0.0,,1756139529.0608242,False,10.454823286507503,0.24924528531011508,-0.10272043202815836,-0.24140738599988282,0.0,0.0,0.0,0.0
1206,0.0,,1756139529.0713694,False,10.39104580438991,0.20560068697365516,-0.06887676080136897,-0.25442517495065553,0.0,0.0,0.0,0.0
1207,0.0,,1756139529.078672,False,10.437382730829098,0.1465983505956433,-0.05703584720430968,-0.2595670990682062,0.0,0.0,0.0,0.0
1208,0.0,,1756139529.0911474,False,10.56990323237417,0.05214187713264172,-0.02031408883826148,-0.27263012147302146,0.0,0.0,0.0,0.0
1209,0.0,,1756139529.1031632,False,10.538782504512206,-0.03391256702164855,-0.0074557102094490926,-0.2880375851647776,0.0,0.0,0.0,0.0
1210,0.0,,1756139529.1111038,False,10.487090886250712,-0.07496702432131237,-0.02040191372962669,-0.30000288236233585,0.0,0.0,0.0,0.0
1211,0.0,,1756139529.1211886,False,10.31560105888251,-0.1354656444438748,-0.006333379787300275,-0.3078090405060691,0.0,0.0,0.0,0.0
1213,0.0,,1756139529.1385787,False,10.310685625505267,-0.16473650570161702,-0.038737124173170136,-0.3249679348822936,0.0,0.0,0.0,0.0
1214,0.0,,1756139529.1482248,False,10.113415842650443,-0.177766111080034,-0.04362911417628362,-0.3379804032640503,0.0,0.0,0.0,0.0
1215,0.0,,1756139529.1581454,False,9.978406169820255,-0.18948093665327995,-0.03813589183760859,-0.345021255598405,0.0,0.0,0.0,0.0
1216,0.0,,1756139529.1714482,False,9.876476903552982,-0.15305280204200097,-0.03848990734015434,-0.3426007809722669,0.0,0.0,0.0,0.0
1217,0.0,,1756139529.1791513,False,9.95813183463495,-0.12239684693015937,-0.057609503929230865,-0.3591337310208893,0.0,0.0,0.0,0.0
1218,0.0,,1756139529.1910229,False,10.071044159986966,-0.03686740460430974,-0.1244775772474993,-0.3665416277223288,0.0,0.0,0.0,0.0
1219,0.0,,1756139529.2007284,False,10.026473601949277,0.0011619435156106934,-0.15054993445186393,-0.37616956376770827,0.0,0.0,0.0,0.0
1220,0.0,,1756139529.210664,False,10.06159493662183,0.015493776756440368,-0.17095286613477215,-0.3774150644734257,0.0,0.0,0.0,0.0
1221,0.0,,1756139529.2195477,False,10.129582892198401,0.010508287763226369,-0.1714474300445691,-0.37093316490503225,0.0,0.0,0.0,0.0
1222,0.0,,1756139529.2317126,False,10.438710136609298,0.06460733482073264,-0.21268573469903962,-0.3835729738006457,0.0,0.0,0.0,0.0
1223,0.0,,1756139529.2406712,False,10.382313630193812,0.0704997204988955,-0.22017758642212126,-0.3835322970411943,0.0,0.0,0.0,0.0
1224,0.0,,1756139529.2510412,False,10.273348485744759,0.01273120885694871,-0.18244638761268567,-0.36680041403237157,0.0,0.0,0.0,0.0
1225,0.0,,1756139529.2612298,False,10.462689058514826,0.017856741822566986,-0.20013304127943385,-0.3565026436362202,0.0,0.0,0.0,0.0
1226,0.0,,1756139529.2687335,False,10.557805340857994,0.01196178572009615,-0.18707246322002863,-0.3546277467537678,0.0,0.0,0.0,0.0
1227,0.0,,1756139529.2818348,False,10.48140782346555,-0.04926229212545523,-0.1677080579089999,-0.35039514750601336,0.0,0.0,0.0,0.0
1228,0.0,,1756139529.2919173,False,10.409707761039687,-0.06720385827548346,-0.16844287661204466,-0.3404521172719016,0.0,0.0,0.0,0.0
1229,0.0,,1756139529.3013742,False,10.486654305552,-0.11485705173895351,-0.1357079839629916,-0.33028244633185383,0.0,0.0,0.0,0.0
1230,0.0,,1756139529.3116996,False,10.629335102581493,-0.07684641405584944,-0.15315702190154293,-0.31983472970206495,0.0,0.0,0.0,0.0
1231,0.0,,1756139529.318602,False,10.585847262310207,-0.07604779185356296,-0.15432312831358738,-0.32196193881663737,0.0,0.0,0.0,0.0
1232,0.0,,1756139529.329691,False,10.496208622832878,-0.05071987955588921,-0.163399365890189,-0.3048453173786523,0.0,0.0,0.0,0.0
1233,0.0,,1756139529.338695,False,10.640110212472145,-0.09204666231023213,-0.14312466747613303,-0.3010063714424713,0.0,0.0,0.0,0.0
1234,0.0,,1756139529.3486235,False,10.744051537613014,-0.09448223248197231,-0.14554866086871668,-0.287830243212363,0.0,0.0,0.0,0.0
1235,0.0,,1756139529.3594253,False,10.695424297191625,-0.05592678158662885,-0.1563660055563239,-0.2702038533361755,0.0,0.0,0.0,0.0
1236,0.0,,1756139529.368243,False,10.663525973661915,-0.04049454092303098,-0.14540621590357822,-0.2642078188723566,0.0,0.0,0.0,0.0
1237,0.0,,1756139529.3808687,False,10.723038091815305,-0.015154925809165522,-0.14255489564886117,-0.24200155957593533,0.0,0.0,0.0,0.0
1238,0.0,,1756139529.3913443,False,10.782524869109556,0.008655047029051354,-0.15456775501678713,-0.21658231151854548,0.0,0.0,0.0,0.0
1239,0.0,,1756139529.4007971,False,10.777482628149581,0.0036812900427462,-0.148342935273237,-0.20225627083128522,0.0,0.0,0.0,0.0
1240,0.0,,1756139529.4110372,False,10.743852469293929,0.032377699165950194,-0.14834182571332868,-0.1943437996142619,0.0,0.0,0.0,0.0
1241,0.0,,1756139529.420903,False,10.880480326661175,0.018377341027451387,-0.12452651873134238,-0.16692653748816294,0.0,0.0,0.0,0.0
1242,0.0,,1756139529.4306636,False,10.947525913709834,0.02902931164999487,-0.12453728409366666,-0.14626788440101868,0.0,0.0,0.0,0.0
1243,0.0,,1756139529.440857,False,10.875214963448638,0.03563803268030997,-0.11905989648607546,-0.12445974471608678,0.0,0.0,0.0,0.0
1244,0.0,,1756139529.4508257,False,10.925848563479878,0.01945593453446069,-0.10364093800187205,-0.1064887846390972,0.0,0.0,0.0,0.0
1245,0.0,,1756139529.4607716,False,10.989564885065715,0.022189725053952666,-0.0917578472443633,-0.07799127566342645,0.0,0.0,0.0,0.0
1246,0.0,,1756139529.4710917,False,11.091559628423598,0.011623507978612998,-0.05890624980501874,-0.04320448023304474,0.0,0.0,0.0,0.0
1247,0.0,,1756139529.4808452,False,10.899268943670092,0.02126516682933437,-0.043961756858427445,-0.01913449419681084,0.0,0.0,0.0,0.0
1248,0.0,,1756139529.4908946,False,10.705071735200292,0.02024412680113147,-0.027384054278965564,-0.011775362462637468,0.0,0.0,0.0,0.0
1249,0.0,,1756139529.5009267,False,10.78561239816485,0.0339330166486077,-0.011633161503002625,0.015957026759966547,0.0,0.0,0.0,0.0
1250,0.0,,1756139529.5106416,False,10.721642690568912,0.06284133090575104,0.002323205248404163,0.04730814810862545,0.0,0.0,0.0,0.0
1251,0.0,,1756139529.5209277,False,10.83597020169022,0.0994018731114263,0.037881502930505746,0.07058343678393666,0.0,0.0,0.0,0.0
1252,0.0,,1756139529.5306203,False,10.688721168201898,0.1125689173033008,0.057029274681719595,0.0999732033850868,0.0,0.0,0.0,0.0
1253,0.0,,1756139529.5405822,False,10.650922938685069,0.12864414208964195,0.0783898804008116,0.1115350353080174,0.0,0.0,0.0,0.0
1254,0.0,,1756139529.5510387,False,10.24956211015634,0.14477256583882492,0.017547816264564548,0.13487850095303525,0.0,0.0,0.0,0.0
1255,0.0,,1756139529.5606925,False,10.17635368900827,0.14222377979612774,0.037468732251212014,0.14304022529735386,0.0,0.0,0.0,0.0
1256,0.0,,1756139529.570504,False,10.102598582933705,0.15178530622924663,0.014420003150471164,0.17325598752005447,0.0,0.0,0.0,0.0
1257,0.0,,1756139529.577907,False,10.050604771869065,0.1465198769447465,0.053889412741347335,0.20154743895074856,0.0,0.0,0.0,0.0
1258,0.0,,1756139529.5910466,False,9.355992370590794,0.07040856473833818,0.01664088236026968,0.2095202899637778,0.0,0.0,0.0,0.0
1259,0.0,,1756139529.6011224,False,9.44909070433522,0.04516774198650478,0.06316535580683393,0.21461997723379866,0.0,0.0,0.0,0.0
1260,0.0,,1756139529.6109586,False,9.412511800666685,0.05228328455448389,0.041103535032401016,0.24862964478543084,0.0,0.0,0.0,0.0
1261,0.0,,1756139529.6198735,False,9.00689842225741,0.05782003481789684,0.08794307655573445,0.25172390666422495,0.0,0.0,0.0,0.0
1262,0.0,,1756139529.6314642,False,8.55596161910228,0.052906370814698116,0.09984002184748494,0.2640508174482048,0.0,0.0,0.0,0.0
1263,0.0,,1756139529.6421707,False,8.66180066394148,0.05174909119682193,0.1343077318848847,0.27624195933145695,0.0,0.0,0.0,0.0
1264,0.0,,1756139529.6511714,False,8.450813329440727,0.10351135574685798,0.15274033894666783,0.2899387000887343,0.0,0.0,0.0,0.0
1265,0.0,,1756139529.6607761,False,7.79971479230338,0.08616187989062317,0.1830799576385198,0.2873692632409247,0.0,0.0,0.0,0.0
1266,0.0,,1756139529.6677852,False,7.533743454334296,0.05673210795968414,0.13980310497733955,0.28761077078154185,0.0,0.0,0.0,0.0
1267,0.0,,1756139529.6807556,False,7.33278250515565,-0.025462233358505854,0.05460569645967972,0.2751013229366976,0.0,0.0,0.0,0.0
1268,0.0,,1756139529.691007,False,6.81394860103164,0.03127295036783799,0.08520085828657678,0.27879225126607743,0.0,0.0,0.0,0.0
1269,0.0,,1756139529.7005048,False,6.473689919108974,0.014209893573102901,0.0736295743435071,0.25533166889385417,0.0,0.0,0.0,0.0
1270,0.0,,1756139529.7105017,False,6.228734696709007,0.00835032467535969,0.05103737160275426,0.24442941532702261,0.0,0.0,0.0,0.0
1271,0.0,,1756139529.7206907,False,5.824364419831121,-0.010378736087562231,0.04035692106537929,0.21360163819894218,0.0,0.0,0.0,0.0
1272,0.0,,1756139529.7309961,False,5.5531739347126,0.008393943400497025,0.09694000872891757,0.18916650433081902,0.0,0.0,0.0,0.0
1273,0.0,,1756139529.7407572,False,5.25694781506229,0.05930423166800916,0.11000678241588598,0.15892286487791896,0.0,0.0,0.0,0.0
1274,0.0,,1756139529.7512789,False,5.0484572831109364,0.04118894729209603,0.12525403366487528,0.11884548525599087,0.0,0.0,0.0,0.0
1275,0.0,,1756139529.7608044,False,5.364559112457991,-0.20529059985012083,0.03360367165847559,0.12978391194954933,0.0,0.0,0.0,0.0
1276,0.0,,1756139529.7709835,False,5.8198202471319505,-0.42833619504523673,-0.005772958717810804,0.16038215012862683,0.0,0.0,0.0,0.0
1277,0.0,,1756139529.7804549,False,5.938416126262743,-0.35581865330053164,0.026009209535516064,0.1372718094014695,0.0,0.0,0.0,0.0
1278,0.0,,1756139529.790549,False,6.193882191120457,-0.32240599620257293,0.26282450053699075,0.17990118427181864,0.0,0.0,0.0,0.0
1279,0.0,,1756139529.800792,False,6.457169341906193,-0.2566575964377491,0.2709290606947763,0.21475197354802142,0.0,0.0,0.0,0.0
1280,0.0,,1756139529.8105915,False,6.716519935660703,-0.19596826267208495,0.2351288096014009,0.23709494799003078,0.0,0.0,0.0,0.0
1281,0.0,,1756139529.820523,False,6.979042761559435,-0.12276959796346514,0.222107431589118,0.22114412064792516,0.0,0.0,0.0,0.0
1282,0.0,,1756139529.8311906,False,7.353938734512752,-0.03788254378510084,0.1935148270192159,0.19800366675086073,0.0,0.0,0.0,0.0
1283,0.0,,1756139529.8403826,False,7.706329147548596,0.028827895233979342,0.12036111852034137,0.1815149202244602,0.0,0.0,0.0,0.0
1284,0.0,,1756139529.8506534,False,8.138165187540388,0.07684146517242621,0.11377108576873601,0.15686034395213902,0.0,0.0,0.0,0.0
1213,0.0,,1756139529.1385787,False,10.310685625505267,-0.16473650570161702,-0.038737124173170136,-0.3249679348822936,0.0,0.0,0.0,0.0
1214,0.0,,1756139529.1482248,False,10.113415842650443,-0.177766111080034,-0.04362911417628362,-0.3379804032640503,0.0,0.0,0.0,0.0
1215,0.0,,1756139529.1581454,False,9.978406169820255,-0.18948093665327995,-0.03813589183760859,-0.345021255598405,0.0,0.0,0.0,0.0
1216,0.0,,1756139529.1714482,False,9.876476903552982,-0.15305280204200097,-0.03848990734015434,-0.3426007809722669,0.0,0.0,0.0,0.0
1217,0.0,,1756139529.1791513,False,9.95813183463495,-0.12239684693015937,-0.057609503929230865,-0.3591337310208893,0.0,0.0,0.0,0.0
1218,0.0,,1756139529.1910229,False,10.071044159986966,-0.03686740460430974,-0.1244775772474993,-0.3665416277223288,0.0,0.0,0.0,0.0
1219,0.0,,1756139529.2007284,False,10.026473601949277,0.0011619435156106934,-0.15054993445186393,-0.37616956376770827,0.0,0.0,0.0,0.0
1220,0.0,,1756139529.210664,False,10.06159493662183,0.015493776756440368,-0.17095286613477215,-0.3774150644734257,0.0,0.0,0.0,0.0
1221,0.0,,1756139529.2195477,False,10.129582892198401,0.010508287763226369,-0.1714474300445691,-0.37093316490503225,0.0,0.0,0.0,0.0
1222,0.0,,1756139529.2317126,False,10.438710136609298,0.06460733482073264,-0.21268573469903962,-0.3835729738006457,0.0,0.0,0.0,0.0
1223,0.0,,1756139529.2406712,False,10.382313630193812,0.0704997204988955,-0.22017758642212126,-0.3835322970411943,0.0,0.0,0.0,0.0
1224,0.0,,1756139529.2510412,False,10.273348485744759,0.01273120885694871,-0.18244638761268567,-0.36680041403237157,0.0,0.0,0.0,0.0
1225,0.0,,1756139529.2612298,False,10.462689058514826,0.017856741822566986,-0.20013304127943385,-0.3565026436362202,0.0,0.0,0.0,0.0
1226,0.0,,1756139529.2687335,False,10.557805340857994,0.01196178572009615,-0.18707246322002863,-0.3546277467537678,0.0,0.0,0.0,0.0
1227,0.0,,1756139529.2818348,False,10.48140782346555,-0.04926229212545523,-0.1677080579089999,-0.35039514750601336,0.0,0.0,0.0,0.0
1228,0.0,,1756139529.2919173,False,10.409707761039687,-0.06720385827548346,-0.16844287661204466,-0.3404521172719016,0.0,0.0,0.0,0.0
1229,0.0,,1756139529.3013742,False,10.486654305552,-0.11485705173895351,-0.1357079839629916,-0.33028244633185383,0.0,0.0,0.0,0.0
1230,0.0,,1756139529.3116996,False,10.629335102581493,-0.07684641405584944,-0.15315702190154293,-0.31983472970206495,0.0,0.0,0.0,0.0
1231,0.0,,1756139529.318602,False,10.585847262310207,-0.07604779185356296,-0.15432312831358738,-0.32196193881663737,0.0,0.0,0.0,0.0
1232,0.0,,1756139529.329691,False,10.496208622832878,-0.05071987955588921,-0.163399365890189,-0.3048453173786523,0.0,0.0,0.0,0.0
1233,0.0,,1756139529.338695,False,10.640110212472145,-0.09204666231023213,-0.14312466747613303,-0.3010063714424713,0.0,0.0,0.0,0.0
1234,0.0,,1756139529.3486235,False,10.744051537613014,-0.09448223248197231,-0.14554866086871668,-0.287830243212363,0.0,0.0,0.0,0.0
1235,0.0,,1756139529.3594253,False,10.695424297191625,-0.05592678158662885,-0.1563660055563239,-0.2702038533361755,0.0,0.0,0.0,0.0
1236,0.0,,1756139529.368243,False,10.663525973661915,-0.04049454092303098,-0.14540621590357822,-0.2642078188723566,0.0,0.0,0.0,0.0
1237,0.0,,1756139529.3808687,False,10.723038091815305,-0.015154925809165522,-0.14255489564886117,-0.24200155957593533,0.0,0.0,0.0,0.0
1238,0.0,,1756139529.3913443,False,10.782524869109556,0.008655047029051354,-0.15456775501678713,-0.21658231151854548,0.0,0.0,0.0,0.0
1239,0.0,,1756139529.4007971,False,10.777482628149581,0.0036812900427462,-0.148342935273237,-0.20225627083128522,0.0,0.0,0.0,0.0
1240,0.0,,1756139529.4110372,False,10.743852469293929,0.032377699165950194,-0.14834182571332868,-0.1943437996142619,0.0,0.0,0.0,0.0
1241,0.0,,1756139529.420903,False,10.880480326661175,0.018377341027451387,-0.12452651873134238,-0.16692653748816294,0.0,0.0,0.0,0.0
1242,0.0,,1756139529.4306636,False,10.947525913709834,0.02902931164999487,-0.12453728409366666,-0.14626788440101868,0.0,0.0,0.0,0.0
1243,0.0,,1756139529.440857,False,10.875214963448638,0.03563803268030997,-0.11905989648607546,-0.12445974471608678,0.0,0.0,0.0,0.0
1244,0.0,,1756139529.4508257,False,10.925848563479878,0.01945593453446069,-0.10364093800187205,-0.1064887846390972,0.0,0.0,0.0,0.0
1245,0.0,,1756139529.4607716,False,10.989564885065715,0.022189725053952666,-0.0917578472443633,-0.07799127566342645,0.0,0.0,0.0,0.0
1246,0.0,,1756139529.4710917,False,11.091559628423598,0.011623507978612998,-0.05890624980501874,-0.04320448023304474,0.0,0.0,0.0,0.0
1247,0.0,,1756139529.4808452,False,10.899268943670092,0.02126516682933437,-0.043961756858427445,-0.01913449419681084,0.0,0.0,0.0,0.0
1248,0.0,,1756139529.4908946,False,10.705071735200292,0.02024412680113147,-0.027384054278965564,-0.011775362462637468,0.0,0.0,0.0,0.0
1249,0.0,,1756139529.5009267,False,10.78561239816485,0.0339330166486077,-0.011633161503002625,0.015957026759966547,0.0,0.0,0.0,0.0
1250,0.0,,1756139529.5106416,False,10.721642690568912,0.06284133090575104,0.002323205248404163,0.04730814810862545,0.0,0.0,0.0,0.0
1251,0.0,,1756139529.5209277,False,10.83597020169022,0.0994018731114263,0.037881502930505746,0.07058343678393666,0.0,0.0,0.0,0.0
1252,0.0,,1756139529.5306203,False,10.688721168201898,0.1125689173033008,0.057029274681719595,0.0999732033850868,0.0,0.0,0.0,0.0
1253,0.0,,1756139529.5405822,False,10.650922938685069,0.12864414208964195,0.0783898804008116,0.1115350353080174,0.0,0.0,0.0,0.0
1254,0.0,,1756139529.5510387,False,10.24956211015634,0.14477256583882492,0.017547816264564548,0.13487850095303525,0.0,0.0,0.0,0.0
1255,0.0,,1756139529.5606925,False,10.17635368900827,0.14222377979612774,0.037468732251212014,0.14304022529735386,0.0,0.0,0.0,0.0
1256,0.0,,1756139529.570504,False,10.102598582933705,0.15178530622924663,0.014420003150471164,0.17325598752005447,0.0,0.0,0.0,0.0
1257,0.0,,1756139529.577907,False,10.050604771869065,0.1465198769447465,0.053889412741347335,0.20154743895074856,0.0,0.0,0.0,0.0
1258,0.0,,1756139529.5910466,False,9.355992370590794,0.07040856473833818,0.01664088236026968,0.2095202899637778,0.0,0.0,0.0,0.0
1259,0.0,,1756139529.6011224,False,9.44909070433522,0.04516774198650478,0.06316535580683393,0.21461997723379866,0.0,0.0,0.0,0.0
1260,0.0,,1756139529.6109586,False,9.412511800666685,0.05228328455448389,0.041103535032401016,0.24862964478543084,0.0,0.0,0.0,0.0
1261,0.0,,1756139529.6198735,False,9.00689842225741,0.05782003481789684,0.08794307655573445,0.25172390666422495,0.0,0.0,0.0,0.0
1262,0.0,,1756139529.6314642,False,8.55596161910228,0.052906370814698116,0.09984002184748494,0.2640508174482048,0.0,0.0,0.0,0.0
1263,0.0,,1756139529.6421707,False,8.66180066394148,0.05174909119682193,0.1343077318848847,0.27624195933145695,0.0,0.0,0.0,0.0
1264,0.0,,1756139529.6511714,False,8.450813329440727,0.10351135574685798,0.15274033894666783,0.2899387000887343,0.0,0.0,0.0,0.0
1265,0.0,,1756139529.6607761,False,7.79971479230338,0.08616187989062317,0.1830799576385198,0.2873692632409247,0.0,0.0,0.0,0.0
1266,0.0,,1756139529.6677852,False,7.533743454334296,0.05673210795968414,0.13980310497733955,0.28761077078154185,0.0,0.0,0.0,0.0
1267,0.0,,1756139529.6807556,False,7.33278250515565,-0.025462233358505854,0.05460569645967972,0.2751013229366976,0.0,0.0,0.0,0.0
1268,0.0,,1756139529.691007,False,6.81394860103164,0.03127295036783799,0.08520085828657678,0.27879225126607743,0.0,0.0,0.0,0.0
1269,0.0,,1756139529.7005048,False,6.473689919108974,0.014209893573102901,0.0736295743435071,0.25533166889385417,0.0,0.0,0.0,0.0
1270,0.0,,1756139529.7105017,False,6.228734696709007,0.00835032467535969,0.05103737160275426,0.24442941532702261,0.0,0.0,0.0,0.0
1271,0.0,,1756139529.7206907,False,5.824364419831121,-0.010378736087562231,0.04035692106537929,0.21360163819894218,0.0,0.0,0.0,0.0
1272,0.0,,1756139529.7309961,False,5.5531739347126,0.008393943400497025,0.09694000872891757,0.18916650433081902,0.0,0.0,0.0,0.0
1273,0.0,,1756139529.7407572,False,5.25694781506229,0.05930423166800916,0.11000678241588598,0.15892286487791896,0.0,0.0,0.0,0.0
1274,0.0,,1756139529.7512789,False,5.0484572831109364,0.04118894729209603,0.12525403366487528,0.11884548525599087,0.0,0.0,0.0,0.0
1213,0.0,,1756139529.1385787,False,10.310685625505267,-0.16473650570161702,-0.038737124173170136,-0.3249679348822936,0.0,0.0,0.0,0.0
1214,0.0,,1756139529.1482248,False,10.113415842650443,-0.177766111080034,-0.04362911417628362,-0.3379804032640503,0.0,0.0,0.0,0.0
1215,0.0,,1756139529.1581454,False,9.978406169820255,-0.18948093665327995,-0.03813589183760859,-0.345021255598405,0.0,0.0,0.0,0.0
1216,0.0,,1756139529.1714482,False,9.876476903552982,-0.15305280204200097,-0.03848990734015434,-0.3426007809722669,0.0,0.0,0.0,0.0
1217,0.0,,1756139529.1791513,False,9.95813183463495,-0.12239684693015937,-0.057609503929230865,-0.3591337310208893,0.0,0.0,0.0,0.0
1218,0.0,,1756139529.1910229,False,10.071044159986966,-0.03686740460430974,-0.1244775772474993,-0.3665416277223288,0.0,0.0,0.0,0.0
1219,0.0,,1756139529.2007284,False,10.026473601949277,0.0011619435156106934,-0.15054993445186393,-0.37616956376770827,0.0,0.0,0.0,0.0
1220,0.0,,1756139529.210664,False,10.06159493662183,0.015493776756440368,-0.17095286613477215,-0.3774150644734257,0.0,0.0,0.0,0.0
1221,0.0,,1756139529.2195477,False,10.129582892198401,0.010508287763226369,-0.1714474300445691,-0.37093316490503225,0.0,0.0,0.0,0.0
1222,0.0,,1756139529.2317126,False,10.438710136609298,0.06460733482073264,-0.21268573469903962,-0.3835729738006457,0.0,0.0,0.0,0.0
1223,0.0,,1756139529.2406712,False,10.382313630193812,0.0704997204988955,-0.22017758642212126,-0.3835322970411943,0.0,0.0,0.0,0.0
1224,0.0,,1756139529.2510412,False,10.273348485744759,0.01273120885694871,-0.18244638761268567,-0.36680041403237157,0.0,0.0,0.0,0.0
1225,0.0,,1756139529.2612298,False,10.462689058514826,0.017856741822566986,-0.20013304127943385,-0.3565026436362202,0.0,0.0,0.0,0.0
1226,0.0,,1756139529.2687335,False,10.557805340857994,0.01196178572009615,-0.18707246322002863,-0.3546277467537678,0.0,0.0,0.0,0.0
1227,0.0,,1756139529.2818348,False,10.48140782346555,-0.04926229212545523,-0.1677080579089999,-0.35039514750601336,0.0,0.0,0.0,0.0
1228,0.0,,1756139529.2919173,False,10.409707761039687,-0.06720385827548346,-0.16844287661204466,-0.3404521172719016,0.0,0.0,0.0,0.0
1229,0.0,,1756139529.3013742,False,10.486654305552,-0.11485705173895351,-0.1357079839629916,-0.33028244633185383,0.0,0.0,0.0,0.0
1230,0.0,,1756139529.3116996,False,10.629335102581493,-0.07684641405584944,-0.15315702190154293,-0.31983472970206495,0.0,0.0,0.0,0.0
1231,0.0,,1756139529.318602,False,10.585847262310207,-0.07604779185356296,-0.15432312831358738,-0.32196193881663737,0.0,0.0,0.0,0.0
1232,0.0,,1756139529.329691,False,10.496208622832878,-0.05071987955588921,-0.163399365890189,-0.3048453173786523,0.0,0.0,0.0,0.0
1233,0.0,,1756139529.338695,False,10.640110212472145,-0.09204666231023213,-0.14312466747613303,-0.3010063714424713,0.0,0.0,0.0,0.0
1234,0.0,,1756139529.3486235,False,10.744051537613014,-0.09448223248197231,-0.14554866086871668,-0.287830243212363,0.0,0.0,0.0,0.0
1235,0.0,,1756139529.3594253,False,10.695424297191625,-0.05592678158662885,-0.1563660055563239,-0.2702038533361755,0.0,0.0,0.0,0.0
1236,0.0,,1756139529.368243,False,10.663525973661915,-0.04049454092303098,-0.14540621590357822,-0.2642078188723566,0.0,0.0,0.0,0.0
1237,0.0,,1756139529.3808687,False,10.723038091815305,-0.015154925809165522,-0.14255489564886117,-0.24200155957593533,0.0,0.0,0.0,0.0
1238,0.0,,1756139529.3913443,False,10.782524869109556,0.008655047029051354,-0.15456775501678713,-0.21658231151854548,0.0,0.0,0.0,0.0
1239,0.0,,1756139529.4007971,False,10.777482628149581,0.0036812900427462,-0.148342935273237,-0.20225627083128522,0.0,0.0,0.0,0.0
1240,0.0,,1756139529.4110372,False,10.743852469293929,0.032377699165950194,-0.14834182571332868,-0.1943437996142619,0.0,0.0,0.0,0.0
1241,0.0,,1756139529.420903,False,10.880480326661175,0.018377341027451387,-0.12452651873134238,-0.16692653748816294,0.0,0.0,0.0,0.0
1242,0.0,,1756139529.4306636,False,10.947525913709834,0.02902931164999487,-0.12453728409366666,-0.14626788440101868,0.0,0.0,0.0,0.0
1243,0.0,,1756139529.440857,False,10.875214963448638,0.03563803268030997,-0.11905989648607546,-0.12445974471608678,0.0,0.0,0.0,0.0
1244,0.0,,1756139529.4508257,False,10.925848563479878,0.01945593453446069,-0.10364093800187205,-0.1064887846390972,0.0,0.0,0.0,0.0
1245,0.0,,1756139529.4607716,False,10.989564885065715,0.022189725053952666,-0.0917578472443633,-0.07799127566342645,0.0,0.0,0.0,0.0
1246,0.0,,1756139529.4710917,False,11.091559628423598,0.011623507978612998,-0.05890624980501874,-0.04320448023304474,0.0,0.0,0.0,0.0
1247,0.0,,1756139529.4808452,False,10.899268943670092,0.02126516682933437,-0.043961756858427445,-0.01913449419681084,0.0,0.0,0.0,0.0
1248,0.0,,1756139529.4908946,False,10.705071735200292,0.02024412680113147,-0.027384054278965564,-0.011775362462637468,0.0,0.0,0.0,0.0
1249,0.0,,1756139529.5009267,False,10.78561239816485,0.0339330166486077,-0.011633161503002625,0.015957026759966547,0.0,0.0,0.0,0.0
1250,0.0,,1756139529.5106416,False,10.721642690568912,0.06284133090575104,0.002323205248404163,0.04730814810862545,0.0,0.0,0.0,0.0
1251,0.0,,1756139529.5209277,False,10.83597020169022,0.0994018731114263,0.037881502930505746,0.07058343678393666,0.0,0.0,0.0,0.0
1252,0.0,,1756139529.5306203,False,10.688721168201898,0.1125689173033008,0.057029274681719595,0.0999732033850868,0.0,0.0,0.0,0.0
1253,0.0,,1756139529.5405822,False,10.650922938685069,0.12864414208964195,0.0783898804008116,0.1115350353080174,0.0,0.0,0.0,0.0
1254,0.0,,1756139529.5510387,False,10.24956211015634,0.14477256583882492,0.017547816264564548,0.13487850095303525,0.0,0.0,0.0,0.0
1255,0.0,,1756139529.5606925,False,10.17635368900827,0.14222377979612774,0.037468732251212014,0.14304022529735386,0.0,0.0,0.0,0.0
1256,0.0,,1756139529.570504,False,10.102598582933705,0.15178530622924663,0.014420003150471164,0.17325598752005447,0.0,0.0,0.0,0.0
1257,0.0,,1756139529.577907,False,10.050604771869065,0.1465198769447465,0.053889412741347335,0.20154743895074856,0.0,0.0,0.0,0.0
1258,0.0,,1756139529.5910466,False,9.355992370590794,0.07040856473833818,0.01664088236026968,0.2095202899637778,0.0,0.0,0.0,0.0
1259,0.0,,1756139529.6011224,False,9.44909070433522,0.04516774198650478,0.06316535580683393,0.21461997723379866,0.0,0.0,0.0,0.0
1260,0.0,,1756139529.6109586,False,9.412511800666685,0.05228328455448389,0.041103535032401016,0.24862964478543084,0.0,0.0,0.0,0.0
1261,0.0,,1756139529.6198735,False,9.00689842225741,0.05782003481789684,0.08794307655573445,0.25172390666422495,0.0,0.0,0.0,0.0
1262,0.0,,1756139529.6314642,False,8.55596161910228,0.052906370814698116,0.09984002184748494,0.2640508174482048,0.0,0.0,0.0,0.0
1263,0.0,,1756139529.6421707,False,8.66180066394148,0.05174909119682193,0.1343077318848847,0.27624195933145695,0.0,0.0,0.0,0.0
1264,0.0,,1756139529.6511714,False,8.450813329440727,0.10351135574685798,0.15274033894666783,0.2899387000887343,0.0,0.0,0.0,0.0
1265,0.0,,1756139529.6607761,False,7.79971479230338,0.08616187989062317,0.1830799576385198,0.2873692632409247,0.0,0.0,0.0,0.0
1266,0.0,,1756139529.6677852,False,7.533743454334296,0.05673210795968414,0.13980310497733955,0.28761077078154185,0.0,0.0,0.0,0.0
1267,0.0,,1756139529.6807556,False,7.33278250515565,-0.025462233358505854,0.05460569645967972,0.2751013229366976,0.0,0.0,0.0,0.0
1268,0.0,,1756139529.691007,False,6.81394860103164,0.03127295036783799,0.08520085828657678,0.27879225126607743,0.0,0.0,0.0,0.0
1269,0.0,,1756139529.7005048,False,6.473689919108974,0.014209893573102901,0.0736295743435071,0.25533166889385417,0.0,0.0,0.0,0.0
1270,0.0,,1756139529.7105017,False,6.228734696709007,0.00835032467535969,0.05103737160275426,0.24442941532702261,0.0,0.0,0.0,0.0
1271,0.0,,1756139529.7206907,False,5.824364419831121,-0.010378736087562231,0.04035692106537929,0.21360163819894218,0.0,0.0,0.0,0.0
1272,0.0,,1756139529.7309961,False,5.5531739347126,0.008393943400497025,0.09694000872891757,0.18916650433081902,0.0,0.0,0.0,0.0
1273,0.0,,1756139529.7407572,False,5.25694781506229,0.05930423166800916,0.11000678241588598,0.15892286487791896,0.0,0.0,0.0,0.0
1274,0.0,,1756139529.7512789,False,5.0484572831109364,0.04118894729209603,0.12525403366487528,0.11884548525599087,0.0,0.0,0.0,0.0
1275,0.0,,1756139529.7608044,False,5.364559112457991,-0.20529059985012083,0.03360367165847559,0.12978391194954933,0.0,0.0,0.0,0.0
1276,0.0,,1756139529.7709835,False,5.8198202471319505,-0.42833619504523673,-0.005772958717810804,0.16038215012862683,0.0,0.0,0.0,0.0
1277,0.0,,1756139529.7804549,False,5.938416126262743,-0.35581865330053164,0.026009209535516064,0.1372718094014695,0.0,0.0,0.0,0.0
1278,0.0,,1756139529.790549,False,6.193882191120457,-0.32240599620257293,0.26282450053699075,0.17990118427181864,0.0,0.0,0.0,0.0
1279,0.0,,1756139529.800792,False,6.457169341906193,-0.2566575964377491,0.2709290606947763,0.21475197354802142,0.0,0.0,0.0,0.0
1280,0.0,,1756139529.8105915,False,6.716519935660703,-0.19596826267208495,0.2351288096014009,0.23709494799003078,0.0,0.0,0.0,0.0
1281,0.0,,1756139529.820523,False,6.979042761559435,-0.12276959796346514,0.222107431589118,0.22114412064792516,0.0,0.0,0.0,0.0
1282,0.0,,1756139529.8311906,False,7.353938734512752,-0.03788254378510084,0.1935148270192159,0.19800366675086073,0.0,0.0,0.0,0.0
1283,0.0,,1756139529.8403826,False,7.706329147548596,0.028827895233979342,0.12036111852034137,0.1815149202244602,0.0,0.0,0.0,0.0
1284,0.0,,1756139529.8506534,False,8.138165187540388,0.07684146517242621,0.11377108576873601,0.15686034395213902,0.0,0.0,0.0,0.0
1275,0.0,,1756139529.7608044,False,5.364559112457991,-0.20529059985012083,0.03360367165847559,0.12978391194954933,0.0,0.0,0.0,0.0
1276,0.0,,1756139529.7709835,False,5.8198202471319505,-0.42833619504523673,-0.005772958717810804,0.16038215012862683,0.0,0.0,0.0,0.0
1277,0.0,,1756139529.7804549,False,5.938416126262743,-0.35581865330053164,0.026009209535516064,0.1372718094014695,0.0,0.0,0.0,0.0
1278,0.0,,1756139529.790549,False,6.193882191120457,-0.32240599620257293,0.26282450053699075,0.17990118427181864,0.0,0.0,0.0,0.0
1279,0.0,,1756139529.800792,False,6.457169341906193,-0.2566575964377491,0.2709290606947763,0.21475197354802142,0.0,0.0,0.0,0.0
1280,0.0,,1756139529.8105915,False,6.716519935660703,-0.19596826267208495,0.2351288096014009,0.23709494799003078,0.0,0.0,0.0,0.0
1281,0.0,,1756139529.820523,False,6.979042761559435,-0.12276959796346514,0.222107431589118,0.22114412064792516,0.0,0.0,0.0,0.0
1282,0.0,,1756139529.8311906,False,7.353938734512752,-0.03788254378510084,0.1935148270192159,0.19800366675086073,0.0,0.0,0.0,0.0
1283,0.0,,1756139529.8403826,False,7.706329147548596,0.028827895233979342,0.12036111852034137,0.1815149202244602,0.0,0.0,0.0,0.0
1284,0.0,,1756139529.8506534,False,8.138165187540388,0.07684146517242621,0.11377108576873601,0.15686034395213902,0.0,0.0,0.0,0.0
1285,0.0,,1756139529.860422,False,8.479296778374525,0.15563139291070616,0.09567004760717394,0.13840791594461088,0.0,0.0,0.0,0.0
1286,0.0,,1756139529.8703249,False,8.648571323395208,0.21928346022472095,0.09132085198587897,0.1171154246695029,0.0,0.0,0.0,0.0
1287,0.0,,1756139529.8804176,False,9.067271278643574,0.25477807690223175,0.07179920705837518,0.08041934929696573,0.0,0.0,0.0,0.0
1288,0.0,,1756139529.8908632,False,9.309837908779588,0.2799216436332218,0.053015265217147375,0.06126819553590261,0.0,0.0,0.0,0.0
1289,0.0,,1756139529.900473,False,9.604431319449995,0.29900705966572483,0.03396532763894807,0.026356891534219537,0.0,0.0,0.0,0.0
1290,0.0,,1756139529.9104753,False,9.901297044284545,0.2979766452032251,0.020269883968250343,-0.002018954176050576,0.0,0.0,0.0,0.0
1291,0.0,,1756139529.9206738,False,10.105299833676423,0.25249195288941123,0.015391958470967925,-0.021692599783861902,0.0,0.0,0.0,0.0
1292,0.0,,1756139529.9304469,False,10.487519018002445,0.19446941668318363,-0.007307149109238252,-0.05529933616698358,0.0,0.0,0.0,0.0
1293,0.0,,1756139529.9406395,False,10.408274131548925,0.18667627334607068,0.004946608668781034,-0.05775609268000231,0.0,0.0,0.0,0.0
1294,0.0,,1756139529.9503267,False,10.367248476799988,0.14667639264071602,0.020662266262234583,-0.06765246583412439,0.0,0.0,0.0,0.0
1295,0.0,,1756139529.9615386,False,10.556057777955711,0.08290761304126903,0.0038106962416375014,-0.09571562542267392,0.0,0.0,0.0,0.0
1296,0.0,,1756139529.9704785,False,10.493243934325145,0.05587320388583083,0.01656978412083935,-0.09264594237158563,0.0,0.0,0.0,0.0
1297,0.0,,1756139529.980666,False,10.438682383866773,0.03555420427695373,0.006904385573259509,-0.10939580228338264,0.0,0.0,0.0,0.0
1298,0.0,,1756139529.990967,False,10.40669394083849,0.031238820595616425,0.02718851092229926,-0.11699118722531246,0.0,0.0,0.0,0.0
1299,0.0,,1756139530.0005941,False,10.56979615559774,0.010747230249235093,0.017402527506003185,-0.13173620663532976,0.0,0.0,0.0,0.0
1300,0.0,,1756139530.0104406,False,10.327302342064916,0.03294671167375053,0.018938905943769825,-0.13454635571793766,0.0,0.0,0.0,0.0
1301,0.0,,1756139530.0203507,False,10.221752060853776,0.04842643181022639,0.02319318104060906,-0.15468613162076653,0.0,0.0,0.0,0.0
1302,0.0,,1756139530.0305083,False,10.18330476697959,0.07366120802298413,0.02827104862177421,-0.16451228626899753,0.0,0.0,0.0,0.0
1303,0.0,,1756139530.0407913,False,10.4204545067689,0.09382567476676024,0.0013573693184437234,-0.18715380147143734,0.0,0.0,0.0,0.0
1304,0.0,,1756139530.051062,False,10.365465965809546,0.13682741200887016,-0.018091365933352546,-0.19756043976475673,0.0,0.0,0.0,0.0
1305,0.0,,1756139530.0606072,False,10.243428799733135,0.14586199540984846,-0.028415356107472686,-0.21328441847516735,0.0,0.0,0.0,0.0
1306,0.0,,1756139530.0704956,False,10.148591776080575,0.13224906003646744,-0.014012672759392554,-0.22657110071604658,0.0,0.0,0.0,0.0
1307,0.0,,1756139530.0812173,False,10.083851128355482,0.11830518853815847,-0.0008732840867504829,-0.23142599440478095,0.0,0.0,0.0,0.0
1308,0.0,,1756139530.0911758,False,10.197384257904298,0.10058101294345309,-0.01637173926237081,-0.2546443829190642,0.0,0.0,0.0,0.0
1309,0.0,,1756139530.1005437,False,10.261992606216548,0.08833363650382636,-0.022200988161134853,-0.2733647788908432,0.0,0.0,0.0,0.0
1310,0.0,,1756139530.1108787,False,10.356575908898108,0.07011658727170328,-0.030254874468188114,-0.29236659610657184,0.0,0.0,0.0,0.0
1311,0.0,,1756139530.1209795,False,10.361327393487656,0.05367043026511595,-0.03419062095427495,-0.2985567993115635,0.0,0.0,0.0,0.0
1312,0.0,,1756139530.1303556,False,10.40567017761796,0.027617319444605874,-0.03443906786319642,-0.3005931837337744,0.0,0.0,0.0,0.0
1313,0.0,,1756139530.1407866,False,10.307147577544724,0.0036428624919286937,-0.04374808635275955,-0.3014641994274604,0.0,0.0,0.0,0.0
1314,0.0,,1756139530.1504993,False,10.283805642993578,-0.0119726487622267,-0.06952768565529832,-0.3108103637397088,0.0,0.0,0.0,0.0
1315,0.0,,1756139530.1604216,False,10.301717126908102,-0.022435800626709575,-0.08859555990096722,-0.3235763660736697,0.0,0.0,0.0,0.0
1316,0.0,,1756139530.17047,False,10.22934773121703,-0.027449903876951315,-0.09112399036189012,-0.32130865214069015,0.0,0.0,0.0,0.0
1317,0.0,,1756139530.1803782,False,10.291231185317343,-0.020879692963692208,-0.0941180691792702,-0.3245835000371129,0.0,0.0,0.0,0.0
1318,0.0,,1756139530.1910405,False,10.30450394928387,-0.008629822565386322,-0.0872162759750973,-0.32216727639910525,0.0,0.0,0.0,0.0
1319,0.0,,1756139530.2014542,False,10.3636691162489,-0.000381513001947952,-0.08134132328070315,-0.3254707003840158,0.0,0.0,0.0,0.0
1320,0.0,,1756139530.2086036,False,10.35554696525473,-0.0010129422139596718,-0.08606414562189901,-0.3234657170782317,0.0,0.0,0.0,0.0
1321,0.0,,1756139530.2184014,False,10.384540087853814,0.008493379294522069,-0.08230790528145433,-0.32335407874688027,0.0,0.0,0.0,0.0
1322,0.0,,1756139530.2281296,False,10.383983811411778,-0.014541633662537193,-0.07458511025617463,-0.3138749606792113,0.0,0.0,0.0,0.0
1323,0.0,,1756139530.23792,False,10.400487380475287,-0.032985733642545596,-0.06516819412685289,-0.3134747236994216,0.0,0.0,0.0,0.0
1324,0.0,,1756139530.248434,False,10.426683607539793,-0.05488033533284114,-0.06615490833643696,-0.3139762381488196,0.0,0.0,0.0,0.0
1325,0.0,,1756139530.2580526,False,10.441793292942126,-0.050716718010942706,-0.06968121163273548,-0.30758462836665657,0.0,0.0,0.0,0.0
1326,0.0,,1756139530.2677915,False,10.451633424231842,-0.03332638430351196,-0.07163579199856157,-0.30559184987874033,0.0,0.0,0.0,0.0
1327,0.0,,1756139530.278843,False,10.467848394541544,-0.034535432033725486,-0.06969384189364859,-0.2956950038661399,0.0,0.0,0.0,0.0
1328,0.0,,1756139530.2879524,False,10.55148148903577,-0.06420429330754077,-0.07015939214298779,-0.2961685307516023,0.0,0.0,0.0,0.0
1329,0.0,,1756139530.298011,False,10.59554838849446,-0.07451410160941466,-0.07751893558132754,-0.27801282765251334,0.0,0.0,0.0,0.0
1330,0.0,,1756139530.3075867,False,10.403064184720032,-0.010022754579176412,-0.0940564101988701,-0.273006498424048,0.0,0.0,0.0,0.0
1331,0.0,,1756139530.3173668,False,10.440732707168216,-0.015138141729048347,-0.0887104886692722,-0.27508742601659286,0.0,0.0,0.0,0.0
1332,0.0,,1756139530.327209,False,10.753914174799334,-0.06377538700108434,-0.08930231721715376,-0.26401494357340843,0.0,0.0,0.0,0.0
1333,0.0,,1756139530.337615,False,10.820674774872472,-0.07343457781281446,-0.10648452663733776,-0.2327312211143739,0.0,0.0,0.0,0.0
1334,0.0,,1756139530.347915,False,10.715247547123795,-0.06344593223238898,-0.10596251790899033,-0.21197561143078847,0.0,0.0,0.0,0.0
1335,0.0,,1756139530.3575141,False,10.743163587680908,-0.049384646011879904,-0.0959945994862823,-0.20576582634326973,0.0,0.0,0.0,0.0
1336,0.0,,1756139530.3674781,False,10.630575966679816,-0.007231421796290168,-0.09958648746079524,-0.18271101206834114,0.0,0.0,0.0,0.0
1337,0.0,,1756139530.3778098,False,10.75151992340259,-0.0026398707421861007,-0.09602791943136,-0.16925267964361618,0.0,0.0,0.0,0.0
1338,0.0,,1756139530.3879576,False,10.78640060178358,-0.002972918810852012,-0.08879536264927512,-0.1546007870970076,0.0,0.0,0.0,0.0
1339,0.0,,1756139530.4013724,False,10.738868507001609,0.010974085350736597,-0.07358160244987005,-0.12199396348111083,0.0,0.0,0.0,0.0
1340,0.0,,1756139530.4115326,False,10.688173418460151,0.012374404458690294,-0.0878678661753979,-0.11472251139042389,0.0,0.0,0.0,0.0
1341,0.0,,1756139530.4210975,False,10.73896313666919,0.020469520537990074,-0.05885683801696931,-0.0939440614205157,0.0,0.0,0.0,0.0
1342,0.0,,1756139530.428152,False,10.723724088548042,0.0170776966727749,-0.06717329926632,-0.08037988765283258,0.0,0.0,0.0,0.0
1343,0.0,,1756139530.4379566,False,10.666563417697276,0.013639584302558582,-0.05178729421193698,-0.053746844744011264,0.0,0.0,0.0,0.0
1344,0.0,,1756139530.4481323,False,10.462792396141301,0.003572858492217202,-0.03387408010379306,-0.033629781103630595,0.0,0.0,0.0,0.0
1345,0.0,,1756139530.4616084,False,10.47580005587968,-0.008720363332073072,-0.02570371550177824,-0.020800685559677408,0.0,0.0,0.0,0.0
1285,0.0,,1756139529.860422,False,8.479296778374525,0.15563139291070616,0.09567004760717394,0.13840791594461088,0.0,0.0,0.0,0.0
1286,0.0,,1756139529.8703249,False,8.648571323395208,0.21928346022472095,0.09132085198587897,0.1171154246695029,0.0,0.0,0.0,0.0
1287,0.0,,1756139529.8804176,False,9.067271278643574,0.25477807690223175,0.07179920705837518,0.08041934929696573,0.0,0.0,0.0,0.0
1288,0.0,,1756139529.8908632,False,9.309837908779588,0.2799216436332218,0.053015265217147375,0.06126819553590261,0.0,0.0,0.0,0.0
1289,0.0,,1756139529.900473,False,9.604431319449995,0.29900705966572483,0.03396532763894807,0.026356891534219537,0.0,0.0,0.0,0.0
1290,0.0,,1756139529.9104753,False,9.901297044284545,0.2979766452032251,0.020269883968250343,-0.002018954176050576,0.0,0.0,0.0,0.0
1291,0.0,,1756139529.9206738,False,10.105299833676423,0.25249195288941123,0.015391958470967925,-0.021692599783861902,0.0,0.0,0.0,0.0
1292,0.0,,1756139529.9304469,False,10.487519018002445,0.19446941668318363,-0.007307149109238252,-0.05529933616698358,0.0,0.0,0.0,0.0
1293,0.0,,1756139529.9406395,False,10.408274131548925,0.18667627334607068,0.004946608668781034,-0.05775609268000231,0.0,0.0,0.0,0.0
1294,0.0,,1756139529.9503267,False,10.367248476799988,0.14667639264071602,0.020662266262234583,-0.06765246583412439,0.0,0.0,0.0,0.0
1295,0.0,,1756139529.9615386,False,10.556057777955711,0.08290761304126903,0.0038106962416375014,-0.09571562542267392,0.0,0.0,0.0,0.0
1296,0.0,,1756139529.9704785,False,10.493243934325145,0.05587320388583083,0.01656978412083935,-0.09264594237158563,0.0,0.0,0.0,0.0
1297,0.0,,1756139529.980666,False,10.438682383866773,0.03555420427695373,0.006904385573259509,-0.10939580228338264,0.0,0.0,0.0,0.0
1298,0.0,,1756139529.990967,False,10.40669394083849,0.031238820595616425,0.02718851092229926,-0.11699118722531246,0.0,0.0,0.0,0.0
1299,0.0,,1756139530.0005941,False,10.56979615559774,0.010747230249235093,0.017402527506003185,-0.13173620663532976,0.0,0.0,0.0,0.0
1300,0.0,,1756139530.0104406,False,10.327302342064916,0.03294671167375053,0.018938905943769825,-0.13454635571793766,0.0,0.0,0.0,0.0
1301,0.0,,1756139530.0203507,False,10.221752060853776,0.04842643181022639,0.02319318104060906,-0.15468613162076653,0.0,0.0,0.0,0.0
1302,0.0,,1756139530.0305083,False,10.18330476697959,0.07366120802298413,0.02827104862177421,-0.16451228626899753,0.0,0.0,0.0,0.0
1303,0.0,,1756139530.0407913,False,10.4204545067689,0.09382567476676024,0.0013573693184437234,-0.18715380147143734,0.0,0.0,0.0,0.0
1304,0.0,,1756139530.051062,False,10.365465965809546,0.13682741200887016,-0.018091365933352546,-0.19756043976475673,0.0,0.0,0.0,0.0
1305,0.0,,1756139530.0606072,False,10.243428799733135,0.14586199540984846,-0.028415356107472686,-0.21328441847516735,0.0,0.0,0.0,0.0
1306,0.0,,1756139530.0704956,False,10.148591776080575,0.13224906003646744,-0.014012672759392554,-0.22657110071604658,0.0,0.0,0.0,0.0
1307,0.0,,1756139530.0812173,False,10.083851128355482,0.11830518853815847,-0.0008732840867504829,-0.23142599440478095,0.0,0.0,0.0,0.0
1308,0.0,,1756139530.0911758,False,10.197384257904298,0.10058101294345309,-0.01637173926237081,-0.2546443829190642,0.0,0.0,0.0,0.0
1309,0.0,,1756139530.1005437,False,10.261992606216548,0.08833363650382636,-0.022200988161134853,-0.2733647788908432,0.0,0.0,0.0,0.0
1310,0.0,,1756139530.1108787,False,10.356575908898108,0.07011658727170328,-0.030254874468188114,-0.29236659610657184,0.0,0.0,0.0,0.0
1311,0.0,,1756139530.1209795,False,10.361327393487656,0.05367043026511595,-0.03419062095427495,-0.2985567993115635,0.0,0.0,0.0,0.0
1312,0.0,,1756139530.1303556,False,10.40567017761796,0.027617319444605874,-0.03443906786319642,-0.3005931837337744,0.0,0.0,0.0,0.0
1313,0.0,,1756139530.1407866,False,10.307147577544724,0.0036428624919286937,-0.04374808635275955,-0.3014641994274604,0.0,0.0,0.0,0.0
1314,0.0,,1756139530.1504993,False,10.283805642993578,-0.0119726487622267,-0.06952768565529832,-0.3108103637397088,0.0,0.0,0.0,0.0
1315,0.0,,1756139530.1604216,False,10.301717126908102,-0.022435800626709575,-0.08859555990096722,-0.3235763660736697,0.0,0.0,0.0,0.0
1316,0.0,,1756139530.17047,False,10.22934773121703,-0.027449903876951315,-0.09112399036189012,-0.32130865214069015,0.0,0.0,0.0,0.0
1317,0.0,,1756139530.1803782,False,10.291231185317343,-0.020879692963692208,-0.0941180691792702,-0.3245835000371129,0.0,0.0,0.0,0.0
1318,0.0,,1756139530.1910405,False,10.30450394928387,-0.008629822565386322,-0.0872162759750973,-0.32216727639910525,0.0,0.0,0.0,0.0
1319,0.0,,1756139530.2014542,False,10.3636691162489,-0.000381513001947952,-0.08134132328070315,-0.3254707003840158,0.0,0.0,0.0,0.0
1320,0.0,,1756139530.2086036,False,10.35554696525473,-0.0010129422139596718,-0.08606414562189901,-0.3234657170782317,0.0,0.0,0.0,0.0
1321,0.0,,1756139530.2184014,False,10.384540087853814,0.008493379294522069,-0.08230790528145433,-0.32335407874688027,0.0,0.0,0.0,0.0
1322,0.0,,1756139530.2281296,False,10.383983811411778,-0.014541633662537193,-0.07458511025617463,-0.3138749606792113,0.0,0.0,0.0,0.0
1323,0.0,,1756139530.23792,False,10.400487380475287,-0.032985733642545596,-0.06516819412685289,-0.3134747236994216,0.0,0.0,0.0,0.0
1324,0.0,,1756139530.248434,False,10.426683607539793,-0.05488033533284114,-0.06615490833643696,-0.3139762381488196,0.0,0.0,0.0,0.0
1325,0.0,,1756139530.2580526,False,10.441793292942126,-0.050716718010942706,-0.06968121163273548,-0.30758462836665657,0.0,0.0,0.0,0.0
1326,0.0,,1756139530.2677915,False,10.451633424231842,-0.03332638430351196,-0.07163579199856157,-0.30559184987874033,0.0,0.0,0.0,0.0
1327,0.0,,1756139530.278843,False,10.467848394541544,-0.034535432033725486,-0.06969384189364859,-0.2956950038661399,0.0,0.0,0.0,0.0
1328,0.0,,1756139530.2879524,False,10.55148148903577,-0.06420429330754077,-0.07015939214298779,-0.2961685307516023,0.0,0.0,0.0,0.0
1329,0.0,,1756139530.298011,False,10.59554838849446,-0.07451410160941466,-0.07751893558132754,-0.27801282765251334,0.0,0.0,0.0,0.0
1330,0.0,,1756139530.3075867,False,10.403064184720032,-0.010022754579176412,-0.0940564101988701,-0.273006498424048,0.0,0.0,0.0,0.0
1331,0.0,,1756139530.3173668,False,10.440732707168216,-0.015138141729048347,-0.0887104886692722,-0.27508742601659286,0.0,0.0,0.0,0.0
1332,0.0,,1756139530.327209,False,10.753914174799334,-0.06377538700108434,-0.08930231721715376,-0.26401494357340843,0.0,0.0,0.0,0.0
1333,0.0,,1756139530.337615,False,10.820674774872472,-0.07343457781281446,-0.10648452663733776,-0.2327312211143739,0.0,0.0,0.0,0.0
1334,0.0,,1756139530.347915,False,10.715247547123795,-0.06344593223238898,-0.10596251790899033,-0.21197561143078847,0.0,0.0,0.0,0.0
1335,0.0,,1756139530.3575141,False,10.743163587680908,-0.049384646011879904,-0.0959945994862823,-0.20576582634326973,0.0,0.0,0.0,0.0
1336,0.0,,1756139530.3674781,False,10.630575966679816,-0.007231421796290168,-0.09958648746079524,-0.18271101206834114,0.0,0.0,0.0,0.0
1337,0.0,,1756139530.3778098,False,10.75151992340259,-0.0026398707421861007,-0.09602791943136,-0.16925267964361618,0.0,0.0,0.0,0.0
1338,0.0,,1756139530.3879576,False,10.78640060178358,-0.002972918810852012,-0.08879536264927512,-0.1546007870970076,0.0,0.0,0.0,0.0
1339,0.0,,1756139530.4013724,False,10.738868507001609,0.010974085350736597,-0.07358160244987005,-0.12199396348111083,0.0,0.0,0.0,0.0
1340,0.0,,1756139530.4115326,False,10.688173418460151,0.012374404458690294,-0.0878678661753979,-0.11472251139042389,0.0,0.0,0.0,0.0
1341,0.0,,1756139530.4210975,False,10.73896313666919,0.020469520537990074,-0.05885683801696931,-0.0939440614205157,0.0,0.0,0.0,0.0
1342,0.0,,1756139530.428152,False,10.723724088548042,0.0170776966727749,-0.06717329926632,-0.08037988765283258,0.0,0.0,0.0,0.0
1343,0.0,,1756139530.4379566,False,10.666563417697276,0.013639584302558582,-0.05178729421193698,-0.053746844744011264,0.0,0.0,0.0,0.0
1344,0.0,,1756139530.4481323,False,10.462792396141301,0.003572858492217202,-0.03387408010379306,-0.033629781103630595,0.0,0.0,0.0,0.0
1345,0.0,,1756139530.4616084,False,10.47580005587968,-0.008720363332073072,-0.02570371550177824,-0.020800685559677408,0.0,0.0,0.0,0.0
1346,0.0,,1756139530.4711456,False,10.633988794575533,0.006515968643039726,0.0009065058124957713,0.0023027822718508627,0.0,0.0,0.0,0.0
1347,0.0,,1756139530.4806974,False,10.509071395442882,0.020275365783282817,0.018715508627045508,0.023496082340704865,0.0,0.0,0.0,0.0
1348,0.0,,1756139530.4914074,False,10.45948947173133,0.036664754472773696,0.05416815453483144,0.03512824152974986,0.0,0.0,0.0,0.0
1349,0.0,,1756139530.5014367,False,10.368156910906963,0.05108161982177984,0.046213494582624054,0.05655452927115222,0.0,0.0,0.0,0.0
1350,0.0,,1756139530.5108826,False,10.181406431871515,0.050221144575378816,0.03168926663344486,0.06990714890913852,0.0,0.0,0.0,0.0
1351,0.0,,1756139530.5209608,False,9.909793486769251,0.0503649800610679,0.011451111600297048,0.08499170977725197,0.0,0.0,0.0,0.0
1352,0.0,,1756139530.5292606,False,9.86599008157385,0.04901106689769284,0.03934400937787462,0.0965135933973007,0.0,0.0,0.0,0.0
1353,0.0,,1756139530.5407825,False,9.704312611515135,0.061217118243628715,0.039419451946389426,0.11749297875146611,0.0,0.0,0.0,0.0
1354,0.0,,1756139530.5510802,False,9.657444404517685,0.05421756499761968,0.06901823950074654,0.12322331064829728,0.0,0.0,0.0,0.0
1355,0.0,,1756139530.5606499,False,9.367407330638208,0.05762881487630839,0.07353209488395929,0.14218053509894954,0.0,0.0,0.0,0.0
1356,0.0,,1756139530.5710433,False,9.212484219835025,0.05771384147556,0.08440837828534291,0.1436318830902282,0.0,0.0,0.0,0.0
1357,0.0,,1756139530.581691,False,8.982023941446284,0.06421384898621545,0.06818885349709097,0.15366114114954188,0.0,0.0,0.0,0.0
1358,0.0,,1756139530.591767,False,8.748407921063288,0.03611298593338815,0.08802869496617824,0.1535896980498351,0.0,0.0,0.0,0.0
1359,0.0,,1756139530.6028876,False,8.453693069232266,0.02924049548204791,0.07405696346975515,0.17167623072509666,0.0,0.0,0.0,0.0
1346,0.0,,1756139530.4711456,False,10.633988794575533,0.006515968643039726,0.0009065058124957713,0.0023027822718508627,0.0,0.0,0.0,0.0
1347,0.0,,1756139530.4806974,False,10.509071395442882,0.020275365783282817,0.018715508627045508,0.023496082340704865,0.0,0.0,0.0,0.0
1348,0.0,,1756139530.4914074,False,10.45948947173133,0.036664754472773696,0.05416815453483144,0.03512824152974986,0.0,0.0,0.0,0.0
1349,0.0,,1756139530.5014367,False,10.368156910906963,0.05108161982177984,0.046213494582624054,0.05655452927115222,0.0,0.0,0.0,0.0
1350,0.0,,1756139530.5108826,False,10.181406431871515,0.050221144575378816,0.03168926663344486,0.06990714890913852,0.0,0.0,0.0,0.0
1351,0.0,,1756139530.5209608,False,9.909793486769251,0.0503649800610679,0.011451111600297048,0.08499170977725197,0.0,0.0,0.0,0.0
1352,0.0,,1756139530.5292606,False,9.86599008157385,0.04901106689769284,0.03934400937787462,0.0965135933973007,0.0,0.0,0.0,0.0
1353,0.0,,1756139530.5407825,False,9.704312611515135,0.061217118243628715,0.039419451946389426,0.11749297875146611,0.0,0.0,0.0,0.0
1354,0.0,,1756139530.5510802,False,9.657444404517685,0.05421756499761968,0.06901823950074654,0.12322331064829728,0.0,0.0,0.0,0.0
1355,0.0,,1756139530.5606499,False,9.367407330638208,0.05762881487630839,0.07353209488395929,0.14218053509894954,0.0,0.0,0.0,0.0
1356,0.0,,1756139530.5710433,False,9.212484219835025,0.05771384147556,0.08440837828534291,0.1436318830902282,0.0,0.0,0.0,0.0
1357,0.0,,1756139530.581691,False,8.982023941446284,0.06421384898621545,0.06818885349709097,0.15366114114954188,0.0,0.0,0.0,0.0
1358,0.0,,1756139530.591767,False,8.748407921063288,0.03611298593338815,0.08802869496617824,0.1535896980498351,0.0,0.0,0.0,0.0
1359,0.0,,1756139530.6028876,False,8.453693069232266,0.02924049548204791,0.07405696346975515,0.17167623072509666,0.0,0.0,0.0,0.0
1285,0.0,,1756139529.860422,False,8.479296778374525,0.15563139291070616,0.09567004760717394,0.13840791594461088,0.0,0.0,0.0,0.0
1286,0.0,,1756139529.8703249,False,8.648571323395208,0.21928346022472095,0.09132085198587897,0.1171154246695029,0.0,0.0,0.0,0.0
1287,0.0,,1756139529.8804176,False,9.067271278643574,0.25477807690223175,0.07179920705837518,0.08041934929696573,0.0,0.0,0.0,0.0
1288,0.0,,1756139529.8908632,False,9.309837908779588,0.2799216436332218,0.053015265217147375,0.06126819553590261,0.0,0.0,0.0,0.0
1289,0.0,,1756139529.900473,False,9.604431319449995,0.29900705966572483,0.03396532763894807,0.026356891534219537,0.0,0.0,0.0,0.0
1290,0.0,,1756139529.9104753,False,9.901297044284545,0.2979766452032251,0.020269883968250343,-0.002018954176050576,0.0,0.0,0.0,0.0
1291,0.0,,1756139529.9206738,False,10.105299833676423,0.25249195288941123,0.015391958470967925,-0.021692599783861902,0.0,0.0,0.0,0.0
1292,0.0,,1756139529.9304469,False,10.487519018002445,0.19446941668318363,-0.007307149109238252,-0.05529933616698358,0.0,0.0,0.0,0.0
1293,0.0,,1756139529.9406395,False,10.408274131548925,0.18667627334607068,0.004946608668781034,-0.05775609268000231,0.0,0.0,0.0,0.0
1294,0.0,,1756139529.9503267,False,10.367248476799988,0.14667639264071602,0.020662266262234583,-0.06765246583412439,0.0,0.0,0.0,0.0
1295,0.0,,1756139529.9615386,False,10.556057777955711,0.08290761304126903,0.0038106962416375014,-0.09571562542267392,0.0,0.0,0.0,0.0
1296,0.0,,1756139529.9704785,False,10.493243934325145,0.05587320388583083,0.01656978412083935,-0.09264594237158563,0.0,0.0,0.0,0.0
1297,0.0,,1756139529.980666,False,10.438682383866773,0.03555420427695373,0.006904385573259509,-0.10939580228338264,0.0,0.0,0.0,0.0
1298,0.0,,1756139529.990967,False,10.40669394083849,0.031238820595616425,0.02718851092229926,-0.11699118722531246,0.0,0.0,0.0,0.0
1299,0.0,,1756139530.0005941,False,10.56979615559774,0.010747230249235093,0.017402527506003185,-0.13173620663532976,0.0,0.0,0.0,0.0
1300,0.0,,1756139530.0104406,False,10.327302342064916,0.03294671167375053,0.018938905943769825,-0.13454635571793766,0.0,0.0,0.0,0.0
1301,0.0,,1756139530.0203507,False,10.221752060853776,0.04842643181022639,0.02319318104060906,-0.15468613162076653,0.0,0.0,0.0,0.0
1302,0.0,,1756139530.0305083,False,10.18330476697959,0.07366120802298413,0.02827104862177421,-0.16451228626899753,0.0,0.0,0.0,0.0
1303,0.0,,1756139530.0407913,False,10.4204545067689,0.09382567476676024,0.0013573693184437234,-0.18715380147143734,0.0,0.0,0.0,0.0
1304,0.0,,1756139530.051062,False,10.365465965809546,0.13682741200887016,-0.018091365933352546,-0.19756043976475673,0.0,0.0,0.0,0.0
1305,0.0,,1756139530.0606072,False,10.243428799733135,0.14586199540984846,-0.028415356107472686,-0.21328441847516735,0.0,0.0,0.0,0.0
1306,0.0,,1756139530.0704956,False,10.148591776080575,0.13224906003646744,-0.014012672759392554,-0.22657110071604658,0.0,0.0,0.0,0.0
1307,0.0,,1756139530.0812173,False,10.083851128355482,0.11830518853815847,-0.0008732840867504829,-0.23142599440478095,0.0,0.0,0.0,0.0
1308,0.0,,1756139530.0911758,False,10.197384257904298,0.10058101294345309,-0.01637173926237081,-0.2546443829190642,0.0,0.0,0.0,0.0
1309,0.0,,1756139530.1005437,False,10.261992606216548,0.08833363650382636,-0.022200988161134853,-0.2733647788908432,0.0,0.0,0.0,0.0
1310,0.0,,1756139530.1108787,False,10.356575908898108,0.07011658727170328,-0.030254874468188114,-0.29236659610657184,0.0,0.0,0.0,0.0
1311,0.0,,1756139530.1209795,False,10.361327393487656,0.05367043026511595,-0.03419062095427495,-0.2985567993115635,0.0,0.0,0.0,0.0
1312,0.0,,1756139530.1303556,False,10.40567017761796,0.027617319444605874,-0.03443906786319642,-0.3005931837337744,0.0,0.0,0.0,0.0
1313,0.0,,1756139530.1407866,False,10.307147577544724,0.0036428624919286937,-0.04374808635275955,-0.3014641994274604,0.0,0.0,0.0,0.0
1314,0.0,,1756139530.1504993,False,10.283805642993578,-0.0119726487622267,-0.06952768565529832,-0.3108103637397088,0.0,0.0,0.0,0.0
1315,0.0,,1756139530.1604216,False,10.301717126908102,-0.022435800626709575,-0.08859555990096722,-0.3235763660736697,0.0,0.0,0.0,0.0
1316,0.0,,1756139530.17047,False,10.22934773121703,-0.027449903876951315,-0.09112399036189012,-0.32130865214069015,0.0,0.0,0.0,0.0
1317,0.0,,1756139530.1803782,False,10.291231185317343,-0.020879692963692208,-0.0941180691792702,-0.3245835000371129,0.0,0.0,0.0,0.0
1318,0.0,,1756139530.1910405,False,10.30450394928387,-0.008629822565386322,-0.0872162759750973,-0.32216727639910525,0.0,0.0,0.0,0.0
1319,0.0,,1756139530.2014542,False,10.3636691162489,-0.000381513001947952,-0.08134132328070315,-0.3254707003840158,0.0,0.0,0.0,0.0
1320,0.0,,1756139530.2086036,False,10.35554696525473,-0.0010129422139596718,-0.08606414562189901,-0.3234657170782317,0.0,0.0,0.0,0.0
1321,0.0,,1756139530.2184014,False,10.384540087853814,0.008493379294522069,-0.08230790528145433,-0.32335407874688027,0.0,0.0,0.0,0.0
1322,0.0,,1756139530.2281296,False,10.383983811411778,-0.014541633662537193,-0.07458511025617463,-0.3138749606792113,0.0,0.0,0.0,0.0
1323,0.0,,1756139530.23792,False,10.400487380475287,-0.032985733642545596,-0.06516819412685289,-0.3134747236994216,0.0,0.0,0.0,0.0
1324,0.0,,1756139530.248434,False,10.426683607539793,-0.05488033533284114,-0.06615490833643696,-0.3139762381488196,0.0,0.0,0.0,0.0
1325,0.0,,1756139530.2580526,False,10.441793292942126,-0.050716718010942706,-0.06968121163273548,-0.30758462836665657,0.0,0.0,0.0,0.0
1326,0.0,,1756139530.2677915,False,10.451633424231842,-0.03332638430351196,-0.07163579199856157,-0.30559184987874033,0.0,0.0,0.0,0.0
1327,0.0,,1756139530.278843,False,10.467848394541544,-0.034535432033725486,-0.06969384189364859,-0.2956950038661399,0.0,0.0,0.0,0.0
1328,0.0,,1756139530.2879524,False,10.55148148903577,-0.06420429330754077,-0.07015939214298779,-0.2961685307516023,0.0,0.0,0.0,0.0
1329,0.0,,1756139530.298011,False,10.59554838849446,-0.07451410160941466,-0.07751893558132754,-0.27801282765251334,0.0,0.0,0.0,0.0
1330,0.0,,1756139530.3075867,False,10.403064184720032,-0.010022754579176412,-0.0940564101988701,-0.273006498424048,0.0,0.0,0.0,0.0
1331,0.0,,1756139530.3173668,False,10.440732707168216,-0.015138141729048347,-0.0887104886692722,-0.27508742601659286,0.0,0.0,0.0,0.0
1332,0.0,,1756139530.327209,False,10.753914174799334,-0.06377538700108434,-0.08930231721715376,-0.26401494357340843,0.0,0.0,0.0,0.0
1333,0.0,,1756139530.337615,False,10.820674774872472,-0.07343457781281446,-0.10648452663733776,-0.2327312211143739,0.0,0.0,0.0,0.0
1334,0.0,,1756139530.347915,False,10.715247547123795,-0.06344593223238898,-0.10596251790899033,-0.21197561143078847,0.0,0.0,0.0,0.0
1335,0.0,,1756139530.3575141,False,10.743163587680908,-0.049384646011879904,-0.0959945994862823,-0.20576582634326973,0.0,0.0,0.0,0.0
1336,0.0,,1756139530.3674781,False,10.630575966679816,-0.007231421796290168,-0.09958648746079524,-0.18271101206834114,0.0,0.0,0.0,0.0
1337,0.0,,1756139530.3778098,False,10.75151992340259,-0.0026398707421861007,-0.09602791943136,-0.16925267964361618,0.0,0.0,0.0,0.0
1338,0.0,,1756139530.3879576,False,10.78640060178358,-0.002972918810852012,-0.08879536264927512,-0.1546007870970076,0.0,0.0,0.0,0.0
1339,0.0,,1756139530.4013724,False,10.738868507001609,0.010974085350736597,-0.07358160244987005,-0.12199396348111083,0.0,0.0,0.0,0.0
1340,0.0,,1756139530.4115326,False,10.688173418460151,0.012374404458690294,-0.0878678661753979,-0.11472251139042389,0.0,0.0,0.0,0.0
1341,0.0,,1756139530.4210975,False,10.73896313666919,0.020469520537990074,-0.05885683801696931,-0.0939440614205157,0.0,0.0,0.0,0.0
1342,0.0,,1756139530.428152,False,10.723724088548042,0.0170776966727749,-0.06717329926632,-0.08037988765283258,0.0,0.0,0.0,0.0
1343,0.0,,1756139530.4379566,False,10.666563417697276,0.013639584302558582,-0.05178729421193698,-0.053746844744011264,0.0,0.0,0.0,0.0
1344,0.0,,1756139530.4481323,False,10.462792396141301,0.003572858492217202,-0.03387408010379306,-0.033629781103630595,0.0,0.0,0.0,0.0
1345,0.0,,1756139530.4616084,False,10.47580005587968,-0.008720363332073072,-0.02570371550177824,-0.020800685559677408,0.0,0.0,0.0,0.0
1346,0.0,,1756139530.4711456,False,10.633988794575533,0.006515968643039726,0.0009065058124957713,0.0023027822718508627,0.0,0.0,0.0,0.0
1347,0.0,,1756139530.4806974,False,10.509071395442882,0.020275365783282817,0.018715508627045508,0.023496082340704865,0.0,0.0,0.0,0.0
1348,0.0,,1756139530.4914074,False,10.45948947173133,0.036664754472773696,0.05416815453483144,0.03512824152974986,0.0,0.0,0.0,0.0
1349,0.0,,1756139530.5014367,False,10.368156910906963,0.05108161982177984,0.046213494582624054,0.05655452927115222,0.0,0.0,0.0,0.0
1350,0.0,,1756139530.5108826,False,10.181406431871515,0.050221144575378816,0.03168926663344486,0.06990714890913852,0.0,0.0,0.0,0.0
1351,0.0,,1756139530.5209608,False,9.909793486769251,0.0503649800610679,0.011451111600297048,0.08499170977725197,0.0,0.0,0.0,0.0
1352,0.0,,1756139530.5292606,False,9.86599008157385,0.04901106689769284,0.03934400937787462,0.0965135933973007,0.0,0.0,0.0,0.0
1353,0.0,,1756139530.5407825,False,9.704312611515135,0.061217118243628715,0.039419451946389426,0.11749297875146611,0.0,0.0,0.0,0.0
1354,0.0,,1756139530.5510802,False,9.657444404517685,0.05421756499761968,0.06901823950074654,0.12322331064829728,0.0,0.0,0.0,0.0
1355,0.0,,1756139530.5606499,False,9.367407330638208,0.05762881487630839,0.07353209488395929,0.14218053509894954,0.0,0.0,0.0,0.0
1356,0.0,,1756139530.5710433,False,9.212484219835025,0.05771384147556,0.08440837828534291,0.1436318830902282,0.0,0.0,0.0,0.0
1357,0.0,,1756139530.581691,False,8.982023941446284,0.06421384898621545,0.06818885349709097,0.15366114114954188,0.0,0.0,0.0,0.0
1358,0.0,,1756139530.591767,False,8.748407921063288,0.03611298593338815,0.08802869496617824,0.1535896980498351,0.0,0.0,0.0,0.0
1359,0.0,,1756139530.6028876,False,8.453693069232266,0.02924049548204791,0.07405696346975515,0.17167623072509666,0.0,0.0,0.0,0.0
1360,0.0,,1756139530.6091242,False,8.32198848286593,0.009404320668497924,0.10286527967123521,0.1699503905215562,0.0,0.0,0.0,0.0
1361,0.0,,1756139530.6185389,False,7.942744313747285,-0.02445206000297311,0.10998631918189009,0.17572814622370816,0.0,0.0,0.0,0.0
1362,0.0,,1756139530.6286955,False,7.619645643116993,-0.01462939018430703,0.1297711232991498,0.16868655517353243,0.0,0.0,0.0,0.0
1363,0.0,,1756139530.6380906,False,7.291367765927587,-0.024225396992180247,0.10582939738999508,0.16719068854463828,0.0,0.0,0.0,0.0
1364,0.0,,1756139530.6482613,False,6.996120722129106,-0.004751315513803461,0.12409360830799473,0.1538524679395889,0.0,0.0,0.0,0.0
1365,0.0,,1756139530.6584232,False,6.597698008582997,0.02251612049063289,0.11563220314054501,0.15213862456353489,0.0,0.0,0.0,0.0
1366,0.0,,1756139530.6714182,False,6.265644738273241,0.009861365317880394,0.11921342339222327,0.12877713615825567,0.0,0.0,0.0,0.0
1367,0.0,,1756139530.6783543,False,6.07467980620099,0.008244307904363122,0.10923374060842703,0.11635399631942485,0.0,0.0,0.0,0.0
1368,0.0,,1756139530.6879814,False,5.703767089933786,0.026361794801010256,0.12388197742111348,0.09270742745956555,0.0,0.0,0.0,0.0
1369,0.0,,1756139530.699156,False,5.405762813156042,0.025037394405706147,0.16109491038359275,0.056798800716298656,0.0,0.0,0.0,0.0
1370,0.0,,1756139530.711857,False,5.208911550544325,-0.06599538023530724,0.14509545066232077,0.0352841102087962,0.0,0.0,0.0,0.0
1371,0.0,,1756139530.7213738,False,5.437510175338845,-0.278472107847995,-0.00031560834617625627,0.07202167262641894,0.0,0.0,0.0,0.0
1372,0.0,,1756139530.731318,False,5.5979757908010574,-0.4268626475925414,-0.03276837975677934,0.09611334133458324,0.0,0.0,0.0,0.0
1373,0.0,,1756139530.7412791,False,5.517730135267695,-0.4306571684783424,0.07376004685349333,0.10975382470002923,0.0,0.0,0.0,0.0
1374,0.0,,1756139530.7515297,False,5.580477686149203,-0.2841936137266725,0.2287445319491294,0.11774207388671423,0.0,0.0,0.0,0.0
1375,0.0,,1756139530.761039,False,5.841459832446098,-0.21097886330078408,0.23082419799208742,0.11903577616904164,0.0,0.0,0.0,0.0
1376,0.0,,1756139530.7713337,False,5.987957725652873,-0.15627047870392613,0.3118144054037385,0.14090258569978387,0.0,0.0,0.0,0.0
1377,0.0,,1756139530.7813745,False,6.296177372619784,-0.10463730231169452,0.3262868286811123,0.12271151275433634,0.0,0.0,0.0,0.0
1378,0.0,,1756139530.7882273,False,6.678149712014751,-0.075821582002264,0.2975501992869445,0.11138821279249161,0.0,0.0,0.0,0.0
1379,0.0,,1756139530.79789,False,7.176008789146958,-0.036800609100316115,0.2616753903144079,0.10787715639771092,0.0,0.0,0.0,0.0
1380,0.0,,1756139530.8081405,False,7.771657727138876,0.02020988287878262,0.2155125442478168,0.07543714634640249,0.0,0.0,0.0,0.0
1381,0.0,,1756139530.8182843,False,8.08151893382787,0.12454021873427627,0.21699386464166112,0.057219292474806685,0.0,0.0,0.0,0.0
1382,0.0,,1756139530.828103,False,8.566149963840278,0.17249421628099876,0.18448983810646621,0.024216105210969802,0.0,0.0,0.0,0.0
1383,0.0,,1756139530.8381367,False,8.95337641232199,0.2145010416146551,0.15198430187837042,0.0042971160827046,0.0,0.0,0.0,0.0
1384,0.0,,1756139530.8481667,False,9.195993267570811,0.26612802729462987,0.13861994316296514,-0.01695391888238671,0.0,0.0,0.0,0.0
1385,0.0,,1756139530.8581457,False,9.568786211669085,0.284154995278371,0.11295254727131737,-0.048738315983538116,0.0,0.0,0.0,0.0
1386,0.0,,1756139530.8684335,False,9.865181796851417,0.2802180058593111,0.10384180277190153,-0.07583497289471125,0.0,0.0,0.0,0.0
1387,0.0,,1756139530.8781667,False,10.04586685820056,0.2630075843285946,0.09102559929313214,-0.0922309080503462,0.0,0.0,0.0,0.0
1388,0.0,,1756139530.8881536,False,10.739173002058397,0.17721469294948625,0.05405531183308891,-0.14991475502494686,0.0,0.0,0.0,0.0
1389,0.0,,1756139530.89865,False,10.477085132366682,0.22637556221730726,0.0682547003209032,-0.13048256755246884,0.0,0.0,0.0,0.0
1390,0.0,,1756139530.9121351,False,10.44746360741528,0.20718268279239882,0.08941626537326602,-0.14890516338178256,0.0,0.0,0.0,0.0
1391,0.0,,1756139530.9223425,False,10.552597339981366,0.16847171026565586,0.09196628088623102,-0.15616847629575625,0.0,0.0,0.0,0.0
1392,0.0,,1756139530.9287136,False,10.66146816783008,0.09729670496972967,0.07300793258287613,-0.16254704785755936,0.0,0.0,0.0,0.0
1393,0.0,,1756139530.9390228,False,10.780857515753912,0.05693189760936831,0.034362582701210925,-0.18270571775383676,0.0,0.0,0.0,0.0
1394,0.0,,1756139530.9482815,False,10.735381660785155,0.04276362402105476,0.03810089880664923,-0.1981716918120421,0.0,0.0,0.0,0.0
1395,0.0,,1756139530.9582727,False,10.89488785567529,0.010951679150445103,0.05765983133286991,-0.2025933889691385,0.0,0.0,0.0,0.0
1396,0.0,,1756139530.9714084,False,10.951111682888337,-0.006108194499332212,0.014127793897351509,-0.20453536454000953,0.0,0.0,0.0,0.0
1397,0.0,,1756139530.98145,False,10.797789417531138,0.001702162296365232,0.006574706599350926,-0.2038962309784485,0.0,0.0,0.0,0.0
1398,0.0,,1756139530.988258,False,10.750555231097701,0.017377335049995647,0.00028694305941081135,-0.21031854505939224,0.0,0.0,0.0,0.0
1399,0.0,,1756139530.9985652,False,10.697651009099475,0.042592439473216746,-0.004376870703896363,-0.21512483707671465,0.0,0.0,0.0,0.0
1400,0.0,,1756139531.0095177,False,10.795165656518897,0.04809947408689384,-0.025664089949649346,-0.2261805424783807,0.0,0.0,0.0,0.0
1401,0.0,,1756139531.0194795,False,10.689643195357005,0.08536915866459927,-0.04284306517714624,-0.23006594758278456,0.0,0.0,0.0,0.0
1402,0.0,,1756139531.028293,False,10.618851155623226,0.11347673347254339,-0.028069664234101503,-0.23521318097058827,0.0,0.0,0.0,0.0
1403,0.0,,1756139531.0390668,False,10.59114647349487,0.12878571991034668,-0.01955597091556515,-0.2428918028626365,0.0,0.0,0.0,0.0
1404,0.0,,1756139531.0496387,False,10.62809730793424,0.11878547947678268,-0.015429714700180864,-0.24534398261041543,0.0,0.0,0.0,0.0
1405,0.0,,1756139531.0585697,False,10.635689094716641,0.11344736209597675,-0.015115059041668665,-0.2574063297863161,0.0,0.0,0.0,0.0
1406,0.0,,1756139531.0686655,False,10.644732001430846,0.10238920203810997,3.5957757959764053e-06,-0.26740305973687784,0.0,0.0,0.0,0.0
1407,0.0,,1756139531.078639,False,10.715552361590186,0.07167775856775446,-0.009849551417650518,-0.27595864985596325,0.0,0.0,0.0,0.0
1408,0.0,,1756139531.088651,False,10.679535502127546,0.060820947700982175,-0.01663942592429199,-0.2798901107203123,0.0,0.0,0.0,0.0
1409,0.0,,1756139531.0993083,False,10.641528619842,0.04155769214408554,-0.0318326062534002,-0.2827901266416162,0.0,0.0,0.0,0.0
1410,0.0,,1756139531.1082854,False,10.704572170591783,0.010990855638289507,-0.048557309524740855,-0.28716913557430207,0.0,0.0,0.0,0.0
1411,0.0,,1756139531.1182592,False,10.703821728899257,-0.006930912337225778,-0.06714616386296848,-0.2845818409831137,0.0,0.0,0.0,0.0
1412,0.0,,1756139531.1279714,False,10.772376069755351,-0.047151168264438555,-0.08732985689283,-0.2913590236032067,0.0,0.0,0.0,0.0
1413,0.0,,1756139531.137773,False,10.719339894727433,-0.044396349651895685,-0.09325599148725273,-0.28256853460867776,0.0,0.0,0.0,0.0
1414,0.0,,1756139531.1480548,False,10.67529924361348,-0.050614118045216115,-0.10487067269246138,-0.2763212563133088,0.0,0.0,0.0,0.0
1415,0.0,,1756139531.1578217,False,10.73263152234958,-0.06940191579732932,-0.11209573997503018,-0.26650547618159937,0.0,0.0,0.0,0.0
1416,0.0,,1756139531.1676068,False,10.728733201112906,-0.05236536784100654,-0.1126396756360926,-0.25668318547376284,0.0,0.0,0.0,0.0
1417,0.0,,1756139531.178186,False,10.703573957909919,-0.05823801990527698,-0.1281645174913868,-0.25554557792155586,0.0,0.0,0.0,0.0
1418,0.0,,1756139531.1879418,False,10.716667686438301,-0.047800814000843454,-0.12657244830278697,-0.2503198145425114,0.0,0.0,0.0,0.0
1419,0.0,,1756139531.1982412,False,10.730574660024399,-0.02494932899000739,-0.11999349744744586,-0.23543931036267665,0.0,0.0,0.0,0.0
1420,0.0,,1756139531.208044,False,10.770969132056038,-0.007629833264758624,-0.12192889889141628,-0.22398252237147337,0.0,0.0,0.0,0.0
1421,0.0,,1756139531.2177222,False,10.79183650005951,-0.007074043397440033,-0.12270960945467671,-0.2161706191179913,0.0,0.0,0.0,0.0
1422,0.0,,1756139531.2279363,False,10.718813775181875,-0.01607590727235639,-0.12238226951543528,-0.20763838738962623,0.0,0.0,0.0,0.0
1423,0.0,,1756139531.2379618,False,10.828050322526629,-0.01373991484878212,-0.11118890128848007,-0.2036475132560992,0.0,0.0,0.0,0.0
1424,0.0,,1756139531.2487583,False,10.919714171329046,-0.009259833189020702,-0.1083641258394751,-0.18488999927043837,0.0,0.0,0.0,0.0
1425,0.0,,1756139531.2584317,False,10.825150955147915,-0.013934706004966834,-0.11618450781885936,-0.16828858651463136,0.0,0.0,0.0,0.0
1426,0.0,,1756139531.2679484,False,10.766785936023833,-0.027144452469896316,-0.11576977521089338,-0.1602575292362646,0.0,0.0,0.0,0.0
1427,0.0,,1756139531.2784674,False,10.80386688924575,-0.0356580124011224,-0.11426460446166406,-0.15018303874166605,0.0,0.0,0.0,0.0
1428,0.0,,1756139531.288345,False,10.889753169651158,-0.0335543034439426,-0.12574836171148102,-0.1391642094366539,0.0,0.0,0.0,0.0
1429,0.0,,1756139531.2982361,False,10.855799774522113,-0.032064341900124756,-0.13426435205060808,-0.12418843536921906,0.0,0.0,0.0,0.0
1430,0.0,,1756139531.3085318,False,10.78511949028062,-0.033095200932906285,-0.13556068947507588,-0.1087822631042646,0.0,0.0,0.0,0.0
1431,0.0,,1756139531.3214016,False,10.64037654489096,-0.034011300767814466,-0.13792875657576914,-0.08561600609498501,0.0,0.0,0.0,0.0
1432,0.0,,1756139531.3281913,False,10.817316828715601,-0.04373684510607757,-0.13024272620831104,-0.08009388081817811,0.0,0.0,0.0,0.0
1433,0.0,,1756139531.3380096,False,10.891554236102872,-0.029348915015473348,-0.12116416133876154,-0.060612386984167196,0.0,0.0,0.0,0.0
1360,0.0,,1756139530.6091242,False,8.32198848286593,0.009404320668497924,0.10286527967123521,0.1699503905215562,0.0,0.0,0.0,0.0
1361,0.0,,1756139530.6185389,False,7.942744313747285,-0.02445206000297311,0.10998631918189009,0.17572814622370816,0.0,0.0,0.0,0.0
1362,0.0,,1756139530.6286955,False,7.619645643116993,-0.01462939018430703,0.1297711232991498,0.16868655517353243,0.0,0.0,0.0,0.0
1363,0.0,,1756139530.6380906,False,7.291367765927587,-0.024225396992180247,0.10582939738999508,0.16719068854463828,0.0,0.0,0.0,0.0
1364,0.0,,1756139530.6482613,False,6.996120722129106,-0.004751315513803461,0.12409360830799473,0.1538524679395889,0.0,0.0,0.0,0.0
1365,0.0,,1756139530.6584232,False,6.597698008582997,0.02251612049063289,0.11563220314054501,0.15213862456353489,0.0,0.0,0.0,0.0
1366,0.0,,1756139530.6714182,False,6.265644738273241,0.009861365317880394,0.11921342339222327,0.12877713615825567,0.0,0.0,0.0,0.0
1367,0.0,,1756139530.6783543,False,6.07467980620099,0.008244307904363122,0.10923374060842703,0.11635399631942485,0.0,0.0,0.0,0.0
1368,0.0,,1756139530.6879814,False,5.703767089933786,0.026361794801010256,0.12388197742111348,0.09270742745956555,0.0,0.0,0.0,0.0
1369,0.0,,1756139530.699156,False,5.405762813156042,0.025037394405706147,0.16109491038359275,0.056798800716298656,0.0,0.0,0.0,0.0
1370,0.0,,1756139530.711857,False,5.208911550544325,-0.06599538023530724,0.14509545066232077,0.0352841102087962,0.0,0.0,0.0,0.0
1371,0.0,,1756139530.7213738,False,5.437510175338845,-0.278472107847995,-0.00031560834617625627,0.07202167262641894,0.0,0.0,0.0,0.0
1372,0.0,,1756139530.731318,False,5.5979757908010574,-0.4268626475925414,-0.03276837975677934,0.09611334133458324,0.0,0.0,0.0,0.0
1373,0.0,,1756139530.7412791,False,5.517730135267695,-0.4306571684783424,0.07376004685349333,0.10975382470002923,0.0,0.0,0.0,0.0
1374,0.0,,1756139530.7515297,False,5.580477686149203,-0.2841936137266725,0.2287445319491294,0.11774207388671423,0.0,0.0,0.0,0.0
1375,0.0,,1756139530.761039,False,5.841459832446098,-0.21097886330078408,0.23082419799208742,0.11903577616904164,0.0,0.0,0.0,0.0
1376,0.0,,1756139530.7713337,False,5.987957725652873,-0.15627047870392613,0.3118144054037385,0.14090258569978387,0.0,0.0,0.0,0.0
1377,0.0,,1756139530.7813745,False,6.296177372619784,-0.10463730231169452,0.3262868286811123,0.12271151275433634,0.0,0.0,0.0,0.0
1378,0.0,,1756139530.7882273,False,6.678149712014751,-0.075821582002264,0.2975501992869445,0.11138821279249161,0.0,0.0,0.0,0.0
1379,0.0,,1756139530.79789,False,7.176008789146958,-0.036800609100316115,0.2616753903144079,0.10787715639771092,0.0,0.0,0.0,0.0
1380,0.0,,1756139530.8081405,False,7.771657727138876,0.02020988287878262,0.2155125442478168,0.07543714634640249,0.0,0.0,0.0,0.0
1381,0.0,,1756139530.8182843,False,8.08151893382787,0.12454021873427627,0.21699386464166112,0.057219292474806685,0.0,0.0,0.0,0.0
1382,0.0,,1756139530.828103,False,8.566149963840278,0.17249421628099876,0.18448983810646621,0.024216105210969802,0.0,0.0,0.0,0.0
1383,0.0,,1756139530.8381367,False,8.95337641232199,0.2145010416146551,0.15198430187837042,0.0042971160827046,0.0,0.0,0.0,0.0
1384,0.0,,1756139530.8481667,False,9.195993267570811,0.26612802729462987,0.13861994316296514,-0.01695391888238671,0.0,0.0,0.0,0.0
1385,0.0,,1756139530.8581457,False,9.568786211669085,0.284154995278371,0.11295254727131737,-0.048738315983538116,0.0,0.0,0.0,0.0
1386,0.0,,1756139530.8684335,False,9.865181796851417,0.2802180058593111,0.10384180277190153,-0.07583497289471125,0.0,0.0,0.0,0.0
1387,0.0,,1756139530.8781667,False,10.04586685820056,0.2630075843285946,0.09102559929313214,-0.0922309080503462,0.0,0.0,0.0,0.0
1388,0.0,,1756139530.8881536,False,10.739173002058397,0.17721469294948625,0.05405531183308891,-0.14991475502494686,0.0,0.0,0.0,0.0
1389,0.0,,1756139530.89865,False,10.477085132366682,0.22637556221730726,0.0682547003209032,-0.13048256755246884,0.0,0.0,0.0,0.0
1390,0.0,,1756139530.9121351,False,10.44746360741528,0.20718268279239882,0.08941626537326602,-0.14890516338178256,0.0,0.0,0.0,0.0
1391,0.0,,1756139530.9223425,False,10.552597339981366,0.16847171026565586,0.09196628088623102,-0.15616847629575625,0.0,0.0,0.0,0.0
1392,0.0,,1756139530.9287136,False,10.66146816783008,0.09729670496972967,0.07300793258287613,-0.16254704785755936,0.0,0.0,0.0,0.0
1393,0.0,,1756139530.9390228,False,10.780857515753912,0.05693189760936831,0.034362582701210925,-0.18270571775383676,0.0,0.0,0.0,0.0
1394,0.0,,1756139530.9482815,False,10.735381660785155,0.04276362402105476,0.03810089880664923,-0.1981716918120421,0.0,0.0,0.0,0.0
1395,0.0,,1756139530.9582727,False,10.89488785567529,0.010951679150445103,0.05765983133286991,-0.2025933889691385,0.0,0.0,0.0,0.0
1396,0.0,,1756139530.9714084,False,10.951111682888337,-0.006108194499332212,0.014127793897351509,-0.20453536454000953,0.0,0.0,0.0,0.0
1397,0.0,,1756139530.98145,False,10.797789417531138,0.001702162296365232,0.006574706599350926,-0.2038962309784485,0.0,0.0,0.0,0.0
1398,0.0,,1756139530.988258,False,10.750555231097701,0.017377335049995647,0.00028694305941081135,-0.21031854505939224,0.0,0.0,0.0,0.0
1399,0.0,,1756139530.9985652,False,10.697651009099475,0.042592439473216746,-0.004376870703896363,-0.21512483707671465,0.0,0.0,0.0,0.0
1400,0.0,,1756139531.0095177,False,10.795165656518897,0.04809947408689384,-0.025664089949649346,-0.2261805424783807,0.0,0.0,0.0,0.0
1401,0.0,,1756139531.0194795,False,10.689643195357005,0.08536915866459927,-0.04284306517714624,-0.23006594758278456,0.0,0.0,0.0,0.0
1402,0.0,,1756139531.028293,False,10.618851155623226,0.11347673347254339,-0.028069664234101503,-0.23521318097058827,0.0,0.0,0.0,0.0
1403,0.0,,1756139531.0390668,False,10.59114647349487,0.12878571991034668,-0.01955597091556515,-0.2428918028626365,0.0,0.0,0.0,0.0
1404,0.0,,1756139531.0496387,False,10.62809730793424,0.11878547947678268,-0.015429714700180864,-0.24534398261041543,0.0,0.0,0.0,0.0
1405,0.0,,1756139531.0585697,False,10.635689094716641,0.11344736209597675,-0.015115059041668665,-0.2574063297863161,0.0,0.0,0.0,0.0
1406,0.0,,1756139531.0686655,False,10.644732001430846,0.10238920203810997,3.5957757959764053e-06,-0.26740305973687784,0.0,0.0,0.0,0.0
1407,0.0,,1756139531.078639,False,10.715552361590186,0.07167775856775446,-0.009849551417650518,-0.27595864985596325,0.0,0.0,0.0,0.0
1408,0.0,,1756139531.088651,False,10.679535502127546,0.060820947700982175,-0.01663942592429199,-0.2798901107203123,0.0,0.0,0.0,0.0
1409,0.0,,1756139531.0993083,False,10.641528619842,0.04155769214408554,-0.0318326062534002,-0.2827901266416162,0.0,0.0,0.0,0.0
1410,0.0,,1756139531.1082854,False,10.704572170591783,0.010990855638289507,-0.048557309524740855,-0.28716913557430207,0.0,0.0,0.0,0.0
1411,0.0,,1756139531.1182592,False,10.703821728899257,-0.006930912337225778,-0.06714616386296848,-0.2845818409831137,0.0,0.0,0.0,0.0
1412,0.0,,1756139531.1279714,False,10.772376069755351,-0.047151168264438555,-0.08732985689283,-0.2913590236032067,0.0,0.0,0.0,0.0
1413,0.0,,1756139531.137773,False,10.719339894727433,-0.044396349651895685,-0.09325599148725273,-0.28256853460867776,0.0,0.0,0.0,0.0
1414,0.0,,1756139531.1480548,False,10.67529924361348,-0.050614118045216115,-0.10487067269246138,-0.2763212563133088,0.0,0.0,0.0,0.0
1415,0.0,,1756139531.1578217,False,10.73263152234958,-0.06940191579732932,-0.11209573997503018,-0.26650547618159937,0.0,0.0,0.0,0.0
1416,0.0,,1756139531.1676068,False,10.728733201112906,-0.05236536784100654,-0.1126396756360926,-0.25668318547376284,0.0,0.0,0.0,0.0
1417,0.0,,1756139531.178186,False,10.703573957909919,-0.05823801990527698,-0.1281645174913868,-0.25554557792155586,0.0,0.0,0.0,0.0
1418,0.0,,1756139531.1879418,False,10.716667686438301,-0.047800814000843454,-0.12657244830278697,-0.2503198145425114,0.0,0.0,0.0,0.0
1419,0.0,,1756139531.1982412,False,10.730574660024399,-0.02494932899000739,-0.11999349744744586,-0.23543931036267665,0.0,0.0,0.0,0.0
1420,0.0,,1756139531.208044,False,10.770969132056038,-0.007629833264758624,-0.12192889889141628,-0.22398252237147337,0.0,0.0,0.0,0.0
1421,0.0,,1756139531.2177222,False,10.79183650005951,-0.007074043397440033,-0.12270960945467671,-0.2161706191179913,0.0,0.0,0.0,0.0
1422,0.0,,1756139531.2279363,False,10.718813775181875,-0.01607590727235639,-0.12238226951543528,-0.20763838738962623,0.0,0.0,0.0,0.0
1423,0.0,,1756139531.2379618,False,10.828050322526629,-0.01373991484878212,-0.11118890128848007,-0.2036475132560992,0.0,0.0,0.0,0.0
1424,0.0,,1756139531.2487583,False,10.919714171329046,-0.009259833189020702,-0.1083641258394751,-0.18488999927043837,0.0,0.0,0.0,0.0
1425,0.0,,1756139531.2584317,False,10.825150955147915,-0.013934706004966834,-0.11618450781885936,-0.16828858651463136,0.0,0.0,0.0,0.0
1426,0.0,,1756139531.2679484,False,10.766785936023833,-0.027144452469896316,-0.11576977521089338,-0.1602575292362646,0.0,0.0,0.0,0.0
1427,0.0,,1756139531.2784674,False,10.80386688924575,-0.0356580124011224,-0.11426460446166406,-0.15018303874166605,0.0,0.0,0.0,0.0
1428,0.0,,1756139531.288345,False,10.889753169651158,-0.0335543034439426,-0.12574836171148102,-0.1391642094366539,0.0,0.0,0.0,0.0
1429,0.0,,1756139531.2982361,False,10.855799774522113,-0.032064341900124756,-0.13426435205060808,-0.12418843536921906,0.0,0.0,0.0,0.0
1430,0.0,,1756139531.3085318,False,10.78511949028062,-0.033095200932906285,-0.13556068947507588,-0.1087822631042646,0.0,0.0,0.0,0.0
1431,0.0,,1756139531.3214016,False,10.64037654489096,-0.034011300767814466,-0.13792875657576914,-0.08561600609498501,0.0,0.0,0.0,0.0
1432,0.0,,1756139531.3281913,False,10.817316828715601,-0.04373684510607757,-0.13024272620831104,-0.08009388081817811,0.0,0.0,0.0,0.0
1433,0.0,,1756139531.3380096,False,10.891554236102872,-0.029348915015473348,-0.12116416133876154,-0.060612386984167196,0.0,0.0,0.0,0.0
1438,0.0,,1756139531.3876517,False,10.18130283606147,0.023260676783622716,-0.08823392100251322,0.030612637137372008,0.0,0.0,0.0,0.0
1439,0.0,,1756139531.4011846,False,10.390002777983085,-0.003768251449454775,-0.059534159230459655,0.0278273792062194,0.0,0.0,0.0,0.0
1440,0.0,,1756139531.4082026,False,10.67141706212232,0.03010928034556062,-0.04375937571729864,0.050287969804513326,0.0,0.0,0.0,0.0
1441,0.0,,1756139531.4179459,False,10.457179837258131,0.05874811129963852,-0.015837837734091163,0.07312123080599364,0.0,0.0,0.0,0.0
1442,0.0,,1756139531.4280753,False,10.237472102423483,0.04279636135746001,0.012468306322669594,0.07637403201262483,0.0,0.0,0.0,0.0
1443,0.0,,1756139531.4385161,False,10.23031165834772,0.025765050090825893,0.011129929267828862,0.09348112345863162,0.0,0.0,0.0,0.0
1444,0.0,,1756139531.448842,False,10.214384773845708,0.046209545435647426,-0.0171327379510343,0.10926413094190965,0.0,0.0,0.0,0.0
1445,0.0,,1756139531.4581547,False,9.789404108909192,0.03875007194495534,-0.014465230238033387,0.12069155921076677,0.0,0.0,0.0,0.0
1446,0.0,,1756139531.4682584,False,9.588363146269081,0.005525774508933306,0.001499057474324994,0.12689502629976035,0.0,0.0,0.0,0.0
1447,0.0,,1756139531.4822128,False,9.514461727249461,-0.008081587768006812,-0.002779904357781445,0.14166237973492474,0.0,0.0,0.0,0.0
1448,0.0,,1756139531.4920025,False,9.285478169966755,-0.004735071470037391,-0.008966688497721951,0.14226552412377072,0.0,0.0,0.0,0.0
1449,0.0,,1756139531.499544,False,9.04327257377399,-0.0005541949114746276,0.0066257460751506,0.14473650409968747,0.0,0.0,0.0,0.0
1450,0.0,,1756139531.5086262,False,8.894334734722168,0.000946475404457663,0.04669271523051091,0.15015089286406724,0.0,0.0,0.0,0.0
1451,0.0,,1756139531.5204902,False,8.702427233683123,0.02600529993225478,0.0382155957420726,0.16065382923014082,0.0,0.0,0.0,0.0
1452,0.0,,1756139531.534504,False,8.37990190459727,0.05483896521708265,0.09482401585969236,0.16229264568216042,0.0,0.0,0.0,0.0
1453,0.0,,1756139531.5427248,False,8.082847163171932,0.010648140952440238,0.039610188486568804,0.1670025382684248,0.0,0.0,0.0,0.0
1454,0.0,,1756139531.5530047,False,7.912386016152276,0.022587909197614168,0.07644043702923933,0.16252819164407248,0.0,0.0,0.0,0.0
1455,0.0,,1756139531.560925,False,7.539095987608155,0.022495450167165157,0.08436954256601664,0.16291595032861264,0.0,0.0,0.0,0.0
1456,0.0,,1756139531.569618,False,7.273071622066427,0.021108170020696086,0.13866794404173566,0.14561456127505312,0.0,0.0,0.0,0.0
1457,0.0,,1756139531.5791912,False,6.884813789617914,-0.0042531643695174134,0.11283880286238968,0.14028090251378073,0.0,0.0,0.0,0.0
1458,0.0,,1756139531.5889552,False,6.555810850868068,-0.022762445652231414,0.14285509126174312,0.13039005258863007,0.0,0.0,0.0,0.0
1459,0.0,,1756139531.6006021,False,6.1510103853878775,-0.02274989177428905,0.15203087303911494,0.11623770864751079,0.0,0.0,0.0,0.0
1460,0.0,,1756139531.6099877,False,5.925553156123925,-0.0634051981000589,0.15699950077224023,0.09272401945388219,0.0,0.0,0.0,0.0
1461,0.0,,1756139531.6195116,False,5.576850068536879,-0.09609012789083773,0.151681586301196,0.06973053143060351,0.0,0.0,0.0,0.0
1462,0.0,,1756139531.6293344,False,5.36773937183921,-0.13571246931402473,0.14134944918891512,0.05273429599957532,0.0,0.0,0.0,0.0
1463,0.0,,1756139531.6410882,False,5.514262313372536,-0.2956997814849985,-0.027359648023005625,0.0897411874804583,0.0,0.0,0.0,0.0
1464,0.0,,1756139531.6499908,False,5.587623597123317,-0.40444936930774866,-0.0705383699583241,0.11247592380258886,0.0,0.0,0.0,0.0
1465,0.0,,1756139531.66008,False,5.544995340753923,-0.3855533171225649,0.01641741325150501,0.12425210980714113,0.0,0.0,0.0,0.0
1466,0.0,,1756139531.669761,False,5.60592900405829,-0.22791073862708536,0.16198153877447163,0.1329986824876962,0.0,0.0,0.0,0.0
1467,0.0,,1756139531.6801708,False,5.797633329729557,-0.10795807145321057,0.24494274793887327,0.14802997514676988,0.0,0.0,0.0,0.0
1468,0.0,,1756139531.6896882,False,6.031759250432013,-0.07675929972690931,0.2552250595458125,0.16080081142763192,0.0,0.0,0.0,0.0
1469,0.0,,1756139531.6995134,False,6.427064217698141,-0.044033074002537996,0.24574695859924212,0.14876515290499254,0.0,0.0,0.0,0.0
1470,0.0,,1756139531.7093387,False,6.728955827988516,0.022276716705482914,0.2585321356615763,0.138357060085082,0.0,0.0,0.0,0.0
1471,0.0,,1756139531.7195349,False,7.293871431887625,0.05171933491426283,0.2235598434485308,0.10921433514289232,0.0,0.0,0.0,0.0
1472,0.0,,1756139531.7294385,False,7.773264286434667,0.0941956406336291,0.1941623257963314,0.09171750118953331,0.0,0.0,0.0,0.0
1473,0.0,,1756139531.7398894,False,8.33412310627912,0.12552232921886164,0.1507178157208826,0.04585041174671463,0.0,0.0,0.0,0.0
1474,0.0,,1756139531.7499523,False,8.673187167436495,0.18453129592650747,0.15493354267391055,0.03785817595451093,0.0,0.0,0.0,0.0
1475,0.0,,1756139531.7607818,False,8.954963891835234,0.23513725639060123,0.16194514877970748,0.015518669250562202,0.0,0.0,0.0,0.0
1476,0.0,,1756139531.7698758,False,9.45774895372898,0.21288594117926263,0.12272158387766058,-0.01936674965227576,0.0,0.0,0.0,0.0
1477,0.0,,1756139531.7791426,False,9.685916596075625,0.2175203480372799,0.11734847692380021,-0.030544371172229648,0.0,0.0,0.0,0.0
1478,0.0,,1756139531.7893326,False,9.928564338553489,0.22098193606863092,0.09284408728748542,-0.05770433810372347,0.0,0.0,0.0,0.0
1479,0.0,,1756139531.8000634,False,10.12341650384504,0.22760021691578147,0.10334548117051541,-0.07525303308488757,0.0,0.0,0.0,0.0
1480,0.0,,1756139531.8095822,False,10.46487072308011,0.16393325429936442,0.07318939043128975,-0.09067306341076259,0.0,0.0,0.0,0.0
1481,0.0,,1756139531.8194275,False,10.650044146826051,0.1345253238846102,0.03047628066487594,-0.10823167343991587,0.0,0.0,0.0,0.0
1482,0.0,,1756139531.8299568,False,10.656220778120748,0.14275105732398102,0.03202513463121272,-0.11615838815755189,0.0,0.0,0.0,0.0
1483,0.0,,1756139531.8392718,False,10.672913580995694,0.15008213332790765,0.03242195583865398,-0.11984774418810101,0.0,0.0,0.0,0.0
1484,0.0,,1756139531.8496115,False,10.803723675899322,0.10257162629050989,0.011719093891495815,-0.1296894564783511,0.0,0.0,0.0,0.0
1485,0.0,,1756139531.8606718,False,10.868701561813744,0.08847678852720105,-0.00993232001991947,-0.12865632583312273,0.0,0.0,0.0,0.0
1486,0.0,,1756139531.871996,False,10.9231198908824,0.07310906154340094,-0.025995139225200994,-0.14327937783410188,0.0,0.0,0.0,0.0
1487,0.0,,1756139531.8815465,False,10.852484012003815,0.0976024662213418,-0.029874052924345897,-0.13953684457535323,0.0,0.0,0.0,0.0
1488,0.0,,1756139531.8949354,False,10.839663217001451,0.1075014316665407,-0.03930350579509749,-0.14274690803840268,0.0,0.0,0.0,0.0
1489,0.0,,1756139531.901873,False,10.89618731899482,0.10234810182527605,-0.04784762258665441,-0.14708349235021972,0.0,0.0,0.0,0.0
1490,0.0,,1756139531.9116561,False,10.90732399105435,0.10825271086828625,-0.04894427555672978,-0.1549801318748976,0.0,0.0,0.0,0.0
1491,0.0,,1756139531.9226182,False,10.830618415658055,0.12356999686770306,-0.048117847532481064,-0.1549696953613169,0.0,0.0,0.0,0.0
1492,0.0,,1756139531.9305637,False,10.865558377360692,0.11560386489209959,-0.04333754047485408,-0.16575251998616317,0.0,0.0,0.0,0.0
1493,0.0,,1756139531.9407816,False,10.766125898823798,0.15276324177788797,-0.025392104867235296,-0.1653184252664395,0.0,0.0,0.0,0.0
1494,0.0,,1756139531.950611,False,10.948199154369904,0.09805846553034317,-0.03604895336496635,-0.1802223918140739,0.0,0.0,0.0,0.0
1495,0.0,,1756139531.9596643,False,10.709381308715301,0.129510545442869,-0.050498052195554005,-0.17042632992409407,0.0,0.0,0.0,0.0
1496,0.0,,1756139531.9707081,False,10.60443698545826,0.13897683102464342,-0.029247111926706933,-0.18457653150874115,0.0,0.0,0.0,0.0
1497,0.0,,1756139531.980197,False,10.736290274772838,0.11166143175055432,-0.03031891858152018,-0.19437693973237513,0.0,0.0,0.0,0.0
1498,0.0,,1756139531.9911044,False,10.762211500619433,0.0841220966282098,-0.04687291643661479,-0.19550837406381238,0.0,0.0,0.0,0.0
1499,0.0,,1756139532.001304,False,10.78504610353087,0.04241782898892632,-0.06892891852265715,-0.19748053345069105,0.0,0.0,0.0,0.0
1500,0.0,,1756139532.0104907,False,10.72522865672019,0.04309782041485595,-0.0656667408612921,-0.20428464561807738,0.0,0.0,0.0,0.0
1501,0.0,,1756139532.0204518,False,10.721064444387746,0.03886549820756108,-0.0756219581539025,-0.19309936281468837,0.0,0.0,0.0,0.0
1502,0.0,,1756139532.0296354,False,10.790461819540534,0.0042238909618694705,-0.09585686957750715,-0.20065292037863736,0.0,0.0,0.0,0.0
1503,0.0,,1756139532.0400262,False,10.717327670866787,-0.010445492972289003,-0.114715846165318,-0.19080320591507255,0.0,0.0,0.0,0.0
1504,0.0,,1756139532.0515435,False,10.65879276516713,-0.03032625306424348,-0.14430883698628613,-0.18459818056505795,0.0,0.0,0.0,0.0
1505,0.0,,1756139532.060248,False,10.691611244613409,-0.05125127998895403,-0.15215239037118025,-0.17820465920560877,0.0,0.0,0.0,0.0
1506,0.0,,1756139532.0702915,False,10.714098975587406,-0.05072422656120988,-0.14935944601037038,-0.16910205149980076,0.0,0.0,0.0,0.0
1438,0.0,,1756139531.3876517,False,10.18130283606147,0.023260676783622716,-0.08823392100251322,0.030612637137372008,0.0,0.0,0.0,0.0
1439,0.0,,1756139531.4011846,False,10.390002777983085,-0.003768251449454775,-0.059534159230459655,0.0278273792062194,0.0,0.0,0.0,0.0
1440,0.0,,1756139531.4082026,False,10.67141706212232,0.03010928034556062,-0.04375937571729864,0.050287969804513326,0.0,0.0,0.0,0.0
1441,0.0,,1756139531.4179459,False,10.457179837258131,0.05874811129963852,-0.015837837734091163,0.07312123080599364,0.0,0.0,0.0,0.0
1442,0.0,,1756139531.4280753,False,10.237472102423483,0.04279636135746001,0.012468306322669594,0.07637403201262483,0.0,0.0,0.0,0.0
1443,0.0,,1756139531.4385161,False,10.23031165834772,0.025765050090825893,0.011129929267828862,0.09348112345863162,0.0,0.0,0.0,0.0
1444,0.0,,1756139531.448842,False,10.214384773845708,0.046209545435647426,-0.0171327379510343,0.10926413094190965,0.0,0.0,0.0,0.0
1445,0.0,,1756139531.4581547,False,9.789404108909192,0.03875007194495534,-0.014465230238033387,0.12069155921076677,0.0,0.0,0.0,0.0
1446,0.0,,1756139531.4682584,False,9.588363146269081,0.005525774508933306,0.001499057474324994,0.12689502629976035,0.0,0.0,0.0,0.0
1447,0.0,,1756139531.4822128,False,9.514461727249461,-0.008081587768006812,-0.002779904357781445,0.14166237973492474,0.0,0.0,0.0,0.0
1448,0.0,,1756139531.4920025,False,9.285478169966755,-0.004735071470037391,-0.008966688497721951,0.14226552412377072,0.0,0.0,0.0,0.0
1449,0.0,,1756139531.499544,False,9.04327257377399,-0.0005541949114746276,0.0066257460751506,0.14473650409968747,0.0,0.0,0.0,0.0
1450,0.0,,1756139531.5086262,False,8.894334734722168,0.000946475404457663,0.04669271523051091,0.15015089286406724,0.0,0.0,0.0,0.0
1451,0.0,,1756139531.5204902,False,8.702427233683123,0.02600529993225478,0.0382155957420726,0.16065382923014082,0.0,0.0,0.0,0.0
1452,0.0,,1756139531.534504,False,8.37990190459727,0.05483896521708265,0.09482401585969236,0.16229264568216042,0.0,0.0,0.0,0.0
1453,0.0,,1756139531.5427248,False,8.082847163171932,0.010648140952440238,0.039610188486568804,0.1670025382684248,0.0,0.0,0.0,0.0
1454,0.0,,1756139531.5530047,False,7.912386016152276,0.022587909197614168,0.07644043702923933,0.16252819164407248,0.0,0.0,0.0,0.0
1455,0.0,,1756139531.560925,False,7.539095987608155,0.022495450167165157,0.08436954256601664,0.16291595032861264,0.0,0.0,0.0,0.0
1456,0.0,,1756139531.569618,False,7.273071622066427,0.021108170020696086,0.13866794404173566,0.14561456127505312,0.0,0.0,0.0,0.0
1457,0.0,,1756139531.5791912,False,6.884813789617914,-0.0042531643695174134,0.11283880286238968,0.14028090251378073,0.0,0.0,0.0,0.0
1458,0.0,,1756139531.5889552,False,6.555810850868068,-0.022762445652231414,0.14285509126174312,0.13039005258863007,0.0,0.0,0.0,0.0
1459,0.0,,1756139531.6006021,False,6.1510103853878775,-0.02274989177428905,0.15203087303911494,0.11623770864751079,0.0,0.0,0.0,0.0
1460,0.0,,1756139531.6099877,False,5.925553156123925,-0.0634051981000589,0.15699950077224023,0.09272401945388219,0.0,0.0,0.0,0.0
1461,0.0,,1756139531.6195116,False,5.576850068536879,-0.09609012789083773,0.151681586301196,0.06973053143060351,0.0,0.0,0.0,0.0
1462,0.0,,1756139531.6293344,False,5.36773937183921,-0.13571246931402473,0.14134944918891512,0.05273429599957532,0.0,0.0,0.0,0.0
1463,0.0,,1756139531.6410882,False,5.514262313372536,-0.2956997814849985,-0.027359648023005625,0.0897411874804583,0.0,0.0,0.0,0.0
1464,0.0,,1756139531.6499908,False,5.587623597123317,-0.40444936930774866,-0.0705383699583241,0.11247592380258886,0.0,0.0,0.0,0.0
1465,0.0,,1756139531.66008,False,5.544995340753923,-0.3855533171225649,0.01641741325150501,0.12425210980714113,0.0,0.0,0.0,0.0
1466,0.0,,1756139531.669761,False,5.60592900405829,-0.22791073862708536,0.16198153877447163,0.1329986824876962,0.0,0.0,0.0,0.0
1467,0.0,,1756139531.6801708,False,5.797633329729557,-0.10795807145321057,0.24494274793887327,0.14802997514676988,0.0,0.0,0.0,0.0
1468,0.0,,1756139531.6896882,False,6.031759250432013,-0.07675929972690931,0.2552250595458125,0.16080081142763192,0.0,0.0,0.0,0.0
1469,0.0,,1756139531.6995134,False,6.427064217698141,-0.044033074002537996,0.24574695859924212,0.14876515290499254,0.0,0.0,0.0,0.0
1470,0.0,,1756139531.7093387,False,6.728955827988516,0.022276716705482914,0.2585321356615763,0.138357060085082,0.0,0.0,0.0,0.0
1471,0.0,,1756139531.7195349,False,7.293871431887625,0.05171933491426283,0.2235598434485308,0.10921433514289232,0.0,0.0,0.0,0.0
1472,0.0,,1756139531.7294385,False,7.773264286434667,0.0941956406336291,0.1941623257963314,0.09171750118953331,0.0,0.0,0.0,0.0
1473,0.0,,1756139531.7398894,False,8.33412310627912,0.12552232921886164,0.1507178157208826,0.04585041174671463,0.0,0.0,0.0,0.0
1474,0.0,,1756139531.7499523,False,8.673187167436495,0.18453129592650747,0.15493354267391055,0.03785817595451093,0.0,0.0,0.0,0.0
1475,0.0,,1756139531.7607818,False,8.954963891835234,0.23513725639060123,0.16194514877970748,0.015518669250562202,0.0,0.0,0.0,0.0
1476,0.0,,1756139531.7698758,False,9.45774895372898,0.21288594117926263,0.12272158387766058,-0.01936674965227576,0.0,0.0,0.0,0.0
1477,0.0,,1756139531.7791426,False,9.685916596075625,0.2175203480372799,0.11734847692380021,-0.030544371172229648,0.0,0.0,0.0,0.0
1478,0.0,,1756139531.7893326,False,9.928564338553489,0.22098193606863092,0.09284408728748542,-0.05770433810372347,0.0,0.0,0.0,0.0
1479,0.0,,1756139531.8000634,False,10.12341650384504,0.22760021691578147,0.10334548117051541,-0.07525303308488757,0.0,0.0,0.0,0.0
1480,0.0,,1756139531.8095822,False,10.46487072308011,0.16393325429936442,0.07318939043128975,-0.09067306341076259,0.0,0.0,0.0,0.0
1481,0.0,,1756139531.8194275,False,10.650044146826051,0.1345253238846102,0.03047628066487594,-0.10823167343991587,0.0,0.0,0.0,0.0
1482,0.0,,1756139531.8299568,False,10.656220778120748,0.14275105732398102,0.03202513463121272,-0.11615838815755189,0.0,0.0,0.0,0.0
1483,0.0,,1756139531.8392718,False,10.672913580995694,0.15008213332790765,0.03242195583865398,-0.11984774418810101,0.0,0.0,0.0,0.0
1484,0.0,,1756139531.8496115,False,10.803723675899322,0.10257162629050989,0.011719093891495815,-0.1296894564783511,0.0,0.0,0.0,0.0
1485,0.0,,1756139531.8606718,False,10.868701561813744,0.08847678852720105,-0.00993232001991947,-0.12865632583312273,0.0,0.0,0.0,0.0
1486,0.0,,1756139531.871996,False,10.9231198908824,0.07310906154340094,-0.025995139225200994,-0.14327937783410188,0.0,0.0,0.0,0.0
1487,0.0,,1756139531.8815465,False,10.852484012003815,0.0976024662213418,-0.029874052924345897,-0.13953684457535323,0.0,0.0,0.0,0.0
1488,0.0,,1756139531.8949354,False,10.839663217001451,0.1075014316665407,-0.03930350579509749,-0.14274690803840268,0.0,0.0,0.0,0.0
1489,0.0,,1756139531.901873,False,10.89618731899482,0.10234810182527605,-0.04784762258665441,-0.14708349235021972,0.0,0.0,0.0,0.0
1490,0.0,,1756139531.9116561,False,10.90732399105435,0.10825271086828625,-0.04894427555672978,-0.1549801318748976,0.0,0.0,0.0,0.0
1491,0.0,,1756139531.9226182,False,10.830618415658055,0.12356999686770306,-0.048117847532481064,-0.1549696953613169,0.0,0.0,0.0,0.0
1492,0.0,,1756139531.9305637,False,10.865558377360692,0.11560386489209959,-0.04333754047485408,-0.16575251998616317,0.0,0.0,0.0,0.0
1493,0.0,,1756139531.9407816,False,10.766125898823798,0.15276324177788797,-0.025392104867235296,-0.1653184252664395,0.0,0.0,0.0,0.0
1494,0.0,,1756139531.950611,False,10.948199154369904,0.09805846553034317,-0.03604895336496635,-0.1802223918140739,0.0,0.0,0.0,0.0
1495,0.0,,1756139531.9596643,False,10.709381308715301,0.129510545442869,-0.050498052195554005,-0.17042632992409407,0.0,0.0,0.0,0.0
1496,0.0,,1756139531.9707081,False,10.60443698545826,0.13897683102464342,-0.029247111926706933,-0.18457653150874115,0.0,0.0,0.0,0.0
1497,0.0,,1756139531.980197,False,10.736290274772838,0.11166143175055432,-0.03031891858152018,-0.19437693973237513,0.0,0.0,0.0,0.0
1498,0.0,,1756139531.9911044,False,10.762211500619433,0.0841220966282098,-0.04687291643661479,-0.19550837406381238,0.0,0.0,0.0,0.0
1499,0.0,,1756139532.001304,False,10.78504610353087,0.04241782898892632,-0.06892891852265715,-0.19748053345069105,0.0,0.0,0.0,0.0
1500,0.0,,1756139532.0104907,False,10.72522865672019,0.04309782041485595,-0.0656667408612921,-0.20428464561807738,0.0,0.0,0.0,0.0
1501,0.0,,1756139532.0204518,False,10.721064444387746,0.03886549820756108,-0.0756219581539025,-0.19309936281468837,0.0,0.0,0.0,0.0
1502,0.0,,1756139532.0296354,False,10.790461819540534,0.0042238909618694705,-0.09585686957750715,-0.20065292037863736,0.0,0.0,0.0,0.0
1503,0.0,,1756139532.0400262,False,10.717327670866787,-0.010445492972289003,-0.114715846165318,-0.19080320591507255,0.0,0.0,0.0,0.0
1504,0.0,,1756139532.0515435,False,10.65879276516713,-0.03032625306424348,-0.14430883698628613,-0.18459818056505795,0.0,0.0,0.0,0.0
1505,0.0,,1756139532.060248,False,10.691611244613409,-0.05125127998895403,-0.15215239037118025,-0.17820465920560877,0.0,0.0,0.0,0.0
1506,0.0,,1756139532.0702915,False,10.714098975587406,-0.05072422656120988,-0.14935944601037038,-0.16910205149980076,0.0,0.0,0.0,0.0
1509,0.0,,1756139532.1002488,False,10.733533381211558,-0.03977713401906874,-0.11878711545799851,-0.1416953650251337,0.0,0.0,0.0,0.0
1510,0.0,,1756139532.1106756,False,10.72376577561159,-0.0448683710758174,-0.1259955045722721,-0.13360332118467058,0.0,0.0,0.0,0.0
1511,0.0,,1756139532.1196935,False,10.617373754527442,-0.054261812316023283,-0.13430689295568915,-0.11682146119382938,0.0,0.0,0.0,0.0
1512,0.0,,1756139532.130323,False,10.673453152261201,-0.03787929347687435,-0.1250431173590305,-0.10658770699644746,0.0,0.0,0.0,0.0
1513,0.0,,1756139532.1403873,False,10.71794803428204,-0.021699144342777983,-0.11732434725241858,-0.10038870156590941,0.0,0.0,0.0,0.0
1514,0.0,,1756139532.1506338,False,10.70417632202697,-0.008731887387936066,-0.11181382309485327,-0.08653735484397529,0.0,0.0,0.0,0.0
1515,0.0,,1756139532.1612558,False,10.619673128873306,-0.008936477634278331,-0.11132916334848639,-0.06827158121220904,0.0,0.0,0.0,0.0
1516,0.0,,1756139532.169937,False,10.65148972941141,-0.017077702578757896,-0.10146413666621606,-0.06521662692451065,0.0,0.0,0.0,0.0
1517,0.0,,1756139532.1814597,False,10.68647392505192,-0.019696247506225957,-0.10302486290904037,-0.05612658164706034,0.0,0.0,0.0,0.0
1518,0.0,,1756139532.1905966,False,10.620880653622374,-0.0238650155457954,-0.10993019858865355,-0.039969716655644576,0.0,0.0,0.0,0.0
1519,0.0,,1756139532.2001982,False,10.546210497390394,-0.035072541286259216,-0.11760629070919745,-0.026653223748140047,0.0,0.0,0.0,0.0
1520,0.0,,1756139532.2100728,False,10.528010069031899,-0.050342750511340524,-0.11681363234855495,-0.014351823795042542,0.0,0.0,0.0,0.0
1521,0.0,,1756139532.2202425,False,10.544690761421368,-0.05201692267174663,-0.11168638403823777,-5.52339913235389e-05,0.0,0.0,0.0,0.0
1522,0.0,,1756139532.230347,False,10.495561079803629,-0.05506973802429675,-0.09914114705714498,0.010478443757778285,0.0,0.0,0.0,0.0
1523,0.0,,1756139532.2402985,False,10.427863350395825,-0.05538330216346035,-0.0945744799940554,0.02336661437353314,0.0,0.0,0.0,0.0
1524,0.0,,1756139532.2499743,False,10.388315202608613,-0.05675178260799981,-0.08968910767965792,0.045453388483825546,0.0,0.0,0.0,0.0
1525,0.0,,1756139532.2602751,False,10.341788187903536,-0.026570352144444143,-0.08830707283257051,0.05591588580502464,0.0,0.0,0.0,0.0
1526,0.0,,1756139532.2694688,False,10.303557166247774,-0.027938489831954676,-0.0724976564316537,0.07131867177094463,0.0,0.0,0.0,0.0
1527,0.0,,1756139532.2807386,False,10.127312953650566,-0.012890988084462257,-0.06570882048376685,0.08320398401430529,0.0,0.0,0.0,0.0
1528,0.0,,1756139532.2910104,False,10.024351017473505,-0.028278098757227414,-0.05797502612977658,0.09730202068333538,0.0,0.0,0.0,0.0
1529,0.0,,1756139532.299912,False,9.793982901671495,-0.024838760994299637,-0.06938201278043514,0.1081226521362571,0.0,0.0,0.0,0.0
1530,0.0,,1756139532.3113897,False,9.939716084828564,-0.01596204912245509,-0.024904224686596036,0.12120598646517729,0.0,0.0,0.0,0.0
1531,0.0,,1756139532.3201373,False,9.91668608542702,-0.005948471679260427,-0.005771264698256412,0.13346654350514126,0.0,0.0,0.0,0.0
1532,0.0,,1756139532.32999,False,9.515962336352542,-0.01773488734994165,-0.0012302547222423708,0.14189625017355978,0.0,0.0,0.0,0.0
1533,0.0,,1756139532.339616,False,9.567059323301532,-0.020646237306654165,0.03554477151849187,0.14823297077401426,0.0,0.0,0.0,0.0
1534,0.0,,1756139532.3494272,False,9.530378554489197,-0.022688126219537315,0.03344922773139258,0.15967611253379055,0.0,0.0,0.0,0.0
1535,0.0,,1756139532.36037,False,9.23555923078662,-0.005728735483539625,0.057052002548093284,0.16883572709982425,0.0,0.0,0.0,0.0
1536,0.0,,1756139532.3701878,False,8.938354732293249,-0.02436915038076974,0.053301287786391816,0.17501141560270633,0.0,0.0,0.0,0.0
1537,0.0,,1756139532.37941,False,8.947799986021828,-0.047771087060659745,0.06361403137254565,0.17902658346863093,0.0,0.0,0.0,0.0
1538,0.0,,1756139532.3913324,False,8.708813715658207,-0.028509803818332617,0.07274082903668895,0.18808298439793614,0.0,0.0,0.0,0.0
1539,0.0,,1756139532.4039326,False,8.36478659212425,-0.03135580502415754,0.11675797512509055,0.1845146319151323,0.0,0.0,0.0,0.0
1540,0.0,,1756139532.4123173,False,8.159062273192061,-0.05466170116198315,0.08952442116379994,0.1795135550240312,0.0,0.0,0.0,0.0
1541,0.0,,1756139532.4218936,False,7.90413874133558,-0.0595977420031753,0.06503251642807209,0.18353496596058808,0.0,0.0,0.0,0.0
1542,0.0,,1756139532.4291284,False,7.6793649936802275,-0.03719087582455016,0.06974306256883356,0.18032760047370738,0.0,0.0,0.0,0.0
1543,0.0,,1756139532.4388244,False,7.340412239756274,-0.0196424728119498,0.1130499322826328,0.17271754299893163,0.0,0.0,0.0,0.0
1544,0.0,,1756139532.448545,False,7.056286845003516,-0.009709825142553793,0.13554827074774498,0.16365777995973516,0.0,0.0,0.0,0.0
1545,0.0,,1756139532.4596477,False,6.725534798090639,-0.016927558189398263,0.11843802873955399,0.15478663527680966,0.0,0.0,0.0,0.0
1546,0.0,,1756139532.468705,False,6.568989517734895,-0.06410191496603793,0.08298305132194542,0.1490021936694098,0.0,0.0,0.0,0.0
1547,0.0,,1756139532.4784958,False,6.254215219716482,-0.07430937642569035,0.1437800569205924,0.12949652296590514,0.0,0.0,0.0,0.0
1548,0.0,,1756139532.4936469,False,5.859018048982763,-0.058712684850821505,0.18797323987638093,0.10322439065851492,0.0,0.0,0.0,0.0
1549,0.0,,1756139532.49969,False,5.728970092990341,-0.07477886423539781,0.21561994990201977,0.0850229540987453,0.0,0.0,0.0,0.0
1550,0.0,,1756139532.5092392,False,5.489940150523692,-0.14881774654670563,0.15644336409530502,0.0776078196274228,0.0,0.0,0.0,0.0
1551,0.0,,1756139532.519399,False,5.699209530271834,-0.2913812093456628,0.025789767131602477,0.09644462560015143,0.0,0.0,0.0,0.0
1552,0.0,,1756139532.5291762,False,5.877130743863849,-0.4072983921927747,-0.05964435477236647,0.12411276323225832,0.0,0.0,0.0,0.0
1553,0.0,,1756139532.5405622,False,5.925709240864648,-0.4027568756401479,0.004571099332472751,0.13027438127374702,0.0,0.0,0.0,0.0
1554,0.0,,1756139532.5488613,False,6.023525485143704,-0.32268015495883634,0.07712563197086286,0.13013859587545426,0.0,0.0,0.0,0.0
1555,0.0,,1756139532.5605767,False,6.4271271270947645,-0.22485686771026547,0.09166767244667678,0.11344023894712338,0.0,0.0,0.0,0.0
1556,0.0,,1756139532.5693815,False,6.64743542159837,-0.14577217152373206,0.14326554951063686,0.12354443965989101,0.0,0.0,0.0,0.0
1557,0.0,,1756139532.5791678,False,6.911611431247263,-0.07110058152289118,0.19283825397678256,0.12440459097670023,0.0,0.0,0.0,0.0
1558,0.0,,1756139532.5897179,False,7.2543711002180675,0.00019949367302518617,0.20986790908613587,0.1278637183593206,0.0,0.0,0.0,0.0
1559,0.0,,1756139532.5990036,False,7.724937531620588,0.03324445516026706,0.1808606354031796,0.1038516952427884,0.0,0.0,0.0,0.0
1560,0.0,,1756139532.6087112,False,8.14452834686649,0.07926185812924363,0.1592815607050758,0.08335554228844386,0.0,0.0,0.0,0.0
1561,0.0,,1756139532.6194737,False,8.527517044185437,0.14377317665156034,0.11654056934115045,0.056958855130100315,0.0,0.0,0.0,0.0
1562,0.0,,1756139532.6289868,False,8.880213745633283,0.19022768693806374,0.1355252730092318,0.03323632509341662,0.0,0.0,0.0,0.0
1563,0.0,,1756139532.640318,False,9.32965169317431,0.20175664553901498,0.09969126056598715,0.0010361882123876105,0.0,0.0,0.0,0.0
1564,0.0,,1756139532.648977,False,9.641640870051193,0.20214673688010307,0.08516151999154752,-0.021075046018248934,0.0,0.0,0.0,0.0
1565,0.0,,1756139532.6607082,False,9.882146569528132,0.20953108007960053,0.10503277296132751,-0.054083427625247774,0.0,0.0,0.0,0.0
1566,0.0,,1756139532.6695123,False,10.055306401171716,0.21790610267958885,0.09565804276160457,-0.06704612691279892,0.0,0.0,0.0,0.0
1567,0.0,,1756139532.6785216,False,10.34558908095285,0.16825976410887378,0.07316009969694741,-0.09527017797240256,0.0,0.0,0.0,0.0
1568,0.0,,1756139532.688785,False,10.67617129409611,0.10899920631210067,0.03539936925073625,-0.11200157535928043,0.0,0.0,0.0,0.0
1569,0.0,,1756139532.6991167,False,10.783096043820997,0.09840842105534081,0.01893246965450936,-0.1290241579428177,0.0,0.0,0.0,0.0
1570,0.0,,1756139532.7088368,False,10.94658595545636,0.06585855723638093,0.01516496984894421,-0.13440942150878238,0.0,0.0,0.0,0.0
1571,0.0,,1756139532.7182844,False,11.211228155745268,0.020779513628908196,-0.02164341566700123,-0.14439190397219345,0.0,0.0,0.0,0.0
1572,0.0,,1756139532.7282796,False,11.210131879728257,0.016038409128187065,-0.06223193101100043,-0.14181470788527506,0.0,0.0,0.0,0.0
1573,0.0,,1756139532.7384071,False,11.09555026449436,0.04921476643564325,-0.06598518746596521,-0.14190823152445187,0.0,0.0,0.0,0.0
1574,0.0,,1756139532.7482288,False,11.120434130534663,0.06441948015187302,-0.06416542317276468,-0.14202028194312616,0.0,0.0,0.0,0.0
1575,0.0,,1756139532.7582946,False,11.183491471105288,0.07537091851256274,-0.06085291552760992,-0.14658677893030145,0.0,0.0,0.0,0.0
1576,0.0,,1756139532.7682598,False,11.08346456227586,0.11586043957645836,-0.07107550353725973,-0.13618865061489505,0.0,0.0,0.0,0.0
1577,0.0,,1756139532.778484,False,10.984478535475905,0.14725123945052454,-0.062498497546886383,-0.1320493158889635,0.0,0.0,0.0,0.0
1578,0.0,,1756139532.7885773,False,11.07698239695378,0.15351908706572276,-0.046069586620686664,-0.1347896976855085,0.0,0.0,0.0,0.0
1579,0.0,,1756139532.8001103,False,11.127622351198259,0.17103898066893508,-0.06316673675585913,-0.1360587633358259,0.0,0.0,0.0,0.0
1580,0.0,,1756139532.811885,False,11.03820368777783,0.18300481207858812,-0.05473677016513713,-0.13536690489299186,0.0,0.0,0.0,0.0
1581,0.0,,1756139532.8190227,False,11.013018358055927,0.17205690286125028,-0.04633363741985447,-0.14271596257403663,0.0,0.0,0.0,0.0
1582,0.0,,1756139532.828318,False,11.047140293075586,0.15441585431370675,-0.047525894710943456,-0.13856820008685505,0.0,0.0,0.0,0.0
1583,0.0,,1756139532.8382318,False,11.12367530134231,0.11187493314779443,-0.061536499787170185,-0.13965342326901342,0.0,0.0,0.0,0.0
1579,0.0,,1756139532.8001103,False,11.127622351198259,0.17103898066893508,-0.06316673675585913,-0.1360587633358259,0.0,0.0,0.0,0.0
1580,0.0,,1756139532.811885,False,11.03820368777783,0.18300481207858812,-0.05473677016513713,-0.13536690489299186,0.0,0.0,0.0,0.0
1581,0.0,,1756139532.8190227,False,11.013018358055927,0.17205690286125028,-0.04633363741985447,-0.14271596257403663,0.0,0.0,0.0,0.0
1582,0.0,,1756139532.828318,False,11.047140293075586,0.15441585431370675,-0.047525894710943456,-0.13856820008685505,0.0,0.0,0.0,0.0
1583,0.0,,1756139532.8382318,False,11.12367530134231,0.11187493314779443,-0.061536499787170185,-0.13965342326901342,0.0,0.0,0.0,0.0
1584,0.0,,1756139532.847857,False,11.032568788013476,0.09244714764152948,-0.07008947945922436,-0.13997513658034438,0.0,0.0,0.0,0.0
1585,0.0,,1756139532.858613,False,10.99103849530617,0.0720550322099174,-0.05239589997608611,-0.1436499399556388,0.0,0.0,0.0,0.0
1586,0.0,,1756139532.8692293,False,11.008939692742674,0.03965800365868655,-0.056967532374902624,-0.1361378332071094,0.0,0.0,0.0,0.0
1587,0.0,,1756139532.8787177,False,10.988058428882432,0.024680945566498524,-0.06356737779507224,-0.13150800812416097,0.0,0.0,0.0,0.0
1588,0.0,,1756139532.8886716,False,10.96892635166721,0.0025286696856357243,-0.07114659440360857,-0.13019000798625005,0.0,0.0,0.0,0.0
1589,0.0,,1756139532.89982,False,10.920302061040053,-0.002639845876055815,-0.08815197149439034,-0.11739393660275545,0.0,0.0,0.0,0.0
1590,0.0,,1756139532.9083674,False,10.92736480592053,-0.01318359335446323,-0.09994405977824113,-0.10963233307935713,0.0,0.0,0.0,0.0
1591,0.0,,1756139532.9196262,False,10.892199622141597,-0.015271469610931164,-0.10967918982723183,-0.08957655622274674,0.0,0.0,0.0,0.0
1592,0.0,,1756139532.9287956,False,10.854823476607859,-0.009788931392146361,-0.11230967146369628,-0.08201097353860975,0.0,0.0,0.0,0.0
1593,0.0,,1756139532.9388576,False,10.810374688117443,0.008064325166510334,-0.1131511454558304,-0.07270301146544152,0.0,0.0,0.0,0.0
1594,0.0,,1756139532.950132,False,10.781376751236053,0.03777909382824115,-0.1085096646903558,-0.059723860888032373,0.0,0.0,0.0,0.0
1595,0.0,,1756139532.95856,False,10.764131337890204,0.04486036358709735,-0.10096698480736249,-0.04291396120898443,0.0,0.0,0.0,0.0
1596,0.0,,1756139532.969146,False,10.602486376359257,0.04330867330259682,-0.10587757022644707,-0.025116978390651096,0.0,0.0,0.0,0.0
1597,0.0,,1756139532.979691,False,10.645598024125404,0.039251476825965075,-0.0905388090742004,-0.011710846638661072,0.0,0.0,0.0,0.0
1598,0.0,,1756139532.9885743,False,10.634027632015412,0.03793050040427947,-0.07886778488655763,-0.0019501505031091935,0.0,0.0,0.0,0.0
1599,0.0,,1756139532.9992745,False,10.563833240404433,0.027410536341861143,-0.05512657286419061,0.009151897895776176,0.0,0.0,0.0,0.0
1600,0.0,,1756139533.0096514,False,10.503580458357558,0.01100520631295518,-0.04413547226924662,0.024009005761711538,0.0,0.0,0.0,0.0
1601,0.0,,1756139533.0188787,False,10.502150831463345,-0.007077316202291105,-0.03527912298496609,0.03881264270230156,0.0,0.0,0.0,0.0
1602,0.0,,1756139533.0296557,False,10.370633576539397,0.005089897607596952,-0.04583786924836152,0.05895882644527907,0.0,0.0,0.0,0.0
1603,0.0,,1756139533.0392385,False,10.247657770459327,0.003405620668772853,-0.04591867870529141,0.06496728667034861,0.0,0.0,0.0,0.0
1604,0.0,,1756139533.0505795,False,10.192925059027754,-0.016515739079119643,-0.03748737861221431,0.07457753869378274,0.0,0.0,0.0,0.0
1605,0.0,,1756139533.0619018,False,10.123634234431076,-0.01978626288383761,-0.029933477963309592,0.09473535641765425,0.0,0.0,0.0,0.0
1606,0.0,,1756139533.0688114,False,9.978656109372388,-0.02155140972634323,-0.03873037935146953,0.10483903074048574,0.0,0.0,0.0,0.0
1607,0.0,,1756139533.0792353,False,9.81370284921961,-0.03833369437878666,-0.028782074599021556,0.1148713749532622,0.0,0.0,0.0,0.0
1608,0.0,,1756139533.0891542,False,9.634556178806216,-0.03743391736118872,-0.053138023744168,0.12426409983083808,0.0,0.0,0.0,0.0
1609,0.0,,1756139533.098772,False,9.604179989155105,-0.03695048189347831,-0.031132199514259926,0.13624097951310304,0.0,0.0,0.0,0.0
1610,0.0,,1756139533.1093094,False,9.489052471142937,-0.032525801179954614,-0.00973826581339175,0.14582629380917672,0.0,0.0,0.0,0.0
1611,0.0,,1756139533.1187067,False,9.307851318538573,-0.02938842490944634,0.007157611042621135,0.15491628645879757,0.0,0.0,0.0,0.0
1612,0.0,,1756139533.1288412,False,9.190746575411398,-0.03740350496295693,0.02688493929416321,0.15935841513405705,0.0,0.0,0.0,0.0
1613,0.0,,1756139533.138985,False,9.081689289017884,-0.016268243238951277,0.03627852968324,0.16794804559280038,0.0,0.0,0.0,0.0
1614,0.0,,1756139533.1487012,False,8.88638200716099,-0.006129652309658881,0.055570107552487924,0.17202686584731652,0.0,0.0,0.0,0.0
1615,0.0,,1756139533.1586637,False,8.665712151152988,-0.00848422780654381,0.07169842408898724,0.1774149775484368,0.0,0.0,0.0,0.0
1616,0.0,,1756139533.1688092,False,8.478660108242341,-0.0020537312191555345,0.06546897791480256,0.18480402065029294,0.0,0.0,0.0,0.0
1617,0.0,,1756139533.1785545,False,8.274131286295509,-0.00567690029655716,0.0667694039656424,0.18367233328737592,0.0,0.0,0.0,0.0
1618,0.0,,1756139533.1887033,False,7.983837706278132,-0.01144695831099972,0.06855705991677674,0.17849249576700296,0.0,0.0,0.0,0.0
1619,0.0,,1756139533.1987538,False,7.801658413478004,-0.021230045107206944,0.07451247460144081,0.18290721212634445,0.0,0.0,0.0,0.0
1620,0.0,,1756139533.2082317,False,7.583759108301077,-0.03892732532054973,0.08108896726481388,0.1716579382431674,0.0,0.0,0.0,0.0
1621,0.0,,1756139533.21824,False,7.290385681802192,-0.040785911583683644,0.11490692628535,0.16301960857036651,0.0,0.0,0.0,0.0
1622,0.0,,1756139533.22911,False,7.025772474597381,-0.05538520557389745,0.125982011401602,0.15238635501061157,0.0,0.0,0.0,0.0
1623,0.0,,1756139533.2386804,False,6.818253183505682,-0.04996453571151801,0.11779143542572626,0.14487384978855852,0.0,0.0,0.0,0.0
1624,0.0,,1756139533.2489479,False,6.5462093307428395,-0.06434798705603316,0.144709385376953,0.12896781295965376,0.0,0.0,0.0,0.0
1625,0.0,,1756139533.2587683,False,6.330630925946419,-0.08293329550250328,0.15939376373616954,0.11363652932501792,0.0,0.0,0.0,0.0
1626,0.0,,1756139533.2685876,False,6.16412943061035,-0.10287651457591498,0.1451725678429544,0.0945401067824724,0.0,0.0,0.0,0.0
1627,0.0,,1756139533.2789233,False,6.2924129719413315,-0.21224154904583736,0.03730191858550345,0.10127478110513245,0.0,0.0,0.0,0.0
1628,0.0,,1756139533.2889204,False,6.470201279238745,-0.326295339577859,-0.04227157325497201,0.11528729886119198,0.0,0.0,0.0,0.0
1629,0.0,,1756139533.2987638,False,6.624791447314287,-0.33366769584549055,-0.018724585738250518,0.11270503763837988,0.0,0.0,0.0,0.0
1630,0.0,,1756139533.3120987,False,6.930924324759594,-0.21054981165666137,0.00921753147696571,0.07373077411522493,0.0,0.0,0.0,0.0
1631,0.0,,1756139533.3185062,False,7.0364592063325375,-0.17634473963250685,0.06735091583486538,0.09227870517663096,0.0,0.0,0.0,0.0
1632,0.0,,1756139533.3287146,False,7.252244381743732,-0.1324709248511977,0.15683169251647322,0.11925684457519163,0.0,0.0,0.0,0.0
1633,0.0,,1756139533.338764,False,7.495223413194065,-0.05406844910298592,0.15822407528108456,0.1198916320912605,0.0,0.0,0.0,0.0
1634,0.0,,1756139533.3487735,False,7.855754528680022,0.017977845431262053,0.16673616087145496,0.09963694215244218,0.0,0.0,0.0,0.0
1635,0.0,,1756139533.3586695,False,8.170085675386343,0.0716777037799595,0.1395979570677321,0.08862590494663045,0.0,0.0,0.0,0.0
1636,0.0,,1756139533.3720632,False,8.743841457979448,0.10224329651777556,0.1083974424556991,0.06064377774213589,0.0,0.0,0.0,0.0
1637,0.0,,1756139533.3789928,False,8.956867752060145,0.14988210144515854,0.09521176229743668,0.04442158229812461,0.0,0.0,0.0,0.0
1638,0.0,,1756139533.3931975,False,9.340253437986675,0.17825064276265465,0.10551070157686017,0.015606646518110168,0.0,0.0,0.0,0.0
1639,0.0,,1756139533.3997092,False,9.54124593308913,0.1900834634434942,0.09483898539907229,0.0023836020465644106,0.0,0.0,0.0,0.0
1640,0.0,,1756139533.4088032,False,9.862968395207533,0.18223122513003617,0.09089457389682741,-0.018776525714177646,0.0,0.0,0.0,0.0
1641,0.0,,1756139533.4190564,False,10.069192460475445,0.18680060297095188,0.05419831040504009,-0.042135070949264046,0.0,0.0,0.0,0.0
1642,0.0,,1756139533.428734,False,10.22897084961193,0.17373541524709152,0.0719192771985655,-0.06333731274902635,0.0,0.0,0.0,0.0
1643,0.0,,1756139533.4393713,False,10.450343520172767,0.14785389292070594,0.043080341714760946,-0.08394196212994434,0.0,0.0,0.0,0.0
1644,0.0,,1756139533.4486806,False,10.719933998368484,0.10270764695815149,0.023456692215415867,-0.09610103412519826,0.0,0.0,0.0,0.0
1645,0.0,,1756139533.4624615,False,10.816076579083028,0.07881048229300314,-0.007211777569774145,-0.10318569616565901,0.0,0.0,0.0,0.0
1584,0.0,,1756139532.847857,False,11.032568788013476,0.09244714764152948,-0.07008947945922436,-0.13997513658034438,0.0,0.0,0.0,0.0
1585,0.0,,1756139532.858613,False,10.99103849530617,0.0720550322099174,-0.05239589997608611,-0.1436499399556388,0.0,0.0,0.0,0.0
1586,0.0,,1756139532.8692293,False,11.008939692742674,0.03965800365868655,-0.056967532374902624,-0.1361378332071094,0.0,0.0,0.0,0.0
1587,0.0,,1756139532.8787177,False,10.988058428882432,0.024680945566498524,-0.06356737779507224,-0.13150800812416097,0.0,0.0,0.0,0.0
1588,0.0,,1756139532.8886716,False,10.96892635166721,0.0025286696856357243,-0.07114659440360857,-0.13019000798625005,0.0,0.0,0.0,0.0
1589,0.0,,1756139532.89982,False,10.920302061040053,-0.002639845876055815,-0.08815197149439034,-0.11739393660275545,0.0,0.0,0.0,0.0
1590,0.0,,1756139532.9083674,False,10.92736480592053,-0.01318359335446323,-0.09994405977824113,-0.10963233307935713,0.0,0.0,0.0,0.0
1591,0.0,,1756139532.9196262,False,10.892199622141597,-0.015271469610931164,-0.10967918982723183,-0.08957655622274674,0.0,0.0,0.0,0.0
1592,0.0,,1756139532.9287956,False,10.854823476607859,-0.009788931392146361,-0.11230967146369628,-0.08201097353860975,0.0,0.0,0.0,0.0
1593,0.0,,1756139532.9388576,False,10.810374688117443,0.008064325166510334,-0.1131511454558304,-0.07270301146544152,0.0,0.0,0.0,0.0
1594,0.0,,1756139532.950132,False,10.781376751236053,0.03777909382824115,-0.1085096646903558,-0.059723860888032373,0.0,0.0,0.0,0.0
1595,0.0,,1756139532.95856,False,10.764131337890204,0.04486036358709735,-0.10096698480736249,-0.04291396120898443,0.0,0.0,0.0,0.0
1596,0.0,,1756139532.969146,False,10.602486376359257,0.04330867330259682,-0.10587757022644707,-0.025116978390651096,0.0,0.0,0.0,0.0
1597,0.0,,1756139532.979691,False,10.645598024125404,0.039251476825965075,-0.0905388090742004,-0.011710846638661072,0.0,0.0,0.0,0.0
1598,0.0,,1756139532.9885743,False,10.634027632015412,0.03793050040427947,-0.07886778488655763,-0.0019501505031091935,0.0,0.0,0.0,0.0
1599,0.0,,1756139532.9992745,False,10.563833240404433,0.027410536341861143,-0.05512657286419061,0.009151897895776176,0.0,0.0,0.0,0.0
1600,0.0,,1756139533.0096514,False,10.503580458357558,0.01100520631295518,-0.04413547226924662,0.024009005761711538,0.0,0.0,0.0,0.0
1601,0.0,,1756139533.0188787,False,10.502150831463345,-0.007077316202291105,-0.03527912298496609,0.03881264270230156,0.0,0.0,0.0,0.0
1602,0.0,,1756139533.0296557,False,10.370633576539397,0.005089897607596952,-0.04583786924836152,0.05895882644527907,0.0,0.0,0.0,0.0
1603,0.0,,1756139533.0392385,False,10.247657770459327,0.003405620668772853,-0.04591867870529141,0.06496728667034861,0.0,0.0,0.0,0.0
1604,0.0,,1756139533.0505795,False,10.192925059027754,-0.016515739079119643,-0.03748737861221431,0.07457753869378274,0.0,0.0,0.0,0.0
1605,0.0,,1756139533.0619018,False,10.123634234431076,-0.01978626288383761,-0.029933477963309592,0.09473535641765425,0.0,0.0,0.0,0.0
1606,0.0,,1756139533.0688114,False,9.978656109372388,-0.02155140972634323,-0.03873037935146953,0.10483903074048574,0.0,0.0,0.0,0.0
1607,0.0,,1756139533.0792353,False,9.81370284921961,-0.03833369437878666,-0.028782074599021556,0.1148713749532622,0.0,0.0,0.0,0.0
1608,0.0,,1756139533.0891542,False,9.634556178806216,-0.03743391736118872,-0.053138023744168,0.12426409983083808,0.0,0.0,0.0,0.0
1609,0.0,,1756139533.098772,False,9.604179989155105,-0.03695048189347831,-0.031132199514259926,0.13624097951310304,0.0,0.0,0.0,0.0
1610,0.0,,1756139533.1093094,False,9.489052471142937,-0.032525801179954614,-0.00973826581339175,0.14582629380917672,0.0,0.0,0.0,0.0
1611,0.0,,1756139533.1187067,False,9.307851318538573,-0.02938842490944634,0.007157611042621135,0.15491628645879757,0.0,0.0,0.0,0.0
1612,0.0,,1756139533.1288412,False,9.190746575411398,-0.03740350496295693,0.02688493929416321,0.15935841513405705,0.0,0.0,0.0,0.0
1613,0.0,,1756139533.138985,False,9.081689289017884,-0.016268243238951277,0.03627852968324,0.16794804559280038,0.0,0.0,0.0,0.0
1614,0.0,,1756139533.1487012,False,8.88638200716099,-0.006129652309658881,0.055570107552487924,0.17202686584731652,0.0,0.0,0.0,0.0
1615,0.0,,1756139533.1586637,False,8.665712151152988,-0.00848422780654381,0.07169842408898724,0.1774149775484368,0.0,0.0,0.0,0.0
1616,0.0,,1756139533.1688092,False,8.478660108242341,-0.0020537312191555345,0.06546897791480256,0.18480402065029294,0.0,0.0,0.0,0.0
1617,0.0,,1756139533.1785545,False,8.274131286295509,-0.00567690029655716,0.0667694039656424,0.18367233328737592,0.0,0.0,0.0,0.0
1618,0.0,,1756139533.1887033,False,7.983837706278132,-0.01144695831099972,0.06855705991677674,0.17849249576700296,0.0,0.0,0.0,0.0
1619,0.0,,1756139533.1987538,False,7.801658413478004,-0.021230045107206944,0.07451247460144081,0.18290721212634445,0.0,0.0,0.0,0.0
1620,0.0,,1756139533.2082317,False,7.583759108301077,-0.03892732532054973,0.08108896726481388,0.1716579382431674,0.0,0.0,0.0,0.0
1621,0.0,,1756139533.21824,False,7.290385681802192,-0.040785911583683644,0.11490692628535,0.16301960857036651,0.0,0.0,0.0,0.0
1622,0.0,,1756139533.22911,False,7.025772474597381,-0.05538520557389745,0.125982011401602,0.15238635501061157,0.0,0.0,0.0,0.0
1623,0.0,,1756139533.2386804,False,6.818253183505682,-0.04996453571151801,0.11779143542572626,0.14487384978855852,0.0,0.0,0.0,0.0
1624,0.0,,1756139533.2489479,False,6.5462093307428395,-0.06434798705603316,0.144709385376953,0.12896781295965376,0.0,0.0,0.0,0.0
1625,0.0,,1756139533.2587683,False,6.330630925946419,-0.08293329550250328,0.15939376373616954,0.11363652932501792,0.0,0.0,0.0,0.0
1626,0.0,,1756139533.2685876,False,6.16412943061035,-0.10287651457591498,0.1451725678429544,0.0945401067824724,0.0,0.0,0.0,0.0
1627,0.0,,1756139533.2789233,False,6.2924129719413315,-0.21224154904583736,0.03730191858550345,0.10127478110513245,0.0,0.0,0.0,0.0
1628,0.0,,1756139533.2889204,False,6.470201279238745,-0.326295339577859,-0.04227157325497201,0.11528729886119198,0.0,0.0,0.0,0.0
1629,0.0,,1756139533.2987638,False,6.624791447314287,-0.33366769584549055,-0.018724585738250518,0.11270503763837988,0.0,0.0,0.0,0.0
1630,0.0,,1756139533.3120987,False,6.930924324759594,-0.21054981165666137,0.00921753147696571,0.07373077411522493,0.0,0.0,0.0,0.0
1631,0.0,,1756139533.3185062,False,7.0364592063325375,-0.17634473963250685,0.06735091583486538,0.09227870517663096,0.0,0.0,0.0,0.0
1632,0.0,,1756139533.3287146,False,7.252244381743732,-0.1324709248511977,0.15683169251647322,0.11925684457519163,0.0,0.0,0.0,0.0
1633,0.0,,1756139533.338764,False,7.495223413194065,-0.05406844910298592,0.15822407528108456,0.1198916320912605,0.0,0.0,0.0,0.0
1634,0.0,,1756139533.3487735,False,7.855754528680022,0.017977845431262053,0.16673616087145496,0.09963694215244218,0.0,0.0,0.0,0.0
1635,0.0,,1756139533.3586695,False,8.170085675386343,0.0716777037799595,0.1395979570677321,0.08862590494663045,0.0,0.0,0.0,0.0
1636,0.0,,1756139533.3720632,False,8.743841457979448,0.10224329651777556,0.1083974424556991,0.06064377774213589,0.0,0.0,0.0,0.0
1637,0.0,,1756139533.3789928,False,8.956867752060145,0.14988210144515854,0.09521176229743668,0.04442158229812461,0.0,0.0,0.0,0.0
1638,0.0,,1756139533.3931975,False,9.340253437986675,0.17825064276265465,0.10551070157686017,0.015606646518110168,0.0,0.0,0.0,0.0
1639,0.0,,1756139533.3997092,False,9.54124593308913,0.1900834634434942,0.09483898539907229,0.0023836020465644106,0.0,0.0,0.0,0.0
1640,0.0,,1756139533.4088032,False,9.862968395207533,0.18223122513003617,0.09089457389682741,-0.018776525714177646,0.0,0.0,0.0,0.0
1641,0.0,,1756139533.4190564,False,10.069192460475445,0.18680060297095188,0.05419831040504009,-0.042135070949264046,0.0,0.0,0.0,0.0
1642,0.0,,1756139533.428734,False,10.22897084961193,0.17373541524709152,0.0719192771985655,-0.06333731274902635,0.0,0.0,0.0,0.0
1643,0.0,,1756139533.4393713,False,10.450343520172767,0.14785389292070594,0.043080341714760946,-0.08394196212994434,0.0,0.0,0.0,0.0
1644,0.0,,1756139533.4486806,False,10.719933998368484,0.10270764695815149,0.023456692215415867,-0.09610103412519826,0.0,0.0,0.0,0.0
1645,0.0,,1756139533.4624615,False,10.816076579083028,0.07881048229300314,-0.007211777569774145,-0.10318569616565901,0.0,0.0,0.0,0.0
1584,0.0,,1756139532.847857,False,11.032568788013476,0.09244714764152948,-0.07008947945922436,-0.13997513658034438,0.0,0.0,0.0,0.0
1585,0.0,,1756139532.858613,False,10.99103849530617,0.0720550322099174,-0.05239589997608611,-0.1436499399556388,0.0,0.0,0.0,0.0
1586,0.0,,1756139532.8692293,False,11.008939692742674,0.03965800365868655,-0.056967532374902624,-0.1361378332071094,0.0,0.0,0.0,0.0
1587,0.0,,1756139532.8787177,False,10.988058428882432,0.024680945566498524,-0.06356737779507224,-0.13150800812416097,0.0,0.0,0.0,0.0
1588,0.0,,1756139532.8886716,False,10.96892635166721,0.0025286696856357243,-0.07114659440360857,-0.13019000798625005,0.0,0.0,0.0,0.0
1589,0.0,,1756139532.89982,False,10.920302061040053,-0.002639845876055815,-0.08815197149439034,-0.11739393660275545,0.0,0.0,0.0,0.0
1590,0.0,,1756139532.9083674,False,10.92736480592053,-0.01318359335446323,-0.09994405977824113,-0.10963233307935713,0.0,0.0,0.0,0.0
1591,0.0,,1756139532.9196262,False,10.892199622141597,-0.015271469610931164,-0.10967918982723183,-0.08957655622274674,0.0,0.0,0.0,0.0
1592,0.0,,1756139532.9287956,False,10.854823476607859,-0.009788931392146361,-0.11230967146369628,-0.08201097353860975,0.0,0.0,0.0,0.0
1593,0.0,,1756139532.9388576,False,10.810374688117443,0.008064325166510334,-0.1131511454558304,-0.07270301146544152,0.0,0.0,0.0,0.0
1594,0.0,,1756139532.950132,False,10.781376751236053,0.03777909382824115,-0.1085096646903558,-0.059723860888032373,0.0,0.0,0.0,0.0
1595,0.0,,1756139532.95856,False,10.764131337890204,0.04486036358709735,-0.10096698480736249,-0.04291396120898443,0.0,0.0,0.0,0.0
1596,0.0,,1756139532.969146,False,10.602486376359257,0.04330867330259682,-0.10587757022644707,-0.025116978390651096,0.0,0.0,0.0,0.0
1597,0.0,,1756139532.979691,False,10.645598024125404,0.039251476825965075,-0.0905388090742004,-0.011710846638661072,0.0,0.0,0.0,0.0
1598,0.0,,1756139532.9885743,False,10.634027632015412,0.03793050040427947,-0.07886778488655763,-0.0019501505031091935,0.0,0.0,0.0,0.0
1599,0.0,,1756139532.9992745,False,10.563833240404433,0.027410536341861143,-0.05512657286419061,0.009151897895776176,0.0,0.0,0.0,0.0
1600,0.0,,1756139533.0096514,False,10.503580458357558,0.01100520631295518,-0.04413547226924662,0.024009005761711538,0.0,0.0,0.0,0.0
1601,0.0,,1756139533.0188787,False,10.502150831463345,-0.007077316202291105,-0.03527912298496609,0.03881264270230156,0.0,0.0,0.0,0.0
1602,0.0,,1756139533.0296557,False,10.370633576539397,0.005089897607596952,-0.04583786924836152,0.05895882644527907,0.0,0.0,0.0,0.0
1603,0.0,,1756139533.0392385,False,10.247657770459327,0.003405620668772853,-0.04591867870529141,0.06496728667034861,0.0,0.0,0.0,0.0
1604,0.0,,1756139533.0505795,False,10.192925059027754,-0.016515739079119643,-0.03748737861221431,0.07457753869378274,0.0,0.0,0.0,0.0
1605,0.0,,1756139533.0619018,False,10.123634234431076,-0.01978626288383761,-0.029933477963309592,0.09473535641765425,0.0,0.0,0.0,0.0
1606,0.0,,1756139533.0688114,False,9.978656109372388,-0.02155140972634323,-0.03873037935146953,0.10483903074048574,0.0,0.0,0.0,0.0
1607,0.0,,1756139533.0792353,False,9.81370284921961,-0.03833369437878666,-0.028782074599021556,0.1148713749532622,0.0,0.0,0.0,0.0
1608,0.0,,1756139533.0891542,False,9.634556178806216,-0.03743391736118872,-0.053138023744168,0.12426409983083808,0.0,0.0,0.0,0.0
1609,0.0,,1756139533.098772,False,9.604179989155105,-0.03695048189347831,-0.031132199514259926,0.13624097951310304,0.0,0.0,0.0,0.0
1610,0.0,,1756139533.1093094,False,9.489052471142937,-0.032525801179954614,-0.00973826581339175,0.14582629380917672,0.0,0.0,0.0,0.0
1611,0.0,,1756139533.1187067,False,9.307851318538573,-0.02938842490944634,0.007157611042621135,0.15491628645879757,0.0,0.0,0.0,0.0
1612,0.0,,1756139533.1288412,False,9.190746575411398,-0.03740350496295693,0.02688493929416321,0.15935841513405705,0.0,0.0,0.0,0.0
1613,0.0,,1756139533.138985,False,9.081689289017884,-0.016268243238951277,0.03627852968324,0.16794804559280038,0.0,0.0,0.0,0.0
1614,0.0,,1756139533.1487012,False,8.88638200716099,-0.006129652309658881,0.055570107552487924,0.17202686584731652,0.0,0.0,0.0,0.0
1615,0.0,,1756139533.1586637,False,8.665712151152988,-0.00848422780654381,0.07169842408898724,0.1774149775484368,0.0,0.0,0.0,0.0
1616,0.0,,1756139533.1688092,False,8.478660108242341,-0.0020537312191555345,0.06546897791480256,0.18480402065029294,0.0,0.0,0.0,0.0
1617,0.0,,1756139533.1785545,False,8.274131286295509,-0.00567690029655716,0.0667694039656424,0.18367233328737592,0.0,0.0,0.0,0.0
1618,0.0,,1756139533.1887033,False,7.983837706278132,-0.01144695831099972,0.06855705991677674,0.17849249576700296,0.0,0.0,0.0,0.0
1619,0.0,,1756139533.1987538,False,7.801658413478004,-0.021230045107206944,0.07451247460144081,0.18290721212634445,0.0,0.0,0.0,0.0
1620,0.0,,1756139533.2082317,False,7.583759108301077,-0.03892732532054973,0.08108896726481388,0.1716579382431674,0.0,0.0,0.0,0.0
1621,0.0,,1756139533.21824,False,7.290385681802192,-0.040785911583683644,0.11490692628535,0.16301960857036651,0.0,0.0,0.0,0.0
1622,0.0,,1756139533.22911,False,7.025772474597381,-0.05538520557389745,0.125982011401602,0.15238635501061157,0.0,0.0,0.0,0.0
1623,0.0,,1756139533.2386804,False,6.818253183505682,-0.04996453571151801,0.11779143542572626,0.14487384978855852,0.0,0.0,0.0,0.0
1624,0.0,,1756139533.2489479,False,6.5462093307428395,-0.06434798705603316,0.144709385376953,0.12896781295965376,0.0,0.0,0.0,0.0
1625,0.0,,1756139533.2587683,False,6.330630925946419,-0.08293329550250328,0.15939376373616954,0.11363652932501792,0.0,0.0,0.0,0.0
1626,0.0,,1756139533.2685876,False,6.16412943061035,-0.10287651457591498,0.1451725678429544,0.0945401067824724,0.0,0.0,0.0,0.0
1627,0.0,,1756139533.2789233,False,6.2924129719413315,-0.21224154904583736,0.03730191858550345,0.10127478110513245,0.0,0.0,0.0,0.0
1628,0.0,,1756139533.2889204,False,6.470201279238745,-0.326295339577859,-0.04227157325497201,0.11528729886119198,0.0,0.0,0.0,0.0
1629,0.0,,1756139533.2987638,False,6.624791447314287,-0.33366769584549055,-0.018724585738250518,0.11270503763837988,0.0,0.0,0.0,0.0
1630,0.0,,1756139533.3120987,False,6.930924324759594,-0.21054981165666137,0.00921753147696571,0.07373077411522493,0.0,0.0,0.0,0.0
1631,0.0,,1756139533.3185062,False,7.0364592063325375,-0.17634473963250685,0.06735091583486538,0.09227870517663096,0.0,0.0,0.0,0.0
1632,0.0,,1756139533.3287146,False,7.252244381743732,-0.1324709248511977,0.15683169251647322,0.11925684457519163,0.0,0.0,0.0,0.0
1633,0.0,,1756139533.338764,False,7.495223413194065,-0.05406844910298592,0.15822407528108456,0.1198916320912605,0.0,0.0,0.0,0.0
1634,0.0,,1756139533.3487735,False,7.855754528680022,0.017977845431262053,0.16673616087145496,0.09963694215244218,0.0,0.0,0.0,0.0
1635,0.0,,1756139533.3586695,False,8.170085675386343,0.0716777037799595,0.1395979570677321,0.08862590494663045,0.0,0.0,0.0,0.0
1636,0.0,,1756139533.3720632,False,8.743841457979448,0.10224329651777556,0.1083974424556991,0.06064377774213589,0.0,0.0,0.0,0.0
1637,0.0,,1756139533.3789928,False,8.956867752060145,0.14988210144515854,0.09521176229743668,0.04442158229812461,0.0,0.0,0.0,0.0
1638,0.0,,1756139533.3931975,False,9.340253437986675,0.17825064276265465,0.10551070157686017,0.015606646518110168,0.0,0.0,0.0,0.0
1639,0.0,,1756139533.3997092,False,9.54124593308913,0.1900834634434942,0.09483898539907229,0.0023836020465644106,0.0,0.0,0.0,0.0
1640,0.0,,1756139533.4088032,False,9.862968395207533,0.18223122513003617,0.09089457389682741,-0.018776525714177646,0.0,0.0,0.0,0.0
1641,0.0,,1756139533.4190564,False,10.069192460475445,0.18680060297095188,0.05419831040504009,-0.042135070949264046,0.0,0.0,0.0,0.0
1642,0.0,,1756139533.428734,False,10.22897084961193,0.17373541524709152,0.0719192771985655,-0.06333731274902635,0.0,0.0,0.0,0.0
1643,0.0,,1756139533.4393713,False,10.450343520172767,0.14785389292070594,0.043080341714760946,-0.08394196212994434,0.0,0.0,0.0,0.0
1644,0.0,,1756139533.4486806,False,10.719933998368484,0.10270764695815149,0.023456692215415867,-0.09610103412519826,0.0,0.0,0.0,0.0
1645,0.0,,1756139533.4624615,False,10.816076579083028,0.07881048229300314,-0.007211777569774145,-0.10318569616565901,0.0,0.0,0.0,0.0
1646,0.0,,1756139533.469197,False,10.852221861182194,0.06792132639144108,-0.0017026247226416438,-0.1135307342889866,0.0,0.0,0.0,0.0
1647,0.0,,1756139533.4787948,False,10.969740359603026,0.04666295942341123,-0.011685672562857127,-0.12447113713913782,0.0,0.0,0.0,0.0
1648,0.0,,1756139533.4886885,False,11.078206449654422,0.02932567049267059,-0.03306852749218882,-0.12272100532055574,0.0,0.0,0.0,0.0
1649,0.0,,1756139533.4987738,False,11.06462587757227,0.04306588008750817,-0.06231153600435373,-0.12477060283073342,0.0,0.0,0.0,0.0
1650,0.0,,1756139533.5086915,False,11.09517337228581,0.04815071888138875,-0.05542238110581056,-0.12234678827258694,0.0,0.0,0.0,0.0
1651,0.0,,1756139533.5185635,False,11.139839813473575,0.05481686655137718,-0.06924143467242733,-0.11170185884592401,0.0,0.0,0.0,0.0
1646,0.0,,1756139533.469197,False,10.852221861182194,0.06792132639144108,-0.0017026247226416438,-0.1135307342889866,0.0,0.0,0.0,0.0
1647,0.0,,1756139533.4787948,False,10.969740359603026,0.04666295942341123,-0.011685672562857127,-0.12447113713913782,0.0,0.0,0.0,0.0
1648,0.0,,1756139533.4886885,False,11.078206449654422,0.02932567049267059,-0.03306852749218882,-0.12272100532055574,0.0,0.0,0.0,0.0
1649,0.0,,1756139533.4987738,False,11.06462587757227,0.04306588008750817,-0.06231153600435373,-0.12477060283073342,0.0,0.0,0.0,0.0
1650,0.0,,1756139533.5086915,False,11.09517337228581,0.04815071888138875,-0.05542238110581056,-0.12234678827258694,0.0,0.0,0.0,0.0
1651,0.0,,1756139533.5185635,False,11.139839813473575,0.05481686655137718,-0.06924143467242733,-0.11170185884592401,0.0,0.0,0.0,0.0
1646,0.0,,1756139533.469197,False,10.852221861182194,0.06792132639144108,-0.0017026247226416438,-0.1135307342889866,0.0,0.0,0.0,0.0
1647,0.0,,1756139533.4787948,False,10.969740359603026,0.04666295942341123,-0.011685672562857127,-0.12447113713913782,0.0,0.0,0.0,0.0
1648,0.0,,1756139533.4886885,False,11.078206449654422,0.02932567049267059,-0.03306852749218882,-0.12272100532055574,0.0,0.0,0.0,0.0
1649,0.0,,1756139533.4987738,False,11.06462587757227,0.04306588008750817,-0.06231153600435373,-0.12477060283073342,0.0,0.0,0.0,0.0
1650,0.0,,1756139533.5086915,False,11.09517337228581,0.04815071888138875,-0.05542238110581056,-0.12234678827258694,0.0,0.0,0.0,0.0
1651,0.0,,1756139533.5185635,False,11.139839813473575,0.05481686655137718,-0.06924143467242733,-0.11170185884592401,0.0,0.0,0.0,0.0
1652,0.0,,1756139533.5286303,False,11.111110933502225,0.07083104065932733,-0.07573084459674606,-0.1070820042002433,0.0,0.0,0.0,0.0
1653,0.0,,1756139533.539631,False,11.103269843674699,0.08344709248327943,-0.07873598689492317,-0.10537613199001815,0.0,0.0,0.0,0.0
1654,0.0,,1756139533.548905,False,11.05953360574204,0.1090551875594918,-0.07072900580096189,-0.09968387317320435,0.0,0.0,0.0,0.0
1655,0.0,,1756139533.5588748,False,11.070365584055558,0.12456570288849794,-0.05725871777585981,-0.10240018457504321,0.0,0.0,0.0,0.0
1656,0.0,,1756139533.569023,False,11.059928204296728,0.13496743244573228,-0.05192788000823104,-0.09588680748309444,0.0,0.0,0.0,0.0
1657,0.0,,1756139533.5786324,False,10.984564083270094,0.12742578722438935,-0.04281969233908693,-0.08631057412537298,0.0,0.0,0.0,0.0
1658,0.0,,1756139533.588668,False,11.00829408824772,0.11360916643708235,-0.027035249837181093,-0.09237916087009426,0.0,0.0,0.0,0.0
1659,0.0,,1756139533.5987182,False,10.962985085236541,0.11323505990579444,-0.028964269408841933,-0.0814879106004525,0.0,0.0,0.0,0.0
1660,0.0,,1756139533.6086636,False,10.962320054518507,0.09232202011186613,-0.02406332663352565,-0.08264782535849244,0.0,0.0,0.0,0.0
1661,0.0,,1756139533.6188736,False,10.92059802318196,0.07450253387592964,-0.04648356841418771,-0.07828831743444792,0.0,0.0,0.0,0.0
1662,0.0,,1756139533.6285799,False,10.878394908230407,0.04427841923181955,-0.0511674978546496,-0.06872761899139798,0.0,0.0,0.0,0.0
1663,0.0,,1756139533.6388037,False,10.873799984134779,0.01912080036276905,-0.05795790735543773,-0.067274471384596,0.0,0.0,0.0,0.0
1664,0.0,,1756139533.6490068,False,10.826763064649931,0.012192629536582632,-0.07742121334922061,-0.058317931458216996,0.0,0.0,0.0,0.0
1665,0.0,,1756139533.6584978,False,10.770626155491286,0.00476927445003086,-0.08619590734624843,-0.050904104031408146,0.0,0.0,0.0,0.0
1666,0.0,,1756139533.6685245,False,10.724040824866206,0.00994117584461005,-0.09605842108908261,-0.03943250912325412,0.0,0.0,0.0,0.0
1667,0.0,,1756139533.6788664,False,10.664203756331442,0.017530309100850548,-0.0968575105136123,-0.02602776776038608,0.0,0.0,0.0,0.0
1668,0.0,,1756139533.6885755,False,10.554217046519337,0.027238091215652682,-0.09615060350220575,-0.014302638420011594,0.0,0.0,0.0,0.0
1669,0.0,,1756139533.6988358,False,10.549759850700571,0.039144372564916645,-0.08451978377932394,-0.0030154135668126695,0.0,0.0,0.0,0.0
1670,0.0,,1756139533.7086575,False,10.494174820912614,0.05297171876972723,-0.0772263195101111,0.014462329341758581,0.0,0.0,0.0,0.0
1671,0.0,,1756139533.7186635,False,10.404607026343683,0.06107768187451852,-0.06701343448995795,0.02645120940001329,0.0,0.0,0.0,0.0
1672,0.0,,1756139533.728758,False,10.334319827886993,0.0663666275933128,-0.045756058134556306,0.04107419565832794,0.0,0.0,0.0,0.0
1673,0.0,,1756139533.7389584,False,10.22827007405056,0.06776663301312316,-0.02989145669517851,0.054231084241501595,0.0,0.0,0.0,0.0
1674,0.0,,1756139533.7486837,False,10.135037613184373,0.062162152365180294,-0.015492673288414,0.06416013767182929,0.0,0.0,0.0,0.0
1675,0.0,,1756139533.7593806,False,10.005194884274495,0.03407442664583017,0.003477984109097999,0.07541468866238754,0.0,0.0,0.0,0.0
1676,0.0,,1756139533.7684717,False,9.81448382470621,0.01794325406757476,0.007104292741209841,0.08546986662674172,0.0,0.0,0.0,0.0
1677,0.0,,1756139533.782226,False,9.71303575196876,0.01038188974234157,0.014359812979057546,0.10332592177677843,0.0,0.0,0.0,0.0
1678,0.0,,1756139533.7886083,False,9.69029816760519,-0.0004574282831086773,0.01972130565396682,0.10843149191555043,0.0,0.0,0.0,0.0
1679,0.0,,1756139533.7989514,False,9.48100184938567,0.00288720892702675,0.03158007539783352,0.11208425581003606,0.0,0.0,0.0,0.0
1680,0.0,,1756139533.8090332,False,9.295943162147243,-0.003272991162543896,0.035416930829864204,0.12116915279204565,0.0,0.0,0.0,0.0
1681,0.0,,1756139533.818663,False,9.242477523336234,-0.0035680703543601623,0.031221591171633162,0.1287632118726773,0.0,0.0,0.0,0.0
1682,0.0,,1756139533.8287728,False,8.968234706319564,-0.01791621205885961,0.008427230414958667,0.13670033056304856,0.0,0.0,0.0,0.0
1683,0.0,,1756139533.8393524,False,8.792817879602705,-0.008094434883092224,0.017316962488246976,0.13797076463820834,0.0,0.0,0.0,0.0
1684,0.0,,1756139533.8488765,False,8.646958034159567,-0.0032490744384453024,0.021495590214488984,0.14070893947147273,0.0,0.0,0.0,0.0
1685,0.0,,1756139533.85896,False,8.450660165752796,0.004083979751409156,0.026163423679018964,0.1438399171565239,0.0,0.0,0.0,0.0
1686,0.0,,1756139533.8688133,False,8.196973269600248,0.0018038711199063512,0.037153356750908126,0.14684043413007203,0.0,0.0,0.0,0.0
1687,0.0,,1756139533.8787613,False,8.04580998011263,-0.013892147849301237,0.06640845602487894,0.14223544803679783,0.0,0.0,0.0,0.0
1688,0.0,,1756139533.888916,False,7.823101439179142,-0.026485296356072233,0.03986534003099724,0.14698564506717549,0.0,0.0,0.0,0.0
1689,0.0,,1756139533.8988152,False,7.616159789650403,-0.017237612097368113,0.0801983305372266,0.13839292093462585,0.0,0.0,0.0,0.0
1690,0.0,,1756139533.9121103,False,7.367669652383802,-0.007544064287580062,0.10612863035307667,0.13667487575318077,0.0,0.0,0.0,0.0
1691,0.0,,1756139533.9185164,False,7.2458072129192335,-0.014815441898684476,0.11428301826190382,0.12682083573428157,0.0,0.0,0.0,0.0
1692,0.0,,1756139533.9286184,False,6.933422114843393,-0.05504789798759659,0.11949367155238466,0.11843068279260385,0.0,0.0,0.0,0.0
1693,0.0,,1756139533.938964,False,6.700777635572923,-0.06210465396282368,0.16518059046418945,0.10718956932752627,0.0,0.0,0.0,0.0
1694,0.0,,1756139533.9489403,False,6.649287980402905,-0.11281735032279697,0.13561050097394806,0.10136778713345919,0.0,0.0,0.0,0.0
1695,0.0,,1756139533.9586005,False,6.778602511750634,-0.26556716286950105,0.023043188136792746,0.10684364385439885,0.0,0.0,0.0,0.0
1696,0.0,,1756139533.9687855,False,6.8196357545521495,-0.352420268220693,-0.013038680724886911,0.11322611534714754,0.0,0.0,0.0,0.0
1697,0.0,,1756139533.9785419,False,6.9046288473138375,-0.3047508040777086,0.059704807042134926,0.11224389586375355,0.0,0.0,0.0,0.0
1698,0.0,,1756139533.9884965,False,7.217638230282953,-0.18520764162717782,0.06437870617371541,0.0793761643992666,0.0,0.0,0.0,0.0
1699,0.0,,1756139533.9989073,False,7.273582307128958,-0.10136657223476492,0.13385527276476808,0.09208664199602604,0.0,0.0,0.0,0.0
1700,0.0,,1756139534.009035,False,7.490467395484924,-0.06653437777967341,0.14306446830139985,0.09546180947215067,0.0,0.0,0.0,0.0
1701,0.0,,1756139534.0189598,False,7.89430714547781,0.003975962053305349,0.13192703777936748,0.07878008743234802,0.0,0.0,0.0,0.0
1702,0.0,,1756139534.0290163,False,8.153836161591384,0.07043039381995148,0.12344911604843498,0.05921307414959345,0.0,0.0,0.0,0.0
1703,0.0,,1756139534.0384452,False,8.526420366745604,0.09919114669991423,0.10294810360802911,0.048253865036258656,0.0,0.0,0.0,0.0
1704,0.0,,1756139534.0486124,False,8.872284387874135,0.12425111745843335,0.10339776584538168,0.040426709914431036,0.0,0.0,0.0,0.0
1705,0.0,,1756139534.0594447,False,9.184768482231021,0.13733410947053568,0.06700718501527311,0.026677618346236127,0.0,0.0,0.0,0.0
1706,0.0,,1756139534.0687242,False,9.493130204551528,0.14098417454201215,0.04905538525318173,0.005096780513631624,0.0,0.0,0.0,0.0
1707,0.0,,1756139534.0785427,False,9.812554148136272,0.148214910038159,0.05981236366040529,-0.0167275387610157,0.0,0.0,0.0,0.0
1708,0.0,,1756139534.0888283,False,10.002994693355529,0.1515246973894241,0.04536496396354257,-0.027713195389589624,0.0,0.0,0.0,0.0
1709,0.0,,1756139534.0987961,False,10.136304740858437,0.13887781949023065,0.060495300874384726,-0.044019633512916205,0.0,0.0,0.0,0.0
1710,0.0,,1756139534.1091547,False,10.29901258685196,0.09474488496620447,0.061911611456564236,-0.05152845533170282,0.0,0.0,0.0,0.0
1711,0.0,,1756139534.1188557,False,10.52457457030319,0.052252976885164344,0.057840110678525083,-0.0627571474008323,0.0,0.0,0.0,0.0
1712,0.0,,1756139534.1286643,False,10.615348045163735,0.02917025846672671,0.033062952411946955,-0.07692867579778043,0.0,0.0,0.0,0.0
1713,0.0,,1756139534.1389592,False,10.657309969155019,0.016392285131489614,0.024395213026322145,-0.08008844493126342,0.0,0.0,0.0,0.0
1714,0.0,,1756139534.1485784,False,10.81644947405805,0.00019038297453708407,0.013621793890702102,-0.08923830621472066,0.0,0.0,0.0,0.0
1715,0.0,,1756139534.1589112,False,10.894676949471686,-0.003142009204445144,-0.02674060739978399,-0.0854008876250289,0.0,0.0,0.0,0.0
1716,0.0,,1756139534.1689541,False,10.830942948951915,0.016434006346526767,-0.048980595444744784,-0.0789540986700103,0.0,0.0,0.0,0.0
1717,0.0,,1756139534.1784332,False,10.852884045250223,0.04303382128656647,-0.05896530707924039,-0.0838155360270616,0.0,0.0,0.0,0.0
1718,0.0,,1756139534.188619,False,10.91970775343544,0.06349312779501806,-0.06891865676002232,-0.08010985412930037,0.0,0.0,0.0,0.0
1719,0.0,,1756139534.1988218,False,10.885431865354601,0.09789393350182293,-0.09664119030341063,-0.07115536384095075,0.0,0.0,0.0,0.0
1720,0.0,,1756139534.2087371,False,10.860289002049301,0.1294341982025311,-0.08532449177068172,-0.07236353309513026,0.0,0.0,0.0,0.0
1721,0.0,,1756139534.2187233,False,10.83636111993048,0.14586882955999259,-0.06549146284853126,-0.06144709908750816,0.0,0.0,0.0,0.0
1722,0.0,,1756139534.2286272,False,10.870183699106175,0.16654256616553256,-0.05836847375777015,-0.05901443211433986,0.0,0.0,0.0,0.0
1723,0.0,,1756139534.238784,False,10.824615202805905,0.15818210013582495,-0.04992932333019416,-0.05348494816990733,0.0,0.0,0.0,0.0
1724,0.0,,1756139534.2491012,False,10.796302865576049,0.14153566633363085,-0.018067215205576827,-0.054620664241350286,0.0,0.0,0.0,0.0
1725,0.0,,1756139534.2587385,False,10.776498734869632,0.13469165235364078,-0.02751387561792302,-0.04605063844850753,0.0,0.0,0.0,0.0
1726,0.0,,1756139534.268886,False,10.722232670205008,0.09894777952226821,-0.01082840625531315,-0.04435270481860304,0.0,0.0,0.0,0.0
1727,0.0,,1756139534.2791505,False,10.691734375161573,0.055837597056857355,-0.008664616103540853,-0.04238339359434665,0.0,0.0,0.0,0.0
1728,0.0,,1756139534.2891161,False,10.678809312250053,0.02874971105146147,-0.006550252579552431,-0.03546283352621903,0.0,0.0,0.0,0.0
1729,0.0,,1756139534.298884,False,10.619113528499879,0.003394980957507201,-0.026098622486422574,-0.030650316128776098,0.0,0.0,0.0,0.0
1730,0.0,,1756139534.3090086,False,10.590244733813439,-0.019900162062265424,-0.035488037800777514,-0.026076715561888855,0.0,0.0,0.0,0.0
1731,0.0,,1756139534.3190103,False,10.522365983228463,-0.0258551668963096,-0.058472516552934034,-0.015139771836051035,0.0,0.0,0.0,0.0
1732,0.0,,1756139534.3293102,False,10.481766212032234,-0.025521238864655515,-0.07096715596929523,-0.010421112902706435,0.0,0.0,0.0,0.0
1733,0.0,,1756139534.3391213,False,10.4568397399456,-0.023456334116196714,-0.06598645236884629,-0.010247889525179847,0.0,0.0,0.0,0.0
1734,0.0,,1756139534.3485713,False,10.381685811315197,-0.00789774039476366,-0.0686747942954942,0.0029979528789396376,0.0,0.0,0.0,0.0
1735,0.0,,1756139534.3591466,False,10.323021485505,0.0054520328918718445,-0.05987153829185034,0.013176181574268968,0.0,0.0,0.0,0.0
1736,0.0,,1756139534.369665,False,10.228016391843697,0.041307348932580354,-0.06002261015053696,0.02925169802644044,0.0,0.0,0.0,0.0
1737,0.0,,1756139534.378759,False,10.181823643732285,0.07265380673740517,-0.046432509227980555,0.04183856866896523,0.0,0.0,0.0,0.0
1738,0.0,,1756139534.3891156,False,10.005674180606375,0.08629078514879249,-0.04301099037756506,0.054041822120704734,0.0,0.0,0.0,0.0
1739,0.0,,1756139534.3984778,False,9.86455063318879,0.0788242564418507,-0.037222032972902226,0.06025855883534888,0.0,0.0,0.0,0.0
1740,0.0,,1756139534.408751,False,9.781765927966099,0.07988624321184042,-0.0315372831401223,0.0770928293784849,0.0,0.0,0.0,0.0
1741,0.0,,1756139534.4187372,False,9.693916965225304,0.06530913718469525,-0.006795983340044356,0.08474220661365668,0.0,0.0,0.0,0.0
1742,0.0,,1756139534.4287453,False,9.472660431490038,0.028925864097825778,-0.0038426663532478257,0.08944874569022684,0.0,0.0,0.0,0.0
1743,0.0,,1756139534.4383955,False,9.36726512260684,-0.00037108080309414607,0.02399906551629683,0.09496432479022356,0.0,0.0,0.0,0.0
1744,0.0,,1756139534.4491045,False,9.297098730765962,0.007725715049720863,0.05501709664205456,0.10430438078912398,0.0,0.0,0.0,0.0
1745,0.0,,1756139534.4588988,False,9.105514125594965,-0.006787311150908414,0.04687077544303432,0.10667903168915666,0.0,0.0,0.0,0.0
1746,0.0,,1756139534.4694881,False,8.890978283318022,-0.030634324999778813,0.04975034959481864,0.10827245405963998,0.0,0.0,0.0,0.0
1747,0.0,,1756139534.4811003,False,8.708076222887792,-0.03674270538795336,0.04590715778665853,0.1171205078378606,0.0,0.0,0.0,0.0
1748,0.0,,1756139534.488597,False,8.586172553357228,-0.04029736164287632,0.03867717129891127,0.116560680837421,0.0,0.0,0.0,0.0
1749,0.0,,1756139534.4990149,False,8.32102367591096,-0.019739911301469945,0.00022257615600883816,0.11671062349900405,0.0,0.0,0.0,0.0
1750,0.0,,1756139534.5087438,False,8.125199915959302,-0.025743936328318427,0.01559301001679364,0.11074657477230304,0.0,0.0,0.0,0.0
1751,0.0,,1756139534.5189126,False,7.932848524290744,-0.02245147285515788,0.02975901808831906,0.11225912275735267,0.0,0.0,0.0,0.0
1752,0.0,,1756139534.5296707,False,7.712927371601825,0.0007410357985468763,0.041656099045686,0.10572957484694895,0.0,0.0,0.0,0.0
1753,0.0,,1756139534.5389118,False,7.477495854368698,-0.025985429797658412,0.05840087657701888,0.09707281897070474,0.0,0.0,0.0,0.0
1754,0.0,,1756139534.5491085,False,7.277622149704161,-0.05311942562553692,0.08486437218240299,0.09181437524560795,0.0,0.0,0.0,0.0
1755,0.0,,1756139534.560374,False,7.125816029838497,-0.07723384434790226,0.07096146535759067,0.09594097733485553,0.0,0.0,0.0,0.0
1756,0.0,,1756139534.5698712,False,7.1416591105102345,-0.19079579562614826,0.049062276639040364,0.09614339885612731,0.0,0.0,0.0,0.0
1757,0.0,,1756139534.579188,False,7.167253480062331,-0.2695910768179759,0.06508634856268695,0.10240745815261347,0.0,0.0,0.0,0.0
1758,0.0,,1756139534.5891602,False,7.132547905264975,-0.23946071694047616,0.14006064957994854,0.11223850513846476,0.0,0.0,0.0,0.0
1759,0.0,,1756139534.5989997,False,7.228429068689541,-0.15381792779662654,0.22717927924946182,0.09933729883099171,0.0,0.0,0.0,0.0
1760,0.0,,1756139534.6096594,False,7.3764223291129944,-0.08454304717833099,0.2506712601096782,0.08932301591013435,0.0,0.0,0.0,0.0
1761,0.0,,1756139534.6187613,False,7.574917554362344,-0.04762010533497139,0.23773551837947332,0.08837682060966821,0.0,0.0,0.0,0.0
1762,0.0,,1756139534.6298828,False,7.85940124147319,-0.006783885508604477,0.2088856119600015,0.08060423436173698,0.0,0.0,0.0,0.0
1763,0.0,,1756139534.6387136,False,8.177197542508292,0.03700920788790358,0.17041850167305034,0.05787954307980743,0.0,0.0,0.0,0.0
1764,0.0,,1756139534.6489794,False,8.571658671663783,0.06403802009086122,0.1119793035907542,0.03564813703932335,0.0,0.0,0.0,0.0
1765,0.0,,1756139534.6597874,False,8.920032237813526,0.08485618775003641,0.06543798979931754,0.02259799949167891,0.0,0.0,0.0,0.0
1766,0.0,,1756139534.6687381,False,9.131243290221722,0.10465865095726797,0.06065224509933646,0.0158010406645558,0.0,0.0,0.0,0.0
1767,0.0,,1756139534.6792731,False,9.488766987618053,0.11029000864364678,0.03993125737758714,-0.0028827344682860415,0.0,0.0,0.0,0.0
1768,0.0,,1756139534.6897943,False,9.68239449825125,0.12232464250910932,0.009824199441891094,-0.00973723625195169,0.0,0.0,0.0,0.0
1769,0.0,,1756139534.6991506,False,9.84990000809829,0.11495672064840323,-0.0007364204702321638,-0.012548272412025193,0.0,0.0,0.0,0.0
1770,0.0,,1756139534.7091684,False,10.042080282621246,0.12265667535471417,0.006253233044972462,-0.020470512199374343,0.0,0.0,0.0,0.0
1771,0.0,,1756139534.719199,False,10.239007968832802,0.10043254723070216,0.003740063519240556,-0.02177183229049113,0.0,0.0,0.0,0.0
1772,0.0,,1756139534.7293217,False,10.396664985318615,0.06250525650923971,-0.023127609217864477,-0.028742249393820654,0.0,0.0,0.0,0.0
1773,0.0,,1756139534.7391121,False,10.459073202356274,0.04201497795581369,0.018074092190946477,-0.02809236659450888,0.0,0.0,0.0,0.0
1774,0.0,,1756139534.7490923,False,10.573118563448547,0.006937726399171697,0.017444554864892298,-0.024060365550146918,0.0,0.0,0.0,0.0
1775,0.0,,1756139534.759472,False,10.676055093278395,-0.007312892768147787,0.02597702710124587,-0.019483250396619748,0.0,0.0,0.0,0.0
1776,0.0,,1756139534.7702842,False,10.675599345115229,-0.010588578662052818,0.028564194815798857,-0.02002861757895952,0.0,0.0,0.0,0.0
1777,0.0,,1756139534.7796454,False,10.718349419279942,0.0014769853048845617,0.031289532141097566,-0.018825795780541457,0.0,0.0,0.0,0.0
1778,0.0,,1756139534.7888284,False,10.716789640240215,0.02752226819073765,0.008303209174505485,-0.017293725642880828,0.0,0.0,0.0,0.0
1779,0.0,,1756139534.7994266,False,10.774514955354038,0.0382159101714527,-0.003820333844952844,-0.014079385242046648,0.0,0.0,0.0,0.0
1780,0.0,,1756139534.8099768,False,10.741431529974642,0.06184551322362303,-0.030271239103822352,-0.010151980872809104,0.0,0.0,0.0,0.0
1781,0.0,,1756139534.819307,False,10.720595430488107,0.07700447883999448,-0.03747563844220942,-0.010644049915785943,0.0,0.0,0.0,0.0
1782,0.0,,1756139534.8297174,False,10.695568144755198,0.0995517296259224,-0.048801200320345614,-0.009121369367183305,0.0,0.0,0.0,0.0
1783,0.0,,1756139534.8406494,False,10.696704190955952,0.10626712924641142,-0.0476986164123817,-0.005381578760531455,0.0,0.0,0.0,0.0
1784,0.0,,1756139534.8491483,False,10.622109842885484,0.11716462432711483,-0.05234126966466231,0.0039009686221949218,0.0,0.0,0.0,0.0
1785,0.0,,1756139534.8596041,False,10.561178654521205,0.11171766152408484,-0.05770125320568571,0.008826258226616387,0.0,0.0,0.0,0.0
1786,0.0,,1756139534.8691678,False,10.568797119656338,0.09980602008511942,-0.05660674271831349,0.013516914347119121,0.0,0.0,0.0,0.0
1787,0.0,,1756139534.8793824,False,10.51365191138383,0.0815191620709616,-0.07358341524623106,0.019696463477601633,0.0,0.0,0.0,0.0
1788,0.0,,1756139534.890393,False,10.460754403569796,0.07591189535805098,-0.06596169635279586,0.021992450555352643,0.0,0.0,0.0,0.0
1789,0.0,,1756139534.8989193,False,10.39582258562364,0.051667201267423454,-0.0603312310967491,0.024687682882285043,0.0,0.0,0.0,0.0
1790,0.0,,1756139534.9096737,False,10.382789875991485,0.03277774462594224,-0.04693301829057232,0.033935431468718164,0.0,0.0,0.0,0.0
1791,0.0,,1756139534.9201818,False,10.295954728901604,0.017054702036930075,-0.04528170685729481,0.04062306884894367,0.0,0.0,0.0,0.0
1792,0.0,,1756139534.9298744,False,10.260559175448654,0.0035364155989289154,-0.04268232769912236,0.052426349474898354,0.0,0.0,0.0,0.0
1793,0.0,,1756139534.9396875,False,10.17927953823121,0.0057286736718242595,-0.05266481169310464,0.06134911082739264,0.0,0.0,0.0,0.0
1794,0.0,,1756139534.9489212,False,10.062079784847432,0.0071639927629985585,-0.058733112866572776,0.06715667671986908,0.0,0.0,0.0,0.0
1795,0.0,,1756139534.9598017,False,9.945811369463904,0.014396225881773164,-0.052051841727338455,0.07141268603063594,0.0,0.0,0.0,0.0
1724,0.0,,1756139534.2491012,False,10.796302865576049,0.14153566633363085,-0.018067215205576827,-0.054620664241350286,0.0,0.0,0.0,0.0
1725,0.0,,1756139534.2587385,False,10.776498734869632,0.13469165235364078,-0.02751387561792302,-0.04605063844850753,0.0,0.0,0.0,0.0
1726,0.0,,1756139534.268886,False,10.722232670205008,0.09894777952226821,-0.01082840625531315,-0.04435270481860304,0.0,0.0,0.0,0.0
1727,0.0,,1756139534.2791505,False,10.691734375161573,0.055837597056857355,-0.008664616103540853,-0.04238339359434665,0.0,0.0,0.0,0.0
1728,0.0,,1756139534.2891161,False,10.678809312250053,0.02874971105146147,-0.006550252579552431,-0.03546283352621903,0.0,0.0,0.0,0.0
1729,0.0,,1756139534.298884,False,10.619113528499879,0.003394980957507201,-0.026098622486422574,-0.030650316128776098,0.0,0.0,0.0,0.0
1730,0.0,,1756139534.3090086,False,10.590244733813439,-0.019900162062265424,-0.035488037800777514,-0.026076715561888855,0.0,0.0,0.0,0.0
1731,0.0,,1756139534.3190103,False,10.522365983228463,-0.0258551668963096,-0.058472516552934034,-0.015139771836051035,0.0,0.0,0.0,0.0
1732,0.0,,1756139534.3293102,False,10.481766212032234,-0.025521238864655515,-0.07096715596929523,-0.010421112902706435,0.0,0.0,0.0,0.0
1733,0.0,,1756139534.3391213,False,10.4568397399456,-0.023456334116196714,-0.06598645236884629,-0.010247889525179847,0.0,0.0,0.0,0.0
1734,0.0,,1756139534.3485713,False,10.381685811315197,-0.00789774039476366,-0.0686747942954942,0.0029979528789396376,0.0,0.0,0.0,0.0
1735,0.0,,1756139534.3591466,False,10.323021485505,0.0054520328918718445,-0.05987153829185034,0.013176181574268968,0.0,0.0,0.0,0.0
1736,0.0,,1756139534.369665,False,10.228016391843697,0.041307348932580354,-0.06002261015053696,0.02925169802644044,0.0,0.0,0.0,0.0
1737,0.0,,1756139534.378759,False,10.181823643732285,0.07265380673740517,-0.046432509227980555,0.04183856866896523,0.0,0.0,0.0,0.0
1738,0.0,,1756139534.3891156,False,10.005674180606375,0.08629078514879249,-0.04301099037756506,0.054041822120704734,0.0,0.0,0.0,0.0
1739,0.0,,1756139534.3984778,False,9.86455063318879,0.0788242564418507,-0.037222032972902226,0.06025855883534888,0.0,0.0,0.0,0.0
1740,0.0,,1756139534.408751,False,9.781765927966099,0.07988624321184042,-0.0315372831401223,0.0770928293784849,0.0,0.0,0.0,0.0
1741,0.0,,1756139534.4187372,False,9.693916965225304,0.06530913718469525,-0.006795983340044356,0.08474220661365668,0.0,0.0,0.0,0.0
1742,0.0,,1756139534.4287453,False,9.472660431490038,0.028925864097825778,-0.0038426663532478257,0.08944874569022684,0.0,0.0,0.0,0.0
1743,0.0,,1756139534.4383955,False,9.36726512260684,-0.00037108080309414607,0.02399906551629683,0.09496432479022356,0.0,0.0,0.0,0.0
1744,0.0,,1756139534.4491045,False,9.297098730765962,0.007725715049720863,0.05501709664205456,0.10430438078912398,0.0,0.0,0.0,0.0
1745,0.0,,1756139534.4588988,False,9.105514125594965,-0.006787311150908414,0.04687077544303432,0.10667903168915666,0.0,0.0,0.0,0.0
1746,0.0,,1756139534.4694881,False,8.890978283318022,-0.030634324999778813,0.04975034959481864,0.10827245405963998,0.0,0.0,0.0,0.0
1747,0.0,,1756139534.4811003,False,8.708076222887792,-0.03674270538795336,0.04590715778665853,0.1171205078378606,0.0,0.0,0.0,0.0
1748,0.0,,1756139534.488597,False,8.586172553357228,-0.04029736164287632,0.03867717129891127,0.116560680837421,0.0,0.0,0.0,0.0
1749,0.0,,1756139534.4990149,False,8.32102367591096,-0.019739911301469945,0.00022257615600883816,0.11671062349900405,0.0,0.0,0.0,0.0
1750,0.0,,1756139534.5087438,False,8.125199915959302,-0.025743936328318427,0.01559301001679364,0.11074657477230304,0.0,0.0,0.0,0.0
1751,0.0,,1756139534.5189126,False,7.932848524290744,-0.02245147285515788,0.02975901808831906,0.11225912275735267,0.0,0.0,0.0,0.0
1752,0.0,,1756139534.5296707,False,7.712927371601825,0.0007410357985468763,0.041656099045686,0.10572957484694895,0.0,0.0,0.0,0.0
1753,0.0,,1756139534.5389118,False,7.477495854368698,-0.025985429797658412,0.05840087657701888,0.09707281897070474,0.0,0.0,0.0,0.0
1754,0.0,,1756139534.5491085,False,7.277622149704161,-0.05311942562553692,0.08486437218240299,0.09181437524560795,0.0,0.0,0.0,0.0
1755,0.0,,1756139534.560374,False,7.125816029838497,-0.07723384434790226,0.07096146535759067,0.09594097733485553,0.0,0.0,0.0,0.0
1756,0.0,,1756139534.5698712,False,7.1416591105102345,-0.19079579562614826,0.049062276639040364,0.09614339885612731,0.0,0.0,0.0,0.0
1757,0.0,,1756139534.579188,False,7.167253480062331,-0.2695910768179759,0.06508634856268695,0.10240745815261347,0.0,0.0,0.0,0.0
1758,0.0,,1756139534.5891602,False,7.132547905264975,-0.23946071694047616,0.14006064957994854,0.11223850513846476,0.0,0.0,0.0,0.0
1759,0.0,,1756139534.5989997,False,7.228429068689541,-0.15381792779662654,0.22717927924946182,0.09933729883099171,0.0,0.0,0.0,0.0
1760,0.0,,1756139534.6096594,False,7.3764223291129944,-0.08454304717833099,0.2506712601096782,0.08932301591013435,0.0,0.0,0.0,0.0
1761,0.0,,1756139534.6187613,False,7.574917554362344,-0.04762010533497139,0.23773551837947332,0.08837682060966821,0.0,0.0,0.0,0.0
1762,0.0,,1756139534.6298828,False,7.85940124147319,-0.006783885508604477,0.2088856119600015,0.08060423436173698,0.0,0.0,0.0,0.0
1763,0.0,,1756139534.6387136,False,8.177197542508292,0.03700920788790358,0.17041850167305034,0.05787954307980743,0.0,0.0,0.0,0.0
1764,0.0,,1756139534.6489794,False,8.571658671663783,0.06403802009086122,0.1119793035907542,0.03564813703932335,0.0,0.0,0.0,0.0
1765,0.0,,1756139534.6597874,False,8.920032237813526,0.08485618775003641,0.06543798979931754,0.02259799949167891,0.0,0.0,0.0,0.0
1766,0.0,,1756139534.6687381,False,9.131243290221722,0.10465865095726797,0.06065224509933646,0.0158010406645558,0.0,0.0,0.0,0.0
1767,0.0,,1756139534.6792731,False,9.488766987618053,0.11029000864364678,0.03993125737758714,-0.0028827344682860415,0.0,0.0,0.0,0.0
1768,0.0,,1756139534.6897943,False,9.68239449825125,0.12232464250910932,0.009824199441891094,-0.00973723625195169,0.0,0.0,0.0,0.0
1769,0.0,,1756139534.6991506,False,9.84990000809829,0.11495672064840323,-0.0007364204702321638,-0.012548272412025193,0.0,0.0,0.0,0.0
1770,0.0,,1756139534.7091684,False,10.042080282621246,0.12265667535471417,0.006253233044972462,-0.020470512199374343,0.0,0.0,0.0,0.0
1771,0.0,,1756139534.719199,False,10.239007968832802,0.10043254723070216,0.003740063519240556,-0.02177183229049113,0.0,0.0,0.0,0.0
1772,0.0,,1756139534.7293217,False,10.396664985318615,0.06250525650923971,-0.023127609217864477,-0.028742249393820654,0.0,0.0,0.0,0.0
1773,0.0,,1756139534.7391121,False,10.459073202356274,0.04201497795581369,0.018074092190946477,-0.02809236659450888,0.0,0.0,0.0,0.0
1774,0.0,,1756139534.7490923,False,10.573118563448547,0.006937726399171697,0.017444554864892298,-0.024060365550146918,0.0,0.0,0.0,0.0
1775,0.0,,1756139534.759472,False,10.676055093278395,-0.007312892768147787,0.02597702710124587,-0.019483250396619748,0.0,0.0,0.0,0.0
1776,0.0,,1756139534.7702842,False,10.675599345115229,-0.010588578662052818,0.028564194815798857,-0.02002861757895952,0.0,0.0,0.0,0.0
1777,0.0,,1756139534.7796454,False,10.718349419279942,0.0014769853048845617,0.031289532141097566,-0.018825795780541457,0.0,0.0,0.0,0.0
1778,0.0,,1756139534.7888284,False,10.716789640240215,0.02752226819073765,0.008303209174505485,-0.017293725642880828,0.0,0.0,0.0,0.0
1779,0.0,,1756139534.7994266,False,10.774514955354038,0.0382159101714527,-0.003820333844952844,-0.014079385242046648,0.0,0.0,0.0,0.0
1780,0.0,,1756139534.8099768,False,10.741431529974642,0.06184551322362303,-0.030271239103822352,-0.010151980872809104,0.0,0.0,0.0,0.0
1781,0.0,,1756139534.819307,False,10.720595430488107,0.07700447883999448,-0.03747563844220942,-0.010644049915785943,0.0,0.0,0.0,0.0
1782,0.0,,1756139534.8297174,False,10.695568144755198,0.0995517296259224,-0.048801200320345614,-0.009121369367183305,0.0,0.0,0.0,0.0
1783,0.0,,1756139534.8406494,False,10.696704190955952,0.10626712924641142,-0.0476986164123817,-0.005381578760531455,0.0,0.0,0.0,0.0
1784,0.0,,1756139534.8491483,False,10.622109842885484,0.11716462432711483,-0.05234126966466231,0.0039009686221949218,0.0,0.0,0.0,0.0
1785,0.0,,1756139534.8596041,False,10.561178654521205,0.11171766152408484,-0.05770125320568571,0.008826258226616387,0.0,0.0,0.0,0.0
1786,0.0,,1756139534.8691678,False,10.568797119656338,0.09980602008511942,-0.05660674271831349,0.013516914347119121,0.0,0.0,0.0,0.0
1787,0.0,,1756139534.8793824,False,10.51365191138383,0.0815191620709616,-0.07358341524623106,0.019696463477601633,0.0,0.0,0.0,0.0
1788,0.0,,1756139534.890393,False,10.460754403569796,0.07591189535805098,-0.06596169635279586,0.021992450555352643,0.0,0.0,0.0,0.0
1789,0.0,,1756139534.8989193,False,10.39582258562364,0.051667201267423454,-0.0603312310967491,0.024687682882285043,0.0,0.0,0.0,0.0
1790,0.0,,1756139534.9096737,False,10.382789875991485,0.03277774462594224,-0.04693301829057232,0.033935431468718164,0.0,0.0,0.0,0.0
1791,0.0,,1756139534.9201818,False,10.295954728901604,0.017054702036930075,-0.04528170685729481,0.04062306884894367,0.0,0.0,0.0,0.0
1792,0.0,,1756139534.9298744,False,10.260559175448654,0.0035364155989289154,-0.04268232769912236,0.052426349474898354,0.0,0.0,0.0,0.0
1793,0.0,,1756139534.9396875,False,10.17927953823121,0.0057286736718242595,-0.05266481169310464,0.06134911082739264,0.0,0.0,0.0,0.0
1794,0.0,,1756139534.9489212,False,10.062079784847432,0.0071639927629985585,-0.058733112866572776,0.06715667671986908,0.0,0.0,0.0,0.0
1795,0.0,,1756139534.9598017,False,9.945811369463904,0.014396225881773164,-0.052051841727338455,0.07141268603063594,0.0,0.0,0.0,0.0
1796,0.0,,1756139534.9705496,False,9.856305221852994,0.032220006361898146,-0.039759524847032025,0.08119204533044064,0.0,0.0,0.0,0.0
1797,0.0,,1756139534.9793353,False,9.712807234326014,0.048364311321095636,-0.034896466166954285,0.09120300803678973,0.0,0.0,0.0,0.0
1798,0.0,,1756139534.9897976,False,9.536388730596885,0.03027492607660305,-0.036536225511700444,0.0920442285288561,0.0,0.0,0.0,0.0
1799,0.0,,1756139535.0015833,False,9.46317016556837,0.01815863790186609,-0.030093707507593458,0.09641578884010944,0.0,0.0,0.0,0.0
1800,0.0,,1756139535.009708,False,9.334482195418047,0.009647405425783994,-0.034410429878206784,0.10160597092163207,0.0,0.0,0.0,0.0
1801,0.0,,1756139535.019602,False,9.225646011835764,-0.004006317315364185,-0.005248918098182104,0.10518610965511337,0.0,0.0,0.0,0.0
1802,0.0,,1756139535.0292995,False,9.077354054164973,-0.02462339345593422,0.011697535154222975,0.10797341694935617,0.0,0.0,0.0,0.0
1803,0.0,,1756139535.0393512,False,8.923930776175169,-0.04338120476524522,0.019407927914491994,0.10835713637549847,0.0,0.0,0.0,0.0
1804,0.0,,1756139535.0492942,False,8.753762137725806,-0.046222399019906546,0.02048769611655418,0.10889476546207166,0.0,0.0,0.0,0.0
1805,0.0,,1756139535.0589821,False,8.579366165770915,-0.04463920552194166,0.029144860730622436,0.11110034331347267,0.0,0.0,0.0,0.0
1806,0.0,,1756139535.0690975,False,8.376585192537409,-0.04691777244498217,0.0380425574797089,0.11012999628250048,0.0,0.0,0.0,0.0
1807,0.0,,1756139535.0791886,False,8.218716248144503,-0.05559718187063348,0.036367537368982114,0.10796717216928649,0.0,0.0,0.0,0.0
1808,0.0,,1756139535.0888174,False,8.03346242345316,-0.05740317901119425,0.04720701496376929,0.10436774054780115,0.0,0.0,0.0,0.0
1809,0.0,,1756139535.099104,False,7.794063905088089,-0.048212088273917306,0.07943033746963223,0.09411962060726033,0.0,0.0,0.0,0.0
1810,0.0,,1756139535.1096752,False,7.673829475757326,-0.13019743840367332,0.16282029474261966,0.1535742722277966,0.0,0.0,0.0,0.0
1811,0.0,,1756139535.11919,False,6.852735282822867,-0.18956433320569888,0.8159920541040393,0.5705231530041621,0.0,0.0,0.0,0.0
1812,0.0,,1756139535.1296124,False,6.436766756149092,-0.3478609876981523,0.602704150946102,0.5184552298761261,0.0,0.0,0.0,0.0
1813,0.0,,1756139535.139603,False,5.595011275553908,1.1497337761237834,2.1002989147680378,1.017653484483438,0.0,0.0,0.0,0.0
1814,0.0,,1756139535.1493282,False,4.764619763992481,2.627110530186928,3.577675668831182,1.5101124025044863,0.0,0.0,0.0,0.0
1815,0.0,,1756139535.1599553,False,3.897075723948136,4.170586565337526,5.12115170398178,2.0246044142213524,0.0,0.0,0.0,0.0
1816,0.0,,1756139535.16889,False,3.1029090296813315,2.757658570981266,3.7082237096255195,2.495580412340106,0.0,0.0,0.0,0.0
1817,0.0,,1756139535.1792614,False,2.245471870101709,1.2321640181155733,2.1827291567598266,3.0040785966286703,0.0,0.0,0.0,0.0
1818,0.0,,1756139535.1889884,False,1.4150076321256049,-0.2453421258955123,0.705223012748741,3.4965806446323655,0.0,0.0,0.0,0.0
1819,0.0,,1756139535.198906,False,0.5763416244914283,-1.7374403071159281,-0.7868751684716748,3.8550228441449677,0.0,0.0,0.0,0.0
1820,0.0,,1756139535.2093189,False,0.19938851840305094,-3.2658928999259054,-2.3153277612816523,3.960715694512969,0.0,0.0,0.0,0.0
1821,0.0,,1756139535.218783,False,0.08183508215198042,-4.722672438184316,-3.7721072995400626,3.987972001186074,0.0,0.0,0.0,0.0
1822,0.0,,1756139535.2289667,False,0.034613598169687745,-6.234593510897939,-5.284028372253686,3.996579153683827,0.0,0.0,0.0,0.0
1823,0.0,,1756139535.2391956,False,0.012465534697673152,-7.511315133936621,-6.799238410362561,3.9989820707169113,0.0,0.0,0.0,0.0
1824,0.0,,1756139535.2489479,False,0.004686814067194503,-7.852783998460354,-7.642327584483986,3.9994639961354697,0.0,0.0,0.0,0.0
1825,0.0,,1756139535.2594125,False,0.001990549431780135,-7.943030034081,-7.726228224182469,3.9989093970750336,0.0,0.0,0.0,0.0
1826,0.0,,1756139535.2694852,False,0.0011415649167832366,-7.922518506727909,-6.222496468754807,3.9937685879680194,0.0,0.0,0.0,0.0
1827,0.0,,1756139535.278993,False,0.0005731236605988179,-7.682481653476586,-4.762230588948729,3.986291399764357,0.0,0.0,0.0,0.0
1828,0.0,,1756139535.2902017,False,0.00022848061595770062,-6.130064338358178,-3.179917166283516,3.9678977618882567,0.0,0.0,0.0,0.0
1829,0.0,,1756139535.2997012,False,0.00010429379364883799,-4.670444749185052,-1.7202975771103894,3.968949798641656,0.0,0.0,0.0,0.0
1830,0.0,,1756139535.309113,False,4.899269655102596e-05,-3.2178625934005893,-0.2677154213259272,3.9819443638940015,0.0,0.0,0.0,0.0
1831,0.0,,1756139535.318995,False,2.4963397237549537e-05,-1.7284591505345726,1.2216880215400896,3.9874685622603,0.0,0.0,0.0,0.0
1832,0.0,,1756139535.3297617,False,3.073327681133909e-05,-0.17539510431610095,2.7747520677585613,3.992418595161838,0.0,0.0,0.0,0.0
1833,0.0,,1756139535.3396976,False,5.635091652128864e-05,1.318090952289402,4.268238124364064,3.9960190866383565,0.0,0.0,0.0,0.0
1834,0.0,,1756139535.3496256,False,0.000297101226760708,2.8109825971912583,2.775346479462208,3.9975122554781723,0.0,0.0,0.0,0.0
1835,0.0,,1756139535.359278,False,0.0018123582177810512,2.592029127152039,1.3036525176145786,3.9988966360476415,0.0,0.0,0.0,0.0
1836,0.0,,1756139535.36902,False,0.004816239230185027,1.113359693926518,-0.17501691561094224,3.9995850652794203,0.0,0.0,0.0,0.0
1837,0.0,,1756139535.379928,False,0.025811821999741708,-0.44923703936726744,-1.7376136489047278,3.999826869364499,0.0,0.0,0.0,0.0
1838,0.0,,1756139535.3894522,False,0.013721434780816569,-1.9108124869819687,-3.1991890965194294,3.999903597866874,0.0,0.0,0.0,0.0
1839,0.0,,1756139535.3990922,False,0.007156473069077691,-3.381535555957848,-4.669912165495308,3.999917048521358,0.0,0.0,0.0,0.0
1840,0.0,,1756139535.409174,False,0.004151286743294653,-4.885939399753522,-6.1743160092909815,3.99963549051587,0.0,0.0,0.0,0.0
1841,0.0,,1756139535.4191408,False,0.0019865677341040504,-6.381761368839227,-7.461340007028502,3.998881130799809,0.0,0.0,0.0,0.0
1842,0.0,,1756139535.4294226,False,0.0006890684593450622,-6.787859335594568,-6.734470860289411,3.998475085803854,0.0,0.0,0.0,0.0
1843,0.0,,1756139535.438891,False,0.00024953315347938797,-5.3307360302650135,-5.2773475549598565,3.9984959782244,0.0,0.0,0.0,0.0
1844,0.0,,1756139535.4494164,False,8.363896721050154e-05,-3.794336548760869,-3.7409480734557117,3.9855026640210216,0.0,0.0,0.0,0.0
1845,0.0,,1756139535.4592097,False,3.353725865224398e-05,-2.3117136526041344,-2.2583251772989765,3.9651582057357038,0.0,0.0,0.0,0.0
1846,0.0,,1756139535.4693654,False,1.4418447388054793e-05,-0.8018554716934911,-0.7484669963883332,3.9838135712467375,0.0,0.0,0.0,0.0
1847,0.0,,1756139535.479362,False,1.0797101625972291e-05,0.6962040034220615,0.7495924787272192,3.9934715503708835,0.0,0.0,0.0,0.0
1848,0.0,,1756139535.4898937,False,2.2611093116012213e-05,2.2330379800999802,2.2864264554051377,3.996826751793505,0.0,0.0,0.0,0.0
1849,0.0,,1756139535.5007641,False,5.9776427502714386e-05,3.7931113350133634,3.84649981031852,3.9978629317342045,0.0,0.0,0.0,0.0
1850,0.0,,1756139535.5095987,False,5.5765448197547326e-05,5.197409951782343,5.250798427087499,3.9990771537889147,0.0,0.0,0.0,0.0
1851,0.0,,1756139535.519461,False,0.0001706763398939082,6.685307073626687,3.7629013052431564,3.9995256128049963,0.0,0.0,0.0,0.0
1852,0.0,,1756139535.5292015,False,0.0011325208673902318,5.2067483352738,2.284342566890269,3.999724176807802,0.0,0.0,0.0,0.0
1853,0.0,,1756139535.5420659,False,0.009788279378840994,3.5282503847775013,0.6058446163939704,3.9998867593228784,0.0,0.0,0.0,0.0
1854,0.0,,1756139535.552866,False,0.016572552565220392,1.9729204923090982,-0.9494852760744328,3.999961292707086,0.0,0.0,0.0,0.0
1855,0.0,,1756139535.5603518,False,0.011995920717839805,0.6960805076288056,-2.2263252607547255,3.9999735530843283,0.0,0.0,0.0,0.0
1856,0.0,,1756139535.5694785,False,0.006375753351437483,-0.7330866651161607,-3.6554924334996914,3.9999846041240232,0.0,0.0,0.0,0.0
1857,0.0,,1756139535.579573,False,0.0028001597580367566,-2.2384266183878507,-5.160832386771381,3.999987273093977,0.0,0.0,0.0,0.0
1858,0.0,,1756139535.5890183,False,0.0013338981305641338,-3.693714355188844,-6.616120123572375,3.9999737516145064,0.0,0.0,0.0,0.0
1796,0.0,,1756139534.9705496,False,9.856305221852994,0.032220006361898146,-0.039759524847032025,0.08119204533044064,0.0,0.0,0.0,0.0
1797,0.0,,1756139534.9793353,False,9.712807234326014,0.048364311321095636,-0.034896466166954285,0.09120300803678973,0.0,0.0,0.0,0.0
1798,0.0,,1756139534.9897976,False,9.536388730596885,0.03027492607660305,-0.036536225511700444,0.0920442285288561,0.0,0.0,0.0,0.0
1799,0.0,,1756139535.0015833,False,9.46317016556837,0.01815863790186609,-0.030093707507593458,0.09641578884010944,0.0,0.0,0.0,0.0
1800,0.0,,1756139535.009708,False,9.334482195418047,0.009647405425783994,-0.034410429878206784,0.10160597092163207,0.0,0.0,0.0,0.0
1801,0.0,,1756139535.019602,False,9.225646011835764,-0.004006317315364185,-0.005248918098182104,0.10518610965511337,0.0,0.0,0.0,0.0
1802,0.0,,1756139535.0292995,False,9.077354054164973,-0.02462339345593422,0.011697535154222975,0.10797341694935617,0.0,0.0,0.0,0.0
1803,0.0,,1756139535.0393512,False,8.923930776175169,-0.04338120476524522,0.019407927914491994,0.10835713637549847,0.0,0.0,0.0,0.0
1804,0.0,,1756139535.0492942,False,8.753762137725806,-0.046222399019906546,0.02048769611655418,0.10889476546207166,0.0,0.0,0.0,0.0
1805,0.0,,1756139535.0589821,False,8.579366165770915,-0.04463920552194166,0.029144860730622436,0.11110034331347267,0.0,0.0,0.0,0.0
1806,0.0,,1756139535.0690975,False,8.376585192537409,-0.04691777244498217,0.0380425574797089,0.11012999628250048,0.0,0.0,0.0,0.0
1807,0.0,,1756139535.0791886,False,8.218716248144503,-0.05559718187063348,0.036367537368982114,0.10796717216928649,0.0,0.0,0.0,0.0
1808,0.0,,1756139535.0888174,False,8.03346242345316,-0.05740317901119425,0.04720701496376929,0.10436774054780115,0.0,0.0,0.0,0.0
1809,0.0,,1756139535.099104,False,7.794063905088089,-0.048212088273917306,0.07943033746963223,0.09411962060726033,0.0,0.0,0.0,0.0
1810,0.0,,1756139535.1096752,False,7.673829475757326,-0.13019743840367332,0.16282029474261966,0.1535742722277966,0.0,0.0,0.0,0.0
1811,0.0,,1756139535.11919,False,6.852735282822867,-0.18956433320569888,0.8159920541040393,0.5705231530041621,0.0,0.0,0.0,0.0
1812,0.0,,1756139535.1296124,False,6.436766756149092,-0.3478609876981523,0.602704150946102,0.5184552298761261,0.0,0.0,0.0,0.0
1813,0.0,,1756139535.139603,False,5.595011275553908,1.1497337761237834,2.1002989147680378,1.017653484483438,0.0,0.0,0.0,0.0
1814,0.0,,1756139535.1493282,False,4.764619763992481,2.627110530186928,3.577675668831182,1.5101124025044863,0.0,0.0,0.0,0.0
1815,0.0,,1756139535.1599553,False,3.897075723948136,4.170586565337526,5.12115170398178,2.0246044142213524,0.0,0.0,0.0,0.0
1816,0.0,,1756139535.16889,False,3.1029090296813315,2.757658570981266,3.7082237096255195,2.495580412340106,0.0,0.0,0.0,0.0
1817,0.0,,1756139535.1792614,False,2.245471870101709,1.2321640181155733,2.1827291567598266,3.0040785966286703,0.0,0.0,0.0,0.0
1818,0.0,,1756139535.1889884,False,1.4150076321256049,-0.2453421258955123,0.705223012748741,3.4965806446323655,0.0,0.0,0.0,0.0
1819,0.0,,1756139535.198906,False,0.5763416244914283,-1.7374403071159281,-0.7868751684716748,3.8550228441449677,0.0,0.0,0.0,0.0
1820,0.0,,1756139535.2093189,False,0.19938851840305094,-3.2658928999259054,-2.3153277612816523,3.960715694512969,0.0,0.0,0.0,0.0
1821,0.0,,1756139535.218783,False,0.08183508215198042,-4.722672438184316,-3.7721072995400626,3.987972001186074,0.0,0.0,0.0,0.0
1822,0.0,,1756139535.2289667,False,0.034613598169687745,-6.234593510897939,-5.284028372253686,3.996579153683827,0.0,0.0,0.0,0.0
1823,0.0,,1756139535.2391956,False,0.012465534697673152,-7.511315133936621,-6.799238410362561,3.9989820707169113,0.0,0.0,0.0,0.0
1824,0.0,,1756139535.2489479,False,0.004686814067194503,-7.852783998460354,-7.642327584483986,3.9994639961354697,0.0,0.0,0.0,0.0
1825,0.0,,1756139535.2594125,False,0.001990549431780135,-7.943030034081,-7.726228224182469,3.9989093970750336,0.0,0.0,0.0,0.0
1826,0.0,,1756139535.2694852,False,0.0011415649167832366,-7.922518506727909,-6.222496468754807,3.9937685879680194,0.0,0.0,0.0,0.0
1827,0.0,,1756139535.278993,False,0.0005731236605988179,-7.682481653476586,-4.762230588948729,3.986291399764357,0.0,0.0,0.0,0.0
1828,0.0,,1756139535.2902017,False,0.00022848061595770062,-6.130064338358178,-3.179917166283516,3.9678977618882567,0.0,0.0,0.0,0.0
1829,0.0,,1756139535.2997012,False,0.00010429379364883799,-4.670444749185052,-1.7202975771103894,3.968949798641656,0.0,0.0,0.0,0.0
1830,0.0,,1756139535.309113,False,4.899269655102596e-05,-3.2178625934005893,-0.2677154213259272,3.9819443638940015,0.0,0.0,0.0,0.0
1831,0.0,,1756139535.318995,False,2.4963397237549537e-05,-1.7284591505345726,1.2216880215400896,3.9874685622603,0.0,0.0,0.0,0.0
1832,0.0,,1756139535.3297617,False,3.073327681133909e-05,-0.17539510431610095,2.7747520677585613,3.992418595161838,0.0,0.0,0.0,0.0
1833,0.0,,1756139535.3396976,False,5.635091652128864e-05,1.318090952289402,4.268238124364064,3.9960190866383565,0.0,0.0,0.0,0.0
1834,0.0,,1756139535.3496256,False,0.000297101226760708,2.8109825971912583,2.775346479462208,3.9975122554781723,0.0,0.0,0.0,0.0
1835,0.0,,1756139535.359278,False,0.0018123582177810512,2.592029127152039,1.3036525176145786,3.9988966360476415,0.0,0.0,0.0,0.0
1836,0.0,,1756139535.36902,False,0.004816239230185027,1.113359693926518,-0.17501691561094224,3.9995850652794203,0.0,0.0,0.0,0.0
1837,0.0,,1756139535.379928,False,0.025811821999741708,-0.44923703936726744,-1.7376136489047278,3.999826869364499,0.0,0.0,0.0,0.0
1838,0.0,,1756139535.3894522,False,0.013721434780816569,-1.9108124869819687,-3.1991890965194294,3.999903597866874,0.0,0.0,0.0,0.0
1839,0.0,,1756139535.3990922,False,0.007156473069077691,-3.381535555957848,-4.669912165495308,3.999917048521358,0.0,0.0,0.0,0.0
1840,0.0,,1756139535.409174,False,0.004151286743294653,-4.885939399753522,-6.1743160092909815,3.99963549051587,0.0,0.0,0.0,0.0
1841,0.0,,1756139535.4191408,False,0.0019865677341040504,-6.381761368839227,-7.461340007028502,3.998881130799809,0.0,0.0,0.0,0.0
1842,0.0,,1756139535.4294226,False,0.0006890684593450622,-6.787859335594568,-6.734470860289411,3.998475085803854,0.0,0.0,0.0,0.0
1843,0.0,,1756139535.438891,False,0.00024953315347938797,-5.3307360302650135,-5.2773475549598565,3.9984959782244,0.0,0.0,0.0,0.0
1844,0.0,,1756139535.4494164,False,8.363896721050154e-05,-3.794336548760869,-3.7409480734557117,3.9855026640210216,0.0,0.0,0.0,0.0
1845,0.0,,1756139535.4592097,False,3.353725865224398e-05,-2.3117136526041344,-2.2583251772989765,3.9651582057357038,0.0,0.0,0.0,0.0
1846,0.0,,1756139535.4693654,False,1.4418447388054793e-05,-0.8018554716934911,-0.7484669963883332,3.9838135712467375,0.0,0.0,0.0,0.0
1847,0.0,,1756139535.479362,False,1.0797101625972291e-05,0.6962040034220615,0.7495924787272192,3.9934715503708835,0.0,0.0,0.0,0.0
1848,0.0,,1756139535.4898937,False,2.2611093116012213e-05,2.2330379800999802,2.2864264554051377,3.996826751793505,0.0,0.0,0.0,0.0
1849,0.0,,1756139535.5007641,False,5.9776427502714386e-05,3.7931113350133634,3.84649981031852,3.9978629317342045,0.0,0.0,0.0,0.0
1850,0.0,,1756139535.5095987,False,5.5765448197547326e-05,5.197409951782343,5.250798427087499,3.9990771537889147,0.0,0.0,0.0,0.0
1851,0.0,,1756139535.519461,False,0.0001706763398939082,6.685307073626687,3.7629013052431564,3.9995256128049963,0.0,0.0,0.0,0.0
1852,0.0,,1756139535.5292015,False,0.0011325208673902318,5.2067483352738,2.284342566890269,3.999724176807802,0.0,0.0,0.0,0.0
1853,0.0,,1756139535.5420659,False,0.009788279378840994,3.5282503847775013,0.6058446163939704,3.9998867593228784,0.0,0.0,0.0,0.0
1854,0.0,,1756139535.552866,False,0.016572552565220392,1.9729204923090982,-0.9494852760744328,3.999961292707086,0.0,0.0,0.0,0.0
1855,0.0,,1756139535.5603518,False,0.011995920717839805,0.6960805076288056,-2.2263252607547255,3.9999735530843283,0.0,0.0,0.0,0.0
1856,0.0,,1756139535.5694785,False,0.006375753351437483,-0.7330866651161607,-3.6554924334996914,3.9999846041240232,0.0,0.0,0.0,0.0
1857,0.0,,1756139535.579573,False,0.0028001597580367566,-2.2384266183878507,-5.160832386771381,3.999987273093977,0.0,0.0,0.0,0.0
1858,0.0,,1756139535.5890183,False,0.0013338981305641338,-3.693714355188844,-6.616120123572375,3.9999737516145064,0.0,0.0,0.0,0.0
1859,0.0,,1756139535.5999022,False,0.000699702188749504,-5.254683438948096,-6.790800741859474,3.999921525866779,0.0,0.0,0.0,0.0
1860,0.0,,1756139535.608904,False,0.0004641872924505857,-3.8360423118350466,-5.372159614746426,3.9998173861186084,0.0,0.0,0.0,0.0
1861,0.0,,1756139535.6192632,False,0.0007766743819357354,-2.311417697024971,-3.8475349999363506,3.9970534656823213,0.0,0.0,0.0,0.0
1862,0.0,,1756139535.629104,False,0.000680291854077168,-0.8251581738862072,-2.3612754767975863,3.993806133822021,0.0,0.0,0.0,0.0
1863,0.0,,1756139535.638707,False,0.0009558990824057208,0.6426618971670736,-0.8934554057443055,3.99306273676065,0.0,0.0,0.0,0.0
1864,0.0,,1756139535.6489205,False,0.0012878152593828085,2.156760296394563,0.6206429934831839,3.9969008396979135,0.0,0.0,0.0,0.0
1865,0.0,,1756139535.658761,False,0.0012851423022927867,3.643001599176495,2.1068842962651164,3.998748347603957,0.0,0.0,0.0,0.0
1866,0.0,,1756139535.6687405,False,0.003470680989545747,5.139773294167476,3.603655991256097,3.999065917138738,0.0,0.0,0.0,0.0
1867,0.0,,1756139535.6802123,False,0.003753873735241404,6.738732664149379,5.202615361238,3.9996519898670746,0.0,0.0,0.0,0.0
1859,0.0,,1756139535.5999022,False,0.000699702188749504,-5.254683438948096,-6.790800741859474,3.999921525866779,0.0,0.0,0.0,0.0
1860,0.0,,1756139535.608904,False,0.0004641872924505857,-3.8360423118350466,-5.372159614746426,3.9998173861186084,0.0,0.0,0.0,0.0
1861,0.0,,1756139535.6192632,False,0.0007766743819357354,-2.311417697024971,-3.8475349999363506,3.9970534656823213,0.0,0.0,0.0,0.0
1862,0.0,,1756139535.629104,False,0.000680291854077168,-0.8251581738862072,-2.3612754767975863,3.993806133822021,0.0,0.0,0.0,0.0
1863,0.0,,1756139535.638707,False,0.0009558990824057208,0.6426618971670736,-0.8934554057443055,3.99306273676065,0.0,0.0,0.0,0.0
1864,0.0,,1756139535.6489205,False,0.0012878152593828085,2.156760296394563,0.6206429934831839,3.9969008396979135,0.0,0.0,0.0,0.0
1865,0.0,,1756139535.658761,False,0.0012851423022927867,3.643001599176495,2.1068842962651164,3.998748347603957,0.0,0.0,0.0,0.0
1866,0.0,,1756139535.6687405,False,0.003470680989545747,5.139773294167476,3.603655991256097,3.999065917138738,0.0,0.0,0.0,0.0
1867,0.0,,1756139535.6802123,False,0.003753873735241404,6.738732664149379,5.202615361238,3.9996519898670746,0.0,0.0,0.0,0.0
1868,0.0,,1756139535.6887722,False,0.01372217081151061,5.920516083148544,3.822550936988474,3.9997964700484263,0.0,0.0,0.0,0.0
1868,0.0,,1756139535.6887722,False,0.01372217081151061,5.920516083148544,3.822550936988474,3.9997964700484263,0.0,0.0,0.0,0.0
