header_seq,header_stamp,header_frame_id,t,is_single_rotor_thrust,collective_thrust,bodyrates_x,bodyrates_y,bodyrates_z,thrusts_0,thrusts_1,thrusts_2,thrusts_3
9400,94.011,,94.01100000000345,False,8.36181446927479,-1.1459439143345533e-05,-7.43203014200461e-06,7.866768430630636e-05,nan,nan,nan,nan
9401,94.023,,94.02300000000345,False,8.361814469274846,-1.1456918385044145e-05,-7.4303952904389415e-06,7.865037472104642e-05,nan,nan,nan,nan
9402,94.032,,94.03200000000345,False,8.361814469274885,-1.145502747056078e-05,-7.429168932891115e-06,7.863739487464282e-05,nan,nan,nan,nan
9403,94.041,,94.04100000000345,False,8.361814469274924,-1.1453136359357984e-05,-7.427942466978066e-06,7.862441707030144e-05,nan,nan,nan,nan
9404,94.05,,94.05000000000345,False,8.361814469274961,-1.1451244407031381e-05,-7.4267154755304915e-06,7.861144115688579e-05,nan,nan,nan,nan
9405,94.062,,94.06200000000345,False,8.361814469275009,-1.1448719949473176e-05,-7.425078328665618e-06,7.859414273108035e-05,nan,nan,nan,nan
9406,94.071,,94.07100000000345,False,8.361814469275043,-1.1446827696539571e-05,-7.423851143684623e-06,7.858117148358415e-05,nan,nan,nan,nan
9407,94.08,,94.08000000000345,False,8.361814469275076,-1.144493810318527e-05,-7.422625615816781e-06,7.85682027677062e-05,nan,nan,nan,nan
9408,94.092,,94.09200000000345,False,8.361814469275076,-1.1442420582958514e-05,-7.4209927971762885e-06,7.855091461195869e-05,nan,nan,nan,nan
9409,94.101,,94.10100000000345,False,8.361814469275062,-1.1440532947088391e-05,-7.419768511089255e-06,7.853795093957024e-05,nan,nan,nan,nan
9410,94.11,,94.11000000000345,False,8.361814469275048,-1.1438647211722591e-05,-7.4185454209917996e-06,7.852498970714216e-05,nan,nan,nan,nan
9411,94.122,,94.12200000000345,False,8.361814469275027,-1.1436133573644231e-05,-7.416915096040913e-06,7.85077114172211e-05,nan,nan,nan,nan
9412,94.131,,94.13100000000345,False,8.361814469275007,-1.14342479432454e-05,-7.415692124155178e-06,7.849475507810667e-05,nan,nan,nan,nan
9413,94.14,,94.14000000000345,False,8.36181446927499,-1.1432363505822194e-05,-7.414469938501698e-06,7.848180113416917e-05,nan,nan,nan,nan
9414,94.152,,94.15200000000345,False,8.361814469274963,-1.142985071774342e-05,-7.412840252284096e-06,7.84645325073467e-05,nan,nan,nan,nan
9415,94.161,,94.16100000000345,False,8.361814469274943,-1.1427965228755438e-05,-7.411617453762265e-06,7.84515833830567e-05,nan,nan,nan,nan
9416,94.17,,94.17000000000345,False,8.361814469274925,-1.1426080671983674e-05,-7.410395264856591e-06,7.843863663168523e-05,nan,nan,nan,nan
9417,94.182,,94.18200000000346,False,8.361814469274902,-1.142356751335411e-05,-7.40876541447555e-06,7.842137756755053e-05,nan,nan,nan,nan
9418,94.191,,94.19100000000346,False,8.361814469274886,-1.1421681733212884e-05,-7.407542473955458e-06,7.840843559893298e-05,nan,nan,nan,nan
9419,94.2,,94.20000000000346,False,8.361814469274869,-1.141979696474997e-05,-7.406320177030518e-06,7.839549599182069e-05,nan,nan,nan,nan
9420,94.212,,94.21200000000346,False,8.361814469274847,-1.1417283774021889e-05,-7.404690332739036e-06,7.83782464392195e-05,nan,nan,nan,nan
9421,94.221,,94.22100000000346,False,8.361814469274835,-1.1415398209880828e-05,-7.403467514451228e-06,7.836531159571592e-05,nan,nan,nan,nan
9422,94.23,,94.23000000000346,False,8.361814469274822,-1.1413513888619372e-05,-7.402245473518615e-06,7.835237910755759e-05,nan,nan,nan,nan
9423,94.242,,94.24200000000346,False,8.361814469274806,-1.1411001611137106e-05,-7.4006161586247345e-06,7.833513903918293e-05,nan,nan,nan,nan
9424,94.251,,94.25100000000346,False,8.361814469274794,-1.140911695922135e-05,-7.399393889719127e-06,7.832221130410946e-05,nan,nan,nan,nan
9425,94.26,,94.26000000000346,False,8.361814469274785,-1.1407233704154215e-05,-7.398172487893541e-06,7.830928592078238e-05,nan,nan,nan,nan
9426,94.272,,94.27200000000346,False,8.361814469274773,-1.140472305139276e-05,-7.396544170384346e-06,7.829205532095873e-05,nan,nan,nan,nan
9427,94.281,,94.28100000000346,False,8.361814469274766,-1.1402839710805318e-05,-7.395322708344745e-06,7.827913468443282e-05,nan,nan,nan,nan
9428,94.29,,94.29000000000346,False,8.361814469274758,-1.1400957815680188e-05,-7.394102158745518e-06,7.826621639732897e-05,nan,nan,nan,nan
9429,94.302,,94.30200000000346,False,8.36181446927475,-1.1398448997702703e-05,-7.392474999871605e-06,7.824899525615643e-05,nan,nan,nan,nan
9430,94.311,,94.31100000000346,False,8.361814469274744,-1.1396567023252237e-05,-7.391254421926295e-06,7.823608171169588e-05,nan,nan,nan,nan
9431,94.32,,94.32000000000346,False,8.361814469274739,-1.1394686456658733e-05,-7.390034728662553e-06,7.822317051497775e-05,nan,nan,nan,nan
9432,94.332,,94.33200000000346,False,8.361814469274732,-1.1392179344899358e-05,-7.388408694950923e-06,7.820595882547754e-05,nan,nan,nan,nan
9433,94.341,,94.34100000000346,False,8.36181446927473,-1.1390298589082285e-05,-7.387188917927428e-06,7.819305236833561e-05,nan,nan,nan,nan
9434,94.35,,94.35000000000346,False,8.361814469274726,-1.1388419189066425e-05,-7.385970006297972e-06,7.81801482575942e-05,nan,nan,nan,nan
9435,94.362,,94.36200000000346,False,8.361814469274723,-1.1385913557297545e-05,-7.3843449663219e-06,7.816294601431529e-05,nan,nan,nan,nan
9436,94.371,,94.37100000000346,False,8.36181446927472,-1.1384033860758254e-05,-7.383125896299608e-06,7.815004664066427e-05,nan,nan,nan,nan
9437,94.38,,94.38000000000346,False,8.361814469274718,-1.138215549290099e-05,-7.381907674399154e-06,7.81371496122552e-05,nan,nan,nan,nan
9438,94.392,,94.39200000000346,False,8.361814469274716,-1.1379651206273595e-05,-7.3802835203292415e-06,7.811995681057244e-05,nan,nan,nan,nan
9439,94.401,,94.40100000000346,False,8.361814469274712,-1.1377772501208106e-05,-7.379065111703084e-06,7.810706451708829e-05,nan,nan,nan,nan
9440,94.41,,94.41000000000346,False,8.361814469274712,-1.1375895124913846e-05,-7.377847543850695e-06,7.80941745677921e-05,nan,nan,nan,nan
9441,94.422,,94.42200000000346,False,8.36181446927471,-1.1373392149724088e-05,-7.3762242437242925e-06,7.807699120355115e-05,nan,nan,nan,nan
9442,94.431,,94.43100000000346,False,8.36181446927471,-1.1371514442439215e-05,-7.3750064824059415e-06,7.806410598720397e-05,nan,nan,nan,nan
9443,94.44,,94.44000000000347,False,8.36181446927471,-1.1369638068580217e-05,-7.373789560026234e-06,7.805122311404844e-05,nan,nan,nan,nan
9444,94.452,,94.45200000000347,False,8.361814469274709,-1.1367136459365807e-05,-7.372167139818261e-06,7.803404918335744e-05,nan,nan,nan,nan
9445,94.461,,94.46100000000347,False,8.361814469274709,-1.1365259793762412e-05,-7.370950048828324e-06,7.802117104127324e-05,nan,nan,nan,nan
9446,94.47,,94.47000000000347,False,8.361814469274709,-1.1363384461482423e-05,-7.369733792348049e-06,7.800829524141931e-05,nan,nan,nan,nan
9447,94.482,,94.48200000000347,False,8.361814469274709,-1.1360884260820726e-05,-7.368112280109632e-06,7.799113074053958e-05,nan,nan,nan,nan
9448,94.491,,94.49100000000347,False,8.361814469274709,-1.1359008656064778e-05,-7.366895868318712e-06,7.797825966994412e-05,nan,nan,nan,nan
9449,94.5,,94.50000000000347,False,8.361814469274709,-1.1357134398901853e-05,-7.365680305079125e-06,7.796539094063615e-05,nan,nan,nan,nan
9450,94.512,,94.51200000000347,False,8.361814469274709,-1.135463562572246e-05,-7.364059717422794e-06,7.794823586591392e-05,nan,nan,nan,nan
9451,94.521,,94.52100000000347,False,8.361814469274707,-1.1352761087433208e-05,-7.362843992536086e-06,7.793537186407369e-05,nan,nan,nan,nan
9452,94.53,,94.53000000000347,False,8.361814469274709,-1.135088789904406e-05,-7.361629126184883e-06,7.792251020258243e-05,nan,nan,nan,nan
9453,94.542,,94.54200000000347,False,8.361814469274707,-1.1348390543223085e-05,-7.360009451523515e-06,7.790536455038427e-05,nan,nan,nan,nan
9454,94.551,,94.55100000000347,False,8.361814469274709,-1.134651706404483e-05,-7.358794419690031e-06,7.789250761457997e-05,nan,nan,nan,nan
9455,94.56,,94.56000000000347,False,8.361814469274707,-1.134464492349727e-05,-7.35758023257548e-06,7.787965301818705e-05,nan,nan,nan,nan
9456,94.572,,94.57200000000347,False,8.361814469274707,-1.1342148961820693e-05,-7.35596146405738e-06,7.78625167848791e-05,nan,nan,nan,nan
9457,94.581,,94.58100000000347,False,8.361814469274709,-1.1340276529372661e-05,-7.354747109689286e-06,7.784966691237105e-05,nan,nan,nan,nan
9458,94.59,,94.59000000000347,False,8.361814469274707,-1.1338405419741998e-05,-7.353533591251796e-06,7.783681937832258e-05,nan,nan,nan,nan
9459,94.602,,94.60200000000347,False,8.361814469274707,-1.1335910832029976e-05,-7.351915720634365e-06,7.781969256021383e-05,nan,nan,nan,nan
9460,94.611,,94.61100000000347,False,8.361814469274709,-1.1334039422938726e-05,-7.350702034527201e-06,7.780684974822133e-05,nan,nan,nan,nan
9461,94.62,,94.62000000000347,False,8.36181446927471,-1.1332169344375646e-05,-7.349489182060587e-06,7.77940092737249e-05,nan,nan,nan,nan
9462,94.632,,94.63200000000347,False,8.36181446927471,-1.132967612547194e-05,-7.347872200815906e-06,7.77768918670705e-05,nan,nan,nan,nan
9463,94.641,,94.64100000000347,False,8.361814469274709,-1.132780573433378e-05,-7.346659172907403e-06,7.776405611276611e-05,nan,nan,nan,nan
9464,94.65,,94.65000000000347,False,8.36181446927471,-1.1325936678052716e-05,-7.345446988277573e-06,7.775122269497693e-05,nan,nan,nan,nan
9465,94.662,,94.66200000000347,False,8.36181446927471,-1.1323444815113142e-05,-7.343830888168444e-06,7.773411469595285e-05,nan,nan,nan,nan
9466,94.671,,94.67100000000347,False,8.361814469274712,-1.1321575452104766e-05,-7.342618522586013e-06,7.772128599644324e-05,nan,nan,nan,nan
9467,94.68,,94.68000000000347,False,8.36181446927471,-1.1319707412965318e-05,-7.341407005299237e-06,7.770845963244709e-05,nan,nan,nan,nan
9468,94.692,,94.69200000000347,False,8.36181446927471,-1.1317216912101462e-05,-7.339791781085341e-06,7.76913610371362e-05,nan,nan,nan,nan
9469,94.701,,94.70100000000348,False,8.36181446927471,-1.1315348572809804e-05,-7.3385800834623785e-06,7.767853938945942e-05,nan,nan,nan,nan
9470,94.71,,94.71000000000348,False,8.36181446927471,-1.1313481557103257e-05,-7.337369223281148e-06,7.766572007627195e-05,nan,nan,nan,nan
9471,94.722,,94.72200000000348,False,8.36181446927471,-1.1310992419481699e-05,-7.335754886044481e-06,7.764863088066043e-05,nan,nan,nan,nan
9472,94.731,,94.73100000000348,False,8.36181446927471,-1.1309125099217318e-05,-7.334543851384932e-06,7.76358162817813e-05,nan,nan,nan,nan
9473,94.74,,94.74000000000348,False,8.361814469274709,-1.1307259107314174e-05,-7.333333648562139e-06,7.762300401634508e-05,nan,nan,nan,nan
9474,94.752,,94.75200000000348,False,8.36181446927471,-1.1304771338446821e-05,-7.33172019328269e-06,7.760592421632085e-05,nan,nan,nan,nan
9475,94.761,,94.76100000000348,False,8.36181446927471,-1.1302905037197726e-05,-7.330509821733675e-06,7.75931166631262e-05,nan,nan,nan,nan
9476,94.77,,94.77000000000348,False,8.36181446927471,-1.1301040069062305e-05,-7.329300281702657e-06,7.758031144230512e-05,nan,nan,nan,nan
9477,94.782,,94.78200000000348,False,8.36181446927471,-1.129855365824387e-05,-7.3276877138695665e-06,7.75632410336496e-05,nan,nan,nan,nan
9478,94.791,,94.79100000000348,False,8.36181446927471,-1.1296688381239506e-05,-7.3264780003496026e-06,7.755044052294901e-05,nan,nan,nan,nan
9479,94.8,,94.80000000000348,False,8.36181446927471,-1.1294824431433355e-05,-7.325269123457367e-06,7.7537642343528e-05,nan,nan,nan,nan
9480,94.812,,94.81200000000348,False,8.361814469274712,-1.1292339383800348e-05,-7.323657438344743e-06,7.752058132191495e-05,nan,nan,nan,nan
9481,94.821,,94.82100000000348,False,8.361814469274712,-1.1290475131010877e-05,-7.32244838328678e-06,7.750778785043469e-05,nan,nan,nan,nan
9482,94.83,,94.83000000000348,False,8.361814469274712,-1.128861219967644e-05,-7.321240169906183e-06,7.749499670911765e-05,nan,nan,nan,nan
9483,94.842,,94.84200000000348,False,8.361814469274714,-1.1286128510483325e-05,-7.319629362674767e-06,7.747794507012175e-05,nan,nan,nan,nan
9484,94.851,,94.85100000000348,False,8.361814469274712,-1.1284265277266756e-05,-7.318420971799693e-06,7.746515863451955e-05,nan,nan,nan,nan
9485,94.86,,94.86000000000348,False,8.361814469274712,-1.1282403370482894e-05,-7.317213422467574e-06,7.745237452794261e-05,nan,nan,nan,nan
9486,94.872,,94.87200000000348,False,8.361814469274712,-1.1279921040775449e-05,-7.315603494046806e-06,7.743533226703948e-05,nan,nan,nan,nan
9487,94.881,,94.88100000000348,False,8.361814469274714,-1.127805882795382e-05,-7.314395768245049e-06,7.742255286389318e-05,nan,nan,nan,nan
9488,94.89,,94.89000000000348,False,8.361814469274712,-1.1276197941370185e-05,-7.313188878680622e-06,7.740977578861177e-05,nan,nan,nan,nan
9489,94.902,,94.90200000000348,False,8.361814469274712,-1.1273716972683711e-05,-7.311579835908126e-06,7.739274290117949e-05,nan,nan,nan,nan
9490,94.911,,94.91100000000348,False,8.361814469274712,-1.127185578686595e-05,-7.310372776341815e-06,7.737997052700011e-05,nan,nan,nan,nan
9491,94.92,,94.92000000000348,False,8.361814469274712,-1.1269995916532905e-05,-7.309166547658185e-06,7.736720047950442e-05,nan,nan,nan,nan
9492,94.932,,94.93200000000348,False,8.36181446927471,-1.1267516316050409e-05,-7.307558391873223e-06,7.735017696083133e-05,nan,nan,nan,nan
9493,94.941,,94.94100000000348,False,8.361814469274712,-1.1265656148016347e-05,-7.3063519941217036e-06,7.73374116120632e-05,nan,nan,nan,nan
9494,94.95,,94.95000000000348,False,8.361814469274712,-1.126379730587784e-05,-7.30514642706562e-06,7.732464858878186e-05,nan,nan,nan,nan
9495,94.962,,94.96200000000348,False,8.361814469274712,-1.1261319059236169e-05,-7.303539159058919e-06,7.730763443407901e-05,nan,nan,nan,nan
9496,94.971,,94.97100000000349,False,8.361814469274712,-1.1259459915299448e-05,-7.3023334289009865e-06,7.729487610710874e-05,nan,nan,nan,nan
9497,94.98,,94.98000000000349,False,8.36181446927471,-1.1257602091583834e-05,-7.301128523886336e-06,7.72821201044085e-05,nan,nan,nan,nan
9498,94.992,,94.99200000000349,False,8.36181446927471,-1.1255125215564512e-05,-7.29952213886435e-06,7.726511530880718e-05,nan,nan,nan,nan
9499,95.001,,95.00100000000349,False,8.361814469274712,-1.1253267090910389e-05,-7.298317071293855e-06,7.725236399996888e-05,nan,nan,nan,nan
9500,95.01,,95.01000000000349,False,8.36181446927471,-1.1251410291432725e-05,-7.297112828507683e-06,7.723961501417154e-05,nan,nan,nan,nan
9501,95.022,,95.02200000000349,False,8.36181446927471,-1.1248934776288764e-05,-7.295507326488481e-06,7.722261957274337e-05,nan,nan,nan,nan
9502,95.031,,95.03100000000349,False,8.36181446927471,-1.124707767696993e-05,-7.2943029213815355e-06,7.720987527832086e-05,nan,nan,nan,nan
9503,95.04,,95.04000000000349,False,8.361814469274712,-1.1245221902420624e-05,-7.293099340673144e-06,7.719713330569489e-05,nan,nan,nan,nan
9504,95.052,,95.05200000000349,False,8.36181446927471,-1.124274774884341e-05,-7.291494721449168e-06,7.718014721344333e-05,nan,nan,nan,nan
9505,95.061,,95.06100000000349,False,8.361814469274712,-1.1240891675248836e-05,-7.29029097875534e-06,7.716740992967499e-05,nan,nan,nan,nan
9506,95.07,,95.07000000000349,False,8.36181446927471,-1.1239036915308172e-05,-7.2890880602049774e-06,7.715467496644785e-05,nan,nan,nan,nan
9507,95.082,,95.08200000000349,False,8.36181446927471,-1.1236564123556476e-05,-7.287484324173931e-06,7.713769821832572e-05,nan,nan,nan,nan
9508,95.091,,95.09100000000349,False,8.361814469274712,-1.1234709070427348e-05,-7.28628124430458e-06,7.712496794141265e-05,nan,nan,nan,nan
9509,95.1,,95.10000000000349,False,8.361814469274712,-1.1232855335626005e-05,-7.285078988315798e-06,7.711223998377461e-05,nan,nan,nan,nan
9510,95.112,,95.11200000000349,False,8.361814469274712,-1.1230383905492143e-05,-7.2834761359283855e-06,7.709527257468768e-05,nan,nan,nan,nan
9511,95.121,,95.12100000000349,False,8.36181446927471,-1.1228529872691354e-05,-7.282273719180657e-06,7.708254930079978e-05,nan,nan,nan,nan
9512,95.13,,95.13000000000349,False,8.361814469274712,-1.1226677157710358e-05,-7.281072126055913e-06,7.70698283449127e-05,nan,nan,nan,nan
9513,95.142,,95.14200000000349,False,8.361814469274712,-1.1224207089314802e-05,-7.279470157671954e-06,7.70528702697304e-05,nan,nan,nan,nan
9514,95.151,,95.15100000000349,False,8.36181446927471,-1.1222354076955402e-05,-7.278268404239118e-06,7.704015399500999e-05,nan,nan,nan,nan
9515,95.16,,95.16000000000349,False,8.36181446927471,-1.12205023818468e-05,-7.277067474051819e-06,7.702744003700898e-05,nan,nan,nan,nan
9516,95.172,,95.1720000000035,False,8.361814469274712,-1.1218033675150762e-05,-7.275466389554738e-06,7.701049129057053e-05,nan,nan,nan,nan
9517,95.181,,95.1810000000035,False,8.361814469274712,-1.1216181683163354e-05,-7.274265299202639e-06,7.699778201114126e-05,nan,nan,nan,nan
9518,95.19,,95.1900000000035,False,8.361814469274712,-1.1214331007843928e-05,-7.27306503162444e-06,7.698507504714406e-05,nan,nan,nan,nan
9519,95.202,,95.2020000000035,False,8.361814469274712,-1.121186365739226e-05,-7.27146482511456e-06,7.696813562426048e-05,nan,nan,nan,nan
9520,95.211,,95.2110000000035,False,8.361814469274712,-1.1210012680270607e-05,-7.27026439190677e-06,7.695543333622461e-05,nan,nan,nan,nan
9521,95.22,,95.2200000000035,False,8.361814469274712,-1.1208163024450002e-05,-7.269064786151905e-06,7.694273336233e-05,nan,nan,nan,nan
9522,95.232,,95.2320000000035,False,8.361814469274712,-1.1205697035028887e-05,-7.2674654617979815e-06,7.692580325779857e-05,nan,nan,nan,nan
9523,95.241,,95.2410000000035,False,8.361814469274712,-1.1203847077660258e-05,-7.2662656850264445e-06,7.69131079572509e-05,nan,nan,nan,nan
9524,95.25,,95.2500000000035,False,8.36181446927471,-1.1201998435670427e-05,-7.2650667406380125e-06,7.690041496955176e-05,nan,nan,nan,nan
9525,95.262,,95.2620000000035,False,8.361814469274712,-1.1199533796433458e-05,-7.263468292868022e-06,7.688349417815612e-05,nan,nan,nan,nan
9526,95.271,,95.2710000000035,False,8.361814469274712,-1.119768486414848e-05,-7.26226917779265e-06,7.68708058611788e-05,nan,nan,nan,nan
9527,95.28,,95.2800000000035,False,8.361814469274712,-1.1195837241404271e-05,-7.261070894782217e-06,7.685811985575134e-05,nan,nan,nan,nan
9528,95.292,,95.2920000000035,False,8.361814469274712,-1.1193373963101206e-05,-7.259473323731572e-06,7.684120837225255e-05,nan,nan,nan,nan
9529,95.301,,95.3010000000035,False,8.36181446927471,-1.1191526040101749e-05,-7.25827486529576e-06,7.682852703491359e-05,nan,nan,nan,nan
9530,95.31,,95.3100000000035,False,8.361814469274712,-1.1189679431455745e-05,-7.257077238686495e-06,7.681584800782564e-05,nan,nan,nan,nan
9531,95.322,,95.3220000000035,False,8.361814469274712,-1.11872175089873e-05,-7.2554805500754454e-06,7.679894582698217e-05,nan,nan,nan,nan
9532,95.331,,95.3310000000035,False,8.361814469274712,-1.118537061115289e-05,-7.254282748406246e-06,7.67862714653515e-05,nan,nan,nan,nan
9533,95.34,,95.3400000000035,False,8.361814469274712,-1.1183525021686573e-05,-7.2530857834941885e-06,7.677359941267523e-05,nan,nan,nan,nan
9534,95.352,,95.3520000000035,False,8.361814469274712,-1.1181064454634465e-05,-7.251489971992785e-06,7.675670652925248e-05,nan,nan,nan,nan
9535,95.361,,95.3610000000035,False,8.36181446927471,-1.11792185658928e-05,-7.250292832564584e-06,7.674403913940314e-05,nan,nan,nan,nan
9536,95.37,,95.3700000000035,False,8.361814469274712,-1.1177373990258785e-05,-7.24909652438744e-06,7.673137405720613e-05,nan,nan,nan,nan
9537,95.382,,95.3820000000035,False,8.36181446927471,-1.1174914773104676e-05,-7.2475015905210495e-06,7.671449046595272e-05,nan,nan,nan,nan
9538,95.391,,95.3910000000035,False,8.361814469274712,-1.1173069898244395e-05,-7.2463051135514995e-06,7.670183004394505e-05,nan,nan,nan,nan
9539,95.4,,95.4000000000035,False,8.36181446927471,-1.1171226335716149e-05,-7.245109456778649e-06,7.66891719282914e-05,nan,nan,nan,nan
9540,95.412,,95.4120000000035,False,8.361814469274712,-1.11687684729287e-05,-7.2435154002582884e-06,7.667229762396446e-05,nan,nan,nan,nan
9541,95.421,,95.4210000000035,False,8.36181446927471,-1.1166924617003846e-05,-7.242319580162467e-06,7.665964416586733e-05,nan,nan,nan,nan
9542,95.43,,95.4300000000035,False,8.36181446927473,-1.1165082072959754e-05,-7.241124585146266e-06,7.664699301282736e-05,nan,nan,nan,nan
9543,95.442,,95.4420000000035,False,8.361814469274783,-1.1162625564922806e-05,-7.239531405695571e-06,7.663012799019277e-05,nan,nan,nan,nan
9544,95.451,,95.4510000000035,False,8.361814469274822,-1.1160782722949325e-05,-7.2383362423967305e-06,7.661748149208525e-05,nan,nan,nan,nan
9545,95.46,,95.4600000000035,False,8.361814469274861,-1.1158941192327514e-05,-7.2371419092077145e-06,7.660483729774115e-05,nan,nan,nan,nan
9546,95.472,,95.4720000000035,False,8.361814469274913,-1.115648603378798e-05,-7.235549601739478e-06,7.658798155157891e-05,nan,nan,nan,nan
9547,95.481,,95.4810000000035,False,8.361814469274952,-1.1154644205560617e-05,-7.234355095362623e-06,7.657534200954974e-05,nan,nan,nan,nan
9548,95.49,,95.4900000000035,False,8.36181446927499,-1.1152803687933286e-05,-7.2331614186759815e-06,7.656270476999253e-05,nan,nan,nan,nan
9549,95.502,,95.5020000000035,False,8.361814469275036,-1.1150349878073316e-05,-7.231569993474424e-06,7.654585829509279e-05,nan,nan,nan,nan
9550,95.511,,95.5110000000035,False,8.361814469275068,-1.1148509062887629e-05,-7.23037613831235e-06,7.65332257052343e-05,nan,nan,nan,nan
9551,95.52,,95.5200000000035,False,8.361814469275071,-1.1146669557570676e-05,-7.229183112478348e-06,7.65205954165567e-05,nan,nan,nan,nan
9552,95.532,,95.5320000000035,False,8.361814469275055,-1.1144217095633373e-05,-7.227592564100248e-06,7.650375820771221e-05,nan,nan,nan,nan
9553,95.541,,95.5410000000035,False,8.361814469275043,-1.1142377293099142e-05,-7.226399370829116e-06,7.649113256612318e-05,nan,nan,nan,nan
9554,95.55,,95.55000000000351,False,8.361814469275027,-1.1140538794597037e-05,-7.22520700122933e-06,7.647850922442735e-05,nan,nan,nan,nan
9555,95.562,,95.56200000000351,False,8.361814469275004,-1.1138087675346134e-05,-7.223617324490073e-06,7.646168127644474e-05,nan,nan,nan,nan
9556,95.571,,95.57100000000351,False,8.361814469274984,-1.113624887507215e-05,-7.222424788033375e-06,7.644906257923207e-05,nan,nan,nan,nan
9557,95.58,,95.58000000000351,False,8.361814469274966,-1.1134411383678825e-05,-7.221233074995257e-06,7.643644618062729e-05,nan,nan,nan,nan
9558,95.592,,95.59200000000351,False,8.361814469274941,-1.1131961612818076e-05,-7.219644270308458e-06,7.641962748832148e-05,nan,nan,nan,nan
9559,95.601,,95.60100000000351,False,8.361814469274924,-1.1130123825748304e-05,-7.218452385538558e-06,7.640701573159637e-05,nan,nan,nan,nan
9560,95.61,,95.61000000000351,False,8.361814469274906,-1.1128287347285283e-05,-7.217261329143206e-06,7.639440627219484e-05,nan,nan,nan,nan
9561,95.622,,95.62200000000351,False,8.361814469274885,-1.1125838926070783e-05,-7.215673396442108e-06,7.637759683038575e-05,nan,nan,nan,nan
9562,95.631,,95.63100000000351,False,8.361814469274867,-1.1124002153650331e-05,-7.214482168545278e-06,7.636499201026884e-05,nan,nan,nan,nan
9563,95.64,,95.64000000000351,False,8.361814469274853,-1.1122166689793651e-05,-7.2132917634219545e-06,7.63523894861959e-05,nan,nan,nan,nan
9564,95.652,,95.65200000000351,False,8.361814469274833,-1.1119719614983233e-05,-7.211704708206905e-06,7.633558928972378e-05,nan,nan,nan,nan
9565,95.661,,95.66100000000351,False,8.36181446927482,-1.1117883847693337e-05,-7.210514142863892e-06,7.63229914023474e-05,nan,nan,nan,nan
9566,95.67,,95.67000000000351,False,8.361814469274808,-1.1116049393688387e-05,-7.20932439474293e-06,7.631039580973631e-05,nan,nan,nan,nan
9567,95.682,,95.68200000000351,False,8.361814469274794,-1.1113603665289705e-05,-7.207738206931499e-06,7.62936048534456e-05,nan,nan,nan,nan
9568,95.691,,95.69100000000351,False,8.361814469274783,-1.1111768918668396e-05,-7.206548293859478e-06,7.628101389494394e-05,nan,nan,nan,nan
9569,95.7,,95.70000000000351,False,8.361814469274774,-1.1109935468660917e-05,-7.205359202997821e-06,7.626842522993074e-05,nan,nan,nan,nan
9570,95.712,,95.71200000000351,False,8.361814469274764,-1.1107491085880125e-05,-7.203773893272651e-06,7.625164350867529e-05,nan,nan,nan,nan
9571,95.721,,95.72100000000351,False,8.361814469274758,-1.1105657343425609e-05,-7.202584626954717e-06,7.623905947519572e-05,nan,nan,nan,nan
9572,95.73,,95.73000000000351,False,8.36181446927475,-1.1103824907478458e-05,-7.201396187699463e-06,7.622647773393374e-05,nan,nan,nan,nan
9573,95.742,,95.74200000000351,False,8.361814469274744,-1.1101381874890407e-05,-7.199811750264776e-06,7.620970524259021e-05,nan,nan,nan,nan
9574,95.751,,95.75100000000351,False,8.361814469274737,-1.1099549141423365e-05,-7.198623146313914e-06,7.619712813029173e-05,nan,nan,nan,nan
9575,95.76,,95.76000000000352,False,8.361814469274734,-1.1097717713913661e-05,-7.197435358452018e-06,7.61845533089398e-05,nan,nan,nan,nan
9576,95.772,,95.77200000000352,False,8.361814469274728,-1.10952760207648e-05,-7.1958517933142026e-06,7.616779004238787e-05,nan,nan,nan,nan
9577,95.781,,95.78100000000352,False,8.361814469274726,-1.1093444301549565e-05,-7.194663841328749e-06,7.615521984743196e-05,nan,nan,nan,nan
9578,95.79,,95.79000000000352,False,8.361814469274723,-1.109161387697815e-05,-7.1934767157425135e-06,7.614265194215678e-05,nan,nan,nan,nan
9579,95.802,,95.80200000000352,False,8.361814469274721,-1.1089173528078329e-05,-7.191894023053876e-06,7.612589789529497e-05,nan,nan,nan,nan
9580,95.811,,95.81100000000352,False,8.361814469274718,-1.1087342812037459e-05,-7.190706722955155e-06,7.611333461386276e-05,nan,nan,nan,nan
9581,95.82,,95.82000000000352,False,8.361814469274718,-1.1085513395323219e-05,-7.189520243539678e-06,7.610077362084819e-05,nan,nan,nan,nan
9582,95.832,,95.83200000000352,False,8.361814469274714,-1.1083074390298983e-05,-7.187938417589272e-06,7.60840287885899e-05,nan,nan,nan,nan
9583,95.841,,95.84100000000352,False,8.361814469274712,-1.1081244677267014e-05,-7.1867517742108055e-06,7.607147241686654e-05,nan,nan,nan,nan
9584,95.85,,95.85000000000352,False,8.361814469274712,-1.1079416268327202e-05,-7.185565950935615e-06,7.605891833229826e-05,nan,nan,nan,nan
9585,95.862,,95.86200000000352,False,8.36181446927471,-1.1076978601877623e-05,-7.183984996156151e-06,7.604218270955693e-05,nan,nan,nan,nan
9586,95.871,,95.87100000000352,False,8.36181446927471,-1.1075149897291074e-05,-7.182798998474142e-06,7.602963324372719e-05,nan,nan,nan,nan
9587,95.88,,95.88000000000352,False,8.361814469274709,-1.1073322496355904e-05,-7.181613825921159e-06,7.601708606379059e-05,nan,nan,nan,nan
9588,95.892,,95.89200000000352,False,8.361814469274709,-1.1070886168904373e-05,-7.1800337424276446e-06,7.600035964548548e-05,nan,nan,nan,nan
9589,95.901,,95.90100000000352,False,8.36181446927471,-1.106905847308567e-05,-7.178848401109786e-06,7.598781708174207e-05,nan,nan,nan,nan
9590,95.91,,95.91000000000352,False,8.36181446927471,-1.106723206980036e-05,-7.1776638792484024e-06,7.59752768026326e-05,nan,nan,nan,nan
9591,95.922,,95.92200000000352,False,8.361814469274709,-1.1064797086850953e-05,-7.176084661756019e-06,7.595855958369184e-05,nan,nan,nan,nan
9592,95.931,,95.93100000000352,False,8.36181446927471,-1.1062970389185805e-05,-7.1748999716401745e-06,7.594602391823185e-05,nan,nan,nan,nan
9593,95.94,,95.94000000000352,False,8.361814469274709,-1.1061144994069622e-05,-7.173716100710556e-06,7.59334905361477e-05,nan,nan,nan,nan
9594,95.952,,95.95200000000352,False,8.36181446927471,-1.1058711350175089e-05,-7.172137749519431e-06,7.59167825115048e-05,nan,nan,nan,nan
9595,95.961,,95.96100000000352,False,8.36181446927471,-1.1056885655979124e-05,-7.170953710775557e-06,7.59042537405309e-05,nan,nan,nan,nan
9596,95.97,,95.97000000000352,False,8.361814469274712,-1.1055061269186061e-05,-7.1697704909321545e-06,7.589172725167759e-05,nan,nan,nan,nan
9597,95.982,,95.98200000000352,False,8.361814469274712,-1.105262895932507e-05,-7.168193006283361e-06,7.587502841627674e-05,nan,nan,nan,nan
9598,95.991,,95.99100000000352,False,8.361814469274714,-1.105080427410199e-05,-7.167009619177175e-06,7.586250653599857e-05,nan,nan,nan,nan
9599,96.0,,96.00000000000352,False,8.361814469274714,-1.104898089041852e-05,-7.165827050737244e-06,7.584998693658587e-05,nan,nan,nan,nan
9600,96.012,,96.01200000000352,False,8.361814469274714,-1.1046549919956088e-05,-7.164250438395948e-06,7.583329728537435e-05,nan,nan,nan,nan
9601,96.021,,96.02100000000353,False,8.361814469274714,-1.1044726238412951e-05,-7.163067697878483e-06,7.582078229200323e-05,nan,nan,nan,nan
9602,96.03,,96.03000000000353,False,8.361814469274714,-1.1042903852557808e-05,-7.161885781028404e-06,7.580826957824276e-05,nan,nan,nan,nan
9603,96.042,,96.04200000000353,False,8.361814469274714,-1.1040474221461798e-05,-7.160310035837433e-06,7.579158910616872e-05,nan,nan,nan,nan
9604,96.051,,96.05100000000353,False,8.361814469274714,-1.1038651543451395e-05,-7.15912795264922e-06,7.577908099591494e-05,nan,nan,nan,nan
9605,96.06,,96.06000000000353,False,8.361814469274716,-1.1036830160492385e-05,-7.157946687492977e-06,7.576657516401654e-05,nan,nan,nan,nan
9606,96.072,,96.07200000000353,False,8.361814469274716,-1.1034401868457052e-05,-7.156371809494245e-06,7.574990386602507e-05,nan,nan,nan,nan
9607,96.081,,96.08100000000353,False,8.361814469274714,-1.1032580188542165e-05,-7.155190372892792e-06,7.573740263509823e-05,nan,nan,nan,nan
9608,96.09,,96.09000000000353,False,8.361814469274714,-1.1030759808441437e-05,-7.154009753834429e-06,7.572490368127544e-05,nan,nan,nan,nan
9609,96.102,,96.10200000000353,False,8.361814469274716,-1.1028332844817807e-05,-7.152435737151884e-06,7.570824155232694e-05,nan,nan,nan,nan
9610,96.111,,96.11100000000353,False,8.361814469274714,-1.1026512168285021e-05,-7.151254951941514e-06,7.569574719695237e-05,nan,nan,nan,nan
9611,96.12,,96.12000000000353,False,8.361814469274716,-1.1024692791034735e-05,-7.1500749838260764e-06,7.568325511743118e-05,nan,nan,nan,nan
9612,96.132,,96.13200000000353,False,8.361814469274714,-1.1022267161195722e-05,-7.148501838597903e-06,7.566660215249238e-05,nan,nan,nan,nan
9613,96.141,,96.14100000000353,False,8.361814469274716,-1.102044748819262e-05,-7.147321699357927e-06,7.565411466889511e-05,nan,nan,nan,nan
9614,96.15,,96.15000000000353,False,8.361814469274714,-1.1018629108745336e-05,-7.146142377011484e-06,7.564162945990128e-05,nan,nan,nan,nan
9615,96.162,,96.16200000000353,False,8.361814469274714,-1.1016204813235374e-05,-7.144570093179972e-06,7.562498565393927e-05,nan,nan,nan,nan
9616,96.171,,96.17100000000353,False,8.361814469274714,-1.1014386144249798e-05,-7.143390605745873e-06,7.561250503834263e-05,nan,nan,nan,nan
9617,96.18,,96.18000000000353,False,8.361814469274714,-1.1012568763035518e-05,-7.142211934945349e-06,7.560002669609926e-05,nan,nan,nan,nan
9618,96.192,,96.19200000000353,False,8.361814469274714,-1.1010145807555565e-05,-7.140640518261802e-06,7.558339204408059e-05,nan,nan,nan,nan
9619,96.201,,96.20100000000353,False,8.361814469274714,-1.1008328137471752e-05,-7.139461682877588e-06,7.55709182927137e-05,nan,nan,nan,nan
9620,96.21,,96.21000000000353,False,8.361814469274712,-1.1006511759990641e-05,-7.138283658560008e-06,7.555844681345442e-05,nan,nan,nan,nan
9621,96.222,,96.22200000000353,False,8.361814469274712,-1.1004090134170047e-05,-7.136713104013639e-06,7.554182131036125e-05,nan,nan,nan,nan
9622,96.231,,96.23100000000353,False,8.361814469274712,-1.1002273463021471e-05,-7.135534915460398e-06,7.552935441946101e-05,nan,nan,nan,nan
9623,96.24,,96.24000000000353,False,8.361814469274714,-1.1000458083758119e-05,-7.13435754279453e-06,7.551688979942026e-05,nan,nan,nan,nan
9624,96.252,,96.25200000000353,False,8.361814469274712,-1.0998037797561458e-05,-7.132787855135201e-06,7.550027344023091e-05,nan,nan,nan,nan
9625,96.261,,96.26100000000353,False,8.361814469274714,-1.0996222124709052e-05,-7.1316103128832976e-06,7.548781340603158e-05,nan,nan,nan,nan
9626,96.27,,96.27000000000353,False,8.361814469274712,-1.0994407743061915e-05,-7.130433586117226e-06,7.547535564144646e-05,nan,nan,nan,nan
9627,96.282,,96.28200000000353,False,8.361814469274712,-1.0991988785216472e-05,-7.128864759687119e-06,7.545874842114774e-05,nan,nan,nan,nan
9628,96.291,,96.29100000000354,False,8.361814469274712,-1.099017411026507e-05,-7.127687863570319e-06,7.544629523989142e-05,nan,nan,nan,nan
9629,96.3,,96.30000000000354,False,8.361814469274712,-1.0988360725858425e-05,-7.1265117825555774e-06,7.543384432700387e-05,nan,nan,nan,nan
9630,96.312,,96.31200000000354,False,8.361814469274712,-1.0985943095891804e-05,-7.124943817216111e-06,7.541724624058039e-05,nan,nan,nan,nan
9631,96.321,,96.32100000000354,False,8.361814469274712,-1.0984129418549906e-05,-7.1237675672383365e-06,7.540479990850342e-05,nan,nan,nan,nan
9632,96.33,,96.33000000000354,False,8.36181446927471,-1.0982317036508524e-05,-7.1225921374267606e-06,7.539235584354824e-05,nan,nan,nan,nan
9633,96.342,,96.34200000000354,False,8.361814469274712,-1.097990073440691e-05,-7.1210250388390984e-06,7.537576688598134e-05,nan,nan,nan,nan
9634,96.351,,96.35100000000354,False,8.36181446927471,-1.09780880548698e-05,-7.119849440664395e-06,7.53633273993214e-05,nan,nan,nan,nan
9635,96.36,,96.36000000000354,False,8.361814469274712,-1.0976276664943376e-05,-7.118674651812379e-06,7.535089017853892e-05,nan,nan,nan,nan
9636,96.372,,96.37200000000354,False,8.36181446927471,-1.09738616913007e-05,-7.117108415142271e-06,7.533431034481832e-05,nan,nan,nan,nan
9637,96.381,,96.38100000000354,False,8.361814469274712,-1.097205000997946e-05,-7.1159334583734305e-06,7.532187769981836e-05,nan,nan,nan,nan
9638,96.39,,96.39000000000354,False,8.36181446927471,-1.0970239617776145e-05,-7.114759315788123e-06,7.530944731945288e-05,nan,nan,nan,nan
9639,96.402,,96.40200000000354,False,8.361814469274712,-1.0967825967545543e-05,-7.1131939353768285e-06,7.529287660457454e-05,nan,nan,nan,nan
9640,96.411,,96.41100000000354,False,8.36181446927471,-1.0966015284544616e-05,-7.112019630249447e-06,7.528045079748472e-05,nan,nan,nan,nan
9641,96.42,,96.42000000000354,False,8.36181446927471,-1.0964205890105455e-05,-7.110846138931302e-06,7.52680272537879e-05,nan,nan,nan,nan
9642,96.432,,96.43200000000354,False,8.36181446927471,-1.0961793568578413e-05,-7.1092816252874385e-06,7.525146565275374e-05,nan,nan,nan,nan
9643,96.441,,96.44100000000354,False,8.361814469274712,-1.0959983883880934e-05,-7.108107966658799e-06,7.523904667982303e-05,nan,nan,nan,nan
9644,96.45,,96.45000000000354,False,8.361814295260706,-1.1227862829082141e-05,-4.08326905887262e-06,7.522663044114741e-05,nan,nan,nan,nan
9645,96.462,,96.46200000000354,False,8.36181395882274,-1.1746834991035472e-05,1.7643036458311557e-06,7.521007888332012e-05,nan,nan,nan,nan
9646,96.471,,96.47100000000354,False,8.361812620471904,-1.3819133005241821e-05,2.5020466168984502e-05,7.51976707862345e-05,nan,nan,nan,nan
9647,96.48,,96.48000000000354,False,8.361810973203738,-1.637178950009286e-05,5.3662560747461765e-05,7.51852666035518e-05,nan,nan,nan,nan
9648,96.492,,96.49200000000354,False,8.361806228468552,-2.3728814525234072e-05,0.00013618120389658042,7.516874468258163e-05,nan,nan,nan,nan
9649,96.501,,96.50100000000354,False,8.361801729481732,-3.0715419908652784e-05,0.000214544597630549,7.515636668857863e-05,nan,nan,nan,nan
9650,96.51,,96.51000000000354,False,8.361794300766551,-4.225538008636985e-05,0.0003439749621859604,7.51440256937834e-05,nan,nan,nan,nan
9651,96.522,,96.52200000000354,False,8.361782515807864,-6.055656810236528e-05,0.0005492762030314641,7.512763285597276e-05,nan,nan,nan,nan
9652,96.531,,96.53100000000354,False,8.361769064518318,-8.142319564718089e-05,0.0007833866670224055,7.511546883528089e-05,nan,nan,nan,nan
9653,96.54,,96.54000000000354,False,8.361754443416288,-0.00010403815257708474,0.001037207547882139,7.510341538214157e-05,nan,nan,nan,nan
9654,96.552,,96.55200000000355,False,8.361728356425266,-0.00014414088254390377,0.0014874388470651903,7.508775339391111e-05,nan,nan,nan,nan
9655,96.561,,96.56100000000355,False,8.361706628647488,-0.00017726318312404773,0.001859524312901859,7.507633074178335e-05,nan,nan,nan,nan
9656,96.57,,96.57000000000355,False,8.361678965769274,-0.00021914417265789536,0.0023301203470932185,7.506553783141481e-05,nan,nan,nan,nan
9657,96.582,,96.58200000000355,False,8.361638770970075,-0.0002789596710571565,0.003002745280646335,7.505206070932667e-05,nan,nan,nan,nan
9658,96.591,,96.59100000000355,False,8.361600622104035,-0.00033516525286877584,0.0036349252526425365,7.50434225224918e-05,nan,nan,nan,nan
9659,96.6,,96.60000000000355,False,8.36156097700661,-0.0003923791727614421,0.0042789564163061905,7.503582203767189e-05,nan,nan,nan,nan
9660,96.612,,96.61200000000355,False,8.361497958609762,-0.0004817243364409159,0.005284949268693682,7.502889245802878e-05,nan,nan,nan,nan
9661,96.621,,96.62100000000355,False,8.361448013457414,-0.0005505281052324791,0.006060272692612213,7.502585554408068e-05,nan,nan,nan,nan
9662,96.63,,96.63000000000355,False,8.361389511319445,-0.0006301910982730998,0.006957897635816741,7.502651618614249e-05,nan,nan,nan,nan
9663,96.642,,96.64200000000355,False,8.361307760132414,-0.0007373937977078213,0.008166689155348933,7.503195006487557e-05,nan,nan,nan,nan
9664,96.651,,96.65100000000355,False,8.361235590756415,-0.0008309040299810789,0.009220701717778093,7.504278887462307e-05,nan,nan,nan,nan
9665,96.66,,96.66000000000355,False,8.361162345642901,-0.000922166719458874,0.010250000117279758,7.505761862264912e-05,nan,nan,nan,nan
9666,96.672,,96.67200000000355,False,8.361051786104841,-0.0010570472152784509,0.011770587584841053,7.508935442315899e-05,nan,nan,nan,nan
9667,96.681,,96.68100000000355,False,8.36096650142298,-0.0011563967817838257,0.012890954183519454,7.512010982153969e-05,nan,nan,nan,nan
9668,96.69,,96.69000000000355,False,8.360870568474171,-0.0012673886643885556,0.014141524321336446,7.516274310258105e-05,nan,nan,nan,nan
9669,96.702,,96.70200000000355,False,8.36073953012167,-0.0014110404494769829,0.015760154355200624,7.523194938747334e-05,nan,nan,nan,nan
9670,96.711,,96.71100000000355,False,8.360628175936693,-0.0015327279290234138,0.017129441225604253,7.530275730467873e-05,nan,nan,nan,nan
9671,96.72,,96.72000000000355,False,8.360516865467023,-0.001647859624666619,0.018424885433604064,7.538259197047185e-05,nan,nan,nan,nan
9672,96.732,,96.73200000000355,False,8.360353670585944,-0.0018140418283068532,0.02029205776606511,7.551821389152333e-05,nan,nan,nan,nan
9673,96.741,,96.74100000000355,False,8.360229961197826,-0.0019326187193791718,0.021623525142533784,7.563424781973143e-05,nan,nan,nan,nan
9674,96.75,,96.75000000000355,False,8.360094039878419,-0.0020636909970502427,0.023092666336717086,7.57770770676096e-05,nan,nan,nan,nan
9675,96.762,,96.76200000000355,False,8.359911187345228,-0.0022284357399451455,0.024937376272342694,7.599019145232917e-05,nan,nan,nan,nan
9676,96.771,,96.77100000000355,False,8.359759351365192,-0.0023671597118561077,0.026486918181356785,7.618918554998527e-05,nan,nan,nan,nan
9677,96.78,,96.78000000000355,False,8.359609208348036,-0.002494936126097196,0.02791254655862888,7.640209454082632e-05,nan,nan,nan,nan
9678,96.792,,96.79200000000355,False,8.359393112376717,-0.002678052676048922,0.029950103400618575,7.67406091742575e-05,nan,nan,nan,nan
9679,96.801,,96.80100000000355,False,8.359231315953805,-0.002805207188613952,0.0313619032791572,7.701581432858738e-05,nan,nan,nan,nan
9680,96.81,,96.81000000000355,False,8.359056212542312,-0.002946316388337965,0.032924040068049706,7.733949594016804e-05,nan,nan,nan,nan
9681,96.822,,96.82200000000356,False,8.35882323976966,-0.003119055346448056,0.034830684589384875,7.7801716324732e-05,nan,nan,nan,nan
9682,96.831,,96.83100000000356,False,8.358632715759741,-0.0032657659856802335,0.03644366436055088,7.821544040573174e-05,nan,nan,nan,nan
9683,96.84,,96.84000000000356,False,8.358445861282213,-0.003397306632127068,0.03788482613680209,7.864371661398851e-05,nan,nan,nan,nan
9684,96.852,,96.85200000000356,False,8.358180317341738,-0.003586459562495667,0.039947297632347674,7.930074783380819e-05,nan,nan,nan,nan
9685,96.861,,96.86100000000356,False,8.357983348604087,-0.00371433730568288,0.041333721627597,7.981683531891077e-05,nan,nan,nan,nan
9686,96.87,,96.87000000000356,False,8.357772383819583,-0.0038584043035198006,0.04288853812705372,8.040884891104711e-05,nan,nan,nan,nan
9687,96.882,,96.88200000000356,False,8.357494074273044,-0.004030177899729552,0.044728335200928455,8.122791122992391e-05,nan,nan,nan,nan
9688,96.891,,96.89100000000356,False,8.357268902436594,-0.004179103240690029,0.046314065727861675,8.194348552764311e-05,nan,nan,nan,nan
9689,96.9,,96.90000000000356,False,8.357049514651564,-0.004308890567069951,0.04768320201703245,8.266515230254937e-05,nan,nan,nan,nan
9690,96.912,,96.91200000000356,False,8.356740596481798,-0.004497855759774158,0.049660670637578154,8.374757583110817e-05,nan,nan,nan,nan
9691,96.921,,96.92100000000356,False,8.356513145380086,-0.004622186362028601,0.050943359258688065,8.457468108322558e-05,nan,nan,nan,nan
9692,96.93,,96.93000000000356,False,8.356271358366172,-0.004765828901148657,0.05241683433149826,8.550980124952731e-05,nan,nan,nan,nan
9693,96.942,,96.94200000000356,False,8.35595455379974,-0.004932653185157472,0.05409661048449394,8.677002660308915e-05,nan,nan,nan,nan
9694,96.951,,96.95100000000356,False,8.355700249665821,-0.005081853996109779,0.05558943509252936,8.785582990562743e-05,nan,nan,nan,nan
9695,96.96,,96.96000000000356,False,8.35545381768336,-0.005208171841136927,0.05682432227527904,8.892572370704238e-05,nan,nan,nan,nan
9696,96.972,,96.97200000000356,False,8.355109224617356,-0.005395836638678033,0.058638339577747126,9.050703977742569e-05,nan,nan,nan,nan
9697,96.981,,96.98100000000356,False,8.35485703417507,-0.005516105200923582,0.05976220332995355,9.168602074008451e-05,nan,nan,nan,nan
9698,96.99,,96.99000000000356,False,8.354590448224014,-0.005659706482784286,0.061101144996106714,9.300910177872331e-05,nan,nan,nan,nan
9699,97.002,,97.00200000000356,False,8.354243093762708,-0.005822436035901645,0.06255453630012123,9.4749769423219e-05,nan,nan,nan,nan
9700,97.011,,97.01100000000356,False,8.35396590659312,-0.005973581713889056,0.06390555341520429,9.62398535322306e-05,nan,nan,nan,nan
9701,97.02,,97.02000000000356,False,8.353698508319921,-0.006098143017823522,0.06496018705056844,9.767506196334903e-05,nan,nan,nan,nan
9702,97.032,,97.03200000000356,False,8.353326565612397,-0.0062878558957431985,0.0665497572475082,9.977696200878547e-05,nan,nan,nan,nan
9703,97.041,,97.04100000000356,False,8.353055693108306,-0.006406676001843858,0.06747164048726348,0.0001013067377659082,nan,nan,nan,nan
9704,97.05,,97.05000000000356,False,8.352770533986865,-0.006553698445420886,0.06863130980260901,0.00010302047300799261,nan,nan,nan,nan
9705,97.062,,97.06200000000356,False,8.352400640439738,-0.00671697381492146,0.06980168536290227,0.00010522099700889738,nan,nan,nan,nan
9706,97.071,,97.07100000000356,False,8.35210671281177,-0.006874522838536069,0.07096513776652662,0.00010710425888292692,nan,nan,nan,nan
9707,97.08,,97.08000000000357,False,8.351824185129258,-0.007001587453340125,0.07179622812681594,0.00010887427922137367,nan,nan,nan,nan
9708,97.092,,97.09200000000357,False,8.351432659836437,-0.007199973865294184,0.07309951449578411,0.0001114538649629091,nan,nan,nan,nan
9709,97.101,,97.10100000000357,False,8.351148588048108,-0.007322168140185331,0.07377491035784088,0.00011328272261155308,nan,nan,nan,nan
9710,97.11,,97.11000000000357,False,8.350850323923199,-0.007478266520862825,0.0747057624224563,0.00011533872875750554,nan,nan,nan,nan
9711,97.122,,97.12200000000357,False,8.350464681650076,-0.007649323107751818,0.07552959008126704,0.00011790776256719078,nan,nan,nan,nan
9712,97.131,,97.13100000000357,False,8.350158993622552,-0.007819686469023968,0.07645069898250068,0.00012011918641183376,nan,nan,nan,nan
9713,97.14,,97.14000000000357,False,8.3498658886235,-0.00795522486180573,0.07700647630888155,0.00012213785027030634,nan,nan,nan,nan
9714,97.152,,97.15200000000357,False,8.349460496797432,-0.008171142828608837,0.07794674999253223,0.0001250761005285061,nan,nan,nan,nan
9715,97.161,,97.16100000000357,False,8.349167017859491,-0.008302974794851339,0.07832041552889683,0.0001270935088632472,nan,nan,nan,nan
9716,97.17,,97.17000000000357,False,8.348859158311097,-0.008475287797294787,0.07895924334505126,0.00012938305371207,nan,nan,nan,nan
9717,97.182,,97.18200000000357,False,8.348461743421517,-0.008663033540538422,0.07935589547559532,0.00013214659158259262,nan,nan,nan,nan
9718,97.191,,97.19100000000357,False,8.348146818527951,-0.00885394836363086,0.07996385591117185,0.00013455669654464255,nan,nan,nan,nan
9719,97.2,,97.20000000000357,False,8.347845140059624,-0.009005020725873279,0.08017818348703137,0.00013667210210578702,nan,nan,nan,nan
9720,97.212,,97.21200000000357,False,8.347427768877049,-0.009248797069823077,0.0806570114654057,0.0001397585111373683,nan,nan,nan,nan
9721,97.221,,97.22100000000357,False,8.347125679017045,-0.009397409105744513,0.08065901277226278,0.00014178380034260345,nan,nan,nan,nan
9722,97.23,,97.23000000000357,False,8.346808394171099,-0.009594042734467146,0.08092552112914948,0.00014412446673405156,nan,nan,nan,nan
9605,96.06,,96.06000000000353,False,8.361814469274716,-1.1036830160492385e-05,-7.157946687492977e-06,7.576657516401654e-05,nan,nan,nan,nan
9606,96.072,,96.07200000000353,False,8.361814469274716,-1.1034401868457052e-05,-7.156371809494245e-06,7.574990386602507e-05,nan,nan,nan,nan
9607,96.081,,96.08100000000353,False,8.361814469274714,-1.1032580188542165e-05,-7.155190372892792e-06,7.573740263509823e-05,nan,nan,nan,nan
9608,96.09,,96.09000000000353,False,8.361814469274714,-1.1030759808441437e-05,-7.154009753834429e-06,7.572490368127544e-05,nan,nan,nan,nan
9609,96.102,,96.10200000000353,False,8.361814469274716,-1.1028332844817807e-05,-7.152435737151884e-06,7.570824155232694e-05,nan,nan,nan,nan
9610,96.111,,96.11100000000353,False,8.361814469274714,-1.1026512168285021e-05,-7.151254951941514e-06,7.569574719695237e-05,nan,nan,nan,nan
9611,96.12,,96.12000000000353,False,8.361814469274716,-1.1024692791034735e-05,-7.1500749838260764e-06,7.568325511743118e-05,nan,nan,nan,nan
9612,96.132,,96.13200000000353,False,8.361814469274714,-1.1022267161195722e-05,-7.148501838597903e-06,7.566660215249238e-05,nan,nan,nan,nan
9613,96.141,,96.14100000000353,False,8.361814469274716,-1.102044748819262e-05,-7.147321699357927e-06,7.565411466889511e-05,nan,nan,nan,nan
9614,96.15,,96.15000000000353,False,8.361814469274714,-1.1018629108745336e-05,-7.146142377011484e-06,7.564162945990128e-05,nan,nan,nan,nan
9615,96.162,,96.16200000000353,False,8.361814469274714,-1.1016204813235374e-05,-7.144570093179972e-06,7.562498565393927e-05,nan,nan,nan,nan
9616,96.171,,96.17100000000353,False,8.361814469274714,-1.1014386144249798e-05,-7.143390605745873e-06,7.561250503834263e-05,nan,nan,nan,nan
9617,96.18,,96.18000000000353,False,8.361814469274714,-1.1012568763035518e-05,-7.142211934945349e-06,7.560002669609926e-05,nan,nan,nan,nan
9618,96.192,,96.19200000000353,False,8.361814469274714,-1.1010145807555565e-05,-7.140640518261802e-06,7.558339204408059e-05,nan,nan,nan,nan
9619,96.201,,96.20100000000353,False,8.361814469274714,-1.1008328137471752e-05,-7.139461682877588e-06,7.55709182927137e-05,nan,nan,nan,nan
9620,96.21,,96.21000000000353,False,8.361814469274712,-1.1006511759990641e-05,-7.138283658560008e-06,7.555844681345442e-05,nan,nan,nan,nan
9621,96.222,,96.22200000000353,False,8.361814469274712,-1.1004090134170047e-05,-7.136713104013639e-06,7.554182131036125e-05,nan,nan,nan,nan
9622,96.231,,96.23100000000353,False,8.361814469274712,-1.1002273463021471e-05,-7.135534915460398e-06,7.552935441946101e-05,nan,nan,nan,nan
9623,96.24,,96.24000000000353,False,8.361814469274714,-1.1000458083758119e-05,-7.13435754279453e-06,7.551688979942026e-05,nan,nan,nan,nan
9624,96.252,,96.25200000000353,False,8.361814469274712,-1.0998037797561458e-05,-7.132787855135201e-06,7.550027344023091e-05,nan,nan,nan,nan
9625,96.261,,96.26100000000353,False,8.361814469274714,-1.0996222124709052e-05,-7.1316103128832976e-06,7.548781340603158e-05,nan,nan,nan,nan
9626,96.27,,96.27000000000353,False,8.361814469274712,-1.0994407743061915e-05,-7.130433586117226e-06,7.547535564144646e-05,nan,nan,nan,nan
9627,96.282,,96.28200000000353,False,8.361814469274712,-1.0991988785216472e-05,-7.128864759687119e-06,7.545874842114774e-05,nan,nan,nan,nan
9628,96.291,,96.29100000000354,False,8.361814469274712,-1.099017411026507e-05,-7.127687863570319e-06,7.544629523989142e-05,nan,nan,nan,nan
9629,96.3,,96.30000000000354,False,8.361814469274712,-1.0988360725858425e-05,-7.1265117825555774e-06,7.543384432700387e-05,nan,nan,nan,nan
9630,96.312,,96.31200000000354,False,8.361814469274712,-1.0985943095891804e-05,-7.124943817216111e-06,7.541724624058039e-05,nan,nan,nan,nan
9631,96.321,,96.32100000000354,False,8.361814469274712,-1.0984129418549906e-05,-7.1237675672383365e-06,7.540479990850342e-05,nan,nan,nan,nan
9632,96.33,,96.33000000000354,False,8.36181446927471,-1.0982317036508524e-05,-7.1225921374267606e-06,7.539235584354824e-05,nan,nan,nan,nan
9633,96.342,,96.34200000000354,False,8.361814469274712,-1.097990073440691e-05,-7.1210250388390984e-06,7.537576688598134e-05,nan,nan,nan,nan
9634,96.351,,96.35100000000354,False,8.36181446927471,-1.09780880548698e-05,-7.119849440664395e-06,7.53633273993214e-05,nan,nan,nan,nan
9635,96.36,,96.36000000000354,False,8.361814469274712,-1.0976276664943376e-05,-7.118674651812379e-06,7.535089017853892e-05,nan,nan,nan,nan
9636,96.372,,96.37200000000354,False,8.36181446927471,-1.09738616913007e-05,-7.117108415142271e-06,7.533431034481832e-05,nan,nan,nan,nan
9637,96.381,,96.38100000000354,False,8.361814469274712,-1.097205000997946e-05,-7.1159334583734305e-06,7.532187769981836e-05,nan,nan,nan,nan
9638,96.39,,96.39000000000354,False,8.36181446927471,-1.0970239617776145e-05,-7.114759315788123e-06,7.530944731945288e-05,nan,nan,nan,nan
9639,96.402,,96.40200000000354,False,8.361814469274712,-1.0967825967545543e-05,-7.1131939353768285e-06,7.529287660457454e-05,nan,nan,nan,nan
9640,96.411,,96.41100000000354,False,8.36181446927471,-1.0966015284544616e-05,-7.112019630249447e-06,7.528045079748472e-05,nan,nan,nan,nan
9641,96.42,,96.42000000000354,False,8.36181446927471,-1.0964205890105455e-05,-7.110846138931302e-06,7.52680272537879e-05,nan,nan,nan,nan
9642,96.432,,96.43200000000354,False,8.36181446927471,-1.0961793568578413e-05,-7.1092816252874385e-06,7.525146565275374e-05,nan,nan,nan,nan
9643,96.441,,96.44100000000354,False,8.361814469274712,-1.0959983883880934e-05,-7.108107966658799e-06,7.523904667982303e-05,nan,nan,nan,nan
9644,96.45,,96.45000000000354,False,8.361814295260706,-1.1227862829082141e-05,-4.08326905887262e-06,7.522663044114741e-05,nan,nan,nan,nan
9645,96.462,,96.46200000000354,False,8.36181395882274,-1.1746834991035472e-05,1.7643036458311557e-06,7.521007888332012e-05,nan,nan,nan,nan
9646,96.471,,96.47100000000354,False,8.361812620471904,-1.3819133005241821e-05,2.5020466168984502e-05,7.51976707862345e-05,nan,nan,nan,nan
9647,96.48,,96.48000000000354,False,8.361810973203738,-1.637178950009286e-05,5.3662560747461765e-05,7.51852666035518e-05,nan,nan,nan,nan
9648,96.492,,96.49200000000354,False,8.361806228468552,-2.3728814525234072e-05,0.00013618120389658042,7.516874468258163e-05,nan,nan,nan,nan
9649,96.501,,96.50100000000354,False,8.361801729481732,-3.0715419908652784e-05,0.000214544597630549,7.515636668857863e-05,nan,nan,nan,nan
9650,96.51,,96.51000000000354,False,8.361794300766551,-4.225538008636985e-05,0.0003439749621859604,7.51440256937834e-05,nan,nan,nan,nan
9651,96.522,,96.52200000000354,False,8.361782515807864,-6.055656810236528e-05,0.0005492762030314641,7.512763285597276e-05,nan,nan,nan,nan
9652,96.531,,96.53100000000354,False,8.361769064518318,-8.142319564718089e-05,0.0007833866670224055,7.511546883528089e-05,nan,nan,nan,nan
9653,96.54,,96.54000000000354,False,8.361754443416288,-0.00010403815257708474,0.001037207547882139,7.510341538214157e-05,nan,nan,nan,nan
9654,96.552,,96.55200000000355,False,8.361728356425266,-0.00014414088254390377,0.0014874388470651903,7.508775339391111e-05,nan,nan,nan,nan
9655,96.561,,96.56100000000355,False,8.361706628647488,-0.00017726318312404773,0.001859524312901859,7.507633074178335e-05,nan,nan,nan,nan
9656,96.57,,96.57000000000355,False,8.361678965769274,-0.00021914417265789536,0.0023301203470932185,7.506553783141481e-05,nan,nan,nan,nan
9657,96.582,,96.58200000000355,False,8.361638770970075,-0.0002789596710571565,0.003002745280646335,7.505206070932667e-05,nan,nan,nan,nan
9658,96.591,,96.59100000000355,False,8.361600622104035,-0.00033516525286877584,0.0036349252526425365,7.50434225224918e-05,nan,nan,nan,nan
9659,96.6,,96.60000000000355,False,8.36156097700661,-0.0003923791727614421,0.0042789564163061905,7.503582203767189e-05,nan,nan,nan,nan
9660,96.612,,96.61200000000355,False,8.361497958609762,-0.0004817243364409159,0.005284949268693682,7.502889245802878e-05,nan,nan,nan,nan
9661,96.621,,96.62100000000355,False,8.361448013457414,-0.0005505281052324791,0.006060272692612213,7.502585554408068e-05,nan,nan,nan,nan
9662,96.63,,96.63000000000355,False,8.361389511319445,-0.0006301910982730998,0.006957897635816741,7.502651618614249e-05,nan,nan,nan,nan
9663,96.642,,96.64200000000355,False,8.361307760132414,-0.0007373937977078213,0.008166689155348933,7.503195006487557e-05,nan,nan,nan,nan
9664,96.651,,96.65100000000355,False,8.361235590756415,-0.0008309040299810789,0.009220701717778093,7.504278887462307e-05,nan,nan,nan,nan
9665,96.66,,96.66000000000355,False,8.361162345642901,-0.000922166719458874,0.010250000117279758,7.505761862264912e-05,nan,nan,nan,nan
9666,96.672,,96.67200000000355,False,8.361051786104841,-0.0010570472152784509,0.011770587584841053,7.508935442315899e-05,nan,nan,nan,nan
9667,96.681,,96.68100000000355,False,8.36096650142298,-0.0011563967817838257,0.012890954183519454,7.512010982153969e-05,nan,nan,nan,nan
9668,96.69,,96.69000000000355,False,8.360870568474171,-0.0012673886643885556,0.014141524321336446,7.516274310258105e-05,nan,nan,nan,nan
9669,96.702,,96.70200000000355,False,8.36073953012167,-0.0014110404494769829,0.015760154355200624,7.523194938747334e-05,nan,nan,nan,nan
9670,96.711,,96.71100000000355,False,8.360628175936693,-0.0015327279290234138,0.017129441225604253,7.530275730467873e-05,nan,nan,nan,nan
9671,96.72,,96.72000000000355,False,8.360516865467023,-0.001647859624666619,0.018424885433604064,7.538259197047185e-05,nan,nan,nan,nan
9672,96.732,,96.73200000000355,False,8.360353670585944,-0.0018140418283068532,0.02029205776606511,7.551821389152333e-05,nan,nan,nan,nan
9673,96.741,,96.74100000000355,False,8.360229961197826,-0.0019326187193791718,0.021623525142533784,7.563424781973143e-05,nan,nan,nan,nan
9674,96.75,,96.75000000000355,False,8.360094039878419,-0.0020636909970502427,0.023092666336717086,7.57770770676096e-05,nan,nan,nan,nan
9675,96.762,,96.76200000000355,False,8.359911187345228,-0.0022284357399451455,0.024937376272342694,7.599019145232917e-05,nan,nan,nan,nan
9676,96.771,,96.77100000000355,False,8.359759351365192,-0.0023671597118561077,0.026486918181356785,7.618918554998527e-05,nan,nan,nan,nan
9677,96.78,,96.78000000000355,False,8.359609208348036,-0.002494936126097196,0.02791254655862888,7.640209454082632e-05,nan,nan,nan,nan
9678,96.792,,96.79200000000355,False,8.359393112376717,-0.002678052676048922,0.029950103400618575,7.67406091742575e-05,nan,nan,nan,nan
9679,96.801,,96.80100000000355,False,8.359231315953805,-0.002805207188613952,0.0313619032791572,7.701581432858738e-05,nan,nan,nan,nan
9680,96.81,,96.81000000000355,False,8.359056212542312,-0.002946316388337965,0.032924040068049706,7.733949594016804e-05,nan,nan,nan,nan
9681,96.822,,96.82200000000356,False,8.35882323976966,-0.003119055346448056,0.034830684589384875,7.7801716324732e-05,nan,nan,nan,nan
9682,96.831,,96.83100000000356,False,8.358632715759741,-0.0032657659856802335,0.03644366436055088,7.821544040573174e-05,nan,nan,nan,nan
9683,96.84,,96.84000000000356,False,8.358445861282213,-0.003397306632127068,0.03788482613680209,7.864371661398851e-05,nan,nan,nan,nan
9684,96.852,,96.85200000000356,False,8.358180317341738,-0.003586459562495667,0.039947297632347674,7.930074783380819e-05,nan,nan,nan,nan
9685,96.861,,96.86100000000356,False,8.357983348604087,-0.00371433730568288,0.041333721627597,7.981683531891077e-05,nan,nan,nan,nan
9686,96.87,,96.87000000000356,False,8.357772383819583,-0.0038584043035198006,0.04288853812705372,8.040884891104711e-05,nan,nan,nan,nan
9687,96.882,,96.88200000000356,False,8.357494074273044,-0.004030177899729552,0.044728335200928455,8.122791122992391e-05,nan,nan,nan,nan
9688,96.891,,96.89100000000356,False,8.357268902436594,-0.004179103240690029,0.046314065727861675,8.194348552764311e-05,nan,nan,nan,nan
9689,96.9,,96.90000000000356,False,8.357049514651564,-0.004308890567069951,0.04768320201703245,8.266515230254937e-05,nan,nan,nan,nan
9690,96.912,,96.91200000000356,False,8.356740596481798,-0.004497855759774158,0.049660670637578154,8.374757583110817e-05,nan,nan,nan,nan
9691,96.921,,96.92100000000356,False,8.356513145380086,-0.004622186362028601,0.050943359258688065,8.457468108322558e-05,nan,nan,nan,nan
9692,96.93,,96.93000000000356,False,8.356271358366172,-0.004765828901148657,0.05241683433149826,8.550980124952731e-05,nan,nan,nan,nan
9693,96.942,,96.94200000000356,False,8.35595455379974,-0.004932653185157472,0.05409661048449394,8.677002660308915e-05,nan,nan,nan,nan
9694,96.951,,96.95100000000356,False,8.355700249665821,-0.005081853996109779,0.05558943509252936,8.785582990562743e-05,nan,nan,nan,nan
9695,96.96,,96.96000000000356,False,8.35545381768336,-0.005208171841136927,0.05682432227527904,8.892572370704238e-05,nan,nan,nan,nan
9696,96.972,,96.97200000000356,False,8.355109224617356,-0.005395836638678033,0.058638339577747126,9.050703977742569e-05,nan,nan,nan,nan
9697,96.981,,96.98100000000356,False,8.35485703417507,-0.005516105200923582,0.05976220332995355,9.168602074008451e-05,nan,nan,nan,nan
9698,96.99,,96.99000000000356,False,8.354590448224014,-0.005659706482784286,0.061101144996106714,9.300910177872331e-05,nan,nan,nan,nan
9699,97.002,,97.00200000000356,False,8.354243093762708,-0.005822436035901645,0.06255453630012123,9.4749769423219e-05,nan,nan,nan,nan
9700,97.011,,97.01100000000356,False,8.35396590659312,-0.005973581713889056,0.06390555341520429,9.62398535322306e-05,nan,nan,nan,nan
9701,97.02,,97.02000000000356,False,8.353698508319921,-0.006098143017823522,0.06496018705056844,9.767506196334903e-05,nan,nan,nan,nan
9702,97.032,,97.03200000000356,False,8.353326565612397,-0.0062878558957431985,0.0665497572475082,9.977696200878547e-05,nan,nan,nan,nan
9703,97.041,,97.04100000000356,False,8.353055693108306,-0.006406676001843858,0.06747164048726348,0.0001013067377659082,nan,nan,nan,nan
9704,97.05,,97.05000000000356,False,8.352770533986865,-0.006553698445420886,0.06863130980260901,0.00010302047300799261,nan,nan,nan,nan
9705,97.062,,97.06200000000356,False,8.352400640439738,-0.00671697381492146,0.06980168536290227,0.00010522099700889738,nan,nan,nan,nan
9706,97.071,,97.07100000000356,False,8.35210671281177,-0.006874522838536069,0.07096513776652662,0.00010710425888292692,nan,nan,nan,nan
9707,97.08,,97.08000000000357,False,8.351824185129258,-0.007001587453340125,0.07179622812681594,0.00010887427922137367,nan,nan,nan,nan
9708,97.092,,97.09200000000357,False,8.351432659836437,-0.007199973865294184,0.07309951449578411,0.0001114538649629091,nan,nan,nan,nan
9709,97.101,,97.10100000000357,False,8.351148588048108,-0.007322168140185331,0.07377491035784088,0.00011328272261155308,nan,nan,nan,nan
9710,97.11,,97.11000000000357,False,8.350850323923199,-0.007478266520862825,0.0747057624224563,0.00011533872875750554,nan,nan,nan,nan
9711,97.122,,97.12200000000357,False,8.350464681650076,-0.007649323107751818,0.07552959008126704,0.00011790776256719078,nan,nan,nan,nan
9712,97.131,,97.13100000000357,False,8.350158993622552,-0.007819686469023968,0.07645069898250068,0.00012011918641183376,nan,nan,nan,nan
9713,97.14,,97.14000000000357,False,8.3498658886235,-0.00795522486180573,0.07700647630888155,0.00012213785027030634,nan,nan,nan,nan
9714,97.152,,97.15200000000357,False,8.349460496797432,-0.008171142828608837,0.07794674999253223,0.0001250761005285061,nan,nan,nan,nan
9715,97.161,,97.16100000000357,False,8.349167017859491,-0.008302974794851339,0.07832041552889683,0.0001270935088632472,nan,nan,nan,nan
9716,97.17,,97.17000000000357,False,8.348859158311097,-0.008475287797294787,0.07895924334505126,0.00012938305371207,nan,nan,nan,nan
9717,97.182,,97.18200000000357,False,8.348461743421517,-0.008663033540538422,0.07935589547559532,0.00013214659158259262,nan,nan,nan,nan
9718,97.191,,97.19100000000357,False,8.348146818527951,-0.00885394836363086,0.07996385591117185,0.00013455669654464255,nan,nan,nan,nan
9719,97.2,,97.20000000000357,False,8.347845140059624,-0.009005020725873279,0.08017818348703137,0.00013667210210578702,nan,nan,nan,nan
9720,97.212,,97.21200000000357,False,8.347427768877049,-0.009248797069823077,0.0806570114654057,0.0001397585111373683,nan,nan,nan,nan
9721,97.221,,97.22100000000357,False,8.347125679017045,-0.009397409105744513,0.08065901277226278,0.00014178380034260345,nan,nan,nan,nan
9722,97.23,,97.23000000000357,False,8.346808394171099,-0.009594042734467146,0.08092552112914948,0.00014412446673405156,nan,nan,nan,nan
9723,97.242,,97.24200000000357,False,8.346398575450236,-0.009808378910433199,0.08079416632560794,0.0001468082880980012,nan,nan,nan,nan
9724,97.251,,97.25100000000357,False,8.346073058351644,-0.010028443509909973,0.08100039534511869,0.00014920722118391225,nan,nan,nan,nan
9725,97.26,,97.26000000000357,False,8.345760904089655,-0.010202732512639787,0.08079196641301926,0.0001511863724477457,nan,nan,nan,nan
9726,97.272,,97.27200000000357,False,8.345327752034613,-0.010485575842086033,0.08068902454375872,0.0001540953741228129,nan,nan,nan,nan
9727,97.281,,97.28100000000357,False,8.34501352706642,-0.010658549281447096,0.0802355409194585,0.0001558602770948228,nan,nan,nan,nan
9728,97.29,,97.29000000000357,False,8.344682284058619,-0.010888160231251736,0.08003359735390302,0.00015797549133574588,nan,nan,nan,nan
9729,97.302,,97.30200000000357,False,8.34425311588198,-0.011139422666545115,0.07925602272405914,0.00016017826967562495,nan,nan,nan,nan
9730,97.311,,97.31100000000357,False,8.34391046895795,-0.011397694092788652,0.07895677057284081,0.00016225169654400477,nan,nan,nan,nan
9731,97.32,,97.32000000000357,False,8.343580835033423,-0.011603094667683495,0.07823243651734069,0.00016375735336951266,nan,nan,nan,nan
9732,97.332,,97.33200000000357,False,8.343120854791847,-0.011936551357298927,0.07741067023046878,0.00016601322801202922,nan,nan,nan,nan
9733,97.341,,97.34100000000358,False,8.342785607283117,-0.012141490128314475,0.07640855196813635,0.00016713617994684035,nan,nan,nan,nan
9734,97.35,,97.35000000000358,False,8.342430155997283,-0.012412865056775482,0.07563112439535867,0.00016862542078222576,nan,nan,nan,nan
9735,97.362,,97.36200000000358,False,8.341967213392548,-0.012711248782940502,0.07407910518263984,0.00016978012475189075,nan,nan,nan,nan
9736,97.371,,97.37100000000358,False,8.341594912130718,-0.013016793652490553,0.07316140778770781,0.00017107504661613158,nan,nan,nan,nan
9737,97.38,,97.38000000000358,False,8.341235041578733,-0.013260953348796949,0.07182256579691995,0.00017163336275976082,nan,nan,nan,nan
9738,97.392,,97.39200000000358,False,8.34072923343663,-0.013656258799432316,0.0701372687845211,0.0001725618016334723,nan,nan,nan,nan
9739,97.401,,97.40100000000358,False,8.340358364361519,-0.013900288637316717,0.0684912308194514,0.00017251310776037577,nan,nan,nan,nan
9740,97.41,,97.41000000000358,False,8.339962517324087,-0.014221807412040753,0.06702791447546655,0.00017281185905923454,nan,nan,nan,nan
9741,97.422,,97.42200000000358,False,8.339443866164045,-0.014576632137690502,0.06457362280009572,0.0001721348933991622,nan,nan,nan,nan
9742,97.431,,97.43100000000358,False,8.339023573444456,-0.01493792149464905,0.06292349950660511,0.00017201495944858236,nan,nan,nan,nan
9743,97.44,,97.44000000000358,False,8.338615317628019,-0.015227629763528408,0.060874420737277155,0.0001709740517282567,nan,nan,nan,nan
9744,97.452,,97.45200000000358,False,8.33803753248755,-0.015694822658774157,0.05818479021494723,0.00016964082299572193,nan,nan,nan,nan
9745,97.461,,97.46100000000358,False,8.33761156064492,-0.015983916286072437,0.0558061623572237,0.0001676996664929988,nan,nan,nan,nan
9746,97.47,,97.47000000000358,False,8.337154275594854,-0.01636281171817192,0.05355227655206426,0.00016603019899993652,nan,nan,nan,nan
9747,97.482,,97.48200000000358,False,8.336552235153983,-0.01678152651507175,0.05008039504804316,0.00016246067751589876,nan,nan,nan,nan
9748,97.491,,97.49100000000358,False,8.336061473284953,-0.01720560154788771,0.04759237227821961,0.0001600530346443307,nan,nan,nan,nan
9749,97.5,,97.50000000000358,False,8.335583159311343,-0.01754596624553062,0.044749570811794016,0.00015653527726726003,nan,nan,nan,nan
9750,97.512,,97.51200000000358,False,8.334903081412472,-0.018092691842359506,0.040931638551473026,0.00015167638807181454,nan,nan,nan,nan
9751,97.521,,97.52100000000358,False,8.334400123872207,-0.018430776897017224,0.03774788443860764,0.00014688384868683128,nan,nan,nan,nan
9752,97.53,,97.53000000000358,False,8.333858373485565,-0.018872151030187804,0.034614427550518474,0.00014220148164901218,nan,nan,nan,nan
9753,97.542,,97.54200000000358,False,8.333143672259764,-0.019359040626096693,0.03003507215309784,0.0001343381182865756,nan,nan,nan,nan
9754,97.551,,97.55100000000358,False,8.332559446805828,-0.019850425452937907,0.026622444210459867,0.0001284781670132424,nan,nan,nan,nan
9755,97.56,,97.56000000000358,False,8.33198966239628,-0.02024382369045085,0.022924523586064487,0.000121333517566089,nan,nan,nan,nan
9756,97.572,,97.57200000000358,False,8.331178500905699,-0.020873815556234368,0.01788479851705054,0.0001112879723792062,nan,nan,nan,nan
9757,97.581,,97.58100000000358,False,8.330578752411203,-0.021261667521666697,0.013849337027548717,0.0001024054991166547,nan,nan,nan,nan
9758,97.59,,97.59000000000358,False,8.32993251397262,-0.021767269668482248,0.00977338932664791,9.33508278189664e-05,nan,nan,nan,nan
9759,97.602,,97.60200000000359,False,8.329081209841418,-0.02232188224607756,0.004035328417192897,7.940198798723964e-05,nan,nan,nan,nan
9760,97.611,,97.61100000000359,False,8.32838583309947,-0.022881260911941533,-0.00035917544797878665,6.858919390860161e-05,nan,nan,nan,nan
9761,97.62,,97.62000000000359,False,8.327709319281057,-0.023326089762869325,-0.004941516900273518,5.6363701562829405e-05,nan,nan,nan,nan
9762,97.632,,97.63200000000359,False,8.326748397092777,-0.024037369822461963,-0.011252072357520411,3.9029903355095556e-05,nan,nan,nan,nan
9763,97.641,,97.64100000000359,False,8.32604068185942,-0.02447132814158126,-0.016150013544203416,2.4520219176507854e-05,nan,nan,nan,nan
9764,97.65,,97.65000000000359,False,8.325280068710457,-0.025038134489760312,-0.02119468196966859,9.396038836930965e-06,nan,nan,nan,nan
9765,97.662,,97.66200000000359,False,8.32428316514669,-0.025653493749459775,-0.028090824708642288,-1.2830532193062757e-05,nan,nan,nan,nan
9766,97.671,,97.67100000000359,False,8.323472151610112,-0.0262762010789143,-0.0334841800274076,-3.0443551443826264e-05,nan,nan,nan,nan
9767,97.68,,97.68000000000359,False,8.322687608468637,-0.026765484434987195,-0.03893819815672094,-4.950108450679722e-05,nan,nan,nan,nan
9768,97.692,,97.69200000000359,False,8.32157946715638,-0.027548360924132976,-0.04651013142068989,-7.665169812416843e-05,nan,nan,nan,nan
9769,97.701,,97.70100000000359,False,8.320769496229541,-0.02801893426809913,-0.052235837363119014,-9.859516770582637e-05,nan,nan,nan,nan
9770,97.71,,97.71000000000359,False,8.319903570283904,-0.02863759781678935,-0.05822816061748435,-0.00012179371492569151,nan,nan,nan,nan
9771,97.722,,97.72200000000359,False,8.31877860293737,-0.029298299092592427,-0.06621700479982662,-0.00015482254765222786,nan,nan,nan,nan
9772,97.731,,97.73100000000359,False,8.31786996416971,-0.02997270370678182,-0.0725750631144495,-0.0001813753677375268,nan,nan,nan,nan
9773,97.74,,97.74000000000359,False,8.316999031253317,-0.03049263875471337,-0.07883630681838037,-0.00020923630090948717,nan,nan,nan,nan
9774,97.752,,97.75200000000359,False,8.31577989323924,-0.03132762020590575,-0.08758792161103489,-0.0002490420200032725,nan,nan,nan,nan
9775,97.761,,97.76100000000359,False,8.314899277527331,-0.031818075143070036,-0.09405196304000103,-0.000280382457646472,nan,nan,nan,nan
9776,97.77,,97.77000000000359,False,8.313965456035934,-0.03247134498856086,-0.1009132831472954,-0.000313846909646422,nan,nan,nan,nan
9777,97.782,,97.78200000000359,False,8.312768493733236,-0.033151674610362176,-0.10985253444874488,-0.0003603384028343429,nan,nan,nan,nan
9778,97.791,,97.79100000000359,False,8.311812092575545,-0.03385756618264231,-0.11707960946541045,-0.000398102091910855,nan,nan,nan,nan
9779,97.8,,97.80000000000359,False,8.310908116745226,-0.03438612614003811,-0.12402295659230633,-0.00043677149988006456,nan,nan,nan,nan
9780,97.812,,97.8120000000036,False,8.309659641185316,-0.035241918197222354,-0.13378746624181184,-0.0004921047375359514,nan,nan,nan,nan
9781,97.821,,97.8210000000036,False,8.308774051659189,-0.035726981973676464,-0.14083742983250344,-0.0005347267722593301,nan,nan,nan,nan
9782,97.83,,97.8300000000036,False,8.307846334440676,-0.03638823297852067,-0.14842209002249473,-0.0005805816920403886,nan,nan,nan,nan
9783,97.842,,97.8420000000036,False,8.30668195844992,-0.037050506914482105,-0.15808195924692317,-0.0006429554158958893,nan,nan,nan,nan
9784,97.851,,97.8510000000036,False,8.305766896922295,-0.0377576491416533,-0.1660115589358887,-0.0006940238450395545,nan,nan,nan,nan
9785,97.86,,97.8600000000036,False,8.304921455387193,-0.03826340760694393,-0.17344371577020018,-0.0007452067264032515,nan,nan,nan,nan
9786,97.872,,97.8720000000036,False,8.303778863328779,-0.039095233521707906,-0.1839584732068472,-0.0008184885261044693,nan,nan,nan,nan
9787,97.881,,97.8810000000036,False,8.302993132308508,-0.03954009769125786,-0.19137258228681314,-0.000873806713772682,nan,nan,nan,nan
9788,97.89,,97.8900000000036,False,8.30218677817941,-0.040172174674933725,-0.19946047174075426,-0.0009336881524246626,nan,nan,nan,nan
9789,97.902,,97.9020000000036,False,8.301212881687762,-0.04076557594912255,-0.20951616442744106,-0.0010135268366282708,nan,nan,nan,nan
9790,97.911,,97.9110000000036,False,8.30047037188244,-0.0414326594278401,-0.21790416457853606,-0.0010793300785595077,nan,nan,nan,nan
9791,97.92,,97.9200000000036,False,8.299815059003253,-0.041874072107253406,-0.225558959043616,-0.00114392751921845,nan,nan,nan,nan
9792,97.932,,97.9320000000036,False,8.298968148197,-0.04262265992029849,-0.23645875852257617,-0.0012364050204448425,nan,nan,nan,nan
9793,97.941,,97.9410000000036,False,8.298425768473226,-0.042982545302990276,-0.2439429367416013,-0.0013048042087146024,nan,nan,nan,nan
9794,97.95,,97.9500000000036,False,8.297895758858447,-0.04353720824814034,-0.2522357289245605,-0.001379260094986933,nan,nan,nan,nan
9795,97.962,,97.9620000000036,False,8.297319738713508,-0.043997507260282696,-0.26226539412531524,-0.001476494049622088,nan,nan,nan,nan
9796,97.971,,97.9710000000036,False,8.296918781338588,-0.04457182271233314,-0.27078768971135403,-0.0015571370564509128,nan,nan,nan,nan
9797,97.98,,97.9800000000036,False,8.296619731643835,-0.0448972807284022,-0.27832619621787275,-0.0016345863730431094,nan,nan,nan,nan
9798,97.992,,97.9920000000036,False,8.296303387378902,-0.045488971239636876,-0.2891436384775501,-0.0017454011484863967,nan,nan,nan,nan
9799,98.001,,98.0010000000036,False,8.296178037543037,-0.04570958952858442,-0.2963342741954107,-0.0018255423787528397,nan,nan,nan,nan
9800,98.01,,98.0100000000036,False,8.296108943441535,-0.04612792535678834,-0.30445784996083364,-0.0019132945330156204,nan,nan,nan,nan
9801,98.022,,98.0220000000036,False,8.296172379840884,-0.04637855636343492,-0.31394929174291153,-0.0020252379718070732,nan,nan,nan,nan
9802,98.031,,98.0310000000036,False,8.296306115595058,-0.0467967801754519,-0.3222066853972611,-0.0021187272705069753,nan,nan,nan,nan
9723,97.242,,97.24200000000357,False,8.346398575450236,-0.009808378910433199,0.08079416632560794,0.0001468082880980012,nan,nan,nan,nan
9724,97.251,,97.25100000000357,False,8.346073058351644,-0.010028443509909973,0.08100039534511869,0.00014920722118391225,nan,nan,nan,nan
9725,97.26,,97.26000000000357,False,8.345760904089655,-0.010202732512639787,0.08079196641301926,0.0001511863724477457,nan,nan,nan,nan
9726,97.272,,97.27200000000357,False,8.345327752034613,-0.010485575842086033,0.08068902454375872,0.0001540953741228129,nan,nan,nan,nan
9727,97.281,,97.28100000000357,False,8.34501352706642,-0.010658549281447096,0.0802355409194585,0.0001558602770948228,nan,nan,nan,nan
9728,97.29,,97.29000000000357,False,8.344682284058619,-0.010888160231251736,0.08003359735390302,0.00015797549133574588,nan,nan,nan,nan
9729,97.302,,97.30200000000357,False,8.34425311588198,-0.011139422666545115,0.07925602272405914,0.00016017826967562495,nan,nan,nan,nan
9730,97.311,,97.31100000000357,False,8.34391046895795,-0.011397694092788652,0.07895677057284081,0.00016225169654400477,nan,nan,nan,nan
9731,97.32,,97.32000000000357,False,8.343580835033423,-0.011603094667683495,0.07823243651734069,0.00016375735336951266,nan,nan,nan,nan
9732,97.332,,97.33200000000357,False,8.343120854791847,-0.011936551357298927,0.07741067023046878,0.00016601322801202922,nan,nan,nan,nan
9733,97.341,,97.34100000000358,False,8.342785607283117,-0.012141490128314475,0.07640855196813635,0.00016713617994684035,nan,nan,nan,nan
9734,97.35,,97.35000000000358,False,8.342430155997283,-0.012412865056775482,0.07563112439535867,0.00016862542078222576,nan,nan,nan,nan
9735,97.362,,97.36200000000358,False,8.341967213392548,-0.012711248782940502,0.07407910518263984,0.00016978012475189075,nan,nan,nan,nan
9736,97.371,,97.37100000000358,False,8.341594912130718,-0.013016793652490553,0.07316140778770781,0.00017107504661613158,nan,nan,nan,nan
9737,97.38,,97.38000000000358,False,8.341235041578733,-0.013260953348796949,0.07182256579691995,0.00017163336275976082,nan,nan,nan,nan
9738,97.392,,97.39200000000358,False,8.34072923343663,-0.013656258799432316,0.0701372687845211,0.0001725618016334723,nan,nan,nan,nan
9739,97.401,,97.40100000000358,False,8.340358364361519,-0.013900288637316717,0.0684912308194514,0.00017251310776037577,nan,nan,nan,nan
9740,97.41,,97.41000000000358,False,8.339962517324087,-0.014221807412040753,0.06702791447546655,0.00017281185905923454,nan,nan,nan,nan
9741,97.422,,97.42200000000358,False,8.339443866164045,-0.014576632137690502,0.06457362280009572,0.0001721348933991622,nan,nan,nan,nan
9742,97.431,,97.43100000000358,False,8.339023573444456,-0.01493792149464905,0.06292349950660511,0.00017201495944858236,nan,nan,nan,nan
9743,97.44,,97.44000000000358,False,8.338615317628019,-0.015227629763528408,0.060874420737277155,0.0001709740517282567,nan,nan,nan,nan
9744,97.452,,97.45200000000358,False,8.33803753248755,-0.015694822658774157,0.05818479021494723,0.00016964082299572193,nan,nan,nan,nan
9745,97.461,,97.46100000000358,False,8.33761156064492,-0.015983916286072437,0.0558061623572237,0.0001676996664929988,nan,nan,nan,nan
9746,97.47,,97.47000000000358,False,8.337154275594854,-0.01636281171817192,0.05355227655206426,0.00016603019899993652,nan,nan,nan,nan
9747,97.482,,97.48200000000358,False,8.336552235153983,-0.01678152651507175,0.05008039504804316,0.00016246067751589876,nan,nan,nan,nan
9748,97.491,,97.49100000000358,False,8.336061473284953,-0.01720560154788771,0.04759237227821961,0.0001600530346443307,nan,nan,nan,nan
9749,97.5,,97.50000000000358,False,8.335583159311343,-0.01754596624553062,0.044749570811794016,0.00015653527726726003,nan,nan,nan,nan
9750,97.512,,97.51200000000358,False,8.334903081412472,-0.018092691842359506,0.040931638551473026,0.00015167638807181454,nan,nan,nan,nan
9751,97.521,,97.52100000000358,False,8.334400123872207,-0.018430776897017224,0.03774788443860764,0.00014688384868683128,nan,nan,nan,nan
9752,97.53,,97.53000000000358,False,8.333858373485565,-0.018872151030187804,0.034614427550518474,0.00014220148164901218,nan,nan,nan,nan
9753,97.542,,97.54200000000358,False,8.333143672259764,-0.019359040626096693,0.03003507215309784,0.0001343381182865756,nan,nan,nan,nan
9754,97.551,,97.55100000000358,False,8.332559446805828,-0.019850425452937907,0.026622444210459867,0.0001284781670132424,nan,nan,nan,nan
9755,97.56,,97.56000000000358,False,8.33198966239628,-0.02024382369045085,0.022924523586064487,0.000121333517566089,nan,nan,nan,nan
9756,97.572,,97.57200000000358,False,8.331178500905699,-0.020873815556234368,0.01788479851705054,0.0001112879723792062,nan,nan,nan,nan
9757,97.581,,97.58100000000358,False,8.330578752411203,-0.021261667521666697,0.013849337027548717,0.0001024054991166547,nan,nan,nan,nan
9758,97.59,,97.59000000000358,False,8.32993251397262,-0.021767269668482248,0.00977338932664791,9.33508278189664e-05,nan,nan,nan,nan
9759,97.602,,97.60200000000359,False,8.329081209841418,-0.02232188224607756,0.004035328417192897,7.940198798723964e-05,nan,nan,nan,nan
9760,97.611,,97.61100000000359,False,8.32838583309947,-0.022881260911941533,-0.00035917544797878665,6.858919390860161e-05,nan,nan,nan,nan
9761,97.62,,97.62000000000359,False,8.327709319281057,-0.023326089762869325,-0.004941516900273518,5.6363701562829405e-05,nan,nan,nan,nan
9762,97.632,,97.63200000000359,False,8.326748397092777,-0.024037369822461963,-0.011252072357520411,3.9029903355095556e-05,nan,nan,nan,nan
9763,97.641,,97.64100000000359,False,8.32604068185942,-0.02447132814158126,-0.016150013544203416,2.4520219176507854e-05,nan,nan,nan,nan
9764,97.65,,97.65000000000359,False,8.325280068710457,-0.025038134489760312,-0.02119468196966859,9.396038836930965e-06,nan,nan,nan,nan
9765,97.662,,97.66200000000359,False,8.32428316514669,-0.025653493749459775,-0.028090824708642288,-1.2830532193062757e-05,nan,nan,nan,nan
9766,97.671,,97.67100000000359,False,8.323472151610112,-0.0262762010789143,-0.0334841800274076,-3.0443551443826264e-05,nan,nan,nan,nan
9767,97.68,,97.68000000000359,False,8.322687608468637,-0.026765484434987195,-0.03893819815672094,-4.950108450679722e-05,nan,nan,nan,nan
9768,97.692,,97.69200000000359,False,8.32157946715638,-0.027548360924132976,-0.04651013142068989,-7.665169812416843e-05,nan,nan,nan,nan
9769,97.701,,97.70100000000359,False,8.320769496229541,-0.02801893426809913,-0.052235837363119014,-9.859516770582637e-05,nan,nan,nan,nan
9770,97.71,,97.71000000000359,False,8.319903570283904,-0.02863759781678935,-0.05822816061748435,-0.00012179371492569151,nan,nan,nan,nan
9771,97.722,,97.72200000000359,False,8.31877860293737,-0.029298299092592427,-0.06621700479982662,-0.00015482254765222786,nan,nan,nan,nan
9772,97.731,,97.73100000000359,False,8.31786996416971,-0.02997270370678182,-0.0725750631144495,-0.0001813753677375268,nan,nan,nan,nan
9773,97.74,,97.74000000000359,False,8.316999031253317,-0.03049263875471337,-0.07883630681838037,-0.00020923630090948717,nan,nan,nan,nan
9774,97.752,,97.75200000000359,False,8.31577989323924,-0.03132762020590575,-0.08758792161103489,-0.0002490420200032725,nan,nan,nan,nan
9775,97.761,,97.76100000000359,False,8.314899277527331,-0.031818075143070036,-0.09405196304000103,-0.000280382457646472,nan,nan,nan,nan
9776,97.77,,97.77000000000359,False,8.313965456035934,-0.03247134498856086,-0.1009132831472954,-0.000313846909646422,nan,nan,nan,nan
9777,97.782,,97.78200000000359,False,8.312768493733236,-0.033151674610362176,-0.10985253444874488,-0.0003603384028343429,nan,nan,nan,nan
9778,97.791,,97.79100000000359,False,8.311812092575545,-0.03385756618264231,-0.11707960946541045,-0.000398102091910855,nan,nan,nan,nan
9779,97.8,,97.80000000000359,False,8.310908116745226,-0.03438612614003811,-0.12402295659230633,-0.00043677149988006456,nan,nan,nan,nan
9780,97.812,,97.8120000000036,False,8.309659641185316,-0.035241918197222354,-0.13378746624181184,-0.0004921047375359514,nan,nan,nan,nan
9781,97.821,,97.8210000000036,False,8.308774051659189,-0.035726981973676464,-0.14083742983250344,-0.0005347267722593301,nan,nan,nan,nan
9782,97.83,,97.8300000000036,False,8.307846334440676,-0.03638823297852067,-0.14842209002249473,-0.0005805816920403886,nan,nan,nan,nan
9783,97.842,,97.8420000000036,False,8.30668195844992,-0.037050506914482105,-0.15808195924692317,-0.0006429554158958893,nan,nan,nan,nan
9784,97.851,,97.8510000000036,False,8.305766896922295,-0.0377576491416533,-0.1660115589358887,-0.0006940238450395545,nan,nan,nan,nan
9785,97.86,,97.8600000000036,False,8.304921455387193,-0.03826340760694393,-0.17344371577020018,-0.0007452067264032515,nan,nan,nan,nan
9786,97.872,,97.8720000000036,False,8.303778863328779,-0.039095233521707906,-0.1839584732068472,-0.0008184885261044693,nan,nan,nan,nan
9787,97.881,,97.8810000000036,False,8.302993132308508,-0.03954009769125786,-0.19137258228681314,-0.000873806713772682,nan,nan,nan,nan
9788,97.89,,97.8900000000036,False,8.30218677817941,-0.040172174674933725,-0.19946047174075426,-0.0009336881524246626,nan,nan,nan,nan
9789,97.902,,97.9020000000036,False,8.301212881687762,-0.04076557594912255,-0.20951616442744106,-0.0010135268366282708,nan,nan,nan,nan
9790,97.911,,97.9110000000036,False,8.30047037188244,-0.0414326594278401,-0.21790416457853606,-0.0010793300785595077,nan,nan,nan,nan
9791,97.92,,97.9200000000036,False,8.299815059003253,-0.041874072107253406,-0.225558959043616,-0.00114392751921845,nan,nan,nan,nan
9792,97.932,,97.9320000000036,False,8.298968148197,-0.04262265992029849,-0.23645875852257617,-0.0012364050204448425,nan,nan,nan,nan
9793,97.941,,97.9410000000036,False,8.298425768473226,-0.042982545302990276,-0.2439429367416013,-0.0013048042087146024,nan,nan,nan,nan
9794,97.95,,97.9500000000036,False,8.297895758858447,-0.04353720824814034,-0.2522357289245605,-0.001379260094986933,nan,nan,nan,nan
9795,97.962,,97.9620000000036,False,8.297319738713508,-0.043997507260282696,-0.26226539412531524,-0.001476494049622088,nan,nan,nan,nan
9796,97.971,,97.9710000000036,False,8.296918781338588,-0.04457182271233314,-0.27078768971135403,-0.0015571370564509128,nan,nan,nan,nan
9797,97.98,,97.9800000000036,False,8.296619731643835,-0.0448972807284022,-0.27832619621787275,-0.0016345863730431094,nan,nan,nan,nan
9798,97.992,,97.9920000000036,False,8.296303387378902,-0.045488971239636876,-0.2891436384775501,-0.0017454011484863967,nan,nan,nan,nan
9799,98.001,,98.0010000000036,False,8.296178037543037,-0.04570958952858442,-0.2963342741954107,-0.0018255423787528397,nan,nan,nan,nan
9800,98.01,,98.0100000000036,False,8.296108943441535,-0.04612792535678834,-0.30445784996083364,-0.0019132945330156204,nan,nan,nan,nan
9801,98.022,,98.0220000000036,False,8.296172379840884,-0.04637855636343492,-0.31394929174291153,-0.0020252379718070732,nan,nan,nan,nan
9802,98.031,,98.0310000000036,False,8.296306115595058,-0.0467967801754519,-0.3222066853972611,-0.0021187272705069753,nan,nan,nan,nan
9803,98.04,,98.0400000000036,False,8.29654937321915,-0.046945805530363045,-0.3292248501147937,-0.002206262394992154,nan,nan,nan,nan
9804,98.052,,98.0520000000036,False,8.297021247291225,-0.047294302047113136,-0.3394015861824311,-0.0023314277060214454,nan,nan,nan,nan
9805,98.061,,98.0610000000036,False,8.29749888961753,-0.047313579731943355,-0.3458767571626383,-0.0024195235732932833,nan,nan,nan,nan
9806,98.07,,98.0700000000036,False,8.29808484074863,-0.04752777338064256,-0.3533927953886821,-0.00251670658045098,nan,nan,nan,nan
9807,98.082,,98.0820000000036,False,8.299035361216662,-0.04748274672850793,-0.36176271288541395,-0.002637120240244963,nan,nan,nan,nan
9808,98.091,,98.0910000000036,False,8.2998973730956,-0.047673223940349,-0.36929610300118865,-0.002738624600032735,nan,nan,nan,nan
9809,98.1,,98.1000000000036,False,8.300864710132265,-0.04757914533146596,-0.37534267391007703,-0.002830615704790045,nan,nan,nan,nan
9810,98.112,,98.1120000000036,False,8.30236999513251,-0.0475893614301881,-0.3842553787479064,-0.002962136422221956,nan,nan,nan,nan
9811,98.121,,98.1210000000036,False,8.303621877117049,-0.04734071466172755,-0.3895571201487102,-0.0030513850259088105,nan,nan,nan,nan
9812,98.13,,98.1300000000036,False,8.305037316412932,-0.04727747638770704,-0.395986558458466,-0.003150966330990816,nan,nan,nan,nan
9813,98.142,,98.1420000000036,False,8.307089092896971,-0.04684643472582979,-0.40261540110248517,-0.003269434724916342,nan,nan,nan,nan
9814,98.151,,98.1510000000036,False,8.308841234741573,-0.04673319210884268,-0.40893365913476887,-0.003370814516894849,nan,nan,nan,nan
9815,98.16,,98.1600000000036,False,8.310678336502052,-0.046327457929722794,-0.4135403283659458,-0.0034584282304232646,nan,nan,nan,nan
9816,98.172,,98.1720000000036,False,8.313404893767819,-0.04590163141156302,-0.42054376701648427,-0.003583906011143524,nan,nan,nan,nan
9817,98.181,,98.1810000000036,False,8.315554297622187,-0.04531883040178178,-0.42421259285000223,-0.0036643453148608885,nan,nan,nan,nan
9818,98.19,,98.19000000000361,False,8.317918892107361,-0.04490449712753704,-0.42907208230912375,-0.0037560029977745093,nan,nan,nan,nan
9819,98.202,,98.20200000000361,False,8.32120678197546,-0.0439998112753405,-0.43335516148398784,-0.0038579949443764533,nan,nan,nan,nan
9820,98.211,,98.21100000000361,False,8.323942954852177,-0.04350818289431212,-0.4379759812634828,-0.003947891872639782,nan,nan,nan,nan
9821,98.22,,98.22000000000361,False,8.32672464657419,-0.042726096403239565,-0.44069934121620763,-0.004019356232701945,nan,nan,nan,nan
9822,98.232,,98.23200000000361,False,8.330755536816312,-0.041771796705701456,-0.44518544594960496,-0.004122468053322527,nan,nan,nan,nan
9823,98.241,,98.24100000000361,False,8.333843846046527,-0.0407950348607224,-0.44680555212252265,-0.004181528931467172,nan,nan,nan,nan
9824,98.25,,98.25000000000361,False,8.337187721160829,-0.03996190714274859,-0.4496549969445363,-0.00425227226315374,nan,nan,nan,nan
9825,98.262,,98.26200000000361,False,8.341723574544881,-0.03850708620915354,-0.4510662548142674,-0.004320237895598486,nan,nan,nan,nan
9826,98.271,,98.27100000000361,False,8.345436526231213,-0.03757033509715782,-0.45356679206436495,-0.004384993047272282,nan,nan,nan,nan
9827,98.28,,98.28000000000361,False,8.34913614567832,-0.036357505847011584,-0.45403820655525434,-0.004426707307613885,nan,nan,nan,nan
9828,98.292,,98.29200000000361,False,8.354409727359473,-0.03479648193588821,-0.4555051508917372,-0.004488864131095759,nan,nan,nan,nan
9829,98.301,,98.30100000000361,False,8.358369440978665,-0.033378772436588905,-0.4547550515869536,-0.004512816184493827,nan,nan,nan,nan
9830,98.31,,98.31000000000361,False,8.362606859822337,-0.032071741724294646,-0.45525048264310414,-0.004548535150138588,nan,nan,nan,nan
9831,98.322,,98.32200000000361,False,8.368248701001853,-0.030009801852233155,-0.4534103678018127,-0.004564229504923341,nan,nan,nan,nan
9832,98.331,,98.33100000000361,False,8.372808359037057,-0.02857564447306241,-0.453480647716964,-0.004589756366879967,nan,nan,nan,nan
9833,98.34,,98.34000000000361,False,8.377279484397864,-0.026894024817669875,-0.4514565601738772,-0.00458832472561637,nan,nan,nan,nan
9834,98.352,,98.35200000000361,False,8.383568316679456,-0.024670303883641272,-0.44957710768433984,-0.004591575330428477,nan,nan,nan,nan
9835,98.361,,98.36100000000361,False,8.388211059004794,-0.022782992959299805,-0.446277299805725,-0.00456785845625384,nan,nan,nan,nan
9836,98.37,,98.37000000000361,False,8.39313078448672,-0.02096520476006368,-0.44422023304422636,-0.004555770634938403,nan,nan,nan,nan
9837,98.382,,98.38200000000361,False,8.399575201018928,-0.018265343203292195,-0.43895566012559856,-0.004503681955203124,nan,nan,nan,nan
9838,98.391,,98.39100000000361,False,8.404726350806786,-0.016301102276731552,-0.4364453018908658,-0.004478168705446041,nan,nan,nan,nan
9839,98.4,,98.40000000000362,False,8.409704053931657,-0.014133387909572161,-0.4318486452780501,-0.004423175688928491,nan,nan,nan,nan
9840,98.412,,98.41200000000362,False,8.41662185602195,-0.011219011817283896,-0.4265250730941938,-0.004354053284008357,nan,nan,nan,nan
9841,98.421,,98.42100000000362,False,8.421647567957757,-0.008855288244248857,-0.4206735240170853,-0.004274207469015043,nan,nan,nan,nan
9842,98.43,,98.43000000000362,False,8.426925854298181,-0.006511738521418151,-0.4160474800359734,-0.004205879311390261,nan,nan,nan,nan
9843,98.442,,98.44200000000362,False,8.433730420276838,-0.0031730102317567093,-0.40743220525102664,-0.004077254234123113,nan,nan,nan,nan
9844,98.451,,98.45100000000362,False,8.439114391021672,-0.0006684704741369582,-0.4023817342548362,-0.00399427150816488,nan,nan,nan,nan
9845,98.46,,98.46000000000362,False,8.444239825930087,0.0019799089741283768,-0.39532651901734894,-0.003881328418442084,nan,nan,nan,nan
9846,98.472,,98.47200000000362,False,8.451280655234086,0.005582402392963288,-0.38672205959063183,-0.003734953343150071,nan,nan,nan,nan
9847,98.481,,98.48100000000362,False,8.456310130813845,0.008406483480903063,-0.37851101667074943,-0.0035975874430323254,nan,nan,nan,nan
9848,98.49,,98.49000000000362,False,8.46154784908929,0.011267805063106661,-0.37149902653834677,-0.003471935979803096,nan,nan,nan,nan
9849,98.502,,98.50200000000362,False,8.468184312077048,0.015216042974132364,-0.3598678387340326,-0.0032685637359957426,nan,nan,nan,nan
9850,98.511,,98.51100000000362,False,8.473384310029118,0.01824811664957443,-0.3525201635666898,-0.0031299120029976077,nan,nan,nan,nan
9851,98.52,,98.52000000000362,False,8.478251449710154,0.021349255848201805,-0.34331609128025065,-0.002963289853896047,nan,nan,nan,nan
9852,98.532,,98.53200000000362,False,8.484858193963518,0.02560715955259135,-0.33185980396136566,-0.002746776494427429,nan,nan,nan,nan
9853,98.541,,98.54100000000362,False,8.48948589355437,0.028853582158153226,-0.3216730153476154,-0.002559851852340265,nan,nan,nan,nan
9854,98.55,,98.55000000000362,False,8.494265788255793,0.032202302627111025,-0.31265582230473893,-0.00238537895090246,nan,nan,nan,nan
9855,98.562,,98.56200000000362,False,8.50019760140244,0.03670196355003229,-0.2985940376507156,-0.0021221411529145063,nan,nan,nan,nan
9856,98.571,,98.57100000000362,False,8.504801730590387,0.04022656090715959,-0.28938796030098274,-0.001939670343122696,nan,nan,nan,nan
9857,98.58,,98.58000000000362,False,8.50901974406712,0.0437313362992062,-0.2785281508584743,-0.0017337694164070198,nan,nan,nan,nan
9858,98.592,,98.59200000000362,False,8.514671850241434,0.048583015718260056,-0.2648984901160404,-0.001467927617317008,nan,nan,nan,nan
9859,98.601,,98.60100000000362,False,8.518198792087198,0.05219512951304712,-0.2533042262017529,-0.0012497264540071694,nan,nan,nan,nan
9860,98.61,,98.61000000000362,False,8.521267031493956,0.05598532899077045,-0.2428722988198799,-0.0010455032769591233,nan,nan,nan,nan
9861,98.622,,98.62200000000362,False,8.524223531612952,0.06096532750502804,-0.22724502108683103,-0.0007512520219126389,nan,nan,nan,nan
9862,98.631,,98.63100000000362,False,8.526195742333917,0.06494097065709309,-0.21685021291775922,-0.0005473886661925428,nan,nan,nan,nan
9863,98.64,,98.64000000000362,False,8.527557044569976,0.06879902042256633,-0.2050469212311218,-0.0003268464525675412,nan,nan,nan,nan
9864,98.652,,98.65200000000362,False,8.529122005646324,0.07418597862909429,-0.19022598656467826,-4.593108662472395e-05,nan,nan,nan,nan
9865,98.661,,98.66100000000363,False,8.529812587559464,0.07810850721507788,-0.17797191920245453,0.0001760497964931734,nan,nan,nan,nan
9866,98.67,,98.67000000000363,False,8.530531223597576,0.08228504336308826,-0.16685256302428483,0.0003823800251905273,nan,nan,nan,nan
9867,98.682,,98.68200000000363,False,8.530977580751674,0.0876486477341758,-0.15061669501333563,0.0006688492320510937,nan,nan,nan,nan
9868,98.691,,98.69100000000363,False,8.531408478326702,0.09200078933163697,-0.13974639084755014,0.0008647600843598068,nan,nan,nan,nan
9869,98.7,,98.70000000000363,False,8.531495549409097,0.09611925377301964,-0.12770869209847555,0.0010693275319507605,nan,nan,nan,nan
9870,98.712,,98.71200000000363,False,8.531641644989566,0.10190648318697039,-0.11265187627412003,0.001323900121245975,nan,nan,nan,nan
9871,98.721,,98.72100000000363,False,8.531464844178075,0.1060208250536632,-0.10046529870277779,0.001517498388670208,nan,nan,nan,nan
9872,98.73,,98.73000000000363,False,8.531415536911473,0.11046359804682289,-0.08942474453923421,0.0016935778220771092,nan,nan,nan,nan
9873,98.742,,98.74200000000363,False,8.531001841197805,0.11603170280751766,-0.07362995280160557,0.001928125715376815,nan,nan,nan,nan
9874,98.751,,98.75100000000363,False,8.530848521402445,0.1206232455767715,-0.06312605782822933,0.002083094251521805,nan,nan,nan,nan
9875,98.76,,98.76000000000363,False,8.530426748782805,0.12485283671794335,-0.051708336516251854,0.0022384117225783128,nan,nan,nan,nan
9876,98.772,,98.77200000000363,False,8.529943811911894,0.1308345917060474,-0.03762829810888168,0.002422755427253492,nan,nan,nan,nan
9877,98.781,,98.78100000000363,False,8.529350277963568,0.1349765525479537,-0.026436393418482997,0.002555386904858135,nan,nan,nan,nan
9878,98.79,,98.79000000000363,False,8.528895973914299,0.1395193223166009,-0.016464671409028717,0.00266939705235881,nan,nan,nan,nan
9879,98.802,,98.80200000000363,False,8.527995021364509,0.14506041910899245,-0.002444560754599973,0.0028108075798254158,nan,nan,nan,nan
9880,98.811,,98.81100000000363,False,8.527486026161258,0.14971474664415838,0.006614688450512886,0.002895281426077971,nan,nan,nan,nan
9881,98.82,,98.82000000000363,False,8.52674236489532,0.1538736315011193,0.016345891998020515,0.00297305469354443,nan,nan,nan,nan
9882,98.832,,98.83200000000363,False,8.525854857565266,0.1598012453810134,0.027950195165826752,0.0030519144797594715,nan,nan,nan,nan
9883,98.841,,98.84100000000363,False,8.524991318634823,0.16377998341292715,0.037039317212897244,0.0030992457671375575,nan,nan,nan,nan
9884,98.85,,98.85000000000363,False,8.52428677794386,0.16822647604395613,0.044769066570481485,0.0031289551751079512,nan,nan,nan,nan
9885,98.862,,98.86200000000363,False,8.523098011344633,0.17347396844048266,0.055493360103929065,0.0031511972654936224,nan,nan,nan,nan
9886,98.871,,98.87100000000363,False,8.522409058787856,0.17798169423218352,0.061891629620764145,0.00314872975576098,nan,nan,nan,nan
9887,98.88,,98.88000000000363,False,8.521519158327434,0.1818584143328815,0.06877698901533454,0.0031353145705729966,nan,nan,nan,nan
9888,98.892,,98.89200000000363,False,8.5205016624505,0.1874358293757219,0.0763011306063082,0.0030954073668939307,nan,nan,nan,nan
9889,98.901,,98.90100000000363,False,8.519583160473156,0.1910262856334553,0.08214440021588268,0.003051282231541481,nan,nan,nan,nan
9890,98.91,,98.91000000000363,False,8.518881333806366,0.19513794645673954,0.08642436713857216,0.002994291421031632,nan,nan,nan,nan
9891,98.922,,98.92200000000364,False,8.517757570459912,0.19977074036556614,0.09233893504504044,0.002899853389904483,nan,nan,nan,nan
9892,98.931,,98.93100000000364,False,8.517201768711416,0.20387195001286654,0.09486168485631903,0.0028173741681222714,nan,nan,nan,nan
9893,98.94,,98.94000000000364,False,8.516483328116466,0.20720806325414115,0.09777999246447129,0.002723595441470802,nan,nan,nan,nan
9894,98.952,,98.95200000000364,False,8.515815012554246,0.21206824224984275,0.0996750449271293,0.0025866719493969296,nan,nan,nan,nan
9895,98.961,,98.96100000000364,False,8.515211082799638,0.2149956750566887,0.10120279660029888,0.0024722818466977126,nan,nan,nan,nan
9896,98.97,,98.97000000000364,False,8.514925980616127,0.21847711193818004,0.10089207934622661,0.0023551848791055177,nan,nan,nan,nan
9897,98.982,,98.98200000000364,False,8.51443161545005,0.22210512449947786,0.10061229569016211,0.002186187635556386,nan,nan,nan,nan
9898,98.991,,98.99100000000364,False,8.514484664532446,0.22548074406249755,0.09813613075556764,0.0020621568046269214,nan,nan,nan,nan
9899,99.0,,99.00000000000364,False,8.514412716384442,0.22796627763335556,0.09608833715951318,0.0019304719390680909,nan,nan,nan,nan
9900,99.012,,99.01200000000364,False,8.51478323217434,0.23166947567791013,0.09097689924337558,0.001762116357121611,nan,nan,nan,nan
9901,99.021,,99.02100000000364,False,8.515015874514374,0.23361269722404715,0.08727955313644917,0.001631359593429081,nan,nan,nan,nan
9902,99.03,,99.03000000000364,False,8.51571524032948,0.23611741994683763,0.08140032880884565,0.0015145952535048136,nan,nan,nan,nan
9903,99.042,,99.04200000000364,False,8.516613709234237,0.23829492561368382,0.07380344767054631,0.0013573287996533452,nan,nan,nan,nan
9904,99.051,,99.05100000000364,False,8.517902929962327,0.2405795464015525,0.06541156117819505,0.001264300380067025,nan,nan,nan,nan
9905,99.06,,99.06000000000364,False,8.519100120106993,0.24186929330968304,0.05763880534010682,0.0011698438626856142,nan,nan,nan,nan
9906,99.072,,99.07200000000364,False,8.521399803649958,0.24392869432470615,0.04449310444824935,0.001079179444435444,nan,nan,nan,nan
9907,99.081,,99.08100000000364,False,8.523139818291828,0.24454265656065952,0.03495924771230125,0.0010166054208844792,nan,nan,nan,nan
9908,99.09,,99.09000000000364,False,8.525546239810206,0.24569787265698578,0.022851883836693166,0.000991220414055062,nan,nan,nan,nan
9909,99.102,,99.10200000000364,False,8.528808807790519,0.24596047209569735,0.007287261173860223,0.000969165170846325,nan,nan,nan,nan
9910,99.111,,99.11100000000364,False,8.532128116364204,0.24677269543542976,-0.0075529173214550485,0.001006883000868372,nan,nan,nan,nan
9911,99.12,,99.12000000000364,False,8.535385059269178,0.2465187456220265,-0.021394678004183133,0.0010486845930315861,nan,nan,nan,nan
9912,99.132,,99.13200000000364,False,8.540744886723207,0.24644735089690764,-0.04300103315254354,0.0011739903396360016,nan,nan,nan,nan
9913,99.141,,99.14100000000364,False,8.544848770568958,0.24540044306923603,-0.058499541974036645,0.0012818329673270922,nan,nan,nan,nan
9914,99.15,,99.15000000000364,False,8.549886683971913,0.244846709295356,-0.07697564628458976,0.0014546331452492552,nan,nan,nan,nan
9915,99.162,,99.16200000000364,False,8.556764000557196,0.24276646782829123,-0.10042813525806271,0.0017057507694839245,nan,nan,nan,nan
9916,99.171,,99.17100000000364,False,8.5631399324017,0.24175313928939215,-0.12165320219389376,0.001981684797742689,nan,nan,nan,nan
9917,99.18,,99.18000000000364,False,8.569485100825966,0.23964994133059223,-0.14129404771907086,0.002261436623946841,nan,nan,nan,nan
9918,99.192,,99.19200000000365,False,8.579383413793842,0.23702396204342704,-0.17090680316655574,0.0027385492973913354,nan,nan,nan,nan
9919,99.201,,99.20100000000365,False,8.58697695303683,0.23404621609916615,-0.1918185917055382,0.0031111203985230446,nan,nan,nan,nan
9920,99.21,,99.21000000000365,False,8.595864942923495,0.23148816668288424,-0.21607441176989625,0.003576763924319921,nan,nan,nan,nan
9921,99.222,,99.22200000000365,False,8.608011472048092,0.22674137173748501,-0.2463450634019802,0.004214123673276826,nan,nan,nan,nan
9922,99.231,,99.23100000000365,False,8.618803755243796,0.22363149057838713,-0.27308474507472147,0.004811235668156131,nan,nan,nan,nan
9923,99.24,,99.24000000000365,False,8.629600694791527,0.21946885022301374,-0.29745126625478674,0.0054001951212942385,nan,nan,nan,nan
9924,99.252,,99.25200000000365,False,8.64599449220282,0.2140013993624797,-0.33347416212769765,0.006315457270960841,nan,nan,nan,nan
9925,99.261,,99.26100000000365,False,8.658564535469633,0.20893868787835562,-0.358394821535915,0.007003218000671851,nan,nan,nan,nan
9926,99.27,,99.27000000000365,False,8.672904889286007,0.20420211362681828,-0.3869266089822194,0.007806298781884645,nan,nan,nan,nan
9927,99.282,,99.28200000000365,False,8.692483365547059,0.1966432537145382,-0.4217441043778512,0.00886758610594969,nan,nan,nan,nan
9928,99.291,,99.29100000000365,False,8.709453604511701,0.1913071783743774,-0.45215137066922173,0.009804545694806934,nan,nan,nan,nan
9929,99.3,,99.30000000000365,False,8.726454797413078,0.18502681733247767,-0.47922879825624,0.010704844333447745,nan,nan,nan,nan
9930,99.312,,99.31200000000365,False,8.751827406790495,0.17664661494692666,-0.5187436025726216,0.01204263899778605,nan,nan,nan,nan
9931,99.321,,99.32100000000365,False,8.771236044064064,0.1695169519535101,-0.5453163249309319,0.013014731177651274,nan,nan,nan,nan
9932,99.33,,99.33000000000365,False,8.793005885528128,0.1626087066463253,-0.5756049099274637,0.014111872693963187,nan,nan,nan,nan
9933,99.342,,99.34200000000365,False,8.822639977869997,0.15234584711976784,-0.6114170781119982,0.01551281192780254,nan,nan,nan,nan
9934,99.351,,99.35100000000365,False,8.847879140957112,0.14485623940081999,-0.6426142191368922,0.01670953982720795,nan,nan,nan,nan
9935,99.36,,99.36000000000365,False,8.873127647645083,0.13660789254694283,-0.6694388166540867,0.017823725788825018,nan,nan,nan,nan
9936,99.372,,99.37200000000365,False,8.910299003665862,0.12553678579014427,-0.7082265159760035,0.019429072640428386,nan,nan,nan,nan
9937,99.381,,99.38100000000365,False,8.938606661623192,0.11658303858668992,-0.7332114445436436,0.020550618614171345,nan,nan,nan,nan
9938,99.39,,99.39000000000365,False,8.96993242438682,0.10774684003134732,-0.7618125508934672,0.021790265742848328,nan,nan,nan,nan
9939,99.402,,99.40200000000365,False,9.012356344006012,0.09520685867696253,-0.7939861198826083,0.023306356225493624,nan,nan,nan,nan
9940,99.411,,99.41100000000365,False,9.04795600983907,0.08589018421383184,-0.82225068759806,0.0245745995775771,nan,nan,nan,nan
9941,99.42,,99.42000000000365,False,9.083428424175489,0.07607408412962613,-0.84515450264787,0.025703046659229987,nan,nan,nan,nan
9942,99.432,,99.43200000000365,False,9.134992427482798,0.06288129696409307,-0.8780917854043875,0.027286340540344924,nan,nan,nan,nan
9943,99.441,,99.44100000000365,False,9.174000538154317,0.05260092794579013,-0.8977295249104353,0.02833018640276895,nan,nan,nan,nan
9944,99.45,,99.45000000000366,False,9.216633866431016,0.04234576758815845,-0.9206867908382912,0.02947003934418467,nan,nan,nan,nan
9945,99.462,,99.46200000000366,False,9.273950788486081,0.02829440838902101,-0.9441456165579399,0.030771185722260945,nan,nan,nan,nan
9946,99.471,,99.47100000000366,False,9.321366842006164,0.01774148674949347,-0.9654559854163698,0.03184798957579742,nan,nan,nan,nan
9947,99.48,,99.48000000000366,False,9.368323247499806,0.0070038395504945835,-0.9806632702932296,0.03272967414936761,nan,nan,nan,nan
9948,99.492,,99.49200000000366,False,9.43569390379249,-0.007413646841371641,-1.0026082259809337,0.033931588769058114,nan,nan,nan,nan
9949,99.501,,99.50100000000366,False,9.48621482003948,-0.01830128480330561,-1.0133321527295462,0.034634472259058934,nan,nan,nan,nan
9950,99.51,,99.51000000000366,False,9.54087669116183,-0.029243105752214768,-1.026933488058153,0.03540365232930879,nan,nan,nan,nan
9951,99.522,,99.52200000000366,False,9.61397711462524,-0.043781830703533836,-1.0371724561134825,0.036143997132063684,nan,nan,nan,nan
9952,99.531,,99.53100000000366,False,9.673586571556791,-0.05478978949463836,-1.0480199908593,0.03676557060216631,nan,nan,nan,nan
9953,99.54,,99.54000000000366,False,9.73209533277937,-0.06564849058776515,-1.0524610802556615,0.03715529371601436,nan,nan,nan,nan
9954,99.552,,99.55200000000366,False,9.814646028149726,-0.08021243531386114,-1.059399439911482,0.037656658193482705,nan,nan,nan,nan
9955,99.561,,99.56100000000366,False,9.875649623963389,-0.09089691507255573,-1.0586976563452164,0.03780394296006223,nan,nan,nan,nan
9956,99.57,,99.57000000000366,False,9.940344219795051,-0.10172053588810065,-1.0604484046689309,0.037993608816875,nan,nan,nan,nan
9957,99.582,,99.58200000000366,False,10.025077966914182,-0.11570108682768769,-1.0549569874060258,0.03793707138482952,nan,nan,nan,nan
9958,99.591,,99.59100000000366,False,10.09267202626153,-0.12640007075164825,-1.053507193280349,0.03793691373330752,nan,nan,nan,nan
9959,99.6,,99.60000000000366,False,10.158000129241588,-0.13665331502056108,-1.0459321419066716,0.03770023639052941,nan,nan,nan,nan
9960,99.612,,99.61200000000366,False,10.248420729421236,-0.15044418081890396,-1.0364151879288819,0.037345540598767706,nan,nan,nan,nan
9961,99.621,,99.62100000000366,False,10.31408553974114,-0.1602943531954662,-1.0237475971051275,0.03685530993320055,nan,nan,nan,nan
9962,99.63,,99.63000000000366,False,10.382599258950533,-0.1704064837913222,-1.0130792496804188,0.036394482339850896,nan,nan,nan,nan
9963,99.642,,99.64200000000366,False,10.470875494908988,-0.18313006136150017,-0.991707790988708,0.03549162614415226,nan,nan,nan,nan
9964,99.651,,99.65100000000366,False,10.540077474396352,-0.19304431462650207,-0.977750915988084,0.03484598982818105,nan,nan,nan,nan
9965,99.66,,99.66000000000366,False,10.605922323371251,-0.202286719351029,-0.9583679456993693,0.03399112545161547,nan,nan,nan,nan
9966,99.672,,99.67200000000366,False,10.69508762793166,-0.21485017929538952,-0.9326716675393302,0.0328171046143229,nan,nan,nan,nan
9967,99.681,,99.68100000000366,False,10.75835664785425,-0.2236116781493514,-0.9085912927110872,0.031749987528873286,nan,nan,nan,nan
9968,99.69,,99.69000000000366,False,10.82283972423511,-0.232817218535519,-0.8859103969687487,0.030712010913836556,nan,nan,nan,nan
9969,99.702,,99.70200000000366,False,10.903559311031026,-0.2441510655696839,-0.8496056704616702,0.029102992687990038,nan,nan,nan,nan
9970,99.711,,99.71100000000366,False,10.964679764731052,-0.2532661446009309,-0.8236652100470901,0.027932495110235614,nan,nan,nan,nan
9971,99.72,,99.72000000000367,False,11.021084111148637,-0.2615712910660242,-0.7932650716537641,0.026607030696520238,nan,nan,nan,nan
9972,99.732,,99.73200000000367,False,11.094562984823416,-0.2731282514816674,-0.7522267904490306,0.024833327334709013,nan,nan,nan,nan
9973,99.741,,99.74100000000367,False,11.144554884204563,-0.28106116100853823,-0.7174958252399085,0.0233789452860002,nan,nan,nan,nan
9974,99.75,,99.75000000000367,False,11.193465486994986,-0.28970015413277544,-0.6832427828575077,0.021964175057417133,nan,nan,nan,nan
9975,99.762,,99.76200000000367,False,11.251739240557031,-0.3002102606294893,-0.6326379507483197,0.019944543115358124,nan,nan,nan,nan
9976,99.771,,99.77100000000367,False,11.29347815592783,-0.30903813038120515,-0.5946846675497867,0.018482573125016836,nan,nan,nan,nan
9977,99.78,,99.78000000000367,False,11.329759689370748,-0.31697925646239733,-0.5532593764921049,0.016937145926162096,nan,nan,nan,nan
9978,99.792,,99.79200000000367,False,11.37285266885774,-0.3284271435443565,-0.4962659795124689,0.014917703508973408,nan,nan,nan,nan
9979,99.801,,99.80100000000367,False,11.398836354817051,-0.3362807969187961,-0.45031956492367814,0.013359030104142277,nan,nan,nan,nan
9980,99.81,,99.81000000000367,False,11.420767652165713,-0.3452116362640497,-0.4033520521239379,0.011864219714469926,nan,nan,nan,nan
9981,99.822,,99.82200000000367,False,11.441232362447398,-0.35616069093878844,-0.3367238601464924,0.009852648858150386,nan,nan,nan,nan
9982,99.831,,99.83100000000367,False,11.450583961704782,-0.3658236662160743,-0.28469964163689554,0.008434070796331223,nan,nan,nan,nan
9983,99.84,,99.84000000000367,False,11.45384608769627,-0.3745953838690183,-0.2300833500866981,0.007018413656456345,nan,nan,nan,nan
9984,99.852,,99.85200000000367,False,11.448637996310275,-0.38775455367554973,-0.15318228400147477,0.005252049060764002,nan,nan,nan,nan
9985,99.861,,99.86100000000367,False,11.437799392302784,-0.39698162674231696,-0.09272629033742175,0.00398263654530542,nan,nan,nan,nan
9986,99.87,,99.87000000000367,False,11.419808459941681,-0.40784284744700244,-0.02873631576898207,0.0028312431946792764,nan,nan,nan,nan
9987,99.882,,99.88200000000367,False,11.386774965609225,-0.4215241198665195,0.06025219137051748,0.001424336783705094,nan,nan,nan,nan
9988,99.891,,99.89100000000367,False,11.352649219130878,-0.4339858444155577,0.13253286980766407,0.0005446569865098076,nan,nan,nan,nan
9989,99.9,,99.90000000000367,False,11.313331498244604,-0.44558927233605417,0.2068521115819666,-0.00022059908091610775,nan,nan,nan,nan
9990,99.912,,99.91200000000367,False,11.24889440577928,-0.46342586435972205,0.3136381721183128,-0.0009617985956690783,nan,nan,nan,nan
9991,99.921,,99.92100000000367,False,11.19490666297038,-0.47631261794247665,0.3964581700628593,-0.0013199711273286679,nan,nan,nan,nan
9992,99.93,,99.93000000000367,False,11.132824057310481,-0.4916118312484788,0.48556298918863616,-0.0014338327149586983,nan,nan,nan,nan
9993,99.942,,99.94200000000367,False,11.04389687216074,-0.5114033241144065,0.6075769703076337,-0.0012386129794134336,nan,nan,nan,nan
9994,99.951,,99.95100000000367,False,10.968460788891356,-0.5294085550427565,0.7072657412619491,-0.0007264409290510952,nan,nan,nan,nan
9995,99.96,,99.96000000000367,False,10.891138001601904,-0.5465110482793627,0.8077972976486706,6.006907137505853e-05,nan,nan,nan,nan
9996,99.972,,99.97200000000367,False,10.77891787098861,-0.5727079215241765,0.9514889535228136,0.0016950749776152105,nan,nan,nan,nan
9997,99.981,,99.98100000000368,False,10.69289775128333,-0.5919070593191753,1.0607865325207564,0.0033338113231294124,nan,nan,nan,nan
9998,99.99,,99.99000000000368,False,10.600845089836403,-0.6144029484643663,1.1783646074384162,0.005469559195908533,nan,nan,nan,nan
9999,100.002,,100.00200000000368,False,10.477659434483238,-0.643744310619184,1.336417669678342,0.008991677503679683,nan,nan,nan,nan
10000,100.011,,100.01100000000368,False,10.37989031751781,-0.6699628104227803,1.4656051063940996,0.012360236932343319,nan,nan,nan,nan
10001,100.02,,100.02000000000368,False,10.28461062154554,-0.6949743112047425,1.5935732367258382,0.01622624388470659,nan,nan,nan,nan
10002,100.032,,100.03200000000368,False,10.154702041669823,-0.7326457537682567,1.7757874672219671,0.02249484461035815,nan,nan,nan,nan
10003,100.041,,100.04100000000368,False,10.06131406673975,-0.7600792886754442,1.9118569316765923,0.02790746411875069,nan,nan,nan,nan
10004,100.05,,100.05000000000368,False,9.967060966043407,-0.7915373235717243,2.058237042509473,0.034239832942699666,nan,nan,nan,nan
10005,100.062,,100.06200000000368,False,9.849397521591932,-0.8319891725909575,2.2511277055483285,0.043773455197153886,nan,nan,nan,nan
10006,100.071,,100.07100000000368,False,9.76276980082463,-0.8671930402863385,2.4084920846236835,0.052204251479111466,nan,nan,nan,nan
10007,100.08,,100.08000000000368,False,9.684209816471379,-0.9001382315764486,2.560829292112771,0.06135396085840306,nan,nan,nan,nan
10008,100.092,,100.09200000000368,False,9.587067467586271,-0.9482738539989426,2.775295282033541,0.07534019710655758,nan,nan,nan,nan
10009,100.101,,100.10100000000368,False,9.525037484399405,-0.9821043922270879,2.9306058305860776,0.08677268117852298,nan,nan,nan,nan
10010,100.11,,100.11000000000368,False,9.470048737470966,-1.0197389513893063,3.095852342791504,0.09959536985217568,nan,nan,nan,nan
10011,100.122,,100.12200000000368,False,9.414122990712476,-1.065691084908586,3.3047700254676116,0.1179157327907298,nan,nan,nan,nan
10012,100.131,,100.13100000000368,False,9.384302459484216,-1.1040231696703964,3.4713826907532477,0.1333772696209971,nan,nan,nan,nan
10013,100.14,,100.14000000000368,False,9.36796116530942,-1.1375454098302469,3.624346568001895,0.1493845562896613,nan,nan,nan,nan
10014,100.152,,100.15200000000368,False,9.367190396250303,-1.1835674686911168,3.8305592292016684,0.17265018381574956,nan,nan,nan,nan
10015,100.161,,100.16100000000368,False,9.383366823287966,-1.2124621190941072,3.968288514177202,0.19058813216481096,nan,nan,nan,nan
10016,100.17,,100.17000000000368,False,9.415881124243706,-1.2428736178197253,4.108704230599622,0.20984912064343675,nan,nan,nan,nan
10017,100.182,,100.18200000000368,False,9.482733557628233,-1.2741040793547935,4.2669367180104265,0.23562974415070687,nan,nan,nan,nan
10018,100.191,,100.19100000000368,False,9.554909908314192,-1.2980583340159737,4.384668764796625,0.25624991655832374,nan,nan,nan,nan
10019,100.2,,100.20000000000368,False,9.641496217980926,-1.3138141518162982,4.476708609763813,0.27628285928244717,nan,nan,nan,nan
10020,100.212,,100.21200000000368,False,9.78671044903681,-1.3312931791653602,4.585267116075307,0.3036922626606203,nan,nan,nan,nan
10021,100.221,,100.22100000000368,False,9.911741029109004,-1.335417448748318,4.637562596370527,0.3232288219517629,nan,nan,nan,nan
10022,100.23,,100.23000000000368,False,10.058035089113673,-1.3382582645653118,4.683102689668169,0.3432599406724212,nan,nan,nan,nan
10023,100.242,,100.24200000000369,False,10.272199928045643,-1.3295232909453072,4.702622245463998,0.3678692615625999,nan,nan,nan,nan
10024,100.251,,100.25100000000369,False,10.45790748508634,-1.321002847662639,4.707755410009962,0.38659887689486083,nan,nan,nan,nan
10025,100.26,,100.26000000000369,False,10.651495335101266,-1.3036107544975934,4.683789106802561,0.4033112340307412,nan,nan,nan,nan
10026,100.272,,100.27200000000369,False,10.937781085586138,-1.2755194916875425,4.63243262309385,0.42491805713792347,nan,nan,nan,nan
10027,100.281,,100.28100000000369,False,11.16019261833132,-1.2461703455254434,4.5660052596730605,0.4387683596532665,nan,nan,nan,nan
10028,100.29,,100.29000000000369,False,11.402251631562079,-1.2156657256136199,4.493108551472314,0.4525810728699098,nan,nan,nan,nan
10029,100.302,,100.30200000000369,False,11.730817337540813,-1.165510951789953,4.363558635947097,0.4675511835615741,nan,nan,nan,nan
10030,100.311,,100.31100000000369,False,11.998577710839363,-1.1273188624921995,4.2615434895960265,0.47871018156974965,nan,nan,nan,nan
10031,100.32,,100.32000000000369,False,12.263632201433703,-1.0835535692011158,4.140704026782174,0.4872285074653698,nan,nan,nan,nan
10032,100.332,,100.33200000000369,False,12.636223424281372,-1.0240440282030114,3.9727168312631234,0.4976659848071792,nan,nan,nan,nan
10033,100.341,,100.34100000000369,False,12.910848072058565,-0.9755323052040827,3.8331493799602945,0.5028560489518633,nan,nan,nan,nan
10034,100.35,,100.35000000000369,False,13.19955005446584,-0.9284046357089399,3.696013193228836,0.5081123349919621,nan,nan,nan,nan
10035,100.362,,100.36200000000369,False,13.57687257085008,-0.862045334071464,3.5004444978884193,0.5115047813628191,nan,nan,nan,nan
10036,100.371,,100.37100000000369,False,13.877417019590064,-0.8144578833976739,3.3586176412617146,0.5140729739116019,nan,nan,nan,nan
10037,100.38,,100.38000000000369,False,14.168560707046105,-0.7649914270972987,3.2100510957499035,0.5139268470867885,nan,nan,nan,nan
10038,100.392,,100.39200000000369,False,14.572236838424143,-0.701465733620363,3.017358116755866,0.5128485733448006,nan,nan,nan,nan
10039,100.401,,100.40100000000369,False,14.865945258517543,-0.6532597588523179,2.870015628548916,0.5093994353369518,nan,nan,nan,nan
10040,100.41,,100.41000000000369,False,15.172967733546331,-0.6079141196788003,2.730149549418607,0.5060359042225772,nan,nan,nan,nan
10041,100.422,,100.42200000000369,False,15.567598065703205,-0.5476470243886575,2.5427324997651373,0.49816727054275395,nan,nan,nan,nan
10042,100.431,,100.43100000000369,False,15.876458941293869,-0.5059978165245329,2.4115811087633583,0.4924554165353881,nan,nan,nan,nan
10043,100.44,,100.44000000000369,False,16.169389938719586,-0.4645243607629833,2.279957600227154,0.48432493551697686,nan,nan,nan,nan
10044,100.452,,100.4520000000037,False,16.56839195576353,-0.41315844903510773,2.1143157280403146,0.47289211319005836,nan,nan,nan,nan
10045,100.461,,100.4610000000037,False,16.852624287785606,-0.37564548162788675,1.9916659483477097,0.4620461473068746,nan,nan,nan,nan
10046,100.47,,100.4700000000037,False,17.14810078111104,-0.34129546289053053,1.8769976110566606,0.45138930795661014,nan,nan,nan,nan
10047,100.482,,100.4820000000037,False,17.525134979286815,-0.2970536643482332,1.7263199466807717,0.43423652798452766,nan,nan,nan,nan
10048,100.491,,100.4910000000037,False,17.820520911645257,-0.26742529907646284,1.6220395161666958,0.4216435738273628,nan,nan,nan,nan
10049,100.5,,100.5000000000037,False,18.099490544118886,-0.23861371799737952,1.5185957294078591,0.4069642741681425,nan,nan,nan,nan
10050,100.512,,100.5120000000037,False,18.479074223500515,-0.20408416557880665,1.3897019209406785,0.3870506467770914,nan,nan,nan,nan
10051,100.521,,100.5210000000037,False,18.74656680773356,-0.17955448973070462,1.2953615047163878,0.37027726469168326,nan,nan,nan,nan
10052,100.53,,100.5300000000037,False,19.02074732491606,-0.15787917668363174,1.2081587874223083,0.35390148861858584,nan,nan,nan,nan
10053,100.542,,100.5420000000037,False,19.361961290000455,-0.13075417150421068,1.095186887308607,0.3298579389594648,nan,nan,nan,nan
10054,100.551,,100.5510000000037,False,19.624036027998642,-0.11345307550836181,1.0182456922000505,0.31238855698575047,nan,nan,nan,nan
10055,100.56,,100.5600000000037,False,19.865554674732913,-0.09695705535963742,0.9427793460785184,0.29335640761635845,nan,nan,nan,nan
10056,100.572,,100.5720000000037,False,20.191210704246934,-0.07809309904427911,0.8501436902152434,0.26811186134877313,nan,nan,nan,nan
10057,100.581,,100.5810000000037,False,20.42091599992057,-0.06497450319210998,0.7828963100364799,0.2478456643219464,nan,nan,nan,nan
10058,100.59,,100.5900000000037,False,20.660691581878574,-0.053966774576790236,0.7213797935605878,0.22817573958453277,nan,nan,nan,nan
10059,100.602,,100.6020000000037,False,20.964834938080337,-0.040403567341183326,0.642061835507073,0.20041038528925223,nan,nan,nan,nan
10060,100.611,,100.6110000000037,False,21.206007178751047,-0.032352179781883886,0.5885711462417671,0.18038935919894822,nan,nan,nan,nan
10061,100.62,,100.6200000000037,False,21.435008567293824,-0.024647989001856687,0.5360723955742627,0.15927473752674046,nan,nan,nan,nan
10062,100.632,,100.6320000000037,False,21.748455816215667,-0.016388193527520488,0.47214556438776056,0.13174521417768476,nan,nan,nan,nan
10063,100.641,,100.6410000000037,False,21.970813420872958,-0.010639211527009505,0.4258572452594025,0.1103518056622764,nan,nan,nan,nan
10064,100.65,,100.6500000000037,False,22.19973246648513,-0.00624104196294263,0.3839448367719007,0.08985624537637997,nan,nan,nan,nan
10065,100.662,,100.6620000000037,False,22.485956934084616,-0.0007442255707906471,0.3300553300168175,0.06179286720053106,nan,nan,nan,nan
10066,100.671,,100.6710000000037,False,22.705580845816154,0.0020614297341260425,0.29416784907300236,0.04189356852747467,nan,nan,nan,nan
10067,100.68,,100.6800000000037,False,22.908541982864765,0.004923244156296753,0.25896750527654605,0.021436877247759764,nan,nan,nan,nan
10068,100.692,,100.6920000000037,False,23.17656600456231,0.007617276987375737,0.21644796119962442,-0.004728109419305551,nan,nan,nan,nan
10069,100.701,,100.7010000000037,False,23.360780552172056,0.00964796532318063,0.18563867736814124,-0.02457482303412953,nan,nan,nan,nan
10070,100.71,,100.7100000000037,False,23.54516319850172,0.010887461294291046,0.1578710260429479,-0.04332046838657294,nan,nan,nan,nan
10071,100.722,,100.7220000000037,False,23.76828177508504,0.012706889156504792,0.1219744398886485,-0.06842997359750289,nan,nan,nan,nan
10072,100.731,,100.7310000000037,False,23.933355074169338,0.013317965373139725,0.09798904944611285,-0.0859371630814075,nan,nan,nan,nan
10073,100.74,,100.7400000000037,False,24.08048267050315,0.014254112120107552,0.07418192433333085,-0.10361758707387246,nan,nan,nan,nan
10074,100.752,,100.7520000000037,False,24.2660523059331,0.014974104607906012,0.04491679685607675,-0.12584089468786047,nan,nan,nan,nan
10075,100.761,,100.7610000000037,False,24.386493501926545,0.015812270390591864,0.023252472145211235,-0.1423887211224145,nan,nan,nan,nan
10076,100.77,,100.7700000000037,False,24.500889419934662,0.01621472210559469,0.003128930412309667,-0.15779514791988908,nan,nan,nan,nan
10077,100.782,,100.7820000000037,False,24.627802783771518,0.017229977055811134,-0.023677037209052742,-0.17808261658404195,nan,nan,nan,nan
10078,100.791,,100.7910000000037,False,24.712761671597555,0.017577138029654653,-0.042603876785619665,-0.19199563001280873,nan,nan,nan,nan
10079,100.8,,100.8000000000037,False,24.778634238928433,0.018386708051265053,-0.061920990106485475,-0.20586502850065483,nan,nan,nan,nan
10080,100.812,,100.8120000000037,False,24.846445535136276,0.01926814112404652,-0.08722425487559596,-0.22303744609259404,nan,nan,nan,nan
10081,100.821,,100.8210000000037,False,24.876230023449136,0.020366471463590514,-0.10666875420578739,-0.23565411955047477,nan,nan,nan,nan
10082,100.83,,100.83000000000371,False,24.892433729354693,0.02122270221830139,-0.12605865074271622,-0.2472621155752196,nan,nan,nan,nan
10083,100.842,,100.84200000000371,False,24.885620397134733,0.022985488779360606,-0.15278811459989716,-0.26237818013815317,nan,nan,nan,nan
10084,100.851,,100.85100000000371,False,24.86228125830044,0.024082994052330796,-0.173297728905366,-0.27262804946500807,nan,nan,nan,nan
10085,100.86,,100.86000000000371,False,24.819910971936316,0.02570507559304686,-0.19454581163934692,-0.2827773742268459,nan,nan,nan,nan
10086,100.872,,100.87200000000371,False,24.737075244305966,0.02787495716071749,-0.22392669541016652,-0.295248481773061,nan,nan,nan,nan
10087,100.881,,100.88100000000371,False,24.65419614593375,0.030026828620000032,-0.24681824231244306,-0.30436428032387963,nan,nan,nan,nan
10088,100.89,,100.89000000000371,False,24.55472877206133,0.03208816518558072,-0.270504720913742,-0.3127138549719708,nan,nan,nan,nan
10089,100.902,,100.90200000000371,False,24.395809144232967,0.03558563453115218,-0.303200256760239,-0.32356494435921507,nan,nan,nan,nan
10090,100.911,,100.91100000000371,False,24.25725119296567,0.03817427380239508,-0.3288649595482311,-0.33090265479383135,nan,nan,nan,nan
10091,100.92,,100.92000000000371,False,24.10294334177931,0.04136928102060432,-0.3551663142369825,-0.3381746142362624,nan,nan,nan,nan
10092,100.932,,100.93200000000371,False,23.871577218697468,0.04588569568218891,-0.39186270592932554,-0.3471131308248172,nan,nan,nan,nan
10093,100.941,,100.94100000000371,False,23.68125322934089,0.049925989228187834,-0.4201729414972373,-0.3536658446492214,nan,nan,nan,nan
10094,100.95,,100.95000000000371,False,23.474795840486717,0.054071662924392694,-0.44980104041936086,-0.35968058352557253,nan,nan,nan,nan
10095,100.962,,100.96200000000371,False,23.17868415891082,0.06054367877682761,-0.4903673330842819,-0.367542495241304,nan,nan,nan,nan
10096,100.971,,100.97100000000371,False,22.937977988586773,0.06562126281060919,-0.5226690455490663,-0.3728944574065906,nan,nan,nan,nan
10097,100.98,,100.98000000000371,False,22.685477258064832,0.07143312060102548,-0.5555544394858181,-0.3782413211776786,nan,nan,nan,nan
10098,100.992,,100.99200000000371,False,22.324848055530218,0.07979522115658991,-0.6020198873361768,-0.3848957488942949,nan,nan,nan,nan
10099,101.001,,101.00100000000371,False,22.04163343227771,0.08691415767179157,-0.6378747008747621,-0.38984108284330565,nan,nan,nan,nan
10100,101.01,,101.01000000000371,False,21.74297889847003,0.0944280938891845,-0.6760522207488883,-0.39445690868541045,nan,nan,nan,nan
10101,101.022,,101.02200000000371,False,21.329161452345442,0.10569849058325982,-0.7285634679440977,-0.40061204701378583,nan,nan,nan,nan
10102,101.031,,101.03100000000371,False,21.001707620332073,0.11477913300384206,-0.7712850564063621,-0.40492351958451994,nan,nan,nan,nan
10103,101.04,,101.04000000000372,False,20.667576145385944,0.12480265289924371,-0.8149185827836132,-0.4093112536501536,nan,nan,nan,nan
10104,101.052,,101.05200000000372,False,20.202417531017236,0.13936773271784747,-0.8776819555190465,-0.41495533515168603,nan,nan,nan,nan
10105,101.061,,101.06100000000372,False,19.847157632057904,0.15146514457721805,-0.9264464816088268,-0.41925528346751373,nan,nan,nan,nan
10106,101.07,,101.07000000000372,False,19.4802130572735,0.16444703754153092,-0.9792161147845356,-0.42339834794388115,nan,nan,nan,nan
10107,101.082,,101.08200000000372,False,18.983718586657567,0.1835448302152604,-1.0523302209076189,-0.4290767640052341,nan,nan,nan,nan
10108,101.091,,101.09100000000372,False,18.59622802350026,0.19923506354671625,-1.1129949841150997,-0.4332573156449282,nan,nan,nan,nan
10109,101.1,,101.10000000000372,False,18.20523267159084,0.21628842509842253,-1.1754408583428888,-0.437636801961936,nan,nan,nan,nan
10110,101.112,,101.11200000000372,False,17.665205517682406,0.2414045762010226,-1.2669873311257147,-0.4435890461567851,nan,nan,nan,nan
10111,101.121,,101.12100000000372,False,17.25676778656255,0.2621216644775724,-1.339018041482548,-0.44829892000751637,nan,nan,nan,nan
10112,101.13,,101.13000000000372,False,16.83946740582134,0.28472496135204983,-1.4181599688450346,-0.45302954798420286,nan,nan,nan,nan
10113,101.142,,101.14200000000372,False,16.287318763955536,0.3177346205580191,-1.5286602336409203,-0.45959598737865104,nan,nan,nan,nan
10114,101.151,,101.15100000000372,False,15.871485881809143,0.3451509697752901,-1.6208410708037828,-0.464426753177476,nan,nan,nan,nan
10115,101.16,,101.16000000000372,False,15.467760069788579,0.3744976188910534,-1.7151710194365088,-0.46927876897438725,nan,nan,nan,nan
10116,101.172,,101.17200000000372,False,14.934400173498044,0.4176643817617667,-1.8526837771331082,-0.4755094852083328,nan,nan,nan,nan
10117,101.181,,101.18100000000372,False,14.549148681859121,0.45264610829595436,-1.959386781861818,-0.4800274276931527,nan,nan,nan,nan
10118,101.19,,101.19000000000372,False,14.166507700412787,0.49084736621586794,-2.0760046371574705,-0.4842103879062713,nan,nan,nan,nan
10119,101.202,,101.20200000000372,False,13.67643396174541,0.5457155526618265,-2.2365530549457744,-0.48938056135377694,nan,nan,nan,nan
10120,101.211,,101.21100000000372,False,13.316432437523138,0.5912647006415807,-2.36961517136532,-0.49256932332708736,nan,nan,nan,nan
10121,101.22,,101.22000000000372,False,12.976295226640554,0.6391652808597554,-2.50361654621019,-0.49517551049570224,nan,nan,nan,nan
10122,101.232,,101.23200000000372,False,12.541130662740944,0.7089855975386516,-2.6962480382466736,-0.49723337024328623,nan,nan,nan,nan
10123,101.241,,101.24100000000372,False,12.239279388352099,0.7642803066862371,-2.8419870379369976,-0.49763833445706085,nan,nan,nan,nan
10124,101.25,,101.25000000000372,False,11.94944590240723,0.8241031598689095,-2.9989186490374227,-0.4966722512234152,nan,nan,nan,nan
10125,101.262,,101.26200000000372,False,11.594639357100595,0.907715125210947,-3.208221298310811,-0.49339339864703374,nan,nan,nan,nan
10126,101.271,,101.27100000000372,False,11.34366953593388,0.9762413277134405,-3.378642283177676,-0.4888719306339211,nan,nan,nan,nan
10127,101.28,,101.28000000000372,False,11.11525653545213,1.0464538760206739,-3.5450669378410065,-0.48274240522970696,nan,nan,nan,nan
10007,100.08,,100.08000000000368,False,9.684209816471379,-0.9001382315764486,2.560829292112771,0.06135396085840306,nan,nan,nan,nan
10008,100.092,,100.09200000000368,False,9.587067467586271,-0.9482738539989426,2.775295282033541,0.07534019710655758,nan,nan,nan,nan
10009,100.101,,100.10100000000368,False,9.525037484399405,-0.9821043922270879,2.9306058305860776,0.08677268117852298,nan,nan,nan,nan
10010,100.11,,100.11000000000368,False,9.470048737470966,-1.0197389513893063,3.095852342791504,0.09959536985217568,nan,nan,nan,nan
10011,100.122,,100.12200000000368,False,9.414122990712476,-1.065691084908586,3.3047700254676116,0.1179157327907298,nan,nan,nan,nan
10012,100.131,,100.13100000000368,False,9.384302459484216,-1.1040231696703964,3.4713826907532477,0.1333772696209971,nan,nan,nan,nan
10013,100.14,,100.14000000000368,False,9.36796116530942,-1.1375454098302469,3.624346568001895,0.1493845562896613,nan,nan,nan,nan
10014,100.152,,100.15200000000368,False,9.367190396250303,-1.1835674686911168,3.8305592292016684,0.17265018381574956,nan,nan,nan,nan
10015,100.161,,100.16100000000368,False,9.383366823287966,-1.2124621190941072,3.968288514177202,0.19058813216481096,nan,nan,nan,nan
10016,100.17,,100.17000000000368,False,9.415881124243706,-1.2428736178197253,4.108704230599622,0.20984912064343675,nan,nan,nan,nan
10017,100.182,,100.18200000000368,False,9.482733557628233,-1.2741040793547935,4.2669367180104265,0.23562974415070687,nan,nan,nan,nan
10018,100.191,,100.19100000000368,False,9.554909908314192,-1.2980583340159737,4.384668764796625,0.25624991655832374,nan,nan,nan,nan
10019,100.2,,100.20000000000368,False,9.641496217980926,-1.3138141518162982,4.476708609763813,0.27628285928244717,nan,nan,nan,nan
10020,100.212,,100.21200000000368,False,9.78671044903681,-1.3312931791653602,4.585267116075307,0.3036922626606203,nan,nan,nan,nan
10021,100.221,,100.22100000000368,False,9.911741029109004,-1.335417448748318,4.637562596370527,0.3232288219517629,nan,nan,nan,nan
10022,100.23,,100.23000000000368,False,10.058035089113673,-1.3382582645653118,4.683102689668169,0.3432599406724212,nan,nan,nan,nan
10023,100.242,,100.24200000000369,False,10.272199928045643,-1.3295232909453072,4.702622245463998,0.3678692615625999,nan,nan,nan,nan
10024,100.251,,100.25100000000369,False,10.45790748508634,-1.321002847662639,4.707755410009962,0.38659887689486083,nan,nan,nan,nan
10025,100.26,,100.26000000000369,False,10.651495335101266,-1.3036107544975934,4.683789106802561,0.4033112340307412,nan,nan,nan,nan
10026,100.272,,100.27200000000369,False,10.937781085586138,-1.2755194916875425,4.63243262309385,0.42491805713792347,nan,nan,nan,nan
10027,100.281,,100.28100000000369,False,11.16019261833132,-1.2461703455254434,4.5660052596730605,0.4387683596532665,nan,nan,nan,nan
10028,100.29,,100.29000000000369,False,11.402251631562079,-1.2156657256136199,4.493108551472314,0.4525810728699098,nan,nan,nan,nan
10029,100.302,,100.30200000000369,False,11.730817337540813,-1.165510951789953,4.363558635947097,0.4675511835615741,nan,nan,nan,nan
10030,100.311,,100.31100000000369,False,11.998577710839363,-1.1273188624921995,4.2615434895960265,0.47871018156974965,nan,nan,nan,nan
10031,100.32,,100.32000000000369,False,12.263632201433703,-1.0835535692011158,4.140704026782174,0.4872285074653698,nan,nan,nan,nan
10032,100.332,,100.33200000000369,False,12.636223424281372,-1.0240440282030114,3.9727168312631234,0.4976659848071792,nan,nan,nan,nan
10033,100.341,,100.34100000000369,False,12.910848072058565,-0.9755323052040827,3.8331493799602945,0.5028560489518633,nan,nan,nan,nan
10034,100.35,,100.35000000000369,False,13.19955005446584,-0.9284046357089399,3.696013193228836,0.5081123349919621,nan,nan,nan,nan
10035,100.362,,100.36200000000369,False,13.57687257085008,-0.862045334071464,3.5004444978884193,0.5115047813628191,nan,nan,nan,nan
10036,100.371,,100.37100000000369,False,13.877417019590064,-0.8144578833976739,3.3586176412617146,0.5140729739116019,nan,nan,nan,nan
10037,100.38,,100.38000000000369,False,14.168560707046105,-0.7649914270972987,3.2100510957499035,0.5139268470867885,nan,nan,nan,nan
10038,100.392,,100.39200000000369,False,14.572236838424143,-0.701465733620363,3.017358116755866,0.5128485733448006,nan,nan,nan,nan
10039,100.401,,100.40100000000369,False,14.865945258517543,-0.6532597588523179,2.870015628548916,0.5093994353369518,nan,nan,nan,nan
10040,100.41,,100.41000000000369,False,15.172967733546331,-0.6079141196788003,2.730149549418607,0.5060359042225772,nan,nan,nan,nan
10041,100.422,,100.42200000000369,False,15.567598065703205,-0.5476470243886575,2.5427324997651373,0.49816727054275395,nan,nan,nan,nan
10042,100.431,,100.43100000000369,False,15.876458941293869,-0.5059978165245329,2.4115811087633583,0.4924554165353881,nan,nan,nan,nan
10043,100.44,,100.44000000000369,False,16.169389938719586,-0.4645243607629833,2.279957600227154,0.48432493551697686,nan,nan,nan,nan
10044,100.452,,100.4520000000037,False,16.56839195576353,-0.41315844903510773,2.1143157280403146,0.47289211319005836,nan,nan,nan,nan
10045,100.461,,100.4610000000037,False,16.852624287785606,-0.37564548162788675,1.9916659483477097,0.4620461473068746,nan,nan,nan,nan
10046,100.47,,100.4700000000037,False,17.14810078111104,-0.34129546289053053,1.8769976110566606,0.45138930795661014,nan,nan,nan,nan
10047,100.482,,100.4820000000037,False,17.525134979286815,-0.2970536643482332,1.7263199466807717,0.43423652798452766,nan,nan,nan,nan
10048,100.491,,100.4910000000037,False,17.820520911645257,-0.26742529907646284,1.6220395161666958,0.4216435738273628,nan,nan,nan,nan
10049,100.5,,100.5000000000037,False,18.099490544118886,-0.23861371799737952,1.5185957294078591,0.4069642741681425,nan,nan,nan,nan
10050,100.512,,100.5120000000037,False,18.479074223500515,-0.20408416557880665,1.3897019209406785,0.3870506467770914,nan,nan,nan,nan
10051,100.521,,100.5210000000037,False,18.74656680773356,-0.17955448973070462,1.2953615047163878,0.37027726469168326,nan,nan,nan,nan
10052,100.53,,100.5300000000037,False,19.02074732491606,-0.15787917668363174,1.2081587874223083,0.35390148861858584,nan,nan,nan,nan
10053,100.542,,100.5420000000037,False,19.361961290000455,-0.13075417150421068,1.095186887308607,0.3298579389594648,nan,nan,nan,nan
10054,100.551,,100.5510000000037,False,19.624036027998642,-0.11345307550836181,1.0182456922000505,0.31238855698575047,nan,nan,nan,nan
10055,100.56,,100.5600000000037,False,19.865554674732913,-0.09695705535963742,0.9427793460785184,0.29335640761635845,nan,nan,nan,nan
10056,100.572,,100.5720000000037,False,20.191210704246934,-0.07809309904427911,0.8501436902152434,0.26811186134877313,nan,nan,nan,nan
10057,100.581,,100.5810000000037,False,20.42091599992057,-0.06497450319210998,0.7828963100364799,0.2478456643219464,nan,nan,nan,nan
10058,100.59,,100.5900000000037,False,20.660691581878574,-0.053966774576790236,0.7213797935605878,0.22817573958453277,nan,nan,nan,nan
10059,100.602,,100.6020000000037,False,20.964834938080337,-0.040403567341183326,0.642061835507073,0.20041038528925223,nan,nan,nan,nan
10060,100.611,,100.6110000000037,False,21.206007178751047,-0.032352179781883886,0.5885711462417671,0.18038935919894822,nan,nan,nan,nan
10061,100.62,,100.6200000000037,False,21.435008567293824,-0.024647989001856687,0.5360723955742627,0.15927473752674046,nan,nan,nan,nan
10062,100.632,,100.6320000000037,False,21.748455816215667,-0.016388193527520488,0.47214556438776056,0.13174521417768476,nan,nan,nan,nan
10063,100.641,,100.6410000000037,False,21.970813420872958,-0.010639211527009505,0.4258572452594025,0.1103518056622764,nan,nan,nan,nan
10064,100.65,,100.6500000000037,False,22.19973246648513,-0.00624104196294263,0.3839448367719007,0.08985624537637997,nan,nan,nan,nan
10065,100.662,,100.6620000000037,False,22.485956934084616,-0.0007442255707906471,0.3300553300168175,0.06179286720053106,nan,nan,nan,nan
10066,100.671,,100.6710000000037,False,22.705580845816154,0.0020614297341260425,0.29416784907300236,0.04189356852747467,nan,nan,nan,nan
10067,100.68,,100.6800000000037,False,22.908541982864765,0.004923244156296753,0.25896750527654605,0.021436877247759764,nan,nan,nan,nan
10068,100.692,,100.6920000000037,False,23.17656600456231,0.007617276987375737,0.21644796119962442,-0.004728109419305551,nan,nan,nan,nan
10069,100.701,,100.7010000000037,False,23.360780552172056,0.00964796532318063,0.18563867736814124,-0.02457482303412953,nan,nan,nan,nan
10070,100.71,,100.7100000000037,False,23.54516319850172,0.010887461294291046,0.1578710260429479,-0.04332046838657294,nan,nan,nan,nan
10071,100.722,,100.7220000000037,False,23.76828177508504,0.012706889156504792,0.1219744398886485,-0.06842997359750289,nan,nan,nan,nan
10072,100.731,,100.7310000000037,False,23.933355074169338,0.013317965373139725,0.09798904944611285,-0.0859371630814075,nan,nan,nan,nan
10073,100.74,,100.7400000000037,False,24.08048267050315,0.014254112120107552,0.07418192433333085,-0.10361758707387246,nan,nan,nan,nan
10074,100.752,,100.7520000000037,False,24.2660523059331,0.014974104607906012,0.04491679685607675,-0.12584089468786047,nan,nan,nan,nan
10075,100.761,,100.7610000000037,False,24.386493501926545,0.015812270390591864,0.023252472145211235,-0.1423887211224145,nan,nan,nan,nan
10076,100.77,,100.7700000000037,False,24.500889419934662,0.01621472210559469,0.003128930412309667,-0.15779514791988908,nan,nan,nan,nan
10077,100.782,,100.7820000000037,False,24.627802783771518,0.017229977055811134,-0.023677037209052742,-0.17808261658404195,nan,nan,nan,nan
10078,100.791,,100.7910000000037,False,24.712761671597555,0.017577138029654653,-0.042603876785619665,-0.19199563001280873,nan,nan,nan,nan
10079,100.8,,100.8000000000037,False,24.778634238928433,0.018386708051265053,-0.061920990106485475,-0.20586502850065483,nan,nan,nan,nan
10080,100.812,,100.8120000000037,False,24.846445535136276,0.01926814112404652,-0.08722425487559596,-0.22303744609259404,nan,nan,nan,nan
10081,100.821,,100.8210000000037,False,24.876230023449136,0.020366471463590514,-0.10666875420578739,-0.23565411955047477,nan,nan,nan,nan
10082,100.83,,100.83000000000371,False,24.892433729354693,0.02122270221830139,-0.12605865074271622,-0.2472621155752196,nan,nan,nan,nan
10083,100.842,,100.84200000000371,False,24.885620397134733,0.022985488779360606,-0.15278811459989716,-0.26237818013815317,nan,nan,nan,nan
10084,100.851,,100.85100000000371,False,24.86228125830044,0.024082994052330796,-0.173297728905366,-0.27262804946500807,nan,nan,nan,nan
10085,100.86,,100.86000000000371,False,24.819910971936316,0.02570507559304686,-0.19454581163934692,-0.2827773742268459,nan,nan,nan,nan
10086,100.872,,100.87200000000371,False,24.737075244305966,0.02787495716071749,-0.22392669541016652,-0.295248481773061,nan,nan,nan,nan
10087,100.881,,100.88100000000371,False,24.65419614593375,0.030026828620000032,-0.24681824231244306,-0.30436428032387963,nan,nan,nan,nan
10088,100.89,,100.89000000000371,False,24.55472877206133,0.03208816518558072,-0.270504720913742,-0.3127138549719708,nan,nan,nan,nan
10089,100.902,,100.90200000000371,False,24.395809144232967,0.03558563453115218,-0.303200256760239,-0.32356494435921507,nan,nan,nan,nan
10090,100.911,,100.91100000000371,False,24.25725119296567,0.03817427380239508,-0.3288649595482311,-0.33090265479383135,nan,nan,nan,nan
10091,100.92,,100.92000000000371,False,24.10294334177931,0.04136928102060432,-0.3551663142369825,-0.3381746142362624,nan,nan,nan,nan
10092,100.932,,100.93200000000371,False,23.871577218697468,0.04588569568218891,-0.39186270592932554,-0.3471131308248172,nan,nan,nan,nan
10093,100.941,,100.94100000000371,False,23.68125322934089,0.049925989228187834,-0.4201729414972373,-0.3536658446492214,nan,nan,nan,nan
10094,100.95,,100.95000000000371,False,23.474795840486717,0.054071662924392694,-0.44980104041936086,-0.35968058352557253,nan,nan,nan,nan
10095,100.962,,100.96200000000371,False,23.17868415891082,0.06054367877682761,-0.4903673330842819,-0.367542495241304,nan,nan,nan,nan
10096,100.971,,100.97100000000371,False,22.937977988586773,0.06562126281060919,-0.5226690455490663,-0.3728944574065906,nan,nan,nan,nan
10097,100.98,,100.98000000000371,False,22.685477258064832,0.07143312060102548,-0.5555544394858181,-0.3782413211776786,nan,nan,nan,nan
10098,100.992,,100.99200000000371,False,22.324848055530218,0.07979522115658991,-0.6020198873361768,-0.3848957488942949,nan,nan,nan,nan
10099,101.001,,101.00100000000371,False,22.04163343227771,0.08691415767179157,-0.6378747008747621,-0.38984108284330565,nan,nan,nan,nan
10100,101.01,,101.01000000000371,False,21.74297889847003,0.0944280938891845,-0.6760522207488883,-0.39445690868541045,nan,nan,nan,nan
10101,101.022,,101.02200000000371,False,21.329161452345442,0.10569849058325982,-0.7285634679440977,-0.40061204701378583,nan,nan,nan,nan
10102,101.031,,101.03100000000371,False,21.001707620332073,0.11477913300384206,-0.7712850564063621,-0.40492351958451994,nan,nan,nan,nan
10103,101.04,,101.04000000000372,False,20.667576145385944,0.12480265289924371,-0.8149185827836132,-0.4093112536501536,nan,nan,nan,nan
10104,101.052,,101.05200000000372,False,20.202417531017236,0.13936773271784747,-0.8776819555190465,-0.41495533515168603,nan,nan,nan,nan
10105,101.061,,101.06100000000372,False,19.847157632057904,0.15146514457721805,-0.9264464816088268,-0.41925528346751373,nan,nan,nan,nan
10106,101.07,,101.07000000000372,False,19.4802130572735,0.16444703754153092,-0.9792161147845356,-0.42339834794388115,nan,nan,nan,nan
10107,101.082,,101.08200000000372,False,18.983718586657567,0.1835448302152604,-1.0523302209076189,-0.4290767640052341,nan,nan,nan,nan
10108,101.091,,101.09100000000372,False,18.59622802350026,0.19923506354671625,-1.1129949841150997,-0.4332573156449282,nan,nan,nan,nan
10109,101.1,,101.10000000000372,False,18.20523267159084,0.21628842509842253,-1.1754408583428888,-0.437636801961936,nan,nan,nan,nan
10110,101.112,,101.11200000000372,False,17.665205517682406,0.2414045762010226,-1.2669873311257147,-0.4435890461567851,nan,nan,nan,nan
10111,101.121,,101.12100000000372,False,17.25676778656255,0.2621216644775724,-1.339018041482548,-0.44829892000751637,nan,nan,nan,nan
10112,101.13,,101.13000000000372,False,16.83946740582134,0.28472496135204983,-1.4181599688450346,-0.45302954798420286,nan,nan,nan,nan
10113,101.142,,101.14200000000372,False,16.287318763955536,0.3177346205580191,-1.5286602336409203,-0.45959598737865104,nan,nan,nan,nan
10114,101.151,,101.15100000000372,False,15.871485881809143,0.3451509697752901,-1.6208410708037828,-0.464426753177476,nan,nan,nan,nan
10115,101.16,,101.16000000000372,False,15.467760069788579,0.3744976188910534,-1.7151710194365088,-0.46927876897438725,nan,nan,nan,nan
10116,101.172,,101.17200000000372,False,14.934400173498044,0.4176643817617667,-1.8526837771331082,-0.4755094852083328,nan,nan,nan,nan
10117,101.181,,101.18100000000372,False,14.549148681859121,0.45264610829595436,-1.959386781861818,-0.4800274276931527,nan,nan,nan,nan
10118,101.19,,101.19000000000372,False,14.166507700412787,0.49084736621586794,-2.0760046371574705,-0.4842103879062713,nan,nan,nan,nan
10119,101.202,,101.20200000000372,False,13.67643396174541,0.5457155526618265,-2.2365530549457744,-0.48938056135377694,nan,nan,nan,nan
10120,101.211,,101.21100000000372,False,13.316432437523138,0.5912647006415807,-2.36961517136532,-0.49256932332708736,nan,nan,nan,nan
10121,101.22,,101.22000000000372,False,12.976295226640554,0.6391652808597554,-2.50361654621019,-0.49517551049570224,nan,nan,nan,nan
10122,101.232,,101.23200000000372,False,12.541130662740944,0.7089855975386516,-2.6962480382466736,-0.49723337024328623,nan,nan,nan,nan
10123,101.241,,101.24100000000372,False,12.239279388352099,0.7642803066862371,-2.8419870379369976,-0.49763833445706085,nan,nan,nan,nan
10124,101.25,,101.25000000000372,False,11.94944590240723,0.8241031598689095,-2.9989186490374227,-0.4966722512234152,nan,nan,nan,nan
10125,101.262,,101.26200000000372,False,11.594639357100595,0.907715125210947,-3.208221298310811,-0.49339339864703374,nan,nan,nan,nan
10126,101.271,,101.27100000000372,False,11.34366953593388,0.9762413277134405,-3.378642283177676,-0.4888719306339211,nan,nan,nan,nan
10127,101.28,,101.28000000000372,False,11.11525653545213,1.0464538760206739,-3.5450669378410065,-0.48274240522970696,nan,nan,nan,nan
10128,101.292,,101.29200000000372,False,10.83671780543748,1.1467038817196196,-3.7781727820964264,-0.47122704546421884,nan,nan,nan,nan
10129,101.301,,101.30100000000373,False,10.656785748814295,1.2231951045804275,-3.9462459142273696,-0.46012950184841517,nan,nan,nan,nan
10130,101.31,,101.31000000000373,False,10.497242126228171,1.3038723816693534,-4.121410826813477,-0.4462603237800364,nan,nan,nan,nan
10131,101.322,,101.32200000000373,False,10.324383994335621,1.410972596889373,-4.338966499576928,-0.4240583385351266,nan,nan,nan,nan
10132,101.331,,101.33100000000373,False,10.221056855048305,1.4950372102386122,-4.506404830822378,-0.40385771308281365,nan,nan,nan,nan
10133,101.34,,101.34000000000373,False,10.144299264573062,1.576047334482873,-4.655294161471504,-0.38127760886116047,nan,nan,nan,nan
10134,101.352,,101.35200000000373,False,10.079508229782823,1.6846240976659532,-4.845699130035095,-0.3466729008812442,nan,nan,nan,nan
10135,101.361,,101.36100000000373,False,10.0599712937448,1.7607011429615569,-4.963864181513769,-0.3180764381417202,nan,nan,nan,nan
10136,101.37,,101.37000000000373,False,10.065090677859795,1.8362580140944624,-5.076151455435002,-0.2867500925258775,nan,nan,nan,nan
10137,101.382,,101.38200000000373,False,10.107108284391533,1.926185647613432,-5.185849516464899,-0.2422208560422857,nan,nan,nan,nan
10138,101.391,,101.39100000000373,False,10.167283096982988,1.990722794826811,-5.2566361708289,-0.20639891854809309,nan,nan,nan,nan
10139,101.4,,101.40000000000373,False,10.246735882578715,2.04515979419117,-5.295424882809868,-0.16960516515419735,nan,nan,nan,nan
10140,101.412,,101.41200000000373,False,10.387003207590354,2.1088093641252446,-5.320868688282237,-0.11888858741213874,nan,nan,nan,nan
10141,101.421,,101.42100000000373,False,10.510639370333642,2.1441082533842604,-5.305099473133888,-0.08051549941123266,nan,nan,nan,nan
10142,101.43,,101.43000000000373,False,10.655718995737274,2.173800372102617,-5.275984604042235,-0.0418688600425171,nan,nan,nan,nan
10143,101.442,,101.44200000000373,False,10.867558949731325,2.1954154935913106,-5.192283161664712,0.008955296384799943,nan,nan,nan,nan
10144,101.451,,101.45100000000373,False,11.048597121904002,2.204538221940594,-5.115337582912242,0.04642360237421566,nan,nan,nan,nan
10145,101.46,,101.46000000000373,False,11.234923915573663,2.201336513482835,-5.010566341428397,0.08280022714518473,nan,nan,nan,nan
10146,101.472,,101.47200000000373,False,11.504374698113407,2.185878118769588,-4.850953158853302,0.129408099577594,nan,nan,nan,nan
10147,101.481,,101.48100000000373,False,11.709092637339818,2.1620332889356986,-4.707472872260386,0.16266487040613142,nan,nan,nan,nan
10148,101.49,,101.49000000000373,False,11.927033395490984,2.1332482513079176,-4.558879429062555,0.1943724426695101,nan,nan,nan,nan
10149,101.502,,101.50200000000373,False,12.215636786295283,2.0805205625433936,-4.337227047850087,0.23401548484975432,nan,nan,nan,nan
10150,101.511,,101.51100000000373,False,12.444168497228263,2.0367452942840205,-4.169962965590664,0.26177033515328196,nan,nan,nan,nan
10151,101.52,,101.52000000000373,False,12.664170971346254,1.9849639453485768,-3.991744191394484,0.28773073617717726,nan,nan,nan,nan
10152,101.532,,101.53200000000373,False,12.964275719901174,1.9109160783896162,-3.755095205205084,0.31965250189295774,nan,nan,nan,nan
10153,101.541,,101.54100000000373,False,13.18033755040664,1.8487453229311428,-3.5719512205344164,0.34145779773099877,nan,nan,nan,nan
10154,101.55,,101.55000000000373,False,13.404394563416862,1.7856895907239791,-3.394783003899898,0.36161816896996424,nan,nan,nan,nan
10155,101.562,,101.56200000000374,False,13.691390330818338,1.6948241110544695,-3.1557364309949687,0.38562898019488057,nan,nan,nan,nan
10156,101.571,,101.57100000000374,False,13.916076020453323,1.626842824069217,-2.9851822837618407,0.4018297105647492,nan,nan,nan,nan
10157,101.58,,101.58000000000374,False,14.12912703222972,1.5553446378811175,-2.814033752923993,0.41616504922097275,nan,nan,nan,nan
10158,101.592,,101.59200000000374,False,14.419257589854436,1.4604638935871266,-2.5961856855745826,0.4328809759019396,nan,nan,nan,nan
10159,101.601,,101.60100000000374,False,14.625599723920248,1.387270388392,-2.4351337706852063,0.443329224348223,nan,nan,nan,nan
10160,101.61,,101.61000000000374,False,14.838167238450023,1.316367963848168,-2.283174346115575,0.45243861925688844,nan,nan,nan,nan
10161,101.622,,101.62200000000374,False,15.104930719235425,1.2208155343241567,-2.084913101890089,0.4618832198970021,nan,nan,nan,nan
10162,101.631,,101.63100000000374,False,15.31041717170343,1.1527311066691175,-1.946493082048152,0.46753703840773303,nan,nan,nan,nan
10163,101.64,,101.64000000000374,False,15.500542424117253,1.0845183509992267,-1.810448044270898,0.4714481604310583,nan,nan,nan,nan
10164,101.652,,101.65200000000374,False,15.754803282810323,0.9982098811328167,-1.6400403611313137,0.4747027629897418,nan,nan,nan,nan
10165,101.661,,101.66100000000374,False,15.930297740043265,0.9347485656852502,-1.5160688785020124,0.475287968456099,nan,nan,nan,nan
10166,101.67,,101.67000000000374,False,16.108984696811298,0.87569760644229,-1.4001769810794058,0.47484853700934115,nan,nan,nan,nan
10167,101.682,,101.68200000000374,False,16.328844655477152,0.7994409049199698,-1.2505791106609756,0.4719211759325135,nan,nan,nan,nan
10168,101.691,,101.69100000000374,False,16.49865133228586,0.747638183154172,-1.146888547183986,0.4686532204126769,nan,nan,nan,nan
10169,101.7,,101.70000000000374,False,16.65464379583421,0.697337378352168,-1.0456140577694892,0.46389661772757446,nan,nan,nan,nan
10170,101.712,,101.71200000000374,False,16.86452374303997,0.6366673358634455,-0.919633380146276,0.45608521903676474,nan,nan,nan,nan
10171,101.721,,101.72100000000374,False,17.009843662768247,0.5935801968179947,-0.8285548293967365,0.44873482428715644,nan,nan,nan,nan
10172,101.73,,101.73000000000374,False,17.15918313670238,0.5554044577534984,-0.7439330808722627,0.4407053348905923,nan,nan,nan,nan
10173,101.742,,101.74200000000374,False,17.342067011406893,0.5077705720131405,-0.6355678573490139,0.42822450641485277,nan,nan,nan,nan
10174,101.751,,101.75100000000374,False,17.482944791671905,0.4775974668092995,-0.5611775924168176,0.41822735525625504,nan,nan,nan,nan
10175,101.76,,101.76000000000374,False,17.61077242595371,0.4489911255686378,-0.48906405360023275,0.4071426415052341,nan,nan,nan,nan
10176,101.772,,101.77200000000374,False,17.77919438612861,0.4169901196883092,-0.4003119686043138,0.3915112828988129,nan,nan,nan,nan
10177,101.781,,101.78100000000374,False,17.891339518814373,0.39510944434655326,-0.3367792395906894,0.37879037946516597,nan,nan,nan,nan
10178,101.79,,101.79000000000374,False,18.00292123050424,0.37767933806238074,-0.2782963801433812,0.36578151612048565,nan,nan,nan,nan
10179,101.802,,101.80200000000374,False,18.13211098623448,0.35689792401498627,-0.20404446101485618,0.34732447501365493,nan,nan,nan,nan
10180,101.811,,101.81100000000374,False,18.22561981323134,0.34618979586514853,-0.1534955349201108,0.3332863447112761,nan,nan,nan,nan
10181,101.82,,101.82000000000374,False,18.302756356115832,0.33637603182527287,-0.10471570357490687,0.3185852030761359,nan,nan,nan,nan
10182,101.832,,101.83200000000375,False,18.395832493936847,0.3283576818576531,-0.04478959545076184,0.2987015421171318,nan,nan,nan,nan
10183,101.841,,101.84100000000375,False,18.449921580755294,0.3235333033190241,-0.0018588169018233212,0.28324986597673846,nan,nan,nan,nan
10184,101.853,,101.85300000000375,False,18.51482819706771,0.3225242753169076,0.050602766046241365,0.26266520726961445,nan,nan,nan,nan
10185,101.862,,101.86200000000375,False,18.546901097829764,0.3219717958409809,0.08872461685670384,0.2467239730629252,nan,nan,nan,nan
10186,101.871,,101.87100000000375,False,18.57769535942353,0.3255852818332561,0.12368984406296964,0.23103262304297079,nan,nan,nan,nan
10187,101.88,,101.88000000000375,False,18.595410987796036,0.32910751245030445,0.1577939736556711,0.2150213901768042,nan,nan,nan,nan
10188,101.892,,101.89200000000375,False,18.610539001593054,0.3374843188849338,0.20013434673150077,0.19381444074004947,nan,nan,nan,nan
10189,101.901,,101.90100000000375,False,18.60920512126825,0.343835926559717,0.23074912204869402,0.17772502076012264,nan,nan,nan,nan
10190,101.91,,101.91000000000375,False,18.60481621687821,0.3529866857606658,0.2591735884962418,0.161898193790601,nan,nan,nan,nan
10191,101.922,,101.92200000000375,False,18.58346838901965,0.3648073518219056,0.29572993614759346,0.1406788657729765,nan,nan,nan,nan
10192,101.931,,101.93100000000375,False,18.564269282737573,0.37665146713548064,0.3208989618834857,0.12514015164985315,nan,nan,nan,nan
10193,101.94,,101.94000000000375,False,18.534714041867808,0.3874816353971774,0.34549262307401135,0.10953653768215217,nan,nan,nan,nan
10194,101.952,,101.95200000000375,False,18.488894137278084,0.40442141403857707,0.37603153754916097,0.08917029513680699,nan,nan,nan,nan
10195,101.961,,101.96100000000375,False,18.44470983897211,0.41624382965193174,0.3981924037949329,0.0739625328922073,nan,nan,nan,nan
10196,101.97,,101.97000000000375,False,18.398287271258667,0.43023811960150266,0.4188431034735364,0.05916492081578695,nan,nan,nan,nan
10197,101.982,,101.98200000000375,False,18.32424768221901,0.44738804557605094,0.4455535112246873,0.0396058526903719,nan,nan,nan,nan
10198,101.991,,101.99100000000375,False,18.266355406368344,0.4626434157856053,0.4641335966885057,0.02545032555845466,nan,nan,nan,nan
10199,102.0,,102.00000000000375,False,18.200500358147394,0.4762228442172769,0.4824414503056127,0.011394760084159836,nan,nan,nan,nan
10200,102.012,,102.01200000000375,False,18.107618649118965,0.49615651223961704,0.5056035459285705,-0.006748898027464389,nan,nan,nan,nan
10201,102.021,,102.02100000000375,False,18.030496212997456,0.5096032924378101,0.5226902203215993,-0.020141666145066878,nan,nan,nan,nan
10202,102.03,,102.03000000000375,False,17.951663745970233,0.5249480866714222,0.5390522525882163,-0.03306518729700492,nan,nan,nan,nan
10203,102.042,,102.04200000000375,False,17.837228934258807,0.543211724612087,0.5607139105223264,-0.04997443110945845,nan,nan,nan,nan
10204,102.051,,102.05100000000375,False,17.749603838829582,0.5591099635711622,0.576456220835335,-0.06210881197322792,nan,nan,nan,nan
10205,102.06,,102.06000000000375,False,17.65606577636689,0.5729242517693115,0.5922971734171373,-0.0740647221505841,nan,nan,nan,nan
10206,102.072,,102.07200000000375,False,17.52817604078796,0.5929307171944909,0.6132710043036373,-0.08938348568799243,nan,nan,nan,nan
10207,102.081,,102.08100000000375,False,17.428616907728276,0.6060078941114396,0.6291149749598395,-0.10059624802587011,nan,nan,nan,nan
10208,102.09,,102.09000000000376,False,17.32937534062126,0.6209144951836244,0.6449621899045728,-0.11135570574321914,nan,nan,nan,nan
10128,101.292,,101.29200000000372,False,10.83671780543748,1.1467038817196196,-3.7781727820964264,-0.47122704546421884,nan,nan,nan,nan
10129,101.301,,101.30100000000373,False,10.656785748814295,1.2231951045804275,-3.9462459142273696,-0.46012950184841517,nan,nan,nan,nan
10130,101.31,,101.31000000000373,False,10.497242126228171,1.3038723816693534,-4.121410826813477,-0.4462603237800364,nan,nan,nan,nan
10131,101.322,,101.32200000000373,False,10.324383994335621,1.410972596889373,-4.338966499576928,-0.4240583385351266,nan,nan,nan,nan
10132,101.331,,101.33100000000373,False,10.221056855048305,1.4950372102386122,-4.506404830822378,-0.40385771308281365,nan,nan,nan,nan
10133,101.34,,101.34000000000373,False,10.144299264573062,1.576047334482873,-4.655294161471504,-0.38127760886116047,nan,nan,nan,nan
10134,101.352,,101.35200000000373,False,10.079508229782823,1.6846240976659532,-4.845699130035095,-0.3466729008812442,nan,nan,nan,nan
10135,101.361,,101.36100000000373,False,10.0599712937448,1.7607011429615569,-4.963864181513769,-0.3180764381417202,nan,nan,nan,nan
10136,101.37,,101.37000000000373,False,10.065090677859795,1.8362580140944624,-5.076151455435002,-0.2867500925258775,nan,nan,nan,nan
10137,101.382,,101.38200000000373,False,10.107108284391533,1.926185647613432,-5.185849516464899,-0.2422208560422857,nan,nan,nan,nan
10138,101.391,,101.39100000000373,False,10.167283096982988,1.990722794826811,-5.2566361708289,-0.20639891854809309,nan,nan,nan,nan
10139,101.4,,101.40000000000373,False,10.246735882578715,2.04515979419117,-5.295424882809868,-0.16960516515419735,nan,nan,nan,nan
10140,101.412,,101.41200000000373,False,10.387003207590354,2.1088093641252446,-5.320868688282237,-0.11888858741213874,nan,nan,nan,nan
10141,101.421,,101.42100000000373,False,10.510639370333642,2.1441082533842604,-5.305099473133888,-0.08051549941123266,nan,nan,nan,nan
10142,101.43,,101.43000000000373,False,10.655718995737274,2.173800372102617,-5.275984604042235,-0.0418688600425171,nan,nan,nan,nan
10143,101.442,,101.44200000000373,False,10.867558949731325,2.1954154935913106,-5.192283161664712,0.008955296384799943,nan,nan,nan,nan
10144,101.451,,101.45100000000373,False,11.048597121904002,2.204538221940594,-5.115337582912242,0.04642360237421566,nan,nan,nan,nan
10145,101.46,,101.46000000000373,False,11.234923915573663,2.201336513482835,-5.010566341428397,0.08280022714518473,nan,nan,nan,nan
10146,101.472,,101.47200000000373,False,11.504374698113407,2.185878118769588,-4.850953158853302,0.129408099577594,nan,nan,nan,nan
10147,101.481,,101.48100000000373,False,11.709092637339818,2.1620332889356986,-4.707472872260386,0.16266487040613142,nan,nan,nan,nan
10148,101.49,,101.49000000000373,False,11.927033395490984,2.1332482513079176,-4.558879429062555,0.1943724426695101,nan,nan,nan,nan
10149,101.502,,101.50200000000373,False,12.215636786295283,2.0805205625433936,-4.337227047850087,0.23401548484975432,nan,nan,nan,nan
10150,101.511,,101.51100000000373,False,12.444168497228263,2.0367452942840205,-4.169962965590664,0.26177033515328196,nan,nan,nan,nan
10151,101.52,,101.52000000000373,False,12.664170971346254,1.9849639453485768,-3.991744191394484,0.28773073617717726,nan,nan,nan,nan
10152,101.532,,101.53200000000373,False,12.964275719901174,1.9109160783896162,-3.755095205205084,0.31965250189295774,nan,nan,nan,nan
10153,101.541,,101.54100000000373,False,13.18033755040664,1.8487453229311428,-3.5719512205344164,0.34145779773099877,nan,nan,nan,nan
10154,101.55,,101.55000000000373,False,13.404394563416862,1.7856895907239791,-3.394783003899898,0.36161816896996424,nan,nan,nan,nan
10155,101.562,,101.56200000000374,False,13.691390330818338,1.6948241110544695,-3.1557364309949687,0.38562898019488057,nan,nan,nan,nan
10156,101.571,,101.57100000000374,False,13.916076020453323,1.626842824069217,-2.9851822837618407,0.4018297105647492,nan,nan,nan,nan
10157,101.58,,101.58000000000374,False,14.12912703222972,1.5553446378811175,-2.814033752923993,0.41616504922097275,nan,nan,nan,nan
10158,101.592,,101.59200000000374,False,14.419257589854436,1.4604638935871266,-2.5961856855745826,0.4328809759019396,nan,nan,nan,nan
10159,101.601,,101.60100000000374,False,14.625599723920248,1.387270388392,-2.4351337706852063,0.443329224348223,nan,nan,nan,nan
10160,101.61,,101.61000000000374,False,14.838167238450023,1.316367963848168,-2.283174346115575,0.45243861925688844,nan,nan,nan,nan
10161,101.622,,101.62200000000374,False,15.104930719235425,1.2208155343241567,-2.084913101890089,0.4618832198970021,nan,nan,nan,nan
10162,101.631,,101.63100000000374,False,15.31041717170343,1.1527311066691175,-1.946493082048152,0.46753703840773303,nan,nan,nan,nan
10163,101.64,,101.64000000000374,False,15.500542424117253,1.0845183509992267,-1.810448044270898,0.4714481604310583,nan,nan,nan,nan
10164,101.652,,101.65200000000374,False,15.754803282810323,0.9982098811328167,-1.6400403611313137,0.4747027629897418,nan,nan,nan,nan
10165,101.661,,101.66100000000374,False,15.930297740043265,0.9347485656852502,-1.5160688785020124,0.475287968456099,nan,nan,nan,nan
10166,101.67,,101.67000000000374,False,16.108984696811298,0.87569760644229,-1.4001769810794058,0.47484853700934115,nan,nan,nan,nan
10167,101.682,,101.68200000000374,False,16.328844655477152,0.7994409049199698,-1.2505791106609756,0.4719211759325135,nan,nan,nan,nan
10168,101.691,,101.69100000000374,False,16.49865133228586,0.747638183154172,-1.146888547183986,0.4686532204126769,nan,nan,nan,nan
10169,101.7,,101.70000000000374,False,16.65464379583421,0.697337378352168,-1.0456140577694892,0.46389661772757446,nan,nan,nan,nan
10170,101.712,,101.71200000000374,False,16.86452374303997,0.6366673358634455,-0.919633380146276,0.45608521903676474,nan,nan,nan,nan
10171,101.721,,101.72100000000374,False,17.009843662768247,0.5935801968179947,-0.8285548293967365,0.44873482428715644,nan,nan,nan,nan
10172,101.73,,101.73000000000374,False,17.15918313670238,0.5554044577534984,-0.7439330808722627,0.4407053348905923,nan,nan,nan,nan
10173,101.742,,101.74200000000374,False,17.342067011406893,0.5077705720131405,-0.6355678573490139,0.42822450641485277,nan,nan,nan,nan
10174,101.751,,101.75100000000374,False,17.482944791671905,0.4775974668092995,-0.5611775924168176,0.41822735525625504,nan,nan,nan,nan
10175,101.76,,101.76000000000374,False,17.61077242595371,0.4489911255686378,-0.48906405360023275,0.4071426415052341,nan,nan,nan,nan
10176,101.772,,101.77200000000374,False,17.77919438612861,0.4169901196883092,-0.4003119686043138,0.3915112828988129,nan,nan,nan,nan
10177,101.781,,101.78100000000374,False,17.891339518814373,0.39510944434655326,-0.3367792395906894,0.37879037946516597,nan,nan,nan,nan
10178,101.79,,101.79000000000374,False,18.00292123050424,0.37767933806238074,-0.2782963801433812,0.36578151612048565,nan,nan,nan,nan
10179,101.802,,101.80200000000374,False,18.13211098623448,0.35689792401498627,-0.20404446101485618,0.34732447501365493,nan,nan,nan,nan
10180,101.811,,101.81100000000374,False,18.22561981323134,0.34618979586514853,-0.1534955349201108,0.3332863447112761,nan,nan,nan,nan
10181,101.82,,101.82000000000374,False,18.302756356115832,0.33637603182527287,-0.10471570357490687,0.3185852030761359,nan,nan,nan,nan
10182,101.832,,101.83200000000375,False,18.395832493936847,0.3283576818576531,-0.04478959545076184,0.2987015421171318,nan,nan,nan,nan
10183,101.841,,101.84100000000375,False,18.449921580755294,0.3235333033190241,-0.0018588169018233212,0.28324986597673846,nan,nan,nan,nan
10184,101.853,,101.85300000000375,False,18.51482819706771,0.3225242753169076,0.050602766046241365,0.26266520726961445,nan,nan,nan,nan
10185,101.862,,101.86200000000375,False,18.546901097829764,0.3219717958409809,0.08872461685670384,0.2467239730629252,nan,nan,nan,nan
10186,101.871,,101.87100000000375,False,18.57769535942353,0.3255852818332561,0.12368984406296964,0.23103262304297079,nan,nan,nan,nan
10187,101.88,,101.88000000000375,False,18.595410987796036,0.32910751245030445,0.1577939736556711,0.2150213901768042,nan,nan,nan,nan
10188,101.892,,101.89200000000375,False,18.610539001593054,0.3374843188849338,0.20013434673150077,0.19381444074004947,nan,nan,nan,nan
10189,101.901,,101.90100000000375,False,18.60920512126825,0.343835926559717,0.23074912204869402,0.17772502076012264,nan,nan,nan,nan
10190,101.91,,101.91000000000375,False,18.60481621687821,0.3529866857606658,0.2591735884962418,0.161898193790601,nan,nan,nan,nan
10191,101.922,,101.92200000000375,False,18.58346838901965,0.3648073518219056,0.29572993614759346,0.1406788657729765,nan,nan,nan,nan
10192,101.931,,101.93100000000375,False,18.564269282737573,0.37665146713548064,0.3208989618834857,0.12514015164985315,nan,nan,nan,nan
10193,101.94,,101.94000000000375,False,18.534714041867808,0.3874816353971774,0.34549262307401135,0.10953653768215217,nan,nan,nan,nan
10194,101.952,,101.95200000000375,False,18.488894137278084,0.40442141403857707,0.37603153754916097,0.08917029513680699,nan,nan,nan,nan
10195,101.961,,101.96100000000375,False,18.44470983897211,0.41624382965193174,0.3981924037949329,0.0739625328922073,nan,nan,nan,nan
10196,101.97,,101.97000000000375,False,18.398287271258667,0.43023811960150266,0.4188431034735364,0.05916492081578695,nan,nan,nan,nan
10197,101.982,,101.98200000000375,False,18.32424768221901,0.44738804557605094,0.4455535112246873,0.0396058526903719,nan,nan,nan,nan
10198,101.991,,101.99100000000375,False,18.266355406368344,0.4626434157856053,0.4641335966885057,0.02545032555845466,nan,nan,nan,nan
10199,102.0,,102.00000000000375,False,18.200500358147394,0.4762228442172769,0.4824414503056127,0.011394760084159836,nan,nan,nan,nan
10200,102.012,,102.01200000000375,False,18.107618649118965,0.49615651223961704,0.5056035459285705,-0.006748898027464389,nan,nan,nan,nan
10201,102.021,,102.02100000000375,False,18.030496212997456,0.5096032924378101,0.5226902203215993,-0.020141666145066878,nan,nan,nan,nan
10202,102.03,,102.03000000000375,False,17.951663745970233,0.5249480866714222,0.5390522525882163,-0.03306518729700492,nan,nan,nan,nan
10203,102.042,,102.04200000000375,False,17.837228934258807,0.543211724612087,0.5607139105223264,-0.04997443110945845,nan,nan,nan,nan
10204,102.051,,102.05100000000375,False,17.749603838829582,0.5591099635711622,0.576456220835335,-0.06210881197322792,nan,nan,nan,nan
10205,102.06,,102.06000000000375,False,17.65606577636689,0.5729242517693115,0.5922971734171373,-0.0740647221505841,nan,nan,nan,nan
10206,102.072,,102.07200000000375,False,17.52817604078796,0.5929307171944909,0.6132710043036373,-0.08938348568799243,nan,nan,nan,nan
10207,102.081,,102.08100000000375,False,17.428616907728276,0.6060078941114396,0.6291149749598395,-0.10059624802587011,nan,nan,nan,nan
10208,102.09,,102.09000000000376,False,17.32937534062126,0.6209144951836244,0.6449621899045728,-0.11135570574321914,nan,nan,nan,nan
10209,102.102,,102.10200000000376,False,17.19265096700115,0.6380776585827594,0.6663568112160421,-0.12532936833000838,nan,nan,nan,nan
10210,102.111,,102.11100000000376,False,17.090768971002557,0.6531165735997103,0.6826640681734014,-0.13530432988296054,nan,nan,nan,nan
10211,102.12,,102.12000000000376,False,16.986472498500756,0.6656972778531963,0.6991600688888903,-0.14507223418710788,nan,nan,nan,nan
10212,102.132,,102.13200000000376,False,16.84694540867955,0.6839712086588334,0.721767026741855,-0.15753631631694068,nan,nan,nan,nan
10213,102.141,,102.14100000000376,False,16.740621778889967,0.6954482321374834,0.7389768722420377,-0.16660987396767332,nan,nan,nan,nan
10214,102.15,,102.15000000000376,False,16.634521884233923,0.7088735492570897,0.7567929136907278,-0.17531157777226347,nan,nan,nan,nan
10215,102.162,,102.16200000000376,False,16.489193521770346,0.7238031607435409,0.7809933099531131,-0.1865797552494477,nan,nan,nan,nan
10216,102.171,,102.17100000000376,False,16.379854540628827,0.737412225071712,0.800125265785086,-0.19464861200252495,nan,nan,nan,nan
10217,102.18,,102.18000000000376,False,16.26827477630504,0.7483997350631316,0.8194499160482955,-0.20253741199163525,nan,nan,nan,nan
10218,102.192,,102.19200000000376,False,16.117873159282592,0.7648462017553516,0.8465907948136685,-0.21265923295033065,nan,nan,nan,nan
10219,102.201,,102.20100000000376,False,16.00319239514225,0.7748864448891521,0.8672865666736772,-0.22003657816851865,nan,nan,nan,nan
10220,102.21,,102.21000000000376,False,15.888251132921443,0.7871862611898954,0.889189638549283,-0.22717907376285482,nan,nan,nan,nan
10221,102.222,,102.22200000000376,False,15.732013911996981,0.8005222529939883,0.918860081839527,-0.2364574049074365,nan,nan,nan,nan
10222,102.231,,102.23100000000376,False,15.613644346917795,0.8133470090447055,0.9428140157316691,-0.243217093890467,nan,nan,nan,nan
10223,102.24,,102.24000000000376,False,15.493154203164961,0.8234575851869828,0.9668634568010132,-0.24985328481698343,nan,nan,nan,nan
10224,102.252,,102.25200000000376,False,15.330149011698673,0.8391378754108217,1.0010016420502557,-0.2585364776202552,nan,nan,nan,nan
10225,102.261,,102.26100000000376,False,15.206002897253954,0.8485500539092191,1.0268958427100936,-0.26492660217987263,nan,nan,nan,nan
10226,102.27,,102.27000000000376,False,15.08104279051278,0.8605637143495303,1.054568776630569,-0.27126850451905776,nan,nan,nan,nan
10227,102.282,,102.28200000000376,False,14.912055607853612,0.8733734931330368,1.0917498450437757,-0.2796051161453114,nan,nan,nan,nan
10228,102.291,,102.29100000000376,False,14.785478312659258,0.8860577878102425,1.1218398481264478,-0.2858665731721361,nan,nan,nan,nan
10229,102.3,,102.30000000000376,False,14.65942035564948,0.8956762064198702,1.1515394851067755,-0.29203014776658337,nan,nan,nan,nan
10230,102.312,,102.31200000000376,False,14.492731067117981,0.9106527363601286,1.1933302195457913,-0.3002826454925102,nan,nan,nan,nan
10231,102.321,,102.32100000000376,False,14.369243097649319,0.9190649802721551,1.2243241703313021,-0.3063702466911439,nan,nan,nan,nan
10232,102.33,,102.33000000000376,False,14.247723145477433,0.9300160031893789,1.2571643307188636,-0.31254586522974187,nan,nan,nan,nan
10233,102.342,,102.34200000000376,False,14.087985794266542,0.9406133969431465,1.3001096878812217,-0.3206403639070158,nan,nan,nan,nan
10234,102.351,,102.35100000000376,False,13.971416815988398,0.9514441534315412,1.3344351055229255,-0.32685310479500096,nan,nan,nan,nan
10235,102.36,,102.36000000000377,False,13.857708698270642,0.9585767693833568,1.3673825333356573,-0.3328960670870532,nan,nan,nan,nan
10236,102.372,,102.37200000000377,False,13.710834795854758,0.9697444828878249,1.4129349409356253,-0.3410688007566492,nan,nan,nan,nan
10237,102.381,,102.38100000000377,False,13.604591200104666,0.9745980938504191,1.445605602510401,-0.34699257378500326,nan,nan,nan,nan
10238,102.39,,102.39000000000377,False,13.502271687552307,0.9817139072234544,1.4798298991818468,-0.3530612309637431,nan,nan,nan,nan
10239,102.402,,102.40200000000377,False,13.370830685211276,0.986272204527224,1.5229770123271305,-0.36081091160458856,nan,nan,nan,nan
10240,102.411,,102.41100000000377,False,13.277166102822067,0.9922418475014686,1.55706327982154,-0.3668001260928655,nan,nan,nan,nan
10241,102.42,,102.42000000000377,False,13.186478644750135,0.9940032208669737,1.588685391163156,-0.37244703550567787,nan,nan,nan,nan
10242,102.432,,102.43200000000377,False,13.069826675364517,0.9976706820459501,1.6319266113184958,-0.38009125314242365,nan,nan,nan,nan
10243,102.441,,102.44100000000377,False,12.98522252058903,0.9965273062343141,1.6619043381561618,-0.38544619647728445,nan,nan,nan,nan
10244,102.45,,102.45000000000377,False,12.903840620585493,0.9975502399190708,1.6933371068108878,-0.39098677882578264,nan,nan,nan,nan
10245,102.462,,102.46200000000377,False,12.798669153004692,0.9936450051155498,1.7316190875301518,-0.39777827773753366,nan,nan,nan,nan
10246,102.471,,102.47100000000377,False,12.723713939522003,0.9931859984624297,1.762000683249438,-0.40309138040006526,nan,nan,nan,nan
10247,102.48,,102.48000000000377,False,12.650916251221249,0.9883390665007198,1.7891009312808943,-0.407838470542582,nan,nan,nan,nan
10248,102.492,,102.49200000000377,False,12.558446301563539,0.9829274403729344,1.8257895335160834,-0.41419560230007285,nan,nan,nan,nan
10249,102.501,,102.50100000000377,False,12.491409242124686,0.9748058124320303,1.8500029362551025,-0.4183313302993154,nan,nan,nan,nan
10250,102.51,,102.51000000000377,False,12.427321663044944,0.9687009241901982,1.875518112086059,-0.422657031397502,nan,nan,nan,nan
10251,102.522,,102.52200000000377,False,12.344037220818485,0.9551423119080072,1.904838510029818,-0.4274824749283393,nan,nan,nan,nan
10252,102.531,,102.53100000000377,False,12.285188388452084,0.947193496720036,1.928221749039455,-0.4313165273827814,nan,nan,nan,nan
10253,102.54,,102.54000000000377,False,12.227532817926953,0.9348146746162957,1.9475593759286887,-0.4343149996096157,nan,nan,nan,nan
10254,102.552,,102.55200000000377,False,12.154699440101524,0.9190152420839133,1.9732336335489873,-0.4382340067611988,nan,nan,nan,nan
10255,102.561,,102.56100000000377,False,12.101658071668309,0.9030388919970772,1.9883292005795545,-0.44024769484593806,nan,nan,nan,nan
10256,102.57,,102.57000000000377,False,12.05189212342928,0.8887257048052447,2.004227070901919,-0.4424080500920887,nan,nan,nan,nan
10257,102.582,,102.58200000000377,False,11.987288804044443,0.8641577798031677,2.019481153791358,-0.4439148589932574,nan,nan,nan,nan
10258,102.591,,102.59100000000377,False,11.942766744809788,0.8474926683175732,2.0316119526674616,-0.4451915553641942,nan,nan,nan,nan
10259,102.6,,102.60000000000377,False,11.898978321161303,0.8264904346291091,2.038889244336111,-0.4453104155578839,nan,nan,nan,nan
10260,102.612,,102.61200000000377,False,11.844700851838146,0.7987480845703486,2.0474094051536764,-0.44519659619805246,nan,nan,nan,nan
10261,102.621,,102.62100000000378,False,11.80503443165298,0.7739551503276756,2.048807486402273,-0.44385418665935666,nan,nan,nan,nan
10262,102.63,,102.63000000000378,False,11.769252474076891,0.7504217945111312,2.0502385716957363,-0.44255334541867725,nan,nan,nan,nan
10263,102.642,,102.64200000000378,False,11.724170218763058,0.7138127378322894,2.0449326227731417,-0.4389307182321624,nan,nan,nan,nan
10264,102.651,,102.65100000000378,False,11.695292577124363,0.6876539463778071,2.040638542423035,-0.4361980856597841,nan,nan,nan,nan
10265,102.66,,102.66000000000378,False,11.667380604460135,0.6575739309925809,2.0308498291854535,-0.4319616051444629,nan,nan,nan,nan
10266,102.672,,102.67200000000378,False,11.634918780980477,0.6174967255641132,2.015480090902867,-0.425762822538356,nan,nan,nan,nan
10267,102.681,,102.68100000000378,False,11.61165908266685,0.583996542899119,1.9984357384898337,-0.4195293117706734,nan,nan,nan,nan
10268,102.69,,102.69000000000378,False,11.591770041190859,0.5515759254020122,1.9809216315752864,-0.4132412483025042,nan,nan,nan,nan
10269,102.702,,102.70200000000378,False,11.565787556986571,0.5042177615466571,1.9504309981169032,-0.40269356099495424,nan,nan,nan,nan
10209,102.102,,102.10200000000376,False,17.19265096700115,0.6380776585827594,0.6663568112160421,-0.12532936833000838,nan,nan,nan,nan
10210,102.111,,102.11100000000376,False,17.090768971002557,0.6531165735997103,0.6826640681734014,-0.13530432988296054,nan,nan,nan,nan
10211,102.12,,102.12000000000376,False,16.986472498500756,0.6656972778531963,0.6991600688888903,-0.14507223418710788,nan,nan,nan,nan
10212,102.132,,102.13200000000376,False,16.84694540867955,0.6839712086588334,0.721767026741855,-0.15753631631694068,nan,nan,nan,nan
10213,102.141,,102.14100000000376,False,16.740621778889967,0.6954482321374834,0.7389768722420377,-0.16660987396767332,nan,nan,nan,nan
10214,102.15,,102.15000000000376,False,16.634521884233923,0.7088735492570897,0.7567929136907278,-0.17531157777226347,nan,nan,nan,nan
10215,102.162,,102.16200000000376,False,16.489193521770346,0.7238031607435409,0.7809933099531131,-0.1865797552494477,nan,nan,nan,nan
10216,102.171,,102.17100000000376,False,16.379854540628827,0.737412225071712,0.800125265785086,-0.19464861200252495,nan,nan,nan,nan
10217,102.18,,102.18000000000376,False,16.26827477630504,0.7483997350631316,0.8194499160482955,-0.20253741199163525,nan,nan,nan,nan
10218,102.192,,102.19200000000376,False,16.117873159282592,0.7648462017553516,0.8465907948136685,-0.21265923295033065,nan,nan,nan,nan
10219,102.201,,102.20100000000376,False,16.00319239514225,0.7748864448891521,0.8672865666736772,-0.22003657816851865,nan,nan,nan,nan
10220,102.21,,102.21000000000376,False,15.888251132921443,0.7871862611898954,0.889189638549283,-0.22717907376285482,nan,nan,nan,nan
10221,102.222,,102.22200000000376,False,15.732013911996981,0.8005222529939883,0.918860081839527,-0.2364574049074365,nan,nan,nan,nan
10222,102.231,,102.23100000000376,False,15.613644346917795,0.8133470090447055,0.9428140157316691,-0.243217093890467,nan,nan,nan,nan
10223,102.24,,102.24000000000376,False,15.493154203164961,0.8234575851869828,0.9668634568010132,-0.24985328481698343,nan,nan,nan,nan
10224,102.252,,102.25200000000376,False,15.330149011698673,0.8391378754108217,1.0010016420502557,-0.2585364776202552,nan,nan,nan,nan
10225,102.261,,102.26100000000376,False,15.206002897253954,0.8485500539092191,1.0268958427100936,-0.26492660217987263,nan,nan,nan,nan
10226,102.27,,102.27000000000376,False,15.08104279051278,0.8605637143495303,1.054568776630569,-0.27126850451905776,nan,nan,nan,nan
10227,102.282,,102.28200000000376,False,14.912055607853612,0.8733734931330368,1.0917498450437757,-0.2796051161453114,nan,nan,nan,nan
10228,102.291,,102.29100000000376,False,14.785478312659258,0.8860577878102425,1.1218398481264478,-0.2858665731721361,nan,nan,nan,nan
10229,102.3,,102.30000000000376,False,14.65942035564948,0.8956762064198702,1.1515394851067755,-0.29203014776658337,nan,nan,nan,nan
10230,102.312,,102.31200000000376,False,14.492731067117981,0.9106527363601286,1.1933302195457913,-0.3002826454925102,nan,nan,nan,nan
10231,102.321,,102.32100000000376,False,14.369243097649319,0.9190649802721551,1.2243241703313021,-0.3063702466911439,nan,nan,nan,nan
10232,102.33,,102.33000000000376,False,14.247723145477433,0.9300160031893789,1.2571643307188636,-0.31254586522974187,nan,nan,nan,nan
10233,102.342,,102.34200000000376,False,14.087985794266542,0.9406133969431465,1.3001096878812217,-0.3206403639070158,nan,nan,nan,nan
10234,102.351,,102.35100000000376,False,13.971416815988398,0.9514441534315412,1.3344351055229255,-0.32685310479500096,nan,nan,nan,nan
10235,102.36,,102.36000000000377,False,13.857708698270642,0.9585767693833568,1.3673825333356573,-0.3328960670870532,nan,nan,nan,nan
10236,102.372,,102.37200000000377,False,13.710834795854758,0.9697444828878249,1.4129349409356253,-0.3410688007566492,nan,nan,nan,nan
10237,102.381,,102.38100000000377,False,13.604591200104666,0.9745980938504191,1.445605602510401,-0.34699257378500326,nan,nan,nan,nan
10238,102.39,,102.39000000000377,False,13.502271687552307,0.9817139072234544,1.4798298991818468,-0.3530612309637431,nan,nan,nan,nan
10239,102.402,,102.40200000000377,False,13.370830685211276,0.986272204527224,1.5229770123271305,-0.36081091160458856,nan,nan,nan,nan
10240,102.411,,102.41100000000377,False,13.277166102822067,0.9922418475014686,1.55706327982154,-0.3668001260928655,nan,nan,nan,nan
10241,102.42,,102.42000000000377,False,13.186478644750135,0.9940032208669737,1.588685391163156,-0.37244703550567787,nan,nan,nan,nan
10242,102.432,,102.43200000000377,False,13.069826675364517,0.9976706820459501,1.6319266113184958,-0.38009125314242365,nan,nan,nan,nan
10243,102.441,,102.44100000000377,False,12.98522252058903,0.9965273062343141,1.6619043381561618,-0.38544619647728445,nan,nan,nan,nan
10244,102.45,,102.45000000000377,False,12.903840620585493,0.9975502399190708,1.6933371068108878,-0.39098677882578264,nan,nan,nan,nan
10245,102.462,,102.46200000000377,False,12.798669153004692,0.9936450051155498,1.7316190875301518,-0.39777827773753366,nan,nan,nan,nan
10246,102.471,,102.47100000000377,False,12.723713939522003,0.9931859984624297,1.762000683249438,-0.40309138040006526,nan,nan,nan,nan
10247,102.48,,102.48000000000377,False,12.650916251221249,0.9883390665007198,1.7891009312808943,-0.407838470542582,nan,nan,nan,nan
10248,102.492,,102.49200000000377,False,12.558446301563539,0.9829274403729344,1.8257895335160834,-0.41419560230007285,nan,nan,nan,nan
10249,102.501,,102.50100000000377,False,12.491409242124686,0.9748058124320303,1.8500029362551025,-0.4183313302993154,nan,nan,nan,nan
10250,102.51,,102.51000000000377,False,12.427321663044944,0.9687009241901982,1.875518112086059,-0.422657031397502,nan,nan,nan,nan
10251,102.522,,102.52200000000377,False,12.344037220818485,0.9551423119080072,1.904838510029818,-0.4274824749283393,nan,nan,nan,nan
10252,102.531,,102.53100000000377,False,12.285188388452084,0.947193496720036,1.928221749039455,-0.4313165273827814,nan,nan,nan,nan
10253,102.54,,102.54000000000377,False,12.227532817926953,0.9348146746162957,1.9475593759286887,-0.4343149996096157,nan,nan,nan,nan
10254,102.552,,102.55200000000377,False,12.154699440101524,0.9190152420839133,1.9732336335489873,-0.4382340067611988,nan,nan,nan,nan
10255,102.561,,102.56100000000377,False,12.101658071668309,0.9030388919970772,1.9883292005795545,-0.44024769484593806,nan,nan,nan,nan
10256,102.57,,102.57000000000377,False,12.05189212342928,0.8887257048052447,2.004227070901919,-0.4424080500920887,nan,nan,nan,nan
10257,102.582,,102.58200000000377,False,11.987288804044443,0.8641577798031677,2.019481153791358,-0.4439148589932574,nan,nan,nan,nan
10258,102.591,,102.59100000000377,False,11.942766744809788,0.8474926683175732,2.0316119526674616,-0.4451915553641942,nan,nan,nan,nan
10259,102.6,,102.60000000000377,False,11.898978321161303,0.8264904346291091,2.038889244336111,-0.4453104155578839,nan,nan,nan,nan
10260,102.612,,102.61200000000377,False,11.844700851838146,0.7987480845703486,2.0474094051536764,-0.44519659619805246,nan,nan,nan,nan
10261,102.621,,102.62100000000378,False,11.80503443165298,0.7739551503276756,2.048807486402273,-0.44385418665935666,nan,nan,nan,nan
10262,102.63,,102.63000000000378,False,11.769252474076891,0.7504217945111312,2.0502385716957363,-0.44255334541867725,nan,nan,nan,nan
10263,102.642,,102.64200000000378,False,11.724170218763058,0.7138127378322894,2.0449326227731417,-0.4389307182321624,nan,nan,nan,nan
10264,102.651,,102.65100000000378,False,11.695292577124363,0.6876539463778071,2.040638542423035,-0.4361980856597841,nan,nan,nan,nan
10265,102.66,,102.66000000000378,False,11.667380604460135,0.6575739309925809,2.0308498291854535,-0.4319616051444629,nan,nan,nan,nan
10266,102.672,,102.67200000000378,False,11.634918780980477,0.6174967255641132,2.015480090902867,-0.425762822538356,nan,nan,nan,nan
10267,102.681,,102.68100000000378,False,11.61165908266685,0.583996542899119,1.9984357384898337,-0.4195293117706734,nan,nan,nan,nan
10268,102.69,,102.69000000000378,False,11.591770041190859,0.5515759254020122,1.9809216315752864,-0.4132412483025042,nan,nan,nan,nan
10269,102.702,,102.70200000000378,False,11.565787556986571,0.5042177615466571,1.9504309981169032,-0.40269356099495424,nan,nan,nan,nan
10270,102.711,,102.71100000000378,False,11.54964327572381,0.46992037077397664,1.927017851305757,-0.3947154514437043,nan,nan,nan,nan
10271,102.72,,102.72000000000378,False,11.532957875444902,0.43269982003104396,1.8985759791701333,-0.3851066259403853,nan,nan,nan,nan
10272,102.732,,102.73200000000378,False,11.513120423447079,0.3834409248694545,1.8585800569543671,-0.37169609856566876,nan,nan,nan,nan
10273,102.741,,102.74100000000378,False,11.497575659686742,0.3441664423396972,1.8238861097080716,-0.36001175946042446,nan,nan,nan,nan
10274,102.75,,102.75000000000378,False,11.483768841119982,0.3060481698566075,1.7890691717206924,-0.3482977104824199,nan,nan,nan,nan
10275,102.762,,102.76200000000378,False,11.463750486236691,0.25268623911210264,1.7370539836088457,-0.3305726647248223,nan,nan,nan,nan
10276,102.771,,102.77100000000378,False,11.450382180719327,0.21422039577446542,1.6984751687002824,-0.3173087065874354,nan,nan,nan,nan
10277,102.78,,102.78000000000378,False,11.435333479095064,0.17409339243838948,1.6562707742315255,-0.30253242268850383,nan,nan,nan,nan
10278,102.792,,102.79200000000378,False,11.41604937549601,0.1220453751245333,1.6001365559545637,-0.28247553347093934,nan,nan,nan,nan
10279,102.801,,102.80100000000378,False,11.399957886444016,0.08206925061554277,1.5552099715023728,-0.2660426503917007,nan,nan,nan,nan
10280,102.81,,102.81000000000378,False,11.384909122265805,0.043945907135469815,1.5119594398268126,-0.24981344950535433,nan,nan,nan,nan
10281,102.822,,102.82200000000378,False,11.362513478386445,-0.0075382448593550415,1.4514670547169362,-0.226500798222737,nan,nan,nan,nan
10282,102.831,,102.83100000000378,False,11.346864686630585,-0.04383839281556728,1.4086870125402042,-0.20938165433151112,nan,nan,nan,nan
10283,102.84,,102.84000000000378,False,11.329355984641582,-0.08059852746737554,1.3640206433991593,-0.1910918673109883,nan,nan,nan,nan
10284,102.852,,102.85200000000378,False,11.30647612649973,-0.12716684915084447,1.3072774407968972,-0.16686984662469284,nan,nan,nan,nan
10285,102.861,,102.86100000000378,False,11.28769224181912,-0.16193074653455117,1.2637256745395775,-0.14775963432422062,nan,nan,nan,nan
10286,102.87,,102.87000000000378,False,11.269852913985384,-0.19452705273462173,1.2233708512462858,-0.12920598517444426,nan,nan,nan,nan
10287,102.882,,102.88200000000379,False,11.243948068740181,-0.23748753896258593,1.1687874759353203,-0.10343470335285891,nan,nan,nan,nan
10288,102.891,,102.89100000000379,False,11.225649174721473,-0.26727051913750033,1.1318786709100415,-0.08489727733285117,nan,nan,nan,nan
10289,102.9,,102.90000000000379,False,11.205755783957137,-0.2969019674717866,1.0940794575863042,-0.06562280079673166,nan,nan,nan,nan
10290,102.912,,102.91200000000379,False,11.179815093170602,-0.3339275594658758,1.0478964724363304,-0.04067443377510991,nan,nan,nan,nan
10291,102.921,,102.92100000000379,False,11.159059126579375,-0.36115046583674815,1.0130796376407076,-0.021510006708220054,nan,nan,nan,nan
10292,102.93,,102.93000000000379,False,11.139284650869795,-0.38650409533283264,0.9820707103498241,-0.0032469183500035345,nan,nan,nan,nan
10293,102.942,,102.94200000000379,False,11.111238079843138,-0.419553231079019,0.9405920255375889,0.02151322032306094,nan,nan,nan,nan
10294,102.951,,102.95100000000379,False,11.091360300437632,-0.44240775439323804,0.913924448250499,0.0389255931241718,nan,nan,nan,nan
10295,102.96,,102.96000000000379,False,11.070214093932812,-0.46497997634414906,0.8865255949207227,0.05669328618211755,nan,nan,nan,nan
10296,102.972,,102.97200000000379,False,11.04270008443646,-0.4932161246171433,0.8543977312263494,0.07917618147011105,nan,nan,nan,nan
10297,102.981,,102.98100000000379,False,11.021072441773065,-0.5138749491053702,0.8301162882424692,0.09610684861857413,nan,nan,nan,nan
10298,102.99,,102.99000000000379,False,11.000400342855905,-0.5332591568890038,0.8096064351066019,0.11190666165679834,nan,nan,nan,nan
10299,103.002,,103.00200000000379,False,10.971277252085228,-0.5584590570877808,0.7819173636952831,0.13293638486835466,nan,nan,nan,nan
10300,103.011,,103.01100000000379,False,10.950029406435313,-0.5761675290945335,0.765455889610827,0.1473315787117534,nan,nan,nan,nan
10301,103.02,,103.02000000000379,False,10.927393357035697,-0.5936039164047276,0.7480321811013969,0.16182536424340377,nan,nan,nan,nan
10302,103.032,,103.03200000000379,False,10.897372341039375,-0.6157820868195939,0.7288496379994561,0.17969714663317116,nan,nan,nan,nan
10303,103.041,,103.04100000000379,False,10.873745532588087,-0.6320030339889293,0.7139384675437082,0.19294201741545217,nan,nan,nan,nan
10304,103.05,,103.05000000000379,False,10.850726134776052,-0.647588631734176,0.7025036300538551,0.20496595964450046,nan,nan,nan,nan
10305,103.062,,103.06200000000379,False,10.818646353190474,-0.6678302796773998,0.686345670681273,0.2207349414242943,nan,nan,nan,nan
10306,103.071,,103.07100000000379,False,10.795340023949679,-0.6825095723255684,0.6780940861036165,0.23114088829438462,nan,nan,nan,nan
10307,103.08,,103.08000000000379,False,10.771066261834806,-0.6968532236564882,0.6684375501401913,0.2415340332862191,nan,nan,nan,nan
10308,103.092,,103.0920000000038,False,10.739093412705438,-0.7155748911687108,0.6589452488280797,0.25391207593314213,nan,nan,nan,nan
10309,103.101,,103.1010000000038,False,10.714382145421188,-0.7291956946085733,0.6507664045624639,0.2629682350830318,nan,nan,nan,nan
10310,103.11,,103.1100000000038,False,10.690339668870832,-0.7427183162793459,0.6456105978129991,0.2708442485613269,nan,nan,nan,nan
10311,103.122,,103.1220000000038,False,10.657335146086039,-0.7601483780434324,0.6370830429739379,0.2810466142086289,nan,nan,nan,nan
10312,103.131,,103.1310000000038,False,10.633384701175325,-0.7733044641017071,0.6340229368392808,0.2873637500491046,nan,nan,nan,nan
10313,103.14,,103.1400000000038,False,10.608762369904092,-0.7859600045727061,0.6290771152163543,0.29366219088898415,nan,nan,nan,nan
10314,103.152,,103.1520000000038,False,10.576452481331245,-0.8029519248111843,0.6251598374411728,0.30070797769548135,nan,nan,nan,nan
10315,103.161,,103.1610000000038,False,10.551759413486398,-0.8151558008272333,0.6206367708726,0.30580395482628814,nan,nan,nan,nan
10316,103.17,,103.1700000000038,False,10.527761819597988,-0.8277112516555873,0.6187100765556874,0.30984538733044587,nan,nan,nan,nan
10317,103.182,,103.1820000000038,False,10.495147634686248,-0.8436528652827401,0.6138382457326148,0.3150196685554575,nan,nan,nan,nan
10318,103.191,,103.1910000000038,False,10.47152399707851,-0.8561874419641256,0.6130714175679519,0.31773386717079755,nan,nan,nan,nan
10319,103.2,,103.2000000000038,False,10.44745692449685,-0.8679758282099459,0.6100413853298258,0.3204861273564338,nan,nan,nan,nan
10320,103.212,,103.2120000000038,False,10.416004501529038,-0.8842209225012944,0.6081426896372658,0.3230174148539483,nan,nan,nan,nan
10321,103.221,,103.2210000000038,False,10.392170488551912,-0.895662650476582,0.6047550605049664,0.32482235470406234,nan,nan,nan,nan
10322,103.23,,103.2300000000038,False,10.369076335761003,-0.9078409168552946,0.6036682032723836,0.32573991022714194,nan,nan,nan,nan
10323,103.242,,103.2420000000038,False,10.337941865450862,-0.9229793844810469,0.5994856618273442,0.32688638179421353,nan,nan,nan,nan
10324,103.251,,103.2510000000038,False,10.315495054467563,-0.9353359859602,0.5989478179525305,0.3267811294893283,nan,nan,nan,nan
10325,103.26,,103.2600000000038,False,10.29279109742544,-0.9466392531681793,0.5959158023732278,0.32679148693396326,nan,nan,nan,nan
10326,103.272,,103.2720000000038,False,10.263308317750447,-0.962554474812546,0.593695091723265,0.32590617248864384,nan,nan,nan,nan
10327,103.281,,103.2810000000038,False,10.241135251929261,-0.9734796150810278,0.5898492722690797,0.32525465284694594,nan,nan,nan,nan
10328,103.29,,103.2900000000038,False,10.219788506942825,-0.9854678277921294,0.588141069292719,0.32388950381956577,nan,nan,nan,nan
10329,103.302,,103.3020000000038,False,10.191223879388753,-0.9999664383274285,0.5829022836967425,0.3221293164340851,nan,nan,nan,nan
10330,103.311,,103.3110000000038,False,10.170824887745765,-1.0122000631443033,0.5814246669583816,0.3200431399460989,nan,nan,nan,nan
10331,103.32,,103.3200000000038,False,10.150319584380638,-1.0230212814173552,0.577342790115721,0.3181411002865662,nan,nan,nan,nan
10332,103.332,,103.3320000000038,False,10.12384653428667,-1.0385359090673942,0.5735814463279575,0.3149288234807368,nan,nan,nan,nan
10333,103.341,,103.3410000000038,False,10.103833184182728,-1.0488630742070078,0.568504123325958,0.312617938298088,nan,nan,nan,nan
10334,103.35,,103.3500000000038,False,10.084586708278735,-1.0605480536547833,0.5655118140574621,0.30975064702749644,nan,nan,nan,nan
10335,103.362,,103.3620000000038,False,10.058766570703805,-1.0742243715707323,0.5585015395348981,0.3060900045057791,nan,nan,nan,nan
10336,103.371,,103.3710000000038,False,10.04042483017827,-1.0861629470451615,0.5556602495564311,0.30275362767790676,nan,nan,nan,nan
10337,103.38,,103.3800000000038,False,10.02195421787742,-1.096317433488496,0.5502019084850048,0.29964334455175595,nan,nan,nan,nan
10338,103.392,,103.3920000000038,False,9.998388611179022,-1.1111177572939372,0.5445809440331466,0.2950073425406207,nan,nan,nan,nan
10339,103.401,,103.4010000000038,False,9.980809268160044,-1.1205402582470494,0.5380974365393577,0.29168573119547064,nan,nan,nan,nan
10340,103.41,,103.4100000000038,False,9.964280607311112,-1.1315328995548124,0.5336877188608277,0.2879433113713354,nan,nan,nan,nan
10341,103.422,,103.4220000000038,False,9.942381987075873,-1.1437715622666285,0.5247941047241396,0.2831764184498821,nan,nan,nan,nan
10342,103.431,,103.4310000000038,False,9.92730423075042,-1.154850272475411,0.5205352245196773,0.27915858172957836,nan,nan,nan,nan
10343,103.44,,103.4400000000038,False,9.912237239872125,-1.1637140493071725,0.5136772883493698,0.27537996971103673,nan,nan,nan,nan
10344,103.452,,103.4520000000038,False,9.893594141299813,-1.1768490092625439,0.5061965283645816,0.2700003289714486,nan,nan,nan,nan
10345,103.461,,103.4610000000038,False,9.879853348417482,-1.184613761218414,0.4983456588377792,0.26614255198194625,nan,nan,nan,nan
10346,103.47,,103.47000000000381,False,9.867428418024327,-1.1940970603750114,0.49257242565573306,0.26197410864261217,nan,nan,nan,nan
10347,103.482,,103.48200000000381,False,9.851166845702224,-1.2037754456367022,0.48191069876733506,0.25665318449053015,nan,nan,nan,nan
10348,103.491,,103.49100000000381,False,9.840619414134027,-1.2130892385975027,0.4763306077920541,0.25233929069759237,nan,nan,nan,nan
10349,103.5,,103.50000000000381,False,9.830123247025973,-1.2197630671371646,0.4681988172346974,0.2482479787529852,nan,nan,nan,nan
10350,103.512,,103.51200000000381,False,9.817908054896405,-1.229989916055675,0.4590416910555339,0.24256044013782804,nan,nan,nan,nan
10351,103.521,,103.52100000000381,False,9.809033710781742,-1.2351874922540065,0.4499918630078218,0.23846123688177748,nan,nan,nan,nan
10352,103.53,,103.53000000000381,False,9.801718823976309,-1.242227560206686,0.4430254443387274,0.2341394085062242,nan,nan,nan,nan
10353,103.542,,103.54200000000381,False,9.792305902364289,-1.2481598801842209,0.43086298866823997,0.22858802238569398,nan,nan,nan,nan
10354,103.551,,103.55100000000381,False,9.787167619377641,-1.2548027950747545,0.42416023227906496,0.2241968722664283,nan,nan,nan,nan
10355,103.56,,103.56000000000381,False,9.782024808103227,-1.2584455007562938,0.414982141305578,0.21998748483812536,nan,nan,nan,nan
10356,103.572,,103.57200000000381,False,9.777216329654598,-1.2646576379062837,0.4044541242356697,0.21422116131209398,nan,nan,nan,nan
10357,103.581,,103.58100000000381,False,9.77384299189206,-1.266535040412635,0.39446091487183743,0.21002796597156148,nan,nan,nan,nan
10358,103.59,,103.59000000000381,False,9.772238841577089,-1.270377692516939,0.38654601677337563,0.20568360273740963,nan,nan,nan,nan
10359,103.602,,103.60200000000381,False,9.770347025008027,-1.2716746905967597,0.37324043439695737,0.2000478797061556,nan,nan,nan,nan
10360,103.611,,103.61100000000381,False,9.77107698591773,-1.2749802841850135,0.3656653371982346,0.19567207189578464,nan,nan,nan,nan
10361,103.62,,103.62000000000381,False,9.771656179536336,-1.2750208320339393,0.3557144719963416,0.19142154448112594,nan,nan,nan,nan
10362,103.632,,103.63200000000381,False,9.774665587547462,-1.276491566515468,0.3441642772242262,0.1856590296969544,nan,nan,nan,nan
10363,103.641,,103.64100000000381,False,9.77700797560564,-1.2746060766103324,0.3335077679981686,0.18141955120263925,nan,nan,nan,nan
10364,103.65,,103.65000000000381,False,9.781282087104964,-1.274812131981723,0.3249019187906699,0.17708990714034292,nan,nan,nan,nan
10365,103.662,,103.66200000000381,False,9.787015441659491,-1.2710323644394217,0.31081931595791334,0.1714051535367423,nan,nan,nan,nan
10366,103.671,,103.67100000000381,False,9.793631511792817,-1.2706741266689607,0.3026179259627453,0.16706106566200918,nan,nan,nan,nan
10367,103.68,,103.68000000000382,False,9.799872421956222,-1.2668979560528093,0.29216022649827783,0.16277967244304578,nan,nan,nan,nan
10368,103.692,,103.69200000000382,False,9.810527174056805,-1.2633841675660227,0.27991757626236863,0.15702462378571327,nan,nan,nan,nan
10369,103.701,,103.70100000000382,False,9.818375133467367,-1.2576689856335406,0.26886044445093815,0.15273777627342963,nan,nan,nan,nan
10370,103.71,,103.71000000000382,False,9.828259205621205,-1.2541758972025145,0.2597993404191873,0.14841633442126692,nan,nan,nan,nan
10371,103.722,,103.72200000000382,False,9.841159429547647,-1.245391896238994,0.2452740636559934,0.14267291066501014,nan,nan,nan,nan
10372,103.731,,103.73100000000382,False,9.853246374168622,-1.2414277200850556,0.23666545712702486,0.13834833100604985,nan,nan,nan,nan
10373,103.74,,103.74000000000382,False,9.864674424547927,-1.234007890985824,0.22593871075993582,0.13402658377211576,nan,nan,nan,nan
10374,103.752,,103.75200000000382,False,9.882250346349707,-1.2257886461917242,0.21330263532012064,0.1282642646883308,nan,nan,nan,nan
10375,103.761,,103.76100000000382,False,9.895001858565172,-1.2165681854606434,0.20208608907557984,0.12392426489618671,nan,nan,nan,nan
10376,103.77,,103.77000000000382,False,9.909855853272617,-1.2097372137437554,0.19282228268199786,0.11960444871778862,nan,nan,nan,nan
10377,103.782,,103.78200000000382,False,9.929015423917422,-1.196597594579616,0.17823416626824182,0.1138047742550174,nan,nan,nan,nan
10378,103.791,,103.79100000000382,False,9.945884975223668,-1.1896002408619013,0.1695670355651204,0.1095029462539501,nan,nan,nan,nan
10379,103.8,,103.80000000000382,False,9.961798544580947,-1.1792331211569005,0.15896290298396337,0.10515519993829282,nan,nan,nan,nan
10380,103.812,,103.81200000000382,False,9.985384916830638,-1.1673964559262247,0.14658019964640834,0.09941206025672183,nan,nan,nan,nan
10381,103.821,,103.82100000000382,False,10.00236734431327,-1.1556214403650842,0.13575427648714125,0.09505291813950312,nan,nan,nan,nan
10382,103.83,,103.83000000000382,False,10.021539197054182,-1.1464648404388773,0.1269076832060369,0.0907713187824484,nan,nan,nan,nan
10383,103.842,,103.84200000000382,False,10.046106463932087,-1.1304580382358416,0.11314904465147363,0.08498497215601332,nan,nan,nan,nan
10384,103.851,,103.85100000000382,False,10.067122894258429,-1.1215515529403803,0.10512724227885513,0.08076041664595357,nan,nan,nan,nan
10385,103.86,,103.86000000000382,False,10.086894480754374,-1.1094188192106362,0.09536215966515216,0.07645696668054895,nan,nan,nan,nan
10386,103.872,,103.87200000000382,False,10.115629848473967,-1.0954908786295985,0.08416734819452365,0.07083364240111935,nan,nan,nan,nan
10387,103.881,,103.88100000000382,False,10.13619647268895,-1.082314973327779,0.07441144588180743,0.06654704328117637,nan,nan,nan,nan
10388,103.89,,103.89000000000382,False,10.159010047749176,-1.0719014548050456,0.06661776977341372,0.06239608274350166,nan,nan,nan,nan
10389,103.902,,103.90200000000382,False,10.188073959864644,-1.0544190558782955,0.05446927800945727,0.05676727136201439,nan,nan,nan,nan
10390,103.911,,103.91100000000382,False,10.212512088609062,-1.0445247639940132,0.04760593322048418,0.05272773919438567,nan,nan,nan,nan
10391,103.92,,103.92000000000382,False,10.23541475020914,-1.0315190511728436,0.03913447933867828,0.04859107871523142,nan,nan,nan,nan
10270,102.711,,102.71100000000378,False,11.54964327572381,0.46992037077397664,1.927017851305757,-0.3947154514437043,nan,nan,nan,nan
10271,102.72,,102.72000000000378,False,11.532957875444902,0.43269982003104396,1.8985759791701333,-0.3851066259403853,nan,nan,nan,nan
10272,102.732,,102.73200000000378,False,11.513120423447079,0.3834409248694545,1.8585800569543671,-0.37169609856566876,nan,nan,nan,nan
10273,102.741,,102.74100000000378,False,11.497575659686742,0.3441664423396972,1.8238861097080716,-0.36001175946042446,nan,nan,nan,nan
10274,102.75,,102.75000000000378,False,11.483768841119982,0.3060481698566075,1.7890691717206924,-0.3482977104824199,nan,nan,nan,nan
10275,102.762,,102.76200000000378,False,11.463750486236691,0.25268623911210264,1.7370539836088457,-0.3305726647248223,nan,nan,nan,nan
10276,102.771,,102.77100000000378,False,11.450382180719327,0.21422039577446542,1.6984751687002824,-0.3173087065874354,nan,nan,nan,nan
10277,102.78,,102.78000000000378,False,11.435333479095064,0.17409339243838948,1.6562707742315255,-0.30253242268850383,nan,nan,nan,nan
10278,102.792,,102.79200000000378,False,11.41604937549601,0.1220453751245333,1.6001365559545637,-0.28247553347093934,nan,nan,nan,nan
10279,102.801,,102.80100000000378,False,11.399957886444016,0.08206925061554277,1.5552099715023728,-0.2660426503917007,nan,nan,nan,nan
10280,102.81,,102.81000000000378,False,11.384909122265805,0.043945907135469815,1.5119594398268126,-0.24981344950535433,nan,nan,nan,nan
10281,102.822,,102.82200000000378,False,11.362513478386445,-0.0075382448593550415,1.4514670547169362,-0.226500798222737,nan,nan,nan,nan
10282,102.831,,102.83100000000378,False,11.346864686630585,-0.04383839281556728,1.4086870125402042,-0.20938165433151112,nan,nan,nan,nan
10283,102.84,,102.84000000000378,False,11.329355984641582,-0.08059852746737554,1.3640206433991593,-0.1910918673109883,nan,nan,nan,nan
10284,102.852,,102.85200000000378,False,11.30647612649973,-0.12716684915084447,1.3072774407968972,-0.16686984662469284,nan,nan,nan,nan
10285,102.861,,102.86100000000378,False,11.28769224181912,-0.16193074653455117,1.2637256745395775,-0.14775963432422062,nan,nan,nan,nan
10286,102.87,,102.87000000000378,False,11.269852913985384,-0.19452705273462173,1.2233708512462858,-0.12920598517444426,nan,nan,nan,nan
10287,102.882,,102.88200000000379,False,11.243948068740181,-0.23748753896258593,1.1687874759353203,-0.10343470335285891,nan,nan,nan,nan
10288,102.891,,102.89100000000379,False,11.225649174721473,-0.26727051913750033,1.1318786709100415,-0.08489727733285117,nan,nan,nan,nan
10289,102.9,,102.90000000000379,False,11.205755783957137,-0.2969019674717866,1.0940794575863042,-0.06562280079673166,nan,nan,nan,nan
10290,102.912,,102.91200000000379,False,11.179815093170602,-0.3339275594658758,1.0478964724363304,-0.04067443377510991,nan,nan,nan,nan
10291,102.921,,102.92100000000379,False,11.159059126579375,-0.36115046583674815,1.0130796376407076,-0.021510006708220054,nan,nan,nan,nan
10292,102.93,,102.93000000000379,False,11.139284650869795,-0.38650409533283264,0.9820707103498241,-0.0032469183500035345,nan,nan,nan,nan
10293,102.942,,102.94200000000379,False,11.111238079843138,-0.419553231079019,0.9405920255375889,0.02151322032306094,nan,nan,nan,nan
10294,102.951,,102.95100000000379,False,11.091360300437632,-0.44240775439323804,0.913924448250499,0.0389255931241718,nan,nan,nan,nan
10295,102.96,,102.96000000000379,False,11.070214093932812,-0.46497997634414906,0.8865255949207227,0.05669328618211755,nan,nan,nan,nan
10296,102.972,,102.97200000000379,False,11.04270008443646,-0.4932161246171433,0.8543977312263494,0.07917618147011105,nan,nan,nan,nan
10297,102.981,,102.98100000000379,False,11.021072441773065,-0.5138749491053702,0.8301162882424692,0.09610684861857413,nan,nan,nan,nan
10298,102.99,,102.99000000000379,False,11.000400342855905,-0.5332591568890038,0.8096064351066019,0.11190666165679834,nan,nan,nan,nan
10299,103.002,,103.00200000000379,False,10.971277252085228,-0.5584590570877808,0.7819173636952831,0.13293638486835466,nan,nan,nan,nan
10300,103.011,,103.01100000000379,False,10.950029406435313,-0.5761675290945335,0.765455889610827,0.1473315787117534,nan,nan,nan,nan
10301,103.02,,103.02000000000379,False,10.927393357035697,-0.5936039164047276,0.7480321811013969,0.16182536424340377,nan,nan,nan,nan
10302,103.032,,103.03200000000379,False,10.897372341039375,-0.6157820868195939,0.7288496379994561,0.17969714663317116,nan,nan,nan,nan
10303,103.041,,103.04100000000379,False,10.873745532588087,-0.6320030339889293,0.7139384675437082,0.19294201741545217,nan,nan,nan,nan
10304,103.05,,103.05000000000379,False,10.850726134776052,-0.647588631734176,0.7025036300538551,0.20496595964450046,nan,nan,nan,nan
10305,103.062,,103.06200000000379,False,10.818646353190474,-0.6678302796773998,0.686345670681273,0.2207349414242943,nan,nan,nan,nan
10306,103.071,,103.07100000000379,False,10.795340023949679,-0.6825095723255684,0.6780940861036165,0.23114088829438462,nan,nan,nan,nan
10307,103.08,,103.08000000000379,False,10.771066261834806,-0.6968532236564882,0.6684375501401913,0.2415340332862191,nan,nan,nan,nan
10308,103.092,,103.0920000000038,False,10.739093412705438,-0.7155748911687108,0.6589452488280797,0.25391207593314213,nan,nan,nan,nan
10309,103.101,,103.1010000000038,False,10.714382145421188,-0.7291956946085733,0.6507664045624639,0.2629682350830318,nan,nan,nan,nan
10310,103.11,,103.1100000000038,False,10.690339668870832,-0.7427183162793459,0.6456105978129991,0.2708442485613269,nan,nan,nan,nan
10311,103.122,,103.1220000000038,False,10.657335146086039,-0.7601483780434324,0.6370830429739379,0.2810466142086289,nan,nan,nan,nan
10312,103.131,,103.1310000000038,False,10.633384701175325,-0.7733044641017071,0.6340229368392808,0.2873637500491046,nan,nan,nan,nan
10313,103.14,,103.1400000000038,False,10.608762369904092,-0.7859600045727061,0.6290771152163543,0.29366219088898415,nan,nan,nan,nan
10314,103.152,,103.1520000000038,False,10.576452481331245,-0.8029519248111843,0.6251598374411728,0.30070797769548135,nan,nan,nan,nan
10315,103.161,,103.1610000000038,False,10.551759413486398,-0.8151558008272333,0.6206367708726,0.30580395482628814,nan,nan,nan,nan
10316,103.17,,103.1700000000038,False,10.527761819597988,-0.8277112516555873,0.6187100765556874,0.30984538733044587,nan,nan,nan,nan
10317,103.182,,103.1820000000038,False,10.495147634686248,-0.8436528652827401,0.6138382457326148,0.3150196685554575,nan,nan,nan,nan
10318,103.191,,103.1910000000038,False,10.47152399707851,-0.8561874419641256,0.6130714175679519,0.31773386717079755,nan,nan,nan,nan
10319,103.2,,103.2000000000038,False,10.44745692449685,-0.8679758282099459,0.6100413853298258,0.3204861273564338,nan,nan,nan,nan
10320,103.212,,103.2120000000038,False,10.416004501529038,-0.8842209225012944,0.6081426896372658,0.3230174148539483,nan,nan,nan,nan
10321,103.221,,103.2210000000038,False,10.392170488551912,-0.895662650476582,0.6047550605049664,0.32482235470406234,nan,nan,nan,nan
10322,103.23,,103.2300000000038,False,10.369076335761003,-0.9078409168552946,0.6036682032723836,0.32573991022714194,nan,nan,nan,nan
10323,103.242,,103.2420000000038,False,10.337941865450862,-0.9229793844810469,0.5994856618273442,0.32688638179421353,nan,nan,nan,nan
10324,103.251,,103.2510000000038,False,10.315495054467563,-0.9353359859602,0.5989478179525305,0.3267811294893283,nan,nan,nan,nan
10325,103.26,,103.2600000000038,False,10.29279109742544,-0.9466392531681793,0.5959158023732278,0.32679148693396326,nan,nan,nan,nan
10326,103.272,,103.2720000000038,False,10.263308317750447,-0.962554474812546,0.593695091723265,0.32590617248864384,nan,nan,nan,nan
10327,103.281,,103.2810000000038,False,10.241135251929261,-0.9734796150810278,0.5898492722690797,0.32525465284694594,nan,nan,nan,nan
10328,103.29,,103.2900000000038,False,10.219788506942825,-0.9854678277921294,0.588141069292719,0.32388950381956577,nan,nan,nan,nan
10329,103.302,,103.3020000000038,False,10.191223879388753,-0.9999664383274285,0.5829022836967425,0.3221293164340851,nan,nan,nan,nan
10330,103.311,,103.3110000000038,False,10.170824887745765,-1.0122000631443033,0.5814246669583816,0.3200431399460989,nan,nan,nan,nan
10331,103.32,,103.3200000000038,False,10.150319584380638,-1.0230212814173552,0.577342790115721,0.3181411002865662,nan,nan,nan,nan
10332,103.332,,103.3320000000038,False,10.12384653428667,-1.0385359090673942,0.5735814463279575,0.3149288234807368,nan,nan,nan,nan
10333,103.341,,103.3410000000038,False,10.103833184182728,-1.0488630742070078,0.568504123325958,0.312617938298088,nan,nan,nan,nan
10334,103.35,,103.3500000000038,False,10.084586708278735,-1.0605480536547833,0.5655118140574621,0.30975064702749644,nan,nan,nan,nan
10335,103.362,,103.3620000000038,False,10.058766570703805,-1.0742243715707323,0.5585015395348981,0.3060900045057791,nan,nan,nan,nan
10336,103.371,,103.3710000000038,False,10.04042483017827,-1.0861629470451615,0.5556602495564311,0.30275362767790676,nan,nan,nan,nan
10337,103.38,,103.3800000000038,False,10.02195421787742,-1.096317433488496,0.5502019084850048,0.29964334455175595,nan,nan,nan,nan
10338,103.392,,103.3920000000038,False,9.998388611179022,-1.1111177572939372,0.5445809440331466,0.2950073425406207,nan,nan,nan,nan
10339,103.401,,103.4010000000038,False,9.980809268160044,-1.1205402582470494,0.5380974365393577,0.29168573119547064,nan,nan,nan,nan
10340,103.41,,103.4100000000038,False,9.964280607311112,-1.1315328995548124,0.5336877188608277,0.2879433113713354,nan,nan,nan,nan
10341,103.422,,103.4220000000038,False,9.942381987075873,-1.1437715622666285,0.5247941047241396,0.2831764184498821,nan,nan,nan,nan
10342,103.431,,103.4310000000038,False,9.92730423075042,-1.154850272475411,0.5205352245196773,0.27915858172957836,nan,nan,nan,nan
10343,103.44,,103.4400000000038,False,9.912237239872125,-1.1637140493071725,0.5136772883493698,0.27537996971103673,nan,nan,nan,nan
10344,103.452,,103.4520000000038,False,9.893594141299813,-1.1768490092625439,0.5061965283645816,0.2700003289714486,nan,nan,nan,nan
10345,103.461,,103.4610000000038,False,9.879853348417482,-1.184613761218414,0.4983456588377792,0.26614255198194625,nan,nan,nan,nan
10346,103.47,,103.47000000000381,False,9.867428418024327,-1.1940970603750114,0.49257242565573306,0.26197410864261217,nan,nan,nan,nan
10347,103.482,,103.48200000000381,False,9.851166845702224,-1.2037754456367022,0.48191069876733506,0.25665318449053015,nan,nan,nan,nan
10348,103.491,,103.49100000000381,False,9.840619414134027,-1.2130892385975027,0.4763306077920541,0.25233929069759237,nan,nan,nan,nan
10349,103.5,,103.50000000000381,False,9.830123247025973,-1.2197630671371646,0.4681988172346974,0.2482479787529852,nan,nan,nan,nan
10350,103.512,,103.51200000000381,False,9.817908054896405,-1.229989916055675,0.4590416910555339,0.24256044013782804,nan,nan,nan,nan
10351,103.521,,103.52100000000381,False,9.809033710781742,-1.2351874922540065,0.4499918630078218,0.23846123688177748,nan,nan,nan,nan
10352,103.53,,103.53000000000381,False,9.801718823976309,-1.242227560206686,0.4430254443387274,0.2341394085062242,nan,nan,nan,nan
10353,103.542,,103.54200000000381,False,9.792305902364289,-1.2481598801842209,0.43086298866823997,0.22858802238569398,nan,nan,nan,nan
10354,103.551,,103.55100000000381,False,9.787167619377641,-1.2548027950747545,0.42416023227906496,0.2241968722664283,nan,nan,nan,nan
10355,103.56,,103.56000000000381,False,9.782024808103227,-1.2584455007562938,0.414982141305578,0.21998748483812536,nan,nan,nan,nan
10356,103.572,,103.57200000000381,False,9.777216329654598,-1.2646576379062837,0.4044541242356697,0.21422116131209398,nan,nan,nan,nan
10357,103.581,,103.58100000000381,False,9.77384299189206,-1.266535040412635,0.39446091487183743,0.21002796597156148,nan,nan,nan,nan
10358,103.59,,103.59000000000381,False,9.772238841577089,-1.270377692516939,0.38654601677337563,0.20568360273740963,nan,nan,nan,nan
10359,103.602,,103.60200000000381,False,9.770347025008027,-1.2716746905967597,0.37324043439695737,0.2000478797061556,nan,nan,nan,nan
10360,103.611,,103.61100000000381,False,9.77107698591773,-1.2749802841850135,0.3656653371982346,0.19567207189578464,nan,nan,nan,nan
10361,103.62,,103.62000000000381,False,9.771656179536336,-1.2750208320339393,0.3557144719963416,0.19142154448112594,nan,nan,nan,nan
10362,103.632,,103.63200000000381,False,9.774665587547462,-1.276491566515468,0.3441642772242262,0.1856590296969544,nan,nan,nan,nan
10363,103.641,,103.64100000000381,False,9.77700797560564,-1.2746060766103324,0.3335077679981686,0.18141955120263925,nan,nan,nan,nan
10364,103.65,,103.65000000000381,False,9.781282087104964,-1.274812131981723,0.3249019187906699,0.17708990714034292,nan,nan,nan,nan
10365,103.662,,103.66200000000381,False,9.787015441659491,-1.2710323644394217,0.31081931595791334,0.1714051535367423,nan,nan,nan,nan
10366,103.671,,103.67100000000381,False,9.793631511792817,-1.2706741266689607,0.3026179259627453,0.16706106566200918,nan,nan,nan,nan
10367,103.68,,103.68000000000382,False,9.799872421956222,-1.2668979560528093,0.29216022649827783,0.16277967244304578,nan,nan,nan,nan
10368,103.692,,103.69200000000382,False,9.810527174056805,-1.2633841675660227,0.27991757626236863,0.15702462378571327,nan,nan,nan,nan
10369,103.701,,103.70100000000382,False,9.818375133467367,-1.2576689856335406,0.26886044445093815,0.15273777627342963,nan,nan,nan,nan
10370,103.71,,103.71000000000382,False,9.828259205621205,-1.2541758972025145,0.2597993404191873,0.14841633442126692,nan,nan,nan,nan
10371,103.722,,103.72200000000382,False,9.841159429547647,-1.245391896238994,0.2452740636559934,0.14267291066501014,nan,nan,nan,nan
10372,103.731,,103.73100000000382,False,9.853246374168622,-1.2414277200850556,0.23666545712702486,0.13834833100604985,nan,nan,nan,nan
10373,103.74,,103.74000000000382,False,9.864674424547927,-1.234007890985824,0.22593871075993582,0.13402658377211576,nan,nan,nan,nan
10374,103.752,,103.75200000000382,False,9.882250346349707,-1.2257886461917242,0.21330263532012064,0.1282642646883308,nan,nan,nan,nan
10375,103.761,,103.76100000000382,False,9.895001858565172,-1.2165681854606434,0.20208608907557984,0.12392426489618671,nan,nan,nan,nan
10376,103.77,,103.77000000000382,False,9.909855853272617,-1.2097372137437554,0.19282228268199786,0.11960444871778862,nan,nan,nan,nan
10377,103.782,,103.78200000000382,False,9.929015423917422,-1.196597594579616,0.17823416626824182,0.1138047742550174,nan,nan,nan,nan
10378,103.791,,103.79100000000382,False,9.945884975223668,-1.1896002408619013,0.1695670355651204,0.1095029462539501,nan,nan,nan,nan
10379,103.8,,103.80000000000382,False,9.961798544580947,-1.1792331211569005,0.15896290298396337,0.10515519993829282,nan,nan,nan,nan
10380,103.812,,103.81200000000382,False,9.985384916830638,-1.1673964559262247,0.14658019964640834,0.09941206025672183,nan,nan,nan,nan
10381,103.821,,103.82100000000382,False,10.00236734431327,-1.1556214403650842,0.13575427648714125,0.09505291813950312,nan,nan,nan,nan
10382,103.83,,103.83000000000382,False,10.021539197054182,-1.1464648404388773,0.1269076832060369,0.0907713187824484,nan,nan,nan,nan
10383,103.842,,103.84200000000382,False,10.046106463932087,-1.1304580382358416,0.11314904465147363,0.08498497215601332,nan,nan,nan,nan
10384,103.851,,103.85100000000382,False,10.067122894258429,-1.1215515529403803,0.10512724227885513,0.08076041664595357,nan,nan,nan,nan
10385,103.86,,103.86000000000382,False,10.086894480754374,-1.1094188192106362,0.09536215966515216,0.07645696668054895,nan,nan,nan,nan
10386,103.872,,103.87200000000382,False,10.115629848473967,-1.0954908786295985,0.08416734819452365,0.07083364240111935,nan,nan,nan,nan
10387,103.881,,103.88100000000382,False,10.13619647268895,-1.082314973327779,0.07441144588180743,0.06654704328117637,nan,nan,nan,nan
10388,103.89,,103.89000000000382,False,10.159010047749176,-1.0719014548050456,0.06661776977341372,0.06239608274350166,nan,nan,nan,nan
10389,103.902,,103.90200000000382,False,10.188073959864644,-1.0544190558782955,0.05446927800945727,0.05676727136201439,nan,nan,nan,nan
10390,103.911,,103.91100000000382,False,10.212512088609062,-1.0445247639940132,0.04760593322048418,0.05272773919438567,nan,nan,nan,nan
10391,103.92,,103.92000000000382,False,10.23541475020914,-1.0315190511728436,0.03913447933867828,0.04859107871523142,nan,nan,nan,nan
10392,103.932,,103.93200000000382,False,10.268275296878379,-1.0165373814517296,0.029622543779974263,0.04325339029449813,nan,nan,nan,nan
10393,103.941,,103.94100000000383,False,10.291761044747824,-1.0026728403741907,0.02122934202665274,0.03917666426328804,nan,nan,nan,nan
10394,103.95,,103.95000000000383,False,10.317681178212766,-0.9915798609960844,0.014705064662711893,0.03529004774358348,nan,nan,nan,nan
10395,103.962,,103.96200000000383,False,10.350684149190306,-0.9733049837783515,0.004354139804407079,0.030011793585764654,nan,nan,nan,nan
10396,103.971,,103.97100000000383,False,10.378125666259335,-0.9628036743677116,-0.0012900393395013719,0.026295709182129662,nan,nan,nan,nan
10397,103.98,,103.98000000000383,False,10.403746955367758,-0.9492809479814448,-0.0084613924285563,0.02247433503568054,nan,nan,nan,nan
10398,103.992,,103.99200000000383,False,10.440079138522249,-0.9336044570831178,-0.01636646388901858,0.01761450385240878,nan,nan,nan,nan
10399,104.001,,104.00100000000383,False,10.46569516791192,-0.9193262210375353,-0.02350265882295823,0.013898856106145342,nan,nan,nan,nan
10400,104.01,,104.01000000000383,False,10.493443698271337,-0.9077984222275113,-0.02890471446242405,0.010418898912664926,nan,nan,nan,nan
10401,104.022,,104.02200000000383,False,10.528184904386416,-0.889105186473793,-0.03769960256158965,0.005687578807885257,nan,nan,nan,nan
10402,104.031,,104.03100000000383,False,10.556664926528928,-0.8782408795184595,-0.04233955354682663,0.002429918294740951,nan,nan,nan,nan
10403,104.04,,104.04000000000383,False,10.582911524011143,-0.8644816336282749,-0.048443164114107505,-0.0009363404452611801,nan,nan,nan,nan
10404,104.052,,104.05200000000383,False,10.619734176028313,-0.8484562863725501,-0.05507771107687483,-0.005145021627937116,nan,nan,nan,nan
10405,104.061,,104.06100000000383,False,10.645339260045933,-0.8340342881275943,-0.06122142567844438,-0.008368480678702273,nan,nan,nan,nan
10406,104.07,,104.07000000000383,False,10.672922884430212,-0.8222825258093945,-0.06577547522964987,-0.011323639037165378,nan,nan,nan,nan
10407,104.082,,104.08200000000383,False,10.707006378961967,-0.8034428107512259,-0.07338634739043103,-0.015350905957698975,nan,nan,nan,nan
10408,104.091,,104.09100000000383,False,10.734829680325337,-0.7923511447361374,-0.07730459500038722,-0.01804819470654111,nan,nan,nan,nan
10409,104.1,,104.10000000000383,False,10.760147007984337,-0.7784874032973229,-0.08262196448116124,-0.020856471302592258,nan,nan,nan,nan
10392,103.932,,103.93200000000382,False,10.268275296878379,-1.0165373814517296,0.029622543779974263,0.04325339029449813,nan,nan,nan,nan
10393,103.941,,103.94100000000383,False,10.291761044747824,-1.0026728403741907,0.02122934202665274,0.03917666426328804,nan,nan,nan,nan
10394,103.95,,103.95000000000383,False,10.317681178212766,-0.9915798609960844,0.014705064662711893,0.03529004774358348,nan,nan,nan,nan
10395,103.962,,103.96200000000383,False,10.350684149190306,-0.9733049837783515,0.004354139804407079,0.030011793585764654,nan,nan,nan,nan
10396,103.971,,103.97100000000383,False,10.378125666259335,-0.9628036743677116,-0.0012900393395013719,0.026295709182129662,nan,nan,nan,nan
10397,103.98,,103.98000000000383,False,10.403746955367758,-0.9492809479814448,-0.0084613924285563,0.02247433503568054,nan,nan,nan,nan
10398,103.992,,103.99200000000383,False,10.440079138522249,-0.9336044570831178,-0.01636646388901858,0.01761450385240878,nan,nan,nan,nan
10399,104.001,,104.00100000000383,False,10.46569516791192,-0.9193262210375353,-0.02350265882295823,0.013898856106145342,nan,nan,nan,nan
10400,104.01,,104.01000000000383,False,10.493443698271337,-0.9077984222275113,-0.02890471446242405,0.010418898912664926,nan,nan,nan,nan
10401,104.022,,104.02200000000383,False,10.528184904386416,-0.889105186473793,-0.03769960256158965,0.005687578807885257,nan,nan,nan,nan
10402,104.031,,104.03100000000383,False,10.556664926528928,-0.8782408795184595,-0.04233955354682663,0.002429918294740951,nan,nan,nan,nan
10403,104.04,,104.04000000000383,False,10.582911524011143,-0.8644816336282749,-0.048443164114107505,-0.0009363404452611801,nan,nan,nan,nan
10404,104.052,,104.05200000000383,False,10.619734176028313,-0.8484562863725501,-0.05507771107687483,-0.005145021627937116,nan,nan,nan,nan
10405,104.061,,104.06100000000383,False,10.645339260045933,-0.8340342881275943,-0.06122142567844438,-0.008368480678702273,nan,nan,nan,nan
10406,104.07,,104.07000000000383,False,10.672922884430212,-0.8222825258093945,-0.06577547522964987,-0.011323639037165378,nan,nan,nan,nan
10407,104.082,,104.08200000000383,False,10.707006378961967,-0.8034428107512259,-0.07338634739043103,-0.015350905957698975,nan,nan,nan,nan
10408,104.091,,104.09100000000383,False,10.734829680325337,-0.7923511447361374,-0.07730459500038722,-0.01804819470654111,nan,nan,nan,nan
10409,104.1,,104.10000000000383,False,10.760147007984337,-0.7784874032973229,-0.08262196448116124,-0.020856471302592258,nan,nan,nan,nan
10410,104.112,,104.11200000000383,False,10.795479253569075,-0.7622125989581954,-0.08835834473293183,-0.024293833371011812,nan,nan,nan,nan
10411,104.121,,104.12100000000383,False,10.819704276379001,-0.7477029664950469,-0.09378451443722817,-0.02693734516143722,nan,nan,nan,nan
10412,104.13,,104.13000000000383,False,10.845772498706468,-0.735722526189472,-0.09775988490127854,-0.029294169042552037,nan,nan,nan,nan
10413,104.142,,104.14200000000383,False,10.877512013682312,-0.7167080827041856,-0.10453622010645784,-0.03252336646292771,nan,nan,nan,nan
10414,104.151,,104.15100000000383,False,10.903410853928897,-0.7053044121893788,-0.10798527586670845,-0.03460625377017113,nan,nan,nan,nan
10415,104.16,,104.16000000000383,False,10.926604970040286,-0.6912507573683024,-0.11276078837870877,-0.0368035394362124,nan,nan,nan,nan
10416,104.172,,104.17200000000383,False,10.958849548851244,-0.6745593767305732,-0.1179092610810252,-0.03941617325284713,nan,nan,nan,nan
10417,104.181,,104.18100000000383,False,10.980557078582994,-0.6598381301041408,-0.12283970379045499,-0.04144330257293543,nan,nan,nan,nan
10418,104.19,,104.19000000000383,False,11.003943277050038,-0.6474713655123776,-0.1264459887686181,-0.0431786775500128,nan,nan,nan,nan
10419,104.202,,104.20200000000384,False,11.03184876584031,-0.6280885465810059,-0.13265157195349983,-0.0455837878873747,nan,nan,nan,nan
10420,104.211,,104.21100000000384,False,11.054663163038372,-0.616199612193779,-0.13581415400569974,-0.04704748677229625,nan,nan,nan,nan
10421,104.22,,104.22000000000384,False,11.07462891150459,-0.6018069806283454,-0.14022057743671165,-0.04863027374847337,nan,nan,nan,nan
10422,104.232,,104.23200000000384,False,11.102274693043118,-0.5844875958632109,-0.14499221054961256,-0.050428343560995334,nan,nan,nan,nan
10423,104.241,,104.24100000000384,False,11.120612771277045,-0.5694086847119534,-0.14957070431217087,-0.051849245698119405,nan,nan,nan,nan
10424,104.25,,104.25000000000384,False,11.14079698269855,-0.5564743418972421,-0.15293298222273935,-0.05298325612340524,nan,nan,nan,nan
10425,104.262,,104.26200000000384,False,11.164619394622497,-0.5364940452811854,-0.15871367256301877,-0.0545932996312369,nan,nan,nan,nan
10426,104.271,,104.27100000000384,False,11.184270294188924,-0.523919781787856,-0.1616812452001653,-0.055470460538714475,nan,nan,nan,nan
10427,104.28,,104.28000000000384,False,11.201041965792475,-0.5090107627983411,-0.16580022935770483,-0.056471355831645975,nan,nan,nan,nan
10428,104.292,,104.29200000000384,False,11.224096603072043,-0.4908115587869735,-0.17028627249140793,-0.0575088740814243,nan,nan,nan,nan
10429,104.301,,104.30100000000384,False,11.238584923374868,-0.47523598507304143,-0.17457964651509564,-0.058366492969228335,nan,nan,nan,nan
10430,104.31,,104.31000000000384,False,11.254191287131754,-0.4616211881691451,-0.17776782286363815,-0.058952124728467004,nan,nan,nan,nan
10431,104.322,,104.32200000000384,False,11.271208573959772,-0.4409763830970831,-0.1832267344946652,-0.05984186421233472,nan,nan,nan,nan
10432,104.331,,104.33100000000384,False,11.28511086131541,-0.4276734878618158,-0.18607961849646787,-0.06019865716330045,nan,nan,nan,nan
10433,104.34,,104.34000000000384,False,11.29589327409384,-0.4122483033690459,-0.18999868538694603,-0.060684607815468534,nan,nan,nan,nan
10434,104.352,,104.35200000000384,False,11.310343903258396,-0.3931713044121925,-0.1943213185300732,-0.06106008274299806,nan,nan,nan,nan
10435,104.361,,104.36100000000384,False,11.318211358523962,-0.37711320396296516,-0.19842541196463276,-0.061429152716187624,nan,nan,nan,nan
10436,104.37,,104.37000000000384,False,11.326839577185188,-0.36278642898693225,-0.20152992231617742,-0.06154629001219128,nan,nan,nan,nan
10437,104.382,,104.38200000000384,False,11.334449629081115,-0.34142191718930276,-0.20678764155142085,-0.06182181424626693,nan,nan,nan,nan
10438,104.391,,104.39100000000384,False,11.3409434677771,-0.32728951905245235,-0.20960907646245205,-0.06174281392191361,nan,nan,nan,nan
10439,104.4,,104.40000000000384,False,11.344392770817674,-0.31123984176024455,-0.21341077609797254,-0.061796839930070374,nan,nan,nan,nan
10440,104.412,,104.41200000000384,False,11.348736611952319,-0.2910668672872137,-0.21767049691521806,-0.06162463533764796,nan,nan,nan,nan
10441,104.421,,104.42100000000384,False,11.349123963566742,-0.2743436003861208,-0.22165714536005057,-0.06158954833438884,nan,nan,nan,nan
10442,104.43,,104.43000000000384,False,11.350020929703437,-0.25906225557985085,-0.22474134711009167,-0.06132520751682591,nan,nan,nan,nan
10443,104.442,,104.44200000000384,False,11.347484194832536,-0.23663406217895974,-0.22987701176425582,-0.06110000076938569,nan,nan,nan,nan
10444,104.451,,104.45100000000384,False,11.346082900488504,-0.22134692722995483,-0.23271741567948095,-0.060672477801422486,nan,nan,nan,nan
10445,104.46,,104.46000000000384,False,11.341859593545676,-0.2043507162016416,-0.23645003140879542,-0.060379086088721924,nan,nan,nan,nan
10446,104.472,,104.47200000000385,False,11.335711400519422,-0.18259046951941874,-0.24070405343758278,-0.05977232374800425,nan,nan,nan,nan
10447,104.481,,104.48100000000385,False,11.328447113938571,-0.1648396756388426,-0.24461484997823713,-0.05941498115055672,nan,nan,nan,nan
10448,104.49,,104.49000000000385,False,11.321438453516324,-0.1481946154145274,-0.24771751209019155,-0.05885161943492437,nan,nan,nan,nan
10449,104.502,,104.50200000000385,False,11.308643266732496,-0.12417918080555167,-0.25278457689054457,-0.05823123812932088,nan,nan,nan,nan
10450,104.511,,104.51100000000385,False,11.29924058974578,-0.1072927693309315,-0.2556844973495804,-0.057534456464348516,nan,nan,nan,nan
10451,104.52,,104.52000000000385,False,11.287317272701323,-0.08893719429214852,-0.25939189223827436,-0.05696930700180371,nan,nan,nan,nan
10452,104.532,,104.53200000000385,False,11.270628684325883,-0.06499443611441241,-0.26370410342701694,-0.056027289572472924,nan,nan,nan,nan
10453,104.541,,104.54100000000385,False,11.255740269355188,-0.045798532165374876,-0.2675920965384163,-0.05541838660806412,nan,nan,nan,nan
10454,104.55,,104.55000000000385,False,11.24082024482764,-0.027322920255133762,-0.27077160461347893,-0.05462610961847918,nan,nan,nan,nan
10455,104.562,,104.56200000000385,False,11.21783689887059,-0.0011369545963746987,-0.2758560029313996,-0.053698845170113765,nan,nan,nan,nan
10456,104.571,,104.57100000000385,False,11.200447417160008,0.01785288029133243,-0.27888805923651133,-0.05279807523073514,nan,nan,nan,nan
10457,104.58,,104.58000000000385,False,11.180901227698518,0.038033211143332774,-0.28264761062664084,-0.052022570613013894,nan,nan,nan,nan
10458,104.592,,104.59200000000385,False,11.15376083853313,0.06484784608694007,-0.2871325647354171,-0.050824619053483296,nan,nan,nan,nan
10459,104.601,,104.60100000000385,False,11.131372777606247,0.08597782685029137,-0.29108879325206055,-0.05001956746955997,nan,nan,nan,nan
10460,104.61,,104.61000000000385,False,11.108643828040638,0.10684804809301783,-0.2944446529422774,-0.04905255333324667,nan,nan,nan,nan
10461,104.622,,104.62200000000385,False,11.075691793988595,0.13592073704332022,-0.29968451004962166,-0.04788509744447244,nan,nan,nan,nan
10462,104.631,,104.63100000000385,False,11.0504657419102,0.15765062483772826,-0.3029628374996004,-0.04682862454879846,nan,nan,nan,nan
10463,104.64,,104.64000000000385,False,11.023515632686847,0.18024984806973063,-0.306889798467945,-0.04588698420896347,nan,nan,nan,nan
10464,104.652,,104.65200000000385,False,10.98626407924963,0.2107870080705288,-0.31171606359113,-0.04448771527347652,nan,nan,nan,nan
10465,104.661,,104.66100000000385,False,10.956473225360595,0.2344466722594065,-0.3158760668775524,-0.04352385814572752,nan,nan,nan,nan
10466,104.67,,104.67000000000385,False,10.925715019720622,0.2582346392136282,-0.31958048765111313,-0.04241969728516339,nan,nan,nan,nan
10467,104.682,,104.68200000000385,False,10.882084042861633,0.2907399450379895,-0.32523464964198084,-0.04105907227187761,nan,nan,nan,nan
10468,104.691,,104.69100000000385,False,10.848352628879995,0.315305088344092,-0.32901362888747404,-0.03988406227510641,nan,nan,nan,nan
10469,104.7,,104.70000000000385,False,10.81314096306114,0.34024178031659086,-0.3333818761326669,-0.038811227965857134,nan,nan,nan,nan
10470,104.712,,104.71200000000385,False,10.764631426694454,0.37379177643243844,-0.3389971216625963,-0.03726206194333694,nan,nan,nan,nan
10471,104.721,,104.72100000000385,False,10.726931867339953,0.3991322248928999,-0.34371237757437995,-0.036174421699179955,nan,nan,nan,nan
10472,104.73,,104.73000000000386,False,10.688519343029819,0.42460091137791545,-0.34814168548721525,-0.034968339808653985,nan,nan,nan,nan
10473,104.742,,104.74200000000386,False,10.63573284295257,0.458497065466607,-0.35469446585657044,-0.03345268264644901,nan,nan,nan,nan
10474,104.751,,104.75100000000386,False,10.595403966400381,0.484101698356098,-0.35934370082482303,-0.03218598870489369,nan,nan,nan,nan
10475,104.76,,104.76000000000386,False,10.554340019340142,0.5094290328619843,-0.36448911026963754,-0.031001391938518006,nan,nan,nan,nan
10476,104.772,,104.77200000000386,False,10.498509378812653,0.5433168455835307,-0.3713073628672495,-0.029320526586756882,nan,nan,nan,nan
10477,104.781,,104.78100000000386,False,10.456068024292138,0.5682882240347419,-0.37684104551687586,-0.02811501925724205,nan,nan,nan,nan
10478,104.79,,104.79000000000386,False,10.413123572931276,0.5934643869894562,-0.3822431296101069,-0.026809500367052878,nan,nan,nan,nan
10479,104.802,,104.80200000000386,False,10.35522597868442,0.6262136049999438,-0.3899563911660441,-0.02513295079769387,nan,nan,nan,nan
10480,104.811,,104.81100000000386,False,10.311302780939833,0.6511329370019853,-0.39564879949490356,-0.02376528811012617,nan,nan,nan,nan
10481,104.82,,104.82000000000386,False,10.267295809360238,0.6752399606529106,-0.40169150107602536,-0.022453581228435052,nan,nan,nan,nan
10482,104.832,,104.83200000000386,False,10.207981702033539,0.7076108217568682,-0.4098307662385992,-0.020612754482230038,nan,nan,nan,nan
10483,104.841,,104.84100000000386,False,10.16357665526497,0.7309968744787283,-0.41621598775517,-0.01926180993482428,nan,nan,nan,nan
10484,104.85,,104.85000000000386,False,10.118868596463274,0.7548825016101319,-0.4226078960521953,-0.017824166070783635,nan,nan,nan,nan
10485,104.862,,104.86200000000386,False,10.059433521526127,0.7853775190977998,-0.43143553378563193,-0.015935248197801826,nan,nan,nan,nan
10486,104.871,,104.87100000000386,False,10.014456681608232,0.8090227547053227,-0.43813052882004144,-0.01442228815317191,nan,nan,nan,nan
10487,104.88,,104.88000000000386,False,9.96969014168714,0.8314451931107503,-0.44499759745257794,-0.012936248842377892,nan,nan,nan,nan
10488,104.892,,104.89200000000386,False,9.909422614306786,0.8619407817666714,-0.4543603973823281,-0.010866353851487555,nan,nan,nan,nan
10489,104.901,,104.90100000000386,False,9.864575601248045,0.8835860804811124,-0.46149948698354487,-0.009315739096673756,nan,nan,nan,nan
10490,104.91,,104.91000000000386,False,9.819414683891717,0.9061738562923727,-0.4687985736443915,-0.007687508465554689,nan,nan,nan,nan
10491,104.922,,104.92200000000386,False,9.759747480986396,0.9344967103574465,-0.47860390344764764,-0.005506486887387296,nan,nan,nan,nan
10492,104.931,,104.93100000000386,False,9.71476826254815,0.9570369945921376,-0.4862081878071777,-0.0037820251026153924,nan,nan,nan,nan
10493,104.94,,104.94000000000386,False,9.670528670785314,0.9779116401991849,-0.4937601047782546,-0.002053333818367782,nan,nan,nan,nan
10494,104.952,,104.95200000000386,False,9.611528367220183,1.0067305145448298,-0.5041330980523007,0.00034572050644127454,nan,nan,nan,nan
10495,104.961,,104.96100000000386,False,9.568185742903559,1.0267145454980584,-0.5118107177564412,0.0021728870882686906,nan,nan,nan,nan
10496,104.97,,104.97000000000386,False,9.52487750021406,1.0480713478458452,-0.5197840748836905,0.004075490225966548,nan,nan,nan,nan
10497,104.982,,104.98200000000386,False,9.468399224067724,1.0741676321663436,-0.5301699072251218,0.006660742733048819,nan,nan,nan,nan
10498,104.991,,104.99100000000387,False,9.426250831286014,1.0955200890218304,-0.5383610252361151,0.008687958802931356,nan,nan,nan,nan
10499,105.0,,105.00000000000387,False,9.385293665653068,1.114661255610827,-0.5462199855933296,0.010746657695160861,nan,nan,nan,nan
10500,105.012,,105.01200000000387,False,9.331312584657505,1.1414648073570284,-0.5570576674920066,0.01359559531114328,nan,nan,nan,nan
10501,105.021,,105.02100000000387,False,9.292211184023486,1.1594173977897257,-0.564806257992041,0.0157842350543971,nan,nan,nan,nan
10502,105.03,,105.03000000000387,False,9.253562318362677,1.1791187186020287,-0.572968357964334,0.018050026327320536,nan,nan,nan,nan
10503,105.042,,105.04200000000387,False,9.203733630024512,1.202290519029027,-0.5832258706083888,0.02114642544208938,nan,nan,nan,nan
10504,105.051,,105.05100000000387,False,9.166728217122282,1.2219131454026615,-0.5914790258979662,0.02355897668001154,nan,nan,nan,nan
10505,105.06,,105.06000000000387,False,9.130947080282791,1.238731724255397,-0.5991005185879128,0.026017980243228284,nan,nan,nan,nan
10506,105.072,,105.07200000000387,False,9.084110227664864,1.2627082866087571,-0.6096887919729129,0.0294075267230223,nan,nan,nan,nan
10507,105.081,,105.08100000000387,False,9.050395266905019,1.2779952948411355,-0.616968963370669,0.03201072063955362,nan,nan,nan,nan
10508,105.09,,105.09000000000387,False,9.017332261847024,1.2954061963378358,-0.6248037897402052,0.03469314651776567,nan,nan,nan,nan
10509,105.102,,105.10200000000387,False,8.975177623925106,1.314749323754143,-0.6342321453871745,0.038349716804599254,nan,nan,nan,nan
10510,105.111,,105.11100000000387,False,8.944566344277709,1.331858237470361,-0.6420027166005016,0.04118631601248128,nan,nan,nan,nan
10511,105.12,,105.12000000000387,False,8.91544792500558,1.3454749657028973,-0.6488043299991059,0.044066138183826244,nan,nan,nan,nan
10512,105.132,,105.13200000000387,False,8.878302128687166,1.3652739258856006,-0.6583211193361438,0.048017666706317255,nan,nan,nan,nan
10513,105.141,,105.14100000000387,False,8.852170017335592,1.3767558034604321,-0.6644679536765414,0.051029886766197324,nan,nan,nan,nan
10514,105.15,,105.15000000000387,False,8.827279914879279,1.3905890023689853,-0.6712721507416186,0.05412259685102638,nan,nan,nan,nan
10515,105.162,,105.16200000000387,False,8.796401089844984,1.4042289780817268,-0.6788724151773169,0.05829695469606726,nan,nan,nan,nan
10516,105.171,,105.17100000000387,False,8.77494131857554,1.417271926689877,-0.685379723858136,0.06152212180679141,nan,nan,nan,nan
10517,105.18,,105.18000000000387,False,8.75508894201125,1.4260845872501222,-0.6905594623697587,0.06475864302976231,nan,nan,nan,nan
10518,105.192,,105.19200000000387,False,8.731075178548581,1.4394125580035315,-0.697899921823722,0.06917111963333242,nan,nan,nan,nan
10519,105.201,,105.20100000000387,False,8.71493001081023,1.4453429367570017,-0.7020749646945013,0.07248409233843452,nan,nan,nan,nan
10520,105.21,,105.21000000000387,False,8.700603261158308,1.453759352486408,-0.7069959920477694,0.07587309578130161,nan,nan,nan,nan
10521,105.222,,105.22200000000387,False,8.683932256788362,1.459284184020875,-0.7116467967037071,0.08036651332657005,nan,nan,nan,nan
10522,105.231,,105.23100000000387,False,8.673780005095276,1.4663796495963382,-0.7160473676131203,0.08382348091485098,nan,nan,nan,nan
10523,105.24,,105.24000000000387,False,8.665145453886572,1.4686097878276159,-0.7187978548175262,0.08722440933969713,nan,nan,nan,nan
10524,105.252,,105.25200000000387,False,8.656737280892205,1.47310638256669,-0.7229153004806934,0.0918207498744971,nan,nan,nan,nan
10525,105.261,,105.26100000000388,False,8.65221696681229,1.4718763570308722,-0.7243953692509961,0.09518918402532886,nan,nan,nan,nan
10526,105.27,,105.27000000000388,False,8.650022392442954,1.4732773091661273,-0.7267360106436063,0.09862231857628283,nan,nan,nan,nan
10527,105.282,,105.28200000000388,False,8.649365882796749,1.4688457217849518,-0.7276180680022927,0.10304919764080785,nan,nan,nan,nan
10528,105.291,,105.29100000000388,False,8.651781051630815,1.468654735422359,-0.7293382395978841,0.1064417560600031,nan,nan,nan,nan
10529,105.3,,105.30000000000388,False,8.65542335934919,1.4632210284631484,-0.7291795519529026,0.10967681971569383,nan,nan,nan,nan
10530,105.312,,105.31200000000388,False,8.663862547675727,1.457605697856227,-0.7295181747380161,0.11400052532831116,nan,nan,nan,nan
10531,105.321,,105.32100000000388,False,8.671694837187841,1.448557114685469,-0.7279991881209058,0.1170508273596869,nan,nan,nan,nan
10532,105.33,,105.33000000000388,False,8.682265086402051,1.4423575660720847,-0.72750153403213,0.12015292107411571,nan,nan,nan,nan
10533,105.342,,105.34200000000388,False,8.69821518259016,1.4276249094639517,-0.7244311493650569,0.123977917113157,nan,nan,nan,nan
10534,105.351,,105.35100000000388,False,8.713525071625872,1.419981428298987,-0.7233870847685163,0.12690637107132804,nan,nan,nan,nan
10535,105.36,,105.36000000000388,False,8.729611381842812,1.4070435514565556,-0.7203509329636074,0.1295553123679172,nan,nan,nan,nan
10536,105.372,,105.37200000000388,False,8.754947704423643,1.3917361703945166,-0.7170455729180646,0.13304683908477283,nan,nan,nan,nan
10537,105.381,,105.38100000000388,False,8.77501349527145,1.3755239817668738,-0.712750611527393,0.1353472599022889,nan,nan,nan,nan
10538,105.39,,105.39000000000388,False,8.798126990607003,1.3624527355078524,-0.70967760899411,0.13769634374916603,nan,nan,nan,nan
10539,105.402,,105.40200000000388,False,8.830204712613977,1.3388316873850268,-0.7031613552111081,0.14035151222109613,nan,nan,nan,nan
10540,105.411,,105.41100000000388,False,8.857929084983954,1.3248679407404609,-0.6997720657207892,0.1424060907434255,nan,nan,nan,nan
10541,105.42,,105.42000000000388,False,8.88587525338327,1.3058580284498729,-0.6943804496642111,0.14406091361663786,nan,nan,nan,nan
10542,105.432,,105.43200000000388,False,8.92717139445657,1.2829185226746764,-0.6881908430347409,0.14620018373494473,nan,nan,nan,nan
10543,105.441,,105.44100000000388,False,8.958667406985985,1.2613650802720358,-0.6817858007233089,0.14737428397920138,nan,nan,nan,nan
10544,105.45,,105.45000000000388,False,8.99341802344444,1.2432633980258403,-0.6768180775198308,0.1486158352790389,nan,nan,nan,nan
10545,105.462,,105.46200000000388,False,9.040301780616067,1.2135285941499752,-0.6678732445417622,0.14965735012078132,nan,nan,nan,nan
10546,105.471,,105.47100000000388,False,9.079328530483908,1.1953184153880407,-0.6629071559873408,0.1505340341456591,nan,nan,nan,nan
10547,105.48,,105.48000000000388,False,9.11796947675312,1.1725068527208706,-0.6559944592889181,0.15091499158445323,nan,nan,nan,nan
10548,105.492,,105.49200000000388,False,9.173526672848736,1.1449776633032653,-0.6480450185514663,0.15137099933020712,nan,nan,nan,nan
10549,105.501,,105.50100000000388,False,9.2151239450225,1.1205084083501071,-0.640422312103072,0.15120581334149247,nan,nan,nan,nan
10550,105.51,,105.51000000000388,False,9.260078043709388,1.0997323099654708,-0.6344335272046475,0.1511550661015346,nan,nan,nan,nan
10551,105.522,,105.52200000000389,False,9.31979408161972,1.067152463578223,-0.6242691123483403,0.15038980062196639,nan,nan,nan,nan
10552,105.531,,105.53100000000389,False,9.368519069155345,1.0470364675132986,-0.6186003189444211,0.1499765085217496,nan,nan,nan,nan
10553,105.54,,105.54000000000389,False,9.416232694303577,1.0228282141071823,-0.6110627316768097,0.14900951948324892,nan,nan,nan,nan
10554,105.552,,105.55200000000389,False,9.483747450063381,0.9937835790451592,-0.602508696417606,0.1477296485892195,nan,nan,nan,nan
10555,105.561,,105.56100000000389,False,9.533828650139712,0.9686921084362353,-0.5945285402574784,0.14622863292467095,nan,nan,nan,nan
10556,105.57,,105.57000000000389,False,9.587454494789634,0.9473684623688996,-0.5883200385053161,0.14491171235060862,nan,nan,nan,nan
10557,105.582,,105.58200000000389,False,9.65805346712667,0.9147193502450643,-0.5779827219388343,0.1424317230356,nan,nan,nan,nan
10558,105.591,,105.59100000000389,False,9.71484574510999,0.8945968263528304,-0.5723383110187951,0.14082326449926905,nan,nan,nan,nan
10559,105.6,,105.60000000000389,False,9.769890172770422,0.8708634465163186,-0.5648983271388383,0.13864330934045133,nan,nan,nan,nan
10560,105.612,,105.61200000000389,False,9.84664794746166,0.8426013433511725,-0.5566475147032494,0.13584557861164367,nan,nan,nan,nan
10561,105.621,,105.62100000000389,False,9.902624901300547,0.8185790824178913,-0.5489992937804896,0.13321866206532298,nan,nan,nan,nan
10562,105.63,,105.63000000000389,False,9.961563032953027,0.7982952162751733,-0.5432487108632515,0.13086832411739535,nan,nan,nan,nan
10563,105.642,,105.64200000000389,False,10.037858880451113,0.7676350467725609,-0.5336529591617524,0.12704250491060373,nan,nan,nan,nan
10564,105.651,,105.65100000000389,False,10.098401453690423,0.7488899073024469,-0.5286816335528035,0.12453300490827662,nan,nan,nan,nan
10565,105.66,,105.66000000000389,False,10.156364260261164,0.7269479820589623,-0.5219766520262743,0.12146767447172613,nan,nan,nan,nan
10566,105.675,,105.67500000000389,False,10.256167271547145,0.6943935856527281,-0.5129475216152911,0.11659128777516223,nan,nan,nan,nan
10567,105.681,,105.68100000000389,False,10.293940961634643,0.6790636171058466,-0.5080435676835117,0.11422461310181914,nan,nan,nan,nan
10568,105.69,,105.69000000000389,False,10.354202405110444,0.6606343431442682,-0.5032196639016538,0.11120826134654052,nan,nan,nan,nan
10569,105.702,,105.70200000000389,False,10.431630444469702,0.6327828649956476,-0.494882647693291,0.10654800399114735,nan,nan,nan,nan
10570,105.711,,105.71100000000389,False,10.492779652129038,0.6157580182703928,-0.49086945130685167,0.10351434748133893,nan,nan,nan,nan
10571,105.72,,105.72000000000389,False,10.550806196121004,0.5957987797734537,-0.485121545894681,0.09995390445911229,nan,nan,nan,nan
10572,105.732,,105.7320000000039,False,10.630294669230478,0.5721863923217932,-0.47924712127550373,0.09554832229550121,nan,nan,nan,nan
10573,105.741,,105.7410000000039,False,10.686860268816247,0.5522060947560673,-0.47343725981238427,0.0918005066580527,nan,nan,nan,nan
10574,105.75,,105.7500000000039,False,10.745652267211177,0.5354016705089195,-0.4695798789476682,0.08850160290055871,nan,nan,nan,nan
10575,105.762,,105.7620000000039,False,10.819887934296865,0.5100521281890178,-0.4625491157926975,0.0835308810824335,nan,nan,nan,nan
10576,105.771,,105.7710000000039,False,10.877980568781636,0.4945654916895222,-0.4595361085486809,0.08035432737276238,nan,nan,nan,nan
10577,105.78,,105.7800000000039,False,10.932248845390873,0.4764290542038197,-0.4547896613717291,0.07668612257861795,nan,nan,nan,nan
10578,105.792,,105.7920000000039,False,11.005927438251476,0.45489971528945067,-0.4502463611116781,0.07223505892422939,nan,nan,nan,nan
10579,105.801,,105.8010000000039,False,11.05752950159834,0.4366569803650393,-0.4454190825494726,0.06849799134993945,nan,nan,nan,nan
10580,105.81,,105.8100000000039,False,11.110971851002189,0.42118892234753524,-0.4425282736679876,0.06527381053988467,nan,nan,nan,nan
10581,105.822,,105.8220000000039,False,11.177428594213023,0.39780947875326145,-0.43674898540252605,0.060457278448002104,nan,nan,nan,nan
10582,105.831,,105.8310000000039,False,11.229536828587932,0.3832988709030995,-0.43463941964964864,0.05746009800666926,nan,nan,nan,nan
10583,105.84,,105.8400000000039,False,11.277831494761136,0.3663176109872644,-0.43074865772475796,0.053994696554032294,nan,nan,nan,nan
10584,105.852,,105.8520000000039,False,11.34332382754085,0.3458525002080502,-0.42729206199714515,0.04987986304467398,nan,nan,nan,nan
10585,105.861,,105.8610000000039,False,11.38849149107814,0.3285274416345966,-0.42323719211280486,0.04642568483433881,nan,nan,nan,nan
10586,105.87,,105.8700000000039,False,11.435112294098811,0.3135474975481139,-0.4210965391710726,0.043527166387771904,nan,nan,nan,nan
10587,105.882,,105.8820000000039,False,11.491858025988762,0.29100776097366804,-0.41627487389155426,0.039182175573488714,nan,nan,nan,nan
10588,105.891,,105.8910000000039,False,11.535832153589784,0.2766561413181352,-0.4148828010619791,0.03658450935621878,nan,nan,nan,nan
10589,105.9,,105.9000000000039,False,11.575204252583292,0.26007392786980715,-0.41170282018524273,0.03354067152659011,nan,nan,nan,nan
10590,105.912,,105.9120000000039,False,11.627650785996813,0.2397428871289732,-0.4092069513760633,0.030036366717700592,nan,nan,nan,nan
10591,105.921,,105.9210000000039,False,11.6624887230407,0.22269806883049437,-0.40586362649923213,0.027061862843221412,nan,nan,nan,nan
10592,105.93,,105.9300000000039,False,11.69826527427725,0.20760751524836543,-0.4044487989908534,0.024669794382413054,nan,nan,nan,nan
10593,105.942,,105.9420000000039,False,11.74014174279549,0.18517107986290418,-0.40058092500286674,0.021021420433863573,nan,nan,nan,nan
10594,105.951,,105.9510000000039,False,11.772553708852426,0.17044279056559994,-0.39992553680176035,0.018969780475466408,nan,nan,nan,nan
10595,105.96,,105.9600000000039,False,11.800335876852984,0.1537350860654238,-0.39746174385451516,0.01647911096235791,nan,nan,nan,nan
10596,105.972,,105.9720000000039,False,11.836991540535944,0.13283576145179862,-0.39593793921146725,0.013732246522183736,nan,nan,nan,nan
10597,105.981,,105.9810000000039,False,11.860066883378112,0.11554843067402214,-0.3932979077726885,0.01133112253843668,nan,nan,nan,nan
10598,105.99,,105.9900000000039,False,11.883906484272481,0.09981074928810645,-0.39260524214919046,0.009521579472388112,nan,nan,nan,nan
10599,106.002,,106.0020000000039,False,11.910057104635287,0.07675989552115496,-0.3896572354222992,0.006651375735480704,nan,nan,nan,nan
10600,106.011,,106.0110000000039,False,11.930516763933845,0.061092447762741066,-0.3897174057025936,0.005188215368942306,nan,nan,nan,nan
10601,106.02,,106.0200000000039,False,11.946621449891706,0.04370094258625477,-0.387925427871468,0.0032821250142258465,nan,nan,nan,nan
10602,106.032,,106.0320000000039,False,11.966989550581495,0.021465981752701598,-0.38733609723751516,0.0013183261898122133,nan,nan,nan,nan
10603,106.041,,106.0410000000039,False,11.977029938905634,0.0033704471616855924,-0.3853927308690499,-0.0004923182651520639,nan,nan,nan,nan
10604,106.05,,106.0500000000039,False,11.987037477537786,-0.01360091057191315,-0.38545724333830644,-0.0017086306829464228,nan,nan,nan,nan
10605,106.062,,106.0620000000039,False,11.994461801615147,-0.03803113337566443,-0.3834940108586132,-0.0037926232935875026,nan,nan,nan,nan
10606,106.071,,106.0710000000039,False,12.000441655033706,-0.05523806461367734,-0.3843650084813099,-0.004670255341159823,nan,nan,nan,nan
10607,106.08,,106.0800000000039,False,12.002353697990452,-0.0738908955269061,-0.38334300256772796,-0.005999381136532933,nan,nan,nan,nan
10608,106.092,,106.0920000000039,False,12.004274132164095,-0.09825759727793794,-0.38382758933385386,-0.007211789214808155,nan,nan,nan,nan
10609,106.101,,106.1010000000039,False,12.002087051683839,-0.11773549294730626,-0.3826091463605087,-0.008482364201285557,nan,nan,nan,nan
10610,106.11,,106.11000000000391,False,12.000493225052372,-0.13653709334300657,-0.3834407441729195,-0.009177466545135373,nan,nan,nan,nan
10611,106.122,,106.12200000000391,False,11.993833011483696,-0.16309001054970398,-0.38240319641195036,-0.010595654081139522,nan,nan,nan,nan
10612,106.131,,106.13100000000391,False,11.98949610795555,-0.18242059881678543,-0.38403821600941346,-0.010996390611903386,nan,nan,nan,nan
10613,106.14,,106.14000000000391,False,11.981792807589583,-0.20286733085891015,-0.3836995425090779,-0.011866681465270156,nan,nan,nan,nan
10614,106.152,,106.15200000000391,False,11.970969739662783,-0.23009259718527347,-0.38516197634156074,-0.012497236035785739,nan,nan,nan,nan
10615,106.161,,106.16100000000391,False,11.95971289492353,-0.2514465630970448,-0.38461171923724446,-0.013351538962998401,nan,nan,nan,nan
10616,106.17,,106.17000000000391,False,11.948802279093732,-0.2726142812280198,-0.38620479123017093,-0.01365136910374478,nan,nan,nan,nan
10617,106.182,,106.18200000000391,False,11.930152496725738,-0.3019492859106449,-0.3861071140419699,-0.014567861789911598,nan,nan,nan,nan
10618,106.191,,106.19100000000391,False,11.916407413348544,-0.3239705223960268,-0.3885819793749824,-0.014618218435876282,nan,nan,nan,nan
10619,106.2,,106.20000000000391,False,11.899633665656998,-0.3467355776380669,-0.3890141908733727,-0.015152540078367359,nan,nan,nan,nan
10620,106.212,,106.21200000000391,False,11.876278810098347,-0.37760670804252167,-0.3916498412075449,-0.015367501980859781,nan,nan,nan,nan
10621,106.221,,106.22100000000391,False,11.855872672106248,-0.40140576396784367,-0.3919353689113754,-0.015926405623951832,nan,nan,nan,nan
10622,106.23,,106.23000000000391,False,11.836010954247234,-0.42558610332781943,-0.3944963043055106,-0.015959946436986235,nan,nan,nan,nan
10623,106.242,,106.24200000000391,False,11.80743803863316,-0.4584732349204197,-0.39556822164230754,-0.016555540687467403,nan,nan,nan,nan
10624,106.251,,106.25100000000391,False,11.78684518193412,-0.4838399950342946,-0.39907172513831374,-0.016405379683872217,nan,nan,nan,nan
10625,106.26,,106.26000000000391,False,11.764401050354783,-0.5094893609683967,-0.400416281087507,-0.016756933038034206,nan,nan,nan,nan
10626,106.272,,106.27200000000391,False,11.734183292199726,-0.5448144312199305,-0.40440129824559407,-0.016776593116302276,nan,nan,nan,nan
10627,106.281,,106.28100000000391,False,11.709719153104274,-0.5715693243955379,-0.4055949150814687,-0.01720991182119404,nan,nan,nan,nan
10628,106.29,,106.29000000000391,False,11.68537503121507,-0.599385597282888,-0.4092331735637262,-0.017150135884777224,nan,nan,nan,nan
10629,106.302,,106.30200000000391,False,11.650408183716165,-0.6366553631828423,-0.4116565682825983,-0.01763186546039332,nan,nan,nan,nan
10630,106.311,,106.31100000000392,False,11.624131093154357,-0.6661896279921692,-0.4164060359709169,-0.017432918148404232,nan,nan,nan,nan
10631,106.32,,106.32000000000392,False,11.596126425979145,-0.6955212657883583,-0.418890089884883,-0.01773832257187389,nan,nan,nan,nan
10632,106.332,,106.33200000000392,False,11.557888960586133,-0.7365939936699378,-0.4246176909198282,-0.017739410369288378,nan,nan,nan,nan
10633,106.341,,106.34100000000392,False,11.527647401786489,-0.76728947678043,-0.4270366818883462,-0.018165494181245707,nan,nan,nan,nan
10634,106.35,,106.35000000000392,False,11.497192228621342,-0.7999164489246295,-0.4321231161916454,-0.0181370693899416,nan,nan,nan,nan
10635,106.362,,106.36200000000392,False,11.454624564996577,-0.8430823106594965,-0.4363535736581376,-0.018668685255938112,nan,nan,nan,nan
10636,106.371,,106.37100000000392,False,11.422482169371738,-0.8781215840445198,-0.44273005348543654,-0.01855779815646788,nan,nan,nan,nan
10637,106.38,,106.38000000000392,False,11.389222817711406,-0.9123817629668974,-0.44669108342130465,-0.01894999292166079,nan,nan,nan,nan
10638,106.392,,106.39200000000392,False,11.344215940237236,-0.9610278326589307,-0.45462463778663537,-0.01912505141693729,nan,nan,nan,nan
10639,106.401,,106.40100000000392,False,11.309636142582855,-0.9969295795982525,-0.45856058086169704,-0.019686835720337262,nan,nan,nan,nan
10640,106.41,,106.41000000000392,False,11.275050896740394,-1.0357720943118216,-0.4653978758613469,-0.019848383106125658,nan,nan,nan,nan
10641,106.422,,106.42200000000392,False,11.228107525726367,-1.0865079516192664,-0.4717419481868274,-0.020640490505801162,nan,nan,nan,nan
10642,106.431,,106.43100000000392,False,11.19313846992527,-1.1284410410760486,-0.47997488788663173,-0.02079700160107424,nan,nan,nan,nan
10643,106.44,,106.44000000000392,False,11.157959701233697,-1.1688041851263553,-0.4855579463236291,-0.021452225935387707,nan,nan,nan,nan
10644,106.452,,106.45200000000392,False,11.111418839912604,-1.226530743580336,-0.495828669602891,-0.022058173967865448,nan,nan,nan,nan
10645,106.461,,106.46100000000392,False,11.076768679705651,-1.2684903238598173,-0.5012799127451001,-0.022947471962717313,nan,nan,nan,nan
10646,106.47,,106.47000000000392,False,11.042996232178295,-1.314078386833114,-0.5097548332019615,-0.023509617338183075,nan,nan,nan,nan
10647,106.482,,106.48200000000392,False,10.99873578687768,-1.3724382724834234,-0.5178670828528732,-0.024840248123209698,nan,nan,nan,nan
10648,106.491,,106.49100000000392,False,10.967159261873226,-1.4203825048186098,-0.5274281731886497,-0.025495456254209892,nan,nan,nan,nan
10649,106.5,,106.50000000000392,False,10.936220431544527,-1.4653724847028369,-0.5339502398556064,-0.0266360579169152,nan,nan,nan,nan
10650,106.512,,106.51200000000392,False,10.896751814544139,-1.5286008002511997,-0.5452113984799211,-0.02798961511559071,nan,nan,nan,nan
10651,106.521,,106.52100000000392,False,10.868213915930909,-1.573040297568306,-0.5509466747606305,-0.02943415905452639,nan,nan,nan,nan
10652,106.53,,106.53000000000392,False,10.841659991318988,-1.620734262269778,-0.5595361386693717,-0.03064580279960591,nan,nan,nan,nan
10653,106.542,,106.54200000000392,False,10.808120170957153,-1.6794327823239419,-0.567126263513975,-0.03282876993962606,nan,nan,nan,nan
10654,106.551,,106.55100000000392,False,10.785970606283895,-1.7270322910253424,-0.5760460854193393,-0.034239118804062316,nan,nan,nan,nan
10655,106.56,,106.56000000000392,False,10.76522467183104,-1.7697888872520082,-0.581430381306393,-0.03610059617017392,nan,nan,nan,nan
10656,106.572,,106.57200000000392,False,10.741731895597722,-1.8285853973579025,-0.5906793292234924,-0.03852734643270114,nan,nan,nan,nan
10657,106.581,,106.58100000000393,False,10.7262273899009,-1.8676753196924478,-0.5943714165084432,-0.040744470117520956,nan,nan,nan,nan
10658,106.59,,106.59000000000393,False,10.714317633241087,-1.909334178943898,-0.6006410659297717,-0.042827119193217605,nan,nan,nan,nan
10659,106.602,,106.60200000000393,False,10.701453401823503,-1.9573682928980518,-0.6044725828045815,-0.0461034428300506,nan,nan,nan,nan
10660,106.611,,106.61100000000393,False,10.696598349316577,-1.996185175975417,-0.6102507002875567,-0.04844090811095839,nan,nan,nan,nan
10661,106.62,,106.62000000000393,False,10.693486561893042,-2.0284428348571746,-0.6120990205675603,-0.05114164145322245,nan,nan,nan,nan
10662,106.632,,106.63200000000393,False,10.695378880013207,-2.071940259802066,-0.616194613126891,-0.05475265922249751,nan,nan,nan,nan
10663,106.641,,106.64100000000393,False,10.69920408038153,-2.097937451295294,-0.6156708408292723,-0.05775665019967375,nan,nan,nan,nan
10664,106.65,,106.65000000000393,False,10.707911643369457,-2.125990677321387,-0.6174989481451433,-0.06069308553644971,nan,nan,nan,nan
10665,106.662,,106.66200000000393,False,10.72263396352422,-2.1540242756543484,-0.6150658912613601,-0.06493663880572001,nan,nan,nan,nan
10666,106.671,,106.67100000000393,False,10.739804783351113,-2.177339874504649,-0.6159162418349959,-0.06806122786039429,nan,nan,nan,nan
10667,106.68,,106.68000000000393,False,10.758293793858757,-2.193034108824523,-0.6127162221808773,-0.07138636624310357,nan,nan,nan,nan
10668,106.692,,106.69200000000393,False,10.790107588182103,-2.213740052805703,-0.6098629019765058,-0.07581793578366083,nan,nan,nan,nan
10669,106.701,,106.70100000000393,False,10.815851028759628,-2.221816558840206,-0.6040943328713566,-0.07925515451863582,nan,nan,nan,nan
10670,106.71,,106.71000000000393,False,10.847317730825496,-2.2317833401307388,-0.6005698012883355,-0.08264856710993963,nan,nan,nan,nan
10671,106.722,,106.72200000000393,False,10.891463711463757,-2.234988707791341,-0.5911000599685398,-0.08722857590074384,nan,nan,nan,nan
10672,106.731,,106.73100000000393,False,10.931506602905873,-2.2396185280013357,-0.5865859298757239,-0.09061965226329502,nan,nan,nan,nan
10614,106.152,,106.15200000000391,False,11.970969739662783,-0.23009259718527347,-0.38516197634156074,-0.012497236035785739,nan,nan,nan,nan
10615,106.161,,106.16100000000391,False,11.95971289492353,-0.2514465630970448,-0.38461171923724446,-0.013351538962998401,nan,nan,nan,nan
10616,106.17,,106.17000000000391,False,11.948802279093732,-0.2726142812280198,-0.38620479123017093,-0.01365136910374478,nan,nan,nan,nan
10617,106.182,,106.18200000000391,False,11.930152496725738,-0.3019492859106449,-0.3861071140419699,-0.014567861789911598,nan,nan,nan,nan
10618,106.191,,106.19100000000391,False,11.916407413348544,-0.3239705223960268,-0.3885819793749824,-0.014618218435876282,nan,nan,nan,nan
10619,106.2,,106.20000000000391,False,11.899633665656998,-0.3467355776380669,-0.3890141908733727,-0.015152540078367359,nan,nan,nan,nan
10620,106.212,,106.21200000000391,False,11.876278810098347,-0.37760670804252167,-0.3916498412075449,-0.015367501980859781,nan,nan,nan,nan
10621,106.221,,106.22100000000391,False,11.855872672106248,-0.40140576396784367,-0.3919353689113754,-0.015926405623951832,nan,nan,nan,nan
10622,106.23,,106.23000000000391,False,11.836010954247234,-0.42558610332781943,-0.3944963043055106,-0.015959946436986235,nan,nan,nan,nan
10623,106.242,,106.24200000000391,False,11.80743803863316,-0.4584732349204197,-0.39556822164230754,-0.016555540687467403,nan,nan,nan,nan
10624,106.251,,106.25100000000391,False,11.78684518193412,-0.4838399950342946,-0.39907172513831374,-0.016405379683872217,nan,nan,nan,nan
10625,106.26,,106.26000000000391,False,11.764401050354783,-0.5094893609683967,-0.400416281087507,-0.016756933038034206,nan,nan,nan,nan
10626,106.272,,106.27200000000391,False,11.734183292199726,-0.5448144312199305,-0.40440129824559407,-0.016776593116302276,nan,nan,nan,nan
10627,106.281,,106.28100000000391,False,11.709719153104274,-0.5715693243955379,-0.4055949150814687,-0.01720991182119404,nan,nan,nan,nan
10628,106.29,,106.29000000000391,False,11.68537503121507,-0.599385597282888,-0.4092331735637262,-0.017150135884777224,nan,nan,nan,nan
10629,106.302,,106.30200000000391,False,11.650408183716165,-0.6366553631828423,-0.4116565682825983,-0.01763186546039332,nan,nan,nan,nan
10630,106.311,,106.31100000000392,False,11.624131093154357,-0.6661896279921692,-0.4164060359709169,-0.017432918148404232,nan,nan,nan,nan
10631,106.32,,106.32000000000392,False,11.596126425979145,-0.6955212657883583,-0.418890089884883,-0.01773832257187389,nan,nan,nan,nan
10632,106.332,,106.33200000000392,False,11.557888960586133,-0.7365939936699378,-0.4246176909198282,-0.017739410369288378,nan,nan,nan,nan
10633,106.341,,106.34100000000392,False,11.527647401786489,-0.76728947678043,-0.4270366818883462,-0.018165494181245707,nan,nan,nan,nan
10634,106.35,,106.35000000000392,False,11.497192228621342,-0.7999164489246295,-0.4321231161916454,-0.0181370693899416,nan,nan,nan,nan
10635,106.362,,106.36200000000392,False,11.454624564996577,-0.8430823106594965,-0.4363535736581376,-0.018668685255938112,nan,nan,nan,nan
10636,106.371,,106.37100000000392,False,11.422482169371738,-0.8781215840445198,-0.44273005348543654,-0.01855779815646788,nan,nan,nan,nan
10637,106.38,,106.38000000000392,False,11.389222817711406,-0.9123817629668974,-0.44669108342130465,-0.01894999292166079,nan,nan,nan,nan
10638,106.392,,106.39200000000392,False,11.344215940237236,-0.9610278326589307,-0.45462463778663537,-0.01912505141693729,nan,nan,nan,nan
10639,106.401,,106.40100000000392,False,11.309636142582855,-0.9969295795982525,-0.45856058086169704,-0.019686835720337262,nan,nan,nan,nan
10640,106.41,,106.41000000000392,False,11.275050896740394,-1.0357720943118216,-0.4653978758613469,-0.019848383106125658,nan,nan,nan,nan
10641,106.422,,106.42200000000392,False,11.228107525726367,-1.0865079516192664,-0.4717419481868274,-0.020640490505801162,nan,nan,nan,nan
10642,106.431,,106.43100000000392,False,11.19313846992527,-1.1284410410760486,-0.47997488788663173,-0.02079700160107424,nan,nan,nan,nan
10643,106.44,,106.44000000000392,False,11.157959701233697,-1.1688041851263553,-0.4855579463236291,-0.021452225935387707,nan,nan,nan,nan
10644,106.452,,106.45200000000392,False,11.111418839912604,-1.226530743580336,-0.495828669602891,-0.022058173967865448,nan,nan,nan,nan
10645,106.461,,106.46100000000392,False,11.076768679705651,-1.2684903238598173,-0.5012799127451001,-0.022947471962717313,nan,nan,nan,nan
10646,106.47,,106.47000000000392,False,11.042996232178295,-1.314078386833114,-0.5097548332019615,-0.023509617338183075,nan,nan,nan,nan
10647,106.482,,106.48200000000392,False,10.99873578687768,-1.3724382724834234,-0.5178670828528732,-0.024840248123209698,nan,nan,nan,nan
10648,106.491,,106.49100000000392,False,10.967159261873226,-1.4203825048186098,-0.5274281731886497,-0.025495456254209892,nan,nan,nan,nan
10649,106.5,,106.50000000000392,False,10.936220431544527,-1.4653724847028369,-0.5339502398556064,-0.0266360579169152,nan,nan,nan,nan
10650,106.512,,106.51200000000392,False,10.896751814544139,-1.5286008002511997,-0.5452113984799211,-0.02798961511559071,nan,nan,nan,nan
10651,106.521,,106.52100000000392,False,10.868213915930909,-1.573040297568306,-0.5509466747606305,-0.02943415905452639,nan,nan,nan,nan
10652,106.53,,106.53000000000392,False,10.841659991318988,-1.620734262269778,-0.5595361386693717,-0.03064580279960591,nan,nan,nan,nan
10653,106.542,,106.54200000000392,False,10.808120170957153,-1.6794327823239419,-0.567126263513975,-0.03282876993962606,nan,nan,nan,nan
10654,106.551,,106.55100000000392,False,10.785970606283895,-1.7270322910253424,-0.5760460854193393,-0.034239118804062316,nan,nan,nan,nan
10655,106.56,,106.56000000000392,False,10.76522467183104,-1.7697888872520082,-0.581430381306393,-0.03610059617017392,nan,nan,nan,nan
10656,106.572,,106.57200000000392,False,10.741731895597722,-1.8285853973579025,-0.5906793292234924,-0.03852734643270114,nan,nan,nan,nan
10657,106.581,,106.58100000000393,False,10.7262273899009,-1.8676753196924478,-0.5943714165084432,-0.040744470117520956,nan,nan,nan,nan
10658,106.59,,106.59000000000393,False,10.714317633241087,-1.909334178943898,-0.6006410659297717,-0.042827119193217605,nan,nan,nan,nan
10659,106.602,,106.60200000000393,False,10.701453401823503,-1.9573682928980518,-0.6044725828045815,-0.0461034428300506,nan,nan,nan,nan
10660,106.611,,106.61100000000393,False,10.696598349316577,-1.996185175975417,-0.6102507002875567,-0.04844090811095839,nan,nan,nan,nan
10661,106.62,,106.62000000000393,False,10.693486561893042,-2.0284428348571746,-0.6120990205675603,-0.05114164145322245,nan,nan,nan,nan
10662,106.632,,106.63200000000393,False,10.695378880013207,-2.071940259802066,-0.616194613126891,-0.05475265922249751,nan,nan,nan,nan
10663,106.641,,106.64100000000393,False,10.69920408038153,-2.097937451295294,-0.6156708408292723,-0.05775665019967375,nan,nan,nan,nan
10664,106.65,,106.65000000000393,False,10.707911643369457,-2.125990677321387,-0.6174989481451433,-0.06069308553644971,nan,nan,nan,nan
10665,106.662,,106.66200000000393,False,10.72263396352422,-2.1540242756543484,-0.6150658912613601,-0.06493663880572001,nan,nan,nan,nan
10666,106.671,,106.67100000000393,False,10.739804783351113,-2.177339874504649,-0.6159162418349959,-0.06806122786039429,nan,nan,nan,nan
10667,106.68,,106.68000000000393,False,10.758293793858757,-2.193034108824523,-0.6127162221808773,-0.07138636624310357,nan,nan,nan,nan
10668,106.692,,106.69200000000393,False,10.790107588182103,-2.213740052805703,-0.6098629019765058,-0.07581793578366083,nan,nan,nan,nan
10669,106.701,,106.70100000000393,False,10.815851028759628,-2.221816558840206,-0.6040943328713566,-0.07925515451863582,nan,nan,nan,nan
10670,106.71,,106.71000000000393,False,10.847317730825496,-2.2317833401307388,-0.6005698012883355,-0.08264856710993963,nan,nan,nan,nan
10671,106.722,,106.72200000000393,False,10.891463711463757,-2.234988707791341,-0.5911000599685398,-0.08722857590074384,nan,nan,nan,nan
10672,106.731,,106.73100000000393,False,10.931506602905873,-2.2396185280013357,-0.5865859298757239,-0.09061965226329502,nan,nan,nan,nan
10673,106.74,,106.74000000000393,False,10.971801415004755,-2.2364142628909547,-0.5782135484128849,-0.09398782407717068,nan,nan,nan,nan
10674,106.752,,106.75200000000393,False,11.03307337298617,-2.231989683844856,-0.5684952488986547,-0.09840387345462996,nan,nan,nan,nan
10675,106.761,,106.76100000000393,False,11.079763173114582,-2.2213266153143048,-0.5578617498471632,-0.10159399175792526,nan,nan,nan,nan
10676,106.77,,106.77000000000393,False,11.132596095730761,-2.2128023677491435,-0.5494747149478221,-0.10473787750594017,nan,nan,nan,nan
10677,106.782,,106.78200000000393,False,11.203603385298575,-2.191885382086616,-0.5340104483333018,-0.10866224488645126,nan,nan,nan,nan
10678,106.791,,106.79100000000393,False,11.264340590696365,-2.178795666349598,-0.5250144022671486,-0.11155583980815328,nan,nan,nan,nan
10679,106.8,,106.80000000000393,False,11.324182836407553,-2.158426757280241,-0.5125770678057647,-0.11418415701201103,nan,nan,nan,nan
10680,106.812,,106.81200000000393,False,11.411549863195292,-2.131870712461563,-0.4976215335044446,-0.11752980832234095,nan,nan,nan,nan
10681,106.821,,106.82100000000393,False,11.476294731578582,-2.105532185979543,-0.4835482578583859,-0.11968191622638161,nan,nan,nan,nan
10682,106.83,,106.83000000000393,False,11.547120829681315,-2.081934971324894,-0.4717729607073361,-0.12179142898442177,nan,nan,nan,nan
10683,106.842,,106.84200000000394,False,11.639815959281467,-2.042467268239154,-0.4524984278086118,-0.12404107280636437,nan,nan,nan,nan
10684,106.851,,106.85100000000394,False,11.716223469619262,-2.0163045113039675,-0.44071425203714776,-0.12569417838402347,nan,nan,nan,nan
10685,106.86,,106.86000000000394,False,11.789506342813043,-1.9841605849147799,-0.42604907844472434,-0.1268780103776275,nan,nan,nan,nan
10686,106.872,,106.87200000000394,False,11.893419387466425,-1.9432830511693746,-0.4083660560171687,-0.12826408274193293,nan,nan,nan,nan
10687,106.881,,106.88100000000394,False,11.968519110549103,-1.9076677977673782,-0.39279876038540806,-0.12877003252078104,nan,nan,nan,nan
10688,106.89,,106.89000000000394,False,12.049211834857736,-1.87554091044911,-0.3795477284367029,-0.129271489471113,nan,nan,nan,nan
10689,106.902,,106.90200000000394,False,12.152693286489232,-1.826639225198762,-0.3590022765327535,-0.1291752436370733,nan,nan,nan,nan
10690,106.911,,106.91100000000394,False,12.236279022427611,-1.7942364938536068,-0.346252757649972,-0.12912878922644166,nan,nan,nan,nan
10691,106.92,,106.92000000000394,False,12.31460985571556,-1.7572220899154736,-0.3311238817156911,-0.12848139077563822,nan,nan,nan,nan
10692,106.932,,106.93200000000394,False,12.424296894364263,-1.7109570381635906,-0.31290087010380785,-0.12746083384815055,nan,nan,nan,nan
10693,106.941,,106.94100000000394,False,12.50279177657715,-1.6724937397590685,-0.2973405493461775,-0.12606403337582195,nan,nan,nan,nan
10694,106.95,,106.95000000000394,False,12.587376363947358,-1.6378319076619188,-0.28396759823957207,-0.12473087761005884,nan,nan,nan,nan
10695,106.962,,106.96200000000394,False,12.695845769522002,-1.5868416395608103,-0.2637269589018885,-0.12208962805655336,nan,nan,nan,nan
10696,106.971,,106.97100000000394,False,12.7847653826645,-1.552927393767762,-0.2509869705067495,-0.12021744326800508,nan,nan,nan,nan
10697,106.98,,106.98000000000394,False,12.86924754195634,-1.5150562888502632,-0.23617873069114884,-0.1176763582683396,nan,nan,nan,nan
10698,106.992,,106.99200000000394,False,12.988807605610244,-1.467797912576354,-0.21822737357773478,-0.11420738663063001,nan,nan,nan,nan
10699,107.001,,107.00100000000394,False,13.075253083116378,-1.4292210235172906,-0.20314031959901946,-0.11094917524237917,nan,nan,nan,nan
10700,107.01,,107.01000000000394,False,13.168700395712822,-1.394357133516352,-0.19002270133011567,-0.10783844528720107,nan,nan,nan,nan
10701,107.022,,107.02200000000394,False,13.2888153592651,-1.344004284503315,-0.17049244685163742,-0.10283040703164359,nan,nan,nan,nan
10702,107.031,,107.03100000000394,False,13.38634998058473,-1.310575828181723,-0.158048925027401,-0.09928777546514554,nan,nan,nan,nan
10703,107.04,,107.04000000000394,False,13.478485560289528,-1.2739663038792297,-0.1438596497458371,-0.09508764329630792,nan,nan,nan,nan
10704,107.052,,107.05200000000394,False,13.606986717416389,-1.228769740478889,-0.12660597959460299,-0.08952848931793454,nan,nan,nan,nan
10705,107.061,,107.06100000000394,False,13.698320185287136,-1.1926358229114145,-0.11234308938004792,-0.08475598339989558,nan,nan,nan,nan
10706,107.07,,107.07000000000394,False,13.795062897782692,-1.1604128991433045,-0.09986515971111534,-0.08022737632267338,nan,nan,nan,nan
10707,107.082,,107.08200000000394,False,13.917433365222863,-1.1147762838343773,-0.0815809206266049,-0.07342389455085081,nan,nan,nan,nan
10708,107.091,,107.09100000000394,False,14.01570729171453,-1.0850221970285245,-0.06983942645769928,-0.0686414440479841,nan,nan,nan,nan
10709,107.1,,107.10000000000394,False,14.107330503091235,-1.052883971478273,-0.05665745990961116,-0.06326984252282614,nan,nan,nan,nan
10710,107.112,,107.11200000000395,False,14.233001389697307,-1.0140208240420494,-0.04057916378946875,-0.05628173967692481,nan,nan,nan,nan
10711,107.121,,107.12100000000395,False,14.32032245826122,-0.9833685257005853,-0.027437749260399304,-0.05053483059757462,nan,nan,nan,nan
10712,107.13,,107.13000000000395,False,14.411228777308411,-0.9566373268680776,-0.015833919847768687,-0.04511383314643828,nan,nan,nan,nan
10713,107.142,,107.14200000000395,False,14.522660376221207,-0.9191468457551497,0.0010113695554296955,-0.037260133916774706,nan,nan,nan,nan
10714,107.151,,107.15100000000395,False,14.609672266488658,-0.8954470066781132,0.011994277689623972,-0.031774996481557495,nan,nan,nan,nan
10715,107.16,,107.16000000000395,False,14.68803348562323,-0.8698285969638965,0.024209536891747353,-0.025793960975553188,nan,nan,nan,nan
10716,107.172,,107.17200000000395,False,14.79285057802976,-0.839519350786473,0.039319448379128874,-0.018097569815138027,nan,nan,nan,nan
10717,107.181,,107.18100000000395,False,14.862656503675703,-0.8155276745077074,0.05161816445476283,-0.011922709617336135,nan,nan,nan,nan
10718,107.19,,107.19000000000395,False,14.934509432005445,-0.7950839007348522,0.06272496360028793,-0.006119543440125151,nan,nan,nan,nan
10719,107.202,,107.20200000000395,False,15.019285100064675,-0.7660571445218011,0.07878657897091063,0.0021110463314984013,nan,nan,nan,nan
10720,107.211,,107.21100000000395,False,15.085246219746297,-0.7481435160683008,0.08960377342079927,0.007841930971096747,nan,nan,nan,nan
10721,107.22,,107.22000000000395,False,15.142505734141041,-0.7283097861970961,0.10151790579547378,0.013979835977775938,nan,nan,nan,nan
10722,107.232,,107.23200000000395,False,15.21866642154408,-0.7050147722624202,0.11663836082613953,0.021833894718398885,nan,nan,nan,nan
10723,107.241,,107.24100000000395,False,15.267601563217346,-0.6860955340286208,0.12887165878716417,0.028037237497707593,nan,nan,nan,nan
10724,107.25,,107.25000000000395,False,15.318337786626442,-0.6701271401607952,0.14028972416233257,0.03386349323500731,nan,nan,nan,nan
10725,107.262,,107.26200000000395,False,15.37550595270147,-0.6468116100180783,0.15665796708737592,0.04201168667451548,nan,nan,nan,nan
10726,107.271,,107.27100000000395,False,15.42023908135549,-0.6325247072762229,0.16814454144063148,0.04768993318075299,nan,nan,nan,nan
10727,107.28,,107.28000000000395,False,15.456229250964558,-0.6162527343984359,0.18058160010226498,0.053696374618298924,nan,nan,nan,nan
10728,107.292,,107.29200000000395,False,15.502114106005415,-0.5971024055543671,0.19683171752579723,0.06137957619260409,nan,nan,nan,nan
10729,107.301,,107.30100000000395,False,15.528197761311796,-0.581181831326657,0.20982246615466613,0.06738365844178261,nan,nan,nan,nan
10730,107.31,,107.31000000000395,False,15.555155708388394,-0.5677532283075671,0.2223931095781414,0.07304567300045588,nan,nan,nan,nan
10731,107.322,,107.32200000000395,False,15.580896977037984,-0.5477241833726576,0.24016169923133884,0.08088492377178208,nan,nan,nan,nan
10732,107.331,,107.33100000000395,False,15.60119971112871,-0.5354218405210304,0.25316978585551086,0.0863850215634202,nan,nan,nan,nan
10733,107.34,,107.34000000000395,False,15.613923597995303,-0.5211278214960439,0.26694389664213325,0.0921394835496582,nan,nan,nan,nan
10734,107.352,,107.35200000000395,False,15.629237620064561,-0.5041076350412892,0.2854158019861378,0.09952668462535372,nan,nan,nan,nan
10735,107.361,,107.36100000000395,False,15.633541850477668,-0.4897296446668616,0.29994456650253803,0.1052433321866744,nan,nan,nan,nan
10736,107.37,,107.37000000000396,False,15.63813977729437,-0.4774708304843545,0.3144868674214131,0.11068166931636307,nan,nan,nan,nan
10737,107.382,,107.38200000000396,False,15.634887687415683,-0.45897179239274133,0.33471235875866495,0.11814087746081281,nan,nan,nan,nan
10738,107.391,,107.39100000000396,False,15.632285576545115,-0.44741901691142005,0.35010721757367214,0.12344372691368086,nan,nan,nan,nan
10739,107.4,,107.40000000000396,False,15.622670690229016,-0.43392440949587535,0.36606410427649005,0.1289308087305151,nan,nan,nan,nan
10740,107.412,,107.41200000000396,False,15.606701610440494,-0.41759441425353927,0.38800349123131955,0.13604485557976592,nan,nan,nan,nan
10741,107.421,,107.42100000000396,False,15.587773168901547,-0.40374415488772974,0.4050151259910719,0.1415026175961977,nan,nan,nan,nan
10742,107.43,,107.43000000000396,False,15.567658452167025,-0.3917042709586123,0.4225950590223018,0.1467797765076469,nan,nan,nan,nan
10743,107.442,,107.44200000000396,False,15.531581281332864,-0.37353081150053163,0.44672899011316114,0.15395826733290086,nan,nan,nan,nan
10744,107.451,,107.45100000000396,False,15.502598740785096,-0.36190004256081465,0.46573145492266105,0.15917699196027843,nan,nan,nan,nan
10745,107.46,,107.46000000000396,False,15.467047674318549,-0.3484126192964605,0.48508606020802775,0.16451533978802377,nan,nan,nan,nan
10746,107.472,,107.47200000000396,False,15.41517380471731,-0.3319028616312957,0.5120570526312522,0.1715450193901275,nan,nan,nan,nan
10747,107.481,,107.48100000000396,False,15.369771730326834,-0.31800017907573735,0.5326535784942974,0.1768901027793153,nan,nan,nan,nan
10748,107.49,,107.49000000000396,False,15.322538563081983,-0.30583272418681967,0.5541238637103121,0.18215842403915544,nan,nan,nan,nan
10749,107.502,,107.50200000000396,False,15.251266328820428,-0.28766936353537975,0.5830350052771428,0.18924826629911176,nan,nan,nan,nan
10750,107.511,,107.51100000000396,False,15.19571574095871,-0.276069619449102,0.6057830148853497,0.19450572148158995,nan,nan,nan,nan
10751,107.52,,107.52000000000396,False,15.13472606977731,-0.26278176961287353,0.62842583781107,0.19979457391315072,nan,nan,nan,nan
10752,107.532,,107.53200000000396,False,15.049931037606404,-0.24663379221607387,0.6596849060284187,0.20680998568112863,nan,nan,nan,nan
10753,107.541,,107.54100000000396,False,14.982419446900407,-0.2331447349604727,0.6829338614429553,0.2120320019280461,nan,nan,nan,nan
10754,107.55,,107.55000000000396,False,14.91431540848124,-0.22140032770225923,0.7070496577713431,0.2172163620555643,nan,nan,nan,nan
10755,107.562,,107.56200000000396,False,14.81848287349384,-0.2039545146891184,0.7386910213824089,0.2240168964236776,nan,nan,nan,nan
10756,107.571,,107.57100000000396,False,14.74597190082834,-0.1928726424161165,0.763483668957686,0.22908040760988738,nan,nan,nan,nan
10757,107.58,,107.58000000000396,False,14.670365946928861,-0.1801786519079934,0.7875602367819597,0.23401651298048884,nan,nan,nan,nan
10758,107.592,,107.59200000000396,False,14.567619628515436,-0.16478102708278217,0.820600980983117,0.24051978910610927,nan,nan,nan,nan
10759,107.601,,107.60100000000396,False,14.487855125880493,-0.15189954566376349,0.844666738977744,0.24520339984033673,nan,nan,nan,nan
10760,107.61,,107.61000000000396,False,14.40765431492252,-0.14068127839113112,0.8697437774461596,0.24985764231551263,nan,nan,nan,nan
10761,107.622,,107.62200000000396,False,14.297290345549342,-0.12393783219956955,0.902064772668007,0.25573831304898403,nan,nan,nan,nan
10762,107.631,,107.63100000000397,False,14.214130810626028,-0.1132457746344296,0.9276340978140833,0.26011665165073,nan,nan,nan,nan
10763,107.64,,107.64000000000397,False,14.129388251862807,-0.10092885521280666,0.9520331033408399,0.26419704099424235,nan,nan,nan,nan
10764,107.652,,107.65200000000397,False,14.015972605751534,-0.0858385372144917,0.9856809956973718,0.2694907610779622,nan,nan,nan,nan
10765,107.661,,107.66100000000397,False,13.930130458200656,-0.07313144933831647,1.0097976401088924,0.2730872123394627,nan,nan,nan,nan
10766,107.67,,107.67000000000397,False,13.844722999414126,-0.061913916228307726,1.0352285016339247,0.27664237767427513,nan,nan,nan,nan
10767,107.682,,107.68200000000397,False,13.729883630604512,-0.045083161841020125,1.0674990939410014,0.2808207808986666,nan,nan,nan,nan
10768,107.691,,107.69100000000397,False,13.644408872796552,-0.034105359005151624,1.093410406827414,0.2839088750259556,nan,nan,nan,nan
10769,107.7,,107.70000000000397,False,13.558761113725128,-0.021470874698106764,1.1177035635016686,0.28652934444217165,nan,nan,nan,nan
10770,107.712,,107.71200000000397,False,13.444846395582413,-0.005704574307032669,1.1515341534739327,0.2898286623992054,nan,nan,nan,nan
10771,107.721,,107.72100000000397,False,13.359698515502897,0.007562324803375649,1.1754056980870176,0.2917742916377946,nan,nan,nan,nan
10772,107.73,,107.73000000000397,False,13.274733903338005,0.019546556091568867,1.201034044840137,0.2937024184840545,nan,nan,nan,nan
10773,107.742,,107.74200000000397,False,13.160312934120629,0.03746317852575217,1.2332040966099842,0.2955620277899712,nan,nan,nan,nan
10774,107.751,,107.75100000000397,False,13.074219551333398,0.04951403359362662,1.259666692786115,0.2969714568844307,nan,nan,nan,nan
10775,107.76,,107.76000000000397,False,12.987749060889316,0.06322589736431078,1.2841841337785682,0.2978136422103105,nan,nan,nan,nan
10776,107.772,,107.77200000000397,False,12.871723658307534,0.08072355088463029,1.3189314319082317,0.2987954438734043,nan,nan,nan,nan
10777,107.781,,107.78100000000397,False,12.784575849447958,0.09532473461886197,1.3432825059621811,0.2989345117104128,nan,nan,nan,nan
10778,107.79,,107.79000000000397,False,12.697331274224865,0.10889715622560411,1.3699775707121737,0.2991289816702957,nan,nan,nan,nan
10779,107.802,,107.80200000000397,False,12.580868856366324,0.1289693662855827,1.4031478130601924,0.2985683708357843,nan,nan,nan,nan
10780,107.811,,107.81100000000397,False,12.493658944684904,0.14294815452453138,1.4309759796972685,0.29824121245855684,nan,nan,nan,nan
10781,107.82,,107.82000000000397,False,12.40653640313543,0.1585590035007257,1.4564243730909145,0.2972680665492833,nan,nan,nan,nan
10782,107.832,,107.83200000000397,False,12.289523452429592,0.17892893611347357,1.4929635859542787,0.2959207641734789,nan,nan,nan,nan
10783,107.841,,107.84100000000397,False,12.201742620822166,0.19568658272512707,1.5182933112662327,0.29426835331609735,nan,nan,nan,nan
10784,107.85,,107.85000000000397,False,12.113762013065312,0.21170768174325638,1.5464952437167294,0.2927724806996195,nan,nan,nan,nan
10785,107.862,,107.86200000000397,False,11.996533045572436,0.23501790328900432,1.5810916586405712,0.28990772293691264,nan,nan,nan,nan
10786,107.871,,107.87100000000397,False,11.908735221380557,0.2517729447426008,1.6105509267370484,0.28797666066606814,nan,nan,nan,nan
10787,107.88,,107.88000000000397,False,11.821527966707164,0.27005389055959034,1.6369948248795012,0.2853375326895245,nan,nan,nan,nan
10788,107.892,,107.89200000000397,False,11.705688821478414,0.29428995069616204,1.6750191229469416,0.28184944319038163,nan,nan,nan,nan
10789,107.901,,107.90100000000398,False,11.619823342403578,0.3138331810073129,1.7007227868392556,0.27852694838393255,nan,nan,nan,nan
10790,107.91,,107.91000000000398,False,11.535570128815502,0.3328754491662376,1.729378931642186,0.2754102390132237,nan,nan,nan,nan
10791,107.922,,107.92200000000398,False,11.427210554595826,0.3598920520463789,1.7629894396213313,0.2701952011527212,nan,nan,nan,nan
10792,107.931,,107.93100000000398,False,11.34932542731109,0.37961208147150777,1.7914150792431214,0.266499566604937,nan,nan,nan,nan
10793,107.94,,107.94000000000398,False,11.27468043070515,0.4004754289607084,1.8154108885436862,0.26192289860516654,nan,nan,nan,nan
10673,106.74,,106.74000000000393,False,10.971801415004755,-2.2364142628909547,-0.5782135484128849,-0.09398782407717068,nan,nan,nan,nan
10674,106.752,,106.75200000000393,False,11.03307337298617,-2.231989683844856,-0.5684952488986547,-0.09840387345462996,nan,nan,nan,nan
10675,106.761,,106.76100000000393,False,11.079763173114582,-2.2213266153143048,-0.5578617498471632,-0.10159399175792526,nan,nan,nan,nan
10676,106.77,,106.77000000000393,False,11.132596095730761,-2.2128023677491435,-0.5494747149478221,-0.10473787750594017,nan,nan,nan,nan
10677,106.782,,106.78200000000393,False,11.203603385298575,-2.191885382086616,-0.5340104483333018,-0.10866224488645126,nan,nan,nan,nan
10678,106.791,,106.79100000000393,False,11.264340590696365,-2.178795666349598,-0.5250144022671486,-0.11155583980815328,nan,nan,nan,nan
10679,106.8,,106.80000000000393,False,11.324182836407553,-2.158426757280241,-0.5125770678057647,-0.11418415701201103,nan,nan,nan,nan
10680,106.812,,106.81200000000393,False,11.411549863195292,-2.131870712461563,-0.4976215335044446,-0.11752980832234095,nan,nan,nan,nan
10681,106.821,,106.82100000000393,False,11.476294731578582,-2.105532185979543,-0.4835482578583859,-0.11968191622638161,nan,nan,nan,nan
10682,106.83,,106.83000000000393,False,11.547120829681315,-2.081934971324894,-0.4717729607073361,-0.12179142898442177,nan,nan,nan,nan
10683,106.842,,106.84200000000394,False,11.639815959281467,-2.042467268239154,-0.4524984278086118,-0.12404107280636437,nan,nan,nan,nan
10684,106.851,,106.85100000000394,False,11.716223469619262,-2.0163045113039675,-0.44071425203714776,-0.12569417838402347,nan,nan,nan,nan
10685,106.86,,106.86000000000394,False,11.789506342813043,-1.9841605849147799,-0.42604907844472434,-0.1268780103776275,nan,nan,nan,nan
10686,106.872,,106.87200000000394,False,11.893419387466425,-1.9432830511693746,-0.4083660560171687,-0.12826408274193293,nan,nan,nan,nan
10687,106.881,,106.88100000000394,False,11.968519110549103,-1.9076677977673782,-0.39279876038540806,-0.12877003252078104,nan,nan,nan,nan
10688,106.89,,106.89000000000394,False,12.049211834857736,-1.87554091044911,-0.3795477284367029,-0.129271489471113,nan,nan,nan,nan
10689,106.902,,106.90200000000394,False,12.152693286489232,-1.826639225198762,-0.3590022765327535,-0.1291752436370733,nan,nan,nan,nan
10690,106.911,,106.91100000000394,False,12.236279022427611,-1.7942364938536068,-0.346252757649972,-0.12912878922644166,nan,nan,nan,nan
10691,106.92,,106.92000000000394,False,12.31460985571556,-1.7572220899154736,-0.3311238817156911,-0.12848139077563822,nan,nan,nan,nan
10692,106.932,,106.93200000000394,False,12.424296894364263,-1.7109570381635906,-0.31290087010380785,-0.12746083384815055,nan,nan,nan,nan
10693,106.941,,106.94100000000394,False,12.50279177657715,-1.6724937397590685,-0.2973405493461775,-0.12606403337582195,nan,nan,nan,nan
10694,106.95,,106.95000000000394,False,12.587376363947358,-1.6378319076619188,-0.28396759823957207,-0.12473087761005884,nan,nan,nan,nan
10695,106.962,,106.96200000000394,False,12.695845769522002,-1.5868416395608103,-0.2637269589018885,-0.12208962805655336,nan,nan,nan,nan
10696,106.971,,106.97100000000394,False,12.7847653826645,-1.552927393767762,-0.2509869705067495,-0.12021744326800508,nan,nan,nan,nan
10697,106.98,,106.98000000000394,False,12.86924754195634,-1.5150562888502632,-0.23617873069114884,-0.1176763582683396,nan,nan,nan,nan
10698,106.992,,106.99200000000394,False,12.988807605610244,-1.467797912576354,-0.21822737357773478,-0.11420738663063001,nan,nan,nan,nan
10699,107.001,,107.00100000000394,False,13.075253083116378,-1.4292210235172906,-0.20314031959901946,-0.11094917524237917,nan,nan,nan,nan
10700,107.01,,107.01000000000394,False,13.168700395712822,-1.394357133516352,-0.19002270133011567,-0.10783844528720107,nan,nan,nan,nan
10701,107.022,,107.02200000000394,False,13.2888153592651,-1.344004284503315,-0.17049244685163742,-0.10283040703164359,nan,nan,nan,nan
10702,107.031,,107.03100000000394,False,13.38634998058473,-1.310575828181723,-0.158048925027401,-0.09928777546514554,nan,nan,nan,nan
10703,107.04,,107.04000000000394,False,13.478485560289528,-1.2739663038792297,-0.1438596497458371,-0.09508764329630792,nan,nan,nan,nan
10704,107.052,,107.05200000000394,False,13.606986717416389,-1.228769740478889,-0.12660597959460299,-0.08952848931793454,nan,nan,nan,nan
10705,107.061,,107.06100000000394,False,13.698320185287136,-1.1926358229114145,-0.11234308938004792,-0.08475598339989558,nan,nan,nan,nan
10706,107.07,,107.07000000000394,False,13.795062897782692,-1.1604128991433045,-0.09986515971111534,-0.08022737632267338,nan,nan,nan,nan
10707,107.082,,107.08200000000394,False,13.917433365222863,-1.1147762838343773,-0.0815809206266049,-0.07342389455085081,nan,nan,nan,nan
10708,107.091,,107.09100000000394,False,14.01570729171453,-1.0850221970285245,-0.06983942645769928,-0.0686414440479841,nan,nan,nan,nan
10709,107.1,,107.10000000000394,False,14.107330503091235,-1.052883971478273,-0.05665745990961116,-0.06326984252282614,nan,nan,nan,nan
10710,107.112,,107.11200000000395,False,14.233001389697307,-1.0140208240420494,-0.04057916378946875,-0.05628173967692481,nan,nan,nan,nan
10711,107.121,,107.12100000000395,False,14.32032245826122,-0.9833685257005853,-0.027437749260399304,-0.05053483059757462,nan,nan,nan,nan
10712,107.13,,107.13000000000395,False,14.411228777308411,-0.9566373268680776,-0.015833919847768687,-0.04511383314643828,nan,nan,nan,nan
10713,107.142,,107.14200000000395,False,14.522660376221207,-0.9191468457551497,0.0010113695554296955,-0.037260133916774706,nan,nan,nan,nan
10714,107.151,,107.15100000000395,False,14.609672266488658,-0.8954470066781132,0.011994277689623972,-0.031774996481557495,nan,nan,nan,nan
10715,107.16,,107.16000000000395,False,14.68803348562323,-0.8698285969638965,0.024209536891747353,-0.025793960975553188,nan,nan,nan,nan
10716,107.172,,107.17200000000395,False,14.79285057802976,-0.839519350786473,0.039319448379128874,-0.018097569815138027,nan,nan,nan,nan
10717,107.181,,107.18100000000395,False,14.862656503675703,-0.8155276745077074,0.05161816445476283,-0.011922709617336135,nan,nan,nan,nan
10718,107.19,,107.19000000000395,False,14.934509432005445,-0.7950839007348522,0.06272496360028793,-0.006119543440125151,nan,nan,nan,nan
10719,107.202,,107.20200000000395,False,15.019285100064675,-0.7660571445218011,0.07878657897091063,0.0021110463314984013,nan,nan,nan,nan
10720,107.211,,107.21100000000395,False,15.085246219746297,-0.7481435160683008,0.08960377342079927,0.007841930971096747,nan,nan,nan,nan
10721,107.22,,107.22000000000395,False,15.142505734141041,-0.7283097861970961,0.10151790579547378,0.013979835977775938,nan,nan,nan,nan
10722,107.232,,107.23200000000395,False,15.21866642154408,-0.7050147722624202,0.11663836082613953,0.021833894718398885,nan,nan,nan,nan
10723,107.241,,107.24100000000395,False,15.267601563217346,-0.6860955340286208,0.12887165878716417,0.028037237497707593,nan,nan,nan,nan
10724,107.25,,107.25000000000395,False,15.318337786626442,-0.6701271401607952,0.14028972416233257,0.03386349323500731,nan,nan,nan,nan
10725,107.262,,107.26200000000395,False,15.37550595270147,-0.6468116100180783,0.15665796708737592,0.04201168667451548,nan,nan,nan,nan
10726,107.271,,107.27100000000395,False,15.42023908135549,-0.6325247072762229,0.16814454144063148,0.04768993318075299,nan,nan,nan,nan
10727,107.28,,107.28000000000395,False,15.456229250964558,-0.6162527343984359,0.18058160010226498,0.053696374618298924,nan,nan,nan,nan
10728,107.292,,107.29200000000395,False,15.502114106005415,-0.5971024055543671,0.19683171752579723,0.06137957619260409,nan,nan,nan,nan
10729,107.301,,107.30100000000395,False,15.528197761311796,-0.581181831326657,0.20982246615466613,0.06738365844178261,nan,nan,nan,nan
10730,107.31,,107.31000000000395,False,15.555155708388394,-0.5677532283075671,0.2223931095781414,0.07304567300045588,nan,nan,nan,nan
10731,107.322,,107.32200000000395,False,15.580896977037984,-0.5477241833726576,0.24016169923133884,0.08088492377178208,nan,nan,nan,nan
10732,107.331,,107.33100000000395,False,15.60119971112871,-0.5354218405210304,0.25316978585551086,0.0863850215634202,nan,nan,nan,nan
10733,107.34,,107.34000000000395,False,15.613923597995303,-0.5211278214960439,0.26694389664213325,0.0921394835496582,nan,nan,nan,nan
10734,107.352,,107.35200000000395,False,15.629237620064561,-0.5041076350412892,0.2854158019861378,0.09952668462535372,nan,nan,nan,nan
10735,107.361,,107.36100000000395,False,15.633541850477668,-0.4897296446668616,0.29994456650253803,0.1052433321866744,nan,nan,nan,nan
10736,107.37,,107.37000000000396,False,15.63813977729437,-0.4774708304843545,0.3144868674214131,0.11068166931636307,nan,nan,nan,nan
10737,107.382,,107.38200000000396,False,15.634887687415683,-0.45897179239274133,0.33471235875866495,0.11814087746081281,nan,nan,nan,nan
10738,107.391,,107.39100000000396,False,15.632285576545115,-0.44741901691142005,0.35010721757367214,0.12344372691368086,nan,nan,nan,nan
10739,107.4,,107.40000000000396,False,15.622670690229016,-0.43392440949587535,0.36606410427649005,0.1289308087305151,nan,nan,nan,nan
10740,107.412,,107.41200000000396,False,15.606701610440494,-0.41759441425353927,0.38800349123131955,0.13604485557976592,nan,nan,nan,nan
10741,107.421,,107.42100000000396,False,15.587773168901547,-0.40374415488772974,0.4050151259910719,0.1415026175961977,nan,nan,nan,nan
10742,107.43,,107.43000000000396,False,15.567658452167025,-0.3917042709586123,0.4225950590223018,0.1467797765076469,nan,nan,nan,nan
10743,107.442,,107.44200000000396,False,15.531581281332864,-0.37353081150053163,0.44672899011316114,0.15395826733290086,nan,nan,nan,nan
10744,107.451,,107.45100000000396,False,15.502598740785096,-0.36190004256081465,0.46573145492266105,0.15917699196027843,nan,nan,nan,nan
10745,107.46,,107.46000000000396,False,15.467047674318549,-0.3484126192964605,0.48508606020802775,0.16451533978802377,nan,nan,nan,nan
10746,107.472,,107.47200000000396,False,15.41517380471731,-0.3319028616312957,0.5120570526312522,0.1715450193901275,nan,nan,nan,nan
10747,107.481,,107.48100000000396,False,15.369771730326834,-0.31800017907573735,0.5326535784942974,0.1768901027793153,nan,nan,nan,nan
10748,107.49,,107.49000000000396,False,15.322538563081983,-0.30583272418681967,0.5541238637103121,0.18215842403915544,nan,nan,nan,nan
10749,107.502,,107.50200000000396,False,15.251266328820428,-0.28766936353537975,0.5830350052771428,0.18924826629911176,nan,nan,nan,nan
10750,107.511,,107.51100000000396,False,15.19571574095871,-0.276069619449102,0.6057830148853497,0.19450572148158995,nan,nan,nan,nan
10751,107.52,,107.52000000000396,False,15.13472606977731,-0.26278176961287353,0.62842583781107,0.19979457391315072,nan,nan,nan,nan
10752,107.532,,107.53200000000396,False,15.049931037606404,-0.24663379221607387,0.6596849060284187,0.20680998568112863,nan,nan,nan,nan
10753,107.541,,107.54100000000396,False,14.982419446900407,-0.2331447349604727,0.6829338614429553,0.2120320019280461,nan,nan,nan,nan
10754,107.55,,107.55000000000396,False,14.91431540848124,-0.22140032770225923,0.7070496577713431,0.2172163620555643,nan,nan,nan,nan
10755,107.562,,107.56200000000396,False,14.81848287349384,-0.2039545146891184,0.7386910213824089,0.2240168964236776,nan,nan,nan,nan
10756,107.571,,107.57100000000396,False,14.74597190082834,-0.1928726424161165,0.763483668957686,0.22908040760988738,nan,nan,nan,nan
10757,107.58,,107.58000000000396,False,14.670365946928861,-0.1801786519079934,0.7875602367819597,0.23401651298048884,nan,nan,nan,nan
10758,107.592,,107.59200000000396,False,14.567619628515436,-0.16478102708278217,0.820600980983117,0.24051978910610927,nan,nan,nan,nan
10759,107.601,,107.60100000000396,False,14.487855125880493,-0.15189954566376349,0.844666738977744,0.24520339984033673,nan,nan,nan,nan
10760,107.61,,107.61000000000396,False,14.40765431492252,-0.14068127839113112,0.8697437774461596,0.24985764231551263,nan,nan,nan,nan
10761,107.622,,107.62200000000396,False,14.297290345549342,-0.12393783219956955,0.902064772668007,0.25573831304898403,nan,nan,nan,nan
10762,107.631,,107.63100000000397,False,14.214130810626028,-0.1132457746344296,0.9276340978140833,0.26011665165073,nan,nan,nan,nan
10763,107.64,,107.64000000000397,False,14.129388251862807,-0.10092885521280666,0.9520331033408399,0.26419704099424235,nan,nan,nan,nan
10764,107.652,,107.65200000000397,False,14.015972605751534,-0.0858385372144917,0.9856809956973718,0.2694907610779622,nan,nan,nan,nan
10765,107.661,,107.66100000000397,False,13.930130458200656,-0.07313144933831647,1.0097976401088924,0.2730872123394627,nan,nan,nan,nan
10766,107.67,,107.67000000000397,False,13.844722999414126,-0.061913916228307726,1.0352285016339247,0.27664237767427513,nan,nan,nan,nan
10767,107.682,,107.68200000000397,False,13.729883630604512,-0.045083161841020125,1.0674990939410014,0.2808207808986666,nan,nan,nan,nan
10768,107.691,,107.69100000000397,False,13.644408872796552,-0.034105359005151624,1.093410406827414,0.2839088750259556,nan,nan,nan,nan
10769,107.7,,107.70000000000397,False,13.558761113725128,-0.021470874698106764,1.1177035635016686,0.28652934444217165,nan,nan,nan,nan
10770,107.712,,107.71200000000397,False,13.444846395582413,-0.005704574307032669,1.1515341534739327,0.2898286623992054,nan,nan,nan,nan
10771,107.721,,107.72100000000397,False,13.359698515502897,0.007562324803375649,1.1754056980870176,0.2917742916377946,nan,nan,nan,nan
10772,107.73,,107.73000000000397,False,13.274733903338005,0.019546556091568867,1.201034044840137,0.2937024184840545,nan,nan,nan,nan
10773,107.742,,107.74200000000397,False,13.160312934120629,0.03746317852575217,1.2332040966099842,0.2955620277899712,nan,nan,nan,nan
10774,107.751,,107.75100000000397,False,13.074219551333398,0.04951403359362662,1.259666692786115,0.2969714568844307,nan,nan,nan,nan
10775,107.76,,107.76000000000397,False,12.987749060889316,0.06322589736431078,1.2841841337785682,0.2978136422103105,nan,nan,nan,nan
10776,107.772,,107.77200000000397,False,12.871723658307534,0.08072355088463029,1.3189314319082317,0.2987954438734043,nan,nan,nan,nan
10777,107.781,,107.78100000000397,False,12.784575849447958,0.09532473461886197,1.3432825059621811,0.2989345117104128,nan,nan,nan,nan
10778,107.79,,107.79000000000397,False,12.697331274224865,0.10889715622560411,1.3699775707121737,0.2991289816702957,nan,nan,nan,nan
10779,107.802,,107.80200000000397,False,12.580868856366324,0.1289693662855827,1.4031478130601924,0.2985683708357843,nan,nan,nan,nan
10780,107.811,,107.81100000000397,False,12.493658944684904,0.14294815452453138,1.4309759796972685,0.29824121245855684,nan,nan,nan,nan
10781,107.82,,107.82000000000397,False,12.40653640313543,0.1585590035007257,1.4564243730909145,0.2972680665492833,nan,nan,nan,nan
10782,107.832,,107.83200000000397,False,12.289523452429592,0.17892893611347357,1.4929635859542787,0.2959207641734789,nan,nan,nan,nan
10783,107.841,,107.84100000000397,False,12.201742620822166,0.19568658272512707,1.5182933112662327,0.29426835331609735,nan,nan,nan,nan
10784,107.85,,107.85000000000397,False,12.113762013065312,0.21170768174325638,1.5464952437167294,0.2927724806996195,nan,nan,nan,nan
10785,107.862,,107.86200000000397,False,11.996533045572436,0.23501790328900432,1.5810916586405712,0.28990772293691264,nan,nan,nan,nan
10786,107.871,,107.87100000000397,False,11.908735221380557,0.2517729447426008,1.6105509267370484,0.28797666066606814,nan,nan,nan,nan
10787,107.88,,107.88000000000397,False,11.821527966707164,0.27005389055959034,1.6369948248795012,0.2853375326895245,nan,nan,nan,nan
10788,107.892,,107.89200000000397,False,11.705688821478414,0.29428995069616204,1.6750191229469416,0.28184944319038163,nan,nan,nan,nan
10789,107.901,,107.90100000000398,False,11.619823342403578,0.3138331810073129,1.7007227868392556,0.27852694838393255,nan,nan,nan,nan
10790,107.91,,107.91000000000398,False,11.535570128815502,0.3328754491662376,1.729378931642186,0.2754102390132237,nan,nan,nan,nan
10791,107.922,,107.92200000000398,False,11.427210554595826,0.3598920520463789,1.7629894396213313,0.2701952011527212,nan,nan,nan,nan
10792,107.931,,107.93100000000398,False,11.34932542731109,0.37961208147150777,1.7914150792431214,0.266499566604937,nan,nan,nan,nan
10793,107.94,,107.94000000000398,False,11.27468043070515,0.4004754289607084,1.8154108885436862,0.26192289860516654,nan,nan,nan,nan
10794,107.952,,107.95200000000398,False,11.179871653407469,0.42811773501161454,1.8490998221698007,0.2557631399756286,nan,nan,nan,nan
10795,107.961,,107.96100000000398,False,11.112779261838055,0.44972225735316224,1.869863308267781,0.25024036060963845,nan,nan,nan,nan
10796,107.97,,107.97000000000398,False,11.049226202881268,0.470850798112786,1.8930458263036332,0.2449079737056744,nan,nan,nan,nan
10797,107.982,,107.98200000000398,False,10.969581554889237,0.4999126040155524,1.9173751564775516,0.23655505598430512,nan,nan,nan,nan
10798,107.991,,107.99100000000398,False,10.914197730395392,0.5211713402727357,1.9383261034862191,0.23052413245965248,nan,nan,nan,nan
10799,108.0,,108.00000000000398,False,10.861979410339918,0.5429632020145515,1.9535849404931631,0.22350225904982693,nan,nan,nan,nan
10800,108.012,,108.01200000000398,False,10.797073006139446,0.5716458695525028,1.9749060912817298,0.2141101199889882,nan,nan,nan,nan
10801,108.021,,108.02100000000398,False,10.751678825550687,0.5933989760558518,1.9853605589993937,0.20610273381394748,nan,nan,nan,nan
10802,108.03,,108.03000000000398,False,10.70958437030898,0.6146896458251726,1.9981351598474355,0.19835998754831588,nan,nan,nan,nan
10803,108.042,,108.04200000000398,False,10.657341966310529,0.6431095296537813,2.0075564583011034,0.18675713925899928,nan,nan,nan,nan
10804,108.051,,108.05100000000398,False,10.622075287394662,0.6639234821163001,2.0173735792967316,0.17840295360880667,nan,nan,nan,nan
10805,108.06,,108.06000000000398,False,10.589119486702849,0.6846176339757938,2.020935463850131,0.16904481287165593,nan,nan,nan,nan
10806,108.072,,108.07200000000398,False,10.549838757470297,0.7116429458591192,2.026548047937729,0.1566608706450427,nan,nan,nan,nan
10807,108.081,,108.08100000000398,False,10.522990759348593,0.7314907282453538,2.0248077667173985,0.14643868141955121,nan,nan,nan,nan
10808,108.09,,108.09000000000398,False,10.499522898747411,0.7509079751741026,2.0254955390151244,0.13660343765787314,nan,nan,nan,nan
10809,108.102,,108.10200000000398,False,10.471277229070362,0.7759440678623597,2.0184097928752305,0.12228655989357468,nan,nan,nan,nan
10810,108.111,,108.11100000000398,False,10.454098982878982,0.7942594553379533,2.01594740873129,0.11205597388216608,nan,nan,nan,nan
10811,108.12,,108.12000000000398,False,10.438494752793048,0.8117948423192283,2.007029812756493,0.10088423172353235,nan,nan,nan,nan
10812,108.132,,108.13200000000398,False,10.422239849298101,0.8344370711199766,1.9960179758906722,0.08628594663145818,nan,nan,nan,nan
10794,107.952,,107.95200000000398,False,11.179871653407469,0.42811773501161454,1.8490998221698007,0.2557631399756286,nan,nan,nan,nan
10795,107.961,,107.96100000000398,False,11.112779261838055,0.44972225735316224,1.869863308267781,0.25024036060963845,nan,nan,nan,nan
10796,107.97,,107.97000000000398,False,11.049226202881268,0.470850798112786,1.8930458263036332,0.2449079737056744,nan,nan,nan,nan
10797,107.982,,107.98200000000398,False,10.969581554889237,0.4999126040155524,1.9173751564775516,0.23655505598430512,nan,nan,nan,nan
10798,107.991,,107.99100000000398,False,10.914197730395392,0.5211713402727357,1.9383261034862191,0.23052413245965248,nan,nan,nan,nan
10799,108.0,,108.00000000000398,False,10.861979410339918,0.5429632020145515,1.9535849404931631,0.22350225904982693,nan,nan,nan,nan
10800,108.012,,108.01200000000398,False,10.797073006139446,0.5716458695525028,1.9749060912817298,0.2141101199889882,nan,nan,nan,nan
10801,108.021,,108.02100000000398,False,10.751678825550687,0.5933989760558518,1.9853605589993937,0.20610273381394748,nan,nan,nan,nan
10802,108.03,,108.03000000000398,False,10.70958437030898,0.6146896458251726,1.9981351598474355,0.19835998754831588,nan,nan,nan,nan
10803,108.042,,108.04200000000398,False,10.657341966310529,0.6431095296537813,2.0075564583011034,0.18675713925899928,nan,nan,nan,nan
10804,108.051,,108.05100000000398,False,10.622075287394662,0.6639234821163001,2.0173735792967316,0.17840295360880667,nan,nan,nan,nan
10805,108.06,,108.06000000000398,False,10.589119486702849,0.6846176339757938,2.020935463850131,0.16904481287165593,nan,nan,nan,nan
10806,108.072,,108.07200000000398,False,10.549838757470297,0.7116429458591192,2.026548047937729,0.1566608706450427,nan,nan,nan,nan
10807,108.081,,108.08100000000398,False,10.522990759348593,0.7314907282453538,2.0248077667173985,0.14643868141955121,nan,nan,nan,nan
10808,108.09,,108.09000000000398,False,10.499522898747411,0.7509079751741026,2.0254955390151244,0.13660343765787314,nan,nan,nan,nan
10809,108.102,,108.10200000000398,False,10.471277229070362,0.7759440678623597,2.0184097928752305,0.12228655989357468,nan,nan,nan,nan
10810,108.111,,108.11100000000398,False,10.454098982878982,0.7942594553379533,2.01594740873129,0.11205597388216608,nan,nan,nan,nan
10811,108.12,,108.12000000000398,False,10.438494752793048,0.8117948423192283,2.007029812756493,0.10088423172353235,nan,nan,nan,nan
10812,108.132,,108.13200000000398,False,10.422239849298101,0.8344370711199766,1.9960179758906722,0.08628594663145818,nan,nan,nan,nan
10818,108.192,,108.19200000000399,False,10.398304494180769,0.9275000323339794,1.8829307448848494,0.008238567828977333,nan,nan,nan,nan
10819,108.201,,108.20100000000399,False,10.40148568062073,0.9379593030913767,1.8567982611378935,-0.0041378169890945735,nan,nan,nan,nan
10820,108.21,,108.21000000000399,False,10.40786328635586,0.9482121501658485,1.8332788109470934,-0.01582038454461302,nan,nan,nan,nan
10821,108.222,,108.22200000000399,False,10.417123564240192,0.9596851892778915,1.7945722308629521,-0.032186508268007785,nan,nan,nan,nan
10822,108.231,,108.23100000000399,False,10.427696088159244,0.9681683023641291,1.7686281304214189,-0.043604448670267644,nan,nan,nan,nan
10823,108.24,,108.24000000000399,False,10.438005503780147,0.9749618007603029,1.7369805682812616,-0.0556771511403016,nan,nan,nan,nan
10824,108.252,,108.25200000000399,False,10.455245501235277,0.9834727456693634,1.6962572868162233,-0.07103285138239267,nan,nan,nan,nan
10825,108.261,,108.26100000000399,False,10.468054931922227,0.9881117165322878,1.6607678166226383,-0.08301090221021337,nan,nan,nan,nan
10826,108.27,,108.27000000000399,False,10.48366284181923,0.9928914550458211,1.6281249254570933,-0.09417968699719581,nan,nan,nan,nan
10827,108.282,,108.28200000000399,False,10.503939714846,0.9969186861557334,1.5784220426859836,-0.10960342481812457,nan,nan,nan,nan
10828,108.291,,108.29100000000399,False,10.522235197576283,1.0002830258760513,1.5445008824578101,-0.12019883063988535,nan,nan,nan,nan
10829,108.3,,108.30000000000399,False,10.53935970774108,1.0018698380618412,1.505790519382567,-0.13127347430820763,nan,nan,nan,nan
10830,108.312,,108.31200000000399,False,10.564798971379757,1.0039752773024262,1.4562225074971928,-0.14514304852169405,nan,nan,nan,nan
10831,108.321,,108.32100000000399,False,10.582814305011722,1.0038714986757027,1.4150918485759998,-0.155816895705207,nan,nan,nan,nan
10832,108.33,,108.33000000000399,False,10.603067807839185,1.0044158811223554,1.3769991556223684,-0.16561927658424203,nan,nan,nan,nan
10833,108.342,,108.34200000000399,False,10.628367248430097,1.002965009405171,1.3213684299471724,-0.17897561970607426,nan,nan,nan,nan
10834,108.351,,108.35100000000399,False,10.649761975465465,1.0028411710661818,1.283218279098538,-0.18797086096928153,nan,nan,nan,nan
10835,108.36,,108.36000000000399,False,10.669247435832817,1.001026442276551,1.2412630804296234,-0.19727671765653088,nan,nan,nan,nan
10836,108.372,,108.372000000004,False,10.697112373629922,0.9992741653031759,1.1881462467346466,-0.20870530316778127,nan,nan,nan,nan
10837,108.381,,108.381000000004,False,10.716280082624035,0.9964686583676214,1.1454375075499474,-0.2173831027257805,nan,nan,nan,nan
10838,108.39,,108.390000000004,False,10.737477837767644,0.9948100243325659,1.106346935484512,-0.22518039041927818,nan,nan,nan,nan
10839,108.402,,108.402000000004,False,10.763418127680175,0.9906583726450343,1.050951427007817,-0.23565795453799007,nan,nan,nan,nan
10840,108.411,,108.411000000004,False,10.785300603109619,0.9890189514215022,1.0138600643881313,-0.2424955421285103,nan,nan,nan,nan
10841,108.42,,108.420000000004,False,10.804983203798315,0.9857585596640512,0.9740606646308817,-0.24950098550073116,nan,nan,nan,nan
10842,108.432,,108.432000000004,False,10.833169598017154,0.9825623162236554,0.9250872001055878,-0.2578296052337005,nan,nan,nan,nan
10843,108.441,,108.441000000004,False,10.852412159704778,0.9787709159567367,0.8866257475849537,-0.2640526199405519,nan,nan,nan,nan
10844,108.45,,108.450000000004,False,10.873836892412893,0.9764504237534295,0.8524235431404074,-0.26941607847164345,nan,nan,nan,nan
10845,108.462,,108.462000000004,False,10.899944704585275,0.9714859812643902,0.8048656024283088,-0.2764924601565958,nan,nan,nan,nan
10846,108.471,,108.471000000004,False,10.922152171431387,0.9695428398193409,0.7742311893393475,-0.28081590771496295,nan,nan,nan,nan
10847,108.48,,108.480000000004,False,10.942065275819749,0.9659465339570225,0.7416009135742393,-0.28519820378234495,nan,nan,nan,nan
10848,108.492,,108.492000000004,False,10.970745512020988,0.9625419576322881,0.7027711652260232,-0.2900477660749033,nan,nan,nan,nan
10849,108.501,,108.501000000004,False,10.990313032274694,0.9585686841091523,0.6724654270720543,-0.2935742493664679,nan,nan,nan,nan
10850,108.51,,108.510000000004,False,11.012225587833576,0.956229162402982,0.6465246915611688,-0.2962970179053297,nan,nan,nan,nan
10851,108.522,,108.522000000004,False,11.038922105159049,0.9511692443433087,0.6104012610237979,-0.2997582159151583,nan,nan,nan,nan
10852,108.531,,108.531000000004,False,11.061734157247328,0.9492980363351358,0.5882588623018912,-0.30145117777230146,nan,nan,nan,nan
10853,108.54,,108.540000000004,False,11.082171809964873,0.9456820756499401,0.5642473423947114,-0.3031371192702098,nan,nan,nan,nan
10854,108.552,,108.552000000004,False,11.11166351560826,0.942331768880247,0.5366481957789087,-0.3044737328122149,nan,nan,nan,nan
10855,108.561,,108.561000000004,False,11.131992014937994,0.938297948517819,0.5146993953782468,-0.30533123416161984,nan,nan,nan,nan
10856,108.57,,108.570000000004,False,11.155112201454097,0.9359317600940324,0.4967471968856841,-0.3054833387061455,nan,nan,nan,nan
10857,108.582,,108.582000000004,False,11.183661084957194,0.9306811631730227,0.47102900488880556,-0.3054941586292635,nan,nan,nan,nan
10858,108.591,,108.591000000004,False,11.20807216075954,0.9287012288523426,0.4561964090912614,-0.3047277444893253,nan,nan,nan,nan
10859,108.6,,108.600000000004,False,11.230029584004587,0.9248692972953234,0.43931871723880367,-0.3039327561426827,nan,nan,nan,nan
10860,108.612,,108.612000000004,False,11.261521221443221,0.9212277613553074,0.4206043151579569,-0.3021036191805526,nan,nan,nan,nan
10861,108.621,,108.621000000004,False,11.282899805376436,0.9169133278516723,0.4050589905727613,-0.3005973777368833,nan,nan,nan,nan
10862,108.63,,108.630000000004,False,11.30659131452704,0.9143265289104513,0.39304975686195304,-0.29851398268898577,nan,nan,nan,nan
10863,108.642,,108.642000000004,False,11.335117362470498,0.908737428759845,0.37490255012971146,-0.29557341568515005,nan,nan,nan,nan
10864,108.651,,108.651000000004,False,11.359137660939332,0.906556915467351,0.3652117944603287,-0.29275222111373383,nan,nan,nan,nan
10865,108.66,,108.660000000004,False,11.380309851982256,0.9024875222475713,0.3532815812056546,-0.28991114115048666,nan,nan,nan,nan
10866,108.672,,108.672000000004,False,11.41037962369777,0.8985609221958777,0.3405408458176729,-0.28553053245032683,nan,nan,nan,nan
10867,108.681,,108.681000000004,False,11.430370704812157,0.8940079445972035,0.32921546687318265,-0.2821504523391525,nan,nan,nan,nan
10868,108.69,,108.690000000004,False,11.45253791244292,0.8912059895131487,0.32097356797529036,-0.2783376379493401,nan,nan,nan,nan
10869,108.702,,108.702000000004,False,11.478713714528164,0.8852957531316027,0.30751397707498856,-0.27315104110003025,nan,nan,nan,nan
10870,108.711,,108.711000000004,False,11.50087583574477,0.8828832978082989,0.3008315129130345,-0.2688148228885603,nan,nan,nan,nan
10871,108.72,,108.720000000004,False,11.520028108934664,0.8785495276254974,0.2917408794507378,-0.26448227497421384,nan,nan,nan,nan
10872,108.732,,108.732000000004,False,11.547296219300188,0.8742485809204205,0.2822191339200051,-0.25829749870547863,nan,nan,nan,nan
10873,108.741,,108.74100000000401,False,11.565061893928796,0.8693794822381627,0.2730909886313799,-0.2536137437751502,nan,nan,nan,nan
10874,108.75,,108.75000000000401,False,11.584983252062687,0.866239409453279,0.2666453462888635,-0.24863925550061883,nan,nan,nan,nan
10875,108.762,,108.76200000000401,False,11.60803112289806,0.8598311461389244,0.2553272048680156,-0.2419691673098657,nan,nan,nan,nan
10876,108.771,,108.77100000000401,False,11.627838411537226,0.8570086085778627,0.24981931667852397,-0.23668132001096362,nan,nan,nan,nan
10877,108.78,,108.78000000000401,False,11.644564715311363,0.8522367823055559,0.241804825018602,-0.23142155400928097,nan,nan,nan,nan
10878,108.792,,108.79200000000401,False,11.668562829172446,0.8472992453639451,0.23327660003494233,-0.22417065417706614,nan,nan,nan,nan
10879,108.801,,108.80100000000401,False,11.68382122867547,0.8419284780939067,0.22477610746101523,-0.2187319721815232,nan,nan,nan,nan
10880,108.81,,108.81000000000401,False,11.701231726390606,0.8382499542647744,0.2186535586953423,-0.2131295594690631,nan,nan,nan,nan
10881,108.822,,108.82200000000401,False,11.720859211992023,0.8311082657243781,0.2076646066409169,-0.20567673562823802,nan,nan,nan,nan
10882,108.831,,108.83100000000401,False,11.738090807209865,0.827694365222743,0.20209189626591442,-0.19994192023828228,nan,nan,nan,nan
10883,108.84,,108.84000000000401,False,11.752202873395326,0.8223358852727665,0.19401822834418728,-0.19425187268753458,nan,nan,nan,nan
10884,108.852,,108.85200000000401,False,11.77267037805953,0.8165777811249129,0.18513238197960216,-0.18656998752025816,nan,nan,nan,nan
10885,108.861,,108.86100000000401,False,11.785247574618568,0.8106027629370087,0.17636541583059134,-0.1808399088566996,nan,nan,nan,nan
10886,108.87,,108.87000000000401,False,11.799949738839977,0.8062871983957998,0.16977284549006813,-0.1750513823263465,nan,nan,nan,nan
10887,108.882,,108.88200000000401,False,11.815913171343379,0.7983258864255354,0.15820539536067668,-0.16738612557835322,nan,nan,nan,nan
10888,108.891,,108.89100000000401,False,11.830351451765342,0.7942581891094637,0.15199286373193852,-0.16160556851644223,nan,nan,nan,nan
10889,108.9,,108.90000000000401,False,11.841648938507976,0.7882797210476278,0.14337182686915048,-0.15587554077183155,nan,nan,nan,nan
10890,108.912,,108.91200000000401,False,11.858281475451639,0.7816622901961653,0.13360089604579184,-0.1482511522382039,nan,nan,nan,nan
10891,108.921,,108.92100000000401,False,11.867960352944714,0.7750764003787048,0.12425824109741311,-0.1425812215496524,nan,nan,nan,nan
10892,108.93,,108.93000000000401,False,11.879700272591226,0.7701098510271773,0.11695276415003945,-0.1369350098817783,nan,nan,nan,nan
10893,108.942,,108.94200000000401,False,11.891675043631487,0.7613323538184982,0.10457932591793086,-0.1294759656632028,nan,nan,nan,nan
10894,108.951,,108.95100000000402,False,11.903031527942728,0.7566001008481529,0.09761821551871196,-0.12393716117155303,nan,nan,nan,nan
10895,108.96,,108.96000000000402,False,11.911244477989142,0.7500048719219435,0.08839190060096425,-0.11844463636458764,nan,nan,nan,nan
10896,108.972,,108.97200000000402,False,11.92363849730607,0.7425186667453075,0.077724195359305,-0.1112176662079494,nan,nan,nan,nan
10897,108.981,,108.98100000000402,False,11.929503135248774,0.7353634223884838,0.06784713002664457,-0.10585021558745099,nan,nan,nan,nan
10898,108.99,,108.99000000000402,False,11.936282683560316,0.7298411071004289,0.059906159644776046,-0.10056782265229063,nan,nan,nan,nan
10899,109.002,,109.00200000000402,False,11.940455153725939,0.7204710374547885,0.04688029800109099,-0.0935952360511901,nan,nan,nan,nan
10900,109.011,,109.01100000000402,False,11.945217556005312,0.7152751168692841,0.0393114214761518,-0.08848527190417785,nan,nan,nan,nan
10901,109.02,,109.02000000000402,False,11.9465133487615,0.7083081109800363,0.029640374953199947,-0.08341036692055195,nan,nan,nan,nan
10902,109.032,,109.03200000000402,False,11.949177148427784,0.7003050797769355,0.018307841226449507,-0.0767959448066284,nan,nan,nan,nan
10903,109.041,,109.04100000000402,False,11.948270947767847,0.6927889444331293,0.008071952560955132,-0.07188301057863339,nan,nan,nan,nan
10904,109.05,,109.05000000000402,False,11.949168413320136,0.6867700638023593,-0.00033828485606731426,-0.06709835921422529,nan,nan,nan,nan
10905,109.062,,109.06200000000402,False,11.946740177546886,0.6767128112719877,-0.01380381944606655,-0.06077955662824559,nan,nan,nan,nan
10906,109.074,,109.07400000000402,False,11.946829373654895,0.6686668145623743,-0.024727827533254407,-0.054691129171476595,nan,nan,nan,nan
10907,109.08,,109.08000000000402,False,11.944510868954287,0.6632055224359842,-0.03179688744243593,-0.05164830956137637,nan,nan,nan,nan
10908,109.092,,109.09200000000402,False,11.94235961348277,0.6541361109628397,-0.0436067548173262,-0.045761184812635726,nan,nan,nan,nan
10909,109.101,,109.10100000000402,False,11.938192064861784,0.645801991194271,-0.05406634203962007,-0.04138298257771848,nan,nan,nan,nan
10910,109.11,,109.11000000000402,False,11.935829713194677,0.6388164350717024,-0.06282367653079174,-0.037161657323634745,nan,nan,nan,nan
10911,109.122,,109.12200000000402,False,11.929289538312428,0.6274810388738523,-0.07655979447338153,-0.03157843146228707,nan,nan,nan,nan
10912,109.131,,109.13100000000402,False,11.926402520986642,0.6205011390141202,-0.08492330743156948,-0.027583565555185225,nan,nan,nan,nan
10913,109.14,,109.14000000000402,False,11.920689409868583,0.6118127521069274,-0.09505980721393377,-0.0235918334906891,nan,nan,nan,nan
10914,109.152,,109.15200000000402,False,11.914101328241962,0.6012253278073182,-0.10718394689853004,-0.01847732258264625,nan,nan,nan,nan
10915,109.161,,109.16100000000402,False,11.90662207625147,0.5918282319533138,-0.11771931850150624,-0.014666801259343434,nan,nan,nan,nan
10916,109.17,,109.17000000000402,False,11.900656326008308,0.5836877084406389,-0.12666773261703057,-0.011031396077745515,nan,nan,nan,nan
10917,109.182,,109.18200000000402,False,11.889276917979506,0.5709385259471276,-0.14045982660716944,-0.0062136581258572686,nan,nan,nan,nan
10918,109.191,,109.19100000000402,False,11.882369173325772,0.5627874353507882,-0.14902504101501743,-0.002810012636397691,nan,nan,nan,nan
10919,109.2,,109.20000000000402,False,11.873293653388048,0.553017815087361,-0.15919358054862381,0.0006041862350434283,nan,nan,nan,nan
10920,109.212,,109.21200000000402,False,11.863431905970389,0.5408212185701188,-0.17146902867761862,0.004937361857092787,nan,nan,nan,nan
10921,109.221,,109.22100000000403,False,11.854463973728135,0.5302726474100866,-0.18196847609303116,0.00817151776685988,nan,nan,nan,nan
10922,109.23,,109.23000000000403,False,11.847316004698994,0.520828668463574,-0.19102961246476954,0.011220493385829951,nan,nan,nan,nan
10923,109.242,,109.24200000000403,False,11.835175055627316,0.5064363441479247,-0.20477779187792688,0.015268171414674318,nan,nan,nan,nan
10924,109.251,,109.25100000000403,False,11.827753756518515,0.49687100815454655,-0.21349654542652388,0.018085789778751003,nan,nan,nan,nan
10925,109.26,,109.26000000000403,False,11.817933935783667,0.4858267162228973,-0.22365707508601507,0.020923822559429612,nan,nan,nan,nan
10926,109.272,,109.27200000000403,False,11.805352857393189,0.47185727351643664,-0.23610353443752768,0.024487549055480028,nan,nan,nan,nan
10927,109.281,,109.28100000000403,False,11.79360158616898,0.4601334902079936,-0.2466115338580291,0.02715272986175322,nan,nan,nan,nan
10928,109.29,,109.29000000000403,False,11.782726443912173,0.44939628554673444,-0.2558848236947519,0.02963156121700989,nan,nan,nan,nan
10929,109.302,,109.30200000000403,False,11.764967475852131,0.433494212118769,-0.26976418316247847,0.03292889377680012,nan,nan,nan,nan
10930,109.311,,109.31100000000403,False,11.752433828169899,0.42264414719422483,-0.2788356249219881,0.035185521968562235,nan,nan,nan,nan
10931,109.32,,109.32000000000403,False,11.737342475338739,0.4104991351672689,-0.2892036347873163,0.037469014738997504,nan,nan,nan,nan
10932,109.332,,109.33200000000403,False,11.716910612129356,0.39493680593800623,-0.30216344851255966,0.04029998766335694,nan,nan,nan,nan
10933,109.341,,109.34100000000403,False,11.699168242691723,0.38217277290552815,-0.3129502215598884,0.04242103126912764,nan,nan,nan,nan
10934,109.35,,109.35000000000403,False,11.681790743759791,0.3702424405475971,-0.32273774645371256,0.044360683633954484,nan,nan,nan,nan
10935,109.362,,109.36200000000403,False,11.65538458707897,0.35295550662979047,-0.33715473965040293,0.046944506559123564,nan,nan,nan,nan
10936,109.371,,109.37100000000403,False,11.63594405688589,0.34098614843179725,-0.346872920361823,0.04867335219958907,nan,nan,nan,nan
10937,109.38,,109.38000000000403,False,11.614175544331967,0.3279305089058191,-0.35771834154189847,0.05043047752823696,nan,nan,nan,nan
10938,109.392,,109.39200000000403,False,11.584651066108016,0.3113020073104237,-0.3714575353826302,0.052569104242672936,nan,nan,nan,nan
10939,109.401,,109.40100000000403,False,11.560396256986008,0.29799901542389073,-0.3826600227948669,0.05417114112693951,nan,nan,nan,nan
10940,109.41,,109.41000000000403,False,11.536426053730612,0.28569850750893205,-0.39298653704550884,0.05560097001875666,nan,nan,nan,nan
10941,109.422,,109.42200000000403,False,11.501740638052603,0.2683486842659489,-0.4078519692184594,0.05750319102919684,nan,nan,nan,nan
10942,109.431,,109.43100000000403,False,11.476073881812454,0.25656989458521784,-0.4180266335736622,0.058732906361645514,nan,nan,nan,nan
10943,109.44,,109.44000000000403,False,11.448541865916026,0.24400732201082082,-0.4290881703774877,0.05998588629089539,nan,nan,nan,nan
10944,109.452,,109.45200000000403,False,11.411481425874038,0.22837946457583358,-0.4431524379300769,0.06146324070297737,nan,nan,nan,nan
10945,109.461,,109.46100000000403,False,11.382065557202207,0.21614158246486415,-0.4543668736097561,0.06256343803400632,nan,nan,nan,nan
10946,109.47,,109.47000000000403,False,11.352968516807891,0.20507979495532588,-0.46480184733347846,0.06350221044967291,nan,nan,nan,nan
10947,109.482,,109.48200000000404,False,11.312085656019265,0.18973961964328404,-0.47950647358325454,0.06473967339273495,nan,nan,nan,nan
10948,109.491,,109.49100000000404,False,11.281817773298297,0.17961698735803994,-0.48968458774285784,0.06548422382798251,nan,nan,nan,nan
10949,109.5,,109.50000000000404,False,11.250174273845763,0.16889653094993307,-0.5005106092496787,0.06624137201928353,nan,nan,nan,nan
10950,109.512,,109.51200000000404,False,11.207815658209201,0.15586014451129018,-0.5143340279597551,0.06706912816293548,nan,nan,nan,nan
10951,109.521,,109.52100000000404,False,11.17491039764946,0.14569777478067683,-0.5251615677917526,0.06767240373038379,nan,nan,nan,nan
10952,109.53,,109.53000000000404,False,11.142354300824216,0.1367194505958047,-0.5353494922532387,0.06812778764161602,nan,nan,nan,nan
10953,109.542,,109.54200000000404,False,11.097462339985,0.12424456980916423,-0.5494703044971857,0.06870770136992849,nan,nan,nan,nan
10954,109.551,,109.55100000000404,False,11.064213010164679,0.11622337703501583,-0.5593927461766186,0.06897663357564632,nan,nan,nan,nan
10955,109.56,,109.56000000000404,False,11.03003237760171,0.10762653845021422,-0.5697558551734742,0.06924593281147497,nan,nan,nan,nan
10956,109.572,,109.57200000000404,False,10.984435211680404,0.09732512529997724,-0.5831033322496897,0.06943948637881497,nan,nan,nan,nan
10957,109.581,,109.58100000000404,False,10.949525970393468,0.08919162097868297,-0.5934000811923212,0.06955760338838318,nan,nan,nan,nan
10958,109.59,,109.59000000000404,False,10.91470684802343,0.08213712638532047,-0.6032521095046781,0.06954717233620236,nan,nan,nan,nan
10959,109.602,,109.60200000000404,False,10.866605343447088,0.07217206353101416,-0.6167440413312523,0.06949807618192853,nan,nan,nan,nan
10960,109.611,,109.61100000000404,False,10.830434026889138,0.06589722621094557,-0.6264488756538621,0.06932129087287274,nan,nan,nan,nan
10961,109.62,,109.62000000000404,False,10.793310147902718,0.059012166746638534,-0.6364259611946204,0.06913605633846032,nan,nan,nan,nan
10962,109.632,,109.63200000000404,False,10.743321494446517,0.050826056583346386,-0.649479258507671,0.06875012866193042,nan,nan,nan,nan
10963,109.641,,109.64100000000404,False,10.705067838687297,0.04422040287440553,-0.6594241498792026,0.06842942258106209,nan,nan,nan,nan
10964,109.65,,109.65000000000404,False,10.666824580704311,0.038560079145429735,-0.669139834368637,0.0680045251578397,nan,nan,nan,nan
10965,109.662,,109.66200000000404,False,10.614873135594397,0.030365885732328374,-0.6822246403473224,0.06739449127238577,nan,nan,nan,nan
10966,109.671,,109.67100000000404,False,10.575980628216104,0.025261917458028783,-0.6918543378366602,0.06682541099041343,nan,nan,nan,nan
10967,109.68,,109.68000000000404,False,10.536618186600597,0.01950507507122619,-0.7015395006600691,0.0662377856562211,nan,nan,nan,nan
10968,109.692,,109.69200000000404,False,10.483949942224907,0.012644066460682868,-0.7143590658978971,0.06534280513571723,nan,nan,nan,nan
10969,109.701,,109.70100000000404,False,10.444162850030134,0.006972318611468839,-0.7239242193652262,0.0646342383905435,nan,nan,nan,nan
10970,109.71,,109.71000000000404,False,10.40450869694815,0.00211253721542053,-0.7334360521327878,0.06384716537910684,nan,nan,nan,nan
10971,109.722,,109.72200000000404,False,10.35126603252841,-0.0050867640834074985,-0.7459538601066268,0.06274613357930368,nan,nan,nan,nan
10972,109.731,,109.73100000000404,False,10.311539344848516,-0.009593210148235099,-0.7553517985823497,0.06183919121757094,nan,nan,nan,nan
10973,109.74,,109.74000000000404,False,10.271746776986154,-0.014777086838812027,-0.7645411105020146,0.0609029769738427,nan,nan,nan,nan
10974,109.752,,109.75200000000405,False,10.218763434564405,-0.021028748826588166,-0.7768049905964035,0.059571687243840946,nan,nan,nan,nan
10975,109.761,,109.76100000000405,False,10.179132570146054,-0.02627564952148085,-0.785705186253934,0.058529094397826206,nan,nan,nan,nan
10976,109.77,,109.77000000000405,False,10.139736021112514,-0.030822725484581714,-0.7947072019974689,0.05743425138243266,nan,nan,nan,nan
10977,109.782,,109.78200000000405,False,10.087324815833655,-0.0376302820550765,-0.8062064294800588,0.05591345676093669,nan,nan,nan,nan
10978,109.791,,109.79100000000405,False,10.048202502122374,-0.041961663836895764,-0.8150294434676446,0.05472315595590946,nan,nan,nan,nan
10979,109.8,,109.80000000000405,False,10.009095214077304,-0.046959626698315875,-0.823381565400874,0.05349355110495283,nan,nan,nan,nan
10980,109.812,,109.81200000000405,False,9.956897474055857,-0.05307093605243547,-0.8346548410035965,0.051801863700500266,nan,nan,nan,nan
10981,109.821,,109.82100000000405,False,9.917908504272031,-0.0582030774629192,-0.842579403946631,0.05048358464947175,nan,nan,nan,nan
10982,109.83,,109.83000000000405,False,9.879029702080235,-0.06271772320095693,-0.8507833400638115,0.049141154351243006,nan,nan,nan,nan
10983,109.842,,109.84200000000405,False,9.82739566620164,-0.06945167201924762,-0.8609094018487271,0.04728315175553459,nan,nan,nan,nan
10984,109.851,,109.85100000000405,False,9.78886592851113,-0.07381180818602123,-0.8688970801039951,0.04587190253231068,nan,nan,nan,nan
10985,109.86,,109.86000000000405,False,9.750670181227546,-0.07879002237017954,-0.8761289632933353,0.04440975660565677,nan,nan,nan,nan
10986,109.872,,109.87200000000405,False,9.699977333192571,-0.08493260923616965,-0.8859923055947595,0.04243621442994479,nan,nan,nan,nan
10987,109.881,,109.88100000000405,False,9.662435814444606,-0.09003752028495893,-0.8925896033989563,0.04089922083364373,nan,nan,nan,nan
10988,109.89,,109.89000000000405,False,9.625157444874674,-0.09457695185142795,-0.8996017243332315,0.0393638935355633,nan,nan,nan,nan
10989,109.902,,109.90200000000405,False,9.576061589535907,-0.10126040541764411,-0.9077638535141821,0.037238754810132495,nan,nan,nan,nan
10990,109.911,,109.91100000000405,False,9.539614262342672,-0.10563276647665555,-0.9144189661239914,0.0356566283250097,nan,nan,nan,nan
10991,109.92,,109.92000000000405,False,9.503753907626177,-0.11054246441622921,-0.9200075884729974,0.034011860357972296,nan,nan,nan,nan
10992,109.932,,109.93200000000405,False,9.456446922028938,-0.11660768403694935,-0.9277062954544649,0.031821072720263605,nan,nan,nan,nan
10993,109.941,,109.94100000000405,False,9.42169329396232,-0.12157017188776024,-0.9323833660783715,0.03011373449607756,nan,nan,nan,nan
10994,109.95,,109.95000000000405,False,9.387347589397429,-0.12599413989150066,-0.9375748334978228,0.02843217676199182,nan,nan,nan,nan
10995,109.962,,109.96200000000405,False,9.342466765601937,-0.13240008964329994,-0.9429151379972158,0.02610246632967316,nan,nan,nan,nan
10996,109.971,,109.97100000000405,False,9.309341592172633,-0.13658803914821396,-0.947560870800503,0.024394293822058884,nan,nan,nan,nan
10997,109.98,,109.98000000000405,False,9.276975199936588,-0.14121065855158887,-0.9508355877991591,0.022612819954383436,nan,nan,nan,nan
10998,109.992,,109.99200000000405,False,9.234392285035193,-0.14687874071358395,-0.9554721511903549,0.020265386693690365,nan,nan,nan,nan
10999,110.001,,110.00100000000405,False,9.203008142671457,-0.15144475016781297,-0.9576129031285212,0.018437127393553614,nan,nan,nan,nan
11000,110.01,,110.01000000000406,False,9.17187429799828,-0.15548870571142148,-0.9603918436451736,0.01665934811974813,nan,nan,nan,nan
11001,110.022,,110.02200000000406,False,9.13106976316992,-0.1612547868508693,-0.9622214138972077,0.014198110853165993,nan,nan,nan,nan
11002,110.031,,110.03100000000406,False,9.100837530996108,-0.1649792695004222,-0.9643790659951115,0.012419644455740071,nan,nan,nan,nan
11003,110.04,,110.04000000000406,False,9.071214719037236,-0.16903670800128848,-0.96494612648209,0.010562691114507241,nan,nan,nan,nan
11004,110.052,,110.05200000000406,False,9.032278300232006,-0.17392982587027292,-0.9660336377636668,0.008141079725211423,nan,nan,nan,nan
11005,110.061,,110.06100000000406,False,9.003795174484079,-0.17781083309394788,-0.9652943729967232,0.006255194582158446,nan,nan,nan,nan
11006,110.07,,110.07000000000406,False,8.975738729036896,-0.18117555314425052,-0.9652800245742738,0.004441126730010268,nan,nan,nan,nan
11007,110.082,,110.08200000000406,False,8.939244950004804,-0.18589890812716756,-0.9631055676285518,0.0019303179896713986,nan,nan,nan,nan
11008,110.091,,110.09100000000406,False,8.912441471708144,-0.18884415680073413,-0.9623417218363053,0.00013862874161402013,nan,nan,nan,nan
11009,110.1,,110.10000000000406,False,8.88634623914498,-0.19202072107741464,-0.9597736261501656,-0.0017346960807030406,nan,nan,nan,nan
11010,110.112,,110.11200000000406,False,8.8523446062385,-0.1957053842961144,-0.9566757971392119,-0.0041549573225204426,nan,nan,nan,nan
11011,110.121,,110.12100000000406,False,8.827658983064913,-0.1985818187768908,-0.9526063923926567,-0.006038002431448641,nan,nan,nan,nan
11012,110.13,,110.13000000000406,False,8.803541606765684,-0.20094105118593253,-0.9493072500765836,-0.007830328859473521,nan,nan,nan,nan
11013,110.142,,110.14200000000406,False,8.772403404402958,-0.20419986518253952,-0.9425218200182136,-0.01030805211079034,nan,nan,nan,nan
11014,110.151,,110.15100000000406,False,8.749761614427355,-0.20604403059124096,-0.9383399226542091,-0.012054099774288398,nan,nan,nan,nan
11015,110.16,,110.16000000000406,False,8.727849634686022,-0.2080340288747212,-0.93219975192564,-0.013880400390216796,nan,nan,nan,nan
11016,110.172,,110.17200000000406,False,8.69957282500813,-0.21010683264374744,-0.9243280893604515,-0.016216796186780368,nan,nan,nan,nan
11017,110.181,,110.18100000000406,False,8.67919227874096,-0.21169802854956024,-0.9165639062908159,-0.018030878978205805,nan,nan,nan,nan
11018,110.19,,110.19000000000406,False,8.659467773697923,-0.21277314209355763,-0.9096053689087426,-0.01973833790448053,nan,nan,nan,nan
11019,110.202,,110.20200000000406,False,8.63418171289822,-0.2142330309121534,-0.8978374902774919,-0.022093031549203543,nan,nan,nan,nan
11020,110.211,,110.21100000000406,False,8.616008391567929,-0.21473053966078734,-0.8899578599635839,-0.023729580275357653,nan,nan,nan,nan
11021,110.22,,110.22000000000406,False,8.59851657895964,-0.2153203987260463,-0.8800753754685657,-0.02544012619012674,nan,nan,nan,nan
11022,110.232,,110.23200000000406,False,8.576189569066715,-0.21551544703841416,-0.8672447580709248,-0.027603356362787317,nan,nan,nan,nan
11023,110.241,,110.24100000000406,False,8.560209837710184,-0.21565875329933262,-0.8557642454594404,-0.0292772382408564,nan,nan,nan,nan
11024,110.25,,110.25000000000406,False,8.54491598377829,-0.2153036445503615,-0.8451500482727943,-0.030832193872014465,nan,nan,nan,nan
11025,110.262,,110.26200000000406,False,8.525443996694962,-0.21482837927537476,-0.8285777295286159,-0.032968424948656073,nan,nan,nan,nan
11026,110.271,,110.27100000000407,False,8.511639725337139,-0.21394591950090217,-0.8172785152962915,-0.034428543224987125,nan,nan,nan,nan
11027,110.28,,110.28000000000407,False,8.49841853306625,-0.21315936992753845,-0.8040901991365172,-0.03595219856625041,nan,nan,nan,nan
11028,110.292,,110.29200000000407,False,8.481754215196549,-0.21167525460848502,-0.7872632575662517,-0.03785073069351735,nan,nan,nan,nan
11029,110.301,,110.30100000000407,False,8.469911907504661,-0.21061557995952418,-0.7730307640728425,-0.039312474916067916,nan,nan,nan,nan
11030,110.31,,110.31000000000407,False,8.45908158526253,-0.2092255753455842,-0.7600495675249515,-0.04064710382773978,nan,nan,nan,nan
11031,110.322,,110.32200000000407,False,8.446341256799764,-0.20747107365561684,-0.7406802339821106,-0.0424736153727723,nan,nan,nan,nan
11032,110.331,,110.33100000000407,False,8.438149237630586,-0.2058428978108224,-0.7277559236757978,-0.04369267563019082,nan,nan,nan,nan
11033,110.34,,110.34000000000407,False,8.43085925312926,-0.20437355727440018,-0.713193518990382,-0.04496287593642122,nan,nan,nan,nan
11034,110.352,,110.35200000000407,False,8.422612633241808,-0.20223300309046818,-0.6951279948119362,-0.04650973002452656,nan,nan,nan,nan
11035,110.361,,110.36100000000407,False,8.417326103716269,-0.20077539119750926,-0.6802959599577093,-0.04769276459541904,nan,nan,nan,nan
11036,110.37,,110.37000000000407,False,8.412935269833785,-0.199182713319138,-0.6671489819329622,-0.04873975859933664,nan,nan,nan,nan
11037,110.382,,110.38200000000407,False,8.408039462912546,-0.19729404525016106,-0.6480623271783772,-0.05015860043098937,nan,nan,nan,nan
11038,110.391,,110.39100000000407,False,8.405298377240397,-0.1957828929206509,-0.6358336262459923,-0.051061596017920055,nan,nan,nan,nan
11039,110.4,,110.40000000000407,False,8.403039484601502,-0.194480755278355,-0.6222279345829093,-0.05200000880028218,nan,nan,nan,nan
11040,110.412,,110.41200000000407,False,8.40102319003558,-0.19277620332461828,-0.6059450613942379,-0.053091009435312454,nan,nan,nan,nan
11041,110.421,,110.42100000000407,False,8.399999487398548,-0.19169700091901176,-0.5927105411003657,-0.053916525883459444,nan,nan,nan,nan
11042,110.43,,110.43000000000407,False,8.399617204086146,-0.19062073988301464,-0.5814406306674335,-0.05460117768752279,nan,nan,nan,nan
11043,110.442,,110.44200000000407,False,8.399618989816187,-0.18944761832808313,-0.5650989467102975,-0.05551885620597795,nan,nan,nan,nan
11044,110.451,,110.45100000000407,False,8.40030491470113,-0.18860224894395214,-0.5551637081221887,-0.05604325796221719,nan,nan,nan,nan
11045,110.46,,110.46000000000407,False,8.401203077116401,-0.18793936694681837,-0.543923647650486,-0.05659214601104878,nan,nan,nan,nan
11046,110.472,,110.47200000000407,False,8.403117366135342,-0.18717780547286514,-0.5309572918232051,-0.05716106215833749,nan,nan,nan,nan
11047,110.481,,110.48100000000407,False,8.404780647761259,-0.1867692663913448,-0.5202360795512897,-0.05758646380417721,nan,nan,nan,nan
11048,110.493,,110.49300000000407,False,8.407741791449881,-0.18632912954247732,-0.5087938968374177,-0.05795307213975101,nan,nan,nan,nan
11049,110.502,,110.50200000000407,False,8.410048737077766,-0.1861507573250956,-0.4985532357847795,-0.058254966915205014,nan,nan,nan,nan
11050,110.514,,110.51400000000407,False,8.413918545672976,-0.1860115226679881,-0.48853812455895157,-0.05842273596051766,nan,nan,nan,nan
11051,110.52,,110.52000000000407,False,8.415839476993595,-0.18601096139073925,-0.4823118050630828,-0.05853263175107129,nan,nan,nan,nan
11052,110.532,,110.53200000000407,False,8.420266243358476,-0.18611516388728525,-0.4724596160270125,-0.05857794253583776,nan,nan,nan,nan
11053,110.541,,110.54100000000408,False,8.423647412923199,-0.18626927171917468,-0.46394544597295395,-0.05861009704457909,nan,nan,nan,nan
11054,110.55,,110.55000000000408,False,8.427441349804567,-0.1865110306847091,-0.45735863060361626,-0.05851582513614674,nan,nan,nan,nan
11055,110.562,,110.56200000000408,False,8.432523057769155,-0.18689166405608493,-0.4470147722601916,-0.0583895740903117,nan,nan,nan,nan
11056,110.571,,110.57100000000408,False,8.436802168609567,-0.1872848740713014,-0.4414576212067247,-0.058153741147905044,nan,nan,nan,nan
11057,110.58,,110.58000000000408,False,8.440983470845845,-0.1876787875140516,-0.4343729881302209,-0.05793946662489543,nan,nan,nan,nan
11058,110.592,,110.59200000000408,False,8.447006892224406,-0.1883213900336854,-0.42667326453233684,-0.057519939685980875,nan,nan,nan,nan
11059,110.601,,110.60100000000408,False,8.451450329973738,-0.18878405790719294,-0.4196301768167123,-0.05720867723646585,nan,nan,nan,nan
11060,110.61,,110.61000000000408,False,8.456264736749937,-0.18934939225193156,-0.4144066111298924,-0.056787874565454484,nan,nan,nan,nan
11061,110.622,,110.62200000000408,False,8.462559056429903,-0.190036131004686,-0.4056869134066155,-0.05623484592864587,nan,nan,nan,nan
11062,110.631,,110.63100000000408,False,8.467700623243102,-0.19067775452514746,-0.40121375385136493,-0.05570004498838382,nan,nan,nan,nan
11063,110.64,,110.64000000000408,False,8.472644965075265,-0.19122616645885,-0.3950920691380189,-0.0551910981210908,nan,nan,nan,nan
11064,110.652,,110.65200000000408,False,8.47961623231709,-0.1920661041255998,-0.3884984662399596,-0.054403471433621384,nan,nan,nan,nan
11065,110.661,,110.66100000000408,False,8.484673231586546,-0.19259068541590177,-0.3821595702734509,-0.05382405795577205,nan,nan,nan,nan
11066,110.67,,110.67000000000408,False,8.49007177642731,-0.1932389681663114,-0.37753276888540627,-0.053154773034103577,nan,nan,nan,nan
11067,110.682,,110.68200000000408,False,8.49702789717523,-0.19392810744124553,-0.36946334816061954,-0.05228138525930638,nan,nan,nan,nan
11068,110.691,,110.69100000000408,False,8.502635840124498,-0.19460025871034098,-0.3653651012291411,-0.05152966688010607,nan,nan,nan,nan
11069,110.7,,110.70000000000408,False,8.507966611944493,-0.19509928173991326,-0.3595429726018385,-0.05080870398034155,nan,nan,nan,nan
11070,110.712,,110.71200000000408,False,8.51540255309269,-0.19588249111247732,-0.35322204101197724,-0.049764571414051925,nan,nan,nan,nan
11071,110.721,,110.72100000000408,False,8.520394155618247,-0.19630344356845314,-0.3470331678256051,-0.04900043845219003,nan,nan,nan,nan
11072,110.73,,110.73000000000408,False,8.525148647010683,-0.19689523856787608,-0.34250787163137764,-0.04816589005212114,nan,nan,nan,nan
11073,110.742,,110.74200000000408,False,8.53051951338151,-0.1974432412291034,-0.33453893932114875,-0.04708162967863013,nan,nan,nan,nan
11074,110.772,,110.77200000000408,False,8.542953416170961,-0.19913593890565884,-0.31829694978515266,-0.04414568835953959,nan,nan,nan,nan
11075,110.772,,110.77200000000408,False,8.542953416170961,-0.19913593890565884,-0.31829694978515266,-0.04414568835953959,nan,nan,nan,nan
11016,110.172,,110.17200000000406,False,8.69957282500813,-0.21010683264374744,-0.9243280893604515,-0.016216796186780368,nan,nan,nan,nan
11017,110.181,,110.18100000000406,False,8.67919227874096,-0.21169802854956024,-0.9165639062908159,-0.018030878978205805,nan,nan,nan,nan
11018,110.19,,110.19000000000406,False,8.659467773697923,-0.21277314209355763,-0.9096053689087426,-0.01973833790448053,nan,nan,nan,nan
11019,110.202,,110.20200000000406,False,8.63418171289822,-0.2142330309121534,-0.8978374902774919,-0.022093031549203543,nan,nan,nan,nan
11020,110.211,,110.21100000000406,False,8.616008391567929,-0.21473053966078734,-0.8899578599635839,-0.023729580275357653,nan,nan,nan,nan
11021,110.22,,110.22000000000406,False,8.59851657895964,-0.2153203987260463,-0.8800753754685657,-0.02544012619012674,nan,nan,nan,nan
11022,110.232,,110.23200000000406,False,8.576189569066715,-0.21551544703841416,-0.8672447580709248,-0.027603356362787317,nan,nan,nan,nan
11023,110.241,,110.24100000000406,False,8.560209837710184,-0.21565875329933262,-0.8557642454594404,-0.0292772382408564,nan,nan,nan,nan
11024,110.25,,110.25000000000406,False,8.54491598377829,-0.2153036445503615,-0.8451500482727943,-0.030832193872014465,nan,nan,nan,nan
11025,110.262,,110.26200000000406,False,8.525443996694962,-0.21482837927537476,-0.8285777295286159,-0.032968424948656073,nan,nan,nan,nan
11026,110.271,,110.27100000000407,False,8.511639725337139,-0.21394591950090217,-0.8172785152962915,-0.034428543224987125,nan,nan,nan,nan
11027,110.28,,110.28000000000407,False,8.49841853306625,-0.21315936992753845,-0.8040901991365172,-0.03595219856625041,nan,nan,nan,nan
11028,110.292,,110.29200000000407,False,8.481754215196549,-0.21167525460848502,-0.7872632575662517,-0.03785073069351735,nan,nan,nan,nan
11029,110.301,,110.30100000000407,False,8.469911907504661,-0.21061557995952418,-0.7730307640728425,-0.039312474916067916,nan,nan,nan,nan
11030,110.31,,110.31000000000407,False,8.45908158526253,-0.2092255753455842,-0.7600495675249515,-0.04064710382773978,nan,nan,nan,nan
11031,110.322,,110.32200000000407,False,8.446341256799764,-0.20747107365561684,-0.7406802339821106,-0.0424736153727723,nan,nan,nan,nan
11032,110.331,,110.33100000000407,False,8.438149237630586,-0.2058428978108224,-0.7277559236757978,-0.04369267563019082,nan,nan,nan,nan
11033,110.34,,110.34000000000407,False,8.43085925312926,-0.20437355727440018,-0.713193518990382,-0.04496287593642122,nan,nan,nan,nan
11034,110.352,,110.35200000000407,False,8.422612633241808,-0.20223300309046818,-0.6951279948119362,-0.04650973002452656,nan,nan,nan,nan
11035,110.361,,110.36100000000407,False,8.417326103716269,-0.20077539119750926,-0.6802959599577093,-0.04769276459541904,nan,nan,nan,nan
11036,110.37,,110.37000000000407,False,8.412935269833785,-0.199182713319138,-0.6671489819329622,-0.04873975859933664,nan,nan,nan,nan
11037,110.382,,110.38200000000407,False,8.408039462912546,-0.19729404525016106,-0.6480623271783772,-0.05015860043098937,nan,nan,nan,nan
11038,110.391,,110.39100000000407,False,8.405298377240397,-0.1957828929206509,-0.6358336262459923,-0.051061596017920055,nan,nan,nan,nan
11039,110.4,,110.40000000000407,False,8.403039484601502,-0.194480755278355,-0.6222279345829093,-0.05200000880028218,nan,nan,nan,nan
11040,110.412,,110.41200000000407,False,8.40102319003558,-0.19277620332461828,-0.6059450613942379,-0.053091009435312454,nan,nan,nan,nan
11041,110.421,,110.42100000000407,False,8.399999487398548,-0.19169700091901176,-0.5927105411003657,-0.053916525883459444,nan,nan,nan,nan
11042,110.43,,110.43000000000407,False,8.399617204086146,-0.19062073988301464,-0.5814406306674335,-0.05460117768752279,nan,nan,nan,nan
11043,110.442,,110.44200000000407,False,8.399618989816187,-0.18944761832808313,-0.5650989467102975,-0.05551885620597795,nan,nan,nan,nan
11044,110.451,,110.45100000000407,False,8.40030491470113,-0.18860224894395214,-0.5551637081221887,-0.05604325796221719,nan,nan,nan,nan
11045,110.46,,110.46000000000407,False,8.401203077116401,-0.18793936694681837,-0.543923647650486,-0.05659214601104878,nan,nan,nan,nan
11046,110.472,,110.47200000000407,False,8.403117366135342,-0.18717780547286514,-0.5309572918232051,-0.05716106215833749,nan,nan,nan,nan
11047,110.481,,110.48100000000407,False,8.404780647761259,-0.1867692663913448,-0.5202360795512897,-0.05758646380417721,nan,nan,nan,nan
11048,110.493,,110.49300000000407,False,8.407741791449881,-0.18632912954247732,-0.5087938968374177,-0.05795307213975101,nan,nan,nan,nan
11049,110.502,,110.50200000000407,False,8.410048737077766,-0.1861507573250956,-0.4985532357847795,-0.058254966915205014,nan,nan,nan,nan
11050,110.514,,110.51400000000407,False,8.413918545672976,-0.1860115226679881,-0.48853812455895157,-0.05842273596051766,nan,nan,nan,nan
11051,110.52,,110.52000000000407,False,8.415839476993595,-0.18601096139073925,-0.4823118050630828,-0.05853263175107129,nan,nan,nan,nan
11052,110.532,,110.53200000000407,False,8.420266243358476,-0.18611516388728525,-0.4724596160270125,-0.05857794253583776,nan,nan,nan,nan
11053,110.541,,110.54100000000408,False,8.423647412923199,-0.18626927171917468,-0.46394544597295395,-0.05861009704457909,nan,nan,nan,nan
11054,110.55,,110.55000000000408,False,8.427441349804567,-0.1865110306847091,-0.45735863060361626,-0.05851582513614674,nan,nan,nan,nan
11055,110.562,,110.56200000000408,False,8.432523057769155,-0.18689166405608493,-0.4470147722601916,-0.0583895740903117,nan,nan,nan,nan
11056,110.571,,110.57100000000408,False,8.436802168609567,-0.1872848740713014,-0.4414576212067247,-0.058153741147905044,nan,nan,nan,nan
11057,110.58,,110.58000000000408,False,8.440983470845845,-0.1876787875140516,-0.4343729881302209,-0.05793946662489543,nan,nan,nan,nan
11058,110.592,,110.59200000000408,False,8.447006892224406,-0.1883213900336854,-0.42667326453233684,-0.057519939685980875,nan,nan,nan,nan
11059,110.601,,110.60100000000408,False,8.451450329973738,-0.18878405790719294,-0.4196301768167123,-0.05720867723646585,nan,nan,nan,nan
11060,110.61,,110.61000000000408,False,8.456264736749937,-0.18934939225193156,-0.4144066111298924,-0.056787874565454484,nan,nan,nan,nan
11061,110.622,,110.62200000000408,False,8.462559056429903,-0.190036131004686,-0.4056869134066155,-0.05623484592864587,nan,nan,nan,nan
11062,110.631,,110.63100000000408,False,8.467700623243102,-0.19067775452514746,-0.40121375385136493,-0.05570004498838382,nan,nan,nan,nan
11063,110.64,,110.64000000000408,False,8.472644965075265,-0.19122616645885,-0.3950920691380189,-0.0551910981210908,nan,nan,nan,nan
11064,110.652,,110.65200000000408,False,8.47961623231709,-0.1920661041255998,-0.3884984662399596,-0.054403471433621384,nan,nan,nan,nan
11065,110.661,,110.66100000000408,False,8.484673231586546,-0.19259068541590177,-0.3821595702734509,-0.05382405795577205,nan,nan,nan,nan
11066,110.67,,110.67000000000408,False,8.49007177642731,-0.1932389681663114,-0.37753276888540627,-0.053154773034103577,nan,nan,nan,nan
11067,110.682,,110.68200000000408,False,8.49702789717523,-0.19392810744124553,-0.36946334816061954,-0.05228138525930638,nan,nan,nan,nan
11068,110.691,,110.69100000000408,False,8.502635840124498,-0.19460025871034098,-0.3653651012291411,-0.05152966688010607,nan,nan,nan,nan
11069,110.7,,110.70000000000408,False,8.507966611944493,-0.19509928173991326,-0.3595429726018385,-0.05080870398034155,nan,nan,nan,nan
11070,110.712,,110.71200000000408,False,8.51540255309269,-0.19588249111247732,-0.35322204101197724,-0.049764571414051925,nan,nan,nan,nan
11071,110.721,,110.72100000000408,False,8.520394155618247,-0.19630344356845314,-0.3470331678256051,-0.04900043845219003,nan,nan,nan,nan
11072,110.73,,110.73000000000408,False,8.525148647010683,-0.19689523856787608,-0.34250787163137764,-0.04816589005212114,nan,nan,nan,nan
11073,110.742,,110.74200000000408,False,8.53051951338151,-0.1974432412291034,-0.33453893932114875,-0.04708162967863013,nan,nan,nan,nan
11074,110.772,,110.77200000000408,False,8.542953416170961,-0.19913593890565884,-0.31829694978515266,-0.04414568835953959,nan,nan,nan,nan
11075,110.772,,110.77200000000408,False,8.542953416170961,-0.19913593890565884,-0.31829694978515266,-0.04414568835953959,nan,nan,nan,nan
11076,110.784,,110.78400000000408,False,8.547166592315167,-0.1994181995862187,-0.30920263191478436,-0.043000869453273055,nan,nan,nan,nan
11077,110.793,,110.79300000000408,False,8.551116940984636,-0.20009670822561523,-0.30583309393768315,-0.042039342719318584,nan,nan,nan,nan
11078,110.802,,110.80200000000409,False,8.554409977366708,-0.20028915037185419,-0.29891238104734374,-0.041154689480544494,nan,nan,nan,nan
11079,110.814,,110.81400000000409,False,8.559480141852825,-0.20097360401011433,-0.29252730463901216,-0.03988991140012661,nan,nan,nan,nan
11080,110.823,,110.82300000000409,False,8.562762104631808,-0.20104822617650167,-0.28496896165586494,-0.03899875842866811,nan,nan,nan,nan
11081,110.832,,110.83200000000409,False,8.566800796078697,-0.20160666667946284,-0.2806450284666009,-0.03802990257540799,nan,nan,nan,nan
11082,110.844,,110.84400000000409,False,8.571417268081126,-0.20162376046004304,-0.2708018890660853,-0.03682688092605867,nan,nan,nan,nan
11083,110.853,,110.85300000000409,False,8.575738287241975,-0.20218195403121453,-0.26697080858254985,-0.03584949129357225,nan,nan,nan,nan
11084,110.862,,110.86200000000409,False,8.579406958184993,-0.20212234926662973,-0.2598809610996548,-0.03494276952384198,nan,nan,nan,nan
11085,110.874,,110.87400000000409,False,8.58511290099712,-0.20252083097851098,-0.25354014625238275,-0.033676885093433404,nan,nan,nan,nan
11086,110.883,,110.88300000000409,False,8.5888946137623,-0.20228243491231263,-0.24623536994822634,-0.03278158845862232,nan,nan,nan,nan
11087,110.892,,110.89200000000409,False,8.593484851689173,-0.20261774562618715,-0.24219003137788156,-0.03183112011604649,nan,nan,nan,nan
11088,110.904,,110.90400000000409,False,8.598813205259564,-0.20221903210340492,-0.23285346913167038,-0.03064341589305532,nan,nan,nan,nan
11089,110.913,,110.91300000000409,False,8.603690212174772,-0.20257994065671006,-0.2293195217796054,-0.029700948993316417,nan,nan,nan,nan
11090,110.922,,110.92200000000409,False,8.60787285338859,-0.20224029718046443,-0.22255689245348945,-0.02881899403122486,nan,nan,nan,nan
11091,110.934,,110.93400000000409,False,8.614251115270395,-0.202384461646896,-0.21649125068513267,-0.027608185439570943,nan,nan,nan,nan
11092,110.943,,110.94300000000409,False,8.618483927725784,-0.20190326659099178,-0.20937323301436883,-0.02674744069320362,nan,nan,nan,nan
11093,110.952,,110.95200000000409,False,8.623511001521114,-0.20211341265446284,-0.20536856691756816,-0.025850908911433084,nan,nan,nan,nan
11094,110.964,,110.96400000000409,False,8.629338913667102,-0.20146445835646995,-0.19608987001223613,-0.02472291433722873,nan,nan,nan,nan
11095,110.973,,110.97300000000409,False,8.634561385687212,-0.20176426595346428,-0.19245485557046318,-0.02384572745291135,nan,nan,nan,nan
11096,110.982,,110.98200000000409,False,8.639029061719055,-0.20128711938096058,-0.1856431651088857,-0.023017678612869054,nan,nan,nan,nan
11097,110.994,,110.99400000000409,False,8.645733558474047,-0.20136217711134366,-0.17940724343237507,-0.02189761774692052,nan,nan,nan,nan
11098,111.003,,111.00300000000409,False,8.650147693233311,-0.200770631979003,-0.17223381839892815,-0.02109690239365466,nan,nan,nan,nan
11099,111.012,,111.0120000000041,False,8.65532300265969,-0.20097579383048647,-0.1680995310857426,-0.02027753831474627,nan,nan,nan,nan
11100,111.024,,111.0240000000041,False,8.661266222262226,-0.20022008222873744,-0.15880524475757496,-0.01923885352973327,nan,nan,nan,nan
11101,111.033,,111.0330000000041,False,8.666533301139301,-0.20054936199085646,-0.15509953731544487,-0.018446547273474174,nan,nan,nan,nan
11102,111.042,,111.0420000000041,False,8.670993745365976,-0.20001425853784185,-0.14835609516996853,-0.017691374485051852,nan,nan,nan,nan
11103,111.054,,111.0540000000041,False,8.677628911848828,-0.20010635437326416,-0.14218889116180686,-0.016684280122089494,nan,nan,nan,nan
11104,111.063,,111.0630000000041,False,8.681938898462557,-0.19945844982643013,-0.13519897326995164,-0.015959307500789995,nan,nan,nan,nan
11105,111.072,,111.0720000000041,False,8.68697367662666,-0.19970223407910612,-0.1311888870036927,-0.015230513000787082,nan,nan,nan,nan
11106,111.084,,111.0840000000041,False,8.692666160844524,-0.19888915691730394,-0.1222464247786656,-0.014298055962250457,nan,nan,nan,nan
11107,111.093,,111.0930000000041,False,8.69770264041958,-0.19927692064454383,-0.11872905883241675,-0.013600766671118638,nan,nan,nan,nan
11108,111.102,,111.1020000000041,False,8.701896512832219,-0.19871043679095982,-0.11230730127916197,-0.012928337795373545,nan,nan,nan,nan
11109,111.114,,111.1140000000041,False,8.70812068396615,-0.19884882924613098,-0.10649913739508401,-0.012044602125326416,nan,nan,nan,nan
11110,111.123,,111.1230000000041,False,8.7120864042791,-0.19816513746055994,-0.09988353646645275,-0.01140267227575061,nan,nan,nan,nan
11111,111.132,,111.1320000000041,False,8.7167413964386,-0.19846472003448132,-0.09614589309239661,-0.010769682644536632,nan,nan,nan,nan
11112,111.144,,111.1440000000041,False,8.72188629246851,-0.19761658563837228,-0.08771362629617432,-0.00995018040181326,nan,nan,nan,nan
11113,111.153,,111.1530000000041,False,8.726471752601354,-0.19807601369841474,-0.0844571803715603,-0.009350748527322445,nan,nan,nan,nan
11114,111.162,,111.1620000000041,False,8.730194872246125,-0.19749109949213756,-0.07841104279976298,-0.008764108951413338,nan,nan,nan,nan
11115,111.174,,111.1740000000041,False,8.735741932407533,-0.19768854694824992,-0.0729885381901726,-0.008005528784728001,nan,nan,nan,nan
11116,111.183,,111.1830000000041,False,8.739179609440392,-0.19697725108473768,-0.06675195096838726,-0.0074479802053846736,nan,nan,nan,nan
11117,111.192,,111.1920000000041,False,8.743272774683042,-0.1973368412528366,-0.06326821100600456,-0.006910326071705689,nan,nan,nan,nan
11118,111.204,,111.2040000000041,False,8.747648299267073,-0.19645705150423298,-0.055315733141432656,-0.006203489869390381,nan,nan,nan,nan
11119,111.213,,111.2130000000041,False,8.751619106283682,-0.19698589791686164,-0.05228064047337671,-0.005699748734495546,nan,nan,nan,nan
11120,111.222,,111.2220000000041,False,8.754722657220958,-0.1963790910576315,-0.04657521195198462,-0.005197284596026455,nan,nan,nan,nan
11121,111.234,,111.2340000000041,False,8.75940033249171,-0.1966254332453609,-0.041482128300944665,-0.004559757711765362,nan,nan,nan,nan
11122,111.243,,111.2430000000041,False,8.762179995348191,-0.19587721027080982,-0.03558890876695326,-0.004083829079085352,nan,nan,nan,nan
11123,111.252,,111.2520000000041,False,8.765583174897248,-0.19628368892302367,-0.0323168358325333,-0.003637079582113868,nan,nan,nan,nan
11124,111.264,,111.2640000000041,False,8.769037126614688,-0.19535352272659678,-0.02479964920179847,-0.003037729907197465,nan,nan,nan,nan
11125,111.273,,111.2730000000041,False,8.77228170613725,-0.19593409636465586,-0.021946150915920122,-0.0026239839378321733,nan,nan,nan,nan
11126,111.282,,111.2820000000041,False,8.77466708305095,-0.19528788538340272,-0.01655043349485816,-0.0022007929445530586,nan,nan,nan,nan
11127,111.294,,111.2940000000041,False,8.778349503487966,-0.19555664354577426,-0.011739749422244816,-0.0016760255736297173,nan,nan,nan,nan
11128,111.303,,111.3030000000041,False,8.780389087891063,-0.19475199277184105,-0.00616065229373399,-0.001276045205187754,nan,nan,nan,nan
11129,111.312,,111.3120000000041,False,8.78302186858039,-0.19518379006802106,-0.0030636656130315527,-0.0009129465940456232,nan,nan,nan,nan
11130,111.324,,111.3240000000041,False,8.785463157851211,-0.19417609183163193,0.004059361149735117,-0.0004124417064373568,nan,nan,nan,nan
11131,111.333,,111.3330000000041,False,8.787915474288605,-0.19478622037646048,0.006770677008858436,-8.049683842231867e-05,nan,nan,nan,nan
11132,111.342,,111.3420000000041,False,8.789527674350516,-0.19408024110056488,0.01189017744368983,0.00027062365815609923,nan,nan,nan,nan
11133,111.354,,111.3540000000041,False,8.792146434027131,-0.19434313261761713,0.016471004987089862,0.0006938399475909337,nan,nan,nan,nan
11134,111.363,,111.3630000000041,False,8.793405048746637,-0.19346264439589067,0.02177100986927587,0.0010255284265061418,nan,nan,nan,nan
11135,111.372,,111.3720000000041,False,8.795228013698422,-0.19389912172930163,0.024735043306770357,0.0013141435972477708,nan,nan,nan,nan
11136,111.384,,111.38400000000411,False,8.796617682344921,-0.1927893526703037,0.03151229426314961,0.0017267245677573494,nan,nan,nan,nan
11137,111.393,,111.39300000000411,False,8.798250534616782,-0.19340937921423715,0.034124423356627756,0.0019866865075009155,nan,nan,nan,nan
11138,111.402,,111.40200000000411,False,8.799071515852336,-0.19262639517875113,0.03900352716296769,0.0022743774880859126,nan,nan,nan,nan
11139,111.414,,111.41400000000411,False,8.800606882851083,-0.19285967915099161,0.04340649659563969,0.002609027137587251,nan,nan,nan,nan
11140,111.423,,111.42300000000411,False,8.80107831113062,-0.1918877685156034,0.048459683845330455,0.0028812193165582397,nan,nan,nan,nan
11141,111.432,,111.43200000000411,False,8.802086604902756,-0.19231209258261173,0.05132740155092053,0.0031055894420718624,nan,nan,nan,nan
11142,111.444,,111.44400000000411,False,8.80242936670754,-0.1910811860798089,0.05779691550812942,0.003442331520389944,nan,nan,nan,nan
11143,111.453,,111.45300000000411,False,8.803248126304032,-0.19169542119957647,0.06034233861959282,0.0036409177017511034,nan,nan,nan,nan
11144,111.462,,111.46200000000411,False,8.803290641025702,-0.1908224069311663,0.06500498978380073,0.0038744303025495187,nan,nan,nan,nan
11145,111.474,,111.47400000000411,False,8.803763429687502,-0.19100778010067637,0.0692638096402762,0.004134173240330348,nan,nan,nan,nan
11146,111.483,,111.48300000000411,False,8.803470138299415,-0.18993312789010958,0.0740878390995588,0.00435598898198456,nan,nan,nan,nan
11147,111.492,,111.49200000000411,False,8.803687544052613,-0.19033248447186168,0.07688033283645898,0.004526611292594411,nan,nan,nan,nan
11148,111.504,,111.50400000000411,False,8.803024003773208,-0.18896699701927444,0.08305937725808572,0.0047997025944531094,nan,nan,nan,nan
11149,111.513,,111.51300000000411,False,8.80306085924748,-0.1895636541594681,0.0855547070770731,0.004947520737204579,nan,nan,nan,nan
11150,111.522,,111.52200000000411,False,8.802362785881758,-0.18859169531755257,0.0900095811537269,0.005135948489077465,nan,nan,nan,nan
11151,111.534,,111.53400000000411,False,8.801826890255917,-0.18871597316149497,0.09413809616403257,0.00533411570412904,nan,nan,nan,nan
11152,111.543,,111.54300000000411,False,8.800814527595321,-0.1875312243707632,0.09873669372947334,0.0055142736380586,nan,nan,nan,nan
11153,111.552,,111.55200000000411,False,8.800288032961529,-0.18789636644204016,0.10146159275959288,0.005641191863037086,nan,nan,nan,nan
11154,111.564,,111.56400000000411,False,8.798687554481683,-0.18638778102469095,0.10735104253271732,0.00586201900831271,nan,nan,nan,nan
11155,111.573,,111.57300000000411,False,8.797996243933348,-0.18695827073681115,0.1098012420375858,0.0059690181679506685,nan,nan,nan,nan
11156,111.582,,111.58200000000411,False,8.796615407904625,-0.18588180382639424,0.11404643138674117,0.0061206721026784055,nan,nan,nan,nan
11157,111.594,,111.59400000000412,False,8.795150991804467,-0.1859356936129093,0.11804531038154216,0.006269465510239836,nan,nan,nan,nan
11158,111.603,,111.60300000000412,False,8.793483383277728,-0.18463646543905635,0.12241335921706097,0.006415722475376943,nan,nan,nan,nan
11159,111.612,,111.61200000000412,False,8.792278242706912,-0.18496058276351057,0.12506986590203772,0.006507984934921426,nan,nan,nan,nan
11160,111.624,,111.62400000000412,False,8.789832490222672,-0.18330375557886439,0.13066064031584165,0.006686466965629546,nan,nan,nan,nan
11161,111.633,,111.63300000000412,False,8.7884835355608,-0.18384140025408877,0.1330635903532413,0.006761460706852496,nan,nan,nan,nan
11162,111.642,,111.64200000000412,False,8.786493039914033,-0.18265694441686064,0.13709090590945427,0.006883431867933469,nan,nan,nan,nan
11163,111.654,,111.65400000000412,False,8.78420040227297,-0.18263327825475045,0.14095296984668762,0.00699337611315446,nan,nan,nan,nan
11164,111.663,,111.66300000000412,False,8.781955059097674,-0.181216875959862,0.14508022873005005,0.007112158571638772,nan,nan,nan,nan
11165,111.672,,111.67200000000412,False,8.780150360821121,-0.18149427750065347,0.14766260655090332,0.007177467321713194,nan,nan,nan,nan
11166,111.684,,111.68400000000412,False,8.77696752499496,-0.17968579353566033,0.1529400505371326,0.007321646628374826,nan,nan,nan,nan
11167,111.693,,111.69300000000412,False,8.775043965849665,-0.18018459007201432,0.15528963870676854,0.007372026751331479,nan,nan,nan,nan
11168,111.702,,111.70200000000412,False,8.772528030406766,-0.17888961555799207,0.15908759504635206,0.007469940192934555,nan,nan,nan,nan
11169,111.714,,111.71400000000412,False,8.769522135780496,-0.1787818914726769,0.16280161212081268,0.007549586407231156,nan,nan,nan,nan
11170,111.723,,111.72300000000412,False,8.766786268830172,-0.17724633170198564,0.1666754853887764,0.0076458104312515495,nan,nan,nan,nan
11171,111.732,,111.73200000000412,False,8.764470990847741,-0.17747149108628477,0.1691757114482535,0.0076903554050653435,nan,nan,nan,nan
11172,111.744,,111.74400000000412,False,8.760670678516934,-0.1755085641931488,0.17412305161871622,0.007806233878882272,nan,nan,nan,nan
11173,111.753,,111.75300000000412,False,8.758264285491139,-0.1759623912537308,0.17641161651642853,0.007837863072142631,nan,nan,nan,nan
11174,111.762,,111.76200000000412,False,8.755314574451976,-0.1745546470011466,0.17996782065330846,0.007915809334254701,nan,nan,nan,nan
11175,111.774,,111.77400000000412,False,8.751720216835281,-0.1743561967517528,0.18352147211141284,0.007971668247818323,nan,nan,nan,nan
11176,111.783,,111.78300000000412,False,8.74858723068918,-0.1726996989614107,0.18712913075566556,0.008048728053519538,nan,nan,nan,nan
11177,111.792,,111.79200000000412,False,8.745856758103479,-0.1728667654460437,0.18953882163967142,0.00807718337079361,nan,nan,nan,nan
11178,111.804,,111.80400000000412,False,8.741565507090801,-0.17074673932070464,0.1941395734757606,0.008168768930543375,nan,nan,nan,nan
11179,111.813,,111.81300000000412,False,8.738773442164836,-0.17114900331436322,0.19635946059285966,0.008186022774721633,nan,nan,nan,nan
11180,111.822,,111.82200000000412,False,8.735485846593118,-0.16962626410621673,0.1996620680917879,0.008246634480731565,nan,nan,nan,nan
11181,111.834,,111.83400000000412,False,8.731433397988768,-0.16932995899344427,0.203043571673321,0.00828329144453321,nan,nan,nan,nan
11182,111.843,,111.84300000000412,False,8.727999826372345,-0.16755081765036975,0.20637303883863353,0.008343178058645276,nan,nan,nan,nan
11183,111.852,,111.85200000000413,False,8.724952889767792,-0.16765349411249278,0.20868430683295272,0.008358819736702149,nan,nan,nan,nan
11184,111.864,,111.86400000000413,False,8.720300251624542,-0.1653738005161441,0.21292327749636833,0.008428326137602199,nan,nan,nan,nan
11185,111.873,,111.87300000000413,False,8.717222131273719,-0.1657174098505776,0.21506734709351336,0.008434239723575295,nan,nan,nan,nan
11186,111.882,,111.88200000000413,False,8.71369395971413,-0.1640775297164712,0.21810552234537264,0.008478867644146706,nan,nan,nan,nan
11187,111.894,,111.89400000000413,False,8.709315639969047,-0.16367587236765788,0.22130399332061199,0.0084992175019431,nan,nan,nan,nan
11188,111.903,,111.90300000000413,False,8.705678472799573,-0.16177259436349375,0.22434436521545642,0.008542720837387439,nan,nan,nan,nan
11189,111.912,,111.91200000000413,False,8.70241445788752,-0.1618042686765675,0.22654986695571658,0.008547619173057715,nan,nan,nan,nan
11190,111.924,,111.92400000000413,False,8.697529579414232,-0.1593626888576731,0.23041321195160533,0.00859575769517032,nan,nan,nan,nan
11191,111.933,,111.93300000000413,False,8.694264889309956,-0.15964024120156076,0.2324747134598739,0.008592231625012737,nan,nan,nan,nan
11192,111.942,,111.94200000000413,False,8.690592413816029,-0.1578813951753861,0.23523854351702156,0.008621176117436166,nan,nan,nan,nan
11193,111.954,,111.95400000000413,False,8.686019013264378,-0.1573668397109076,0.23824373093422777,0.00862672107702983,nan,nan,nan,nan
11194,111.963,,111.96300000000413,False,8.682273363155037,-0.15533842613384533,0.24098501644228232,0.008653674468105759,nan,nan,nan,nan
11076,110.784,,110.78400000000408,False,8.547166592315167,-0.1994181995862187,-0.30920263191478436,-0.043000869453273055,nan,nan,nan,nan
11077,110.793,,110.79300000000408,False,8.551116940984636,-0.20009670822561523,-0.30583309393768315,-0.042039342719318584,nan,nan,nan,nan
11078,110.802,,110.80200000000409,False,8.554409977366708,-0.20028915037185419,-0.29891238104734374,-0.041154689480544494,nan,nan,nan,nan
11079,110.814,,110.81400000000409,False,8.559480141852825,-0.20097360401011433,-0.29252730463901216,-0.03988991140012661,nan,nan,nan,nan
11080,110.823,,110.82300000000409,False,8.562762104631808,-0.20104822617650167,-0.28496896165586494,-0.03899875842866811,nan,nan,nan,nan
11081,110.832,,110.83200000000409,False,8.566800796078697,-0.20160666667946284,-0.2806450284666009,-0.03802990257540799,nan,nan,nan,nan
11082,110.844,,110.84400000000409,False,8.571417268081126,-0.20162376046004304,-0.2708018890660853,-0.03682688092605867,nan,nan,nan,nan
11083,110.853,,110.85300000000409,False,8.575738287241975,-0.20218195403121453,-0.26697080858254985,-0.03584949129357225,nan,nan,nan,nan
11084,110.862,,110.86200000000409,False,8.579406958184993,-0.20212234926662973,-0.2598809610996548,-0.03494276952384198,nan,nan,nan,nan
11085,110.874,,110.87400000000409,False,8.58511290099712,-0.20252083097851098,-0.25354014625238275,-0.033676885093433404,nan,nan,nan,nan
11086,110.883,,110.88300000000409,False,8.5888946137623,-0.20228243491231263,-0.24623536994822634,-0.03278158845862232,nan,nan,nan,nan
11087,110.892,,110.89200000000409,False,8.593484851689173,-0.20261774562618715,-0.24219003137788156,-0.03183112011604649,nan,nan,nan,nan
11088,110.904,,110.90400000000409,False,8.598813205259564,-0.20221903210340492,-0.23285346913167038,-0.03064341589305532,nan,nan,nan,nan
11089,110.913,,110.91300000000409,False,8.603690212174772,-0.20257994065671006,-0.2293195217796054,-0.029700948993316417,nan,nan,nan,nan
11090,110.922,,110.92200000000409,False,8.60787285338859,-0.20224029718046443,-0.22255689245348945,-0.02881899403122486,nan,nan,nan,nan
11091,110.934,,110.93400000000409,False,8.614251115270395,-0.202384461646896,-0.21649125068513267,-0.027608185439570943,nan,nan,nan,nan
11092,110.943,,110.94300000000409,False,8.618483927725784,-0.20190326659099178,-0.20937323301436883,-0.02674744069320362,nan,nan,nan,nan
11093,110.952,,110.95200000000409,False,8.623511001521114,-0.20211341265446284,-0.20536856691756816,-0.025850908911433084,nan,nan,nan,nan
11094,110.964,,110.96400000000409,False,8.629338913667102,-0.20146445835646995,-0.19608987001223613,-0.02472291433722873,nan,nan,nan,nan
11095,110.973,,110.97300000000409,False,8.634561385687212,-0.20176426595346428,-0.19245485557046318,-0.02384572745291135,nan,nan,nan,nan
11096,110.982,,110.98200000000409,False,8.639029061719055,-0.20128711938096058,-0.1856431651088857,-0.023017678612869054,nan,nan,nan,nan
11097,110.994,,110.99400000000409,False,8.645733558474047,-0.20136217711134366,-0.17940724343237507,-0.02189761774692052,nan,nan,nan,nan
11098,111.003,,111.00300000000409,False,8.650147693233311,-0.200770631979003,-0.17223381839892815,-0.02109690239365466,nan,nan,nan,nan
11099,111.012,,111.0120000000041,False,8.65532300265969,-0.20097579383048647,-0.1680995310857426,-0.02027753831474627,nan,nan,nan,nan
11100,111.024,,111.0240000000041,False,8.661266222262226,-0.20022008222873744,-0.15880524475757496,-0.01923885352973327,nan,nan,nan,nan
11101,111.033,,111.0330000000041,False,8.666533301139301,-0.20054936199085646,-0.15509953731544487,-0.018446547273474174,nan,nan,nan,nan
11102,111.042,,111.0420000000041,False,8.670993745365976,-0.20001425853784185,-0.14835609516996853,-0.017691374485051852,nan,nan,nan,nan
11103,111.054,,111.0540000000041,False,8.677628911848828,-0.20010635437326416,-0.14218889116180686,-0.016684280122089494,nan,nan,nan,nan
11104,111.063,,111.0630000000041,False,8.681938898462557,-0.19945844982643013,-0.13519897326995164,-0.015959307500789995,nan,nan,nan,nan
11105,111.072,,111.0720000000041,False,8.68697367662666,-0.19970223407910612,-0.1311888870036927,-0.015230513000787082,nan,nan,nan,nan
11106,111.084,,111.0840000000041,False,8.692666160844524,-0.19888915691730394,-0.1222464247786656,-0.014298055962250457,nan,nan,nan,nan
11107,111.093,,111.0930000000041,False,8.69770264041958,-0.19927692064454383,-0.11872905883241675,-0.013600766671118638,nan,nan,nan,nan
11108,111.102,,111.1020000000041,False,8.701896512832219,-0.19871043679095982,-0.11230730127916197,-0.012928337795373545,nan,nan,nan,nan
11109,111.114,,111.1140000000041,False,8.70812068396615,-0.19884882924613098,-0.10649913739508401,-0.012044602125326416,nan,nan,nan,nan
11110,111.123,,111.1230000000041,False,8.7120864042791,-0.19816513746055994,-0.09988353646645275,-0.01140267227575061,nan,nan,nan,nan
11111,111.132,,111.1320000000041,False,8.7167413964386,-0.19846472003448132,-0.09614589309239661,-0.010769682644536632,nan,nan,nan,nan
11112,111.144,,111.1440000000041,False,8.72188629246851,-0.19761658563837228,-0.08771362629617432,-0.00995018040181326,nan,nan,nan,nan
11113,111.153,,111.1530000000041,False,8.726471752601354,-0.19807601369841474,-0.0844571803715603,-0.009350748527322445,nan,nan,nan,nan
11114,111.162,,111.1620000000041,False,8.730194872246125,-0.19749109949213756,-0.07841104279976298,-0.008764108951413338,nan,nan,nan,nan
11115,111.174,,111.1740000000041,False,8.735741932407533,-0.19768854694824992,-0.0729885381901726,-0.008005528784728001,nan,nan,nan,nan
11116,111.183,,111.1830000000041,False,8.739179609440392,-0.19697725108473768,-0.06675195096838726,-0.0074479802053846736,nan,nan,nan,nan
11117,111.192,,111.1920000000041,False,8.743272774683042,-0.1973368412528366,-0.06326821100600456,-0.006910326071705689,nan,nan,nan,nan
11118,111.204,,111.2040000000041,False,8.747648299267073,-0.19645705150423298,-0.055315733141432656,-0.006203489869390381,nan,nan,nan,nan
11119,111.213,,111.2130000000041,False,8.751619106283682,-0.19698589791686164,-0.05228064047337671,-0.005699748734495546,nan,nan,nan,nan
11120,111.222,,111.2220000000041,False,8.754722657220958,-0.1963790910576315,-0.04657521195198462,-0.005197284596026455,nan,nan,nan,nan
11121,111.234,,111.2340000000041,False,8.75940033249171,-0.1966254332453609,-0.041482128300944665,-0.004559757711765362,nan,nan,nan,nan
11122,111.243,,111.2430000000041,False,8.762179995348191,-0.19587721027080982,-0.03558890876695326,-0.004083829079085352,nan,nan,nan,nan
11123,111.252,,111.2520000000041,False,8.765583174897248,-0.19628368892302367,-0.0323168358325333,-0.003637079582113868,nan,nan,nan,nan
11124,111.264,,111.2640000000041,False,8.769037126614688,-0.19535352272659678,-0.02479964920179847,-0.003037729907197465,nan,nan,nan,nan
11125,111.273,,111.2730000000041,False,8.77228170613725,-0.19593409636465586,-0.021946150915920122,-0.0026239839378321733,nan,nan,nan,nan
11126,111.282,,111.2820000000041,False,8.77466708305095,-0.19528788538340272,-0.01655043349485816,-0.0022007929445530586,nan,nan,nan,nan
11127,111.294,,111.2940000000041,False,8.778349503487966,-0.19555664354577426,-0.011739749422244816,-0.0016760255736297173,nan,nan,nan,nan
11128,111.303,,111.3030000000041,False,8.780389087891063,-0.19475199277184105,-0.00616065229373399,-0.001276045205187754,nan,nan,nan,nan
11129,111.312,,111.3120000000041,False,8.78302186858039,-0.19518379006802106,-0.0030636656130315527,-0.0009129465940456232,nan,nan,nan,nan
11130,111.324,,111.3240000000041,False,8.785463157851211,-0.19417609183163193,0.004059361149735117,-0.0004124417064373568,nan,nan,nan,nan
11131,111.333,,111.3330000000041,False,8.787915474288605,-0.19478622037646048,0.006770677008858436,-8.049683842231867e-05,nan,nan,nan,nan
11132,111.342,,111.3420000000041,False,8.789527674350516,-0.19408024110056488,0.01189017744368983,0.00027062365815609923,nan,nan,nan,nan
11133,111.354,,111.3540000000041,False,8.792146434027131,-0.19434313261761713,0.016471004987089862,0.0006938399475909337,nan,nan,nan,nan
11134,111.363,,111.3630000000041,False,8.793405048746637,-0.19346264439589067,0.02177100986927587,0.0010255284265061418,nan,nan,nan,nan
11195,111.972,,111.97200000000413,False,8.678889941342383,-0.15529243503094176,0.24307767558007637,0.008648921718849446,nan,nan,nan,nan
11196,111.984,,111.98400000000413,False,8.673898576687751,-0.1526875005238823,0.2465526210665083,0.008675234745379927,nan,nan,nan,nan
11197,111.993,,111.99300000000413,False,8.670544390686905,-0.1528915616348626,0.24852486968559984,0.008663265108598191,nan,nan,nan,nan
11198,112.002,,112.00200000000413,False,8.666820700322065,-0.15101255406391473,0.2510051338426815,0.008676029136650162,nan,nan,nan,nan
11199,112.014,,112.01400000000413,False,8.662178693629096,-0.15037789700331403,0.25380702360984264,0.008667197444977473,nan,nan,nan,nan
11200,112.023,,112.02300000000413,False,8.658415755645244,-0.14822415319957485,0.25623993050344535,0.00867673483860925,nan,nan,nan,nan
11201,112.032,,112.03200000000413,False,8.6550067933186,-0.14809406814749154,0.2582126349391044,0.008662680354135073,nan,nan,nan,nan
11202,112.044,,112.04400000000413,False,8.65002869053304,-0.14532545894322776,0.26128721502759766,0.00866588195220508,nan,nan,nan,nan
11203,112.053,,112.05300000000413,False,8.646677654703563,-0.1454488347917658,0.2631633060314396,0.008645790377338427,nan,nan,nan,nan
11204,112.062,,112.06200000000413,False,8.642990777100247,-0.14344938032278534,0.26535130786091476,0.008641331439812385,nan,nan,nan,nan
11205,112.074,,112.07400000000413,False,8.638399781000427,-0.14268810756085654,0.2679398388036894,0.008617789401685292,nan,nan,nan,nan
11206,112.083,,112.08300000000413,False,8.634705050913665,-0.14040990175383253,0.2700556657284707,0.008608595990052257,nan,nan,nan,nan
11207,112.092,,112.09200000000413,False,8.631358765603835,-0.14018976499235317,0.2719010863696623,0.008585071487229402,nan,nan,nan,nan
11208,112.104,,112.10400000000413,False,8.626505385490054,-0.13725861772888853,0.27456406275896056,0.008563373430671177,nan,nan,nan,nan
11209,112.113,,112.11300000000413,False,8.62324393985895,-0.1372945630445772,0.27633673791335867,0.008535023180838344,nan,nan,nan,nan
11210,112.122,,112.12200000000414,False,8.619675203450937,-0.13517548832651463,0.27822429696182005,0.008511990798872472,nan,nan,nan,nan
11211,112.134,,112.13400000000414,False,8.615245746840992,-0.13428202374678203,0.28058930217236305,0.00847293258781023,nan,nan,nan,nan
11212,112.143,,112.14300000000414,False,8.61169747488391,-0.1318814596260797,0.28238000297224763,0.008443477976079966,nan,nan,nan,nan
11213,112.152,,112.15200000000414,False,8.60849497025125,-0.1315665620771189,0.28409020103897337,0.008409999281078804,nan,nan,nan,nan
11214,112.164,,112.16400000000414,False,8.603867737674006,-0.1284765871894019,0.2863306301290295,0.008361403234304872,nan,nan,nan,nan
11215,112.173,,112.17300000000414,False,8.600775681427056,-0.1284235476386379,0.28798939913902394,0.008324367668912164,nan,nan,nan,nan
11216,112.182,,112.18200000000414,False,8.597399416864077,-0.1261915146260588,0.28956608149403645,0.00828128870136202,nan,nan,nan,nan
11217,112.194,,112.19400000000414,False,8.593234688144747,-0.12517662907822996,0.2916877292877665,0.008225596467764325,nan,nan,nan,nan
11218,112.203,,112.20300000000414,False,8.58990561695279,-0.12266992152953968,0.2931379622383567,0.00817425001892811,nan,nan,nan,nan
11135,111.372,,111.3720000000041,False,8.795228013698422,-0.19389912172930163,0.024735043306770357,0.0013141435972477708,nan,nan,nan,nan
11136,111.384,,111.38400000000411,False,8.796617682344921,-0.1927893526703037,0.03151229426314961,0.0017267245677573494,nan,nan,nan,nan
11137,111.393,,111.39300000000411,False,8.798250534616782,-0.19340937921423715,0.034124423356627756,0.0019866865075009155,nan,nan,nan,nan
11138,111.402,,111.40200000000411,False,8.799071515852336,-0.19262639517875113,0.03900352716296769,0.0022743774880859126,nan,nan,nan,nan
11139,111.414,,111.41400000000411,False,8.800606882851083,-0.19285967915099161,0.04340649659563969,0.002609027137587251,nan,nan,nan,nan
11140,111.423,,111.42300000000411,False,8.80107831113062,-0.1918877685156034,0.048459683845330455,0.0028812193165582397,nan,nan,nan,nan
11141,111.432,,111.43200000000411,False,8.802086604902756,-0.19231209258261173,0.05132740155092053,0.0031055894420718624,nan,nan,nan,nan
11142,111.444,,111.44400000000411,False,8.80242936670754,-0.1910811860798089,0.05779691550812942,0.003442331520389944,nan,nan,nan,nan
11143,111.453,,111.45300000000411,False,8.803248126304032,-0.19169542119957647,0.06034233861959282,0.0036409177017511034,nan,nan,nan,nan
11144,111.462,,111.46200000000411,False,8.803290641025702,-0.1908224069311663,0.06500498978380073,0.0038744303025495187,nan,nan,nan,nan
11145,111.474,,111.47400000000411,False,8.803763429687502,-0.19100778010067637,0.0692638096402762,0.004134173240330348,nan,nan,nan,nan
11146,111.483,,111.48300000000411,False,8.803470138299415,-0.18993312789010958,0.0740878390995588,0.00435598898198456,nan,nan,nan,nan
11147,111.492,,111.49200000000411,False,8.803687544052613,-0.19033248447186168,0.07688033283645898,0.004526611292594411,nan,nan,nan,nan
11148,111.504,,111.50400000000411,False,8.803024003773208,-0.18896699701927444,0.08305937725808572,0.0047997025944531094,nan,nan,nan,nan
11149,111.513,,111.51300000000411,False,8.80306085924748,-0.1895636541594681,0.0855547070770731,0.004947520737204579,nan,nan,nan,nan
11150,111.522,,111.52200000000411,False,8.802362785881758,-0.18859169531755257,0.0900095811537269,0.005135948489077465,nan,nan,nan,nan
11151,111.534,,111.53400000000411,False,8.801826890255917,-0.18871597316149497,0.09413809616403257,0.00533411570412904,nan,nan,nan,nan
11152,111.543,,111.54300000000411,False,8.800814527595321,-0.1875312243707632,0.09873669372947334,0.0055142736380586,nan,nan,nan,nan
11153,111.552,,111.55200000000411,False,8.800288032961529,-0.18789636644204016,0.10146159275959288,0.005641191863037086,nan,nan,nan,nan
11154,111.564,,111.56400000000411,False,8.798687554481683,-0.18638778102469095,0.10735104253271732,0.00586201900831271,nan,nan,nan,nan
11155,111.573,,111.57300000000411,False,8.797996243933348,-0.18695827073681115,0.1098012420375858,0.0059690181679506685,nan,nan,nan,nan
11156,111.582,,111.58200000000411,False,8.796615407904625,-0.18588180382639424,0.11404643138674117,0.0061206721026784055,nan,nan,nan,nan
11157,111.594,,111.59400000000412,False,8.795150991804467,-0.1859356936129093,0.11804531038154216,0.006269465510239836,nan,nan,nan,nan
11158,111.603,,111.60300000000412,False,8.793483383277728,-0.18463646543905635,0.12241335921706097,0.006415722475376943,nan,nan,nan,nan
11159,111.612,,111.61200000000412,False,8.792278242706912,-0.18496058276351057,0.12506986590203772,0.006507984934921426,nan,nan,nan,nan
11160,111.624,,111.62400000000412,False,8.789832490222672,-0.18330375557886439,0.13066064031584165,0.006686466965629546,nan,nan,nan,nan
11161,111.633,,111.63300000000412,False,8.7884835355608,-0.18384140025408877,0.1330635903532413,0.006761460706852496,nan,nan,nan,nan
11162,111.642,,111.64200000000412,False,8.786493039914033,-0.18265694441686064,0.13709090590945427,0.006883431867933469,nan,nan,nan,nan
11163,111.654,,111.65400000000412,False,8.78420040227297,-0.18263327825475045,0.14095296984668762,0.00699337611315446,nan,nan,nan,nan
11164,111.663,,111.66300000000412,False,8.781955059097674,-0.181216875959862,0.14508022873005005,0.007112158571638772,nan,nan,nan,nan
11165,111.672,,111.67200000000412,False,8.780150360821121,-0.18149427750065347,0.14766260655090332,0.007177467321713194,nan,nan,nan,nan
11166,111.684,,111.68400000000412,False,8.77696752499496,-0.17968579353566033,0.1529400505371326,0.007321646628374826,nan,nan,nan,nan
11167,111.693,,111.69300000000412,False,8.775043965849665,-0.18018459007201432,0.15528963870676854,0.007372026751331479,nan,nan,nan,nan
11168,111.702,,111.70200000000412,False,8.772528030406766,-0.17888961555799207,0.15908759504635206,0.007469940192934555,nan,nan,nan,nan
11169,111.714,,111.71400000000412,False,8.769522135780496,-0.1787818914726769,0.16280161212081268,0.007549586407231156,nan,nan,nan,nan
11170,111.723,,111.72300000000412,False,8.766786268830172,-0.17724633170198564,0.1666754853887764,0.0076458104312515495,nan,nan,nan,nan
11171,111.732,,111.73200000000412,False,8.764470990847741,-0.17747149108628477,0.1691757114482535,0.0076903554050653435,nan,nan,nan,nan
11172,111.744,,111.74400000000412,False,8.760670678516934,-0.1755085641931488,0.17412305161871622,0.007806233878882272,nan,nan,nan,nan
11173,111.753,,111.75300000000412,False,8.758264285491139,-0.1759623912537308,0.17641161651642853,0.007837863072142631,nan,nan,nan,nan
11174,111.762,,111.76200000000412,False,8.755314574451976,-0.1745546470011466,0.17996782065330846,0.007915809334254701,nan,nan,nan,nan
11175,111.774,,111.77400000000412,False,8.751720216835281,-0.1743561967517528,0.18352147211141284,0.007971668247818323,nan,nan,nan,nan
11176,111.783,,111.78300000000412,False,8.74858723068918,-0.1726996989614107,0.18712913075566556,0.008048728053519538,nan,nan,nan,nan
11177,111.792,,111.79200000000412,False,8.745856758103479,-0.1728667654460437,0.18953882163967142,0.00807718337079361,nan,nan,nan,nan
11178,111.804,,111.80400000000412,False,8.741565507090801,-0.17074673932070464,0.1941395734757606,0.008168768930543375,nan,nan,nan,nan
11179,111.813,,111.81300000000412,False,8.738773442164836,-0.17114900331436322,0.19635946059285966,0.008186022774721633,nan,nan,nan,nan
11180,111.822,,111.82200000000412,False,8.735485846593118,-0.16962626410621673,0.1996620680917879,0.008246634480731565,nan,nan,nan,nan
11181,111.834,,111.83400000000412,False,8.731433397988768,-0.16932995899344427,0.203043571673321,0.00828329144453321,nan,nan,nan,nan
11182,111.843,,111.84300000000412,False,8.727999826372345,-0.16755081765036975,0.20637303883863353,0.008343178058645276,nan,nan,nan,nan
11183,111.852,,111.85200000000413,False,8.724952889767792,-0.16765349411249278,0.20868430683295272,0.008358819736702149,nan,nan,nan,nan
11184,111.864,,111.86400000000413,False,8.720300251624542,-0.1653738005161441,0.21292327749636833,0.008428326137602199,nan,nan,nan,nan
11185,111.873,,111.87300000000413,False,8.717222131273719,-0.1657174098505776,0.21506734709351336,0.008434239723575295,nan,nan,nan,nan
11186,111.882,,111.88200000000413,False,8.71369395971413,-0.1640775297164712,0.21810552234537264,0.008478867644146706,nan,nan,nan,nan
11187,111.894,,111.89400000000413,False,8.709315639969047,-0.16367587236765788,0.22130399332061199,0.0084992175019431,nan,nan,nan,nan
11188,111.903,,111.90300000000413,False,8.705678472799573,-0.16177259436349375,0.22434436521545642,0.008542720837387439,nan,nan,nan,nan
11189,111.912,,111.91200000000413,False,8.70241445788752,-0.1618042686765675,0.22654986695571658,0.008547619173057715,nan,nan,nan,nan
11190,111.924,,111.92400000000413,False,8.697529579414232,-0.1593626888576731,0.23041321195160533,0.00859575769517032,nan,nan,nan,nan
11191,111.933,,111.93300000000413,False,8.694264889309956,-0.15964024120156076,0.2324747134598739,0.008592231625012737,nan,nan,nan,nan
11192,111.942,,111.94200000000413,False,8.690592413816029,-0.1578813951753861,0.23523854351702156,0.008621176117436166,nan,nan,nan,nan
11193,111.954,,111.95400000000413,False,8.686019013264378,-0.1573668397109076,0.23824373093422777,0.00862672107702983,nan,nan,nan,nan
11194,111.963,,111.96300000000413,False,8.682273363155037,-0.15533842613384533,0.24098501644228232,0.008653674468105759,nan,nan,nan,nan
11195,111.972,,111.97200000000413,False,8.678889941342383,-0.15529243503094176,0.24307767558007637,0.008648921718849446,nan,nan,nan,nan
11196,111.984,,111.98400000000413,False,8.673898576687751,-0.1526875005238823,0.2465526210665083,0.008675234745379927,nan,nan,nan,nan
11197,111.993,,111.99300000000413,False,8.670544390686905,-0.1528915616348626,0.24852486968559984,0.008663265108598191,nan,nan,nan,nan
11198,112.002,,112.00200000000413,False,8.666820700322065,-0.15101255406391473,0.2510051338426815,0.008676029136650162,nan,nan,nan,nan
11199,112.014,,112.01400000000413,False,8.662178693629096,-0.15037789700331403,0.25380702360984264,0.008667197444977473,nan,nan,nan,nan
11200,112.023,,112.02300000000413,False,8.658415755645244,-0.14822415319957485,0.25623993050344535,0.00867673483860925,nan,nan,nan,nan
11201,112.032,,112.03200000000413,False,8.6550067933186,-0.14809406814749154,0.2582126349391044,0.008662680354135073,nan,nan,nan,nan
11202,112.044,,112.04400000000413,False,8.65002869053304,-0.14532545894322776,0.26128721502759766,0.00866588195220508,nan,nan,nan,nan
11203,112.053,,112.05300000000413,False,8.646677654703563,-0.1454488347917658,0.2631633060314396,0.008645790377338427,nan,nan,nan,nan
11204,112.062,,112.06200000000413,False,8.642990777100247,-0.14344938032278534,0.26535130786091476,0.008641331439812385,nan,nan,nan,nan
11205,112.074,,112.07400000000413,False,8.638399781000427,-0.14268810756085654,0.2679398388036894,0.008617789401685292,nan,nan,nan,nan
11206,112.083,,112.08300000000413,False,8.634705050913665,-0.14040990175383253,0.2700556657284707,0.008608595990052257,nan,nan,nan,nan
11207,112.092,,112.09200000000413,False,8.631358765603835,-0.14018976499235317,0.2719010863696623,0.008585071487229402,nan,nan,nan,nan
11208,112.104,,112.10400000000413,False,8.626505385490054,-0.13725861772888853,0.27456406275896056,0.008563373430671177,nan,nan,nan,nan
11209,112.113,,112.11300000000413,False,8.62324393985895,-0.1372945630445772,0.27633673791335867,0.008535023180838344,nan,nan,nan,nan
11210,112.122,,112.12200000000414,False,8.619675203450937,-0.13517548832651463,0.27822429696182005,0.008511990798872472,nan,nan,nan,nan
11211,112.134,,112.13400000000414,False,8.615245746840992,-0.13428202374678203,0.28058930217236305,0.00847293258781023,nan,nan,nan,nan
11212,112.143,,112.14300000000414,False,8.61169747488391,-0.1318814596260797,0.28238000297224763,0.008443477976079966,nan,nan,nan,nan
11213,112.152,,112.15200000000414,False,8.60849497025125,-0.1315665620771189,0.28409020103897337,0.008409999281078804,nan,nan,nan,nan
11214,112.164,,112.16400000000414,False,8.603867737674006,-0.1284765871894019,0.2863306301290295,0.008361403234304872,nan,nan,nan,nan
11215,112.173,,112.17300000000414,False,8.600775681427056,-0.1284235476386379,0.28798939913902394,0.008324367668912164,nan,nan,nan,nan
11216,112.182,,112.18200000000414,False,8.597399416864077,-0.1261915146260588,0.28956608149403645,0.00828128870136202,nan,nan,nan,nan
11217,112.194,,112.19400000000414,False,8.593234688144747,-0.12517662907822996,0.2916877292877665,0.008225596467764325,nan,nan,nan,nan
11218,112.203,,112.20300000000414,False,8.58990561695279,-0.12266992152953968,0.2931379622383567,0.00817425001892811,nan,nan,nan,nan
11219,112.212,,112.21200000000414,False,8.586924697072416,-0.12227869470956691,0.2946905802413175,0.008130032725750792,nan,nan,nan,nan
11220,112.224,,112.22400000000414,False,8.58262052040142,-0.11906655788083738,0.2964786895235476,0.00805233777568232,nan,nan,nan,nan
11221,112.233,,112.23300000000414,False,8.579775543062606,-0.11895313714517622,0.2979938813172034,0.008005789476754266,nan,nan,nan,nan
11222,112.242,,112.24200000000414,False,8.57666360146283,-0.11664488531397665,0.2992315463132923,0.007940964350717046,nan,nan,nan,nan
11223,112.254,,112.25400000000414,False,8.57286268189507,-0.11555644804798386,0.301066816620013,0.007866991332225766,nan,nan,nan,nan
11224,112.263,,112.26300000000414,False,8.569821956464727,-0.11298609964272952,0.30214595282007456,0.007791876665273779,nan,nan,nan,nan
11225,112.272,,112.27200000000414,False,8.567134879725993,-0.11255447818947983,0.3035073623673563,0.0077356893439724,nan,nan,nan,nan
11226,112.284,,112.28400000000414,False,8.563242315384088,-0.10927548128943795,0.304803146027878,0.00762638600893085,nan,nan,nan,nan
11227,112.293,,112.29300000000414,False,8.560713722940719,-0.10913364841364825,0.3061425041487593,0.0075690906868911565,nan,nan,nan,nan
11228,112.302,,112.30200000000414,False,8.557929152684185,-0.10678606602128364,0.3070140150534563,0.007480678386753323,nan,nan,nan,nan
11229,112.314,,112.31400000000414,False,8.554577721372894,-0.10566206409480516,0.30852629010858074,0.007386509074584383,nan,nan,nan,nan
11230,112.323,,112.32300000000414,False,8.551883890046762,-0.10305859063353912,0.3092127308319252,0.007285814845400847,nan,nan,nan,nan
11231,112.332,,112.33200000000414,False,8.549551715961673,-0.10260613251883513,0.3103597316516638,0.007216377323938896,nan,nan,nan,nan
11232,112.344,,112.34400000000414,False,8.546143964015224,-0.09928971256470874,0.3111417853045647,0.007073306909649258,nan,nan,nan,nan
11233,112.353,,112.35300000000414,False,8.543989057478099,-0.09912912099479365,0.3122874290182925,0.007004183696048438,nan,nan,nan,nan
11234,112.362,,112.36200000000414,False,8.541582800925056,-0.09675585818542953,0.31278236769199125,0.006890812318494751,nan,nan,nan,nan
11235,112.374,,112.37400000000414,False,8.538749839296045,-0.09560214644932805,0.31395696131683976,0.006775105895726851,nan,nan,nan,nan
11236,112.383,,112.38300000000415,False,8.53644886564695,-0.0929725636779393,0.314246663890582,0.006647729822431161,nan,nan,nan,nan
11237,112.392,,112.39200000000415,False,8.534519670879115,-0.09249591624565501,0.3151719163577946,0.006564337289147528,nan,nan,nan,nan
11238,112.404,,112.40400000000415,False,8.531652653237508,-0.08914369604546209,0.3154404389643036,0.006386489103930361,nan,nan,nan,nan
11239,112.413,,112.41300000000415,False,8.529915326640465,-0.08895493089057831,0.3163880835177324,0.006305155904470019,nan,nan,nan,nan
11240,112.422,,112.42200000000415,False,8.527925095102944,-0.08655303841044465,0.31650972978556824,0.0061664242501788345,nan,nan,nan,nan
11241,112.434,,112.43400000000415,False,8.525661443763466,-0.08535647389811732,0.31734693863462143,0.0060289937366011185,nan,nan,nan,nan
11242,112.443,,112.44300000000415,False,8.523785859194492,-0.08269636095598575,0.31724659374973835,0.005874912291676633,nan,nan,nan,nan
11243,112.452,,112.45200000000415,False,8.522293847386992,-0.08218252866152234,0.3179508557861929,0.005777742513762447,nan,nan,nan,nan
11244,112.464,,112.46400000000415,False,8.520005314835329,-0.07878663012108941,0.31771657223051525,0.005565578773050965,nan,nan,nan,nan
11245,112.473,,112.47300000000415,False,8.51871532324719,-0.0785548153456559,0.31846710972403536,0.005472529338352912,nan,nan,nan,nan
11246,112.482,,112.48200000000415,False,8.517165066038974,-0.07611763821429808,0.31822427436631706,0.005309137481407644,nan,nan,nan,nan
11247,112.494,,112.49400000000415,False,8.515502679173805,-0.07486179781172281,0.3187292352034553,0.0051510516181642865,nan,nan,nan,nan
11248,112.503,,112.50300000000415,False,8.514071190241111,-0.07216565486467613,0.3182494071772973,0.00497135264359339,nan,nan,nan,nan
11249,112.512,,112.51200000000415,False,8.513036217385535,-0.07160112968728335,0.3187354227320337,0.004861461791209654,nan,nan,nan,nan
11250,112.524,,112.52400000000415,False,8.51134534230863,-0.06815430286918334,0.31801260705674994,0.004616869385687745,nan,nan,nan,nan
11251,112.533,,112.53300000000415,False,8.510517910133165,-0.06786539290777148,0.31856774660989173,0.0045134056796166605,nan,nan,nan,nan
11252,112.542,,112.54200000000415,False,8.509417587944522,-0.06538775034428529,0.31797107137636277,0.004327068054009041,nan,nan,nan,nan
11253,112.554,,112.55400000000415,False,8.508369176829763,-0.06405852505825846,0.3181497648158367,0.004150506187673446,nan,nan,nan,nan
11254,112.563,,112.56300000000415,False,8.507386536119537,-0.06132309452158244,0.31730244129400087,0.003947262773764866,nan,nan,nan,nan
11255,112.572,,112.57200000000415,False,8.506813903381543,-0.06069668862055419,0.31757291444471075,0.003826445587724914,nan,nan,nan,nan
11256,112.584,,112.58400000000415,False,8.505721198865242,-0.05719537899901131,0.3163771101874335,0.0035525316355439008,nan,nan,nan,nan
11257,112.593,,112.59300000000415,False,8.50535688347086,-0.05683818762705019,0.316737965746473,0.0034405993088837926,nan,nan,nan,nan
11258,112.602,,112.60200000000415,False,8.50470247664283,-0.054318131856295124,0.31579862393183084,0.003233870157765418,nan,nan,nan,nan
11259,112.614,,112.61400000000415,False,8.504261478247543,-0.052905892985303536,0.31565635436793815,0.0030418789038769213,nan,nan,nan,nan
11260,112.623,,112.62300000000415,False,8.50371858299495,-0.050131592651654,0.3144538543308389,0.002817956766816404,nan,nan,nan,nan
11261,112.632,,112.63200000000415,False,8.503599073618192,-0.04943581468633841,0.3145104732035004,0.002688551066151526,nan,nan,nan,nan
11262,112.644,,112.64400000000416,False,8.50308661578867,-0.04588172781650791,0.3128572087633885,0.002389370044768341,nan,nan,nan,nan
11263,112.653,,112.65300000000416,False,8.503171416559248,-0.0454489955606496,0.3130234735265725,0.0022713541181683737,nan,nan,nan,nan
11264,112.662,,112.66200000000416,False,8.50294516041873,-0.04288864812030553,0.311752352146249,0.0020474154772401874,nan,nan,nan,nan
11265,112.674,,112.67400000000416,False,8.503086027337398,-0.04138911053689494,0.31129285294689946,0.0018436290657794917,nan,nan,nan,nan
11266,112.683,,112.68300000000416,False,8.502960244728353,-0.03858038251215606,0.3097472124226907,0.0016024709632948722,nan,nan,nan,nan
11267,112.692,,112.69200000000416,False,8.503270406107152,-0.037811608419462725,0.309590218497365,0.0014671500558752716,nan,nan,nan,nan
11268,112.704,,112.70400000000416,False,8.503302362214908,-0.03421149730530532,0.307494520702468,0.0011474199247615377,nan,nan,nan,nan
11269,112.713,,112.71300000000416,False,8.503808080784406,-0.033699511065281,0.3074643293410388,0.0010259447499553031,nan,nan,nan,nan
11270,112.722,,112.72200000000416,False,8.503978934426343,-0.03110440110220125,0.3058719300620573,0.0007884007033528207,nan,nan,nan,nan
11271,112.734,,112.73400000000416,False,8.504657756316416,-0.029517457649732095,0.3050974893908655,0.0005767835332761909,nan,nan,nan,nan
11272,112.743,,112.74300000000416,False,8.504913483963676,-0.026681634718039166,0.30322060992855926,0.00032221329326476974,nan,nan,nan,nan
11273,112.752,,112.75200000000416,False,8.505616165600504,-0.025838858749536096,0.3028491285257782,0.00018380777287022336,nan,nan,nan,nan
11274,112.764,,112.76400000000416,False,8.506139643133489,-0.022202594952298958,0.30032597474841066,-0.00015133360446502604,nan,nan,nan,nan
11275,112.773,,112.77300000000416,False,8.5070245069962,-0.021609667493288753,0.3000964151681531,-0.0002735646813628659,nan,nan,nan,nan
11276,112.782,,112.78200000000416,False,8.507548867728106,-0.018987096151682866,0.2981933182942695,-0.0005208558376517307,nan,nan,nan,nan
11277,112.794,,112.79400000000416,False,8.508704341012635,-0.01731460261072227,0.29710553315555005,-0.0007362081968643685,nan,nan,nan,nan
11278,112.803,,112.80300000000416,False,8.509293814643407,-0.01446019266538904,0.2949096874454649,-0.0010001397933470078,nan,nan,nan,nan
11279,112.812,,112.81200000000416,False,8.510338973762265,-0.013543349997580329,0.2943223301178437,-0.0011387729064813868,nan,nan,nan,nan
11280,112.824,,112.82400000000416,False,8.511285204649019,-0.009881676814932398,0.2913873118068273,-0.0014839535267870629,nan,nan,nan,nan
11281,112.833,,112.83300000000416,False,8.512494762792214,-0.009206536268418088,0.29095500343873504,-0.001604270603033003,nan,nan,nan,nan
11282,112.842,,112.84200000000416,False,8.513317433265707,-0.006563985090303641,0.28875231521621564,-0.0018573215277467952,nan,nan,nan,nan
11283,112.854,,112.85400000000416,False,8.514872186942894,-0.004807751101687646,0.2873527219891245,-0.0020723221403149274,nan,nan,nan,nan
11284,112.863,,112.86300000000416,False,8.515736539099642,-0.0019429845554109506,0.2848508980400506,-0.0023414520640447647,nan,nan,nan,nan
11285,112.872,,112.87200000000416,False,8.517062315498011,-0.0009515900848091332,0.2840461596350962,-0.0024775183463600072,nan,nan,nan,nan
11286,112.884,,112.88400000000416,False,8.518348174261918,0.0027256063185942935,0.280715814785989,-0.0028272696947388674,nan,nan,nan,nan
11287,112.893,,112.89300000000416,False,8.519816463132305,0.003485010556781133,0.2800772074442585,-0.002943110784092932,nan,nan,nan,nan
11288,112.902,,112.90200000000416,False,8.520871867387461,0.0061410145915811966,0.27758671096833426,-0.0031978979328651292,nan,nan,nan,nan
11289,112.914,,112.91400000000417,False,8.52273413716481,0.007980612674757265,0.2758770015811973,-0.0034085649872081037,nan,nan,nan,nan
11290,112.923,,112.92300000000417,False,8.523804698844167,0.01084874508812298,0.27308293293737157,-0.0036787050747818725,nan,nan,nan,nan
11291,112.932,,112.93200000000417,False,8.52533875052759,0.011916478629528679,0.27205927023361215,-0.003809532862161533,nan,nan,nan,nan
11292,112.944,,112.94400000000417,False,8.526868592523382,0.015601238183394355,0.2683510026807696,-0.0041583956170878475,nan,nan,nan,nan
11293,112.953,,112.95300000000417,False,8.528519561247563,0.016448453062970977,0.26750236461147275,-0.004267356167461609,nan,nan,nan,nan
11294,112.962,,112.96200000000417,False,8.529733196933758,0.019112983939375383,0.2647363750223877,-0.004519892076542737,nan,nan,nan,nan
11295,112.974,,112.97400000000417,False,8.531798829874598,0.02103776220859848,0.26271822458175986,-0.004722417989286966,nan,nan,nan,nan
11296,112.983,,112.98300000000417,False,8.532998660246673,0.02390399519595878,0.25964614826084326,-0.004989425078904741,nan,nan,nan,nan
11297,112.992,,112.99200000000417,False,8.534659745369215,0.025051587041681443,0.2584017857326528,-0.005112507755112167,nan,nan,nan,nan
11298,113.004,,113.00400000000417,False,8.536327543969708,0.028738336220563317,0.2543334519172086,-0.005455118117610491,nan,nan,nan,nan
11299,113.013,,113.01300000000417,False,8.538076722598332,0.029678697134392598,0.2532706082070238,-0.005554985158802599,nan,nan,nan,nan
11300,113.022,,113.02200000000417,False,8.539366831927643,0.03234864693790086,0.2502416039473141,-0.0058013781649409405,nan,nan,nan,nan
11301,113.034,,113.03400000000417,False,8.541521599242898,0.034362838984685236,0.24791620480402657,-0.005992181657754652,nan,nan,nan,nan
11302,113.043,,113.04300000000417,False,8.542767225817977,0.03722372335624367,0.2445804267680791,-0.0062520169912183895,nan,nan,nan,nan
11303,113.052,,113.05200000000417,False,8.544467013099212,0.03845649477297587,0.24311296735524854,-0.0063650436712555545,nan,nan,nan,nan
11304,113.064,,113.06400000000417,False,8.546158770682775,0.042142037240152565,0.23870224680538168,-0.006696206527180813,nan,nan,nan,nan
11305,113.073,,113.07300000000417,False,8.547915164386211,0.04318265054661459,0.23742015237214922,-0.006784982004276823,nan,nan,nan,nan
11306,113.082,,113.08200000000417,False,8.549194605922006,0.045856642430071023,0.2341402755303981,-0.0070214864782592494,nan,nan,nan,nan
11307,113.094,,113.09400000000417,False,8.5513168003621,0.04796677070059593,0.2315077025045076,-0.00719725112809506,nan,nan,nan,nan
11308,113.103,,113.10300000000417,False,8.552520151375656,0.05082051254734524,0.22792207165535433,-0.007446030286388699,nan,nan,nan,nan
11309,113.112,,113.11200000000417,False,8.554165242789255,0.05214544605185393,0.22622801020936537,-0.00754690601017765,nan,nan,nan,nan
11310,113.124,,113.12400000000417,False,8.55576165341494,0.05582868776636106,0.22149169825958315,-0.007861654684750223,nan,nan,nan,nan
11311,113.133,,113.13300000000417,False,8.557429846738458,0.05697825886124225,0.2199839454526844,-0.007937567534465253,nan,nan,nan,nan
11312,113.142,,113.14200000000417,False,8.558608151640644,0.059656410920583575,0.2164644756032874,-0.008160623125676518,nan,nan,nan,nan
11313,113.154,,113.15400000000417,False,8.560571449637122,0.06187100737070503,0.21352301496479995,-0.008318319882847078,nan,nan,nan,nan
11314,113.163,,113.16300000000417,False,8.561641963677891,0.06471720407257907,0.2097004060604158,-0.008552350515169681,nan,nan,nan,nan
11315,113.172,,113.17200000000418,False,8.56313611556136,0.06614273445453844,0.20777463870951915,-0.00863920304670026,nan,nan,nan,nan
11316,113.184,,113.18400000000418,False,8.564515460490187,0.06982432430535206,0.2027279850168931,-0.00893284085026976,nan,nan,nan,nan
11317,113.193,,113.19300000000418,False,8.565997919973801,0.07109295755144507,0.20098632899990765,-0.008994344034789962,nan,nan,nan,nan
11318,113.202,,113.20200000000418,False,8.566983520639766,0.07377661653385696,0.1972372125439284,-0.009200599699136596,nan,nan,nan,nan
11319,113.214,,113.21400000000418,False,8.568660095455051,0.0761059375154636,0.1939827529686283,-0.009337487484352517,nan,nan,nan,nan
11320,113.223,,113.22300000000418,False,8.569506998040765,0.07894530990032005,0.1899346284581318,-0.009553290183411197,nan,nan,nan,nan
11321,113.232,,113.23200000000418,False,8.570753532544584,0.08048113609681688,0.1877700191723809,-0.009624458677808739,nan,nan,nan,nan
11322,113.244,,113.24400000000418,False,8.571794797594901,0.08416312840142669,0.182426188772614,-0.00989257588051425,nan,nan,nan,nan
11323,113.253,,113.25300000000418,False,8.572994367004641,0.08556216789830824,0.1804401391314503,-0.009938323516004058,nan,nan,nan,nan
11324,113.262,,113.26200000000418,False,8.573696991870323,0.08825367458485947,0.17646961993394888,-0.01012464162150256,nan,nan,nan,nan
11325,113.274,,113.27400000000418,False,8.574960871876488,0.0907094780210315,0.1728951557499655,-0.01023823971544812,nan,nan,nan,nan
11326,113.283,,113.28300000000418,False,8.575495614386181,0.09354364190267889,0.16863124040994537,-0.010432547647512608,nan,nan,nan,nan
11327,113.292,,113.29200000000418,False,8.576400019372475,0.09520059491581721,0.16621827175563061,-0.010486548708786365,nan,nan,nan,nan
11328,113.304,,113.30400000000418,False,8.576986231060475,0.09888617215814549,0.16058796051448357,-0.010725009637738836,nan,nan,nan,nan
11329,113.313,,113.31300000000418,False,8.577808819799522,0.10042810247469706,0.15834445620072718,-0.010753810132276482,nan,nan,nan,nan
11330,113.322,,113.32200000000418,False,8.578142054048294,0.10313060357922342,0.15415882274844814,-0.010917247177995757,nan,nan,nan,nan
11331,113.334,,113.33400000000418,False,8.578872729723372,0.10572599902856687,0.1502540838841622,-0.01100527479660347,nan,nan,nan,nan
11332,113.343,,113.34300000000418,False,8.579011593047854,0.10855727973099999,0.1457821607717569,-0.011175009341570685,nan,nan,nan,nan
11333,113.352,,113.35200000000418,False,8.579484315746598,0.11034724263697496,0.1431086737310149,-0.011210477519458412,nan,nan,nan,nan
11334,113.364,,113.36400000000418,False,8.579506102191035,0.11404048868107604,0.13719988237860892,-0.011415375001998908,nan,nan,nan,nan
11335,113.373,,113.37300000000418,False,8.579863575388927,0.11573888170832948,0.1346830500183604,-0.011426117849599115,nan,nan,nan,nan
11336,113.382,,113.38200000000418,False,8.579747594735995,0.11845617297192546,0.13028649811050827,-0.011563880399637795,nan,nan,nan,nan
11337,113.394,,113.39400000000418,False,8.579833887606217,0.12120551617139153,0.1260377028482603,-0.011624161445528965,nan,nan,nan,nan
11338,113.403,,113.40300000000418,False,8.579500759528308,0.12403678309056854,0.1213635265104928,-0.011766383304646045,nan,nan,nan,nan
11339,113.412,,113.41200000000418,False,8.579460207049651,0.1259726361136443,0.11841454451157747,-0.01178198504124058,nan,nan,nan,nan
11340,113.424,,113.42400000000418,False,8.578819599346362,0.12967832365890708,0.11223250371167676,-0.011949562372191792,nan,nan,nan,nan
11341,113.433,,113.43300000000418,False,8.57863288578209,0.131547799351376,0.10942349417442593,-0.011941118151485857,nan,nan,nan,nan
11342,113.442,,113.44200000000419,False,8.577997377493602,0.13428416880292016,0.10481809942399439,-0.012050494740513213,nan,nan,nan,nan
11343,113.454,,113.45400000000419,False,8.577341595055092,0.13720295475028801,0.10020782304353625,-0.012080828324606777,nan,nan,nan,nan
11344,113.463,,113.46300000000419,False,8.576470938022169,0.14003744276152702,0.09533514434404103,-0.012192665686055069,nan,nan,nan,nan
11345,113.472,,113.47200000000419,False,8.57584670581331,0.14213299606140636,0.09209277800661496,-0.01218698752399139,nan,nan,nan,nan
11346,113.484,,113.48400000000419,False,8.574461205251398,0.14585634165806616,0.08564001927112112,-0.012313530800134096,nan,nan,nan,nan
11347,113.493,,113.49300000000419,False,8.573663647649836,0.14791250348047955,0.08251692111234465,-0.012284625590923848,nan,nan,nan,nan
11348,113.502,,113.50200000000419,False,8.572450940521724,0.15067253906182135,0.07770271908579507,-0.012362897248701762,nan,nan,nan,nan
11349,113.514,,113.51400000000419,False,8.570973351440868,0.15377724322953693,0.07270988054425606,-0.012360896684920656,nan,nan,nan,nan
11350,113.523,,113.52300000000419,False,8.569513384308355,0.15661832646921858,0.06764058449672153,-0.012439453770565222,nan,nan,nan,nan
11351,113.532,,113.53200000000419,False,8.56824974175262,0.15888820233963288,0.06408402242566541,-0.012410867052762392,nan,nan,nan,nan
11352,113.544,,113.54400000000419,False,8.566056688010017,0.16263454351514234,0.05736060081311764,-0.012492572881801098,nan,nan,nan,nan
11353,113.553,,113.55300000000419,False,8.564597668268938,0.164893850557361,0.05389844164266694,-0.012441639516917003,nan,nan,nan,nan
11354,113.562,,113.56200000000419,False,8.562766100364634,0.16768217909219094,0.04887362494718258,-0.012485973006864638,nan,nan,nan,nan
11355,113.574,,113.57400000000419,False,8.560409774516167,0.17098999796920314,0.043473610133885746,-0.012448877617795524,nan,nan,nan,nan
11356,113.583,,113.58300000000419,False,8.55832589872076,0.1738408838035206,0.03820797938848128,-0.012491128356253576,nan,nan,nan,nan
11357,113.592,,113.59200000000419,False,8.556385568136765,0.17630031191101067,0.03431358527184058,-0.012437633691208903,nan,nan,nan,nan
11358,113.604,,113.60400000000419,False,8.553346851612167,0.1800746654108638,0.027317478107603977,-0.012470458988697012,nan,nan,nan,nan
11359,113.613,,113.61300000000419,False,8.551195729898804,0.1825542042321907,0.023488340129058816,-0.012395468522961951,nan,nan,nan,nan
11360,113.622,,113.62200000000419,False,8.548723288145926,0.18537513120317953,0.018249595034697662,-0.012402797639195487,nan,nan,nan,nan
11361,113.634,,113.63400000000419,False,8.545459353659638,0.18890357690854812,0.012414557376291664,-0.012327263055626926,nan,nan,nan,nan
11362,113.643,,113.64300000000419,False,8.542737859039203,0.1917668919565395,0.006951689233511989,-0.01232993586913121,nan,nan,nan,nan
11363,113.652,,113.6520000000042,False,8.540106129804787,0.1944313817798223,0.0026932423378659863,-0.012248991650122885,nan,nan,nan,nan
11364,113.664,,113.6640000000042,False,8.536213297090363,0.19823784422905408,-0.004579032670277617,-0.012228493991236166,nan,nan,nan,nan
11365,113.673,,113.6730000000042,False,8.533363708922233,0.20095496331739734,-0.00880573767494312,-0.0121267718187789,nan,nan,nan,nan
11366,113.682,,113.6820000000042,False,8.530251978693293,0.20381198444450463,-0.014262716409199048,-0.012093673462033714,nan,nan,nan,nan
11367,113.694,,113.6940000000042,False,8.526085352697963,0.20757828506016457,-0.0205633139267016,-0.011975547819489762,nan,nan,nan,nan
11368,113.703,,113.7030000000042,False,8.5227374403269,0.21045552384076366,-0.026224894488787096,-0.011935009098612092,nan,nan,nan,nan
11369,113.712,,113.7120000000042,False,8.519426661764111,0.2133403759184109,-0.030875758862865612,-0.011823349777231342,nan,nan,nan,nan
11370,113.724,,113.7240000000042,False,8.514706464116786,0.21718132759198594,-0.03842824116447381,-0.011744529098582826,nan,nan,nan,nan
11371,113.733,,113.7330000000042,False,8.511181019279265,0.22015309213780132,-0.04308527223852082,-0.011612561818178676,nan,nan,nan,nan
11372,113.742,,113.7420000000042,False,8.507459480627402,0.2230482450799953,-0.048765033959453474,-0.011535135578403617,nan,nan,nan,nan
11373,113.754,,113.7540000000042,False,8.502435128087157,0.22706849774335586,-0.05556354515472379,-0.011369231739321797,nan,nan,nan,nan
11374,113.763,,113.7630000000042,False,8.498501284647265,0.22995930366638703,-0.061425017993881406,-0.011281377938241662,nan,nan,nan,nan
11375,113.772,,113.7720000000042,False,8.494555778107717,0.23307891444870676,-0.06649809122763575,-0.011134830172886205,nan,nan,nan,nan
11376,113.784,,113.7840000000042,False,8.48907620689332,0.23695398140693308,-0.07433410514649273,-0.01099198629668104,nan,nan,nan,nan
11377,113.793,,113.7930000000042,False,8.485277187198882,0.24018634541975245,-0.07945230053658515,-0.010825120847908029,nan,nan,nan,nan
11378,113.802,,113.8020000000042,False,8.481946164057263,0.24309054956028886,-0.08534858657453345,-0.010698563078235851,nan,nan,nan,nan
11379,113.814,,113.8140000000042,False,8.47812712931077,0.24731335314419534,-0.0926537906072223,-0.010477693769678562,nan,nan,nan,nan
11380,113.823,,113.8230000000042,False,8.475592092839053,0.25014686257103513,-0.09868796117914604,-0.010337059291901332,nan,nan,nan,nan
11381,113.832,,113.8320000000042,False,8.473295274312347,0.25343039986198024,-0.10417907845519621,-0.010149375521510297,nan,nan,nan,nan
11382,113.844,,113.8440000000042,False,8.470459054347668,0.25720231637729163,-0.11224068681215872,-0.009934369138361038,nan,nan,nan,nan
11383,113.853,,113.8530000000042,False,8.468453927512877,0.2606140252745702,-0.11780801221937061,-0.009725660538061322,nan,nan,nan,nan
11384,113.862,,113.8620000000042,False,8.46652012068898,0.2634560703230315,-0.12388090527856045,-0.009543899243339222,nan,nan,nan,nan
11385,113.874,,113.8740000000042,False,8.46395429087179,0.26784020898797134,-0.1316793868665749,-0.009259403390456106,nan,nan,nan,nan
11386,113.883,,113.8830000000042,False,8.462051522923979,0.27060287833831576,-0.13785814746637953,-0.009060491517648418,nan,nan,nan,nan
11387,113.892,,113.8920000000042,False,8.46008691471172,0.27407946048402165,-0.14378102828985187,-0.008825280519909516,nan,nan,nan,nan
11388,113.904,,113.9040000000042,False,8.457448070294712,0.2778095555876602,-0.15206115973150938,-0.008531399307356136,nan,nan,nan,nan
11389,113.913,,113.9130000000042,False,8.455347722155928,0.2814853919324666,-0.15811803366604177,-0.008274494112787276,nan,nan,nan,nan
11390,113.922,,113.9220000000042,False,8.453241373442351,0.2843405549738553,-0.16437965723605286,-0.008032625129712917,nan,nan,nan,nan
11391,113.934,,113.9340000000042,False,8.450250843338003,0.28901124289166424,-0.17272721975369582,-0.007676464657571613,nan,nan,nan,nan
11392,113.943,,113.9430000000042,False,8.447983284164765,0.2917878565542207,-0.17907099435484705,-0.007414641111422557,nan,nan,nan,nan
11393,113.952,,113.9520000000042,False,8.445562779047453,0.2955538277556742,-0.1854730580319679,-0.007125422277064101,nan,nan,nan,nan
11394,113.964,,113.9640000000042,False,8.442322046036915,0.2993439119338972,-0.19399495905580094,-0.006746466811982278,nan,nan,nan,nan
11395,113.973,,113.9730000000042,False,8.439720762636668,0.3033367083699917,-0.20053079537258664,-0.006434475457994603,nan,nan,nan,nan
11396,113.982,,113.9820000000042,False,8.437153604052675,0.3062306942857288,-0.20693505972561743,-0.006127886222799611,nan,nan,nan,nan
11397,113.994,,113.9940000000042,False,8.43355203566107,0.31113990456189633,-0.2156452383367868,-0.005691837484659446,nan,nan,nan,nan
11398,114.003,,114.0030000000042,False,8.430881474773452,0.3138527788674549,-0.22195920380274886,-0.005363165722115196,nan,nan,nan,nan
11399,114.012,,114.0120000000042,False,8.428078830545752,0.31774336736957737,-0.22850248907995355,-0.005013536710873215,nan,nan,nan,nan
11400,114.024,,114.02400000000421,False,8.424421114441431,0.3213167236994042,-0.23673833709531727,-0.004544981995406078,nan,nan,nan,nan
11401,114.033,,114.03300000000421,False,8.421553053987319,0.3253330532357115,-0.2432183499216554,-0.004171662338219616,nan,nan,nan,nan
11402,114.042,,114.04200000000421,False,8.418786790253815,0.32794776943864434,-0.24919878832289094,-0.0037977645571820547,nan,nan,nan,nan
11403,114.054,,114.05400000000421,False,8.415000088269974,0.33260971942273093,-0.2574242415844831,-0.003276169746002554,nan,nan,nan,nan
11404,114.063,,114.06300000000421,False,8.412263820857653,0.33487472673407165,-0.2630460995501248,-0.0028799867387047148,nan,nan,nan,nan
11405,114.072,,114.07200000000421,False,8.409452240999507,0.3384954350557547,-0.2690608675141206,-0.0024666402360907624,nan,nan,nan,nan
11406,114.084,,114.08400000000421,False,8.40587436601181,0.34132967401226166,-0.2761284394823217,-0.0019100164222986963,nan,nan,nan,nan
11407,114.093,,114.09300000000421,False,8.403138427741123,0.3449887052605948,-0.2819203592546652,-0.0014739450564506596,nan,nan,nan,nan
11408,114.102,,114.10200000000421,False,8.400556624651655,0.3469625293970545,-0.2868774499475965,-0.0010362887427642006,nan,nan,nan,nan
11409,114.114,,114.11400000000421,False,8.397112347568006,0.3509308919013899,-0.29389103449576937,-0.00043261906560446937,nan,nan,nan,nan
11410,114.123,,114.12300000000421,False,8.394686452333746,0.35244889031065635,-0.2983368170655038,2.3654831417069148e-05,nan,nan,nan,nan
11411,114.132,,114.13200000000421,False,8.39225350598862,0.35553099888910045,-0.30340048492230165,0.0004954313982049339,nan,nan,nan,nan
11412,114.144,,114.14400000000421,False,8.389237832667853,0.3573253139340862,-0.3088341044087067,0.0011256605787266169,nan,nan,nan,nan
11413,114.153,,114.15300000000421,False,8.387004250459132,0.360438581633229,-0.31366364204522157,0.0016157325037899372,nan,nan,nan,nan
11414,114.162,,114.16200000000421,False,8.38494726468283,0.3616213700849189,-0.3173865924655547,0.0021026678921287007,nan,nan,nan,nan
11415,114.174,,114.17400000000421,False,8.382300434546854,0.3647423575563047,-0.32299936329047735,0.002769980782604052,nan,nan,nan,nan
11416,114.183,,114.18300000000421,False,8.380496779920502,0.3654366764664342,-0.32619252164714413,0.0032672812566125788,nan,nan,nan,nan
11417,114.192,,114.19200000000421,False,8.378761035950777,0.3679250509652287,-0.3302760721533194,0.0037806587605195984,nan,nan,nan,nan
11418,114.204,,114.20400000000421,False,8.376690907278068,0.36864936371631896,-0.3341066656785743,0.004454557866881909,nan,nan,nan,nan
11419,114.213,,114.21300000000421,False,8.375253470307095,0.37121069838048504,-0.3380361901913525,0.0049786894075902685,nan,nan,nan,nan
11420,114.222,,114.22200000000421,False,8.37398362074213,0.3716197065486019,-0.3406206410995683,0.005489460404889801,nan,nan,nan,nan
11421,114.234,,114.23400000000422,False,8.372484810989546,0.3739306897672798,-0.34499353071281363,0.006188207910710325,nan,nan,nan,nan
11422,114.243,,114.24300000000422,False,8.37153747026126,0.3738485025098176,-0.34708001295357455,0.0066977483697103195,nan,nan,nan,nan
11423,114.252,,114.25200000000422,False,8.370740773605068,0.3757907356094279,-0.3503379188197423,0.0072269092082242565,nan,nan,nan,nan
11424,114.264,,114.26400000000422,False,8.369899365217659,0.3755299763007524,-0.3527933460089782,0.007903637731690021,nan,nan,nan,nan
11425,114.273,,114.27300000000422,False,8.369478522101042,0.37759915297990554,-0.35599433620027476,0.00843464844689062,nan,nan,nan,nan
11426,114.282,,114.28200000000422,False,8.369187061947702,0.37730799789288266,-0.35762188518261073,0.008937377758511113,nan,nan,nan,nan
11427,114.294,,114.29400000000422,False,8.369094470092339,0.3789021861011976,-0.36099216687593844,0.009628051496119595,nan,nan,nan,nan
11428,114.303,,114.30300000000422,False,8.36917113133113,0.37812490386455594,-0.3621560112488961,0.010116585854175991,nan,nan,nan,nan
11429,114.312,,114.31200000000422,False,8.369490288572079,0.3795927085800657,-0.36476205712516546,0.010632024526315256,nan,nan,nan,nan
11430,114.324,,114.32400000000422,False,8.370077809401515,0.37845892187735153,-0.3660809507863552,0.011267207168754735,nan,nan,nan,nan
11431,114.333,,114.33300000000422,False,8.370833034227266,0.38010738789597165,-0.3687178595051763,0.011776076130281412,nan,nan,nan,nan
11432,114.342,,114.34200000000422,False,8.371653005192156,0.379200572738327,-0.3695587326218256,0.01223794811079654,nan,nan,nan,nan
11433,114.354,,114.35400000000422,False,8.373148512600691,0.38017770201409523,-0.37213556501719514,0.012880786945670315,nan,nan,nan,nan
11434,114.363,,114.36300000000422,False,8.374362391691498,0.37879054365648973,-0.3725364389541108,0.013315848992545851,nan,nan,nan,nan
11435,114.372,,114.37200000000422,False,8.375919879321843,0.3798536567207765,-0.37463226472931654,0.013789294078632733,nan,nan,nan,nan
11436,114.384,,114.38400000000422,False,8.378067500798446,0.3779556855611109,-0.37500856718805864,0.014341449963706399,nan,nan,nan,nan
11437,114.393,,114.39300000000422,False,8.380106259857708,0.37924624417588854,-0.37720456029673866,0.014801716258580074,nan,nan,nan,nan
11438,114.402,,114.40200000000422,False,8.382121225487605,0.3777999473335449,-0.3773878413678857,0.01519328159875242,nan,nan,nan,nan
11439,114.414,,114.41400000000422,False,8.385320358153242,0.3782421049698981,-0.3793176837719419,0.015753469621507067,nan,nan,nan,nan
11440,114.423,,114.42300000000422,False,8.387737170385666,0.3763165316044452,-0.379067625134717,0.01610707437249645,nan,nan,nan,nan
11441,114.432,,114.43200000000422,False,8.39060682680669,0.3770260312280626,-0.3807415198883403,0.01651476282231901,nan,nan,nan,nan
11442,114.444,,114.44400000000422,False,8.394383796614838,0.37444824953415873,-0.38029883442258844,0.016949413357677905,nan,nan,nan,nan
11443,114.453,,114.45300000000422,False,8.397765529068122,0.37542065485317677,-0.3821189457178292,0.017339763413616708,nan,nan,nan,nan
11444,114.462,,114.46200000000422,False,8.40101341249041,0.3734894330526142,-0.38171774882049664,0.017637391150151116,nan,nan,nan,nan
11445,114.474,,114.47400000000422,False,8.405969099226162,0.3734462257673072,-0.3830687100683571,0.018087753004396405,nan,nan,nan,nan
11446,114.483,,114.48300000000422,False,8.409609645147732,0.3710307955048202,-0.38222357057744843,0.01833821728150193,nan,nan,nan,nan
11447,114.492,,114.49200000000423,False,8.413818302022914,0.37141242932547347,-0.38350534934020636,0.018662306404181345,nan,nan,nan,nan
11448,114.504,,114.50400000000423,False,8.419234099231717,0.3682088427457914,-0.38229509507423315,0.018953648360894953,nan,nan,nan,nan
11449,114.513,,114.51300000000423,False,8.42397091965854,0.36887840240012676,-0.38374922395923333,0.01925874181501115,nan,nan,nan,nan
11450,114.522,,114.52200000000423,False,8.428444912476863,0.3664955646834823,-0.3827868933750846,0.019445370311032842,nan,nan,nan,nan
11451,114.534,,114.53400000000423,False,8.435147936336504,0.36598818208306905,-0.3835624916428184,0.01976693116023552,nan,nan,nan,nan
11452,114.543,,114.54300000000423,False,8.43998864071862,0.3631133815198618,-0.3821355979923832,0.019899192519820228,nan,nan,nan,nan
11453,114.552,,114.55200000000423,False,8.445516109035845,0.363174454671165,-0.3830133559343051,0.020127784220158693,nan,nan,nan,nan
11454,114.564,,114.56400000000423,False,8.452520940052732,0.35937936810479915,-0.381040312461854,0.02025866591150459,nan,nan,nan,nan
11455,114.573,,114.57300000000423,False,8.458577534958923,0.3597467042487223,-0.3821050095104909,0.02046883904887817,nan,nan,nan,nan
11456,114.582,,114.58200000000423,False,8.464226504591153,0.3569343398478865,-0.3805779319611169,0.020533703197802913,nan,nan,nan,nan
11457,114.594,,114.59400000000423,False,8.47260578249348,0.3559702188007433,-0.38074941046645955,0.02071508240175516,nan,nan,nan,nan
11458,114.603,,114.60300000000423,False,8.47857940048838,0.35265936568943457,-0.37873608478583604,0.02072025727413768,nan,nan,nan,nan
11459,114.612,,114.61200000000423,False,8.485358911192833,0.3524002485341153,-0.3791812716389908,0.02084679439334418,nan,nan,nan,nan
11460,114.624,,114.62400000000423,False,8.493845093887545,0.34804276437795634,-0.37643609935062716,0.02080798162641098,nan,nan,nan,nan
11461,114.633,,114.63300000000423,False,8.501139557331532,0.34810500255857474,-0.37707884908600325,0.02091856010663987,nan,nan,nan,nan
11462,114.642,,114.64200000000423,False,8.50786949682117,0.3448842228973786,-0.3749794560131127,0.02085658493718249,nan,nan,nan,nan
11463,114.654,,114.65400000000423,False,8.517794009590883,0.343470526617428,-0.37451538059939765,0.02089309691008969,nan,nan,nan,nan
11464,114.663,,114.66300000000423,False,8.524791636254252,0.3397488097352465,-0.3719134227988996,0.020767873120957573,nan,nan,nan,nan
11465,114.672,,114.67200000000423,False,8.532386040347511,0.3391853517177223,-0.3719152242211798,0.020791347284643425,nan,nan,nan,nan
11466,114.684,,114.68400000000423,False,8.540939696454307,0.3343530406880843,-0.3684567374106627,0.020584341109813654,nan,nan,nan,nan
11467,114.693,,114.69300000000423,False,8.54798277593993,0.334173134794115,-0.36872051364351055,0.020599290088639824,nan,nan,nan,nan
11468,114.702,,114.70200000000423,False,8.55405152880177,0.3306453852960716,-0.3661350137084639,0.02041587524538096,nan,nan,nan,nan
11469,114.714,,114.71400000000423,False,8.562944432551195,0.32891605964747483,-0.3651511129922007,0.020317525923323396,nan,nan,nan,nan
11470,114.723,,114.72300000000423,False,8.568940649202279,0.3249113085864677,-0.3620796188705339,0.020070999944558587,nan,nan,nan,nan
11471,114.732,,114.73200000000423,False,8.575959697367498,0.32412939665312424,-0.36171212612825865,0.020000134142153944,nan,nan,nan,nan
11472,114.744,,114.74400000000423,False,8.584399723122438,0.31889361371846214,-0.35759554747816485,0.01963353755960452,nan,nan,nan,nan
11473,114.753,,114.75300000000423,False,8.591990847305945,0.31845893206507864,-0.35744953607361607,0.019557223613864524,nan,nan,nan,nan
11474,114.762,,114.76200000000424,False,8.598795978231983,0.3145976839882668,-0.3543343339687151,0.0192556044717027,nan,nan,nan,nan
11475,114.774,,114.77400000000424,False,8.609198314620842,0.31244860066612273,-0.352697427241342,0.01902432203431207,nan,nan,nan,nan
11476,114.783,,114.78300000000424,False,8.616449585363329,0.3080678971829202,-0.3490420207342924,0.018657237898541887,nan,nan,nan,nan
11477,114.792,,114.79200000000424,False,8.625007781487405,0.3069417577864887,-0.3481541697620029,0.018491818022521395,nan,nan,nan,nan
11478,114.804,,114.80400000000424,False,8.635507621871843,0.3011710190298702,-0.34321943883629497,0.017967757709524856,nan,nan,nan,nan
11479,114.813,,114.81300000000424,False,8.644874645587432,0.3003639386969826,-0.34252175861657846,0.017801061992258994,nan,nan,nan,nan
11480,114.822,,114.82200000000424,False,8.653370030459927,0.29608613505992376,-0.3387738498425101,0.017384053474291568,nan,nan,nan,nan
11481,114.834,,114.83400000000424,False,8.666190779030194,0.29340365404584023,-0.3363421752887632,0.017022788085544346,nan,nan,nan,nan
11482,114.843,,114.84300000000424,False,8.675158762225797,0.28860223375485083,-0.3320417463631923,0.016539398067190608,nan,nan,nan,nan
11483,114.852,,114.85200000000424,False,8.685549255191491,0.28708178041865134,-0.33056535721808666,0.016282232285683557,nan,nan,nan,nan
11484,114.864,,114.86400000000424,False,8.698305846208438,0.28077541095641967,-0.32479627190234905,0.015607987071319005,nan,nan,nan,nan
11485,114.873,,114.87300000000424,False,8.709457625015899,0.2795941639892779,-0.32353243557329864,0.015354668591750477,nan,nan,nan,nan
11486,114.882,,114.88200000000424,False,8.719571047139432,0.2749462076659872,-0.319192879763409,0.01482920209048673,nan,nan,nan,nan
11487,114.894,,114.89400000000424,False,8.734587634035822,0.2718001530557177,-0.31603033778651984,0.014346100187480715,nan,nan,nan,nan
11488,114.903,,114.90300000000424,False,8.745042431224492,0.266671642493923,-0.3111817936895975,0.013755788276532656,nan,nan,nan,nan
11489,114.912,,114.91200000000424,False,8.75697265113241,0.2648400922674571,-0.30920222503377387,0.013414447222936438,nan,nan,nan,nan
11490,114.924,,114.92400000000424,False,8.771546501846329,0.25815755162913473,-0.3027723054067289,0.012605426081409363,nan,nan,nan,nan
11491,114.933,,114.93300000000424,False,8.784099624465354,0.2567040015376735,-0.30105298283138476,0.012275017130545126,nan,nan,nan,nan
11492,114.942,,114.94200000000424,False,8.795434093565413,0.25181668369494054,-0.29626930462280116,0.011654941434197848,nan,nan,nan,nan
11493,114.954,,114.95400000000424,False,8.812068162832016,0.24836046285070124,-0.292550350597689,0.011067148822379755,nan,nan,nan,nan
11494,114.963,,114.96300000000424,False,8.82356749243225,0.2430371445254927,-0.2873083572328202,0.010386800144893769,nan,nan,nan,nan
11495,114.972,,114.97200000000424,False,8.83656551036417,0.24099929172391102,-0.2849486271159174,0.009975772615402568,nan,nan,nan,nan
11496,114.984,,114.98400000000424,False,8.852328810069382,0.23410061477706529,-0.2780507606166117,0.009057303682519583,nan,nan,nan,nan
11497,114.993,,114.99300000000424,False,8.865784412432248,0.23246231848233712,-0.27598236222556455,0.008665965056023415,nan,nan,nan,nan
11498,115.002,,115.00200000000424,False,8.877851887578082,0.22743872193654557,-0.270882598921943,0.007972077864281986,nan,nan,nan,nan
11499,115.014,,115.01400000000424,False,8.89542710378129,0.2237770474076654,-0.266739025507346,0.0073049949097663625,nan,nan,nan,nan
11500,115.023,,115.02300000000425,False,8.907474626890053,0.21834621362759757,-0.2612155885634178,0.0065576217921391325,nan,nan,nan,nan
11501,115.032,,115.03200000000425,False,8.921023227138216,0.21616033513982516,-0.25855149094590457,0.006096601770331098,nan,nan,nan,nan
11502,115.044,,115.04400000000425,False,8.937306781380713,0.20913891744788904,-0.25130909184854544,0.005100765661679449,nan,nan,nan,nan
11503,115.053,,115.05300000000425,False,8.951141290055773,0.20735580847084797,-0.24894568324666344,0.004668679227265792,nan,nan,nan,nan
11504,115.062,,115.06200000000425,False,8.963438875289897,0.20225090506222057,-0.24360471661979077,0.003925704616804183,nan,nan,nan,nan
11505,115.074,,115.07400000000425,False,8.981265098163187,0.19842957176664397,-0.23910080269629355,0.003208820114819616,nan,nan,nan,nan
11506,115.083,,115.08300000000425,False,8.993361948418967,0.19293585589773904,-0.2333589287053907,0.002420208305782186,nan,nan,nan,nan
11507,115.092,,115.09200000000425,False,9.00694259131575,0.190622225904183,-0.23042107579480572,0.0019308399630287357,nan,nan,nan,nan
11508,115.104,,115.10400000000425,False,9.023083986046638,0.18352261633614741,-0.22290015878684896,0.0008919925992252766,nan,nan,nan,nan
11509,115.113,,115.11300000000425,False,9.036779348637863,0.18160271653885823,-0.22025706438131445,0.00044020167910147897,nan,nan,nan,nan
11510,115.122,,115.12200000000425,False,9.048814731462917,0.1764398621257835,-0.21471238617620259,-0.0003264074998508294,nan,nan,nan,nan
11511,115.134,,115.13400000000425,False,9.066216761856325,0.1724667711890175,-0.20986690002166425,-0.0010635137082205576,nan,nan,nan,nan
11512,115.143,,115.14300000000425,False,9.077879354631698,0.16692665000197004,-0.20393674388019958,-0.0018677606806873403,nan,nan,nan,nan
11513,115.152,,115.15200000000425,False,9.090987922171177,0.16448011718023148,-0.20072545787439927,-0.002364615107640457,nan,nan,nan,nan
11514,115.164,,115.16400000000425,False,9.106349085123854,0.15731240547023276,-0.19295240003410077,-0.0034134323804069504,nan,nan,nan,nan
11515,115.173,,115.17300000000425,False,9.119404453408517,0.1552403834407591,-0.1900174635289067,-0.003865474220862328,nan,nan,nan,nan
11516,115.182,,115.18200000000425,False,9.130705937398504,0.15001883263651677,-0.18427914231000045,-0.004631973321408976,nan,nan,nan,nan
11517,115.194,,115.19400000000425,False,9.147035655510617,0.14587212874293382,-0.1790764444056118,-0.005362621766820636,nan,nan,nan,nan
11518,115.203,,115.20300000000425,False,9.157803534290109,0.1402796136814792,-0.1729627581831393,-0.006159270421883757,nan,nan,nan,nan
11519,115.212,,115.21200000000425,False,9.169957881947152,0.13767466016699298,-0.16945463337697939,-0.006645522825272588,nan,nan,nan,nan
11520,115.224,,115.22400000000425,False,9.183933935006173,0.13042182275089714,-0.16142488234649996,-0.0076751694827956775,nan,nan,nan,nan
11521,115.233,,115.23300000000425,False,9.195872246217087,0.12816440009563929,-0.15816465896193438,-0.008111317798852886,nan,nan,nan,nan
11522,115.242,,115.24200000000425,False,9.205994662961139,0.12286559314678189,-0.15222209810847515,-0.008857348988821236,nan,nan,nan,nan
11523,115.254,,115.25400000000425,False,9.220638966403774,0.11850241025951248,-0.1466213594096232,-0.009559735824050862,nan,nan,nan,nan
11524,115.263,,115.26300000000425,False,9.230080277116318,0.11283655018834653,-0.14031119896959576,-0.010329310390407383,nan,nan,nan,nan
11525,115.272,,115.27200000000425,False,9.240826016384563,0.11003471586981665,-0.1364667950853492,-0.010790831835726374,nan,nan,nan,nan
11526,115.284,,115.28400000000426,False,9.252852440486167,0.10266355203304496,-0.12815614862737948,-0.011777517346175739,nan,nan,nan,nan
11527,115.293,,115.29300000000426,False,9.263226230416594,0.1001772938569053,-0.12452411874189662,-0.012185791885710165,nan,nan,nan,nan
11528,115.302,,115.30200000000426,False,9.271756350235862,0.09477311030465888,-0.11835478041482728,-0.012895161937843772,nan,nan,nan,nan
11529,115.314,,115.31400000000426,False,9.284144867929683,0.09013973580191709,-0.11230099557263444,-0.01355312302919873,nan,nan,nan,nan
11530,115.323,,115.32300000000426,False,9.29186185886446,0.08437225121228861,-0.10577207651778883,-0.014280364839523836,nan,nan,nan,nan
11531,115.332,,115.33200000000426,False,9.300778392751043,0.08132871154396991,-0.10154333987995344,-0.01470725553802805,nan,nan,nan,nan
11532,115.344,,115.34400000000426,False,9.310338650417616,0.07379840365619633,-0.0929176743119844,-0.015632768023100773,nan,nan,nan,nan
11533,115.353,,115.35300000000426,False,9.318736409468968,0.07103475279556722,-0.08886020483345936,-0.016005324792453042,nan,nan,nan,nan
11534,115.362,,115.36200000000426,False,9.325298899349782,0.06549245526298053,-0.08243544571871149,-0.016665915101367203,nan,nan,nan,nan
11535,115.374,,115.37400000000426,False,9.334912612740569,0.060529287083745505,-0.07586551565136855,-0.017268592044232076,nan,nan,nan,nan
11536,115.383,,115.38300000000426,False,9.340547803971157,0.05462801105796919,-0.06909040634835112,-0.017942133040747786,nan,nan,nan,nan
11537,115.392,,115.39200000000426,False,9.347255163109466,0.05129376222307246,-0.06442350252129138,-0.01832825601768153,nan,nan,nan,nan
11538,115.404,,115.40400000000426,False,9.353889326661543,0.04355868886006474,-0.05544227876336902,-0.019179270442845012,nan,nan,nan,nan
11539,115.413,,115.41300000000426,False,9.359942751793882,0.040464775236940025,-0.050899783409651435,-0.01951174331593132,nan,nan,nan,nan
11540,115.422,,115.42200000000426,False,9.36420695307557,0.03474803473105551,-0.044186124330304964,-0.020114830430481314,nan,nan,nan,nan
11541,115.434,,115.43400000000426,False,9.370737897614289,0.029389212662920237,-0.03702845249131214,-0.020655691340349083,nan,nan,nan,nan
11542,115.443,,115.44300000000426,False,9.374380011784966,0.023317263523029326,-0.029973392621530776,-0.021267388441507433,nan,nan,nan,nan
11543,115.452,,115.45200000000426,False,9.379131655110823,0.01963693595216129,-0.02480596996374244,-0.02160964678877032,nan,nan,nan,nan
11544,115.464,,115.46400000000426,False,9.383436719635554,0.011644867472213662,-0.015419575100808804,-0.022376678993729488,nan,nan,nan,nan
11545,115.473,,115.47300000000426,False,9.387680156673568,0.008161062864374298,-0.010323518212035674,-0.022667273625688704,nan,nan,nan,nan
11546,115.482,,115.48200000000426,False,9.390278666857613,0.0022294974638845666,-0.003281663394492762,-0.023206480944387483,nan,nan,nan,nan
11547,115.494,,115.49400000000426,False,9.394312280399426,-0.0035960595801862016,0.004542543844077804,-0.023681447306123513,nan,nan,nan,nan
11548,115.503,,115.50300000000426,False,9.395876187139898,-0.009873778160179397,0.011909915173657751,-0.024224348472925903,nan,nan,nan,nan
11549,115.512,,115.51200000000426,False,9.398192001844627,-0.013954873282645918,0.01763970641615329,-0.024520376071090682,nan,nan,nan,nan
11550,115.524,,115.52400000000426,False,9.399136635228006,-0.02225054653983538,0.02747473088395557,-0.02519457594717548,nan,nan,nan,nan
11551,115.533,,115.53300000000426,False,9.400532557845871,-0.026182355163284907,0.03319140406434337,-0.025441624534263605,nan,nan,nan,nan
11552,115.542,,115.54200000000426,False,9.40031664344154,-0.03236612440482202,0.0405974490900914,-0.02591077462033516,nan,nan,nan,nan
11553,115.554,,115.55400000000427,False,9.400299282276002,-0.03873113139391885,0.049169771716412,-0.02631597324737159,nan,nan,nan,nan
11554,115.563,,115.56300000000427,False,9.398869347114939,-0.045254695164222716,0.056888284193246805,-0.026783846230480163,nan,nan,nan,nan
11555,115.572,,115.57200000000427,False,9.397974656762756,-0.049801253209921015,0.06325554789782684,-0.027031838119046445,nan,nan,nan,nan
11556,115.584,,115.58400000000427,False,9.394773393295017,-0.058463359718897795,0.07360327132684268,-0.02760557242116232,nan,nan,nan,nan
11557,115.593,,115.59300000000427,False,9.392844248273127,-0.06291829334511459,0.08002967932056293,-0.02780790917544606,nan,nan,nan,nan
11558,115.602,,115.60200000000427,False,9.38946389723612,-0.06940860325279066,0.08785745455568633,-0.028201541531759664,nan,nan,nan,nan
11559,115.614,,115.61400000000427,False,9.385036953933735,-0.07641224562051355,0.09729339634872589,-0.028533426675389044,nan,nan,nan,nan
11560,115.623,,115.62300000000427,False,9.380449388861841,-0.08323913906215687,0.10542413422023415,-0.028920177096035518,nan,nan,nan,nan
11561,115.632,,115.63200000000427,False,9.376218785131083,-0.08833604126072432,0.11252989434262055,-0.029117873088648147,nan,nan,nan,nan
11562,115.644,,115.64400000000427,False,9.368814848540488,-0.09744868081380317,0.12348192825328363,-0.02958286512345423,nan,nan,nan,nan
11563,115.653,,115.65300000000427,False,9.363546685776493,-0.10252057215739156,0.13073135426372082,-0.029738186100622416,nan,nan,nan,nan
11564,115.662,,115.66200000000427,False,9.357049273058546,-0.10938478214435227,0.13905557535075921,-0.030049761510287824,nan,nan,nan,nan
11565,115.674,,115.67400000000427,False,9.348308189747426,-0.11714489190307811,0.14949510008495376,-0.030302597259221905,nan,nan,nan,nan
11566,115.683,,115.68300000000427,False,9.340684907252287,-0.12434062775892492,0.158110196830951,-0.030600448482619377,nan,nan,nan,nan
11567,115.692,,115.69200000000427,False,9.333246576410566,-0.1300836436297573,0.1660698800714063,-0.03074322559401692,nan,nan,nan,nan
11568,115.704,,115.70400000000427,False,9.321715142829962,-0.13973880426932767,0.17772899855911692,-0.03108836933414503,nan,nan,nan,nan
11569,115.713,,115.71300000000427,False,9.312863262520318,-0.14553638482492615,0.1859341047256394,-0.031192055994188204,nan,nan,nan,nan
11570,115.722,,115.72200000000427,False,9.302820135140532,-0.15285485666481663,0.19484671380459773,-0.031413448223017455,nan,nan,nan,nan
11571,115.734,,115.73400000000427,False,9.288929485916572,-0.16151764464056292,0.2064664219168592,-0.031579312556905846,nan,nan,nan,nan
11572,115.743,,115.74300000000427,False,9.277499156066199,-0.16916989018651948,0.2156665704756197,-0.031779622153201396,nan,nan,nan,nan
11573,115.752,,115.75200000000427,False,9.265959644011554,-0.17568727850437693,0.22463718326490864,-0.03186170520382056,nan,nan,nan,nan
11574,115.764,,115.76400000000427,False,9.249296082603738,-0.18601471336950284,0.23715422789720317,-0.03207474372420526,nan,nan,nan,nan
11575,115.773,,115.77300000000427,False,9.23662223821496,-0.19267166339997066,0.246479560639944,-0.032119014274437134,nan,nan,nan,nan
11576,115.782,,115.78200000000427,False,9.223183208985038,-0.2005352495138378,0.2560856569310124,-0.0322382375754988,nan,nan,nan,nan
11577,115.794,,115.79400000000427,False,9.204813857346029,-0.21025205939026306,0.26906850910457275,-0.03230115855219293,nan,nan,nan,nan
11578,115.803,,115.80300000000427,False,9.190385450372903,-0.2184349199375586,0.27893703770512185,-0.03238816027559206,nan,nan,nan,nan
11579,115.812,,115.81200000000428,False,9.175764255750556,-0.22583673999708964,0.28905213330613,-0.032394303362649264,nan,nan,nan,nan
11580,115.824,,115.82400000000428,False,9.155455060228846,-0.23692070484271313,0.30252031731578394,-0.03244986146221477,nan,nan,nan,nan
11581,115.833,,115.83300000000428,False,9.139944784532469,-0.24454556407364347,0.31309786323753025,-0.03241614993599623,nan,nan,nan,nan
11582,115.842,,115.84200000000428,False,9.12400427793256,-0.25301280693302053,0.32346180921191614,-0.032411485299201195,nan,nan,nan,nan
11583,115.854,,115.85400000000428,False,9.102256523432324,-0.2638865649333353,0.33792662114155025,-0.032341571809538956,nan,nan,nan,nan
11584,115.863,,115.86300000000428,False,9.085590301672468,-0.27263170724688934,0.3484914978677497,-0.032290078728540034,nan,nan,nan,nan
11585,115.872,,115.87200000000428,False,9.068651880672942,-0.28092811146048685,0.35974573427723217,-0.03219377745551358,nan,nan,nan,nan
11586,115.884,,115.88400000000428,False,9.045669302063516,-0.29270188601603697,0.37405026287368087,-0.03205295676851195,nan,nan,nan,nan
11587,115.893,,115.89300000000428,False,9.02812420977265,-0.30113393161111046,0.38563471811485966,-0.0319081013915674,nan,nan,nan,nan
11588,115.902,,115.90200000000428,False,9.010456947999273,-0.30998600619038563,0.39643457160289597,-0.031744560583454255,nan,nan,nan,nan
11589,115.914,,115.91400000000428,False,8.986492649800834,-0.3215111271790342,0.4116495260615262,-0.031487056050657575,nan,nan,nan,nan
11590,115.923,,115.92300000000428,False,8.968456354715261,-0.33035186384252757,0.42224453363945186,-0.03125396532130201,nan,nan,nan,nan
11591,115.932,,115.93200000000428,False,8.950166478483538,-0.33894276584280486,0.43378193265979403,-0.03100417452065951,nan,nan,nan,nan
11592,115.944,,115.94400000000428,False,8.925779426910932,-0.3505091313750438,0.44765487515853725,-0.030597865494715784,nan,nan,nan,nan
11593,115.953,,115.95300000000428,False,8.907227859044541,-0.35899267271955543,0.4591771404915228,-0.03028058073856615,nan,nan,nan,nan
11594,115.962,,115.96200000000428,False,8.888829164537498,-0.3674352065907047,0.4692974965230142,-0.02989849154338036,nan,nan,nan,nan
11595,115.974,,115.97400000000428,False,8.864020116314569,-0.37853913486717145,0.48375663053693047,-0.02936492190345728,nan,nan,nan,nan
11596,115.983,,115.98300000000428,False,8.845610636292385,-0.3866580114143235,0.4932420529241412,-0.028886032971558916,nan,nan,nan,nan
11597,115.992,,115.99200000000428,False,8.827001388848064,-0.39476007241971806,0.5039683925613165,-0.028411894356663848,nan,nan,nan,nan
11598,116.004,,116.00400000000428,False,8.80253003143156,-0.40509865454071936,0.5159970367743757,-0.027652647622406074,nan,nan,nan,nan
11599,116.013,,116.01300000000428,False,8.783999099130634,-0.4129338823557142,0.5264870825762642,-0.027091544219688797,nan,nan,nan,nan
11600,116.022,,116.02200000000428,False,8.76584404387477,-0.4203006985539748,0.5350152671449352,-0.026427696328153456,nan,nan,nan,nan
11601,116.034,,116.03400000000428,False,8.741520689345174,-0.4301981868574898,0.5476468381249714,-0.025531626973406517,nan,nan,nan,nan
11602,116.043,,116.04300000000428,False,8.723686754873293,-0.43706373700454715,0.5553103986306456,-0.02475193117294732,nan,nan,nan,nan
11603,116.052,,116.05200000000428,False,8.705742789208676,-0.4442225526519943,0.5646198255324962,-0.02399565906783762,nan,nan,nan,nan
11604,116.064,,116.06400000000428,False,8.68242605092732,-0.45280260473810224,0.5741189827437551,-0.022823737595389897,nan,nan,nan,nan
11605,116.073,,116.07300000000428,False,8.664884196709316,-0.4596725340260744,0.583175662450368,-0.021972476143425654,nan,nan,nan,nan
11606,116.082,,116.08200000000429,False,8.647879072244406,-0.4656853555212513,0.58977796883114,-0.020994939884288646,nan,nan,nan,nan
11607,116.094,,116.09400000000429,False,8.625281753393557,-0.47408898588925963,0.6002564636701327,-0.01969674089962859,nan,nan,nan,nan
11608,116.103,,116.10300000000429,False,8.608897887670313,-0.47952317895792596,0.6059191789941893,-0.018601683573988344,nan,nan,nan,nan
11609,116.112,,116.11200000000429,False,8.592533602537552,-0.4856055982667441,0.6136932441033123,-0.017547506356126934,nan,nan,nan,nan
11610,116.124,,116.12400000000429,False,8.571509113687505,-0.4922811335243502,0.6205658137803065,-0.01596451275651399,nan,nan,nan,nan
11611,116.133,,116.13300000000429,False,8.555852691330067,-0.49811207058979806,0.6281628714536011,-0.014823316930514205,nan,nan,nan,nan
11612,116.142,,116.14200000000429,False,8.54082699157388,-0.5027074767543909,0.6328383334367276,-0.013549145850553073,nan,nan,nan,nan
11613,116.154,,116.15400000000429,False,8.521095736884888,-0.5095605116639147,0.6411981496675725,-0.011874217623822146,nan,nan,nan,nan
11614,116.163,,116.16300000000429,False,8.506957986228548,-0.5135296891666914,0.6449063506283184,-0.010499063598032867,nan,nan,nan,nan
11615,116.172,,116.17200000000429,False,8.49301100497946,-0.5185144612549515,0.6512021302366419,-0.00917953812548902,nan,nan,nan,nan
11616,116.184,,116.18400000000429,False,8.475309362595462,-0.5232642159692569,0.6555438201279873,-0.0072517750380151754,nan,nan,nan,nan
11617,116.193,,116.19300000000429,False,8.462354705302557,-0.5280474397198582,0.6617548971431678,-0.005867093442058883,nan,nan,nan,nan
11618,116.202,,116.20200000000429,False,8.450410529653226,-0.5311980429546233,0.6645609365927981,-0.004358315271695377,nan,nan,nan,nan
11619,116.214,,116.21400000000429,False,8.435992154019285,-0.5364004144951531,0.670791223119076,-0.0023862753348660357,nan,nan,nan,nan
11620,116.223,,116.22300000000429,False,8.426482478436073,-0.5387874104701653,0.6724893250407844,-0.0008041520771276103,nan,nan,nan,nan
11621,116.232,,116.23200000000429,False,8.4178190119252,-0.5425132699081099,0.6771869793193379,0.0007139590807265575,nan,nan,nan,nan
11622,116.244,,116.24400000000429,False,8.407752836539371,-0.5450739146093017,0.6787861475690222,0.002877722882863836,nan,nan,nan,nan
11623,116.253,,116.25300000000429,False,8.401145943357546,-0.5485589282053744,0.6833751289781984,0.004431204778244274,nan,nan,nan,nan
11624,116.262,,116.26200000000429,False,8.39541113181109,-0.5500397411166094,0.6841153932013205,0.006082911321481708,nan,nan,nan,nan
11625,116.274,,116.27400000000429,False,8.388940553582556,-0.5533667090864238,0.688036835497797,0.00822872032495753,nan,nan,nan,nan
11626,116.283,,116.2830000000043,False,8.384951543901444,-0.5540882593178931,0.6877024426381648,0.009908826548457534,nan,nan,nan,nan
11627,116.292,,116.2920000000043,False,8.381732596838072,-0.5565182420805743,0.6908250276019815,0.011521482804682341,nan,nan,nan,nan
11628,116.304,,116.3040000000043,False,8.37840830791746,-0.5569747385404143,0.6898873919823617,0.013760932181305432,nan,nan,nan,nan
11629,116.313,,116.3130000000043,False,8.376826895269621,-0.5592864564142062,0.6930711398230707,0.015369227986251469,nan,nan,nan,nan
11630,116.322,,116.3220000000043,False,8.375760498243027,-0.5592995196344072,0.6920641020910898,0.017036125585211084,nan,nan,nan,nan
11631,116.334,,116.3340000000043,False,8.375482132769307,-0.561042642646378,0.6941152575421277,0.01919291121721645,nan,nan,nan,nan
11632,116.343,,116.3430000000043,False,8.375815941048904,-0.5603718687441529,0.6921471001852927,0.020839221489402867,nan,nan,nan,nan
11633,116.352,,116.3520000000043,False,8.377006875566906,-0.561770765038012,0.694072015431208,0.022424255595213143,nan,nan,nan,nan
11634,116.364,,116.3640000000043,False,8.379149333218079,-0.5605343211588361,0.6911764955294877,0.02456356567749409,nan,nan,nan,nan
11635,116.373,,116.3730000000043,False,8.38179560586429,-0.5619502948554965,0.6933400884261309,0.026105921546639575,nan,nan,nan,nan
11636,116.382,,116.3820000000043,False,8.3846420605577,-0.5608008904512218,0.6910082697891405,0.027658051271005256,nan,nan,nan,nan
11637,116.394,,116.3940000000043,False,8.389700052387838,-0.561313035146486,0.6916747577997259,0.02966349245634038,nan,nan,nan,nan
11638,116.403,,116.4030000000043,False,8.393760652187279,-0.5595198431247346,0.6884436484954779,0.03114867893895778,nan,nan,nan,nan
11639,116.412,,116.4120000000043,False,8.398861459276755,-0.5600942435350339,0.6894545186009169,0.03259010926026113,nan,nan,nan,nan
11640,116.424,,116.4240000000043,False,8.405832421703643,-0.557443831273769,0.6849827813431656,0.03446729975822804,nan,nan,nan,nan
11641,116.433,,116.4330000000043,False,8.41231554804843,-0.558095366666111,0.6863062980799095,0.03583501809172107,nan,nan,nan,nan
11642,116.442,,116.4420000000043,False,8.41868444347498,-0.5559265277176916,0.6828433438639029,0.03715809807183521,nan,nan,nan,nan
11643,116.454,,116.4540000000043,False,8.42863209491818,-0.5553163160048443,0.6822705917746382,0.038872842110744744,nan,nan,nan,nan
11644,116.463,,116.4630000000043,False,8.436086906049914,-0.5524884989386722,0.6778896943481313,0.040090151196800754,nan,nan,nan,nan
11645,116.472,,116.4720000000043,False,8.444812616087207,-0.5522613008390563,0.6780112889404373,0.04129272096762782,nan,nan,nan,nan
11646,116.484,,116.4840000000043,False,8.456216495563853,-0.5482574411832172,0.6720282561123806,0.04277754888651459,nan,nan,nan,nan
11647,116.493,,116.4930000000043,False,8.466278794151997,-0.5481258346388573,0.6724728919542486,0.043885300266533714,nan,nan,nan,nan
11648,116.502,,116.5020000000043,False,8.475892231062243,-0.544957514801384,0.6678849182302892,0.04489107680427098,nan,nan,nan,nan
11649,116.514,,116.5140000000043,False,8.490382283267328,-0.5431999958339938,0.6660089519002467,0.04620995118319803,nan,nan,nan,nan
11650,116.523,,116.5230000000043,False,8.500952824692643,-0.5393559525485327,0.6604725468333109,0.04708046425026834,nan,nan,nan,nan
11651,116.532,,116.5320000000043,False,8.513040712970163,-0.538298427084132,0.6596363508368374,0.04797524308599579,nan,nan,nan,nan
11652,116.544,,116.5440000000043,False,8.528494963073765,-0.5329695055230973,0.6521295433650082,0.04897560117902753,nan,nan,nan,nan
11653,116.553,,116.5530000000043,False,8.541857408337306,-0.5320287116020926,0.651623901497469,0.049764662097999776,nan,nan,nan,nan
11654,116.562,,116.5620000000043,False,8.554097601483033,-0.5279120101136761,0.6459331405744835,0.05039442636496893,nan,nan,nan,nan
11655,116.574,,116.5740000000043,False,8.571521410099315,-0.5250931141508591,0.6428023638968982,0.05125151949192016,nan,nan,nan,nan
11656,116.583,,116.5830000000043,False,8.583604216948197,-0.5203758353930832,0.6362419332940064,0.05172884212510334,nan,nan,nan,nan
11657,116.592,,116.5920000000043,False,8.597256031094709,-0.518607756453562,0.6345501144088576,0.05227808017854439,nan,nan,nan,nan
11658,116.604,,116.6040000000043,False,8.614180982456428,-0.5122073034370216,0.6257695274864734,0.052747517311271974,nan,nan,nan,nan
11659,116.613,,116.6130000000043,False,8.62889811009173,-0.5106117748415082,0.6244577507425855,0.053191671792499874,nan,nan,nan,nan
11660,116.622,,116.6220000000043,False,8.64250116522212,-0.5057174352294987,0.6178274101288423,0.0534201565466608,nan,nan,nan,nan
11661,116.634,,116.6340000000043,False,8.662882576965387,-0.5019178006383225,0.6134806868322038,0.05378711385431134,nan,nan,nan,nan
11662,116.643,,116.6430000000043,False,8.677431378793244,-0.49636154398601506,0.6058928497973465,0.05385133886447042,nan,nan,nan,nan
11663,116.652,,116.6520000000043,False,8.694173287940195,-0.49382172824960807,0.6032266016030314,0.05403850612707911,nan,nan,nan,nan
11664,116.664,,116.66400000000431,False,8.715235596364371,-0.48626295037039974,0.5930076146855705,0.053957483118689066,nan,nan,nan,nan
11665,116.673,,116.67300000000431,False,8.733586278068653,-0.48385530317356984,0.5906539618977191,0.05404483241710476,nan,nan,nan,nan
11666,116.682,,116.68200000000431,False,8.750647830263462,-0.47807030086064467,0.5829031668655478,0.05386306516965807,nan,nan,nan,nan
11667,116.694,,116.69400000000431,False,8.776046376856081,-0.4731206144364063,0.5770761074802884,0.0537323951234131,nan,nan,nan,nan
11668,116.703,,116.70300000000431,False,8.794170861607999,-0.46666311238356356,0.5683425398843401,0.0533827812261199,nan,nan,nan,nan
11669,116.712,,116.71200000000431,False,8.81477972856826,-0.4632655752720747,0.564552782852098,0.053208667776297465,nan,nan,nan,nan
11670,116.724,,116.72400000000431,False,8.840626167276733,-0.454545490192253,0.5528346321233116,0.05258592967674166,nan,nan,nan,nan
11671,116.733,,116.73300000000431,False,8.862812529742278,-0.45131359691418194,0.5493788265419097,0.052323941898473024,nan,nan,nan,nan
11672,116.742,,116.74200000000431,False,8.883366731015839,-0.4447171100122454,0.5405609432922993,0.05174567122020459,nan,nan,nan,nan
11673,116.754,,116.75400000000431,False,8.9135614689237,-0.4387445122765828,0.5333492136006865,0.05113762496036414,nan,nan,nan,nan
11674,116.85,,116.85,True,0.0,0.0,0.0,0.0,0.0,0.0,0.0,0.0
11675,116.949,,116.949,True,0.0,0.0,0.0,0.0,0.0,0.0,0.0,0.0
11676,117.045,,117.045,True,0.0,0.0,0.0,0.0,0.0,0.0,0.0,0.0
11677,117.144,,117.144,True,0.0,0.0,0.0,0.0,0.0,0.0,0.0,0.0
11678,117.24,,117.24,True,0.0,0.0,0.0,0.0,0.0,0.0,0.0,0.0
11679,117.339,,117.339,True,0.0,0.0,0.0,0.0,0.0,0.0,0.0,0.0
11680,117.435,,117.435,True,0.0,0.0,0.0,0.0,0.0,0.0,0.0,0.0
11681,117.534,,117.534,True,0.0,0.0,0.0,0.0,0.0,0.0,0.0,0.0
11682,117.633,,117.633,True,0.0,0.0,0.0,0.0,0.0,0.0,0.0,0.0
11683,117.729,,117.729,True,0.0,0.0,0.0,0.0,0.0,0.0,0.0,0.0
11684,117.828,,117.828,True,0.0,0.0,0.0,0.0,0.0,0.0,0.0,0.0
11685,117.924,,117.924,True,0.0,0.0,0.0,0.0,0.0,0.0,0.0,0.0
11686,118.023,,118.023,True,0.0,0.0,0.0,0.0,0.0,0.0,0.0,0.0
11687,118.119,,118.119,True,0.0,0.0,0.0,0.0,0.0,0.0,0.0,0.0
11688,118.218,,118.218,True,0.0,0.0,0.0,0.0,0.0,0.0,0.0,0.0
11689,118.314,,118.314,True,0.0,0.0,0.0,0.0,0.0,0.0,0.0,0.0
11690,118.413,,118.413,True,0.0,0.0,0.0,0.0,0.0,0.0,0.0,0.0
11691,118.509,,118.509,True,0.0,0.0,0.0,0.0,0.0,0.0,0.0,0.0
11692,118.608,,118.608,True,0.0,0.0,0.0,0.0,0.0,0.0,0.0,0.0
11693,118.704,,118.704,True,0.0,0.0,0.0,0.0,0.0,0.0,0.0,0.0
11694,118.803,,118.803,True,0.0,0.0,0.0,0.0,0.0,0.0,0.0,0.0
11695,118.899,,118.899,True,0.0,0.0,0.0,0.0,0.0,0.0,0.0,0.0
11696,118.998,,118.998,True,0.0,0.0,0.0,0.0,0.0,0.0,0.0,0.0
11697,119.094,,119.094,True,0.0,0.0,0.0,0.0,0.0,0.0,0.0,0.0
11698,119.193,,119.193,True,0.0,0.0,0.0,0.0,0.0,0.0,0.0,0.0
11699,119.292,,119.292,True,0.0,0.0,0.0,0.0,0.0,0.0,0.0,0.0
11700,119.385,,119.385,True,0.0,0.0,0.0,0.0,0.0,0.0,0.0,0.0
11701,119.481,,119.481,True,0.0,0.0,0.0,0.0,0.0,0.0,0.0,0.0
11702,119.58,,119.58,True,0.0,0.0,0.0,0.0,0.0,0.0,0.0,0.0
11703,119.676,,119.676,True,0.0,0.0,0.0,0.0,0.0,0.0,0.0,0.0
11704,119.775,,119.775,True,0.0,0.0,0.0,0.0,0.0,0.0,0.0,0.0
11705,119.871,,119.871,True,0.0,0.0,0.0,0.0,0.0,0.0,0.0,0.0
11706,119.964,,119.964,True,0.0,0.0,0.0,0.0,0.0,0.0,0.0,0.0
11707,120.06,,120.06,True,0.0,0.0,0.0,0.0,0.0,0.0,0.0,0.0
11708,120.159,,120.159,True,0.0,0.0,0.0,0.0,0.0,0.0,0.0,0.0
11709,120.258,,120.258,True,0.0,0.0,0.0,0.0,0.0,0.0,0.0,0.0
11710,120.354,,120.354,True,0.0,0.0,0.0,0.0,0.0,0.0,0.0,0.0
11711,120.45,,120.45,True,0.0,0.0,0.0,0.0,0.0,0.0,0.0,0.0
11712,120.549,,120.549,True,0.0,0.0,0.0,0.0,0.0,0.0,0.0,0.0
11713,120.648,,120.648,True,0.0,0.0,0.0,0.0,0.0,0.0,0.0,0.0
11714,120.744,,120.744,True,0.0,0.0,0.0,0.0,0.0,0.0,0.0,0.0
11715,120.84,,120.84,True,0.0,0.0,0.0,0.0,0.0,0.0,0.0,0.0
11716,120.939,,120.939,True,0.0,0.0,0.0,0.0,0.0,0.0,0.0,0.0
11717,121.035,,121.035,True,0.0,0.0,0.0,0.0,0.0,0.0,0.0,0.0
11718,121.134,,121.134,True,0.0,0.0,0.0,0.0,0.0,0.0,0.0,0.0
11719,121.23,,121.23,True,0.0,0.0,0.0,0.0,0.0,0.0,0.0,0.0
11720,121.329,,121.329,True,0.0,0.0,0.0,0.0,0.0,0.0,0.0,0.0
11721,121.425,,121.425,True,0.0,0.0,0.0,0.0,0.0,0.0,0.0,0.0
11722,121.521,,121.521,True,0.0,0.0,0.0,0.0,0.0,0.0,0.0,0.0
