header_seq,header_stamp,header_frame_id,t,pose_position_x,pose_position_y,pose_position_z,pose_orientation_x,pose_orientation_y,pose_orientation_z,pose_orientation_w,velocity_linear_x,velocity_linear_y,velocity_linear_z,velocity_angular_x,velocity_angular_y,velocity_angular_z,acceleration_linear_x,acceleration_linear_y,acceleration_linear_z,acceleration_angular_x,acceleration_angular_y,acceleration_angular_z,acc_bias_x,acc_bias_y,acc_bias_z,gyr_bias_x,gyr_bias_y,gyr_bias_z,jerk_x,jerk_y,jerk_z,snap_x,snap_y,snap_z,motors_len,motors
45691,456.920999998,world,456.92099999845914,-3.899380640648639e-05,5.166875660360075e-05,1.344478555577326,8.825879938626917e-10,6.643138235352294e-10,0.00019470229772528062,-0.9999999810455075,7.146499217776468e-07,-9.47723997873203e-07,-9.189640750003501e-11,-2.3668546073805105e-10,-1.6019774932442022e-10,7.140188904773334e-06,-1.3025207430559747e-08,1.7311809988605808e-08,3.4644879557783683e-12,0.0,0.0,0.0,0.0,0.0,0.0,0.0,0.0,0.0,0.0,0.0,0.0,0.0,0.0,0.0,4,"1215.0970809635526,1215.097080705604,1215.097073922112,1215.0970738851584"
45692,456.932999998,world,456.9329999984591,-3.8985231545041496e-05,5.165738516186028e-05,1.3444785555762229,8.800962254583343e-10,6.624177351364879e-10,0.00019465946049014484,-0.9999999810538471,7.144937345730781e-07,-9.475164007112728e-07,-9.185485910568038e-11,8.961661003381479e-10,6.672975785314047e-10,7.1388548908350305e-06,-1.29918797886728e-08,1.7268205977831347e-08,3.4594549447356067e-12,0.0,0.0,0.0,0.0,0.0,0.0,0.0,0.0,0.0,0.0,0.0,0.0,0.0,0.0,0.0,4,"1215.0970789629523,1215.097080909652,1215.097074666215,1215.0970749376063"
45693,456.94199999800003,world,456.94199999845904,-3.897880162663048e-05,5.164885821231008e-05,1.3444785555753955,8.763255852695854e-10,6.596065997221455e-10,0.00019462733832308974,-0.9999999810600995,7.143771074423737e-07,-9.473613898848376e-07,-9.182375095258985e-11,6.371376128393966e-10,4.786136093145999e-10,7.137636875612481e-06,-1.293595669069682e-08,1.719313741320682e-08,3.4532376957996704e-12,0.0,0.0,0.0,0.0,0.0,0.0,0.0,0.0,0.0,0.0,0.0,0.0,0.0,0.0,0.0,4,"1215.0970801262354,1215.0970807569533,1215.0970742530194,1215.0970743402154"
45694,456.950999998,world,456.950999998459,-3.897237275604227e-05,5.164033265542591e-05,1.3444785555745697,8.755632329816536e-10,6.589890426675091e-10,0.00019459522199852974,-0.9999999810663498,7.142608200770434e-07,-9.472068302081853e-07,-9.179269964291817e-11,-3.9183401754472926e-10,-2.725921725214807e-10,7.136265520261746e-06,-1.2920250233188904e-08,1.717325014220812e-08,3.4485007442269713e-12,0.0,0.0,0.0,0.0,0.0,0.0,0.0,0.0,0.0,0.0,0.0,0.0,0.0,0.0,0.0,4,"1215.0970809542991,1215.0970806880991,1215.0970739352467,1215.0970738987776"
45695,456.962999998,world,456.96299999845894,-3.8963802556622416e-05,5.162896741021835e-05,1.3444785555734693,8.740177295505226e-10,6.577852687489198e-10,0.00019455240828594877,-0.9999999810746801,7.141058049306372e-07,-9.470007757388167e-07,-9.175136589168166e-11,7.370439935580406e-10,5.496386085769484e-10,7.134937379183797e-06,-1.2900471200189492e-08,1.7148187902877623e-08,3.4413953168679228e-12,0.0,0.0,0.0,0.0,0.0,0.0,0.0,0.0,0.0,0.0,0.0,0.0,0.0,0.0,0.0,4,"1215.0970789524135,1215.097080896057,1215.0970746776193,1215.097074950331"
45696,456.971999998,world,456.9719999984589,-3.895737612604007e-05,5.162044509665335e-05,1.344478555572644,8.709614000278785e-10,6.555061574273717e-10,0.00019452030373802505,-0.9999999810809257,7.139899483921809e-07,-9.468467748972493e-07,-9.172043182156138e-11,4.794078002176644e-10,3.601880137583358e-10,7.133723641967658e-06,-1.2854975821171503e-08,1.7087137486408293e-08,3.435474127402049e-12,0.0,0.0,0.0,0.0,0.0,0.0,0.0,0.0,0.0,0.0,0.0,0.0,0.0,0.0,0.0,4,"1215.097080113482,1215.097080746213,1215.0970742637899,1215.0970743529344"
45697,456.980999998,world,456.98099999845886,-3.895095073676784e-05,5.1611924167229354e-05,1.3444785555718186,8.708997047516134e-10,6.554183968831013e-10,0.00019448820501361235,-0.999999981087169,7.138743377642512e-07,-9.466931000922572e-07,-9.168955814757369e-11,-5.449935785659376e-10,-3.893157962419754e-10,7.13235644269874e-06,-1.2849665609418356e-08,1.708101625977227e-08,3.426592343196776e-12,0.0,0.0,0.0,0.0,0.0,0.0,0.0,0.0,0.0,0.0,0.0,0.0,0.0,0.0,0.0,4,"1215.0970809397877,1215.0970806798687,1215.0970739454433,1215.0970739113175"
45698,456.992999998,world,456.9929999984588,-3.894238517042223e-05,5.1600565080624404e-05,1.3444785555707182,8.702514034956337e-10,6.549043378615606e-10,0.0001944454147405152,-0.9999999810954903,7.137200811410396e-07,-9.464880368674081e-07,-9.164847871142466e-11,5.918437780387441e-10,4.3697521140516943e-10,7.131033255394132e-06,-1.2843430270715438e-08,1.707359240710705e-08,3.419190856367665e-12,0.0,0.0,0.0,0.0,0.0,0.0,0.0,0.0,0.0,0.0,0.0,0.0,0.0,0.0,0.0,4,"1215.0970789378382,1215.0970808903942,1215.0970746865837,1215.097074961599"
45699,457.001999998,world,457.00199999845876,-3.893596220919901e-05,5.159204737888777e-05,1.3444785555698928,8.678300952789274e-10,6.531208006380304e-10,0.00019441332775299477,-0.9999999811017289,7.136046889093686e-07,-9.463346443355904e-07,-9.161775484353039e-11,3.4271992452636926e-10,2.528215909816944e-10,7.129823124431914e-06,-1.2807677898655275e-08,1.7025040097617366e-08,3.4094208937522042e-12,0.0,0.0,0.0,0.0,0.0,0.0,0.0,0.0,0.0,0.0,0.0,0.0,0.0,0.0,0.0,4,"1215.0970800977027,1215.097080742306,1215.0970742724473,1215.0970743639573"
45700,457.010999998,world,457.0109999984587,-3.892954028549389e-05,5.158353105631116e-05,1.344478555569068,8.683614487021561e-10,6.535012729211733e-10,0.00019438124657298928,-0.9999999811079655,7.134894574459853e-07,-9.461814693344298e-07,-9.158710143779076e-11,-6.716502420308721e-10,-4.899001388987102e-10,7.128459425079401e-06,-1.2811581972400267e-08,1.7030601220540642e-08,3.4034997042863304e-12,0.0,0.0,0.0,0.0,0.0,0.0,0.0,0.0,0.0,0.0,0.0,0.0,0.0,0.0,0.0,4,"1215.09708092332,1215.0970806773125,1215.0970739538113,1215.0970739219676"
45701,457.022999998,world,457.02299999845866,-3.892097933528348e-05,5.1572178106039405e-05,1.3444785555679701,8.684358276029546e-10,6.535640383785759e-10,0.00019433847966957666,-0.9999999811162776,7.133355829610131e-07,-9.459769170652956e-07,-9.154630414631973e-11,4.77847747344324e-10,3.4549442246570485e-10,7.127140342852237e-06,-1.28167018445211e-08,1.7037415829829595e-08,3.3987627527136314e-12,0.0,0.0,0.0,0.0,0.0,0.0,0.0,0.0,0.0,0.0,0.0,0.0,0.0,0.0,0.0,4,"1215.0970789227317,1215.097080888852,1215.0970746940222,1215.0970749708042"
45702,457.031999998,world,457.0319999984586,-3.8914559833586295e-05,5.156366500307142e-05,1.3444785555671468,8.665044784065757e-10,6.52174653440514e-10,0.00019430641019340457,-0.9999999811225093,7.132203919326423e-07,-9.458238011297792e-07,-9.151574429537363e-11,2.3906911535270373e-10,1.691916351036525e-10,7.1259332005522434e-06,-1.278871653377078e-08,1.699852533707216e-08,3.3928415632606822e-12,0.0,0.0,0.0,0.0,0.0,0.0,0.0,0.0,0.0,0.0,0.0,0.0,0.0,0.0,0.0,4,"1215.0970800823225,1215.0970807414956,1215.0970742797408,1215.0970743728503"
45703,457.040999998,world,457.0409999984586,-3.890814136789987e-05,5.155515327715091e-05,1.3444785555663235,8.674784193439874e-10,6.529126886627582e-10,0.00019427434651149338,-0.999999981128739,7.131052953094355e-07,-9.456708203870124e-07,-9.148520664888801e-11,-7.646678378626159e-10,-5.65176703807507e-10,7.124572400095289e-06,-1.2799672752371705e-08,1.7012820518152425e-08,3.3916573253675075e-12,0.0,0.0,0.0,0.0,0.0,0.0,0.0,0.0,0.0,0.0,0.0,0.0,0.0,0.0,0.0,4,"1215.0970809080554,1215.097080676953,1215.0970739609259,1215.0970739304742"
45704,457.052999998,world,457.0529999984585,-3.889958502700988e-05,5.154380645367358e-05,1.3444785555652257,8.680750032932172e-10,6.533975378796763e-10,0.00019423160292014624,-0.999999981137042,7.129515084739091e-07,-9.45466413121639e-07,-9.144455472261832e-11,3.967781040284723e-10,2.800651372791765e-10,7.123256649083179e-06,-1.2813117483573807e-08,1.7029937749373937e-08,3.3848479574785214e-12,0.0,0.0,0.0,0.0,0.0,0.0,0.0,0.0,0.0,0.0,0.0,0.0,0.0,0.0,0.0,4,"1215.0970789096668,1215.0970808885331,1215.0970747002843,1215.0970749779224"
45705,457.061999998,world,457.0619999984585,-3.8893168981926645e-05,5.1535297945048374e-05,1.3444785555644023,8.664882770674223e-10,6.522854796052244e-10,0.00019419955091510587,-0.9999999811432672,7.128363218277804e-07,-9.45313329871008e-07,-9.141414260534938e-11,1.6698177665304107e-10,1.1134230147210715e-10,7.122051934888497e-06,-1.2790607253716466e-08,1.699785154142086e-08,3.375077994863061e-12,0.0,0.0,0.0,0.0,0.0,0.0,0.0,0.0,0.0,0.0,0.0,0.0,0.0,0.0,0.0,4,"1215.097080069427,1215.097080741366,1215.0970742858756,1215.0970743797357"
45706,457.070999998,world,457.07099999845843,-3.8886753973025934e-05,5.152679081343959e-05,1.344478555563579,8.677667107653429e-10,6.532667523740061e-10,0.00019416750469355588,-0.9999999811494901,7.127211836561739e-07,-9.45160324524864e-07,-9.138381427291137e-11,-8.279412137287258e-10,-6.154887448434214e-10,7.120693490053871e-06,-1.2806369946800542e-08,1.701816300546075e-08,3.3661962106577878e-12,0.0,0.0,0.0,0.0,0.0,0.0,0.0,0.0,0.0,0.0,0.0,0.0,0.0,0.0,0.0,4,"1215.0970808955667,1215.0970806768828,1215.0970739668749,1215.0970739370778"
45707,457.082999998,world,457.0829999984584,-3.8878202242111956e-05,5.1515450116491806e-05,1.344478555562483,8.687151437228037e-10,6.540286426413612e-10,0.00019412478436768945,-0.9999999811577839,7.125672799242117e-07,-9.449558069154219e-07,-9.134349511748959e-11,3.427000316093517e-10,2.379389856645066e-10,7.1193803737279975e-06,-1.2825287368145129e-08,1.704222760610372e-08,3.3555380696321396e-12,0.0,0.0,0.0,0.0,0.0,0.0,0.0,0.0,0.0,0.0,0.0,0.0,0.0,0.0,0.0,4,"1215.0970788995396,1215.0970808882053,1215.0970747053466,1215.097074983308"
45708,457.091999998,world,457.09199999845833,-3.887178965563534e-05,5.1506946203893426e-05,1.3444785555616616,8.673563651401657e-10,6.530924387961135e-10,0.00019409274980153454,-0.9999999811640022,7.124519659573337e-07,-9.448025900741594e-07,-9.131333583501079e-11,1.1975410970140818e-10,7.527155815379462e-11,7.118177585270538e-06,-1.2806255029417071e-08,1.7014646458182975e-08,3.3499129396363283e-12,0.0,0.0,0.0,0.0,0.0,0.0,0.0,0.0,0.0,0.0,0.0,0.0,0.0,0.0,0.0,4,"1215.0970800594805,1215.0970807411197,1215.0970742907807,1215.0970743850173"
45709,457.100999998,world,457.1009999984583,-3.886537810661961e-05,5.149844366968674e-05,1.3444785555608403,8.688320702744692e-10,6.54222622494519e-10,0.0001940607210103219,-0.9999999811702182,7.123366718188364e-07,-9.446494136081319e-07,-9.12832218496314e-11,-8.684068633311064e-10,-6.45656759965164e-10,7.116821010733963e-06,-1.2824966560451466e-08,1.703886080429838e-08,3.3433996312303295e-12,0.0,0.0,0.0,0.0,0.0,0.0,0.0,0.0,0.0,0.0,0.0,0.0,0.0,0.0,0.0,4,"1215.0970808859506,1215.097080676675,1215.0970739715665,1215.0970739422048"
45710,457.112999998,world,457.11299999845824,-3.885683099127816e-05,5.148710910528404e-05,1.3444785555597452,8.700029599815316e-10,6.551472146324208e-10,0.00019401802391322577,-0.9999999811785031,7.121825232920722e-07,-9.444446182536206e-07,-9.124311289643565e-11,3.0899648781066793e-10,2.1380017737981018e-10,7.115509909588697e-06,-1.2847104027308226e-08,1.7067322554034993e-08,3.34103115544398e-12,0.0,0.0,0.0,0.0,0.0,0.0,0.0,0.0,0.0,0.0,0.0,0.0,0.0,0.0,0.0,4,"1215.0970788920706,1215.0970808878208,1215.0970747091294,1215.0970749873754"
45711,457.121999998,world,457.1219999984582,-3.885042186852705e-05,5.147860979444536e-05,1.3444785555589238,8.687840660953288e-10,6.543094526989793e-10,0.0001939860067608125,-0.9999999811847144,7.120670029128538e-07,-9.442911613565636e-07,-9.121305279388038e-11,9.132166779672677e-11,5.56420422314722e-11,7.114308602323755e-06,-1.2830024014502657e-08,1.7042511187334626e-08,3.339550858067818e-12,0.0,0.0,0.0,0.0,0.0,0.0,0.0,0.0,0.0,0.0,0.0,0.0,0.0,0.0,0.0,4,"1215.097080052012,1215.0970807408976,1215.0970742944032,1215.0970743890828"
45712,457.130999998,world,457.13099999845815,-3.884401378516736e-05,5.147011186426365e-05,1.3444785555581025,8.703755813703369e-10,6.555178537402924e-10,0.00019395399537675527,-0.9999999811909238,7.119514867773332e-07,-9.441377222552164e-07,-9.118303265935401e-11,-8.914315537964409e-10,-6.608183404645896e-10,7.1129534707506765e-06,-1.2850291111486168e-08,1.7069023745382412e-08,3.3324454307087694e-12,0.0,0.0,0.0,0.0,0.0,0.0,0.0,0.0,0.0,0.0,0.0,0.0,0.0,0.0,0.0,4,"1215.0970808786185,1215.097080676587,1215.0970739749862,1215.097073946202"
45713,457.142999998,world,457.1429999984581,-3.883547129391483e-05,5.145878344239842e-05,1.3444785555570078,8.716687666239544e-10,6.565202595467298e-10,0.00019391132148043722,-0.9999999811991995,7.117970237895589e-07,-9.439325485615878e-07,-9.114308002556012e-11,2.912920362989596e-10,2.0299972682965934e-10,7.111643841840921e-06,-1.2873975862321523e-08,1.7099910713606735e-08,3.3271163601959453e-12,0.0,0.0,0.0,0.0,0.0,0.0,0.0,0.0,0.0,0.0,0.0,0.0,0.0,0.0,0.0,4,"1215.0970788866132,1215.0970808876968,1215.0970747116771,1215.0970749904052"
45714,457.151999998,world,457.15199999845805,-3.882906564176159e-05,5.145028874153018e-05,1.3444785555561884,8.70519783959835e-10,6.557234326748072e-10,0.0001938793217228608,-0.9999999812054041,7.116812572381682e-07,-9.43778791112747e-07,-9.111316084731407e-11,7.80095546278735e-11,4.8261611147449483e-11,7.110443627875886e-06,-1.285771518490935e-08,1.7076492166909614e-08,3.324747884409596e-12,0.0,0.0,0.0,0.0,0.0,0.0,0.0,0.0,0.0,0.0,0.0,0.0,0.0,0.0,0.0,4,"1215.0970800463886,1215.0970807410076,1215.0970742968339,1215.0970743921616"
45715,457.160999998,world,457.160999998458,-3.882266103124373e-05,5.1441795424074105e-05,1.344478555555369,8.721607824935179e-10,6.569571461660394e-10,0.0001938473277287625,-0.9999999812116067,7.115654890796527e-07,-9.436250409031215e-07,-9.108324759025752e-11,-9.00084258937532e-10,-6.646893295054689e-10,7.109089567824201e-06,-1.287849574574807e-08,1.7103998161620356e-08,3.322971527576296e-12,0.0,0.0,0.0,0.0,0.0,0.0,0.0,0.0,0.0,0.0,0.0,0.0,0.0,0.0,0.0,4,"1215.0970808729878,1215.097080676882,1215.0970739772695,1215.0970739492525"
45716,457.172999998,world,457.17299999845795,-3.881412317400432e-05,5.143047315692768e-05,1.3444785555542766,8.734925963276614e-10,6.579729577283821e-10,0.00019380467701282265,-0.9999999812198735,7.114106854399425e-07,-9.434194419264026e-07,-9.104335860925036e-11,2.8711696753854225e-10,2.0241300221496924e-10,7.107780941833166e-06,-1.2902459547882129e-08,1.7135664975079766e-08,3.3259321223027706e-12,0.0,0.0,0.0,0.0,0.0,0.0,0.0,0.0,0.0,0.0,0.0,0.0,0.0,0.0,0.0,4,"1215.097078882692,1215.097080887996,1215.0970747131773,1215.0970749925268"
45717,457.181999998,world,457.1819999984579,-3.88077210000499e-05,5.142198307547197e-05,1.3444785555534573,8.723539799172014e-10,6.571727393513974e-10,0.00019377269463658408,-0.9999999812260714,7.112946626197319e-07,-9.432653613248566e-07,-9.101345482609694e-11,7.762964693175277e-11,5.0384662848150295e-11,7.10658148790484e-06,-1.28861455529223e-08,1.7112468281558124e-08,3.320899111260009e-12,0.0,0.0,0.0,0.0,0.0,0.0,0.0,0.0,0.0,0.0,0.0,0.0,0.0,0.0,0.0,4,"1215.097080042225,1215.0970807415263,1215.0970742982888,1215.0970743943512"
45718,457.190999998,world,457.19099999845787,-3.8801319870031284e-05,5.1413494380340414e-05,1.344478555552638,8.739876180137398e-10,6.583904989140396e-10,0.00019374071802040978,-0.9999999812322671,7.111786398902222e-07,-9.431112876806335e-07,-9.098359426762662e-11,-8.964129684391745e-10,-6.597105513817687e-10,7.105228181896373e-06,-1.2906627215633328e-08,1.713984969021606e-08,3.3158661002172475e-12,0.0,0.0,0.0,0.0,0.0,0.0,0.0,0.0,0.0,0.0,0.0,0.0,0.0,0.0,0.0,4,"1215.0970808687616,1215.0970806775488,1215.097073978651,1215.0970739514285"
45719,457.202999998,world,457.2029999984578,-3.879278665699008e-05,5.140217828079978e-05,1.3444785555515455,8.752865885352979e-10,6.593690381053958e-10,0.00019369809047095594,-0.9999999812405248,7.110235030539981e-07,-9.429052621331694e-07,-9.094382963159822e-11,2.9442323955556176e-10,2.0987996394478715e-10,7.103920160057504e-06,-1.2929872470506748e-08,1.7170890239066248e-08,3.312313386537723e-12,0.0,0.0,0.0,0.0,0.0,0.0,0.0,0.0,0.0,0.0,0.0,0.0,0.0,0.0,0.0,4,"1215.0970788801158,1215.0970808886057,1215.0970747138733,1215.097074993794"
45720,457.211999998,world,457.21199999845777,-3.878638796877641e-05,5.1393692828377826e-05,1.344478555550727,8.741082290338543e-10,6.585305185281595e-10,0.00019366612546716164,-0.9999999812467159,7.109072370772389e-07,-9.427508681179243e-07,-9.091404397617463e-11,8.802442947355073e-11,5.997341799404184e-11,7.102721184938537e-06,-1.2912817776257127e-08,1.7146929008418338e-08,3.308760672858199e-12,0.0,0.0,0.0,0.0,0.0,0.0,0.0,0.0,0.0,0.0,0.0,0.0,0.0,0.0,0.0,4,"1215.0970800393932,1215.0970807422818,1215.0970742990114,1215.0970743957014"
45721,457.220999998,world,457.2209999984577,-3.8779990326653944e-05,5.1385208765065426e-05,1.3444785555499097,8.756877418466008e-10,6.597000736839984e-10,0.00019363416622124958,-0.9999999812529048,7.107909788154046e-07,-9.425964893341844e-07,-9.088429295970942e-11,-8.827470599405966e-10,-6.478620940570401e-10,7.1013683666214724e-06,-1.2932365264435957e-08,1.7173264687987287e-08,3.3043197807555624e-12,0.0,0.0,0.0,0.0,0.0,0.0,0.0,0.0,0.0,0.0,0.0,0.0,0.0,0.0,0.0,4,"1215.097080865862,1215.0970806783748,1215.0970739793675,1215.0970739527825"
45722,457.232999998,world,457.2329999984577,-3.877146176735998e-05,5.137389884546565e-05,1.34447855554882,8.76897196481142e-10,6.606025150873971e-10,0.0001935915618298678,-0.9999999812611535,7.10635542570804e-07,-9.423900738464481e-07,-9.084464941200559e-11,3.1060247259103825e-10,2.234158328932953e-10,7.100060616553179e-06,-1.2954126774872045e-08,1.7202561806286316e-08,3.304615840225625e-12,0.0,0.0,0.0,0.0,0.0,0.0,0.0,0.0,0.0,0.0,0.0,0.0,0.0,0.0,0.0,4,"1215.0970788788475,1215.0970808892841,1215.0970747139831,1215.0970749942721"
45723,457.241999998,world,457.24199999845763,-3.876506657175375e-05,5.1365418030997906e-05,1.3444785555480026,8.75641209865798e-10,6.596998044662738e-10,0.00019355961419347456,-0.9999999812673378,7.105190644600582e-07,-9.422354021990666e-07,-9.081490994185984e-11,1.0637135588775142e-10,7.499846266339671e-11,7.098861887402775e-06,-1.2935820647041096e-08,1.7177088408481133e-08,3.3043197807555624e-12,0.0,0.0,0.0,0.0,0.0,0.0,0.0,0.0,0.0,0.0,0.0,0.0,0.0,0.0,0.0,4,"1215.0970800378666,1215.0970807430297,1215.0970742992006,1215.09707439629"
45724,457.250999998,world,457.2509999984576,-3.8758672424095135e-05,5.1356938608074084e-05,1.3444785555471852,8.771329811432705e-10,6.607981722943182e-10,0.00019352767231379823,-0.99999998127352,7.104026060024707e-07,-9.420807603722202e-07,-9.078517550472513e-11,-8.621017610434383e-10,-6.312363832660117e-10,7.0975093377862385e-06,-1.2953980094388327e-08,1.7201714186556987e-08,3.3022473644392753e-12,0.0,0.0,0.0,0.0,0.0,0.0,0.0,0.0,0.0,0.0,0.0,0.0,0.0,0.0,0.0,4,"1215.097080864256,1215.0970806791258,1215.097073979597,1215.0970739534073"
45725,457.262999998,world,457.26299999845753,-3.875014852677784e-05,5.134563487920374e-05,1.3444785555460954,8.782149630676949e-10,6.615985121780397e-10,0.00019348509107659415,-0.9999999812817597,7.102469232743244e-07,-9.418740195652656e-07,-9.074557488564489e-11,3.324462411619975e-10,2.4083978948607094e-10,7.096201588675141e-06,-1.2973743631449366e-08,1.7228516874247394e-08,3.2983985912896885e-12,0.0,0.0,0.0,0.0,0.0,0.0,0.0,0.0,0.0,0.0,0.0,0.0,0.0,0.0,0.0,4,"1215.0970788788281,1215.0970808898287,1215.0970747136569,1215.0970749940716"
45726,457.271999998,world,457.2719999984575,-3.874375682951536e-05,5.133715871024504e-05,1.344478555545278,8.768581149503162e-10,6.606156559105664e-10,0.00019345316080570906,-0.9999999812879372,7.101302763923748e-07,-9.417191241035175e-07,-9.071588663378796e-11,1.2937792709885312e-10,9.32266658813251e-11,7.095002917718595e-06,-1.2953869882484637e-08,1.720107062098218e-08,3.2986946507726758e-12,0.0,0.0,0.0,0.0,0.0,0.0,0.0,0.0,0.0,0.0,0.0,0.0,0.0,0.0,0.0,4,"1215.0970800375583,1215.0970807435997,1215.0970742989884,1215.097074396239"
45727,457.280999998,world,457.28099999845745,-3.873736618165479e-05,5.132868393476303e-05,1.344478555544462,8.78243429365108e-10,6.616299783072317e-10,0.00019342123629119174,-0.9999999812941126,7.100136636444303e-07,-9.415642767539454e-07,-9.068621288884523e-11,-8.377967453410218e-10,-6.120974734727807e-10,7.093650461761697e-06,-1.2970385789558542e-08,1.7223614474977033e-08,3.2951419370931515e-12,0.0,0.0,0.0,0.0,0.0,0.0,0.0,0.0,0.0,0.0,0.0,0.0,0.0,0.0,0.0,4,"1215.097080863826,1215.0970806796688,1215.0970739794554,1215.0970739534343"
45728,457.292999998,world,457.2929999984574,-3.872884695276628e-05,5.1317386405195726e-05,1.344478555543375,8.791798021515321e-10,6.623158173104919e-10,0.00019337867820790148,-0.9999999813023434,7.098577986548795e-07,-9.413572917192578e-07,-9.064666141563752e-11,3.566853021148782e-10,2.598886193035094e-10,7.0923424995495736e-06,-1.2987903871287288e-08,1.7247560758881555e-08,3.297510412879501e-12,0.0,0.0,0.0,0.0,0.0,0.0,0.0,0.0,0.0,0.0,0.0,0.0,0.0,0.0,0.0,4,"1215.097078879899,1215.0970808901588,1215.0970747129932,1215.0970749933342"
45729,457.301999998,world,457.30199999845735,-3.8722458758172394e-05,5.13089148875252e-05,1.3444785555425596,8.777133591542453e-10,6.612469697130957e-10,0.00019334676530313437,-0.9999999813085141,7.09741032742705e-07,-9.412022355817303e-07,-9.061698145344586e-11,1.5387847143785924e-10,1.1243250367355676e-10,7.091143740223716e-06,-1.2966344705269717e-08,1.7217965909560358e-08,3.2986946507726758e-12,0.0,0.0,0.0,0.0,0.0,0.0,0.0,0.0,0.0,0.0,0.0,0.0,0.0,0.0,0.0,4,"1215.0970800382772,1215.0970807439503,1215.0970742984618,1215.097074395696"
45730,457.310999998,world,457.3109999984573,-3.871607161398316e-05,5.1300444764689976e-05,1.3444785555417442,8.78987417701885e-10,6.621742549090937e-10,0.00019331485815501896,-0.9999999813146826,7.096243162233057e-07,-9.410472470387734e-07,-9.058729320158892e-11,-8.128426422194325e-10,-5.926005240639582e-10,7.089791243007508e-06,-1.29811553692141e-08,1.723832954977101e-08,3.2986946507726758e-12,0.0,0.0,0.0,0.0,0.0,0.0,0.0,0.0,0.0,0.0,0.0,0.0,0.0,0.0,0.0,4,"1215.0970808643515,1215.0970806799992,1215.097073979021,1215.0970739530137"
45731,457.322999998,world,457.32299999845725,-3.87075570579778e-05,5.128915344046018e-05,1.344478555540657,8.797773505172583e-10,6.627457363416256e-10,0.00019327232322819603,-0.9999999813229045,7.094683366996165e-07,-9.408401042543652e-07,-9.0547722188456e-11,3.805733543014505e-10,2.785439235660302e-10,7.0884829052964904e-06,-1.2996427113425738e-08,1.7259398211079046e-08,3.2951419370931515e-12,0.0,0.0,0.0,0.0,0.0,0.0,0.0,0.0,0.0,0.0,0.0,0.0,0.0,0.0,0.0,4,"1215.09707888181,1215.0970808903057,1215.097074712061,1215.097074992208"
45732,457.331999998,world,457.3319999984572,-3.870117236886092e-05,5.128068657792321e-05,1.3444785555398417,8.782044206901115e-10,6.615938405098538e-10,0.0001932404276920696,-0.9999999813290684,7.093515022480503e-07,-9.406849520544755e-07,-9.051806531890322e-11,1.773610980686479e-10,1.3073127427378308e-10,7.087283948377265e-06,-1.2973237716457663e-08,1.7227712451927826e-08,3.2951419370931515e-12,0.0,0.0,0.0,0.0,0.0,0.0,0.0,0.0,0.0,0.0,0.0,0.0,0.0,0.0,0.0,4,"1215.0970800397567,1215.0970807441372,1215.0970742976867,1215.097074394804"
45733,457.340999998,world,457.34099999845716,-3.8694788730699966e-05,5.127222111100191e-05,1.3444785555390264,8.793731673531286e-10,6.624392334119484e-10,0.00019320853791334716,-0.9999999813352304,7.092347317311056e-07,-9.405298861275867e-07,-9.048841733113468e-11,-7.894995509915829e-10,-5.744752375416029e-10,7.085931310977453e-06,-1.2986441735825111e-08,1.7246009556316788e-08,3.2924774018238147e-12,0.0,0.0,0.0,0.0,0.0,0.0,0.0,0.0,0.0,0.0,0.0,0.0,0.0,0.0,0.0,4,"1215.097080865556,1215.0970806801881,1215.0970739783577,1215.097073952282"
45734,457.352999998,world,457.3529999984571,-3.868627885003256e-05,5.126093599558308e-05,1.3444785555379415,8.800283699160246e-10,6.629062117582625e-10,0.00019316602614762921,-0.9999999813434431,7.09078702294597e-07,-9.403226686199124e-07,-9.044892891859482e-11,4.0219191048538096e-10,2.953013775946686e-10,7.0846224812220256e-06,-1.2999657782319257e-08,1.726442704854563e-08,3.2901089260374652e-12,0.0,0.0,0.0,0.0,0.0,0.0,0.0,0.0,0.0,0.0,0.0,0.0,0.0,0.0,0.0,4,"1215.0970788842856,1215.0970808903528,1215.0970747109263,1215.0970749908192"
45735,457.361999998,world,457.36199999845707,-3.867989766773313e-05,5.125247379014073e-05,1.3444785555371281,8.783601186489415e-10,6.616805741628845e-10,0.00019313414798405277,-0.9999999813496003,7.089618460545253e-07,-9.401674805774046e-07,-9.041928685201571e-11,1.9816292033490438e-10,1.467995666206646e-10,7.083423250442719e-06,-1.2975019001017113e-08,1.7230867374794157e-08,3.2963261749863262e-12,0.0,0.0,0.0,0.0,0.0,0.0,0.0,0.0,0.0,0.0,0.0,0.0,0.0,0.0,0.0,4,"1215.0970800417242,1215.0970807442477,1215.0970742967306,1215.097074393682"
45736,457.370999998,world,457.370999998457,-3.8673517536527916e-05,5.124401298056176e-05,1.3444785555363148,8.794364160770455e-10,6.624547585119544e-10,0.00019310227557895498,-0.9999999813557555,7.088450665235032e-07,-9.40012395360748e-07,-9.038962879822504e-11,-7.69180338460524e-10,-5.588601210886272e-10,7.082070405804885e-06,-1.2986824488732272e-08,1.724734856728151e-08,3.2963261749863262e-12,0.0,0.0,0.0,0.0,0.0,0.0,0.0,0.0,0.0,0.0,0.0,0.0,0.0,0.0,0.0,4,"1215.0970808671739,1215.0970806803243,1215.0970739775346,1215.097073951352"
45737,457.382999998,world,457.38299999845697,-3.866501233182217e-05,5.1232734075065484e-05,1.3444785555352303,8.79976139470444e-10,6.628331976236581e-10,0.0001930597869804159,-0.9999999813639593,7.086890440260999e-07,-9.398051768198525e-07,-9.035006844323318e-11,4.204360740921934e-10,3.0926100769687903e-10,7.080761008310283e-06,-1.2998296443354286e-08,1.726349079200645e-08,3.2966222344563888e-12,0.0,0.0,0.0,0.0,0.0,0.0,0.0,0.0,0.0,0.0,0.0,0.0,0.0,0.0,0.0,4,"1215.0970788870766,1215.0970808903785,1215.0970747096594,1215.0970749892706"
45738,457.391999998,world,457.3919999984569,-3.865863465637293e-05,5.122427652698641e-05,1.344478555534417,8.782282171522055e-10,6.615467840239348e-10,0.00019302792619421783,-0.9999999813701098,7.085722060690523e-07,-9.3965000510353e-07,-9.032040180371783e-11,2.1539329120676665e-10,1.5990927445740974e-10,7.0795614568066234e-06,-1.2972461722046112e-08,1.722836323104697e-08,3.2945498181401017e-12,0.0,0.0,0.0,0.0,0.0,0.0,0.0,0.0,0.0,0.0,0.0,0.0,0.0,0.0,0.0,4,"1215.0970800439422,1215.097080744353,1215.0970742956633,1215.097074392426"
45739,457.400999998,world,457.4009999984569,-3.8652258031806e-05,5.1215820374561574e-05,1.3444785555336036,8.792284889634215e-10,6.622633490605895e-10,0.00019299607116776547,-0.9999999813762582,7.084554552494038e-07,-9.394949499313406e-07,-9.029075292777083e-11,-7.525801508287164e-10,-5.463205765548532e-10,7.078208366131795e-06,-1.2983134562915797e-08,1.72433499510012e-08,3.293365580246927e-12,0.0,0.0,0.0,0.0,0.0,0.0,0.0,0.0,0.0,0.0,0.0,0.0,0.0,0.0,0.0,4,"1215.0970808689826,1215.0970806804694,1215.0970739766212,1215.0970739503111"
45740,457.412999998,world,457.4129999984568,-3.864375750213133e-05,5.120454767807141e-05,1.3444785555325198,8.796754603320372e-10,6.625720053149502e-10,0.00019295360574333878,-0.999999981384453,7.082994861865559e-07,-9.392877915297435e-07,-9.025124763984097e-11,4.3483710571570784e-10,3.2005398484826386e-10,7.076898360908446e-06,-1.2993229755691058e-08,1.7257662112656837e-08,3.2901089260374652e-12,0.0,0.0,0.0,0.0,0.0,0.0,0.0,0.0,0.0,0.0,0.0,0.0,0.0,0.0,0.0,4,"1215.0970788899845,1215.0970808904299,1215.0970747083286,1215.0970749876403"
45741,457.421999998,world,457.4219999984568,-3.863738333248274e-05,5.119609478620424e-05,1.3444785555317085,8.778652868225303e-10,6.612391355189585e-10,0.0001929217623398553,-0.9999999813905968,7.081826984593068e-07,-9.391326784673835e-07,-9.022165146248025e-11,2.2873177964100838e-10,1.6982512424763352e-10,7.07569846715776e-06,-1.2966479746144311e-08,1.7221308132904788e-08,3.2904049855204524e-12,0.0,0.0,0.0,0.0,0.0,0.0,0.0,0.0,0.0,0.0,0.0,0.0,0.0,0.0,0.0,4,"1215.0970800462296,1215.0970807444924,1215.0970742945517,1215.09707439111"
45742,457.430999998,world,457.43099999845674,-3.8631010213228466e-05,5.1187643289415094e-05,1.3444785555308971,8.788070956715956e-10,6.619124539499138e-10,0.00019288992469746594,-0.9999999813967383,7.080660057640132e-07,-9.389776925772053e-07,-9.019204166638377e-11,-7.398873047745268e-10,-5.369718601239314e-10,7.074345115825339e-06,-1.2976301777782104e-08,1.7235144813462518e-08,3.290701044990515e-12,0.0,0.0,0.0,0.0,0.0,0.0,0.0,0.0,0.0,0.0,0.0,0.0,0.0,0.0,0.0,4,"1215.0970808708169,1215.0970806806538,1215.0970739756824,1215.0970739492307"
45743,457.442999998,world,457.4429999984567,-3.8622514356427226e-05,5.117637679938368e-05,1.3444785555298153,8.791847154731366e-10,6.621703561589787e-10,0.00019284748245444904,-0.9999999814049241,7.079101254183231e-07,-9.387706418062324e-07,-9.015255532626021e-11,4.4535423020457804e-10,3.277005507459503e-10,7.073034493571687e-06,-1.298539354737596e-08,1.7248086050916597e-08,3.290701044990515e-12,0.0,0.0,0.0,0.0,0.0,0.0,0.0,0.0,0.0,0.0,0.0,0.0,0.0,0.0,0.0,4,"1215.0970788928664,1215.097080890525,1215.0970747069966,1215.0970749859962"
45744,457.451999998,world,457.45199999845664,-3.861614369069787e-05,5.116792856146194e-05,1.344478555529004,8.773296747797071e-10,6.608050590588173e-10,0.00019281565643917167,-0.9999999814110613,7.077934114658549e-07,-9.386156194151386e-07,-9.012291622027586e-11,2.3823297892882696e-10,1.7665417504726057e-10,7.071834257805406e-06,-1.2958003623284046e-08,1.7210846886159283e-08,3.2939576991999767e-12,0.0,0.0,0.0,0.0,0.0,0.0,0.0,0.0,0.0,0.0,0.0,0.0,0.0,0.0,0.0,4,"1215.0970800484552,1215.0970807446758,1215.0970742934553,1215.097074389798"
45745,457.460999998,world,457.4609999984566,-3.860977407467396e-05,5.1159481717767613e-05,1.3444785555281926,8.782301437387416e-10,6.61448847762823e-10,0.0001927838361863224,-0.9999999814171963,7.076767979904074e-07,-9.384607317767441e-07,-9.009328273942148e-11,-7.309628353974901e-10,-5.30631315885154e-10,7.070480651891283e-06,-1.2967244194649757e-08,1.722386975196673e-08,3.2921813423537522e-12,0.0,0.0,0.0,0.0,0.0,0.0,0.0,0.0,0.0,0.0,0.0,0.0,0.0,0.0,0.0,4,"1215.0970808725574,1215.0970806808818,1215.0970739747734,1215.0970739481713"
45746,457.472999998,world,457.47299999845654,-3.8601282887694896e-05,5.1148221430427195e-05,1.3444785555271108,8.785606812399289e-10,6.616736748325569e-10,0.00019274141713195267,-0.999999981425373,7.075210307875923e-07,-9.382538226182796e-07,-9.005379935989267e-11,4.5222349815421253e-10,3.324648700130017e-10,7.069169428940606e-06,-1.2975679810806298e-08,1.7235877490820904e-08,3.2889246881442905e-12,0.0,0.0,0.0,0.0,0.0,0.0,0.0,0.0,0.0,0.0,0.0,0.0,0.0,0.0,0.0,4,"1215.0970788956176,1215.0970808906595,1215.0970747057108,1215.097074984395"
45747,457.481999998,world,457.4819999984565,-3.859491572341745e-05,5.113977784337449e-05,1.3444785555263006,8.766769468725177e-10,6.602886761947228e-10,0.00019270960851022992,-0.9999999814315034,7.0740440625023e-07,-9.380989129946764e-07,-9.002419755740197e-11,2.441975551529764e-10,1.8071015360851864e-10,7.067968869405606e-06,-1.2947900036835794e-08,1.7198070946337828e-08,3.28951680709734e-12,0.0,0.0,0.0,0.0,0.0,0.0,0.0,0.0,0.0,0.0,0.0,0.0,0.0,0.0,0.0,4,"1215.0970800505247,1215.0970807448964,1215.0970742924176,1215.0970743885446"
45748,457.490999998,world,457.49099999845646,-3.85885496080258e-05,5.113133564951242e-05,1.3444785555254912,8.775517149143936e-10,6.609151448469253e-10,0.0001926778056521764,-0.9999999814376316,7.072878854340028e-07,-9.379441428951362e-07,-8.999459397855443e-11,-7.254489987112844e-10,-5.269439763559037e-10,7.06661503193044e-06,-1.2956799145185908e-08,1.721058738935732e-08,3.2889246881442905e-12,0.0,0.0,0.0,0.0,0.0,0.0,0.0,0.0,0.0,0.0,0.0,0.0,0.0,0.0,0.0,4,"1215.0970808741183,1215.097080681143,1215.0970739739357,1215.0970739471861"
45749,457.502999998,world,457.5029999984564,-3.8580063087234736e-05,5.1120081560266135e-05,1.344478555524412,8.778550931940447e-10,6.611223070331689e-10,0.0001926354097932805,-0.9999999814457994,7.071322460342591e-07,-9.377373968690986e-07,-8.995511385567981e-11,4.5586712301005833e-10,3.3474668245785077e-10,7.065303246086686e-06,-1.2964881611707398e-08,1.7222053348256618e-08,3.2898128665674027e-12,0.0,0.0,0.0,0.0,0.0,0.0,0.0,0.0,0.0,0.0,0.0,0.0,0.0,0.0,0.0,4,"1215.0970788981638,1215.097080890821,1215.0970747045114,1215.0970749828875"
45750,457.511999998,world,457.51199999845636,-3.857369942157978e-05,5.1111642620480516e-05,1.3444785555236027,8.759568425665866e-10,6.597284695433994e-10,0.00019260361857007094,-0.999999981451923,7.070157195948773e-07,-9.3758261314897e-07,-8.992548067088491e-11,2.47089553228317e-10,1.8242057990883188e-10,7.064102396109313e-06,-1.2936925656260294e-08,1.7183958278305443e-08,3.2939576991999767e-12,0.0,0.0,0.0,0.0,0.0,0.0,0.0,0.0,0.0,0.0,0.0,0.0,0.0,0.0,0.0,4,"1215.09708005237,1215.0970807451392,1215.097074291476,1215.0970743873988"
45751,457.520999998,world,457.5209999984563,-3.856733680392129e-05,5.110320507274163e-05,1.3444785555227934,8.768193739340048e-10,6.603478524929008e-10,0.00019257183311161276,-0.9999999814580445,7.068992982588648e-07,-9.374279712835881e-07,-8.989583268311635e-11,-7.228443217006767e-10,-5.254600756792827e-10,7.062748364377008e-06,-1.2945684674572414e-08,1.7196233214126344e-08,3.293365580246927e-12,0.0,0.0,0.0,0.0,0.0,0.0,0.0,0.0,0.0,0.0,0.0,0.0,0.0,0.0,0.0,4,"1215.0970808754387,1215.0970806814219,1215.0970739732027,1215.0970739463212"
45752,457.532999998,world,457.53299999845626,-3.855885494537231e-05,5.109195717651418e-05,1.3444785555217142,8.771123761839536e-10,6.605499955414196e-10,0.00019252946045431412,-0.9999999814662034,7.067437930550271e-07,-9.372213990780978e-07,-8.985629867741757e-11,4.568284572168002e-10,3.3501681464410764e-10,7.061436070712131e-06,-1.2953662890925734e-08,1.720748772448525e-08,3.290701044990515e-12,0.0,0.0,0.0,0.0,0.0,0.0,0.0,0.0,0.0,0.0,0.0,0.0,0.0,0.0,0.0,4,"1215.0970789004523,1215.0970808909901,1215.097074703427,1215.0970749815142"
45753,457.541999998,world,457.5419999984562,-3.855249477533962e-05,5.1083522880117675e-05,1.344478555520905,8.752112826767422e-10,6.591560373710251e-10,0.00019249768663398385,-0.9999999814723203,7.066273676302734e-07,-9.370667467738398e-07,-8.982669124979687e-11,2.474773061191956e-10,1.8226751862920435e-10,7.060234975422204e-06,-1.2925702426616373e-08,1.7169333986596928e-08,3.2892207476272777e-12,0.0,0.0,0.0,0.0,0.0,0.0,0.0,0.0,0.0,0.0,0.0,0.0,0.0,0.0,0.0,4,"1215.0970800539444,1215.0970807453843,1215.0970742906575,1215.0970743863973"
45754,457.550999998,world,457.5509999984562,-3.854613565239456e-05,5.107508997458343e-05,1.3444785555200969,8.760724356970966e-10,6.597763791174305e-10,0.00019246591857927691,-0.999999981478435,7.065110472118531e-07,-9.369122366656814e-07,-8.979708737488984e-11,-7.225597123113657e-10,-5.256886920246469e-10,7.058880797617744e-06,-1.2934479831896196e-08,1.7181581314543584e-08,3.2898128665674027e-12,0.0,0.0,0.0,0.0,0.0,0.0,0.0,0.0,0.0,0.0,0.0,0.0,0.0,0.0,0.0,4,"1215.0970808764766,1215.0970806816974,1215.0970739725997,1215.0970739456097"
45755,457.562999998,world,457.5629999984561,-3.85376584520529e-05,5.106384826611664e-05,1.3444785555190204,8.763682506889606e-10,6.599831787516275e-10,0.00019242356912876763,-0.9999999814865849,7.063556760256311e-07,-9.367058401353456e-07,-8.975762146286995e-11,4.557150761569569e-10,3.337732265515443e-10,7.057568064656936e-06,-1.2942544494843926e-08,1.7192884290221906e-08,3.2871483313109907e-12,0.0,0.0,0.0,0.0,0.0,0.0,0.0,0.0,0.0,0.0,0.0,0.0,0.0,0.0,0.0,4,"1215.0970789024495,1215.0970808911452,1215.097074702482,1215.0970749803066"
45756,457.571999998,world,457.5719999984561,-3.8531301774625045e-05,5.105541860916093e-05,1.344478555518213,8.744732301780023e-10,6.585955748665823e-10,0.00019239181271493312,-0.9999999814926951,7.062393500643814e-07,-9.365513186958913e-07,-8.972801166677347e-11,2.4597809443535313e-10,1.807495128502829e-10,7.0563667784643505e-06,-1.2914707212312623e-08,1.715484769826074e-08,3.2924774018238147e-12,0.0,0.0,0.0,0.0,0.0,0.0,0.0,0.0,0.0,0.0,0.0,0.0,0.0,0.0,0.0,4,"1215.0970800552207,1215.0970807456094,1215.0970742899842,1215.0970743855696"
45757,457.580999998,world,457.58099999845604,-3.8524946143394906e-05,5.104699034189481e-05,1.3444785555174057,8.753410742021699e-10,6.59222683637295e-10,0.00019236006206734398,-0.9999999814988031,7.06123127928701e-07,-9.363969382945746e-07,-8.969838055439488e-11,-7.239742037216476e-10,-5.271347196549714e-10,7.0550125112473205e-06,-1.2923617615105934e-08,1.716722662759883e-08,3.2921813423537522e-12,0.0,0.0,0.0,0.0,0.0,0.0,0.0,0.0,0.0,0.0,0.0,0.0,0.0,0.0,0.0,4,"1215.0970808772113,1215.0970806819457,1215.0970739721479,1215.0970739450793"
45758,457.592999998,world,457.592999998456,-3.851647359730782e-05,5.1035754815980344e-05,1.3444785555163292,8.756491627630623e-10,6.5944087081608e-10,0.00019231773582770758,-0.9999999815069441,7.059678857624217e-07,-9.361907126301688e-07,-8.965889717486605e-11,4.531468981454296e-10,3.315024300865299e-10,7.05369941757582e-06,-1.2931901637775904e-08,1.7178764850478745e-08,3.2892207476272777e-12,0.0,0.0,0.0,0.0,0.0,0.0,0.0,0.0,0.0,0.0,0.0,0.0,0.0,0.0,0.0,4,"1215.097078904141,1215.0970808912612,1215.0970747016954,1215.097074979286"
45759,457.601999998,world,457.60199999845594,-3.8510120409564564e-05,5.102732979460406e-05,1.3444785555155219,8.737663562672484e-10,6.580639266126107e-10,0.00019228599682311675,-0.9999999815130476,7.058516545501419e-07,-9.360363170810375e-07,-8.962930691869479e-11,2.4320414799589314e-10,1.783441790083238e-10,7.052498001501397e-06,-1.2904272642446275e-08,1.7140966749220087e-08,3.2862601528878784e-12,0.0,0.0,0.0,0.0,0.0,0.0,0.0,0.0,0.0,0.0,0.0,0.0,0.0,0.0,0.0,4,"1215.0970800561881,1215.0970807457877,1215.0970742894738,1215.0970743849332"
45760,457.610999998,world,457.6109999984559,-3.8503768267174786e-05,5.101890616179414e-05,1.3444785555147145,8.746462293900636e-10,6.587014857385757e-10,0.0001922542635851151,-0.999999981519149,7.057355252780072e-07,-9.358820603990308e-07,-8.959974301181664e-11,-7.264868400258243e-10,-5.293317164832065e-10,7.051143707486231e-06,-1.2913388933855713e-08,1.7153582857841923e-08,3.282707439208354e-12,0.0,0.0,0.0,0.0,0.0,0.0,0.0,0.0,0.0,0.0,0.0,0.0,0.0,0.0,0.0,4,"1215.0970808776365,1215.0970806821388,1215.0970739718625,1215.097073944744"
45761,457.622999998,world,457.62299999845584,-3.8495300371590566e-05,5.1007676813440804e-05,1.3444785555136405,8.749725081334856e-10,6.589350498600281e-10,0.0001922119605592004,-0.9999999815272811,7.055804039954811e-07,-9.356759962819609e-07,-8.956035644373558e-11,4.497034454534153e-10,3.286505817745963e-10,7.049830338645687e-06,-1.2921971373326902e-08,1.7165473481473886e-08,3.282707439208354e-12,0.0,0.0,0.0,0.0,0.0,0.0,0.0,0.0,0.0,0.0,0.0,0.0,0.0,0.0,0.0,4,"1215.0970789055266,1215.0970808913094,1215.0970747010801,1215.0970749784656"
45762,457.631999998,world,457.6319999984558,-3.848895067078504e-05,5.099925642397822e-05,1.3444785555128351,8.731054911403283e-10,6.575711036385782e-10,0.00019218023896564956,-0.9999999815333777,7.054642608786288e-07,-9.35521718805355e-07,-8.953081207678271e-11,2.3971550455839956e-10,1.7547935341854308e-10,7.048628858183571e-06,-1.2894597110133028e-08,1.712798479531575e-08,3.282707439208354e-12,0.0,0.0,0.0,0.0,0.0,0.0,0.0,0.0,0.0,0.0,0.0,0.0,0.0,0.0,0.0,4,"1215.0970800568525,1215.0970807458905,1215.0970742891384,1215.0970743845003"
45763,457.640999998,world,457.64099999845575,-3.848260201455039e-05,5.09908374220318e-05,1.3444785555120298,8.740002620358829e-10,6.582209189551619e-10,0.0001921485231387348,-0.9999999815394723,7.053482174512754e-07,-9.353675774565262e-07,-8.950125261079668e-11,-7.295609827347031e-10,-5.318729820931262e-10,7.047274603782048e-06,-1.2903955263436104e-08,1.7140895106538134e-08,3.285964093417816e-12,0.0,0.0,0.0,0.0,0.0,0.0,0.0,0.0,0.0,0.0,0.0,0.0,0.0,0.0,0.0,4,"1215.0970808777624,1215.097080682249,1215.0970739717563,1215.0970739446145"
45764,457.652999998,world,457.6529999984557,-3.847413876598938e-05,5.0979614246570675e-05,1.344478555510956,8.743475293858538e-10,6.58471492424418e-10,0.00019210624332807277,-0.9999999815475956,7.051932072831069e-07,-9.351616630297884e-07,-8.946182222591357e-11,4.4588593590681084e-10,3.255967083804456e-10,7.045961049564527e-06,-1.2912868825027033e-08,1.715319394509941e-08,3.283891677101529e-12,0.0,0.0,0.0,0.0,0.0,0.0,0.0,0.0,0.0,0.0,0.0,0.0,0.0,0.0,0.0,4,"1215.0970789066203,1215.0970808912614,1215.0970747006481,1215.0970749778523"
45765,457.661999998,world,457.66199999845566,-3.84677925495899e-05,5.097119848561539e-05,1.3444785555101506,8.724976882165464e-10,6.571212296030826e-10,0.0001920745391463546,-0.9999999815536856,7.050771447361893e-07,-9.350074943714558e-07,-8.943226808899805e-11,2.3598340866985055e-10,1.725107228870673e-10,7.04475957284931e-06,-1.2885763214637766e-08,1.7116042508814994e-08,3.2818192607981666e-12,0.0,0.0,0.0,0.0,0.0,0.0,0.0,0.0,0.0,0.0,0.0,0.0,0.0,0.0,0.0,4,"1215.0970800572293,1215.0970807458887,1215.097074288988,1215.0970743842752"
45766,457.670999998,world,457.6709999984556,-3.84614473770468e-05,5.096278411121032e-05,1.3444785555093453,8.734081753648035e-10,6.5778355989595e-10,0.00019204284073101168,-0.9999999815597737,7.049611795452901e-07,-9.348534589075297e-07,-8.940276072947931e-11,-7.327567936565224e-10,-5.344269416224425e-10,7.0434054267010334e-06,-1.2895368750265834e-08,1.7129263675517426e-08,3.2761941308023553e-12,0.0,0.0,0.0,0.0,0.0,0.0,0.0,0.0,0.0,0.0,0.0,0.0,0.0,0.0,0.0,4,"1215.0970808776055,1215.0970806822456,1215.0970739718357,1215.0970739446932"
45767,457.682999998,world,457.68299999845556,-3.845298877233089e-05,5.0951567104345e-05,1.344478555508272,8.737767137838303e-10,6.580508903765921e-10,0.00019200058413576713,-0.9999999815678878,7.048062703417577e-07,-9.346476814373893e-07,-8.93634452156718e-11,4.420931563992608e-10,3.226373454230974e-10,7.042091778987438e-06,-1.2904609011405729e-08,1.714197698847562e-08,3.27737836869553e-12,0.0,0.0,0.0,0.0,0.0,0.0,0.0,0.0,0.0,0.0,0.0,0.0,0.0,0.0,0.0,4,"1215.097078907441,1215.0970808910886,1215.0970747004035,1215.097074977447"
45768,457.69199999800003,world,457.6919999984555,-3.844664603803349e-05,5.094315596877507e-05,1.3444785555074688,8.719437118884259e-10,6.567137206595417e-10,0.00019196889736564294,-0.9999999815739712,7.046902808315301e-07,-9.344936120582258e-07,-8.933397042269512e-11,2.3237446681271837e-10,1.697085867873822e-10,7.0408903751042945e-06,-1.2877760831799186e-08,1.7105156683416546e-08,3.2741217144860683e-12,0.0,0.0,0.0,0.0,0.0,0.0,0.0,0.0,0.0,0.0,0.0,0.0,0.0,0.0,0.0,4,"1215.0970800573407,1215.097080745755,1215.0970742890263,1215.0970743842574"
45769,457.700999998,world,457.7009999984555,-3.844030434694524e-05,5.0934746218874836e-05,1.3444785555066654,8.728691583191375e-10,6.573876690279759e-10,0.0001919372163613221,-0.9999999815800524,7.045743864755707e-07,-9.343396730373105e-07,-8.930450569574052e-11,-7.35741165560834e-10,-5.367497344782044e-10,7.039536406318216e-06,-1.2887596479809244e-08,1.7118674290368815e-08,3.2738256550160058e-12,0.0,0.0,0.0,0.0,0.0,0.0,0.0,0.0,0.0,0.0,0.0,0.0,0.0,0.0,0.0,4,"1215.097080877191,1215.097080682104,1215.0970739721058,1215.0970739449785"
45770,457.712999998,world,457.7129999984554,-3.843185038319427e-05,5.0923535376687454e-05,1.3444785555055943,8.732573887048655e-10,6.576701406212637e-10,0.00019189498298027844,-0.9999999815881576,7.044195686606332e-07,-9.341340202055066e-07,-8.926521238639352e-11,4.3861253527350507e-10,3.1998331980372893e-10,7.038222757180028e-06,-1.289713211891378e-08,1.713177159671392e-08,3.2758980713322928e-12,0.0,0.0,0.0,0.0,0.0,0.0,0.0,0.0,0.0,0.0,0.0,0.0,0.0,0.0,0.0,4,"1215.097078908015,1215.0970808907687,1215.0970747003496,1215.0970749772464"
45771,457.721999998,world,457.7219999984554,-3.842551112891285e-05,5.0915128863660136e-05,1.344478555504791,8.714396705399574e-10,6.563445825701934e-10,0.00019186331362047412,-0.9999999815942343,7.043036452818289e-07,-9.339800411480683e-07,-8.923575062003365e-11,2.2914322705038453e-10,1.6725852026333656e-10,7.037021494764648e-06,-1.2870512550640965e-08,1.709525223113194e-08,3.2729374765928935e-12,0.0,0.0,0.0,0.0,0.0,0.0,0.0,0.0,0.0,0.0,0.0,0.0,0.0,0.0,0.0,4,"1215.0970800572125,1215.097080745469,1215.0970742892544,1215.0970743844434"
45772,457.730999998,world,457.73099999845533,-3.841917291725427e-05,5.090672373550132e-05,1.3444785555039875,8.723782434728351e-10,6.570284731695402e-10,0.00019183165002559355,-0.999999981600309,7.041878151346128e-07,-9.338261899123498e-07,-8.920630691330165e-11,-7.38290199430134e-10,-5.386808652673643e-10,7.03566777149761e-06,-1.2880545644678006e-08,1.710903060935312e-08,3.2708650602766065e-12,0.0,0.0,0.0,0.0,0.0,0.0,0.0,0.0,0.0,0.0,0.0,0.0,0.0,0.0,0.0,4,"1215.0970808765446,1215.097080681805,1215.097073972564,1215.097073945465"
45773,457.742999998,world,457.7429999984553,-3.841072359185814e-05,5.0895519054425587e-05,1.3444785555029164,8.727833540541321e-10,6.573236032617415e-10,0.00019178943985616708,-0.9999999816084053,7.040330803610887e-07,-9.336206507193284e-07,-8.916707903309824e-11,4.3563139631941706e-10,3.177634406332314e-10,7.034354210879824e-06,-1.2890328190180897e-08,1.7122457068360485e-08,3.2676084060800695e-12,0.0,0.0,0.0,0.0,0.0,0.0,0.0,0.0,0.0,0.0,0.0,0.0,0.0,0.0,0.0,4,"1215.0970789083665,1215.0970808902853,1215.097074700482,1215.097074977244"
45774,457.751999998,world,457.75199999845523,-3.840438781569894e-05,5.0887117161350536e-05,1.344478555502114,8.709785806807968e-10,6.560076448591335e-10,0.0001917577879043924,-0.9999999816144753,7.039172172520042e-07,-9.334667541917042e-07,-8.913769365008243e-11,2.264505583617903e-10,1.6526783651763578e-10,7.0331531567528596e-06,-1.2863897904655036e-08,1.7086192953510183e-08,3.2649438708236574e-12,0.0,0.0,0.0,0.0,0.0,0.0,0.0,0.0,0.0,0.0,0.0,0.0,0.0,0.0,0.0,4,"1215.0970800568687,1215.097080745015,1215.0970742896682,1215.0970743848247"
45775,457.760999998,world,457.7609999984552,-3.8398053081627405e-05,5.087871665241102e-05,1.3444785555013126,8.719277836524181e-10,6.566993655008535e-10,0.00019172614171636222,-0.9999999816205433,7.038014458161492e-07,-9.333129833766422e-07,-8.910834290602502e-11,-7.402695216605068e-10,-5.401334003611119e-10,7.031799745248696e-06,-1.2874087122746123e-08,1.7100183285526908e-08,3.260502978721021e-12,0.0,0.0,0.0,0.0,0.0,0.0,0.0,0.0,0.0,0.0,0.0,0.0,0.0,0.0,0.0,4,"1215.09708087569,1215.0970806813348,1215.0970739732063,1215.0970739461452"
45776,457.772999998,world,457.77299999845513,-3.8389608392202944e-05,5.0867518129183376e-05,1.344478555500244,8.723462547764333e-10,6.570042268340071e-10,0.0001916839547546391,-0.9999999816286307,7.036467873467485e-07,-9.331075487101773e-07,-8.906922930477827e-11,4.3325122930731464e-10,3.160395114144483e-10,7.030486360389648e-06,-1.2884059261221785e-08,1.711387000938336e-08,3.259910859767971e-12,0.0,0.0,0.0,0.0,0.0,0.0,0.0,0.0,0.0,0.0,0.0,0.0,0.0,0.0,0.0,4,"1215.0970789085202,1215.0970808896273,1215.0970747007973,1215.0970749774312"
45777,457.781999998,world,457.7819999984551,-3.838327609242935e-05,5.085912085368192e-05,1.3444785554994427,8.705516862734618e-10,6.556956199382083e-10,0.00019165232020761745,-0.999999981634694,7.035309799121818e-07,-9.329537284325538e-07,-8.90398827055535e-11,2.2437331699047555e-10,1.6377976031592532e-10,7.029285579006109e-06,-1.2857774209341489e-08,1.7077807470269176e-08,3.261983276084258e-12,0.0,0.0,0.0,0.0,0.0,0.0,0.0,0.0,0.0,0.0,0.0,0.0,0.0,0.0,0.0,4,"1215.0970800563355,1215.097080744385,1215.0970742902632,1215.0970743853932"
45778,457.790999998,world,457.79099999845505,-3.837694483424782e-05,5.085072496163737e-05,1.3444785554986414,8.715087279158358e-10,6.563929032845613e-10,0.00019162069142287342,-0.9999999816407552,7.034152629912318e-07,-9.328000322469895e-07,-8.901051538216556e-11,-7.416249387309848e-10,-5.41081320863248e-10,7.027932542727258e-06,-1.2868075102691562e-08,1.7091955042517614e-08,3.263167513977433e-12,0.0,0.0,0.0,0.0,0.0,0.0,0.0,0.0,0.0,0.0,0.0,0.0,0.0,0.0,0.0,4,"1215.097080874653,1215.097080680687,1215.097073974028,1215.0970739470085"
45779,457.802999998,world,457.802999998455,-3.836850477858766e-05,5.083953259323553e-05,1.344478555497573,8.719368032854907e-10,6.567044734494818e-10,0.00019157852766366127,-0.9999999816488337,7.032606758535449e-07,-9.325946951566241e-07,-8.8971393787313e-11,4.3149753718480846e-10,3.148172834634736e-10,7.02661941660988e-06,-1.2878177556021488e-08,1.7105828360638444e-08,3.257246324511559e-12,0.0,0.0,0.0,0.0,0.0,0.0,0.0,0.0,0.0,0.0,0.0,0.0,0.0,0.0,0.0,4,"1215.0970789084997,1215.0970808887905,1215.097074701288,1215.097074977797"
45780,457.811999998,world,457.81199999845495,-3.8362175953580986e-05,5.0831139933092804e-05,1.3444785554967715,8.701496262673226e-10,6.554009752086032e-10,0.00019154691051717502,-0.9999999816548905,7.031449208289965e-07,-9.32440946496543e-07,-8.894208834035501e-11,2.2291908131903542e-10,1.627863636904529e-10,7.025418968883935e-06,-1.2851993725001906e-08,1.706991219326447e-08,3.2542857297850846e-12,0.0,0.0,0.0,0.0,0.0,0.0,0.0,0.0,0.0,0.0,0.0,0.0,0.0,0.0,0.0,4,"1215.0970800556345,1215.0970807435754,1215.0970742910295,1215.0970743861355"
45781,457.820999998,world,457.8209999984549,-3.835584816969836e-05,5.0822748655767793e-05,1.3444785554959713,8.711117207183662e-10,6.561016180877234e-10,0.00019151529913122796,-0.999999981660945,7.030292555509821e-07,-9.322873208026504e-07,-8.891279888060856e-11,-7.423662883012801e-10,-5.4154496976186e-10,7.024066367549403e-06,-1.2862363042520491e-08,1.708416231473304e-08,3.254581789255147e-12,0.0,0.0,0.0,0.0,0.0,0.0,0.0,0.0,0.0,0.0,0.0,0.0,0.0,0.0,0.0,4,"1215.0970808734553,1215.0970806798593,1215.0970739750185,1215.0970739480417"
45782,457.832999998,world,457.83299999845485,-3.8347412745717965e-05,5.0811562439344954e-05,1.3444785554949055,8.715457642363516e-10,6.564170431823709e-10,0.0001914731585681278,-0.9999999816690146,7.028747365118621e-07,-9.320820765283946e-07,-8.887372761586647e-11,4.303403822649199e-10,3.140614876388464e-10,7.02275357816688e-06,-1.2872539763381595e-08,1.709815081578217e-08,3.256654205571434e-12,0.0,0.0,0.0,0.0,0.0,0.0,0.0,0.0,0.0,0.0,0.0,0.0,0.0,0.0,0.0,4,"1215.0970789083267,1215.0970808877757,1215.0970747019442,1215.0970749783287"
45783,457.841999998,world,457.8419999984548,-3.834108739393808e-05,5.0803174392460536e-05,1.344478555494106,8.697633329401537e-10,6.551165920667527e-10,0.00019144155881707406,-0.9999999816750647,7.027590319057391e-07,-9.319283964700355e-07,-8.88444061816969e-11,2.2204330938071337e-10,1.6224257983098194e-10,7.021553521152548e-06,-1.2846416648107188e-08,1.7062329032442473e-08,3.2590226813577836e-12,0.0,0.0,0.0,0.0,0.0,0.0,0.0,0.0,0.0,0.0,0.0,0.0,0.0,0.0,0.0,4,"1215.0970800547875,1215.097080742589,1215.097074291959,1215.0970743870403"
45784,457.850999998,world,457.85099999845477,-3.833476308283053e-05,5.079478772777972e-05,1.3444785554933067,8.707279233570624e-10,6.558186150512247e-10,0.00019140996482456724,-0.9999999816811125,7.026434166358326e-07,-9.317748387114342e-07,-8.881507941845682e-11,-7.42550203095661e-10,-5.41578792532893e-10,7.020201410562119e-06,-1.2856815480065304e-08,1.7076631445172406e-08,3.259318740827846e-12,0.0,0.0,0.0,0.0,0.0,0.0,0.0,0.0,0.0,0.0,0.0,0.0,0.0,0.0,0.0,4,"1215.0970808721172,1215.0970806788564,1215.0970739761678,1215.097073949234"
45785,457.862999998,world,457.8629999984547,-3.8326332288518084e-05,5.078360766060075e-05,1.344478555492241,8.711646756272217e-10,6.561354015192045e-10,0.00019136784745005163,-0.9999999816891735,7.024889640434054e-07,-9.315696845308993e-07,-8.877599187044372e-11,4.2971140523142995e-10,3.1370655749345815e-10,7.018889030290448e-06,-1.286701743244972e-08,1.709067104941331e-08,3.257246324511559e-12,0.0,0.0,0.0,0.0,0.0,0.0,0.0,0.0,0.0,0.0,0.0,0.0,0.0,0.0,0.0,4,"1215.0970789080195,1215.0970808865886,1215.0970747027536,1215.0970749790138"
45786,457.871999998,world,457.87199999845467,-3.832001040846725e-05,5.077522422494226e-05,1.3444785554914416,8.693846685877938e-10,6.548362477106394e-10,0.00019133626508850387,-0.9999999816952168,7.023733089902738e-07,-9.31416071524202e-07,-8.874668198259361e-11,2.2167060390809225e-10,1.6207555528300333e-10,7.017689416649935e-06,-1.2840920604207557e-08,1.7054897989420443e-08,3.256654205571434e-12,0.0,0.0,0.0,0.0,0.0,0.0,0.0,0.0,0.0,0.0,0.0,0.0,0.0,0.0,0.0,4,"1215.0970800538119,1215.0970807414321,1215.0970742930376,1215.0970743880937"
45787,457.880999998,world,457.8809999984546,-3.831368956864349e-05,5.0766842170885385e-05,1.3444785554906422,8.703495517460717e-10,6.555380119143344e-10,0.0001913046884832768,-0.999999981701258,7.022577431621037e-07,-9.312625805503912e-07,-8.871737683169508e-11,-7.422585523769973e-10,-5.412608738788095e-10,7.016337848081049e-06,-1.2851316692731836e-08,1.706920934057143e-08,3.2560620866183844e-12,0.0,0.0,0.0,0.0,0.0,0.0,0.0,0.0,0.0,0.0,0.0,0.0,0.0,0.0,0.0,4,"1215.0970808706556,1215.0970806776859,1215.0970739774632,1215.0970739505701"
45788,457.892999998,world,457.89299999845457,-3.830526340201612e-05,5.075566825026945e-05,1.3444785554895784,8.707862729093768e-10,6.558541454567664e-10,0.00019126259428877828,-0.9999999817093099,7.021033566925189e-07,-9.310575155134773e-07,-8.867835175223083e-11,4.295193540918597e-10,3.136715642905434e-10,7.015025943276435e-06,-1.2861504224062688e-08,1.7083246113604708e-08,3.2501408971525105e-12,0.0,0.0,0.0,0.0,0.0,0.0,0.0,0.0,0.0,0.0,0.0,0.0,0.0,0.0,0.0,4,"1215.097078907594,1215.0970808852385,1215.097074703705,1215.0970749798362"
45789,457.901999998,world,457.9019999984545,-3.8298944992208215e-05,5.074728942383168e-05,1.344478555488781,8.690067938881752e-10,6.545549047488554e-10,0.00019123102931005385,-0.9999999817153467,7.019877512482016e-07,-9.309039692537825e-07,-8.864909633932379e-11,2.2170333535408426e-10,1.6220378702049993e-10,7.013826821091687e-06,-1.2835406420567964e-08,1.7047484426405586e-08,3.2495487782123855e-12,0.0,0.0,0.0,0.0,0.0,0.0,0.0,0.0,0.0,0.0,0.0,0.0,0.0,0.0,0.0,4,"1215.0970800527232,1215.0970807401156,1215.0970742942545,1215.0970743892804"
45790,457.910999998,world,457.9109999984545,-3.8292627622180544e-05,5.0738911978394814e-05,1.3444785554879837,8.699702175969415e-10,6.552551392938357e-10,0.00019119947008521088,-0.9999999817213812,7.018722351519356e-07,-9.307505450822029e-07,-8.861982109043206e-11,-7.41593646298331e-10,-5.406733593201919e-10,7.012475841167676e-06,-1.2845774720376463e-08,1.706177018720893e-08,3.2542857297850846e-12,0.0,0.0,0.0,0.0,0.0,0.0,0.0,0.0,0.0,0.0,0.0,0.0,0.0,0.0,0.0,4,"1215.0970808690863,1215.09708067636,1215.0970739788925,1215.097073952036"
45791,457.922999998,world,457.92299999845443,-3.8284206081248754e-05,5.0727744201667214e-05,1.3444785554869205,8.70404788999883e-10,6.55569104296741e-10,0.00019115739906121505,-0.9999999817294244,7.017179155216547e-07,-9.30545569669594e-07,-8.858073739119211e-11,4.2966054930675773e-10,3.138720126683081e-10,7.011164471751456e-06,-1.285591794521379e-08,1.7075762373169018e-08,3.2596148002979086e-12,0.0,0.0,0.0,0.0,0.0,0.0,0.0,0.0,0.0,0.0,0.0,0.0,0.0,0.0,0.0,4,"1215.097078907066,1215.0970808837405,1215.0970747047847,1215.097074980785"
45792,457.931999998,world,457.9319999984544,-3.82786259098753e-05,5.071808988174366e-05,1.3444698724353514,-3.9084022044588106e-05,2.2542256888976286e-05,0.0001870059287085629,-0.9999999814965341,1.0533259663931394e-07,-1.9670319364986853e-06,-0.004237260425482926,0.03808786122173573,-0.0220659538011699,0.004040190186586488,-0.0003008987268678241,-0.0005220515074330159,-1.2473565520681158,0.0,0.0,0.0,0.0,0.0,0.0,0.0,0.0,0.0,0.0,0.0,0.0,0.0,0.0,0.0,4,"1072.5648810113016,1111.6395784652802,1086.9322349946322,1236.206007770218"
45793,457.940999998,world,457.94099999845434,-3.833079532846896e-05,5.060745504230863e-05,1.3443580005531477,-0.000565312881697436,0.00029504365446230964,0.00013688188979792926,-0.9999997873169454,-1.7683852650679703e-05,-3.3831985711699854e-05,-0.022254218266502885,0.2247386651908866,-0.09667156693330908,0.017860319963059743,-0.004002922058093994,-0.007542621388622106,-2.4333269735352694,0.0,0.0,0.0,0.0,0.0,0.0,0.0,0.0,0.0,0.0,0.0,0.0,0.0,0.0,0.0,4,"901.9377684299866,1112.6679817416011,920.5124157026816,1230.847145907019"
45794,457.952999998,world,457.9529999984543,-3.9064856701244285e-05,4.8976824062393844e-05,1.3438914213239916,-0.0032315988970670574,0.000991336554108721,7.185883349587806e-08,-0.9999942869938807,-0.00012331110454527196,-0.0003079330019836684,-0.056673668055892204,0.6886557138295977,-0.09404023437083192,0.02369630488530689,-0.013051287452133095,-0.04135146341499189,-3.0564432227514065,0.0,0.0,0.0,0.0,0.0,0.0,0.0,0.0,0.0,0.0,0.0,0.0,0.0,0.0,0.0,4,"736.0374473908904,1252.5870392392035,846.673499453518,1110.6041152760808"
45795,457.961999998,world,457.96199999845425,-4.0772938004013074e-05,4.3697868798808203e-05,1.3432669187475064,-0.0072197032312043405,0.0008620251084436176,-8.121871491073517e-05,-0.9999735627512791,-0.0002563344190109415,-0.0009621614163969872,-0.0809483898573487,1.0874285880660046,0.2081504713012166,0.006493929365210174,-0.013570022958299724,-0.10376230192197448,-2.3446528508424684,0.0,0.0,0.0,0.0,0.0,0.0,0.0,0.0,0.0,0.0,0.0,0.0,0.0,0.0,0.0,4,"663.1815244132142,1485.727300346739,1004.1586725025704,930.8970522423341"
45796,457.970999998,world,457.9709999984542,-4.329729616534931e-05,2.9344929721411626e-05,1.3424562452350093,-0.013024917922753659,-0.0012991961574067956,-5.9197438621631484e-05,-0.999914326379072,-0.0002535420560369729,-0.0023872067635123994,-0.0980898377399908,1.4828257344568383,0.7733703308732,-0.027952353877820198,0.018249267883942967,-0.2077166216183767,-1.6034969766147156,0.0,0.0,0.0,0.0,0.0,0.0,0.0,0.0,0.0,0.0,0.0,0.0,0.0,0.0,0.0,4,"768.314442592601,1553.528023312666,1108.2478123545648,853.7464355960011"
45797,457.982999998,world,457.98299999845415,-4.240179298282844e-05,-1.9160452100480702e-05,1.3411849493937056,-0.02282986904833502,-0.007802305732138795,0.00017345493338463233,-0.9997089031402513,0.0006434302243571245,-0.0060967066781757355,-0.11214753135621554,1.7166718084968744,1.3245189092625547,-0.07458133840276174,0.13486929370025488,-0.4044672385721667,-0.7870452304672843,0.0,0.0,0.0,0.0,0.0,0.0,0.0,0.0,0.0,0.0,0.0,0.0,0.0,0.0,0.0,4,"1157.6787435045953,1381.8052492067588,1162.46182560724,926.9506955457823"
45798,457.991999998,world,457.9919999984541,-2.910350517766508e-05,-9.334407694617195e-05,1.3401577349431761,-0.030333673034598756,-0.014039448054178278,0.000496259392449329,-0.9994411017689734,0.002524642408677548,-0.010686479920912133,-0.11459676816525324,1.5667716143801558,1.3795219594481207,-0.10564373533713406,0.27409587711973343,-0.6000475991534797,0.19560342164352817,0.0,0.0,0.0,0.0,0.0,0.0,0.0,0.0,0.0,0.0,0.0,0.0,0.0,0.0,0.0,4,"1476.5571802971926,1137.3625807821882,1210.784474273004,1065.286772555445"
45799,458.000999998,world,458.00099999845406,7.213158451481746e-06,-0.00021713363979041482,1.3391519013721969,-0.03649608385226842,-0.019700878747758416,0.0009522450688265436,-0.9991391316875459,0.005782960069669735,-0.01713174814263821,-0.10727245506362429,1.1372467251768266,1.0797146639374535,-0.13528583751479106,0.4316882053957034,-0.8063824676779324,1.295104140778977,0.0,0.0,0.0,0.0,0.0,0.0,0.0,0.0,0.0,0.0,0.0,0.0,0.0,0.0,0.0,4,"1705.6461911194087,951.2682824195872,1240.7136197340246,1178.9432885958133"
45800,458.012999998,world,458.012999998454,0.00011238870206861037,-0.00048665953031109,1.337988286464107,-0.0408255159972018,-0.0239695758774396,0.001827008242421974,-0.9988770688711901,0.012019590977298199,-0.02812475038044401,-0.08500285703643182,0.267859413218832,0.26506181616228175,-0.18261999317662442,0.5723255204055748,-0.9801145118287086,2.165718036384698,0.0,0.0,0.0,0.0,0.0,0.0,0.0,0.0,0.0,0.0,0.0,0.0,0.0,0.0,0.0,4,"1907.5395283966945,770.3292547654224,1210.8194574237157,1246.8887886863242"
45801,458.021999998,world,458.02199999845396,0.00024407744398213414,-0.000779946510321669,1.3373143979548467,-0.040281112965300014,-0.023370216021847873,0.002765285998663017,-0.9989112163424307,0.017229878098648458,-0.03704509905845762,-0.06457946301170803,-0.5093228315679956,-0.57191094874658,-0.2297453017074908,0.568211227992204,-0.9829296016075142,2.2986533608976565,0.0,0.0,0.0,0.0,0.0,0.0,0.0,0.0,0.0,0.0,0.0,0.0,0.0,0.0,0.0,4,"1973.869416857514,671.8456688431917,1165.9101708746327,1270.1791705163025"
45802,458.030999998,world,458.0309999984539,0.0004199513932178413,-0.0011503346697146824,1.3368048478582477,-0.03631843539803087,-0.01902517636882841,0.0039734204258823945,-0.9991512527362878,0.021596732762654752,-0.044934233913382124,-0.05115846483196019,-1.1954488864043218,-1.3343868801260912,-0.26500352910786396,0.4044884514588787,-0.7726631729082986,0.6957183035706249,0.0,0.0,0.0,0.0,0.0,0.0,0.0,0.0,0.0,0.0,0.0,0.0,0.0,0.0,0.0,4,"1692.521166833623,766.495635719681,1173.9822653116375,1205.2870317646925"
45803,458.042999998,world,458.04299999845387,0.0007016612046004471,-0.0017370237549344165,1.3361869728827658,-0.027316780067664272,-0.009606394093607423,0.005783777378439747,-0.9995639342425725,0.024903982887284924,-0.05230456660266086,-0.0548455724538674,-1.715167576584446,-1.7256123670157681,-0.2752659796086041,0.17601512546149695,-0.4955967605728001,-0.9057993083716256,0.0,0.0,0.0,0.0,0.0,0.0,0.0,0.0,0.0,0.0,0.0,0.0,0.0,0.0,0.0,4,"1285.6066981243332,1024.8118009570514,1226.8242402690414,1067.3791101667775"
45804,458.051999998,world,458.0519999984538,0.000930825490355398,-0.0022257979392009764,1.335661331888883,-0.01917105756539081,-0.0021104204107945737,0.007152074927550077,-0.9997884098656801,0.02582534653999341,-0.05612611607691539,-0.06111995505674936,-1.842853371169841,-1.5779854523607173,-0.27582609680427206,0.04436664810233623,-0.3688545705663182,-0.4270064078488317,0.0,0.0,0.0,0.0,0.0,0.0,0.0,0.0,0.0,0.0,0.0,0.0,0.0,0.0,0.0,4,"1064.1265864995164,1339.6486614158362,1315.4132907795595,1009.4614932602154"
45805,458.060999998,world,458.0609999984538,0.0011630695469035562,-0.0027437630208783856,1.3351061201444625,-0.010961511233078019,0.003914319449153241,0.008509670589326378,-0.999896049037698,0.025601380493460252,-0.058781532183069266,-0.06054888184076917,-1.749435930046951,-1.0842679938554556,-0.2834772043835013,-0.07887421002317554,-0.2398520941765958,0.738853885998085,0.0,0.0,0.0,0.0,0.0,0.0,0.0,0.0,0.0,0.0,0.0,0.0,0.0,0.0,0.0,4,"895.5136915424761,1604.652574633137,1412.0283244836507,1028.8386160302282"
45806,458.072999998,world,458.0729999984537,0.0014607582328738458,-0.003461650577439481,1.3345130183794607,-0.0017140785510603787,0.0071262534557789015,0.010334406527665126,-0.99991973602291,0.02379049237410886,-0.06048414628407471,-0.03253182497171883,-1.2549044344517142,0.06539599422894805,-0.2986919884378809,-0.19258030552147393,-0.05268190032382131,3.6463785998824965,0.0,0.0,0.0,0.0,0.0,0.0,0.0,0.0,0.0,0.0,0.0,0.0,0.0,0.0,0.0,4,"731.5717893352672,1931.5714221200117,1575.7779546756146,1192.8574554009244"
45807,458.081999998,world,458.0819999984537,0.0016673004380375223,-0.00400596113394072,1.3343970301189212,0.0025121647476848055,0.0043477340084099245,0.011736918552237133,-0.9999185121699521,0.022205694760865924,-0.06029047294843083,0.00867499858636939,-0.6013358736430429,1.1579246383151538,-0.3106869030456594,-0.1356795099206158,0.07112720982112297,4.9367832873544835,0.0,0.0,0.0,0.0,0.0,0.0,0.0,0.0,0.0,0.0,0.0,0.0,0.0,0.0,0.0,4,"642.3395953658311,2038.884724257031,1572.4699886852432,1353.446162885597"
45808,458.090999998,world,458.09099999845364,0.0018645464592246584,-0.004544898279621223,1.334670675281002,0.0031950919035502877,-0.0030798067537143726,0.013177639232661407,-0.9999033233279814,0.021952089623089387,-0.05945267457523026,0.051202694627550796,0.2919500021168917,2.0910551006765665,-0.31535015776570613,0.07362084713384218,0.09126977449920581,4.31421036481916,0.0,0.0,0.0,0.0,0.0,0.0,0.0,0.0,0.0,0.0,0.0,0.0,0.0,0.0,0.0,4,"574.4070914575708,1964.496214502447,1380.9955781393764,1535.6677550194797"
45809,458.102999998,world,458.1029999984536,0.0021425804019840336,-0.00525487246488579,1.3355437186230894,-0.0030044972925967793,-0.017723808575641185,0.015093101671760268,-0.9997244809883966,0.025074481583378477,-0.0592148070220802,0.09048417126938627,1.7300852744553799,2.6877436913493,-0.2872750505178897,0.41510580231532423,-0.06898527706885454,2.384327947965073,0.0,0.0,0.0,0.0,0.0,0.0,0.0,0.0,0.0,0.0,0.0,0.0,0.0,0.0,0.0,4,"611.6541409580567,1655.27748003017,1084.120909104486,1735.5126005421348"
45810,458.111999998,world,458.11199999845354,0.002388843003796839,-0.005793847944446151,1.3364377580397984,-0.01316826929339765,-0.029592252647556386,0.016414774335998375,-0.9993405077602718,0.030006422779131656,-0.06090263790474622,0.10700326549881053,2.6814549522940077,2.584933486767653,-0.23004658897125077,0.6527698180054075,-0.2945028596309032,1.530891336576065,0.0,0.0,0.0,0.0,0.0,0.0,0.0,0.0,0.0,0.0,0.0,0.0,0.0,0.0,0.0,4,"866.3072327194039,1345.557096268104,994.2608274975248,1810.4363569231652"
45811,458.120999998,world,458.1209999984535,0.002689651853446066,-0.006358866223429064,1.3374687010128783,-0.02696932258794049,-0.04004582969667991,0.017572527238923878,-0.9986792245007852,0.03726114543816157,-0.0651852807825228,0.12299933135162879,3.3205216355346936,2.106993786703505,-0.16626484131499528,0.9293342019017908,-0.6382060032885661,2.048412231809946,0.0,0.0,0.0,0.0,0.0,0.0,0.0,0.0,0.0,0.0,0.0,0.0,0.0,0.0,0.0,4,"1299.4038207503056,1109.7668478787048,1043.58423661827,1784.7282831421114"
45812,458.132999998,world,458.13299999845344,0.00321297363136514,-0.007202455174155173,1.3391180026976106,-0.047778197114413876,-0.049496409989655814,0.018976255339026978,-0.9974503752126923,0.05060485149792834,-0.07663390445685588,0.15397975017307844,3.440082384589528,1.1160082332274592,-0.11660340570116227,1.2539036785785898,-1.2412766115146716,3.076310377575553,0.0,0.0,0.0,0.0,0.0,0.0,0.0,0.0,0.0,0.0,0.0,0.0,0.0,0.0,0.0,4,"1720.5025658927113,880.5085704929963,1190.711380938796,1645.6606083494164"
45813,458.141999998,world,458.1419999984534,0.0037220894103757486,-0.00795028497431059,1.3406419210600098,-0.06241555971002314,-0.05227064496269119,0.020068348671257844,-0.9964784688907622,0.06276644972319312,-0.09030096591605671,0.1859613850506609,3.000033171408301,0.21909536429519505,-0.1135319644244325,1.4149448994269787,-1.7404565415600481,3.9365273808133203,0.0,0.0,0.0,0.0,0.0,0.0,0.0,0.0,0.0,0.0,0.0,0.0,0.0,0.0,0.0,4,"1949.7030594879423,755.725224677452,1302.221607622806,1532.5235457012632"
45814,458.150999998,world,458.15099999845336,0.004344525420838416,-0.008839649499668315,1.3424786452665096,-0.07395958935447541,-0.05100540149273306,0.021315659403855245,-0.9957279100363017,0.07553129789720361,-0.10788896099847387,0.2226057255396583,2.0896728282722203,-0.6808184394099281,-0.14456105148693016,1.4093013783192803,-2.117151644182802,4.229403802531617,0.0,0.0,0.0,0.0,0.0,0.0,0.0,0.0,0.0,0.0,0.0,0.0,0.0,0.0,0.0,4,"2124.1934842360583,660.7276150680352,1446.7801366866593,1252.1044784112678"
45815,458.162999998,world,458.1629999984533,0.005349682773291622,-0.01029784515750186,1.345474801932802,-0.08091221082569244,-0.043530941886114324,0.023347466440315424,-0.9954964425092764,0.0916761719153318,-0.13578632146127578,0.278216544211822,0.20598921379688245,-1.7792266765126288,-0.22653029995977295,1.255759577939261,-2.4439461553071027,4.930052364834681,0.0,0.0,0.0,0.0,0.0,0.0,0.0,0.0,0.0,0.0,0.0,0.0,0.0,0.0,0.0,4,"2262.3129750092685,568.3616733737557,1623.2148504812615,979.4537103996868"
45816,458.171999998,world,458.17199999845326,0.006221530289453927,-0.011618344566894541,1.3481782183203028,-0.07779348324551538,-0.03418299539638208,0.0251567139118412,-0.9960656788261598,0.10157761957721682,-0.15735194641938097,0.3215918362079142,-1.4842719543988905,-2.415302860699652,-0.2818923630707012,0.9358111583972206,-2.2549838712974943,4.305485278427501,0.0,0.0,0.0,0.0,0.0,0.0,0.0,0.0,0.0,0.0,0.0,0.0,0.0,0.0,0.0,4,"2113.1885250799446,518.0876707272794,1767.6669532762735,831.0521980982433"
45817,458.180999998,world,458.1809999984532,0.007166876393861933,-0.013116640979032106,1.3512123600051134,-0.06723832297237227,-0.023172453743437148,0.02697637293829043,-0.997102963898145,0.10790296318383212,-0.17471544296638325,0.3496080663796164,-3.0351765494547345,-2.5684036695633337,-0.27470992907617103,0.5350365055532685,-1.672688706443659,2.28659784635471,0.0,0.0,0.0,0.0,0.0,0.0,0.0,0.0,0.0,0.0,0.0,0.0,0.0,0.0,0.0,4,"1711.691977281359,525.7275927067462,1894.3061633283655,718.0740691747001"
45818,458.192999998,world,458.19299999845316,0.008489769674020374,-0.015314467283553393,1.3555297135985602,-0.04325953950512004,-0.009673592643533898,0.02882334924753728,-0.9986011457961215,0.11191658149592729,-0.19021508223246322,0.36779627269479825,-4.76601903428126,-2.0851296690709615,-0.1869535782993456,0.19725276303608763,-0.9936956847345357,1.2670359945307075,0.0,0.0,0.0,0.0,0.0,0.0,0.0,0.0,0.0,0.0,0.0,0.0,0.0,0.0,0.0,4,"1298.9331706444862,820.3905704582668,1969.4873432466502,692.3374753276518"
45819,458.201999998,world,458.2019999984531,0.009502518531669378,-0.017059459373334026,1.3589043342387774,-0.019439359320073048,-0.0025138770185193287,0.02960170518744519,-0.999369566667685,0.11292753279237579,-0.19681934863592693,0.3836910944226745,-5.642194979435135,-1.3849856508414415,-0.10639394398981257,0.05343021403145243,-0.5067757369494608,2.2946489455809016,0.0,0.0,0.0,0.0,0.0,0.0,0.0,0.0,0.0,0.0,0.0,0.0,0.0,0.0,0.0,4,"1074.2720352023546,1245.6048926234278,1920.2039971244556,975.9131448508913"
45820,458.210999998,world,458.2109999984531,0.010519523560721045,-0.018841769401031272,1.3624759770176122,0.006861657836957136,0.0012418677869512546,0.029943365262761572,-0.9995272734112206,0.11295998268244647,-0.19825161774902597,0.41212115197697347,-5.866696833061227,-0.6493437130444426,-0.03662369963812462,-0.025731242439833157,0.14597772433067036,3.6556611327998034,0.0,0.0,0.0,0.0,0.0,0.0,0.0,0.0,0.0,0.0,0.0,0.0,0.0,0.0,0.0,4,"903.2374255783407,1588.1632764760016,1699.7220363067456,1379.2538583978646"
45821,458.222999998,world,458.222999998453,0.01187253911388095,-0.02118351667194448,1.3677171582203862,0.039947435098621746,0.0019124230661764182,0.03003018470619183,-0.9987485835151755,0.11255683509241866,-0.19000412009129708,0.464434420064214,-4.935878510493844,0.0393615160007528,0.011441670079124567,-0.0236642549064775,1.1580884070748476,5.103534334930104,0.0,0.0,0.0,0.0,0.0,0.0,0.0,0.0,0.0,0.0,0.0,0.0,0.0,0.0,0.0,4,"736.9408961689364,1921.231948834226,1290.6123388308847,1776.0098348912964"
45822,458.231999998,world,458.231999998453,0.012885445101912906,-0.022834543480740772,1.3721258057867487,0.05904264128274321,0.00034931354302070015,0.03001937404914253,-0.9978039294731724,0.11263625363581398,-0.17576891153684313,0.5173971579207797,-3.4868886303123703,0.37905192642125274,0.025332669069367264,0.04204087520244537,1.9081725261085314,6.517594774494095,0.0,0.0,0.0,0.0,0.0,0.0,0.0,0.0,0.0,0.0,0.0,0.0,0.0,0.0,0.0,4,"646.4270984825541,2102.518416643093,1068.353891930471,1991.9607649241077"
45823,458.240999998,world,458.24099999845293,0.013902446670479346,-0.024329059538131474,1.3770683788201543,0.07044279248464326,-0.0022790099493302874,0.030033974679238615,-0.9970609707864325,0.11353020696986901,-0.15548279967069029,0.5830099157018988,-1.5524596835532531,0.6212632712972112,0.03049577795440493,0.15054315690402054,2.4945312052119806,7.893627934953851,0.0,0.0,0.0,0.0,0.0,0.0,0.0,0.0,0.0,0.0,0.0,0.0,0.0,0.0,0.0,4,"577.518909167073,2240.531874960153,898.7319408080727,2156.3642917887637"
45824,458.252999998,world,458.2529999984529,0.015280408626430427,-0.026004263177556053,1.3846738020906255,0.07050696857636578,-0.006748784105581511,0.030175176835839465,-0.9970319352950504,0.11648153609117304,-0.12349303257065825,0.686136743296598,1.5390977143354974,0.8529189394868087,0.031312328435896944,0.3218688951078519,2.6172977737950465,8.57641283099808,0.0,0.0,0.0,0.0,0.0,0.0,0.0,0.0,0.0,0.0,0.0,0.0,0.0,0.0,0.0,4,"587.1734567760467,2276.1352681090566,788.873334607625,2232.195013974178"
45825,458.261999998,world,458.26199999845284,0.016343173107321328,-0.027018633534353565,1.391169791737946,0.058675066857103844,-0.010367574814528014,0.0303744684040512,-0.9977610643791183,0.11978519531597423,-0.10299879189354783,0.7540008570197331,3.5676286045577084,0.889426497391039,0.04424260236589242,0.387348720355854,1.9152419234712141,6.27428434883337,0.0,0.0,0.0,0.0,0.0,0.0,0.0,0.0,0.0,0.0,0.0,0.0,0.0,0.0,0.0,4,"850.0732775541225,1967.3865468821057,947.1706631660895,2034.271071227132"
45826,458.270999998,world,458.2709999984528,0.017437045917571767,-0.02788210161582659,1.3981598405453666,0.03971723409480223,-0.013727464034399098,0.030559387159037128,-0.9986491986195688,0.12331417733565589,-0.09009842252238945,0.7955443507830993,4.650854174257238,0.8536693938201845,0.06111288197032684,0.39854190636146036,1.089802161504713,3.6274079711789975,0.0,0.0,0.0,0.0,0.0,0.0,0.0,0.0,0.0,0.0,0.0,0.0,0.0,0.0,0.0,4,"1192.342781615312,1583.1658500210917,1192.4675673478666,1649.3286579037792"
45827,458.282999998,world,458.28299999845274,0.018946786267612828,-0.028907592034924146,1.4079348041263262,0.010758817893308162,-0.017668463308036963,0.030750925780713374,-0.9993129909120066,0.1284373470136821,-0.08238437621942157,0.8327278683023349,4.733902099929447,0.7361609505586355,0.0636719815484197,0.461859578926721,0.2946331802559793,3.1008688933591433,0.0,0.0,0.0,0.0,0.0,0.0,0.0,0.0,0.0,0.0,0.0,0.0,0.0,0.0,0.0,4,"1606.9065363301324,1209.5890134047538,1477.9014378336888,1255.5816877107543"
45828,458.291999998,world,458.2919999984527,0.020122733404615355,-0.029645628758210103,1.4155690058179837,-0.009154583484982656,-0.020057772120501232,0.030865068316059063,-0.9992803545235058,0.13301512192248735,-0.08243215144846541,0.8653253093045935,3.974300652467299,0.5911309622464305,0.05149542247402939,0.5486406206618166,-0.2442396913110434,4.123543625083603,0.0,0.0,0.0,0.0,0.0,0.0,0.0,0.0,0.0,0.0,0.0,0.0,0.0,0.0,0.0,4,"1863.2223580847476,1006.2542936129545,1694.7919836682577,1041.2685344161548"
45829,458.300999998,world,458.30099999845265,0.021343553130834126,-0.030405537391731664,1.4235439151408829,-0.02430787448420925,-0.021858171300015102,0.030954872053493433,-0.998986057701323,0.1384122815621732,-0.0871710825629031,0.9087067390851588,2.652009484536792,0.41206893637734765,0.03077365560063771,0.6385125771589117,-0.7374572887227787,5.349046116841727,0.0,0.0,0.0,0.0,0.0,0.0,0.0,0.0,0.0,0.0,0.0,0.0,0.0,0.0,0.0,4,"2058.3556926865886,851.4554925023074,1857.6576918345188,878.111847618073"
45830,458.312999998,world,458.3129999984526,0.023053275485548894,-0.03151790656212989,1.4348733876507591,-0.03337522089019889,-0.02315622392942407,0.031045171520732273,-0.9986921854350865,0.14671912319014302,-0.09896514988176956,0.9821063573531578,0.2592822101295933,0.096565560955407,-0.011927977006793634,0.7288702560215021,-1.1218215824456006,6.652990095766476,0.0,0.0,0.0,0.0,0.0,0.0,0.0,0.0,0.0,0.0,0.0,0.0,0.0,0.0,0.0,4,"2248.0833529987617,700.9449996960441,1976.1382072219294,719.4750031565725"
45831,458.321999998,world,458.32199999845255,0.024403694950595117,-0.032454140078191036,1.4439891659918203,-0.029906907961586553,-0.022990013602164336,0.031128935425858154,-0.9988032967056137,0.15335516909115599,-0.10889150128173228,1.043265943388816,-1.8097887340261822,-0.231084933988128,-0.05873445045447835,0.7169006080293971,-1.0082462991847922,6.39617712163254,0.0,0.0,0.0,0.0,0.0,0.0,0.0,0.0,0.0,0.0,0.0,0.0,0.0,0.0,0.0,4,"2266.843666380626,619.0234085243799,1945.812174620792,633.1303073521011"
45832,458.330999998,world,458.3309999984525,0.02581088543360083,-0.033467876919562094,1.4535991305583689,-0.017340592667507055,-0.021666221558011057,0.03125090343075333,-0.9991262481408946,0.1591439136489967,-0.11562914558653929,1.0884216363337893,-3.700738198945874,-0.5211646927569334,-0.09960384252366077,0.5793744414686608,-0.5176707017655879,3.851429318398214,0.0,0.0,0.0,0.0,0.0,0.0,0.0,0.0,0.0,0.0,0.0,0.0,0.0,0.0,0.0,4,"2064.644206297662,556.6564693639895,1803.495501428613,567.3960569177353"
45833,458.342999998,world,458.34299999845246,0.02775551017910844,-0.0348726299233351,1.4668045272056813,0.010364132070722738,-0.01863115513848555,0.03141452873788245,-0.9992790362100084,0.16455680450044222,-0.11715543893487612,1.104913917575791,-5.260612860853455,-0.7477479951586818,-0.1326699848212991,0.376136429621865,0.1669096139538806,0.05858173297168534,0.0,0.0,0.0,0.0,0.0,0.0,0.0,0.0,0.0,0.0,0.0,0.0,0.0,0.0,0.0,4,"1544.285770302991,955.6093037478373,1362.7498332283074,880.4871413078823"
45834,458.351999998,world,458.3519999984524,0.029251121091679568,-0.03591272711096669,1.4767499312390182,0.03498991830620712,-0.015917389769511858,0.03155544367847185,-0.9987625324841264,0.1677620923206911,-0.11321564367164762,1.1056743846794679,-5.516086091426989,-0.7753636951548565,-0.15418675662787693,0.34679715127505784,0.6700916726515155,0.29969844013177926,0.0,0.0,0.0,0.0,0.0,0.0,0.0,0.0,0.0,0.0,0.0,0.0,0.0,0.0,0.0,4,"1261.0590645665786,1367.3895220907066,1122.8556852006102,1187.8747958167964"
45835,458.360999998,world,458.36099999845237,0.030774939898751047,-0.0368951329308557,1.4867287114559933,0.059158440002270614,-0.013322819416348912,0.031799254525975706,-0.997653040325588,0.17086883927372348,-0.10412700701800402,1.1137398570215515,-5.0862848761076895,-0.6886976201589133,-0.18159301373761927,0.3492445699601887,1.3113478053869558,1.5510988987956775,0.0,0.0,0.0,0.0,0.0,0.0,0.0,0.0,0.0,0.0,0.0,0.0,0.0,0.0,0.0,4,"1045.4384635427741,1680.8779621654026,940.2241771818539,1467.1254023026158"
45836,458.372999998,world,458.3729999984523,0.03285127033695505,-0.03802185806546472,1.5002753123419572,0.08563278749669087,-0.010429553477177283,0.03240931179548147,-0.9957448903352487,0.17523776450104991,-0.08150345679656101,1.1492515190696193,-3.554033032937018,-0.5337396030480124,-0.21546082224812613,0.3750240884498601,2.380727152127615,4.151707866665966,0.0,0.0,0.0,0.0,0.0,0.0,0.0,0.0,0.0,0.0,0.0,0.0,0.0,0.0,0.0,4,"835.7910845809779,1985.6819998335213,762.6520120446947,1837.0932052757948"
45837,458.381999998,world,458.3819999984523,0.034443759834106684,-0.03864687615725334,1.5108161357067431,0.09788855794716807,-0.008586576000370643,0.03310573578878533,-0.9946095269971513,0.17865743185820715,-0.05630808206264716,1.1958717330937736,-1.808963903048659,-0.42840462113271943,-0.23627185342379367,0.3815568366365152,3.1085293769118407,5.973640700533522,0.0,0.0,0.0,0.0,0.0,0.0,0.0,0.0,0.0,0.0,0.0,0.0,0.0,0.0,0.0,4,"721.6817852936094,2151.5842654879266,666.0009809796486,2038.4635585099736"
45838,458.390999998,world,458.39099999845223,0.036067000172414744,-0.03901925184951534,1.5218466294341053,0.10138670688240652,-0.006875928478287174,0.03400125692903319,-0.9942421092482194,0.18203490264325634,-0.025830665491105253,1.257448972991544,0.3292634368078089,-0.34595436709869076,-0.25263069594614745,0.36410845391457447,3.531578622368237,7.379079833669255,0.0,0.0,0.0,0.0,0.0,0.0,0.0,0.0,0.0,0.0,0.0,0.0,0.0,0.0,0.0,4,"634.8103314496848,2244.190050555903,592.4205135105585,2191.7668865977503"
45839,458.402999998,world,458.4029999984522,0.03827561852334869,-0.03907696432390487,1.5374857195596856,0.09018745582759907,-0.004166343762031728,0.035357231465487804,-0.995288265063995,0.1858611792151892,0.01542675044373154,1.34915688092495,3.4680392823222554,-0.4333054646460148,-0.24529112666206962,0.26185489694208197,3.157199561292694,7.358396507584519,0.0,0.0,0.0,0.0,0.0,0.0,0.0,0.0,0.0,0.0,0.0,0.0,0.0,0.0,0.0,4,"582.8503709167246,2133.8749505887527,520.8784063351154,2298.969402538493"
45840,458.411999998,world,458.41199999845213,0.039956740430567794,-0.038824874008034534,1.5498965339072333,0.06980812999198005,-0.0008049653497086698,0.036241232886482636,-0.9969015749093167,0.1874913432252536,0.039095818870671796,1.405785597859019,5.603606230050871,-0.7328647552620344,-0.21499373021963278,0.11080119958026269,2.1755160453382425,5.375983257815964,0.0,0.0,0.0,0.0,0.0,0.0,0.0,0.0,0.0,0.0,0.0,0.0,0.0,0.0,0.0,4,"696.9756213785208,1882.8281215354841,481.9386410980825,2213.0658786056606"
45841,458.420999998,world,458.4209999984521,0.0416458601675835,-0.03840546757229653,1.5626992669334607,0.04114754297363759,0.004468456750669262,0.03687419073713068,-0.9984624212552927,0.18761820849456637,0.05232605399463081,1.4334638377510884,7.081558353905962,-1.1220849277118607,-0.19871694451198804,-0.05798873592741116,0.9826769283886594,1.581486812507693,0.0,0.0,0.0,0.0,0.0,0.0,0.0,0.0,0.0,0.0,0.0,0.0,0.0,0.0,0.0,4,"1027.0816706728517,1518.7914879797052,531.64369833994,1779.151133058602"
45842,458.432999998,world,458.43299999845203,0.04388733793763148,-0.03773590785199532,1.5799611799342228,-0.0037331400276228053,0.014656810791822126,0.037589554615535675,-0.9991787962856061,0.18549554687457037,0.05729445525842283,1.4414800870781077,7.775393901395092,-1.7331531546740067,-0.2413150180451842,-0.29186394958988227,-0.02619709316292046,0.4568746479749475,0.0,0.0,0.0,0.0,0.0,0.0,0.0,0.0,0.0,0.0,0.0,0.0,0.0,0.0,0.0,4,"1520.4117882888547,1164.839566369862,852.1614810319671,1345.8269933208408"
45843,458.44199999800003,world,458.441999998452,0.04554086855542616,-0.03723295747055522,1.5929672752140356,-0.037909161036279705,0.024858425133750573,0.03832656367045191,-0.9982364593254496,0.18150496933370497,0.05329595135359764,1.4505596596755135,7.45805190051005,-2.233030089467621,-0.30296247561551765,-0.5861148201642685,-0.803797476475819,1.607356051987141,0.0,0.0,0.0,0.0,0.0,0.0,0.0,0.0,0.0,0.0,0.0,0.0,0.0,0.0,0.0,4,"1797.373872824252,972.1865222138616,1245.178939465342,1109.9723206097253"
45844,458.450999998,world,458.45099999845195,0.04714414968510084,-0.03680030114813846,1.6061147477447684,-0.06905140437338238,0.03706693898626788,0.03946834432713365,-0.9961426581490861,0.17408991699704263,0.04140834553685813,1.4737825588964468,6.491123225952138,-2.686491064236763,-0.36911703290633485,-1.0372323561360919,-1.7551150261812114,3.3799403491514557,0.0,0.0,0.0,0.0,0.0,0.0,0.0,0.0,0.0,0.0,0.0,0.0,0.0,0.0,0.0,4,"2008.2252152958404,825.5196849113017,1587.8389981713988,930.4160667175792"
45845,458.462999998,world,458.4629999984519,0.049137776016737564,-0.03646621232793425,1.624106721205182,-0.10126248759096193,0.05575687168231637,0.04194074420874346,-0.9924102245756584,0.15654716208521094,0.01167871984211053,1.529056250347245,4.372637864841183,-3.1754600114827247,-0.44746546581676516,-1.8351037682187987,-3.036119960663337,5.411763895960542,0.0,0.0,0.0,0.0,0.0,0.0,0.0,0.0,0.0,0.0,0.0,0.0,0.0,0.0,0.0,4,"2170.2479951229802,682.9158804737875,1921.006528739079,755.8339635885211"
45846,458.471999998,world,458.47199999845185,0.05046345817786078,-0.036493893225116994,1.6380937331731071,-0.1159707097735867,0.0707971244841375,0.04466470824168945,-0.9897189628763676,0.13730936308262862,-0.018463665920176342,1.5789155702397615,2.4297402389471014,-3.3239089808606623,-0.4733218934989797,-2.3241930916111095,-3.47134691110643,5.247713963896672,0.0,0.0,0.0,0.0,0.0,0.0,0.0,0.0,0.0,0.0,0.0,0.0,0.0,0.0,0.0,4,"2033.471479866934,605.297833061695,2102.3468042371514,660.8103980432437"
45847,458.480999998,world,458.4809999984518,0.051601558625204436,-0.03679872337993351,1.6524914395233188,-0.12204073079871663,0.08516983123119568,0.047925117926228826,-0.9877020517068505,0.11532003152263952,-0.04897469454620591,1.6182498540246983,0.5519531337629797,-3.0307000201353023,-0.43014128582665584,-2.5194408717463532,-3.2872117919860444,3.6931294304083373,0.0,0.0,0.0,0.0,0.0,0.0,0.0,0.0,0.0,0.0,0.0,0.0,0.0,0.0,0.0,4,"1671.5933991441946,547.5584280369942,2240.401226368891,588.4689207061243"
45848,458.492999998,world,458.49299999845175,0.052798293954731505,-0.03761336252876165,1.672139617116274,-0.1178799499812575,0.09989933914109332,0.052283772233922186,-0.9866057199269527,0.0836931963750433,-0.08608629154252749,1.654606363114966,-1.7027333227097776,-1.9904042266429904,-0.2825225855912873,-2.7355230049046773,-2.926454165093628,2.6851911018801466,0.0,0.0,0.0,0.0,0.0,0.0,0.0,0.0,0.0,0.0,0.0,0.0,0.0,0.0,0.0,4,"1271.0588874419605,816.2719750501844,2310.2192409389313,518.1314805824096"
45849,458.501999998,world,458.5019999984517,0.05343918303361409,-0.03850131237682258,1.6871341605333166,-0.10698688547938315,0.10564529428434596,0.05513476516414914,-0.9870932254864733,0.05864806035133221,-0.11066732758560806,1.6769751906172092,-3.0295160597739166,-0.8770606276824031,-0.16822121030970327,-2.7959885788138363,-2.5549788499581587,2.322428942675314,0.0,0.0,0.0,0.0,0.0,0.0,0.0,0.0,0.0,0.0,0.0,0.0,0.0,0.0,0.0,4,"1053.0513325796653,1153.0315676395915,2228.963522400104,479.84740545620986"
45850,458.510999998,world,458.51099999845167,0.05385505924787899,-0.03959340933406423,1.70231402768177,-0.09129921221191095,0.1058355432614205,0.05749389760581482,-0.9885128948932008,0.033979297767973746,-0.13127303540506996,1.6955794374131241,-3.9584375136262553,0.37626683122257754,-0.08624028632801514,-2.667298527190831,-2.0631154322725,1.834357795476027,0.0,0.0,0.0,0.0,0.0,0.0,0.0,0.0,0.0,0.0,0.0,0.0,0.0,0.0,0.0,4,"887.0820964339555,1410.4699885596126,2071.8981373563174,455.19238177202885"
45851,458.522999998,world,458.5229999984516,0.05408077419518328,-0.041297925903019735,1.7227710438226032,-0.06680845316432193,0.09737145437095693,0.05993980034565147,-0.991192539718696,0.00422197368756213,-0.15159021665017036,1.7135536117915846,-4.215142149550397,1.9056269530580072,-0.0683745489111639,-2.3721175037242843,-1.4399281421091925,1.5939511348745938,0.0,0.0,0.0,0.0,0.0,0.0,0.0,0.0,0.0,0.0,0.0,0.0,0.0,0.0,0.0,4,"725.7106171735014,1797.7095382982109,1553.9753218572482,958.1406286406229"
45852,458.531999998,world,458.53199999845157,0.05402397344992255,-0.04271585057964447,1.7382740312167202,-0.049852526329890484,0.08561858393295044,0.061338519779203474,-0.9931876810025083,-0.016730651365072468,-0.16309692537681708,1.7335011482469802,-3.5798650623518804,2.835862419178201,-0.1061467083631836,-2.295805060364982,-1.1639336287625757,2.8496302367844173,0.0,0.0,0.0,0.0,0.0,0.0,0.0,0.0,0.0,0.0,0.0,0.0,0.0,0.0,0.0,4,"637.8774827238118,2008.4807575514683,1268.4357239262524,1335.182220241784"
45853,458.540999998,world,458.5409999984515,0.0537822782222207,-0.04422750791122065,1.754018125235883,-0.037349402613455845,0.07033404035384247,0.062367286714773824,-0.9948710803112931,-0.03667655014468225,-0.1725175917807107,1.7674688383058725,-2.347273588919644,3.5762913636704825,-0.15503790313035545,-2.098886949932689,-0.9527879306037157,4.334474681171097,0.0,0.0,0.0,0.0,0.0,0.0,0.0,0.0,0.0,0.0,0.0,0.0,0.0,0.0,0.0,4,"571.0100833710397,2115.1971044367724,1051.0543171768625,1656.3585307651633"
45854,458.552999998,world,458.55299999845147,0.05320702951651775,-0.04636082049730224,1.7755595122764574,-0.03110695689355973,0.04662552803650609,0.06311558810740099,-0.9964310512554275,-0.05791917197694071,-0.18281719014979567,1.8239591165704125,-0.19149078162085384,4.079225550577387,-0.18042951870755097,-1.469250569159808,-0.8317347020045107,4.957364283764587,0.0,0.0,0.0,0.0,0.0,0.0,0.0,0.0,0.0,0.0,0.0,0.0,0.0,0.0,0.0,4,"573.9472608843355,2012.0221333409745,839.6949111477217,1968.6374659231856"
45855,458.561999998,world,458.5619999984514,0.052635664352180526,-0.04804057234407733,1.7921645533143202,-0.03507736849384254,0.028737732140170332,0.06317887317055633,-0.9969714895401401,-0.06822037363777941,-0.19063622227921942,1.865302212129955,1.3915007238409516,3.848116490892265,-0.14311682311466237,-0.9109116020511593,-0.9372168879122067,4.4638439472675095,0.0,0.0,0.0,0.0,0.0,0.0,0.0,0.0,0.0,0.0,0.0,0.0,0.0,0.0,0.0,4,"960.1335521793972,1617.1469393194586,724.6537699743104,2138.608255205416"
45856,458.570999998,world,458.5709999984514,0.05199155462038731,-0.0497990204604952,1.809138701679595,-0.04534326614777748,0.01377149525127231,0.06286103657073033,-0.9968965965509409,-0.07431073367480795,-0.20064384187646228,1.907080906467321,2.6872291709029583,2.990051484393376,-0.07145245652828784,-0.49983686958512963,-1.2630682343503785,4.618747750323227,0.0,0.0,0.0,0.0,0.0,0.0,0.0,0.0,0.0,0.0,0.0,0.0,0.0,0.0,0.0,4,"1333.0072373771604,1316.5283008230235,637.0729045408067,2188.2760253735582"
45857,458.582999998,world,458.5829999984513,0.05107494131728326,-0.052310624163642995,1.8323331807206564,-0.06562908787035766,0.0018084390964193348,0.062248514368281445,-0.99589892802045,-0.07782219740660498,-0.2189676731039726,1.9569983837676006,3.665077478507823,1.3571684648619757,-0.018625502165223105,-0.16775250864792257,-1.7619131617667982,3.7782090952902525,0.0,0.0,0.0,0.0,0.0,0.0,0.0,0.0,0.0,0.0,0.0,0.0,0.0,0.0,0.0,4,"1743.8617769955424,1024.2375395108265,551.918244929628,1958.7677324135443"
45858,458.591999998,world,458.5919999984513,0.05036917446072888,-0.05435642140953835,1.8500737492748263,-0.08260666353409449,-0.0002811783135734831,0.06214737614184549,-0.9946425306195212,-0.07895345465115225,-0.23599319711006517,1.9831255517318962,3.7275367686753693,0.04593652871041448,-0.050818668438896875,-0.11691355255431801,-1.9951955056206616,2.305731471152317,0.0,0.0,0.0,0.0,0.0,0.0,0.0,0.0,0.0,0.0,0.0,0.0,0.0,0.0,0.0,4,"1967.4864359684134,865.1461445853307,505.56928226953846,1576.604343220411"
45859,458.600999998,world,458.60099999845124,0.04965283918176809,-0.056565135502064975,1.868002015045204,-0.09826363535814513,0.0033810908548318665,0.0628060951169792,-0.9931707912574704,-0.08038665202882264,-0.255214561629694,1.9999518514044756,3.278838767883905,-1.2611909257946687,-0.14614868882840162,-0.21244101104993252,-2.248996570391293,1.611099248136183,0.0,0.0,0.0,0.0,0.0,0.0,0.0,0.0,0.0,0.0,0.0,0.0,0.0,0.0,0.0,4,"2137.7319756540264,744.0298038703573,470.2837990040613,1285.6632066744594"
45860,458.612999998,world,458.6129999984512,0.048665485918418634,-0.059798689039522866,1.892108628927826,-0.11381625675700703,0.01710514720655905,0.06546858444276465,-0.9911948032994956,-0.08485576532029078,-0.28434920696317706,2.0175303395316835,2.131148891976184,-3.0600981179491256,-0.33978726527102837,-0.5445907944551243,-2.5685013249879263,1.432445475506583,0.0,0.0,0.0,0.0,0.0,0.0,0.0,0.0,0.0,0.0,0.0,0.0,0.0,0.0,0.0,4,"2303.2612943070476,626.2686842937784,501.90585020968825,1002.7818566577655"
45861,458.621999998,world,458.62199999845114,0.04787357586008195,-0.0624652352371293,1.9103283013784755,-0.11970404307497313,0.034066504195695665,0.06917695131776415,-0.9898105701444947,-0.09180897495358557,-0.30858894902088446,2.0321187766545274,0.9512965738752468,-4.4337157868756005,-0.5122492996213464,-0.9874182115560542,-2.802565986411487,1.8973370335908513,0.0,0.0,0.0,0.0,0.0,0.0,0.0,0.0,0.0,0.0,0.0,0.0,0.0,0.0,0.0,4,"2384.490225556872,562.1723006197991,756.7226854038438,848.8119249003457"
45862,458.630999998,world,458.6309999984511,0.046998534611989114,-0.06535750977295617,1.9286999977923862,-0.11933862953775143,0.05641161655027655,0.07452804837869609,-0.9884440252351667,-0.10338884205065997,-0.33389757169388357,2.0497562663267077,-0.44299407075371267,-5.6573181631609435,-0.6703537932656422,-1.4700343049975222,-2.650048582314102,1.4063667495687326,0.0,0.0,0.0,0.0,0.0,0.0,0.0,0.0,0.0,0.0,0.0,0.0,0.0,0.0,0.0,4,"2209.9600902488496,513.37569884702,1108.0165430722675,731.5945560833455"
45863,458.642999998,world,458.64299999845105,0.04564179632661124,-0.06953346609181923,1.9533303243558757,-0.10915661316002323,0.09130407835328155,0.08357052275861476,-0.9862881763487499,-0.12360465320574414,-0.36076217156066154,2.05178610592269,-2.0935517664820624,-6.304282880133238,-0.7359709899158783,-1.896742703978868,-1.956802898861132,-0.4920284975251654,0.0,0.0,0.0,0.0,0.0,0.0,0.0,0.0,0.0,0.0,0.0,0.0,0.0,0.0,0.0,4,"1645.301224996297,465.9308832063463,1587.4608614933836,617.6243972738483"
45864,458.654999998,world,458.654999998451,0.04400181715383229,-0.0739939633170326,1.9779233083075904,-0.08947931754537898,0.1259236412520837,0.09337724394687949,-0.9835737789400014,-0.15144295396158652,-0.3819981422742101,2.048508475456641,-3.5879473725725552,-5.911401589185043,-0.6698988327632406,-2.7329454247844995,-1.6156666167710387,0.13429323054303666,0.0,0.0,0.0,0.0,0.0,0.0,0.0,0.0,0.0,0.0,0.0,0.0,0.0,0.0,0.0,4,"1252.7820421707474,877.3778186653651,1920.743669322563,538.3987331511513"
45865,458.660999998,world,458.66099999845096,0.0430401743610189,-0.07631351598905455,1.9902215378041188,-0.07649185110012596,0.14133205774118587,0.0982659178682551,-0.9820988013206349,-0.16962075845963887,-0.3909632573565392,2.0515727770983974,-4.287414479926039,-5.384749177506475,-0.6099652341456372,-3.245859402157963,-1.3980365393376215,0.7949490145851001,0.0,0.0,0.0,0.0,0.0,0.0,0.0,0.0,0.0,0.0,0.0,0.0,0.0,0.0,0.0,4,"1103.9848271347257,1049.7827972885616,2047.0854018905934,508.3656578349932"
45866,458.672999998,world,458.6729999984509,0.04074668698748334,-0.0810886106825937,2.0149254617073025,-0.045453746735099984,0.16555273892746036,0.1077733476783686,-0.979240089595782,-0.21426187974482158,-0.4034383191389712,2.0675518612028396,-5.3524166824498165,-3.856033382555134,-0.5007189174732656,-4.074722384270701,-0.690242616028125,1.7205100711179533,0.0,0.0,0.0,0.0,0.0,0.0,0.0,0.0,0.0,0.0,0.0,0.0,0.0,0.0,0.0,4,"876.4892338684099,1546.9800265778322,2004.2130374479127,467.46362564671637"
45867,458.681999998,world,458.68199999845086,0.03864630789708336,-0.0847371620420435,2.0336109638873476,-0.01976219583255949,0.17663396528779315,0.11465640444051942,-0.9773759802877082,-0.2529780446632238,-0.4063290619845906,2.0852320826252244,-5.692411320351165,-2.458968941165767,-0.46497879464351827,-4.407831332790879,-0.014942837188225422,2.018401322644525,0.0,0.0,0.0,0.0,0.0,0.0,0.0,0.0,0.0,0.0,0.0,0.0,0.0,0.0,0.0,4,"752.6653021448752,1817.600282947259,1837.4657842691188,590.1395475890087"
45868,458.690999998,world,458.6909999984508,0.036190174934811775,-0.08838396790983744,2.0524579345194884,0.005543401624039642,0.18142336934051245,0.12134084793264376,-0.9758745976704987,-0.29293116566952904,-0.40306322185676635,2.103057082964678,-5.472741387868688,-1.1065575608650846,-0.4846387302587299,-4.480820191346324,0.6609158276384974,2.0560240267029073,0.0,0.0,0.0,0.0,0.0,0.0,0.0,0.0,0.0,0.0,0.0,0.0,0.0,0.0,0.0,4,"658.3980948561432,2023.6235891742401,1545.885533468727,863.3846397137703"
45869,458.702999998,world,458.70299999845076,0.032347581872758595,-0.09314953575319987,2.077861801251236,0.03433922451638093,0.17936581424864895,0.12981735500125732,-0.9745748697144875,-0.3478447991559733,-0.3894855725701575,2.1326827466691536,-4.348904119700916,0.5125124833913597,-0.5736387028473643,-4.6602152661173735,1.520858891924104,2.929349737819109,0.0,0.0,0.0,0.0,0.0,0.0,0.0,0.0,0.0,0.0,0.0,0.0,0.0,0.0,0.0,4,"566.7423215381328,2223.93954205836,1214.0357721405285,1229.9725570713529"
45870,458.711999998,world,458.7119999984507,0.029025946916239935,-0.09658384020039848,2.0971908984924066,0.04939419490120663,0.1726967339641504,0.13566123539180028,-0.9743367389153237,-0.3904433730079441,-0.3728567611110421,2.164189782461857,-2.9582470926007063,1.5475217590181898,-0.6619716689819501,-4.759442077281295,2.0822518060333306,3.9224115567932927,0.0,0.0,0.0,0.0,0.0,0.0,0.0,0.0,0.0,0.0,0.0,0.0,0.0,0.0,0.0,4,"516.8548575461984,2298.349159696267,1009.6396127647012,1515.4425450730741"
45871,458.720999998,world,458.7209999984507,0.02532153551736367,-0.09984973709885506,2.11683570572787,0.05697211084446481,0.1630147730806165,0.14081276082936253,-0.974860055972658,-0.4321556010841928,-0.3526561382897519,2.201034143297607,-1.2709842311310946,2.2686761461430547,-0.7275617007715829,-4.361529346570469,2.2546815479721483,3.724217396576801,0.0,0.0,0.0,0.0,0.0,0.0,0.0,0.0,0.0,0.0,0.0,0.0,0.0,0.0,0.0,4,"478.8755118431659,2111.2731890554205,854.0327372866899,1781.9309196798793"
45872,458.732999998,world,458.7329999984506,0.019853833122953544,-0.1039300736760638,2.14345035118796,0.055465718122123274,0.14923160690442305,0.14606518056370402,-0.9763802766549587,-0.4771582647422195,-0.3282222162056702,2.230809398176502,0.8014899780190203,2.300709353602176,-0.6975303289004129,-3.347969979575094,1.849738883013985,1.6977643908342444,0.0,0.0,0.0,0.0,0.0,0.0,0.0,0.0,0.0,0.0,0.0,0.0,0.0,0.0,0.0,4,"593.5823081824573,1576.699624639407,702.7365557646,1984.3590179995797"
45873,458.741999998,world,458.7419999984506,0.015430035005048607,-0.10681373841252292,2.1635859547671408,0.04728058664672537,0.14123335313842753,0.1485344272080556,-0.9776273369856188,-0.5054074922226862,-0.31304521719580036,2.242923625403049,2.0369405198835717,1.7865742809542338,-0.6336276332443714,-2.9972962864834862,1.5476099079274608,1.0961889205440833,0.0,0.0,0.0,0.0,0.0,0.0,0.0,0.0,0.0,0.0,0.0,0.0,0.0,0.0,0.0,4,"1005.1600972246603,1285.735744455729,620.3873208548412,1950.5876041936824"
45874,458.750999998,world,458.75099999845054,0.01076339219763458,-0.10957362902827406,2.1838098639697727,0.035112398849817344,0.136814905682432,0.14995216768858163,-0.9785515563503101,-0.5313233852628756,-0.30077913052816924,2.250541088203758,2.8003959416977784,0.9909287667598204,-0.595312459888482,-2.780964736048719,1.2022211478525668,0.5692780735206959,0.0,0.0,0.0,0.0,0.0,0.0,0.0,0.0,0.0,0.0,0.0,0.0,0.0,0.0,0.0,4,"1405.1125603998914,1064.2248295217034,557.6948163506311,1749.5222808880749"
45875,458.762999998,world,458.7629999984505,0.004193840149084078,-0.11310943557158469,2.2108311879923215,0.01694027878886824,0.13734131681779893,0.15116283904123284,-0.97877483914448,-0.5633192689918124,-0.2893973794026956,2.251501654620354,2.94315046064553,-0.2550909089790156,-0.6338744066415689,-2.626375581091134,0.7590064658254403,-0.2092620697369263,0.0,0.0,0.0,0.0,0.0,0.0,0.0,0.0,0.0,0.0,0.0,0.0,0.0,0.0,0.0,4,"1793.985354631388,848.8503128621331,496.7390487317141,1347.7408806313683"
45876,458.771999998,world,458.77199999845044,-0.0009837726412455393,-0.11568707143951323,2.2310843575741863,0.004902682353123504,0.14263987902268452,0.15237639686221421,-0.9779628123284788,-0.5874730611652355,-0.28373289677878577,2.2491880490874627,2.5054757228176086,-1.3002555015302812,-0.7262347020427359,-2.756352378282978,0.5389952870931691,-0.24340702238090373,0.0,0.0,0.0,0.0,0.0,0.0,0.0,0.0,0.0,0.0,0.0,0.0,0.0,0.0,0.0,4,"2005.6455350802134,731.6237808535562,463.5613387838792,1111.429363762188"
45877,458.780999998,world,458.7809999984504,-0.006386719800576177,-0.11822120338146516,2.251320043646938,-0.0037486636429171316,0.15232853205646688,0.15443563376669758,-0.9761821555762495,-0.6136929986785777,-0.2795813431433029,2.248175178826363,1.7249392798883196,-2.448061879756063,-0.8581870256793733,-3.09307507356793,0.41841444301099484,0.12145164919630247,0.0,0.0,0.0,0.0,0.0,0.0,0.0,0.0,0.0,0.0,0.0,0.0,0.0,0.0,0.0,4,"2163.3534104414575,642.3791765288872,582.7855942979636,931.525314235163"
45878,458.792999998,world,458.79299999845034,-0.013993289137352153,-0.12154660772896268,2.2783327906000386,-0.007535177624358942,0.17193802142743866,0.15917669132538073,-0.9721333853049651,-0.6551810752978009,-0.2746114408916629,2.254539956259949,0.22121485286211426,-3.8921213937642998,-1.041561124789363,-3.584027547722468,0.4238530185606826,0.26739220116622775,0.0,0.0,0.0,0.0,0.0,0.0,0.0,0.0,0.0,0.0,0.0,0.0,0.0,0.0,0.0,4,"2078.818834417144,555.6068676942418,1084.327886689956,756.6050502674819"
45879,458.801999998,world,458.8019999984503,-0.020031318572442194,-0.12400019206027287,2.2986079752017554,-0.0038650733945744236,0.18995689530537732,0.16428170084463958,-0.9679426439108822,-0.6864575447040503,-0.27049161454393184,2.2492016640762236,-0.8915625872040943,-4.385767388177998,-1.098083702829549,-3.462862949250911,0.5075879830414576,-1.0502874592113187,0.0,0.0,0.0,0.0,0.0,0.0,0.0,0.0,0.0,0.0,0.0,0.0,0.0,0.0,0.0,4,"1667.9992937787697,544.851851230103,1465.3830292522166,661.3974266312672"
45880,458.810999998,world,458.81099999845026,-0.02635317617786151,-0.12641095136102212,2.318803357952252,0.004638146862054516,0.20794695425542845,0.17031508819750896,-0.9631870651861203,-0.7189189323993445,-0.26486451076270023,2.2386828751249173,-1.9496459951015144,-4.300613388016052,-1.0786473862658148,-3.7952177014426436,0.7463665150111987,-1.0767879913644585,0.0,0.0,0.0,0.0,0.0,0.0,0.0,0.0,0.0,0.0,0.0,0.0,0.0,0.0,0.0,4,"1355.2422180134342,716.5854922769033,1755.4804572078708,588.9158257980672"
45881,458.822999998,world,458.8229999984502,-0.035277319526075844,-0.1295211182018944,2.345618363349023,0.02250251868106575,0.22785236227632957,0.17944252822187923,-0.9567535297679568,-0.7703298479590829,-0.2522463283162128,2.2329216586139107,-3.2851251198681553,-3.402514758294311,-0.9856617495525671,-4.725070878046633,1.3580559461829345,0.10511751135577896,0.0,0.0,0.0,0.0,0.0,0.0,0.0,0.0,0.0,0.0,0.0,0.0,0.0,0.0,0.0,4,"1051.149284060803,1087.010372944157,2037.5414714416036,518.4421439444584"
45882,458.831999998,world,458.83199999845016,-0.04241427510639796,-0.13172610963604287,2.365738298856093,0.03999379088125817,0.2371108155808557,0.18703296802991004,-0.9524692261146552,-0.81683429895555,-0.23669574445651678,2.2400688161377684,-4.214759300540752,-2.222314363121115,-0.8930857641601848,-5.5058029950426635,2.0501573392329995,1.3526657679454601,0.0,0.0,0.0,0.0,0.0,0.0,0.0,0.0,0.0,0.0,0.0,0.0,0.0,0.0,0.0,4,"885.6340661581833,1352.8755742576352,2191.064901354652,480.0839135943349"
45883,458.840999998,world,458.8409999984501,-0.04999859924242125,-0.13376065694250153,2.3859723970595503,0.06024458089088328,0.2396243499886826,0.19532948286137378,-0.9491033423663051,-0.8693388019325362,-0.21418508207056344,2.258041015316711,-5.074724488561483,-0.6825978253109166,-0.7970647381706956,-6.031644450987916,2.8694966327386107,2.45324289173654,0.0,0.0,0.0,0.0,0.0,0.0,0.0,0.0,0.0,0.0,0.0,0.0,0.0,0.0,0.0,4,"759.6272665170411,1541.7513773561134,2298.645271876575,450.88177793838264"
45884,458.852999998,world,458.85299999845006,-0.060853011725860544,-0.13610395028054223,2.413238123365291,0.08958289454981998,0.23102165229301228,0.20755938159758164,-0.946320772405801,-0.938502214043714,-0.1749776309895962,2.285467427729284,-5.61921595257728,1.4846495918595741,-0.7351338725429403,-5.466744685443836,3.580249005839087,2.125107433133433,0.0,0.0,0.0,0.0,0.0,0.0,0.0,0.0,0.0,0.0,0.0,0.0,0.0,0.0,0.0,4,"637.1111657794628,1888.968998871026,1917.6321753586735,730.5741782390704"
45885,458.861999998,world,458.86199999845,-0.06951239103503505,-0.13752606615201216,2.433891861996917,0.11014043579985269,0.21662745333428657,0.21730552327077893,-0.9453676218380516,-0.98501789076057,-0.14029837489980104,2.304336468736391,-5.285315477750763,2.9247412032103397,-0.7643546192720982,-4.945948726281402,4.08306801841582,2.1681321189457314,0.0,0.0,0.0,0.0,0.0,0.0,0.0,0.0,0.0,0.0,0.0,0.0,0.0,0.0,0.0,4,"570.4266859838278,2077.956620311852,1570.538935756184,1041.406232720061"
45886,458.870999998,world,458.87099999845,-0.07857139576747742,-0.13861408972056846,2.454728363008635,0.1264967550877898,0.19711796886417052,0.22713257747024976,-0.9452797837438631,-1.0274988070873432,-0.10057885805555822,2.32716517960768,-4.330958921123461,4.1329724357885445,-0.8340583847966079,-4.543806203950895,4.681832022052385,2.909703289999843,0.0,0.0,0.0,0.0,0.0,0.0,0.0,0.0,0.0,0.0,0.0,0.0,0.0,0.0,0.0,4,"519.659765628951,2221.8329698784573,1281.0456096173937,1338.2050778339806"
45887,458.882999998,world,458.8829999984499,-0.09121484744983245,-0.1394619485294899,2.4829074938227844,0.13794622015417693,0.16593816993758875,0.23971369523050845,-0.9465583491903046,-1.0783100263383485,-0.03967936830498219,2.3716970390230365,-2.3013836043560465,5.345470946887385,-0.932482599756084,-3.809685187473155,5.176440886650438,3.9563226323129363,0.0,0.0,0.0,0.0,0.0,0.0,0.0,0.0,0.0,0.0,0.0,0.0,0.0,0.0,0.0,4,"489.3814685905589,2195.266065350192,999.5719620913418,1747.4750242393561"
45888,458.891999998,world,458.8919999984499,-0.1010583077104352,-0.1396163588964599,2.5044012873452606,0.1374485789154683,0.14125173101093327,0.2482266552463251,-0.9484404906296205,-1.107709448136686,0.004611840505861064,2.403580673826237,-0.6509736592875324,5.648521345548492,-0.9454681484847945,-2.8555857313277144,4.684335825017658,3.203197448204964,0.0,0.0,0.0,0.0,0.0,0.0,0.0,0.0,0.0,0.0,0.0,0.0,0.0,0.0,0.0,4,"667.4129835657346,1851.6913601349709,846.3682309208681,1970.237202497767"
45889,458.900999998,world,458.90099999844983,-0.11113187007494861,-0.13939254853568786,2.5261579367063147,0.13025324557336324,0.1183550470650346,0.2554703534999208,-0.9506634911126356,-1.1298868329137048,0.04444040077628994,2.430942438466217,0.8086980525097522,5.281225669917767,-0.8947605235338918,-2.1810838353419904,4.207445925138206,2.927944193849008,0.0,0.0,0.0,0.0,0.0,0.0,0.0,0.0,0.0,0.0,0.0,0.0,0.0,0.0,0.0,4,"903.392945937849,1495.0870594384162,729.7341709081438,2139.826135280652"
45890,458.912999998,world,458.9129999984498,-0.12482962567746272,-0.13857501076990536,2.555534389479625,0.11253788578153735,0.0945920505215617,0.2626178866978672,-0.9536348430234154,-1.1520596686720164,0.09061577819335954,2.4655819314223244,2.6076167869332143,4.0756430849705465,-0.7527744160006824,-1.6622081060897465,3.618272983546042,3.1799007516579714,0.0,0.0,0.0,0.0,0.0,0.0,0.0,0.0,0.0,0.0,0.0,0.0,0.0,0.0,0.0,4,"1111.819594587121,1148.3615767500376,616.3311618114345,2298.3353373839814"
45891,458.921999998,world,458.92199999844973,-0.1352639988024184,-0.13761713742419202,2.5778713963522746,0.09447538876883223,0.08402171333666394,0.26593569266363465,-0.9556636228152992,-1.1666131357421619,0.12174810897686829,2.499738942840163,3.727470703208743,2.706113500209604,-0.6382993664226447,-1.60314731054223,3.2991821926996874,4.224302252554324,0.0,0.0,0.0,0.0,0.0,0.0,0.0,0.0,0.0,0.0,0.0,0.0,0.0,0.0,0.0,4,"1470.8984232388939,959.6418223196462,554.6068608963124,2316.1479599635773"
45892,458.930999998,world,458.9309999984497,-0.14582933306917945,-0.13639547711183317,2.6005491105543856,0.07411069919821492,0.0810534735869789,0.26769550518064783,-0.9572236181738908,-1.1813354402242562,0.14882723925366922,2.53978398961366,4.501475484489223,1.0729333056888157,-0.5567781870876228,-1.6551718924195935,2.7028464192714594,4.259085310323485,0.0,0.0,0.0,0.0,0.0,0.0,0.0,0.0,0.0,0.0,0.0,0.0,0.0,0.0,0.0,4,"1743.5343118451583,815.9694000120686,507.6161266486776,2161.5119423360657"
45798,457.991999998,world,457.9919999984541,-2.910350517766508e-05,-9.334407694617195e-05,1.3401577349431761,-0.030333673034598756,-0.014039448054178278,0.000496259392449329,-0.9994411017689734,0.002524642408677548,-0.010686479920912133,-0.11459676816525324,1.5667716143801558,1.3795219594481207,-0.10564373533713406,0.27409587711973343,-0.6000475991534797,0.19560342164352817,0.0,0.0,0.0,0.0,0.0,0.0,0.0,0.0,0.0,0.0,0.0,0.0,0.0,0.0,0.0,4,"1476.5571802971926,1137.3625807821882,1210.784474273004,1065.286772555445"
45799,458.000999998,world,458.00099999845406,7.213158451481746e-06,-0.00021713363979041482,1.3391519013721969,-0.03649608385226842,-0.019700878747758416,0.0009522450688265436,-0.9991391316875459,0.005782960069669735,-0.01713174814263821,-0.10727245506362429,1.1372467251768266,1.0797146639374535,-0.13528583751479106,0.4316882053957034,-0.8063824676779324,1.295104140778977,0.0,0.0,0.0,0.0,0.0,0.0,0.0,0.0,0.0,0.0,0.0,0.0,0.0,0.0,0.0,4,"1705.6461911194087,951.2682824195872,1240.7136197340246,1178.9432885958133"
45800,458.012999998,world,458.012999998454,0.00011238870206861037,-0.00048665953031109,1.337988286464107,-0.0408255159972018,-0.0239695758774396,0.001827008242421974,-0.9988770688711901,0.012019590977298199,-0.02812475038044401,-0.08500285703643182,0.267859413218832,0.26506181616228175,-0.18261999317662442,0.5723255204055748,-0.9801145118287086,2.165718036384698,0.0,0.0,0.0,0.0,0.0,0.0,0.0,0.0,0.0,0.0,0.0,0.0,0.0,0.0,0.0,4,"1907.5395283966945,770.3292547654224,1210.8194574237157,1246.8887886863242"
45801,458.021999998,world,458.02199999845396,0.00024407744398213414,-0.000779946510321669,1.3373143979548467,-0.040281112965300014,-0.023370216021847873,0.002765285998663017,-0.9989112163424307,0.017229878098648458,-0.03704509905845762,-0.06457946301170803,-0.5093228315679956,-0.57191094874658,-0.2297453017074908,0.568211227992204,-0.9829296016075142,2.2986533608976565,0.0,0.0,0.0,0.0,0.0,0.0,0.0,0.0,0.0,0.0,0.0,0.0,0.0,0.0,0.0,4,"1973.869416857514,671.8456688431917,1165.9101708746327,1270.1791705163025"
45802,458.030999998,world,458.0309999984539,0.0004199513932178413,-0.0011503346697146824,1.3368048478582477,-0.03631843539803087,-0.01902517636882841,0.0039734204258823945,-0.9991512527362878,0.021596732762654752,-0.044934233913382124,-0.05115846483196019,-1.1954488864043218,-1.3343868801260912,-0.26500352910786396,0.4044884514588787,-0.7726631729082986,0.6957183035706249,0.0,0.0,0.0,0.0,0.0,0.0,0.0,0.0,0.0,0.0,0.0,0.0,0.0,0.0,0.0,4,"1692.521166833623,766.495635719681,1173.9822653116375,1205.2870317646925"
45803,458.042999998,world,458.04299999845387,0.0007016612046004471,-0.0017370237549344165,1.3361869728827658,-0.027316780067664272,-0.009606394093607423,0.005783777378439747,-0.9995639342425725,0.024903982887284924,-0.05230456660266086,-0.0548455724538674,-1.715167576584446,-1.7256123670157681,-0.2752659796086041,0.17601512546149695,-0.4955967605728001,-0.9057993083716256,0.0,0.0,0.0,0.0,0.0,0.0,0.0,0.0,0.0,0.0,0.0,0.0,0.0,0.0,0.0,4,"1285.6066981243332,1024.8118009570514,1226.8242402690414,1067.3791101667775"
45804,458.051999998,world,458.0519999984538,0.000930825490355398,-0.0022257979392009764,1.335661331888883,-0.01917105756539081,-0.0021104204107945737,0.007152074927550077,-0.9997884098656801,0.02582534653999341,-0.05612611607691539,-0.06111995505674936,-1.842853371169841,-1.5779854523607173,-0.27582609680427206,0.04436664810233623,-0.3688545705663182,-0.4270064078488317,0.0,0.0,0.0,0.0,0.0,0.0,0.0,0.0,0.0,0.0,0.0,0.0,0.0,0.0,0.0,4,"1064.1265864995164,1339.6486614158362,1315.4132907795595,1009.4614932602154"
45805,458.060999998,world,458.0609999984538,0.0011630695469035562,-0.0027437630208783856,1.3351061201444625,-0.010961511233078019,0.003914319449153241,0.008509670589326378,-0.999896049037698,0.025601380493460252,-0.058781532183069266,-0.06054888184076917,-1.749435930046951,-1.0842679938554556,-0.2834772043835013,-0.07887421002317554,-0.2398520941765958,0.738853885998085,0.0,0.0,0.0,0.0,0.0,0.0,0.0,0.0,0.0,0.0,0.0,0.0,0.0,0.0,0.0,4,"895.5136915424761,1604.652574633137,1412.0283244836507,1028.8386160302282"
45806,458.072999998,world,458.0729999984537,0.0014607582328738458,-0.003461650577439481,1.3345130183794607,-0.0017140785510603787,0.0071262534557789015,0.010334406527665126,-0.99991973602291,0.02379049237410886,-0.06048414628407471,-0.03253182497171883,-1.2549044344517142,0.06539599422894805,-0.2986919884378809,-0.19258030552147393,-0.05268190032382131,3.6463785998824965,0.0,0.0,0.0,0.0,0.0,0.0,0.0,0.0,0.0,0.0,0.0,0.0,0.0,0.0,0.0,4,"731.5717893352672,1931.5714221200117,1575.7779546756146,1192.8574554009244"
45807,458.081999998,world,458.0819999984537,0.0016673004380375223,-0.00400596113394072,1.3343970301189212,0.0025121647476848055,0.0043477340084099245,0.011736918552237133,-0.9999185121699521,0.022205694760865924,-0.06029047294843083,0.00867499858636939,-0.6013358736430429,1.1579246383151538,-0.3106869030456594,-0.1356795099206158,0.07112720982112297,4.9367832873544835,0.0,0.0,0.0,0.0,0.0,0.0,0.0,0.0,0.0,0.0,0.0,0.0,0.0,0.0,0.0,4,"642.3395953658311,2038.884724257031,1572.4699886852432,1353.446162885597"
45808,458.090999998,world,458.09099999845364,0.0018645464592246584,-0.004544898279621223,1.334670675281002,0.0031950919035502877,-0.0030798067537143726,0.013177639232661407,-0.9999033233279814,0.021952089623089387,-0.05945267457523026,0.051202694627550796,0.2919500021168917,2.0910551006765665,-0.31535015776570613,0.07362084713384218,0.09126977449920581,4.31421036481916,0.0,0.0,0.0,0.0,0.0,0.0,0.0,0.0,0.0,0.0,0.0,0.0,0.0,0.0,0.0,4,"574.4070914575708,1964.496214502447,1380.9955781393764,1535.6677550194797"
45809,458.102999998,world,458.1029999984536,0.0021425804019840336,-0.00525487246488579,1.3355437186230894,-0.0030044972925967793,-0.017723808575641185,0.015093101671760268,-0.9997244809883966,0.025074481583378477,-0.0592148070220802,0.09048417126938627,1.7300852744553799,2.6877436913493,-0.2872750505178897,0.41510580231532423,-0.06898527706885454,2.384327947965073,0.0,0.0,0.0,0.0,0.0,0.0,0.0,0.0,0.0,0.0,0.0,0.0,0.0,0.0,0.0,4,"611.6541409580567,1655.27748003017,1084.120909104486,1735.5126005421348"
45810,458.111999998,world,458.11199999845354,0.002388843003796839,-0.005793847944446151,1.3364377580397984,-0.01316826929339765,-0.029592252647556386,0.016414774335998375,-0.9993405077602718,0.030006422779131656,-0.06090263790474622,0.10700326549881053,2.6814549522940077,2.584933486767653,-0.23004658897125077,0.6527698180054075,-0.2945028596309032,1.530891336576065,0.0,0.0,0.0,0.0,0.0,0.0,0.0,0.0,0.0,0.0,0.0,0.0,0.0,0.0,0.0,4,"866.3072327194039,1345.557096268104,994.2608274975248,1810.4363569231652"
45811,458.120999998,world,458.1209999984535,0.002689651853446066,-0.006358866223429064,1.3374687010128783,-0.02696932258794049,-0.04004582969667991,0.017572527238923878,-0.9986792245007852,0.03726114543816157,-0.0651852807825228,0.12299933135162879,3.3205216355346936,2.106993786703505,-0.16626484131499528,0.9293342019017908,-0.6382060032885661,2.048412231809946,0.0,0.0,0.0,0.0,0.0,0.0,0.0,0.0,0.0,0.0,0.0,0.0,0.0,0.0,0.0,4,"1299.4038207503056,1109.7668478787048,1043.58423661827,1784.7282831421114"
45812,458.132999998,world,458.13299999845344,0.00321297363136514,-0.007202455174155173,1.3391180026976106,-0.047778197114413876,-0.049496409989655814,0.018976255339026978,-0.9974503752126923,0.05060485149792834,-0.07663390445685588,0.15397975017307844,3.440082384589528,1.1160082332274592,-0.11660340570116227,1.2539036785785898,-1.2412766115146716,3.076310377575553,0.0,0.0,0.0,0.0,0.0,0.0,0.0,0.0,0.0,0.0,0.0,0.0,0.0,0.0,0.0,4,"1720.5025658927113,880.5085704929963,1190.711380938796,1645.6606083494164"
45813,458.141999998,world,458.1419999984534,0.0037220894103757486,-0.00795028497431059,1.3406419210600098,-0.06241555971002314,-0.05227064496269119,0.020068348671257844,-0.9964784688907622,0.06276644972319312,-0.09030096591605671,0.1859613850506609,3.000033171408301,0.21909536429519505,-0.1135319644244325,1.4149448994269787,-1.7404565415600481,3.9365273808133203,0.0,0.0,0.0,0.0,0.0,0.0,0.0,0.0,0.0,0.0,0.0,0.0,0.0,0.0,0.0,4,"1949.7030594879423,755.725224677452,1302.221607622806,1532.5235457012632"
45814,458.150999998,world,458.15099999845336,0.004344525420838416,-0.008839649499668315,1.3424786452665096,-0.07395958935447541,-0.05100540149273306,0.021315659403855245,-0.9957279100363017,0.07553129789720361,-0.10788896099847387,0.2226057255396583,2.0896728282722203,-0.6808184394099281,-0.14456105148693016,1.4093013783192803,-2.117151644182802,4.229403802531617,0.0,0.0,0.0,0.0,0.0,0.0,0.0,0.0,0.0,0.0,0.0,0.0,0.0,0.0,0.0,4,"2124.1934842360583,660.7276150680352,1446.7801366866593,1252.1044784112678"
45815,458.162999998,world,458.1629999984533,0.005349682773291622,-0.01029784515750186,1.345474801932802,-0.08091221082569244,-0.043530941886114324,0.023347466440315424,-0.9954964425092764,0.0916761719153318,-0.13578632146127578,0.278216544211822,0.20598921379688245,-1.7792266765126288,-0.22653029995977295,1.255759577939261,-2.4439461553071027,4.930052364834681,0.0,0.0,0.0,0.0,0.0,0.0,0.0,0.0,0.0,0.0,0.0,0.0,0.0,0.0,0.0,4,"2262.3129750092685,568.3616733737557,1623.2148504812615,979.4537103996868"
45816,458.171999998,world,458.17199999845326,0.006221530289453927,-0.011618344566894541,1.3481782183203028,-0.07779348324551538,-0.03418299539638208,0.0251567139118412,-0.9960656788261598,0.10157761957721682,-0.15735194641938097,0.3215918362079142,-1.4842719543988905,-2.415302860699652,-0.2818923630707012,0.9358111583972206,-2.2549838712974943,4.305485278427501,0.0,0.0,0.0,0.0,0.0,0.0,0.0,0.0,0.0,0.0,0.0,0.0,0.0,0.0,0.0,4,"2113.1885250799446,518.0876707272794,1767.6669532762735,831.0521980982433"
45817,458.180999998,world,458.1809999984532,0.007166876393861933,-0.013116640979032106,1.3512123600051134,-0.06723832297237227,-0.023172453743437148,0.02697637293829043,-0.997102963898145,0.10790296318383212,-0.17471544296638325,0.3496080663796164,-3.0351765494547345,-2.5684036695633337,-0.27470992907617103,0.5350365055532685,-1.672688706443659,2.28659784635471,0.0,0.0,0.0,0.0,0.0,0.0,0.0,0.0,0.0,0.0,0.0,0.0,0.0,0.0,0.0,4,"1711.691977281359,525.7275927067462,1894.3061633283655,718.0740691747001"
45818,458.192999998,world,458.19299999845316,0.008489769674020374,-0.015314467283553393,1.3555297135985602,-0.04325953950512004,-0.009673592643533898,0.02882334924753728,-0.9986011457961215,0.11191658149592729,-0.19021508223246322,0.36779627269479825,-4.76601903428126,-2.0851296690709615,-0.1869535782993456,0.19725276303608763,-0.9936956847345357,1.2670359945307075,0.0,0.0,0.0,0.0,0.0,0.0,0.0,0.0,0.0,0.0,0.0,0.0,0.0,0.0,0.0,4,"1298.9331706444862,820.3905704582668,1969.4873432466502,692.3374753276518"
45819,458.201999998,world,458.2019999984531,0.009502518531669378,-0.017059459373334026,1.3589043342387774,-0.019439359320073048,-0.0025138770185193287,0.02960170518744519,-0.999369566667685,0.11292753279237579,-0.19681934863592693,0.3836910944226745,-5.642194979435135,-1.3849856508414415,-0.10639394398981257,0.05343021403145243,-0.5067757369494608,2.2946489455809016,0.0,0.0,0.0,0.0,0.0,0.0,0.0,0.0,0.0,0.0,0.0,0.0,0.0,0.0,0.0,4,"1074.2720352023546,1245.6048926234278,1920.2039971244556,975.9131448508913"
45820,458.210999998,world,458.2109999984531,0.010519523560721045,-0.018841769401031272,1.3624759770176122,0.006861657836957136,0.0012418677869512546,0.029943365262761572,-0.9995272734112206,0.11295998268244647,-0.19825161774902597,0.41212115197697347,-5.866696833061227,-0.6493437130444426,-0.03662369963812462,-0.025731242439833157,0.14597772433067036,3.6556611327998034,0.0,0.0,0.0,0.0,0.0,0.0,0.0,0.0,0.0,0.0,0.0,0.0,0.0,0.0,0.0,4,"903.2374255783407,1588.1632764760016,1699.7220363067456,1379.2538583978646"
45821,458.222999998,world,458.222999998453,0.01187253911388095,-0.02118351667194448,1.3677171582203862,0.039947435098621746,0.0019124230661764182,0.03003018470619183,-0.9987485835151755,0.11255683509241866,-0.19000412009129708,0.464434420064214,-4.935878510493844,0.0393615160007528,0.011441670079124567,-0.0236642549064775,1.1580884070748476,5.103534334930104,0.0,0.0,0.0,0.0,0.0,0.0,0.0,0.0,0.0,0.0,0.0,0.0,0.0,0.0,0.0,4,"736.9408961689364,1921.231948834226,1290.6123388308847,1776.0098348912964"
45822,458.231999998,world,458.231999998453,0.012885445101912906,-0.022834543480740772,1.3721258057867487,0.05904264128274321,0.00034931354302070015,0.03001937404914253,-0.9978039294731724,0.11263625363581398,-0.17576891153684313,0.5173971579207797,-3.4868886303123703,0.37905192642125274,0.025332669069367264,0.04204087520244537,1.9081725261085314,6.517594774494095,0.0,0.0,0.0,0.0,0.0,0.0,0.0,0.0,0.0,0.0,0.0,0.0,0.0,0.0,0.0,4,"646.4270984825541,2102.518416643093,1068.353891930471,1991.9607649241077"
45823,458.240999998,world,458.24099999845293,0.013902446670479346,-0.024329059538131474,1.3770683788201543,0.07044279248464326,-0.0022790099493302874,0.030033974679238615,-0.9970609707864325,0.11353020696986901,-0.15548279967069029,0.5830099157018988,-1.5524596835532531,0.6212632712972112,0.03049577795440493,0.15054315690402054,2.4945312052119806,7.893627934953851,0.0,0.0,0.0,0.0,0.0,0.0,0.0,0.0,0.0,0.0,0.0,0.0,0.0,0.0,0.0,4,"577.518909167073,2240.531874960153,898.7319408080727,2156.3642917887637"
45824,458.252999998,world,458.2529999984529,0.015280408626430427,-0.026004263177556053,1.3846738020906255,0.07050696857636578,-0.006748784105581511,0.030175176835839465,-0.9970319352950504,0.11648153609117304,-0.12349303257065825,0.686136743296598,1.5390977143354974,0.8529189394868087,0.031312328435896944,0.3218688951078519,2.6172977737950465,8.57641283099808,0.0,0.0,0.0,0.0,0.0,0.0,0.0,0.0,0.0,0.0,0.0,0.0,0.0,0.0,0.0,4,"587.1734567760467,2276.1352681090566,788.873334607625,2232.195013974178"
45825,458.261999998,world,458.26199999845284,0.016343173107321328,-0.027018633534353565,1.391169791737946,0.058675066857103844,-0.010367574814528014,0.0303744684040512,-0.9977610643791183,0.11978519531597423,-0.10299879189354783,0.7540008570197331,3.5676286045577084,0.889426497391039,0.04424260236589242,0.387348720355854,1.9152419234712141,6.27428434883337,0.0,0.0,0.0,0.0,0.0,0.0,0.0,0.0,0.0,0.0,0.0,0.0,0.0,0.0,0.0,4,"850.0732775541225,1967.3865468821057,947.1706631660895,2034.271071227132"
45826,458.270999998,world,458.2709999984528,0.017437045917571767,-0.02788210161582659,1.3981598405453666,0.03971723409480223,-0.013727464034399098,0.030559387159037128,-0.9986491986195688,0.12331417733565589,-0.09009842252238945,0.7955443507830993,4.650854174257238,0.8536693938201845,0.06111288197032684,0.39854190636146036,1.089802161504713,3.6274079711789975,0.0,0.0,0.0,0.0,0.0,0.0,0.0,0.0,0.0,0.0,0.0,0.0,0.0,0.0,0.0,4,"1192.342781615312,1583.1658500210917,1192.4675673478666,1649.3286579037792"
45827,458.282999998,world,458.28299999845274,0.018946786267612828,-0.028907592034924146,1.4079348041263262,0.010758817893308162,-0.017668463308036963,0.030750925780713374,-0.9993129909120066,0.1284373470136821,-0.08238437621942157,0.8327278683023349,4.733902099929447,0.7361609505586355,0.0636719815484197,0.461859578926721,0.2946331802559793,3.1008688933591433,0.0,0.0,0.0,0.0,0.0,0.0,0.0,0.0,0.0,0.0,0.0,0.0,0.0,0.0,0.0,4,"1606.9065363301324,1209.5890134047538,1477.9014378336888,1255.5816877107543"
45828,458.291999998,world,458.2919999984527,0.020122733404615355,-0.029645628758210103,1.4155690058179837,-0.009154583484982656,-0.020057772120501232,0.030865068316059063,-0.9992803545235058,0.13301512192248735,-0.08243215144846541,0.8653253093045935,3.974300652467299,0.5911309622464305,0.05149542247402939,0.5486406206618166,-0.2442396913110434,4.123543625083603,0.0,0.0,0.0,0.0,0.0,0.0,0.0,0.0,0.0,0.0,0.0,0.0,0.0,0.0,0.0,4,"1863.2223580847476,1006.2542936129545,1694.7919836682577,1041.2685344161548"
45829,458.300999998,world,458.30099999845265,0.021343553130834126,-0.030405537391731664,1.4235439151408829,-0.02430787448420925,-0.021858171300015102,0.030954872053493433,-0.998986057701323,0.1384122815621732,-0.0871710825629031,0.9087067390851588,2.652009484536792,0.41206893637734765,0.03077365560063771,0.6385125771589117,-0.7374572887227787,5.349046116841727,0.0,0.0,0.0,0.0,0.0,0.0,0.0,0.0,0.0,0.0,0.0,0.0,0.0,0.0,0.0,4,"2058.3556926865886,851.4554925023074,1857.6576918345188,878.111847618073"
45830,458.312999998,world,458.3129999984526,0.023053275485548894,-0.03151790656212989,1.4348733876507591,-0.03337522089019889,-0.02315622392942407,0.031045171520732273,-0.9986921854350865,0.14671912319014302,-0.09896514988176956,0.9821063573531578,0.2592822101295933,0.096565560955407,-0.011927977006793634,0.7288702560215021,-1.1218215824456006,6.652990095766476,0.0,0.0,0.0,0.0,0.0,0.0,0.0,0.0,0.0,0.0,0.0,0.0,0.0,0.0,0.0,4,"2248.0833529987617,700.9449996960441,1976.1382072219294,719.4750031565725"
45831,458.321999998,world,458.32199999845255,0.024403694950595117,-0.032454140078191036,1.4439891659918203,-0.029906907961586553,-0.022990013602164336,0.031128935425858154,-0.9988032967056137,0.15335516909115599,-0.10889150128173228,1.043265943388816,-1.8097887340261822,-0.231084933988128,-0.05873445045447835,0.7169006080293971,-1.0082462991847922,6.39617712163254,0.0,0.0,0.0,0.0,0.0,0.0,0.0,0.0,0.0,0.0,0.0,0.0,0.0,0.0,0.0,4,"2266.843666380626,619.0234085243799,1945.812174620792,633.1303073521011"
45832,458.330999998,world,458.3309999984525,0.02581088543360083,-0.033467876919562094,1.4535991305583689,-0.017340592667507055,-0.021666221558011057,0.03125090343075333,-0.9991262481408946,0.1591439136489967,-0.11562914558653929,1.0884216363337893,-3.700738198945874,-0.5211646927569334,-0.09960384252366077,0.5793744414686608,-0.5176707017655879,3.851429318398214,0.0,0.0,0.0,0.0,0.0,0.0,0.0,0.0,0.0,0.0,0.0,0.0,0.0,0.0,0.0,4,"2064.644206297662,556.6564693639895,1803.495501428613,567.3960569177353"
45833,458.342999998,world,458.34299999845246,0.02775551017910844,-0.0348726299233351,1.4668045272056813,0.010364132070722738,-0.01863115513848555,0.03141452873788245,-0.9992790362100084,0.16455680450044222,-0.11715543893487612,1.104913917575791,-5.260612860853455,-0.7477479951586818,-0.1326699848212991,0.376136429621865,0.1669096139538806,0.05858173297168534,0.0,0.0,0.0,0.0,0.0,0.0,0.0,0.0,0.0,0.0,0.0,0.0,0.0,0.0,0.0,4,"1544.285770302991,955.6093037478373,1362.7498332283074,880.4871413078823"
45834,458.351999998,world,458.3519999984524,0.029251121091679568,-0.03591272711096669,1.4767499312390182,0.03498991830620712,-0.015917389769511858,0.03155544367847185,-0.9987625324841264,0.1677620923206911,-0.11321564367164762,1.1056743846794679,-5.516086091426989,-0.7753636951548565,-0.15418675662787693,0.34679715127505784,0.6700916726515155,0.29969844013177926,0.0,0.0,0.0,0.0,0.0,0.0,0.0,0.0,0.0,0.0,0.0,0.0,0.0,0.0,0.0,4,"1261.0590645665786,1367.3895220907066,1122.8556852006102,1187.8747958167964"
45835,458.360999998,world,458.36099999845237,0.030774939898751047,-0.0368951329308557,1.4867287114559933,0.059158440002270614,-0.013322819416348912,0.031799254525975706,-0.997653040325588,0.17086883927372348,-0.10412700701800402,1.1137398570215515,-5.0862848761076895,-0.6886976201589133,-0.18159301373761927,0.3492445699601887,1.3113478053869558,1.5510988987956775,0.0,0.0,0.0,0.0,0.0,0.0,0.0,0.0,0.0,0.0,0.0,0.0,0.0,0.0,0.0,4,"1045.4384635427741,1680.8779621654026,940.2241771818539,1467.1254023026158"
45836,458.372999998,world,458.3729999984523,0.03285127033695505,-0.03802185806546472,1.5002753123419572,0.08563278749669087,-0.010429553477177283,0.03240931179548147,-0.9957448903352487,0.17523776450104991,-0.08150345679656101,1.1492515190696193,-3.554033032937018,-0.5337396030480124,-0.21546082224812613,0.3750240884498601,2.380727152127615,4.151707866665966,0.0,0.0,0.0,0.0,0.0,0.0,0.0,0.0,0.0,0.0,0.0,0.0,0.0,0.0,0.0,4,"835.7910845809779,1985.6819998335213,762.6520120446947,1837.0932052757948"
45837,458.381999998,world,458.3819999984523,0.034443759834106684,-0.03864687615725334,1.5108161357067431,0.09788855794716807,-0.008586576000370643,0.03310573578878533,-0.9946095269971513,0.17865743185820715,-0.05630808206264716,1.1958717330937736,-1.808963903048659,-0.42840462113271943,-0.23627185342379367,0.3815568366365152,3.1085293769118407,5.973640700533522,0.0,0.0,0.0,0.0,0.0,0.0,0.0,0.0,0.0,0.0,0.0,0.0,0.0,0.0,0.0,4,"721.6817852936094,2151.5842654879266,666.0009809796486,2038.4635585099736"
45838,458.390999998,world,458.39099999845223,0.036067000172414744,-0.03901925184951534,1.5218466294341053,0.10138670688240652,-0.006875928478287174,0.03400125692903319,-0.9942421092482194,0.18203490264325634,-0.025830665491105253,1.257448972991544,0.3292634368078089,-0.34595436709869076,-0.25263069594614745,0.36410845391457447,3.531578622368237,7.379079833669255,0.0,0.0,0.0,0.0,0.0,0.0,0.0,0.0,0.0,0.0,0.0,0.0,0.0,0.0,0.0,4,"634.8103314496848,2244.190050555903,592.4205135105585,2191.7668865977503"
45839,458.402999998,world,458.4029999984522,0.03827561852334869,-0.03907696432390487,1.5374857195596856,0.09018745582759907,-0.004166343762031728,0.035357231465487804,-0.995288265063995,0.1858611792151892,0.01542675044373154,1.34915688092495,3.4680392823222554,-0.4333054646460148,-0.24529112666206962,0.26185489694208197,3.157199561292694,7.358396507584519,0.0,0.0,0.0,0.0,0.0,0.0,0.0,0.0,0.0,0.0,0.0,0.0,0.0,0.0,0.0,4,"582.8503709167246,2133.8749505887527,520.8784063351154,2298.969402538493"
45840,458.411999998,world,458.41199999845213,0.039956740430567794,-0.038824874008034534,1.5498965339072333,0.06980812999198005,-0.0008049653497086698,0.036241232886482636,-0.9969015749093167,0.1874913432252536,0.039095818870671796,1.405785597859019,5.603606230050871,-0.7328647552620344,-0.21499373021963278,0.11080119958026269,2.1755160453382425,5.375983257815964,0.0,0.0,0.0,0.0,0.0,0.0,0.0,0.0,0.0,0.0,0.0,0.0,0.0,0.0,0.0,4,"696.9756213785208,1882.8281215354841,481.9386410980825,2213.0658786056606"
45841,458.420999998,world,458.4209999984521,0.0416458601675835,-0.03840546757229653,1.5626992669334607,0.04114754297363759,0.004468456750669262,0.03687419073713068,-0.9984624212552927,0.18761820849456637,0.05232605399463081,1.4334638377510884,7.081558353905962,-1.1220849277118607,-0.19871694451198804,-0.05798873592741116,0.9826769283886594,1.581486812507693,0.0,0.0,0.0,0.0,0.0,0.0,0.0,0.0,0.0,0.0,0.0,0.0,0.0,0.0,0.0,4,"1027.0816706728517,1518.7914879797052,531.64369833994,1779.151133058602"
45842,458.432999998,world,458.43299999845203,0.04388733793763148,-0.03773590785199532,1.5799611799342228,-0.0037331400276228053,0.014656810791822126,0.037589554615535675,-0.9991787962856061,0.18549554687457037,0.05729445525842283,1.4414800870781077,7.775393901395092,-1.7331531546740067,-0.2413150180451842,-0.29186394958988227,-0.02619709316292046,0.4568746479749475,0.0,0.0,0.0,0.0,0.0,0.0,0.0,0.0,0.0,0.0,0.0,0.0,0.0,0.0,0.0,4,"1520.4117882888547,1164.839566369862,852.1614810319671,1345.8269933208408"
45843,458.44199999800003,world,458.441999998452,0.04554086855542616,-0.03723295747055522,1.5929672752140356,-0.037909161036279705,0.024858425133750573,0.03832656367045191,-0.9982364593254496,0.18150496933370497,0.05329595135359764,1.4505596596755135,7.45805190051005,-2.233030089467621,-0.30296247561551765,-0.5861148201642685,-0.803797476475819,1.607356051987141,0.0,0.0,0.0,0.0,0.0,0.0,0.0,0.0,0.0,0.0,0.0,0.0,0.0,0.0,0.0,4,"1797.373872824252,972.1865222138616,1245.178939465342,1109.9723206097253"
45844,458.450999998,world,458.45099999845195,0.04714414968510084,-0.03680030114813846,1.6061147477447684,-0.06905140437338238,0.03706693898626788,0.03946834432713365,-0.9961426581490861,0.17408991699704263,0.04140834553685813,1.4737825588964468,6.491123225952138,-2.686491064236763,-0.36911703290633485,-1.0372323561360919,-1.7551150261812114,3.3799403491514557,0.0,0.0,0.0,0.0,0.0,0.0,0.0,0.0,0.0,0.0,0.0,0.0,0.0,0.0,0.0,4,"2008.2252152958404,825.5196849113017,1587.8389981713988,930.4160667175792"
45845,458.462999998,world,458.4629999984519,0.049137776016737564,-0.03646621232793425,1.624106721205182,-0.10126248759096193,0.05575687168231637,0.04194074420874346,-0.9924102245756584,0.15654716208521094,0.01167871984211053,1.529056250347245,4.372637864841183,-3.1754600114827247,-0.44746546581676516,-1.8351037682187987,-3.036119960663337,5.411763895960542,0.0,0.0,0.0,0.0,0.0,0.0,0.0,0.0,0.0,0.0,0.0,0.0,0.0,0.0,0.0,4,"2170.2479951229802,682.9158804737875,1921.006528739079,755.8339635885211"
45846,458.471999998,world,458.47199999845185,0.05046345817786078,-0.036493893225116994,1.6380937331731071,-0.1159707097735867,0.0707971244841375,0.04466470824168945,-0.9897189628763676,0.13730936308262862,-0.018463665920176342,1.5789155702397615,2.4297402389471014,-3.3239089808606623,-0.4733218934989797,-2.3241930916111095,-3.47134691110643,5.247713963896672,0.0,0.0,0.0,0.0,0.0,0.0,0.0,0.0,0.0,0.0,0.0,0.0,0.0,0.0,0.0,4,"2033.471479866934,605.297833061695,2102.3468042371514,660.8103980432437"
45847,458.480999998,world,458.4809999984518,0.051601558625204436,-0.03679872337993351,1.6524914395233188,-0.12204073079871663,0.08516983123119568,0.047925117926228826,-0.9877020517068505,0.11532003152263952,-0.04897469454620591,1.6182498540246983,0.5519531337629797,-3.0307000201353023,-0.43014128582665584,-2.5194408717463532,-3.2872117919860444,3.6931294304083373,0.0,0.0,0.0,0.0,0.0,0.0,0.0,0.0,0.0,0.0,0.0,0.0,0.0,0.0,0.0,4,"1671.5933991441946,547.5584280369942,2240.401226368891,588.4689207061243"
45848,458.492999998,world,458.49299999845175,0.052798293954731505,-0.03761336252876165,1.672139617116274,-0.1178799499812575,0.09989933914109332,0.052283772233922186,-0.9866057199269527,0.0836931963750433,-0.08608629154252749,1.654606363114966,-1.7027333227097776,-1.9904042266429904,-0.2825225855912873,-2.7355230049046773,-2.926454165093628,2.6851911018801466,0.0,0.0,0.0,0.0,0.0,0.0,0.0,0.0,0.0,0.0,0.0,0.0,0.0,0.0,0.0,4,"1271.0588874419605,816.2719750501844,2310.2192409389313,518.1314805824096"
45849,458.501999998,world,458.5019999984517,0.05343918303361409,-0.03850131237682258,1.6871341605333166,-0.10698688547938315,0.10564529428434596,0.05513476516414914,-0.9870932254864733,0.05864806035133221,-0.11066732758560806,1.6769751906172092,-3.0295160597739166,-0.8770606276824031,-0.16822121030970327,-2.7959885788138363,-2.5549788499581587,2.322428942675314,0.0,0.0,0.0,0.0,0.0,0.0,0.0,0.0,0.0,0.0,0.0,0.0,0.0,0.0,0.0,4,"1053.0513325796653,1153.0315676395915,2228.963522400104,479.84740545620986"
45850,458.510999998,world,458.51099999845167,0.05385505924787899,-0.03959340933406423,1.70231402768177,-0.09129921221191095,0.1058355432614205,0.05749389760581482,-0.9885128948932008,0.033979297767973746,-0.13127303540506996,1.6955794374131241,-3.9584375136262553,0.37626683122257754,-0.08624028632801514,-2.667298527190831,-2.0631154322725,1.834357795476027,0.0,0.0,0.0,0.0,0.0,0.0,0.0,0.0,0.0,0.0,0.0,0.0,0.0,0.0,0.0,4,"887.0820964339555,1410.4699885596126,2071.8981373563174,455.19238177202885"
45851,458.522999998,world,458.5229999984516,0.05408077419518328,-0.041297925903019735,1.7227710438226032,-0.06680845316432193,0.09737145437095693,0.05993980034565147,-0.991192539718696,0.00422197368756213,-0.15159021665017036,1.7135536117915846,-4.215142149550397,1.9056269530580072,-0.0683745489111639,-2.3721175037242843,-1.4399281421091925,1.5939511348745938,0.0,0.0,0.0,0.0,0.0,0.0,0.0,0.0,0.0,0.0,0.0,0.0,0.0,0.0,0.0,4,"725.7106171735014,1797.7095382982109,1553.9753218572482,958.1406286406229"
45852,458.531999998,world,458.53199999845157,0.05402397344992255,-0.04271585057964447,1.7382740312167202,-0.049852526329890484,0.08561858393295044,0.061338519779203474,-0.9931876810025083,-0.016730651365072468,-0.16309692537681708,1.7335011482469802,-3.5798650623518804,2.835862419178201,-0.1061467083631836,-2.295805060364982,-1.1639336287625757,2.8496302367844173,0.0,0.0,0.0,0.0,0.0,0.0,0.0,0.0,0.0,0.0,0.0,0.0,0.0,0.0,0.0,4,"637.8774827238118,2008.4807575514683,1268.4357239262524,1335.182220241784"
45853,458.540999998,world,458.5409999984515,0.0537822782222207,-0.04422750791122065,1.754018125235883,-0.037349402613455845,0.07033404035384247,0.062367286714773824,-0.9948710803112931,-0.03667655014468225,-0.1725175917807107,1.7674688383058725,-2.347273588919644,3.5762913636704825,-0.15503790313035545,-2.098886949932689,-0.9527879306037157,4.334474681171097,0.0,0.0,0.0,0.0,0.0,0.0,0.0,0.0,0.0,0.0,0.0,0.0,0.0,0.0,0.0,4,"571.0100833710397,2115.1971044367724,1051.0543171768625,1656.3585307651633"
45854,458.552999998,world,458.55299999845147,0.05320702951651775,-0.04636082049730224,1.7755595122764574,-0.03110695689355973,0.04662552803650609,0.06311558810740099,-0.9964310512554275,-0.05791917197694071,-0.18281719014979567,1.8239591165704125,-0.19149078162085384,4.079225550577387,-0.18042951870755097,-1.469250569159808,-0.8317347020045107,4.957364283764587,0.0,0.0,0.0,0.0,0.0,0.0,0.0,0.0,0.0,0.0,0.0,0.0,0.0,0.0,0.0,4,"573.9472608843355,2012.0221333409745,839.6949111477217,1968.6374659231856"
45855,458.561999998,world,458.5619999984514,0.052635664352180526,-0.04804057234407733,1.7921645533143202,-0.03507736849384254,0.028737732140170332,0.06317887317055633,-0.9969714895401401,-0.06822037363777941,-0.19063622227921942,1.865302212129955,1.3915007238409516,3.848116490892265,-0.14311682311466237,-0.9109116020511593,-0.9372168879122067,4.4638439472675095,0.0,0.0,0.0,0.0,0.0,0.0,0.0,0.0,0.0,0.0,0.0,0.0,0.0,0.0,0.0,4,"960.1335521793972,1617.1469393194586,724.6537699743104,2138.608255205416"
45856,458.570999998,world,458.5709999984514,0.05199155462038731,-0.0497990204604952,1.809138701679595,-0.04534326614777748,0.01377149525127231,0.06286103657073033,-0.9968965965509409,-0.07431073367480795,-0.20064384187646228,1.907080906467321,2.6872291709029583,2.990051484393376,-0.07145245652828784,-0.49983686958512963,-1.2630682343503785,4.618747750323227,0.0,0.0,0.0,0.0,0.0,0.0,0.0,0.0,0.0,0.0,0.0,0.0,0.0,0.0,0.0,4,"1333.0072373771604,1316.5283008230235,637.0729045408067,2188.2760253735582"
45857,458.582999998,world,458.5829999984513,0.05107494131728326,-0.052310624163642995,1.8323331807206564,-0.06562908787035766,0.0018084390964193348,0.062248514368281445,-0.99589892802045,-0.07782219740660498,-0.2189676731039726,1.9569983837676006,3.665077478507823,1.3571684648619757,-0.018625502165223105,-0.16775250864792257,-1.7619131617667982,3.7782090952902525,0.0,0.0,0.0,0.0,0.0,0.0,0.0,0.0,0.0,0.0,0.0,0.0,0.0,0.0,0.0,4,"1743.8617769955424,1024.2375395108265,551.918244929628,1958.7677324135443"
45858,458.591999998,world,458.5919999984513,0.05036917446072888,-0.05435642140953835,1.8500737492748263,-0.08260666353409449,-0.0002811783135734831,0.06214737614184549,-0.9946425306195212,-0.07895345465115225,-0.23599319711006517,1.9831255517318962,3.7275367686753693,0.04593652871041448,-0.050818668438896875,-0.11691355255431801,-1.9951955056206616,2.305731471152317,0.0,0.0,0.0,0.0,0.0,0.0,0.0,0.0,0.0,0.0,0.0,0.0,0.0,0.0,0.0,4,"1967.4864359684134,865.1461445853307,505.56928226953846,1576.604343220411"
45859,458.600999998,world,458.60099999845124,0.04965283918176809,-0.056565135502064975,1.868002015045204,-0.09826363535814513,0.0033810908548318665,0.0628060951169792,-0.9931707912574704,-0.08038665202882264,-0.255214561629694,1.9999518514044756,3.278838767883905,-1.2611909257946687,-0.14614868882840162,-0.21244101104993252,-2.248996570391293,1.611099248136183,0.0,0.0,0.0,0.0,0.0,0.0,0.0,0.0,0.0,0.0,0.0,0.0,0.0,0.0,0.0,4,"2137.7319756540264,744.0298038703573,470.2837990040613,1285.6632066744594"
45860,458.612999998,world,458.6129999984512,0.048665485918418634,-0.059798689039522866,1.892108628927826,-0.11381625675700703,0.01710514720655905,0.06546858444276465,-0.9911948032994956,-0.08485576532029078,-0.28434920696317706,2.0175303395316835,2.131148891976184,-3.0600981179491256,-0.33978726527102837,-0.5445907944551243,-2.5685013249879263,1.432445475506583,0.0,0.0,0.0,0.0,0.0,0.0,0.0,0.0,0.0,0.0,0.0,0.0,0.0,0.0,0.0,4,"2303.2612943070476,626.2686842937784,501.90585020968825,1002.7818566577655"
45861,458.621999998,world,458.62199999845114,0.04787357586008195,-0.0624652352371293,1.9103283013784755,-0.11970404307497313,0.034066504195695665,0.06917695131776415,-0.9898105701444947,-0.09180897495358557,-0.30858894902088446,2.0321187766545274,0.9512965738752468,-4.4337157868756005,-0.5122492996213464,-0.9874182115560542,-2.802565986411487,1.8973370335908513,0.0,0.0,0.0,0.0,0.0,0.0,0.0,0.0,0.0,0.0,0.0,0.0,0.0,0.0,0.0,4,"2384.490225556872,562.1723006197991,756.7226854038438,848.8119249003457"
45862,458.630999998,world,458.6309999984511,0.046998534611989114,-0.06535750977295617,1.9286999977923862,-0.11933862953775143,0.05641161655027655,0.07452804837869609,-0.9884440252351667,-0.10338884205065997,-0.33389757169388357,2.0497562663267077,-0.44299407075371267,-5.6573181631609435,-0.6703537932656422,-1.4700343049975222,-2.650048582314102,1.4063667495687326,0.0,0.0,0.0,0.0,0.0,0.0,0.0,0.0,0.0,0.0,0.0,0.0,0.0,0.0,0.0,4,"2209.9600902488496,513.37569884702,1108.0165430722675,731.5945560833455"
45863,458.642999998,world,458.64299999845105,0.04564179632661124,-0.06953346609181923,1.9533303243558757,-0.10915661316002323,0.09130407835328155,0.08357052275861476,-0.9862881763487499,-0.12360465320574414,-0.36076217156066154,2.05178610592269,-2.0935517664820624,-6.304282880133238,-0.7359709899158783,-1.896742703978868,-1.956802898861132,-0.4920284975251654,0.0,0.0,0.0,0.0,0.0,0.0,0.0,0.0,0.0,0.0,0.0,0.0,0.0,0.0,0.0,4,"1645.301224996297,465.9308832063463,1587.4608614933836,617.6243972738483"
45864,458.654999998,world,458.654999998451,0.04400181715383229,-0.0739939633170326,1.9779233083075904,-0.08947931754537898,0.1259236412520837,0.09337724394687949,-0.9835737789400014,-0.15144295396158652,-0.3819981422742101,2.048508475456641,-3.5879473725725552,-5.911401589185043,-0.6698988327632406,-2.7329454247844995,-1.6156666167710387,0.13429323054303666,0.0,0.0,0.0,0.0,0.0,0.0,0.0,0.0,0.0,0.0,0.0,0.0,0.0,0.0,0.0,4,"1252.7820421707474,877.3778186653651,1920.743669322563,538.3987331511513"
45865,458.660999998,world,458.66099999845096,0.0430401743610189,-0.07631351598905455,1.9902215378041188,-0.07649185110012596,0.14133205774118587,0.0982659178682551,-0.9820988013206349,-0.16962075845963887,-0.3909632573565392,2.0515727770983974,-4.287414479926039,-5.384749177506475,-0.6099652341456372,-3.245859402157963,-1.3980365393376215,0.7949490145851001,0.0,0.0,0.0,0.0,0.0,0.0,0.0,0.0,0.0,0.0,0.0,0.0,0.0,0.0,0.0,4,"1103.9848271347257,1049.7827972885616,2047.0854018905934,508.3656578349932"
45866,458.672999998,world,458.6729999984509,0.04074668698748334,-0.0810886106825937,2.0149254617073025,-0.045453746735099984,0.16555273892746036,0.1077733476783686,-0.979240089595782,-0.21426187974482158,-0.4034383191389712,2.0675518612028396,-5.3524166824498165,-3.856033382555134,-0.5007189174732656,-4.074722384270701,-0.690242616028125,1.7205100711179533,0.0,0.0,0.0,0.0,0.0,0.0,0.0,0.0,0.0,0.0,0.0,0.0,0.0,0.0,0.0,4,"876.4892338684099,1546.9800265778322,2004.2130374479127,467.46362564671637"
45867,458.681999998,world,458.68199999845086,0.03864630789708336,-0.0847371620420435,2.0336109638873476,-0.01976219583255949,0.17663396528779315,0.11465640444051942,-0.9773759802877082,-0.2529780446632238,-0.4063290619845906,2.0852320826252244,-5.692411320351165,-2.458968941165767,-0.46497879464351827,-4.407831332790879,-0.014942837188225422,2.018401322644525,0.0,0.0,0.0,0.0,0.0,0.0,0.0,0.0,0.0,0.0,0.0,0.0,0.0,0.0,0.0,4,"752.6653021448752,1817.600282947259,1837.4657842691188,590.1395475890087"
45868,458.690999998,world,458.6909999984508,0.036190174934811775,-0.08838396790983744,2.0524579345194884,0.005543401624039642,0.18142336934051245,0.12134084793264376,-0.9758745976704987,-0.29293116566952904,-0.40306322185676635,2.103057082964678,-5.472741387868688,-1.1065575608650846,-0.4846387302587299,-4.480820191346324,0.6609158276384974,2.0560240267029073,0.0,0.0,0.0,0.0,0.0,0.0,0.0,0.0,0.0,0.0,0.0,0.0,0.0,0.0,0.0,4,"658.3980948561432,2023.6235891742401,1545.885533468727,863.3846397137703"
45869,458.702999998,world,458.70299999845076,0.032347581872758595,-0.09314953575319987,2.077861801251236,0.03433922451638093,0.17936581424864895,0.12981735500125732,-0.9745748697144875,-0.3478447991559733,-0.3894855725701575,2.1326827466691536,-4.348904119700916,0.5125124833913597,-0.5736387028473643,-4.6602152661173735,1.520858891924104,2.929349737819109,0.0,0.0,0.0,0.0,0.0,0.0,0.0,0.0,0.0,0.0,0.0,0.0,0.0,0.0,0.0,4,"566.7423215381328,2223.93954205836,1214.0357721405285,1229.9725570713529"
45870,458.711999998,world,458.7119999984507,0.029025946916239935,-0.09658384020039848,2.0971908984924066,0.04939419490120663,0.1726967339641504,0.13566123539180028,-0.9743367389153237,-0.3904433730079441,-0.3728567611110421,2.164189782461857,-2.9582470926007063,1.5475217590181898,-0.6619716689819501,-4.759442077281295,2.0822518060333306,3.9224115567932927,0.0,0.0,0.0,0.0,0.0,0.0,0.0,0.0,0.0,0.0,0.0,0.0,0.0,0.0,0.0,4,"516.8548575461984,2298.349159696267,1009.6396127647012,1515.4425450730741"
45871,458.720999998,world,458.7209999984507,0.02532153551736367,-0.09984973709885506,2.11683570572787,0.05697211084446481,0.1630147730806165,0.14081276082936253,-0.974860055972658,-0.4321556010841928,-0.3526561382897519,2.201034143297607,-1.2709842311310946,2.2686761461430547,-0.7275617007715829,-4.361529346570469,2.2546815479721483,3.724217396576801,0.0,0.0,0.0,0.0,0.0,0.0,0.0,0.0,0.0,0.0,0.0,0.0,0.0,0.0,0.0,4,"478.8755118431659,2111.2731890554205,854.0327372866899,1781.9309196798793"
45872,458.732999998,world,458.7329999984506,0.019853833122953544,-0.1039300736760638,2.14345035118796,0.055465718122123274,0.14923160690442305,0.14606518056370402,-0.9763802766549587,-0.4771582647422195,-0.3282222162056702,2.230809398176502,0.8014899780190203,2.300709353602176,-0.6975303289004129,-3.347969979575094,1.849738883013985,1.6977643908342444,0.0,0.0,0.0,0.0,0.0,0.0,0.0,0.0,0.0,0.0,0.0,0.0,0.0,0.0,0.0,4,"593.5823081824573,1576.699624639407,702.7365557646,1984.3590179995797"
45873,458.741999998,world,458.7419999984506,0.015430035005048607,-0.10681373841252292,2.1635859547671408,0.04728058664672537,0.14123335313842753,0.1485344272080556,-0.9776273369856188,-0.5054074922226862,-0.31304521719580036,2.242923625403049,2.0369405198835717,1.7865742809542338,-0.6336276332443714,-2.9972962864834862,1.5476099079274608,1.0961889205440833,0.0,0.0,0.0,0.0,0.0,0.0,0.0,0.0,0.0,0.0,0.0,0.0,0.0,0.0,0.0,4,"1005.1600972246603,1285.735744455729,620.3873208548412,1950.5876041936824"
45874,458.750999998,world,458.75099999845054,0.01076339219763458,-0.10957362902827406,2.1838098639697727,0.035112398849817344,0.136814905682432,0.14995216768858163,-0.9785515563503101,-0.5313233852628756,-0.30077913052816924,2.250541088203758,2.8003959416977784,0.9909287667598204,-0.595312459888482,-2.780964736048719,1.2022211478525668,0.5692780735206959,0.0,0.0,0.0,0.0,0.0,0.0,0.0,0.0,0.0,0.0,0.0,0.0,0.0,0.0,0.0,4,"1405.1125603998914,1064.2248295217034,557.6948163506311,1749.5222808880749"
45875,458.762999998,world,458.7629999984505,0.004193840149084078,-0.11310943557158469,2.2108311879923215,0.01694027878886824,0.13734131681779893,0.15116283904123284,-0.97877483914448,-0.5633192689918124,-0.2893973794026956,2.251501654620354,2.94315046064553,-0.2550909089790156,-0.6338744066415689,-2.626375581091134,0.7590064658254403,-0.2092620697369263,0.0,0.0,0.0,0.0,0.0,0.0,0.0,0.0,0.0,0.0,0.0,0.0,0.0,0.0,0.0,4,"1793.985354631388,848.8503128621331,496.7390487317141,1347.7408806313683"
45876,458.771999998,world,458.77199999845044,-0.0009837726412455393,-0.11568707143951323,2.2310843575741863,0.004902682353123504,0.14263987902268452,0.15237639686221421,-0.9779628123284788,-0.5874730611652355,-0.28373289677878577,2.2491880490874627,2.5054757228176086,-1.3002555015302812,-0.7262347020427359,-2.756352378282978,0.5389952870931691,-0.24340702238090373,0.0,0.0,0.0,0.0,0.0,0.0,0.0,0.0,0.0,0.0,0.0,0.0,0.0,0.0,0.0,4,"2005.6455350802134,731.6237808535562,463.5613387838792,1111.429363762188"
45877,458.780999998,world,458.7809999984504,-0.006386719800576177,-0.11822120338146516,2.251320043646938,-0.0037486636429171316,0.15232853205646688,0.15443563376669758,-0.9761821555762495,-0.6136929986785777,-0.2795813431433029,2.248175178826363,1.7249392798883196,-2.448061879756063,-0.8581870256793733,-3.09307507356793,0.41841444301099484,0.12145164919630247,0.0,0.0,0.0,0.0,0.0,0.0,0.0,0.0,0.0,0.0,0.0,0.0,0.0,0.0,0.0,4,"2163.3534104414575,642.3791765288872,582.7855942979636,931.525314235163"
45878,458.792999998,world,458.79299999845034,-0.013993289137352153,-0.12154660772896268,2.2783327906000386,-0.007535177624358942,0.17193802142743866,0.15917669132538073,-0.9721333853049651,-0.6551810752978009,-0.2746114408916629,2.254539956259949,0.22121485286211426,-3.8921213937642998,-1.041561124789363,-3.584027547722468,0.4238530185606826,0.26739220116622775,0.0,0.0,0.0,0.0,0.0,0.0,0.0,0.0,0.0,0.0,0.0,0.0,0.0,0.0,0.0,4,"2078.818834417144,555.6068676942418,1084.327886689956,756.6050502674819"
45879,458.801999998,world,458.8019999984503,-0.020031318572442194,-0.12400019206027287,2.2986079752017554,-0.0038650733945744236,0.18995689530537732,0.16428170084463958,-0.9679426439108822,-0.6864575447040503,-0.27049161454393184,2.2492016640762236,-0.8915625872040943,-4.385767388177998,-1.098083702829549,-3.462862949250911,0.5075879830414576,-1.0502874592113187,0.0,0.0,0.0,0.0,0.0,0.0,0.0,0.0,0.0,0.0,0.0,0.0,0.0,0.0,0.0,4,"1667.9992937787697,544.851851230103,1465.3830292522166,661.3974266312672"
45880,458.810999998,world,458.81099999845026,-0.02635317617786151,-0.12641095136102212,2.318803357952252,0.004638146862054516,0.20794695425542845,0.17031508819750896,-0.9631870651861203,-0.7189189323993445,-0.26486451076270023,2.2386828751249173,-1.9496459951015144,-4.300613388016052,-1.0786473862658148,-3.7952177014426436,0.7463665150111987,-1.0767879913644585,0.0,0.0,0.0,0.0,0.0,0.0,0.0,0.0,0.0,0.0,0.0,0.0,0.0,0.0,0.0,4,"1355.2422180134342,716.5854922769033,1755.4804572078708,588.9158257980672"
45881,458.822999998,world,458.8229999984502,-0.035277319526075844,-0.1295211182018944,2.345618363349023,0.02250251868106575,0.22785236227632957,0.17944252822187923,-0.9567535297679568,-0.7703298479590829,-0.2522463283162128,2.2329216586139107,-3.2851251198681553,-3.402514758294311,-0.9856617495525671,-4.725070878046633,1.3580559461829345,0.10511751135577896,0.0,0.0,0.0,0.0,0.0,0.0,0.0,0.0,0.0,0.0,0.0,0.0,0.0,0.0,0.0,4,"1051.149284060803,1087.010372944157,2037.5414714416036,518.4421439444584"
45882,458.831999998,world,458.83199999845016,-0.04241427510639796,-0.13172610963604287,2.365738298856093,0.03999379088125817,0.2371108155808557,0.18703296802991004,-0.9524692261146552,-0.81683429895555,-0.23669574445651678,2.2400688161377684,-4.214759300540752,-2.222314363121115,-0.8930857641601848,-5.5058029950426635,2.0501573392329995,1.3526657679454601,0.0,0.0,0.0,0.0,0.0,0.0,0.0,0.0,0.0,0.0,0.0,0.0,0.0,0.0,0.0,4,"885.6340661581833,1352.8755742576352,2191.064901354652,480.0839135943349"
45883,458.840999998,world,458.8409999984501,-0.04999859924242125,-0.13376065694250153,2.3859723970595503,0.06024458089088328,0.2396243499886826,0.19532948286137378,-0.9491033423663051,-0.8693388019325362,-0.21418508207056344,2.258041015316711,-5.074724488561483,-0.6825978253109166,-0.7970647381706956,-6.031644450987916,2.8694966327386107,2.45324289173654,0.0,0.0,0.0,0.0,0.0,0.0,0.0,0.0,0.0,0.0,0.0,0.0,0.0,0.0,0.0,4,"759.6272665170411,1541.7513773561134,2298.645271876575,450.88177793838264"
45884,458.852999998,world,458.85299999845006,-0.060853011725860544,-0.13610395028054223,2.413238123365291,0.08958289454981998,0.23102165229301228,0.20755938159758164,-0.946320772405801,-0.938502214043714,-0.1749776309895962,2.285467427729284,-5.61921595257728,1.4846495918595741,-0.7351338725429403,-5.466744685443836,3.580249005839087,2.125107433133433,0.0,0.0,0.0,0.0,0.0,0.0,0.0,0.0,0.0,0.0,0.0,0.0,0.0,0.0,0.0,4,"637.1111657794628,1888.968998871026,1917.6321753586735,730.5741782390704"
45885,458.861999998,world,458.86199999845,-0.06951239103503505,-0.13752606615201216,2.433891861996917,0.11014043579985269,0.21662745333428657,0.21730552327077893,-0.9453676218380516,-0.98501789076057,-0.14029837489980104,2.304336468736391,-5.285315477750763,2.9247412032103397,-0.7643546192720982,-4.945948726281402,4.08306801841582,2.1681321189457314,0.0,0.0,0.0,0.0,0.0,0.0,0.0,0.0,0.0,0.0,0.0,0.0,0.0,0.0,0.0,4,"570.4266859838278,2077.956620311852,1570.538935756184,1041.406232720061"
45886,458.870999998,world,458.87099999845,-0.07857139576747742,-0.13861408972056846,2.454728363008635,0.1264967550877898,0.19711796886417052,0.22713257747024976,-0.9452797837438631,-1.0274988070873432,-0.10057885805555822,2.32716517960768,-4.330958921123461,4.1329724357885445,-0.8340583847966079,-4.543806203950895,4.681832022052385,2.909703289999843,0.0,0.0,0.0,0.0,0.0,0.0,0.0,0.0,0.0,0.0,0.0,0.0,0.0,0.0,0.0,4,"519.659765628951,2221.8329698784573,1281.0456096173937,1338.2050778339806"
45887,458.882999998,world,458.8829999984499,-0.09121484744983245,-0.1394619485294899,2.4829074938227844,0.13794622015417693,0.16593816993758875,0.23971369523050845,-0.9465583491903046,-1.0783100263383485,-0.03967936830498219,2.3716970390230365,-2.3013836043560465,5.345470946887385,-0.932482599756084,-3.809685187473155,5.176440886650438,3.9563226323129363,0.0,0.0,0.0,0.0,0.0,0.0,0.0,0.0,0.0,0.0,0.0,0.0,0.0,0.0,0.0,4,"489.3814685905589,2195.266065350192,999.5719620913418,1747.4750242393561"
45888,458.891999998,world,458.8919999984499,-0.1010583077104352,-0.1396163588964599,2.5044012873452606,0.1374485789154683,0.14125173101093327,0.2482266552463251,-0.9484404906296205,-1.107709448136686,0.004611840505861064,2.403580673826237,-0.6509736592875324,5.648521345548492,-0.9454681484847945,-2.8555857313277144,4.684335825017658,3.203197448204964,0.0,0.0,0.0,0.0,0.0,0.0,0.0,0.0,0.0,0.0,0.0,0.0,0.0,0.0,0.0,4,"667.4129835657346,1851.6913601349709,846.3682309208681,1970.237202497767"
45889,458.900999998,world,458.90099999844983,-0.11113187007494861,-0.13939254853568786,2.5261579367063147,0.13025324557336324,0.1183550470650346,0.2554703534999208,-0.9506634911126356,-1.1298868329137048,0.04444040077628994,2.430942438466217,0.8086980525097522,5.281225669917767,-0.8947605235338918,-2.1810838353419904,4.207445925138206,2.927944193849008,0.0,0.0,0.0,0.0,0.0,0.0,0.0,0.0,0.0,0.0,0.0,0.0,0.0,0.0,0.0,4,"903.392945937849,1495.0870594384162,729.7341709081438,2139.826135280652"
45890,458.912999998,world,458.9129999984498,-0.12482962567746272,-0.13857501076990536,2.555534389479625,0.11253788578153735,0.0945920505215617,0.2626178866978672,-0.9536348430234154,-1.1520596686720164,0.09061577819335954,2.4655819314223244,2.6076167869332143,4.0756430849705465,-0.7527744160006824,-1.6622081060897465,3.618272983546042,3.1799007516579714,0.0,0.0,0.0,0.0,0.0,0.0,0.0,0.0,0.0,0.0,0.0,0.0,0.0,0.0,0.0,4,"1111.819594587121,1148.3615767500376,616.3311618114345,2298.3353373839814"
45891,458.921999998,world,458.92199999844973,-0.1352639988024184,-0.13761713742419202,2.5778713963522746,0.09447538876883223,0.08402171333666394,0.26593569266363465,-0.9556636228152992,-1.1666131357421619,0.12174810897686829,2.499738942840163,3.727470703208743,2.706113500209604,-0.6382993664226447,-1.60314731054223,3.2991821926996874,4.224302252554324,0.0,0.0,0.0,0.0,0.0,0.0,0.0,0.0,0.0,0.0,0.0,0.0,0.0,0.0,0.0,4,"1470.8984232388939,959.6418223196462,554.6068608963124,2316.1479599635773"
45892,458.930999998,world,458.9309999984497,-0.14582933306917945,-0.13639547711183317,2.6005491105543856,0.07411069919821492,0.0810534735869789,0.26769550518064783,-0.9572236181738908,-1.1813354402242562,0.14882723925366922,2.53978398961366,4.501475484489223,1.0729333056888157,-0.5567781870876228,-1.6551718924195935,2.7028464192714594,4.259085310323485,0.0,0.0,0.0,0.0,0.0,0.0,0.0,0.0,0.0,0.0,0.0,0.0,0.0,0.0,0.0,4,"1743.5343118451583,815.9694000120686,507.6161266486776,2161.5119423360657"
45893,458.942999998,world,458.94299999844964,-0.1601269426966743,-0.1344428081514413,2.6312855716549715,0.047063008433378954,0.08874994562398639,0.2685390117879534,-0.9580163461741603,-1.2019219973981878,0.174756617591671,2.57952228283241,4.638717340213907,-1.0412921542063998,-0.5676038322435965,-1.805491700150208,1.760490730311648,2.552250808394163,0.0,0.0,0.0,0.0,0.0,0.0,0.0,0.0,0.0,0.0,0.0,0.0,0.0,0.0,0.0,4,"2029.2371810031811,676.2770578942083,461.92715155200136,1665.1654588741885"
45894,458.951999998,world,458.9519999984496,-0.1710213270832758,-0.13280623590719062,2.6545901669272327,0.029897773225003064,0.1019126122059037,0.2689807924532698,-0.9572717879060088,-1.21946886485055,0.18829740614673207,2.5979794380643733,4.143980956537645,-2.524876933057694,-0.6599841999212707,-2.0765257756305555,1.3289040686296771,1.6691863538413898,0.0,0.0,0.0,0.0,0.0,0.0,0.0,0.0,0.0,0.0,0.0,0.0,0.0,0.0,0.0,4,"2158.518660502793,600.2436948547156,437.0590279472231,1353.084818400501"
45895,458.960999998,world,458.96099999844955,-0.18208363621838453,-0.13106331934236312,2.678017063357178,0.01714127765738455,0.12035560288870996,0.26986993116295216,-0.9551915649269894,-1.239071652051433,0.19855388251560946,2.6057563430615946,3.403015858746132,-3.833662154851639,-0.7785642572571332,-2.2501824836220763,1.0126828003971522,0.20578595156850454,0.0,0.0,0.0,0.0,0.0,0.0,0.0,0.0,0.0,0.0,0.0,0.0,0.0,0.0,0.0,4,"2054.142999754755,542.3594660571175,636.9759734390412,1115.4977056603088"
45896,458.972999998,world,458.9729999984495,-0.19711588349520348,-0.12861564608021822,2.7092372365170165,0.007159669843086276,0.15053717988372042,0.27203781964937584,-0.9504118692865783,-1.2665049923977665,0.20899633055805567,2.593722062033769,2.391326849935627,-4.894089263292296,-0.8824875210036228,-2.378560597763757,0.8104564519932356,-1.6808589988848155,0.0,0.0,0.0,0.0,0.0,0.0,0.0,0.0,0.0,0.0,0.0,0.0,0.0,0.0,0.0,4,"1605.1045794644347,617.9861708438632,1175.8647829817537,884.4923414948358"
45897,458.981999998,world,458.98199999844945,-0.20861867199496206,-0.12670053141584176,2.732515949227182,0.003919799810857149,0.1743300505228464,0.2742493614640121,-0.9457171651137174,-1.2905644700005217,0.2167805975622505,2.5800423675452095,1.6981920096977985,-4.97091502962553,-0.8991333807464575,-2.951402737620734,0.9301390173015733,-1.2740713921397528,0.0,0.0,0.0,0.0,0.0,0.0,0.0,0.0,0.0,0.0,0.0,0.0,0.0,0.0,0.0,4,"1307.3604475906322,924.938910674605,1535.0701039331607,758.7580710876251"
45898,458.990999998,world,458.9909999984494,-0.2203649947063813,-0.1247084840996941,2.755697722015755,0.0033322366808238016,0.19628919301749176,0.2768272328460851,-0.9406519718036126,-1.3209146040844513,0.2262595766440976,2.5728456436798113,1.014697331734688,-4.493798516644234,-0.8760129420555922,-3.730539268753885,1.1659746151372885,-0.3757308235896595,0.0,0.0,0.0,0.0,0.0,0.0,0.0,0.0,0.0,0.0,0.0,0.0,0.0,0.0,0.0,4,"1080.6877244128668,1145.6080067717564,1808.5332542145202,663.0365222174302"
45899,459.002999998,world,459.00299999844935,-0.2365129069859138,-0.12189920306576688,2.786577300690224,0.00575847377664306,0.21913861877021562,0.2807927509166996,-0.9343984892838164,-1.3724391347521614,0.2427485911427253,2.5760957613740523,0.04960523014861114,-3.1936438379664605,-0.7967594571428572,-4.7501138709697965,1.559845706202545,0.8010108702265484,0.0,0.0,0.0,0.0,0.0,0.0,0.0,0.0,0.0,0.0,0.0,0.0,0.0,0.0,0.0,4,"860.2943943195844,1315.2874277201931,2074.4208012620006,569.9666961641005"
45900,459.011999998,world,459.0119999984493,-0.2490674581444474,-0.11964631872563765,2.809807111867264,0.009657480664389676,0.22940812150921847,0.28422189422931976,-0.9308579707417916,-1.4183436610366074,0.2583650102081799,2.5872129956207615,-0.7422038036893163,-1.851129779021023,-0.7084880831696142,-5.34883522947327,1.8746948059612523,1.5609732790045072,0.0,0.0,0.0,0.0,0.0,0.0,0.0,0.0,0.0,0.0,0.0,0.0,0.0,0.0,0.0,4,"740.3361645096281,1391.4249651503196,2219.141149463225,519.3095752006282"
45901,459.020999998,world,459.02099999844927,-0.2620556169514215,-0.11724033507110494,2.833165394960877,0.015246551893069511,0.23247537209320415,0.28812754662907536,-0.9288192832295248,-1.4683992535404358,0.2767393342930413,2.604417276177089,-1.6033527506052185,-0.2849272310182984,-0.6012544514131206,-5.688024153220228,2.1703469189865987,2.1700073638690753,0.0,0.0,0.0,0.0,0.0,0.0,0.0,0.0,0.0,0.0,0.0,0.0,0.0,0.0,0.0,4,"649.0119175883425,1425.8645369849671,2329.316806728268,480.74428934638786"
45902,459.032999998,world,459.0329999984492,-0.28008824401217663,-0.11375387572956983,2.8645917786140145,0.02542987962231215,0.2238768277424248,0.2942020009227955,-0.9288044303702513,-1.536773462179791,0.3049358009828624,2.6342438080088715,-2.869209356674627,2.025629584446471,-0.4371139013944321,-5.574963402944499,2.470449688734,2.6330124776534625,0.0,0.0,0.0,0.0,0.0,0.0,0.0,0.0,0.0,0.0,0.0,0.0,0.0,0.0,0.0,4,"560.217577382447,1414.772061884307,2413.360831567749,443.24735695744"
45903,459.041999998,world,459.04199999844917,-0.29413545278653297,-0.11090826424646084,2.888402663737154,0.035227904540650175,0.20726972835355828,0.2994341335292226,-0.9306650601196549,-1.5836879395906927,0.32744532921032976,2.6563750765290615,-3.8421554392102353,3.780574942207058,-0.31416664049172904,-4.84643045116262,2.496725050896431,2.214853379053139,0.0,0.0,0.0,0.0,0.0,0.0,0.0,0.0,0.0,0.0,0.0,0.0,0.0,0.0,0.0,4,"511.88756728761365,1371.284273314417,2364.905033623608,422.8380930710148"
45904,459.050999998,world,459.05099999844913,-0.30856820440189425,-0.10786199524156835,2.9123851690816758,0.04675622942681408,0.1821381113440485,0.3051502550477927,-0.9335539005596181,-1.6218699432939296,0.34925100344471244,2.6714296065041747,-4.734847416614829,5.405280856276755,-0.21040722059195346,-3.718977827392944,2.338573673889399,1.1550448363424337,0.0,0.0,0.0,0.0,0.0,0.0,0.0,0.0,0.0,0.0,0.0,0.0,0.0,0.0,0.0,4,"475.09391184103714,1304.4096707372419,2227.8322634025626,407.30051255154234"
45905,459.062999998,world,459.0629999984491,-0.3282530120115506,-0.10351287277272338,2.9444724136344327,0.06422468279800701,0.1368315875502373,0.3131980144392565,-0.9375816287232193,-1.6555807991499214,0.37472836469646337,2.67215540585926,-5.689322184776508,7.21204666852326,-0.12140423334568551,-2.0501658346911977,1.9118266023204211,-0.9559269693717454,0.0,0.0,0.0,0.0,0.0,0.0,0.0,0.0,0.0,0.0,0.0,0.0,0.0,0.0,0.0,4,"439.31953133114047,1188.7568044784662,1939.9273957296816,393.12701360429196"
45906,459.071999998,world,459.07199999844903,-0.34321858276048606,-0.10006891759133875,2.9684554946327,0.07828747467144355,0.09565695039622746,0.319252836548827,-0.9395735444902596,-1.6685336317280615,0.3900202431955018,2.6548205195433154,-6.183796027183653,8.23661239045738,-0.09617878613011306,-0.9908794622224271,1.52934350532008,-2.6895700224831565,0.0,0.0,0.0,0.0,0.0,0.0,0.0,0.0,0.0,0.0,0.0,0.0,0.0,0.0,0.0,4,"419.8478378969578,1088.8911705919616,1671.362475617225,456.550494079596"
45907,459.080999998,world,459.080999998449,-0.3582623319453702,-0.09650254876477621,2.992214509266354,0.09258857009174316,0.0500221103039044,0.32506362742658124,-0.9398184842262804,-1.6733971224752038,0.4019816183250731,2.6226538961809034,-6.473126899893385,8.960860130386331,-0.1009370512638752,-0.22415393409835893,1.177352459980019,-4.239477062653485,0.0,0.0,0.0,0.0,0.0,0.0,0.0,0.0,0.0,0.0,0.0,0.0,0.0,0.0,0.0,4,"405.02403012673625,982.9770421292995,1383.6791860426738,580.6920418935064"
45908,459.092999998,world,459.09299999844893,-0.37833983304111424,-0.09160377994051448,3.0233390441038024,0.11118522094322283,-0.01504524204619309,0.33209184654130364,-0.9365503151440214,-1.6716077212487497,0.41386534463202435,2.562169537971604,-6.58823430561096,9.517640925140576,-0.13467966064447165,0.4167345443057968,0.8603740263325999,-5.584617934949687,0.0,0.0,0.0,0.0,0.0,0.0,0.0,0.0,0.0,0.0,0.0,0.0,0.0,0.0,0.0,4,"390.6108783661705,839.693206634485,1070.917069780205,761.2014610287498"
45893,458.942999998,world,458.94299999844964,-0.1601269426966743,-0.1344428081514413,2.6312855716549715,0.047063008433378954,0.08874994562398639,0.2685390117879534,-0.9580163461741603,-1.2019219973981878,0.174756617591671,2.57952228283241,4.638717340213907,-1.0412921542063998,-0.5676038322435965,-1.805491700150208,1.760490730311648,2.552250808394163,0.0,0.0,0.0,0.0,0.0,0.0,0.0,0.0,0.0,0.0,0.0,0.0,0.0,0.0,0.0,4,"2029.2371810031811,676.2770578942083,461.92715155200136,1665.1654588741885"
45894,458.951999998,world,458.9519999984496,-0.1710213270832758,-0.13280623590719062,2.6545901669272327,0.029897773225003064,0.1019126122059037,0.2689807924532698,-0.9572717879060088,-1.21946886485055,0.18829740614673207,2.5979794380643733,4.143980956537645,-2.524876933057694,-0.6599841999212707,-2.0765257756305555,1.3289040686296771,1.6691863538413898,0.0,0.0,0.0,0.0,0.0,0.0,0.0,0.0,0.0,0.0,0.0,0.0,0.0,0.0,0.0,4,"2158.518660502793,600.2436948547156,437.0590279472231,1353.084818400501"
45895,458.960999998,world,458.96099999844955,-0.18208363621838453,-0.13106331934236312,2.678017063357178,0.01714127765738455,0.12035560288870996,0.26986993116295216,-0.9551915649269894,-1.239071652051433,0.19855388251560946,2.6057563430615946,3.403015858746132,-3.833662154851639,-0.7785642572571332,-2.2501824836220763,1.0126828003971522,0.20578595156850454,0.0,0.0,0.0,0.0,0.0,0.0,0.0,0.0,0.0,0.0,0.0,0.0,0.0,0.0,0.0,4,"2054.142999754755,542.3594660571175,636.9759734390412,1115.4977056603088"
45896,458.972999998,world,458.9729999984495,-0.19711588349520348,-0.12861564608021822,2.7092372365170165,0.007159669843086276,0.15053717988372042,0.27203781964937584,-0.9504118692865783,-1.2665049923977665,0.20899633055805567,2.593722062033769,2.391326849935627,-4.894089263292296,-0.8824875210036228,-2.378560597763757,0.8104564519932356,-1.6808589988848155,0.0,0.0,0.0,0.0,0.0,0.0,0.0,0.0,0.0,0.0,0.0,0.0,0.0,0.0,0.0,4,"1605.1045794644347,617.9861708438632,1175.8647829817537,884.4923414948358"
45897,458.981999998,world,458.98199999844945,-0.20861867199496206,-0.12670053141584176,2.732515949227182,0.003919799810857149,0.1743300505228464,0.2742493614640121,-0.9457171651137174,-1.2905644700005217,0.2167805975622505,2.5800423675452095,1.6981920096977985,-4.97091502962553,-0.8991333807464575,-2.951402737620734,0.9301390173015733,-1.2740713921397528,0.0,0.0,0.0,0.0,0.0,0.0,0.0,0.0,0.0,0.0,0.0,0.0,0.0,0.0,0.0,4,"1307.3604475906322,924.938910674605,1535.0701039331607,758.7580710876251"
45898,458.990999998,world,458.9909999984494,-0.2203649947063813,-0.1247084840996941,2.755697722015755,0.0033322366808238016,0.19628919301749176,0.2768272328460851,-0.9406519718036126,-1.3209146040844513,0.2262595766440976,2.5728456436798113,1.014697331734688,-4.493798516644234,-0.8760129420555922,-3.730539268753885,1.1659746151372885,-0.3757308235896595,0.0,0.0,0.0,0.0,0.0,0.0,0.0,0.0,0.0,0.0,0.0,0.0,0.0,0.0,0.0,4,"1080.6877244128668,1145.6080067717564,1808.5332542145202,663.0365222174302"
45899,459.002999998,world,459.00299999844935,-0.2365129069859138,-0.12189920306576688,2.786577300690224,0.00575847377664306,0.21913861877021562,0.2807927509166996,-0.9343984892838164,-1.3724391347521614,0.2427485911427253,2.5760957613740523,0.04960523014861114,-3.1936438379664605,-0.7967594571428572,-4.7501138709697965,1.559845706202545,0.8010108702265484,0.0,0.0,0.0,0.0,0.0,0.0,0.0,0.0,0.0,0.0,0.0,0.0,0.0,0.0,0.0,4,"860.2943943195844,1315.2874277201931,2074.4208012620006,569.9666961641005"
45900,459.011999998,world,459.0119999984493,-0.2490674581444474,-0.11964631872563765,2.809807111867264,0.009657480664389676,0.22940812150921847,0.28422189422931976,-0.9308579707417916,-1.4183436610366074,0.2583650102081799,2.5872129956207615,-0.7422038036893163,-1.851129779021023,-0.7084880831696142,-5.34883522947327,1.8746948059612523,1.5609732790045072,0.0,0.0,0.0,0.0,0.0,0.0,0.0,0.0,0.0,0.0,0.0,0.0,0.0,0.0,0.0,4,"740.3361645096281,1391.4249651503196,2219.141149463225,519.3095752006282"
45901,459.020999998,world,459.02099999844927,-0.2620556169514215,-0.11724033507110494,2.833165394960877,0.015246551893069511,0.23247537209320415,0.28812754662907536,-0.9288192832295248,-1.4683992535404358,0.2767393342930413,2.604417276177089,-1.6033527506052185,-0.2849272310182984,-0.6012544514131206,-5.688024153220228,2.1703469189865987,2.1700073638690753,0.0,0.0,0.0,0.0,0.0,0.0,0.0,0.0,0.0,0.0,0.0,0.0,0.0,0.0,0.0,4,"649.0119175883425,1425.8645369849671,2329.316806728268,480.74428934638786"
45902,459.032999998,world,459.0329999984492,-0.28008824401217663,-0.11375387572956983,2.8645917786140145,0.02542987962231215,0.2238768277424248,0.2942020009227955,-0.9288044303702513,-1.536773462179791,0.3049358009828624,2.6342438080088715,-2.869209356674627,2.025629584446471,-0.4371139013944321,-5.574963402944499,2.470449688734,2.6330124776534625,0.0,0.0,0.0,0.0,0.0,0.0,0.0,0.0,0.0,0.0,0.0,0.0,0.0,0.0,0.0,4,"560.217577382447,1414.772061884307,2413.360831567749,443.24735695744"
45903,459.041999998,world,459.04199999844917,-0.29413545278653297,-0.11090826424646084,2.888402663737154,0.035227904540650175,0.20726972835355828,0.2994341335292226,-0.9306650601196549,-1.5836879395906927,0.32744532921032976,2.6563750765290615,-3.8421554392102353,3.780574942207058,-0.31416664049172904,-4.84643045116262,2.496725050896431,2.214853379053139,0.0,0.0,0.0,0.0,0.0,0.0,0.0,0.0,0.0,0.0,0.0,0.0,0.0,0.0,0.0,4,"511.88756728761365,1371.284273314417,2364.905033623608,422.8380930710148"
45904,459.050999998,world,459.05099999844913,-0.30856820440189425,-0.10786199524156835,2.9123851690816758,0.04675622942681408,0.1821381113440485,0.3051502550477927,-0.9335539005596181,-1.6218699432939296,0.34925100344471244,2.6714296065041747,-4.734847416614829,5.405280856276755,-0.21040722059195346,-3.718977827392944,2.338573673889399,1.1550448363424337,0.0,0.0,0.0,0.0,0.0,0.0,0.0,0.0,0.0,0.0,0.0,0.0,0.0,0.0,0.0,4,"475.09391184103714,1304.4096707372419,2227.8322634025626,407.30051255154234"
45905,459.062999998,world,459.0629999984491,-0.3282530120115506,-0.10351287277272338,2.9444724136344327,0.06422468279800701,0.1368315875502373,0.3131980144392565,-0.9375816287232193,-1.6555807991499214,0.37472836469646337,2.67215540585926,-5.689322184776508,7.21204666852326,-0.12140423334568551,-2.0501658346911977,1.9118266023204211,-0.9559269693717454,0.0,0.0,0.0,0.0,0.0,0.0,0.0,0.0,0.0,0.0,0.0,0.0,0.0,0.0,0.0,4,"439.31953133114047,1188.7568044784662,1939.9273957296816,393.12701360429196"
45906,459.071999998,world,459.07199999844903,-0.34321858276048606,-0.10006891759133875,2.9684554946327,0.07828747467144355,0.09565695039622746,0.319252836548827,-0.9395735444902596,-1.6685336317280615,0.3900202431955018,2.6548205195433154,-6.183796027183653,8.23661239045738,-0.09617878613011306,-0.9908794622224271,1.52934350532008,-2.6895700224831565,0.0,0.0,0.0,0.0,0.0,0.0,0.0,0.0,0.0,0.0,0.0,0.0,0.0,0.0,0.0,4,"419.8478378969578,1088.8911705919616,1671.362475617225,456.550494079596"
45907,459.080999998,world,459.080999998449,-0.3582623319453702,-0.09650254876477621,2.992214509266354,0.09258857009174316,0.0500221103039044,0.32506362742658124,-0.9398184842262804,-1.6733971224752038,0.4019816183250731,2.6226538961809034,-6.473126899893385,8.960860130386331,-0.1009370512638752,-0.22415393409835893,1.177352459980019,-4.239477062653485,0.0,0.0,0.0,0.0,0.0,0.0,0.0,0.0,0.0,0.0,0.0,0.0,0.0,0.0,0.0,4,"405.02403012673625,982.9770421292995,1383.6791860426738,580.6920418935064"
45908,459.092999998,world,459.09299999844893,-0.37833983304111424,-0.09160377994051448,3.0233390441038024,0.11118522094322283,-0.01504524204619309,0.33209184654130364,-0.9365503151440214,-1.6716077212487497,0.41386534463202435,2.562169537971604,-6.58823430561096,9.517640925140576,-0.13467966064447165,0.4167345443057968,0.8603740263325999,-5.584617934949687,0.0,0.0,0.0,0.0,0.0,0.0,0.0,0.0,0.0,0.0,0.0,0.0,0.0,0.0,0.0,4,"390.6108783661705,839.693206634485,1070.917069780205,761.2014610287498"
45909,459.101999998,world,459.1019999984489,-0.3933571091226319,-0.0878407640202941,3.046191852847776,0.12454400363364578,-0.06554851145708675,0.3366255708153503,-0.9310614420530485,-1.6643676181467815,0.42277735046703047,2.518616635608526,-6.71632392367354,9.80651102286143,-0.15098247768094153,1.181559009949984,1.11245588015646,-4.130502251214363,0.0,0.0,0.0,0.0,0.0,0.0,0.0,0.0,0.0,0.0,0.0,0.0,0.0,0.0,0.0,4,"660.016459919871,724.6524723277216,1376.1986717567802,871.6981634205337"
45910,459.110999998,world,459.11099999844885,-0.40827182456967587,-0.08398686319496222,3.0687160897659913,0.13813954026244252,-0.11748002203863228,0.3402967487949232,-0.9226668058391874,-1.6482716267827244,0.4339779640922834,2.4889304945117963,-7.077447532935991,10.104954863453205,-0.1450508139586347,2.3230534124019098,1.3383522422255045,-2.677022041624344,0.0,0.0,0.0,0.0,0.0,0.0,0.0,0.0,0.0,0.0,0.0,0.0,0.0,0.0,0.0,4,"858.2119348399301,637.071916641955,1583.6971768667368,995.5789003476498"
45911,459.122999998,world,459.1229999984488,-0.4278340005277567,-0.0786773195947972,3.098431013799392,0.15787409295238813,-0.18906433777257614,0.343309442114003,-0.9063493111998543,-1.6081899879868335,0.4512576654205559,2.4660724561109038,-7.783948744814514,10.453862011346228,-0.11576719993056526,4.254412532622931,1.5013206325459327,-1.3853185551373493,0.0,0.0,0.0,0.0,0.0,0.0,0.0,0.0,0.0,0.0,0.0,0.0,0.0,0.0,0.0,4,"1022.362623527831,592.6867461685223,1731.0713739705084,1184.2909552089839"
45912,459.131999998,world,459.13199999844875,-0.442110545091195,-0.07455455940287753,3.1205771050192936,0.17424435358672924,-0.2441105345332111,0.3437313266142007,-0.8898863563832712,-1.5619801726069653,0.46493981552538705,2.4557724266823913,-8.32998366126909,10.632349617986153,-0.08502591453944428,5.846872724287966,1.524781871074521,-1.0279322533555124,0.0,0.0,0.0,0.0,0.0,0.0,0.0,0.0,0.0,0.0,0.0,0.0,0.0,0.0,0.0,4,"1075.464172617928,627.06256108096,1760.743870109943,1341.8140005531668"
45913,459.140999998,world,459.1409999984487,-0.45590650675109157,-0.07030881442416975,3.142636705420051,0.19174135892328617,-0.2995802645771638,0.34230742540609116,-0.8696623154224756,-1.5014158240066238,0.47849204875544205,2.4460953645709274,-8.771456200751041,10.712663453455738,-0.04941828770544461,7.430630770377089,1.48332237135812,-1.1781129118819678,0.0,0.0,0.0,0.0,0.0,0.0,0.0,0.0,0.0,0.0,0.0,0.0,0.0,0.0,0.0,4,"1079.9434820616866,699.6102880400487,1742.2357304690204,1499.6574468509739"
45914,459.152999998,world,459.15299999844865,-0.4733335989998371,-0.0644629721304492,3.171886952462041,0.21583207476992697,-0.3726594548584139,0.3374217353932552,-0.8370710953612857,-1.3991574900453354,0.49556308962169476,2.427231236046916,-9.079154798839312,10.659977893565511,0.006226262048550463,9.413412765434614,1.361237182317121,-2.000845510605753,0.0,0.0,0.0,0.0,0.0,0.0,0.0,0.0,0.0,0.0,0.0,0.0,0.0,0.0,0.0,4,"1031.811602352905,827.1991409984391,1678.504785437761,1691.769767626792"
45915,459.161999998,world,459.1619999984486,-0.485523444789989,-0.05994974106517934,3.1936365525661987,0.2334521819724918,-0.4256134242106108,0.3317084822699793,-0.8089022033930604,-1.3077200650119953,0.5071773951113541,2.4045367032606784,-9.038409231713237,10.516400468535908,0.056341769925716184,10.738796662940642,1.2296996980090125,-2.9711206644460475,0.0,0.0,0.0,0.0,0.0,0.0,0.0,0.0,0.0,0.0,0.0,0.0,0.0,0.0,0.0,4,"961.5143223679739,936.0426746803348,1618.4423822514098,1815.9509450273956"
45916,459.170999998,world,459.17099999844856,-0.49683936654571315,-0.055337844131298046,3.2151389783301547,0.2497489562412726,-0.47609770503665416,0.324637177930405,-0.778181943263019,-1.2052223050516346,0.5174355614479353,2.3719873147005472,-8.763208692023232,10.31328176521926,0.11560013427063273,11.885925076099424,1.0628654260051995,-4.156176268360845,0.0,0.0,0.0,0.0,0.0,0.0,0.0,0.0,0.0,0.0,0.0,0.0,0.0,0.0,0.0,4,"876.2636330594459,1041.3751648582715,1564.8482439186228,1914.206270825743"
45917,459.182999998,world,459.1829999984485,-0.5104109678284428,-0.04905931691157809,3.243256371667935,0.2681848633037245,-0.5386890379566819,0.31396386112101593,-0.734382525248287,-1.0543511661381417,0.5284028702336149,2.310621327851199,-8.098701885198578,10.007705456382704,0.20995004366171197,13.089758825906461,0.7752116530277409,-5.954391232060541,0.0,0.0,0.0,0.0,0.0,0.0,0.0,0.0,0.0,0.0,0.0,0.0,0.0,0.0,0.0,4,"763.2176748217662,1162.543595122309,1520.2485434210566,1998.9990473114788"
45918,459.19199999800003,world,459.19199999844847,-0.5193595590697039,-0.0442764279148144,3.263788282286808,0.2788435681045701,-0.5817827004620926,0.30576130735932666,-0.7002036681506766,-0.9333370982591203,0.5340447869165734,2.249864015369648,-7.420362414687026,9.789407444142151,0.29192631032305055,13.696131830089108,0.5004198311747698,-7.3924077139428945,0.0,0.0,0.0,0.0,0.0,0.0,0.0,0.0,0.0,0.0,0.0,0.0,0.0,0.0,0.0,4,"678.2051693061601,1239.4741522871734,1501.9130602922235,2033.7614628789102"
45919,459.200999998,world,459.2009999984484,-0.5271987724601659,-0.03945475016325573,3.2837148130204645,0.28640600421914525,-0.6215511373065273,0.2980108855895381,-0.6654587113640672,-0.8082382012977181,0.5369400292089556,2.176087681168598,-6.6432259624181835,9.593857405374274,0.38241261850700725,14.025912698684362,0.17071589609674032,-8.837149941493205,0.0,0.0,0.0,0.0,0.0,0.0,0.0,0.0,0.0,0.0,0.0,0.0,0.0,0.0,0.0,4,"620.848270529806,1289.2225062520183,1488.6139417474913,2051.23117055365"
45920,459.212999998,world,459.21299999844837,-0.535885490678158,-0.033012621556576756,3.3091410892474222,0.2915233807307642,-0.6695830688393875,0.2891183841787245,-0.6189371473266227,-0.6397799185028344,0.5357095348348639,2.057975292718572,-5.549753622052143,9.346362291785006,0.5146885587714547,13.95519916267529,-0.3448440224678162,-10.666422599950653,0.0,0.0,0.0,0.0,0.0,0.0,0.0,0.0,0.0,0.0,0.0,0.0,0.0,0.0,0.0,4,"610.6406062750852,1294.5875694765898,1462.701876150542,2056.6678511488153"
45921,459.221999998,world,459.2219999984483,-0.5410840262979304,-0.028211747676725983,3.327211178175263,0.2917675199322703,-0.7019465475289017,0.28388478035356374,-0.5844246659822262,-0.5160718088791829,0.530519188133719,1.955793103570533,-4.711318298464177,9.114487548090931,0.622220524412022,13.553904869284649,-0.7650871321674968,-11.879858553986322,0.0,0.0,0.0,0.0,0.0,0.0,0.0,0.0,0.0,0.0,0.0,0.0,0.0,0.0,0.0,4,"630.959348687003,1264.2596061788995,1426.3871061730072,2056.7947485469654"
45922,459.230999998,world,459.2309999984483,-0.5451890597190371,-0.023474756805370145,3.344315291561921,0.2891779993372904,-0.7312131791908851,0.2800403116932718,-0.5507093562883927,-0.39709466663488485,0.5215071901127765,1.843591422616298,-3.889767883788252,8.829376644709336,0.7361356080651366,12.938902954309327,-1.1905725778734721,-12.910151254835966,0.0,0.0,0.0,0.0,0.0,0.0,0.0,0.0,0.0,0.0,0.0,0.0,0.0,0.0,0.0,4,"664.3418154963106,1215.6497219908836,1388.6420489166,2045.832149465509"
45923,459.242999998,world,459.2429999984482,-0.5490483251346528,-0.017317434702236796,3.365477514686268,0.28186321957861005,-0.765604008086819,0.27707856448722334,-0.5075737358767474,-0.24819751314540875,0.5036278360294862,1.6813359543151936,-2.878376333478266,8.387140982923938,0.8952090064624347,11.926190252113082,-1.7364578982260737,-13.984666923196665,0.0,0.0,0.0,0.0,0.0,0.0,0.0,0.0,0.0,0.0,0.0,0.0,0.0,0.0,0.0,4,"716.5068853199061,1138.964859832512,1348.4918949540381,2009.3763395517701"
45924,459.251999998,world,459.2519999984482,-0.5508125556713593,-0.012861087662661464,3.3800333768339623,0.2739052957115433,-0.7881033247090158,0.27640842617525263,-0.4769354468930648,-0.1451265441379858,0.48611316871152577,1.5524367330060416,-2.174825170966006,8.00693061212604,1.017262299703464,11.078777819413189,-2.110394556449735,-14.570013944750215,0.0,0.0,0.0,0.0,0.0,0.0,0.0,0.0,0.0,0.0,0.0,0.0,0.0,0.0,0.0,4,"745.3103133566207,1084.7551505497966,1308.9152418689557,1977.7510559765476"
45909,459.101999998,world,459.1019999984489,-0.3933571091226319,-0.0878407640202941,3.046191852847776,0.12454400363364578,-0.06554851145708675,0.3366255708153503,-0.9310614420530485,-1.6643676181467815,0.42277735046703047,2.518616635608526,-6.71632392367354,9.80651102286143,-0.15098247768094153,1.181559009949984,1.11245588015646,-4.130502251214363,0.0,0.0,0.0,0.0,0.0,0.0,0.0,0.0,0.0,0.0,0.0,0.0,0.0,0.0,0.0,4,"660.016459919871,724.6524723277216,1376.1986717567802,871.6981634205337"
45910,459.110999998,world,459.11099999844885,-0.40827182456967587,-0.08398686319496222,3.0687160897659913,0.13813954026244252,-0.11748002203863228,0.3402967487949232,-0.9226668058391874,-1.6482716267827244,0.4339779640922834,2.4889304945117963,-7.077447532935991,10.104954863453205,-0.1450508139586347,2.3230534124019098,1.3383522422255045,-2.677022041624344,0.0,0.0,0.0,0.0,0.0,0.0,0.0,0.0,0.0,0.0,0.0,0.0,0.0,0.0,0.0,4,"858.2119348399301,637.071916641955,1583.6971768667368,995.5789003476498"
45911,459.122999998,world,459.1229999984488,-0.4278340005277567,-0.0786773195947972,3.098431013799392,0.15787409295238813,-0.18906433777257614,0.343309442114003,-0.9063493111998543,-1.6081899879868335,0.4512576654205559,2.4660724561109038,-7.783948744814514,10.453862011346228,-0.11576719993056526,4.254412532622931,1.5013206325459327,-1.3853185551373493,0.0,0.0,0.0,0.0,0.0,0.0,0.0,0.0,0.0,0.0,0.0,0.0,0.0,0.0,0.0,4,"1022.362623527831,592.6867461685223,1731.0713739705084,1184.2909552089839"
45912,459.131999998,world,459.13199999844875,-0.442110545091195,-0.07455455940287753,3.1205771050192936,0.17424435358672924,-0.2441105345332111,0.3437313266142007,-0.8898863563832712,-1.5619801726069653,0.46493981552538705,2.4557724266823913,-8.32998366126909,10.632349617986153,-0.08502591453944428,5.846872724287966,1.524781871074521,-1.0279322533555124,0.0,0.0,0.0,0.0,0.0,0.0,0.0,0.0,0.0,0.0,0.0,0.0,0.0,0.0,0.0,4,"1075.464172617928,627.06256108096,1760.743870109943,1341.8140005531668"
45913,459.140999998,world,459.1409999984487,-0.45590650675109157,-0.07030881442416975,3.142636705420051,0.19174135892328617,-0.2995802645771638,0.34230742540609116,-0.8696623154224756,-1.5014158240066238,0.47849204875544205,2.4460953645709274,-8.771456200751041,10.712663453455738,-0.04941828770544461,7.430630770377089,1.48332237135812,-1.1781129118819678,0.0,0.0,0.0,0.0,0.0,0.0,0.0,0.0,0.0,0.0,0.0,0.0,0.0,0.0,0.0,4,"1079.9434820616866,699.6102880400487,1742.2357304690204,1499.6574468509739"
45914,459.152999998,world,459.15299999844865,-0.4733335989998371,-0.0644629721304492,3.171886952462041,0.21583207476992697,-0.3726594548584139,0.3374217353932552,-0.8370710953612857,-1.3991574900453354,0.49556308962169476,2.427231236046916,-9.079154798839312,10.659977893565511,0.006226262048550463,9.413412765434614,1.361237182317121,-2.000845510605753,0.0,0.0,0.0,0.0,0.0,0.0,0.0,0.0,0.0,0.0,0.0,0.0,0.0,0.0,0.0,4,"1031.811602352905,827.1991409984391,1678.504785437761,1691.769767626792"
45915,459.161999998,world,459.1619999984486,-0.485523444789989,-0.05994974106517934,3.1936365525661987,0.2334521819724918,-0.4256134242106108,0.3317084822699793,-0.8089022033930604,-1.3077200650119953,0.5071773951113541,2.4045367032606784,-9.038409231713237,10.516400468535908,0.056341769925716184,10.738796662940642,1.2296996980090125,-2.9711206644460475,0.0,0.0,0.0,0.0,0.0,0.0,0.0,0.0,0.0,0.0,0.0,0.0,0.0,0.0,0.0,4,"961.5143223679739,936.0426746803348,1618.4423822514098,1815.9509450273956"
45916,459.170999998,world,459.17099999844856,-0.49683936654571315,-0.055337844131298046,3.2151389783301547,0.2497489562412726,-0.47609770503665416,0.324637177930405,-0.778181943263019,-1.2052223050516346,0.5174355614479353,2.3719873147005472,-8.763208692023232,10.31328176521926,0.11560013427063273,11.885925076099424,1.0628654260051995,-4.156176268360845,0.0,0.0,0.0,0.0,0.0,0.0,0.0,0.0,0.0,0.0,0.0,0.0,0.0,0.0,0.0,4,"876.2636330594459,1041.3751648582715,1564.8482439186228,1914.206270825743"
45917,459.182999998,world,459.1829999984485,-0.5104109678284428,-0.04905931691157809,3.243256371667935,0.2681848633037245,-0.5386890379566819,0.31396386112101593,-0.734382525248287,-1.0543511661381417,0.5284028702336149,2.310621327851199,-8.098701885198578,10.007705456382704,0.20995004366171197,13.089758825906461,0.7752116530277409,-5.954391232060541,0.0,0.0,0.0,0.0,0.0,0.0,0.0,0.0,0.0,0.0,0.0,0.0,0.0,0.0,0.0,4,"763.2176748217662,1162.543595122309,1520.2485434210566,1998.9990473114788"
45918,459.19199999800003,world,459.19199999844847,-0.5193595590697039,-0.0442764279148144,3.263788282286808,0.2788435681045701,-0.5817827004620926,0.30576130735932666,-0.7002036681506766,-0.9333370982591203,0.5340447869165734,2.249864015369648,-7.420362414687026,9.789407444142151,0.29192631032305055,13.696131830089108,0.5004198311747698,-7.3924077139428945,0.0,0.0,0.0,0.0,0.0,0.0,0.0,0.0,0.0,0.0,0.0,0.0,0.0,0.0,0.0,4,"678.2051693061601,1239.4741522871734,1501.9130602922235,2033.7614628789102"
45919,459.200999998,world,459.2009999984484,-0.5271987724601659,-0.03945475016325573,3.2837148130204645,0.28640600421914525,-0.6215511373065273,0.2980108855895381,-0.6654587113640672,-0.8082382012977181,0.5369400292089556,2.176087681168598,-6.6432259624181835,9.593857405374274,0.38241261850700725,14.025912698684362,0.17071589609674032,-8.837149941493205,0.0,0.0,0.0,0.0,0.0,0.0,0.0,0.0,0.0,0.0,0.0,0.0,0.0,0.0,0.0,4,"620.848270529806,1289.2225062520183,1488.6139417474913,2051.23117055365"
45920,459.212999998,world,459.21299999844837,-0.535885490678158,-0.033012621556576756,3.3091410892474222,0.2915233807307642,-0.6695830688393875,0.2891183841787245,-0.6189371473266227,-0.6397799185028344,0.5357095348348639,2.057975292718572,-5.549753622052143,9.346362291785006,0.5146885587714547,13.95519916267529,-0.3448440224678162,-10.666422599950653,0.0,0.0,0.0,0.0,0.0,0.0,0.0,0.0,0.0,0.0,0.0,0.0,0.0,0.0,0.0,4,"610.6406062750852,1294.5875694765898,1462.701876150542,2056.6678511488153"
45921,459.221999998,world,459.2219999984483,-0.5410840262979304,-0.028211747676725983,3.327211178175263,0.2917675199322703,-0.7019465475289017,0.28388478035356374,-0.5844246659822262,-0.5160718088791829,0.530519188133719,1.955793103570533,-4.711318298464177,9.114487548090931,0.622220524412022,13.553904869284649,-0.7650871321674968,-11.879858553986322,0.0,0.0,0.0,0.0,0.0,0.0,0.0,0.0,0.0,0.0,0.0,0.0,0.0,0.0,0.0,4,"630.959348687003,1264.2596061788995,1426.3871061730072,2056.7947485469654"
45922,459.230999998,world,459.2309999984483,-0.5451890597190371,-0.023474756805370145,3.344315291561921,0.2891779993372904,-0.7312131791908851,0.2800403116932718,-0.5507093562883927,-0.39709466663488485,0.5215071901127765,1.843591422616298,-3.889767883788252,8.829376644709336,0.7361356080651366,12.938902954309327,-1.1905725778734721,-12.910151254835966,0.0,0.0,0.0,0.0,0.0,0.0,0.0,0.0,0.0,0.0,0.0,0.0,0.0,0.0,0.0,4,"664.3418154963106,1215.6497219908836,1388.6420489166,2045.832149465509"
45923,459.242999998,world,459.2429999984482,-0.5490483251346528,-0.017317434702236796,3.365477514686268,0.28186321957861005,-0.765604008086819,0.27707856448722334,-0.5075737358767474,-0.24819751314540875,0.5036278360294862,1.6813359543151936,-2.878376333478266,8.387140982923938,0.8952090064624347,11.926190252113082,-1.7364578982260737,-13.984666923196665,0.0,0.0,0.0,0.0,0.0,0.0,0.0,0.0,0.0,0.0,0.0,0.0,0.0,0.0,0.0,4,"716.5068853199061,1138.964859832512,1348.4918949540381,2009.3763395517701"
45924,459.251999998,world,459.2519999984482,-0.5508125556713593,-0.012861087662661464,3.3800333768339623,0.2739052957115433,-0.7881033247090158,0.27640842617525263,-0.4769354468930648,-0.1451265441379858,0.48611316871152577,1.5524367330060416,-2.174825170966006,8.00693061212604,1.017262299703464,11.078777819413189,-2.110394556449735,-14.570013944750215,0.0,0.0,0.0,0.0,0.0,0.0,0.0,0.0,0.0,0.0,0.0,0.0,0.0,0.0,0.0,4,"745.3103133566207,1084.7551505497966,1308.9152418689557,1977.7510559765476"
45925,459.260999998,world,459.26099999844814,-0.5516845606282385,-0.00857677737779818,3.3934085037379806,0.2641559001527134,-0.8079474867416323,0.2770075854259128,-0.4480059337764349,-0.05002123159384253,0.46547246324119046,1.4192379897117275,-1.5188696767435736,7.6027532153475725,1.1393229711064767,10.167686691850399,-2.435346112409309,-14.963929749049365,0.0,0.0,0.0,0.0,0.0,0.0,0.0,0.0,0.0,0.0,0.0,0.0,0.0,0.0,0.0,4,"758.3638031888376,1036.798782979986,1266.003030164139,1936.476123004436"
45926,459.272999998,world,459.2729999984481,-0.5515856946003772,-0.0031766115130701413,3.409352784601681,0.2488120348111246,-0.830618893037654,0.27967834907204603,-0.4122436742054203,0.06392259869054641,0.43389527368492997,1.2376940664161207,-0.7253438863104463,7.070040385651637,1.2985718829913666,8.911313241284905,-2.7776175503406164,-15.217024286872105,0.0,0.0,0.0,0.0,0.0,0.0,0.0,0.0,0.0,0.0,0.0,0.0,0.0,0.0,0.0,4,"746.541459797251,989.1540433983257,1208.0321977547337,1865.791865094331"
45927,459.281999998,world,459.28199999844804,-0.5506647352320584,0.0006129565032195922,3.419875306960694,0.23578272684782312,-0.8450179094214264,0.28310408617701555,-0.3875607241028485,0.13933779746295577,0.4079564553965096,1.1006345544763037,-0.1439081768487616,6.682771259019079,1.4133288776407968,7.975410523074655,-2.963066060299391,-15.229565079531993,0.0,0.0,0.0,0.0,0.0,0.0,0.0,0.0,0.0,0.0,0.0,0.0,0.0,0.0,0.0,4,"701.7206616153833,976.5304252660911,1142.9458713175006,1817.3508172237916"
45928,459.290999998,world,459.290999998448,-0.5491021684421461,0.00416237281161592,3.429165646759451,0.22155654785727605,-0.8573297853989361,0.2879020211911136,-0.36470640433566887,0.2065758805703273,0.38060228403439433,0.9640443834079239,0.45565591501342695,6.3195475935259235,1.5231695368619995,7.08916422329256,-3.0991501145420375,-15.129054946003695,0.0,0.0,0.0,0.0,0.0,0.0,0.0,0.0,0.0,0.0,0.0,0.0,0.0,0.0,0.0,4,"624.6170502337218,984.8528893763888,1064.3138747371943,1772.5223621947612"
45929,459.302999998,world,459.30299999844794,-0.5461402506887341,0.008501545301761388,3.439649175816048,0.2007957870993637,-0.870658861725216,0.29679879035621565,-0.33696390967815154,0.28517485381090757,0.3422225777501286,0.7835435854631655,1.2985033238480306,5.882361685534415,1.6595066355549606,6.127463683322564,-3.2840480214378354,-14.963481570680726,0.0,0.0,0.0,0.0,0.0,0.0,0.0,0.0,0.0,0.0,0.0,0.0,0.0,0.0,0.0,4,"548.7092656775188,1025.4124408228242,937.8883556380399,1721.7291985766283"
45930,459.311999998,world,459.3119999984479,-0.5433332827915424,0.01144510438880764,3.4460955489694016,0.18389662855920416,-0.8783268920958164,0.30575155939284054,-0.31818215624812873,0.33785995923317375,0.3115821999625082,0.6490666647675409,2.024550529241052,5.5615367651534635,1.7517755506157724,5.631544200413396,-3.4952554229423227,-14.908409528890386,0.0,0.0,0.0,0.0,0.0,0.0,0.0,0.0,0.0,0.0,0.0,0.0,0.0,0.0,0.0,4,"503.12628511920377,1090.5564708446448,802.4199773393134,1714.5897596876407"
45931,459.320999998,world,459.32099999844786,-0.5400672651074145,0.01410138881707443,3.4513305970670136,0.16583117184289195,-0.8838554206966333,0.31715579201061794,-0.30118403235315844,0.3876469588316879,0.278085378449424,0.5140467666263768,2.860597081785756,5.242959143239632,1.8372382955062485,5.4363944289268495,-3.8973321442536957,-15.053899932700121,0.0,0.0,0.0,0.0,0.0,0.0,0.0,0.0,0.0,0.0,0.0,0.0,0.0,0.0,0.0,4,"468.4239443251567,1179.3818810245502,696.2763483960944,1739.1007296351604"
45932,459.332999998,world,459.3329999984478,-0.5350277824171971,0.01713939377933747,3.456408455119918,0.13983163013969685,-0.8875375681771445,0.337032658816463,-0.2813061804827287,0.45259499688260235,0.22633227008205276,0.33120562408423254,4.165172795966336,4.825115078089714,1.9465826399647537,5.484352282970117,-4.762251065652478,-15.471090522492458,0.0,0.0,0.0,0.0,0.0,0.0,0.0,0.0,0.0,0.0,0.0,0.0,0.0,0.0,0.0,4,"434.68294389770773,1308.0361248488061,593.0731595737859,1820.0399170020478"
45933,459.341999998,world,459.34199999844776,-0.5307311071709058,0.018971092616185542,3.458757887255785,0.11878677088639464,-0.8870751374178178,0.3561841271110608,-0.26855217599504716,0.5022010447057232,0.179600154804646,0.19060090572274527,5.316716348543765,4.483310869965596,2.0334926436916216,5.482317680989945,-5.506164952129744,-15.679490829071856,0.0,0.0,0.0,0.0,0.0,0.0,0.0,0.0,0.0,0.0,0.0,0.0,0.0,0.0,0.0,4,"416.3180020839939,1354.5959143577172,536.9005347641928,1891.1821603027133"
45934,459.350999998,world,459.3509999984477,-0.5259933863494541,0.020355693942927792,3.459840361503811,0.09639141925111107,-0.8833601648847617,0.37941476069874297,-0.25773620768809163,0.5500912456723487,0.12738484322480728,0.050345314720474044,6.535820559056959,4.100514740212497,2.1284945263021475,5.144362689101012,-5.9912861654766445,-15.440510219528692,0.0,0.0,0.0,0.0,0.0,0.0,0.0,0.0,0.0,0.0,0.0,0.0,0.0,0.0,0.0,4,"402.3367647520685,1320.1358785793182,494.13629369082,1918.9016907241614"
45935,459.362999998,world,459.36299999844766,-0.5190419528722691,0.02144474322620404,3.4593531641466955,0.0646394892936291,-0.872677277026208,0.41661297108679196,-0.24635287477157147,0.6068537034736927,0.05376495377172313,-0.1297812395897084,8.113289711097538,3.5258618582882604,2.2677153788313573,4.339292764649505,-6.182852452905632,-14.575963010330373,0.0,0.0,0.0,0.0,0.0,0.0,0.0,0.0,0.0,0.0,0.0,0.0,0.0,0.0,0.0,4,"388.74284215207837,1173.418378915321,452.5567274909595,1902.5513636403643"
45936,459.371999998,world,459.3719999984476,-0.5134147573512919,0.021678435651875563,3.4576070915333417,0.03973577774674654,-0.8599531184573177,0.4486050770429409,-0.2401149451277304,0.6426572081351382,-0.0017465097215231254,-0.2570313105355864,9.178855011818161,3.0187696222716296,2.382238732036279,3.6880972110314714,-6.132576787067369,-13.777920638010865,0.0,0.0,0.0,0.0,0.0,0.0,0.0,0.0,0.0,0.0,0.0,0.0,0.0,0.0,0.0,4,"462.80629701031825,995.5926484241511,443.1907995788148,1871.094110188472"
45937,459.380999998,world,459.3809999984476,-0.5074895365753878,0.02141312672262594,3.454746745551768,0.01431803563273098,-0.8429448404522665,0.4833174176439981,-0.23588824390473553,0.6733374544974626,-0.05736360536481096,-0.37758530520096295,10.094813671791135,2.456299855761478,2.4980726151254653,3.196995007388348,-6.2222355179362765,-13.09278498939248,0.0,0.0,0.0,0.0,0.0,0.0,0.0,0.0,0.0,0.0,0.0,0.0,0.0,0.0,0.0,4,"607.5561029311432,843.3387778812935,490.0382719429307,1822.1443845177876"
45938,459.392999998,world,459.3929999984475,-0.49919373753976015,0.02026988317440544,3.4492958517754975,-0.01965123417778582,-0.8135239715974514,0.5323579377974097,-0.23321149777763597,0.7084260702944406,-0.13406264101961926,-0.529357449132039,11.039476583024378,1.6876832786165614,2.6396073452568336,2.7308328044406416,-6.605411174740894,-12.295037485053117,0.0,0.0,0.0,0.0,0.0,0.0,0.0,0.0,0.0,0.0,0.0,0.0,0.0,0.0,0.0,4,"829.3737565971954,695.3027147939134,625.7408249529587,1730.5441505505923"
45939,459.401999998,world,459.4019999984475,-0.49271115587377046,0.018787453367164256,3.4440423563627487,-0.044631792175013056,-0.7865687131271787,0.5700331729247304,-0.233194863627107,0.7317747530029433,-0.1961670845804808,-0.6372268852832481,11.524341928081538,1.1072943579780405,2.7297053523717865,2.4801663345626057,-7.131057382343098,-11.724174492209638,0.0,0.0,0.0,0.0,0.0,0.0,0.0,0.0,0.0,0.0,0.0,0.0,0.0,0.0,0.0,4,"1001.1941067950626,614.7279348380912,746.1007925794717,1661.6344986317633"
45940,459.410999998,world,459.41099999844744,-0.4860281921056502,0.016722537326436155,3.4378419550913826,-0.06869610571683302,-0.7557632576152533,0.6074718938728707,-0.2346926535974863,0.7529782644014229,-0.26369623387057006,-0.739687760327976,11.808097807461593,0.5324545299851347,2.8035610012560745,2.246961856355867,-7.786957160411556,-11.094140759398185,0.0,0.0,0.0,0.0,0.0,0.0,0.0,0.0,0.0,0.0,0.0,0.0,0.0,0.0,0.0,4,"1158.0314953571099,553.3863235791442,870.9664339916203,1596.4065485216327"
45941,459.422999998,world,459.4229999984474,-0.47684027566998116,0.012974296026451271,3.428192959926427,-0.09863750066327084,-0.7095498598840002,0.6555894094399608,-0.23877220531641147,0.7776499569334356,-0.36295164035695576,-0.8664636764764798,11.883446333164896,-0.21165071292365195,2.8778805735892488,1.8902555010308353,-8.704395169487288,-10.088843494505229,0.0,0.0,0.0,0.0,0.0,0.0,0.0,0.0,0.0,0.0,0.0,0.0,0.0,0.0,0.0,4,"1328.0527941520006,493.7440261332158,1028.0776406904724,1522.922727991955"
45942,459.431999998,world,459.43199999844734,-0.4697695036364098,0.00934363528911621,3.4199997781288465,-0.11898059417592463,-0.671793850489524,0.689462037556063,-0.24326680707208106,0.7931544483294801,-0.4448577010589067,-0.9528974996874331,11.7464290867103,-0.7695158733085138,2.9186903074805604,1.5751130647974065,-9.374198899282648,-9.199029796823076,0.0,0.0,0.0,0.0,0.0,0.0,0.0,0.0,0.0,0.0,0.0,0.0,0.0,0.0,0.0,4,"1429.6316907450118,461.2812269169952,1125.4655544998425,1493.0881410880318"
45943,459.440999998,world,459.4409999984473,-0.4625728848422761,0.004950934617925728,3.411066476802457,-0.13711961418962917,-0.6320427274552098,0.7209326880036371,-0.24895031922718455,0.8055345714869097,-0.5320524478977762,-1.0307888083996788,11.482561904289648,-1.3313541654896097,2.9500324477536264,1.2054253506799117,-9.887994238275466,-8.21003354957317,0.0,0.0,0.0,0.0,0.0,0.0,0.0,0.0,0.0,0.0,0.0,0.0,0.0,0.0,0.0,4,"1502.3833622767074,438.01254230904254,1203.53014889584,1480.7184416608538"
45944,459.452999998,world,459.45299999844724,-0.4528342753638333,-0.002157363155570258,3.3981432683333956,-0.15741827637883835,-0.5768499795374323,0.7587719356360294,-0.25831906058348236,0.8164819090761604,-0.6535521090693269,-1.1202246192020473,11.008820322706175,-2.0736237480372037,2.982375116843656,0.6608700024195446,-10.30347745488036,-6.795283439134492,0.0,0.0,0.0,0.0,0.0,0.0,0.0,0.0,0.0,0.0,0.0,0.0,0.0,0.0,0.0,4,"1554.1475813543536,469.537267130008,1282.101953173448,1487.1430065387956"
45945,459.461999998,world,459.4619999984472,-0.4454657538080491,-0.008460606324317888,3.38780380401756,-0.16950167311746916,-0.5343093783926453,0.7840277960060037,-0.2666141145213658,0.8203344066512864,-0.7474343720274866,-1.1757403534108295,10.627402092545498,-2.627982072725304,3.0021528548763023,0.23976972481831726,-10.489587534374566,-5.668807479395577,0.0,0.0,0.0,0.0,0.0,0.0,0.0,0.0,0.0,0.0,0.0,0.0,0.0,0.0,0.0,4,"1571.4454825389696,541.6490067739359,1322.9017741730736,1514.4412971113286"
45946,459.470999998,world,459.47099999844716,-0.43807971350588076,-0.015614412541857957,3.3770111272118863,-0.17880599312333753,-0.49101037079877957,0.8067382840226407,-0.2758814486032495,0.8203706190756244,-0.8423935664192348,-1.2208651410528246,10.271843426088704,-3.169734215471477,3.0197841958923854,-0.18474075453689398,-10.559143628858791,-4.493569687171073,0.0,0.0,0.0,0.0,0.0,0.0,0.0,0.0,0.0,0.0,0.0,0.0,0.0,0.0,0.0,4,"1572.3207025771053,643.1626055103025,1355.602220203853,1552.7510831808456"
45947,459.482999998,world,459.4829999984471,-0.4282637522288671,-0.026479362649698107,3.362079293206208,-0.1869901260130971,-0.43215113636401375,0.8333737317848046,-0.2894275579207456,0.8144998025455381,-0.9680818563745512,-1.2645874271896789,9.894506698503,-3.839205000953941,3.041424633677999,-0.7457556916373731,-10.370688408654294,-2.9154740926344846,0.0,0.0,0.0,0.0,0.0,0.0,0.0,0.0,0.0,0.0,0.0,0.0,0.0,0.0,0.0,4,"1547.0917771445004,796.542018910401,1388.638211503293,1603.2659062836196"
45948,459.491999998,world,459.49199999844706,-0.42097010223057063,-0.03560858556303474,3.350599401378605,-0.1901682043388634,-0.3870346994532684,0.8508487436179866,-0.3001609750806128,0.8056806858334435,-1.0602035486622048,-1.2846579651881305,9.710531644387014,-4.295681262453364,3.056217024647132,-1.1660659138666984,-10.091853422220076,-1.6891476745444223,0.0,0.0,0.0,0.0,0.0,0.0,0.0,0.0,0.0,0.0,0.0,0.0,0.0,0.0,0.0,4,"1524.7202376572393,912.0212189395157,1409.97067963386,1643.8303385290778"
45949,459.500999998,world,459.500999998447,-0.4137729248107025,-0.04555335834133118,3.3389889734470253,-0.1910621515423752,-0.3408937899284625,0.8663243978276581,-0.31107670431061474,0.7930517426175275,-1.149099324041387,-1.2935586270497004,9.617773836281462,-4.701251247203023,3.069395737800374,-1.5924737409844791,-9.669633208685635,-0.43799899049457025,0.0,0.0,0.0,0.0,0.0,0.0,0.0,0.0,0.0,0.0,0.0,0.0,0.0,0.0,0.0,4,"1502.2106634625832,1022.4365536396606,1433.9957710692904,1680.1343077153335"
45950,459.512999998,world,459.51299999844696,-0.4043865658391011,-0.06001783953340854,3.3234792613725874,-0.18922272514196,-0.2774891528492464,0.8839174216489128,-0.3253990197379152,0.7701482105185603,-1.2600268240858128,-1.2879928945530539,9.622093708673813,-5.141292254016245,3.0836801897423376,-2.1836915555251135,-8.84882171975665,1.2380535119385083,0.0,0.0,0.0,0.0,0.0,0.0,0.0,0.0,0.0,0.0,0.0,0.0,0.0,0.0,0.0,4,"1477.3606185757972,1155.633388962344,1475.2257465619402,1716.8589655967676"
45951,459.521999998,world,459.5219999984469,-0.39755110809428784,-0.07170454265368098,3.311957611265158,-0.18598625987734063,-0.22837951068886134,0.8947748104831674,-0.33560385688958705,0.7481281017387369,-1.335775574472472,-1.2705013861678593,9.69929828140441,-5.398493504635958,3.091402211112835,-2.658494923799992,-8.032063575307058,2.488706640017213,0.0,0.0,0.0,0.0,0.0,0.0,0.0,0.0,0.0,0.0,0.0,0.0,0.0,0.0,0.0,4,"1470.5116368152524,1239.5059111588644,1511.6508121584125,1738.5271415627433"
45952,459.530999998,world,459.5309999984469,-0.3909334950319888,-0.08403663671493244,3.3006430931648407,-0.1814969315679514,-0.17792047410991546,0.903504202331252,-0.345084518768503,0.7216958841594724,-1.4031377247428658,-1.2420702347670292,9.811063116563991,-5.5919420313963455,3.0963574480421814,-3.1613589532722974,-7.009413937953957,3.6704374392708683,0.0,0.0,0.0,0.0,0.0,0.0,0.0,0.0,0.0,0.0,0.0,0.0,0.0,0.0,0.0,4,"1474.3438729340069,1306.520437721679,1555.4449058345106,1749.8303408405295"
45953,459.542999998,world,459.5429999984468,-0.38251930577791776,-0.10133511944354778,3.2860399705059824,-0.17401749068800218,-0.10885919915441342,0.9115450678422646,-0.3563048932958289,0.6792676724229364,-1.476517966293878,-1.1891312269748135,9.911256201247902,-5.747742158536526,3.098806139207543,-3.858008470040142,-5.308262014223519,4.998009489512567,0.0,0.0,0.0,0.0,0.0,0.0,0.0,0.0,0.0,0.0,0.0,0.0,0.0,0.0,0.0,4,"1521.7786206526316,1335.9399783485546,1648.8946333445945,1717.0736521454494"
45954,459.551999998,world,459.5519999984468,-0.376570500460126,-0.11481607609742005,3.275553135858513,-0.1674397090992142,-0.05651898943682309,0.9146410299497056,-0.3635950136929176,0.6418950109132487,-1.517027644862983,-1.1401351540924627,9.816064334805466,-5.793226573596832,3.098482118088265,-4.387224680397872,-3.8349696898356544,5.7697062859798365,0.0,0.0,0.0,0.0,0.0,0.0,0.0,0.0,0.0,0.0,0.0,0.0,0.0,0.0,0.0,4,"1585.0929447730398,1316.2241917714005,1738.4237595320733,1661.9066167668157"
45955,459.560999998,world,459.56099999844673,-0.3709793714430096,-0.12860008882225973,3.2655354166170705,-0.15999811858821886,-0.004790390797090359,0.9151335496195027,-0.3700111357311438,0.5998003612890552,-1.5437143916087717,-1.0851700638214192,9.517321968740289,-5.784567697845143,3.0982503024390695,-4.90612418181291,-2.2584518930817143,6.348855108905926,0.0,0.0,0.0,0.0,0.0,0.0,0.0,0.0,0.0,0.0,0.0,0.0,0.0,0.0,0.0,4,"1654.8143292893585,1279.548351647048,1829.6871223035412,1596.2854298690156"
45956,459.572999998,world,459.5729999984467,-0.36415266158199505,-0.14722892591059258,3.2529851414100306,-0.14854920171118383,0.061396892807769866,0.9119537547182353,-0.3774968946625047,0.536719324041236,-1.556755531090193,-1.0056371132666482,8.806819492769096,-5.7058500475284575,3.101499541819668,-5.5411864191937665,-0.0930741278726277,6.815368896652574,0.0,0.0,0.0,0.0,0.0,0.0,0.0,0.0,0.0,0.0,0.0,0.0,0.0,0.0,0.0,4,"1737.4870677270953,1228.033723594416,1935.2413842210622,1513.7752498433329"
45957,459.581999998,world,459.58199999844663,-0.35955322089702735,-0.16121811844993192,3.2442131974554416,-0.138630533702979,0.1076141488312793,0.9070968134924768,-0.3825913499392548,0.48478109386024215,-1.549559408465586,-0.9434917698103263,8.033636199718648,-5.604225799388657,3.108735804873009,-5.943082035014813,1.5054832481955494,6.951864248584627,0.0,0.0,0.0,0.0,0.0,0.0,0.0,0.0,0.0,0.0,0.0,0.0,0.0,0.0,0.0,4,"1792.1258711589203,1188.7045477876723,2004.5253843248643,1453.844400820977"
45958,459.590999998,world,459.5909999984466,-0.35543608979702485,-0.1750789037124742,3.236003315311981,-0.12740478382134784,0.1499052205411471,0.9006329823925415,-0.3875005508907846,0.429686341216921,-1.5283477023112235,-0.8809945589002214,7.096663837455434,-5.474771482305167,3.1215640260125253,-6.248642480015554,3.02212286136605,6.914501607559909,0.0,0.0,0.0,0.0,0.0,0.0,0.0,0.0,0.0,0.0,0.0,0.0,0.0,0.0,0.0,4,"1830.9283721028619,1161.6694700586168,2056.402984625628,1407.0601594344598"
45959,459.602999998,world,459.60299999844653,-0.3507370758666962,-0.19315076506326656,3.2259228548061,-0.11024382620566803,0.1992390309515766,0.8904144894487555,-0.3940966179869137,0.35306399587138537,-1.4800199285617068,-0.7996852226179523,5.712516746771055,-5.276455415660602,3.1484178660291398,-6.466750010869548,4.836671541160076,6.623612194039841,0.0,0.0,0.0,0.0,0.0,0.0,0.0,0.0,0.0,0.0,0.0,0.0,0.0,0.0,0.0,4,"1851.0673107026887,1155.6420856359503,2091.206040085929,1375.909720497663"
45960,459.611999998,world,459.6119999984465,-0.3478221349950907,-0.20625598149338073,3.2189889254068156,-0.09568483653103128,0.23057895887302177,0.8821890020668278,-0.39927474302214233,0.29468766102175015,-1.4305104619339652,-0.7417038678986597,4.614594498771005,-5.107120214400565,3.175935659349715,-6.482242194156329,6.005923424435844,6.283957576163068,0.0,0.0,0.0,0.0,0.0,0.0,0.0,0.0,0.0,0.0,0.0,0.0,0.0,0.0,0.0,4,"1850.6007163125023,1163.7058321166662,2103.4451658966223,1360.8339759933008"
45961,459.620999998,world,459.62099999844645,-0.34543114533062536,-0.2188711246562134,3.2125618027878313,-0.07970877222763212,0.2569831464596349,0.873940559814557,-0.40476421775731114,0.2368250960685573,-1.3713917453612368,-0.6871684012115871,3.52239859021581,-4.923158182466936,3.209402575758379,-6.367990349912117,6.991304792429931,5.871670321748179,0.0,0.0,0.0,0.0,0.0,0.0,0.0,0.0,0.0,0.0,0.0,0.0,0.0,0.0,0.0,4,"1833.8947320822338,1186.0358234376256,2099.659701968131,1358.2658397779571"
45962,459.632999998,world,459.6329999984464,-0.3430399338413984,-0.23479461905143512,3.204722320590479,-0.056392511071843114,0.28486856803024424,0.8633680464780411,-0.4126322817765248,0.1623915807069534,-1.2804836615614397,-0.6206253488729749,2.176749296189574,-4.665668518768404,3.261713625676683,-6.035492281129429,8.024505130182824,5.266702515416943,0.0,0.0,0.0,0.0,0.0,0.0,0.0,0.0,0.0,0.0,0.0,0.0,0.0,0.0,0.0,4,"1787.8009428177688,1236.7880040087337,2069.248860207481,1375.97252579139"
45963,459.641999998,world,459.64199999844635,-0.3418173320697796,-0.24598444298274566,3.1993423138159067,-0.037620881126825434,0.30072449613963664,0.8559390039994169,-0.41894852685895606,0.1098579146526317,-1.205302455258346,-0.5756575315596618,1.265154529811057,-4.452825653585666,3.3054180667033335,-5.667151038603629,8.5948302408827,4.783426192918272,0.0,0.0,0.0,0.0,0.0,0.0,0.0,0.0,0.0,0.0,0.0,0.0,0.0,0.0,0.0,4,"1743.1296180545355,1275.6915611072413,2040.702322787679,1383.6526397644286"
45964,459.650999998,world,459.6509999984463,-0.34105134083316374,-0.2564770407813019,3.194347384775148,-0.017998225233871984,0.3126573865644258,0.8489860105799721,-0.4256103574334601,0.06103190243266651,-1.1257702313784326,-0.5350461874678232,0.4586504296606201,-4.2207030262129805,3.351673032266668,-5.224375439009305,9.01319022058611,4.302788231102639,0.0,0.0,0.0,0.0,0.0,0.0,0.0,0.0,0.0,0.0,0.0,0.0,0.0,0.0,0.0,4,"1690.8757553998114,1316.744781964769,2005.6357345976596,1391.56964176379"
45965,459.662999998,world,459.66299999844625,-0.3406776606525126,-0.2693261072605319,3.188220012863902,0.009030255378856884,0.3232390968925392,0.8403668520312404,-0.43499252261963267,0.0025961526890693363,-1.015057154645367,-0.4874441344961885,-0.42051838017771503,-3.8879889339768057,3.415032262459007,-4.558173288570634,9.372264575295608,3.6830054898893128,0.0,0.0,0.0,0.0,0.0,0.0,0.0,0.0,0.0,0.0,0.0,0.0,0.0,0.0,0.0,4,"1613.2068747717803,1371.8277815169718,1948.8723254744928,1404.069028112654"
45966,459.671999998,world,459.6719999984462,-0.34083048518325726,-0.2780796868545253,3.183974700737435,0.02957420823891278,0.32771700685383365,0.8342769140790929,-0.44239005443214,-0.03575600059261805,-0.9299864647389355,-0.4566416173618161,-0.9558075136465051,-3.6055483924092684,3.462515393372609,-4.024812749228036,9.508380600417809,3.225965222655669,0.0,0.0,0.0,0.0,0.0,0.0,0.0,0.0,0.0,0.0,0.0,0.0,0.0,0.0,0.0,4,"1554.0817697577004,1405.794187132183,1911.0702116889,1398.8904194968015"
45967,459.680999998,world,459.68099999844617,-0.341306832286925,-0.28606336044695124,3.1799887153096362,0.050022817633201,0.32959590704959135,0.8284126627982651,-0.4501074492692614,-0.06930034157685021,-0.8440750254632174,-0.4297531465050376,-1.3960827974461152,-3.292237415248004,3.508905708928307,-3.492003199785626,9.57069990190651,2.809643967229658,0.0,0.0,0.0,0.0,0.0,0.0,0.0,0.0,0.0,0.0,0.0,0.0,0.0,0.0,0.0,4,"1497.3256708707238,1436.2431350636575,1875.7174758692713,1389.3987350614195"
45968,459.692999998,world,459.6929999984461,-0.34237113066597297,-0.2955024883912062,3.1750205898325397,0.07667018756358841,0.3285661958913845,0.8208041647485779,-0.46091914734345524,-0.106699382672707,-0.7291541385335204,-0.3992711054833728,-1.845995937205496,-2.8385923623685803,3.5675477306492747,-2.802395066014568,9.563420483704288,2.3170005742926825,0.0,0.0,0.0,0.0,0.0,0.0,0.0,0.0,0.0,0.0,0.0,0.0,0.0,0.0,0.0,4,"1428.1428131091216,1470.1751605185082,1829.1695364443635,1375.6452760998134"
45969,459.701999998,world,459.70199999844607,-0.3434370425678653,-0.3016785165347368,3.171515533991845,0.09586284014063998,0.3254188660975097,0.8151856108072022,-0.4694521247165357,-0.12943399343320178,-0.6433946549729508,-0.38011692800072056,-2.1120250282015522,-2.456881921295042,3.6085151046439754,-2.3101478256683237,9.499772803739702,1.9893701115352158,0.0,0.0,0.0,0.0,0.0,0.0,0.0,0.0,0.0,0.0,0.0,0.0,0.0,0.0,0.0,4,"1380.6619754432716,1490.6802808368961,1803.707454458046,1354.2233338212473"
45970,459.710999998,world,459.710999998446,-0.3446880603436459,-0.3070859188022969,3.1681702523635633,0.11411494811005214,0.32036894615486894,0.8096220114081842,-0.47838657548140384,-0.14787522189870098,-0.5584086805637204,-0.3637062520770821,-2.3316629520727954,-2.041065875687181,3.646435521702656,-1.8452950972378535,9.395972047008705,1.7018180815984718,0.0,0.0,0.0,0.0,0.0,0.0,0.0,0.0,0.0,0.0,0.0,0.0,0.0,0.0,0.0,4,"1337.8978582446052,1507.3987088586553,1780.9283246722528,1331.063757676615"
45971,459.722999998,world,459.72299999844597,-0.3465795689959255,-0.3131152208483798,3.1639190877683663,0.13667598948527687,0.3108423881551899,0.8022828331158185,-0.4909571664736699,-0.16622205317763145,-0.44692788497505076,-0.34553339530940397,-2.5619830152101812,-1.4554873600338796,3.6916694156726586,-1.2679929166994897,9.183219235066264,1.3564548365621043,0.0,0.0,0.0,0.0,0.0,0.0,0.0,0.0,0.0,0.0,0.0,0.0,0.0,0.0,0.0,4,"1288.1862275277983,1521.5413919654268,1747.493065355296,1303.6946282232452"
45972,459.731999998,world,459.73199999844593,-0.3481204865030592,-0.316769134932234,3.16086011737186,0.15206053913135076,0.301677091517108,0.7968513848591847,-0.5008955932535849,-0.17560601701813472,-0.36539061773136255,-0.33460217058660374,-2.7025837992707613,-0.9824428511316143,3.721476455390626,-0.8675111417104642,8.960100032555706,1.1115901534157202,0.0,0.0,0.0,0.0,0.0,0.0,0.0,0.0,0.0,0.0,0.0,0.0,0.0,0.0,0.0,4,"1249.8866255969276,1529.5687991842085,1725.9796100756266,1276.8816827365054"
45925,459.260999998,world,459.26099999844814,-0.5516845606282385,-0.00857677737779818,3.3934085037379806,0.2641559001527134,-0.8079474867416323,0.2770075854259128,-0.4480059337764349,-0.05002123159384253,0.46547246324119046,1.4192379897117275,-1.5188696767435736,7.6027532153475725,1.1393229711064767,10.167686691850399,-2.435346112409309,-14.963929749049365,0.0,0.0,0.0,0.0,0.0,0.0,0.0,0.0,0.0,0.0,0.0,0.0,0.0,0.0,0.0,4,"758.3638031888376,1036.798782979986,1266.003030164139,1936.476123004436"
45926,459.272999998,world,459.2729999984481,-0.5515856946003772,-0.0031766115130701413,3.409352784601681,0.2488120348111246,-0.830618893037654,0.27967834907204603,-0.4122436742054203,0.06392259869054641,0.43389527368492997,1.2376940664161207,-0.7253438863104463,7.070040385651637,1.2985718829913666,8.911313241284905,-2.7776175503406164,-15.217024286872105,0.0,0.0,0.0,0.0,0.0,0.0,0.0,0.0,0.0,0.0,0.0,0.0,0.0,0.0,0.0,4,"746.541459797251,989.1540433983257,1208.0321977547337,1865.791865094331"
45927,459.281999998,world,459.28199999844804,-0.5506647352320584,0.0006129565032195922,3.419875306960694,0.23578272684782312,-0.8450179094214264,0.28310408617701555,-0.3875607241028485,0.13933779746295577,0.4079564553965096,1.1006345544763037,-0.1439081768487616,6.682771259019079,1.4133288776407968,7.975410523074655,-2.963066060299391,-15.229565079531993,0.0,0.0,0.0,0.0,0.0,0.0,0.0,0.0,0.0,0.0,0.0,0.0,0.0,0.0,0.0,4,"701.7206616153833,976.5304252660911,1142.9458713175006,1817.3508172237916"
45928,459.290999998,world,459.290999998448,-0.5491021684421461,0.00416237281161592,3.429165646759451,0.22155654785727605,-0.8573297853989361,0.2879020211911136,-0.36470640433566887,0.2065758805703273,0.38060228403439433,0.9640443834079239,0.45565591501342695,6.3195475935259235,1.5231695368619995,7.08916422329256,-3.0991501145420375,-15.129054946003695,0.0,0.0,0.0,0.0,0.0,0.0,0.0,0.0,0.0,0.0,0.0,0.0,0.0,0.0,0.0,4,"624.6170502337218,984.8528893763888,1064.3138747371943,1772.5223621947612"
45929,459.302999998,world,459.30299999844794,-0.5461402506887341,0.008501545301761388,3.439649175816048,0.2007957870993637,-0.870658861725216,0.29679879035621565,-0.33696390967815154,0.28517485381090757,0.3422225777501286,0.7835435854631655,1.2985033238480306,5.882361685534415,1.6595066355549606,6.127463683322564,-3.2840480214378354,-14.963481570680726,0.0,0.0,0.0,0.0,0.0,0.0,0.0,0.0,0.0,0.0,0.0,0.0,0.0,0.0,0.0,4,"548.7092656775188,1025.4124408228242,937.8883556380399,1721.7291985766283"
45930,459.311999998,world,459.3119999984479,-0.5433332827915424,0.01144510438880764,3.4460955489694016,0.18389662855920416,-0.8783268920958164,0.30575155939284054,-0.31818215624812873,0.33785995923317375,0.3115821999625082,0.6490666647675409,2.024550529241052,5.5615367651534635,1.7517755506157724,5.631544200413396,-3.4952554229423227,-14.908409528890386,0.0,0.0,0.0,0.0,0.0,0.0,0.0,0.0,0.0,0.0,0.0,0.0,0.0,0.0,0.0,4,"503.12628511920377,1090.5564708446448,802.4199773393134,1714.5897596876407"
45931,459.320999998,world,459.32099999844786,-0.5400672651074145,0.01410138881707443,3.4513305970670136,0.16583117184289195,-0.8838554206966333,0.31715579201061794,-0.30118403235315844,0.3876469588316879,0.278085378449424,0.5140467666263768,2.860597081785756,5.242959143239632,1.8372382955062485,5.4363944289268495,-3.8973321442536957,-15.053899932700121,0.0,0.0,0.0,0.0,0.0,0.0,0.0,0.0,0.0,0.0,0.0,0.0,0.0,0.0,0.0,4,"468.4239443251567,1179.3818810245502,696.2763483960944,1739.1007296351604"
45932,459.332999998,world,459.3329999984478,-0.5350277824171971,0.01713939377933747,3.456408455119918,0.13983163013969685,-0.8875375681771445,0.337032658816463,-0.2813061804827287,0.45259499688260235,0.22633227008205276,0.33120562408423254,4.165172795966336,4.825115078089714,1.9465826399647537,5.484352282970117,-4.762251065652478,-15.471090522492458,0.0,0.0,0.0,0.0,0.0,0.0,0.0,0.0,0.0,0.0,0.0,0.0,0.0,0.0,0.0,4,"434.68294389770773,1308.0361248488061,593.0731595737859,1820.0399170020478"
45933,459.341999998,world,459.34199999844776,-0.5307311071709058,0.018971092616185542,3.458757887255785,0.11878677088639464,-0.8870751374178178,0.3561841271110608,-0.26855217599504716,0.5022010447057232,0.179600154804646,0.19060090572274527,5.316716348543765,4.483310869965596,2.0334926436916216,5.482317680989945,-5.506164952129744,-15.679490829071856,0.0,0.0,0.0,0.0,0.0,0.0,0.0,0.0,0.0,0.0,0.0,0.0,0.0,0.0,0.0,4,"416.3180020839939,1354.5959143577172,536.9005347641928,1891.1821603027133"
45934,459.350999998,world,459.3509999984477,-0.5259933863494541,0.020355693942927792,3.459840361503811,0.09639141925111107,-0.8833601648847617,0.37941476069874297,-0.25773620768809163,0.5500912456723487,0.12738484322480728,0.050345314720474044,6.535820559056959,4.100514740212497,2.1284945263021475,5.144362689101012,-5.9912861654766445,-15.440510219528692,0.0,0.0,0.0,0.0,0.0,0.0,0.0,0.0,0.0,0.0,0.0,0.0,0.0,0.0,0.0,4,"402.3367647520685,1320.1358785793182,494.13629369082,1918.9016907241614"
45935,459.362999998,world,459.36299999844766,-0.5190419528722691,0.02144474322620404,3.4593531641466955,0.0646394892936291,-0.872677277026208,0.41661297108679196,-0.24635287477157147,0.6068537034736927,0.05376495377172313,-0.1297812395897084,8.113289711097538,3.5258618582882604,2.2677153788313573,4.339292764649505,-6.182852452905632,-14.575963010330373,0.0,0.0,0.0,0.0,0.0,0.0,0.0,0.0,0.0,0.0,0.0,0.0,0.0,0.0,0.0,4,"388.74284215207837,1173.418378915321,452.5567274909595,1902.5513636403643"
45936,459.371999998,world,459.3719999984476,-0.5134147573512919,0.021678435651875563,3.4576070915333417,0.03973577774674654,-0.8599531184573177,0.4486050770429409,-0.2401149451277304,0.6426572081351382,-0.0017465097215231254,-0.2570313105355864,9.178855011818161,3.0187696222716296,2.382238732036279,3.6880972110314714,-6.132576787067369,-13.777920638010865,0.0,0.0,0.0,0.0,0.0,0.0,0.0,0.0,0.0,0.0,0.0,0.0,0.0,0.0,0.0,4,"462.80629701031825,995.5926484241511,443.1907995788148,1871.094110188472"
45937,459.380999998,world,459.3809999984476,-0.5074895365753878,0.02141312672262594,3.454746745551768,0.01431803563273098,-0.8429448404522665,0.4833174176439981,-0.23588824390473553,0.6733374544974626,-0.05736360536481096,-0.37758530520096295,10.094813671791135,2.456299855761478,2.4980726151254653,3.196995007388348,-6.2222355179362765,-13.09278498939248,0.0,0.0,0.0,0.0,0.0,0.0,0.0,0.0,0.0,0.0,0.0,0.0,0.0,0.0,0.0,4,"607.5561029311432,843.3387778812935,490.0382719429307,1822.1443845177876"
45938,459.392999998,world,459.3929999984475,-0.49919373753976015,0.02026988317440544,3.4492958517754975,-0.01965123417778582,-0.8135239715974514,0.5323579377974097,-0.23321149777763597,0.7084260702944406,-0.13406264101961926,-0.529357449132039,11.039476583024378,1.6876832786165614,2.6396073452568336,2.7308328044406416,-6.605411174740894,-12.295037485053117,0.0,0.0,0.0,0.0,0.0,0.0,0.0,0.0,0.0,0.0,0.0,0.0,0.0,0.0,0.0,4,"829.3737565971954,695.3027147939134,625.7408249529587,1730.5441505505923"
45939,459.401999998,world,459.4019999984475,-0.49271115587377046,0.018787453367164256,3.4440423563627487,-0.044631792175013056,-0.7865687131271787,0.5700331729247304,-0.233194863627107,0.7317747530029433,-0.1961670845804808,-0.6372268852832481,11.524341928081538,1.1072943579780405,2.7297053523717865,2.4801663345626057,-7.131057382343098,-11.724174492209638,0.0,0.0,0.0,0.0,0.0,0.0,0.0,0.0,0.0,0.0,0.0,0.0,0.0,0.0,0.0,4,"1001.1941067950626,614.7279348380912,746.1007925794717,1661.6344986317633"
45940,459.410999998,world,459.41099999844744,-0.4860281921056502,0.016722537326436155,3.4378419550913826,-0.06869610571683302,-0.7557632576152533,0.6074718938728707,-0.2346926535974863,0.7529782644014229,-0.26369623387057006,-0.739687760327976,11.808097807461593,0.5324545299851347,2.8035610012560745,2.246961856355867,-7.786957160411556,-11.094140759398185,0.0,0.0,0.0,0.0,0.0,0.0,0.0,0.0,0.0,0.0,0.0,0.0,0.0,0.0,0.0,4,"1158.0314953571099,553.3863235791442,870.9664339916203,1596.4065485216327"
45973,459.740999998,world,459.7409999984459,-0.34973012075351856,-0.3196988815530702,3.1578900453956673,0.16596521926314534,0.29080385118762153,0.7915059212089847,-0.5112798087353935,-0.18153736509968832,-0.286061364683073,-0.32573726903578626,-2.818837921820371,-0.48678167948072365,3.7473804038591045,-0.49701905563453996,8.697001911477042,0.8938444582883842,0.0,0.0,0.0,0.0,0.0,0.0,0.0,0.0,0.0,0.0,0.0,0.0,0.0,0.0,0.0,4,"1215.0131441074213,1536.1923476290212,1701.6708507427702,1251.8486605470737"
45974,459.752999998,world,459.75299999844583,-0.35193191514124117,-0.32251548506975525,3.15403922123635,0.18203594164915898,0.27373270731586824,0.784526679146796,-0.5257862784443212,-0.18453296197181243,-0.18416285855783054,-0.3165234532258171,-2.9328614364810384,0.1804128059323488,3.775121554499001,-0.047457720930121905,8.30878511200811,0.6688858721316526,0.0,0.0,0.0,0.0,0.0,0.0,0.0,0.0,0.0,0.0,0.0,0.0,0.0,0.0,0.0,4,"1178.4740969032625,1542.1897633706812,1661.77135117641,1230.3507946410482"
45975,459.761999998,world,459.7619999984458,-0.3535897027000781,-0.32384153329883913,3.1512153065250987,0.19212254849313687,0.2590791772484149,0.7794008378122431,-0.5371231146528327,-0.18340537765385093,-0.11100370701363291,-0.3112085911006855,-2.985279642034526,0.6926561139621206,3.7902872742345814,0.2598842493665987,7.983689198999805,0.5362093349079999,0.0,0.0,0.0,0.0,0.0,0.0,0.0,0.0,0.0,0.0,0.0,0.0,0.0,0.0,0.0,4,"1149.7724270907247,1550.1832783876139,1631.06857414136,1214.6984371173055"
45976,459.770999998,world,459.77099999844575,-0.3552252732803383,-0.32452266958105397,3.1484344170034295,0.20041680649930183,0.24292115178484747,0.7743555747284816,-0.5488131390328289,-0.17963090797383524,-0.04088362163691473,-0.30691116794152923,-3.004457874979475,1.2064969702600705,3.8003575060543016,0.5437299194212264,7.6355372487411435,0.43778247472420206,0.0,0.0,0.0,0.0,0.0,0.0,0.0,0.0,0.0,0.0,0.0,0.0,0.0,0.0,0.0,4,"1124.1655070895447,1558.1731627997312,1596.0760848627085,1205.7768525822373"
45977,459.782999998,world,459.7829999984457,-0.3573321285671891,-0.3244765860100409,3.1447805820986967,0.208590572362106,0.2192507011179676,0.767695493866501,-0.5648563816387293,-0.17082387705060614,0.0475684397366402,-0.30222183361546934,-2.973021620971322,1.8648771072872885,3.8059603959448003,0.8893053941423923,7.141120878824472,0.35794805935707164,0.0,0.0,0.0,0.0,0.0,0.0,0.0,0.0,0.0,0.0,0.0,0.0,0.0,0.0,0.0,4,"1099.957033971562,1564.794036643035,1540.748324755223,1208.3657769419115"
45978,459.791999998,world,459.79199999844565,-0.35882973464216683,-0.32376535998866796,3.14207456845871,0.21248595581037097,0.2001115105206753,0.7626888555266133,-0.5771575275399184,-0.1616245054605647,0.10989513541149382,-0.2991481679904585,-2.8968654087520394,2.3422605638248077,3.8042176196157422,1.1256574625159999,6.750651228656978,0.33349028749302123,0.0,0.0,0.0,0.0,0.0,0.0,0.0,0.0,0.0,0.0,0.0,0.0,0.0,0.0,0.0,4,"1080.8955591851309,1573.734626328067,1496.670746593451,1214.7461319280112"
45979,459.800999998,world,459.8009999984456,-0.3602352763568851,-0.322509252463743,3.1393956681193056,0.21439328648670708,0.17999451222406654,0.7576113320174164,-0.5896291748865938,-0.15039405109076368,0.16862914017695993,-0.2961579635039733,-2.7718119150485343,2.7964682360053534,3.797632702976338,1.3427361266211135,6.344236416894466,0.33524488895481097,0.0,0.0,0.0,0.0,0.0,0.0,0.0,0.0,0.0,0.0,0.0,0.0,0.0,0.0,0.0,4,"1066.6433466508142,1581.2469287827478,1448.5970345915787,1227.5881710454726"
45980,459.812999998,world,459.81299999844555,-0.36193610167984375,-0.32004400540806205,3.135866652741503,0.2138085764177629,0.15204220995665904,0.7506201795464448,-0.6064143839812575,-0.1325605324782915,0.24111457154466265,-0.29193585595261856,-2.5347846271253447,3.341056507837047,3.782383813774497,1.6022655027168042,5.779887396497624,0.3713851338419949,0.0,0.0,0.0,0.0,0.0,0.0,0.0,0.0,0.0,0.0,0.0,0.0,0.0,0.0,0.0,4,"1060.9363383243438,1583.8052761946894,1379.3042812496763,1254.2151720585991"
45981,459.821999998,world,459.8219999984455,-0.36306147604454764,-0.31764673799386367,3.1332549716912856,0.21101475486655816,0.1305634110599825,0.7451256006457952,-0.6190426545749745,-0.11726698830111065,0.29095421775105723,-0.28836382918516995,-2.296459035329786,3.7033576981636913,3.7665043330109675,1.7738042434624761,5.34223914916615,0.4195064755569966,0.0,0.0,0.0,0.0,0.0,0.0,0.0,0.0,0.0,0.0,0.0,0.0,0.0,0.0,0.0,4,"1058.3708307520833,1587.1107066070558,1324.3871001875737,1277.6619896076786"
45982,459.830999998,world,459.83099999844546,-0.3640425917999194,-0.3148188118765262,3.1306776252971837,0.2061987083094091,0.10895084290597357,0.7393476963849073,-0.6316460958257718,-0.10053529311943499,0.33680042823563033,-0.2842853470917801,-2.0095745962603484,4.018210099980335,3.7475660440614114,1.9239368919912736,4.893802986135398,0.48155444542208325,0.0,0.0,0.0,0.0,0.0,0.0,0.0,0.0,0.0,0.0,0.0,0.0,0.0,0.0,0.0,4,"1062.7792800650016,1586.6404339438473,1268.127419587332,1303.6371841007099"
45983,459.842999998,world,459.8429999984454,-0.36510578865352783,-0.31044131232533123,3.1273033524485623,0.19672363984616445,0.08040108755242655,0.7311100058490042,-0.6483159985636116,-0.07633760412399353,0.3915583078375104,-0.2778962596161855,-1.5730474747433025,4.348724399788475,3.7192049950737522,2.088654654531605,4.281685480088782,0.5783659741411817,0.0,0.0,0.0,0.0,0.0,0.0,0.0,0.0,0.0,0.0,0.0,0.0,0.0,0.0,0.0,4,"1083.3591347913407,1575.793257282074,1195.3612756617085,1338.7687620748043"
45984,459.851999998,world,459.85199999844536,-0.36570663091100597,-0.30675119218381874,3.1248269877839467,0.18743385305345453,0.059550977801417215,0.72447311851296,-0.6606518995087638,-0.05704101167960697,0.42776935174399155,-0.2722841491460385,-1.2035327568493122,4.526967031261721,3.6961108068784547,2.184555845867353,3.815882967586004,0.6597322310735731,0.0,0.0,0.0,0.0,0.0,0.0,0.0,0.0,0.0,0.0,0.0,0.0,0.0,0.0,0.0,4,"1102.586921279205,1566.7475106527154,1139.603831158852,1365.800382339995"
45985,459.860999998,world,459.8609999984453,-0.3661303179137079,-0.3027541047450478,3.1224044865780103,0.17638473575027938,0.03949141765968633,0.717406134094093,-0.6727981061876591,-0.03700841459622711,0.4597678304734951,-0.2659228468596599,-0.8083489825642369,4.641669454671976,3.6721430296417314,2.254776312650142,3.3463388193764043,0.7437807841375044,0.0,0.0,0.0,0.0,0.0,0.0,0.0,0.0,0.0,0.0,0.0,0.0,0.0,0.0,0.0,4,"1128.3569068704778,1553.1413010685653,1086.734327978128,1390.8220924948318"
45986,459.872999998,world,459.87299999844527,-0.366410386225157,-0.297012941736574,3.1192698413180113,0.15918503741778597,0.014381669519597962,0.7072817977574483,-0.6886259870242477,-0.00956898843118308,0.4958376293750158,-0.2562980199258958,-0.2722231158070962,4.694157353733113,3.6398667741490214,2.3065971846613076,2.718278346602321,0.8518547269312227,0.0,0.0,0.0,0.0,0.0,0.0,0.0,0.0,0.0,0.0,0.0,0.0,0.0,0.0,0.0,4,"1173.2985174458179,1525.9213437267933,1027.1108948604667,1416.7308811412872"
45987,459.881999998,world,459.8819999984452,-0.3664028571274871,-0.2924476839192434,3.116998946476922,0.14467768474353349,-0.0029453307341944257,0.699152701654589,-0.700175115476983,0.011251954475365407,0.5179635348123119,-0.24822708266326132,0.1341034046572596,4.655933662766761,3.6153474216979773,2.314600499245896,2.2509729743930285,0.9306434914726214,0.0,0.0,0.0,0.0,0.0,0.0,0.0,0.0,0.0,0.0,0.0,0.0,0.0,0.0,0.0,4,"1209.874906122628,1504.244673473507,983.482722016499,1434.4274462809035"
45988,459.890999998,world,459.8909999984452,-0.3662080443466447,-0.28770213110338644,3.114803785506803,0.12902131993318144,-0.018763011432989928,0.690569084177783,-0.7114181529751143,0.03200859279483255,0.5359130980459351,-0.23947909637186449,0.531975452090866,4.553142480114808,3.5905575632729363,2.295278284307752,1.7900966069478441,1.0023830538821443,0.0,0.0,0.0,0.0,0.0,0.0,0.0,0.0,0.0,0.0,0.0,0.0,0.0,0.0,0.0,4,"1249.5570214128502,1479.6965988230309,946.3031776771948,1447.1653855503068"
45941,459.422999998,world,459.4229999984474,-0.47684027566998116,0.012974296026451271,3.428192959926427,-0.09863750066327084,-0.7095498598840002,0.6555894094399608,-0.23877220531641147,0.7776499569334356,-0.36295164035695576,-0.8664636764764798,11.883446333164896,-0.21165071292365195,2.8778805735892488,1.8902555010308353,-8.704395169487288,-10.088843494505229,0.0,0.0,0.0,0.0,0.0,0.0,0.0,0.0,0.0,0.0,0.0,0.0,0.0,0.0,0.0,4,"1328.0527941520006,493.7440261332158,1028.0776406904724,1522.922727991955"
45942,459.431999998,world,459.43199999844734,-0.4697695036364098,0.00934363528911621,3.4199997781288465,-0.11898059417592463,-0.671793850489524,0.689462037556063,-0.24326680707208106,0.7931544483294801,-0.4448577010589067,-0.9528974996874331,11.7464290867103,-0.7695158733085138,2.9186903074805604,1.5751130647974065,-9.374198899282648,-9.199029796823076,0.0,0.0,0.0,0.0,0.0,0.0,0.0,0.0,0.0,0.0,0.0,0.0,0.0,0.0,0.0,4,"1429.6316907450118,461.2812269169952,1125.4655544998425,1493.0881410880318"
45943,459.440999998,world,459.4409999984473,-0.4625728848422761,0.004950934617925728,3.411066476802457,-0.13711961418962917,-0.6320427274552098,0.7209326880036371,-0.24895031922718455,0.8055345714869097,-0.5320524478977762,-1.0307888083996788,11.482561904289648,-1.3313541654896097,2.9500324477536264,1.2054253506799117,-9.887994238275466,-8.21003354957317,0.0,0.0,0.0,0.0,0.0,0.0,0.0,0.0,0.0,0.0,0.0,0.0,0.0,0.0,0.0,4,"1502.3833622767074,438.01254230904254,1203.53014889584,1480.7184416608538"
45944,459.452999998,world,459.45299999844724,-0.4528342753638333,-0.002157363155570258,3.3981432683333956,-0.15741827637883835,-0.5768499795374323,0.7587719356360294,-0.25831906058348236,0.8164819090761604,-0.6535521090693269,-1.1202246192020473,11.008820322706175,-2.0736237480372037,2.982375116843656,0.6608700024195446,-10.30347745488036,-6.795283439134492,0.0,0.0,0.0,0.0,0.0,0.0,0.0,0.0,0.0,0.0,0.0,0.0,0.0,0.0,0.0,4,"1554.1475813543536,469.537267130008,1282.101953173448,1487.1430065387956"
45945,459.461999998,world,459.4619999984472,-0.4454657538080491,-0.008460606324317888,3.38780380401756,-0.16950167311746916,-0.5343093783926453,0.7840277960060037,-0.2666141145213658,0.8203344066512864,-0.7474343720274866,-1.1757403534108295,10.627402092545498,-2.627982072725304,3.0021528548763023,0.23976972481831726,-10.489587534374566,-5.668807479395577,0.0,0.0,0.0,0.0,0.0,0.0,0.0,0.0,0.0,0.0,0.0,0.0,0.0,0.0,0.0,4,"1571.4454825389696,541.6490067739359,1322.9017741730736,1514.4412971113286"
45946,459.470999998,world,459.47099999844716,-0.43807971350588076,-0.015614412541857957,3.3770111272118863,-0.17880599312333753,-0.49101037079877957,0.8067382840226407,-0.2758814486032495,0.8203706190756244,-0.8423935664192348,-1.2208651410528246,10.271843426088704,-3.169734215471477,3.0197841958923854,-0.18474075453689398,-10.559143628858791,-4.493569687171073,0.0,0.0,0.0,0.0,0.0,0.0,0.0,0.0,0.0,0.0,0.0,0.0,0.0,0.0,0.0,4,"1572.3207025771053,643.1626055103025,1355.602220203853,1552.7510831808456"
45947,459.482999998,world,459.4829999984471,-0.4282637522288671,-0.026479362649698107,3.362079293206208,-0.1869901260130971,-0.43215113636401375,0.8333737317848046,-0.2894275579207456,0.8144998025455381,-0.9680818563745512,-1.2645874271896789,9.894506698503,-3.839205000953941,3.041424633677999,-0.7457556916373731,-10.370688408654294,-2.9154740926344846,0.0,0.0,0.0,0.0,0.0,0.0,0.0,0.0,0.0,0.0,0.0,0.0,0.0,0.0,0.0,4,"1547.0917771445004,796.542018910401,1388.638211503293,1603.2659062836196"
45948,459.491999998,world,459.49199999844706,-0.42097010223057063,-0.03560858556303474,3.350599401378605,-0.1901682043388634,-0.3870346994532684,0.8508487436179866,-0.3001609750806128,0.8056806858334435,-1.0602035486622048,-1.2846579651881305,9.710531644387014,-4.295681262453364,3.056217024647132,-1.1660659138666984,-10.091853422220076,-1.6891476745444223,0.0,0.0,0.0,0.0,0.0,0.0,0.0,0.0,0.0,0.0,0.0,0.0,0.0,0.0,0.0,4,"1524.7202376572393,912.0212189395157,1409.97067963386,1643.8303385290778"
45949,459.500999998,world,459.500999998447,-0.4137729248107025,-0.04555335834133118,3.3389889734470253,-0.1910621515423752,-0.3408937899284625,0.8663243978276581,-0.31107670431061474,0.7930517426175275,-1.149099324041387,-1.2935586270497004,9.617773836281462,-4.701251247203023,3.069395737800374,-1.5924737409844791,-9.669633208685635,-0.43799899049457025,0.0,0.0,0.0,0.0,0.0,0.0,0.0,0.0,0.0,0.0,0.0,0.0,0.0,0.0,0.0,4,"1502.2106634625832,1022.4365536396606,1433.9957710692904,1680.1343077153335"
45950,459.512999998,world,459.51299999844696,-0.4043865658391011,-0.06001783953340854,3.3234792613725874,-0.18922272514196,-0.2774891528492464,0.8839174216489128,-0.3253990197379152,0.7701482105185603,-1.2600268240858128,-1.2879928945530539,9.622093708673813,-5.141292254016245,3.0836801897423376,-2.1836915555251135,-8.84882171975665,1.2380535119385083,0.0,0.0,0.0,0.0,0.0,0.0,0.0,0.0,0.0,0.0,0.0,0.0,0.0,0.0,0.0,4,"1477.3606185757972,1155.633388962344,1475.2257465619402,1716.8589655967676"
45951,459.521999998,world,459.5219999984469,-0.39755110809428784,-0.07170454265368098,3.311957611265158,-0.18598625987734063,-0.22837951068886134,0.8947748104831674,-0.33560385688958705,0.7481281017387369,-1.335775574472472,-1.2705013861678593,9.69929828140441,-5.398493504635958,3.091402211112835,-2.658494923799992,-8.032063575307058,2.488706640017213,0.0,0.0,0.0,0.0,0.0,0.0,0.0,0.0,0.0,0.0,0.0,0.0,0.0,0.0,0.0,4,"1470.5116368152524,1239.5059111588644,1511.6508121584125,1738.5271415627433"
45952,459.530999998,world,459.5309999984469,-0.3909334950319888,-0.08403663671493244,3.3006430931648407,-0.1814969315679514,-0.17792047410991546,0.903504202331252,-0.345084518768503,0.7216958841594724,-1.4031377247428658,-1.2420702347670292,9.811063116563991,-5.5919420313963455,3.0963574480421814,-3.1613589532722974,-7.009413937953957,3.6704374392708683,0.0,0.0,0.0,0.0,0.0,0.0,0.0,0.0,0.0,0.0,0.0,0.0,0.0,0.0,0.0,4,"1474.3438729340069,1306.520437721679,1555.4449058345106,1749.8303408405295"
45953,459.542999998,world,459.5429999984468,-0.38251930577791776,-0.10133511944354778,3.2860399705059824,-0.17401749068800218,-0.10885919915441342,0.9115450678422646,-0.3563048932958289,0.6792676724229364,-1.476517966293878,-1.1891312269748135,9.911256201247902,-5.747742158536526,3.098806139207543,-3.858008470040142,-5.308262014223519,4.998009489512567,0.0,0.0,0.0,0.0,0.0,0.0,0.0,0.0,0.0,0.0,0.0,0.0,0.0,0.0,0.0,4,"1521.7786206526316,1335.9399783485546,1648.8946333445945,1717.0736521454494"
45954,459.551999998,world,459.5519999984468,-0.376570500460126,-0.11481607609742005,3.275553135858513,-0.1674397090992142,-0.05651898943682309,0.9146410299497056,-0.3635950136929176,0.6418950109132487,-1.517027644862983,-1.1401351540924627,9.816064334805466,-5.793226573596832,3.098482118088265,-4.387224680397872,-3.8349696898356544,5.7697062859798365,0.0,0.0,0.0,0.0,0.0,0.0,0.0,0.0,0.0,0.0,0.0,0.0,0.0,0.0,0.0,4,"1585.0929447730398,1316.2241917714005,1738.4237595320733,1661.9066167668157"
45955,459.560999998,world,459.56099999844673,-0.3709793714430096,-0.12860008882225973,3.2655354166170705,-0.15999811858821886,-0.004790390797090359,0.9151335496195027,-0.3700111357311438,0.5998003612890552,-1.5437143916087717,-1.0851700638214192,9.517321968740289,-5.784567697845143,3.0982503024390695,-4.90612418181291,-2.2584518930817143,6.348855108905926,0.0,0.0,0.0,0.0,0.0,0.0,0.0,0.0,0.0,0.0,0.0,0.0,0.0,0.0,0.0,4,"1654.8143292893585,1279.548351647048,1829.6871223035412,1596.2854298690156"
45956,459.572999998,world,459.5729999984467,-0.36415266158199505,-0.14722892591059258,3.2529851414100306,-0.14854920171118383,0.061396892807769866,0.9119537547182353,-0.3774968946625047,0.536719324041236,-1.556755531090193,-1.0056371132666482,8.806819492769096,-5.7058500475284575,3.101499541819668,-5.5411864191937665,-0.0930741278726277,6.815368896652574,0.0,0.0,0.0,0.0,0.0,0.0,0.0,0.0,0.0,0.0,0.0,0.0,0.0,0.0,0.0,4,"1737.4870677270953,1228.033723594416,1935.2413842210622,1513.7752498433329"
45957,459.581999998,world,459.58199999844663,-0.35955322089702735,-0.16121811844993192,3.2442131974554416,-0.138630533702979,0.1076141488312793,0.9070968134924768,-0.3825913499392548,0.48478109386024215,-1.549559408465586,-0.9434917698103263,8.033636199718648,-5.604225799388657,3.108735804873009,-5.943082035014813,1.5054832481955494,6.951864248584627,0.0,0.0,0.0,0.0,0.0,0.0,0.0,0.0,0.0,0.0,0.0,0.0,0.0,0.0,0.0,4,"1792.1258711589203,1188.7045477876723,2004.5253843248643,1453.844400820977"
45958,459.590999998,world,459.5909999984466,-0.35543608979702485,-0.1750789037124742,3.236003315311981,-0.12740478382134784,0.1499052205411471,0.9006329823925415,-0.3875005508907846,0.429686341216921,-1.5283477023112235,-0.8809945589002214,7.096663837455434,-5.474771482305167,3.1215640260125253,-6.248642480015554,3.02212286136605,6.914501607559909,0.0,0.0,0.0,0.0,0.0,0.0,0.0,0.0,0.0,0.0,0.0,0.0,0.0,0.0,0.0,4,"1830.9283721028619,1161.6694700586168,2056.402984625628,1407.0601594344598"
45959,459.602999998,world,459.60299999844653,-0.3507370758666962,-0.19315076506326656,3.2259228548061,-0.11024382620566803,0.1992390309515766,0.8904144894487555,-0.3940966179869137,0.35306399587138537,-1.4800199285617068,-0.7996852226179523,5.712516746771055,-5.276455415660602,3.1484178660291398,-6.466750010869548,4.836671541160076,6.623612194039841,0.0,0.0,0.0,0.0,0.0,0.0,0.0,0.0,0.0,0.0,0.0,0.0,0.0,0.0,0.0,4,"1851.0673107026887,1155.6420856359503,2091.206040085929,1375.909720497663"
45960,459.611999998,world,459.6119999984465,-0.3478221349950907,-0.20625598149338073,3.2189889254068156,-0.09568483653103128,0.23057895887302177,0.8821890020668278,-0.39927474302214233,0.29468766102175015,-1.4305104619339652,-0.7417038678986597,4.614594498771005,-5.107120214400565,3.175935659349715,-6.482242194156329,6.005923424435844,6.283957576163068,0.0,0.0,0.0,0.0,0.0,0.0,0.0,0.0,0.0,0.0,0.0,0.0,0.0,0.0,0.0,4,"1850.6007163125023,1163.7058321166662,2103.4451658966223,1360.8339759933008"
45961,459.620999998,world,459.62099999844645,-0.34543114533062536,-0.2188711246562134,3.2125618027878313,-0.07970877222763212,0.2569831464596349,0.873940559814557,-0.40476421775731114,0.2368250960685573,-1.3713917453612368,-0.6871684012115871,3.52239859021581,-4.923158182466936,3.209402575758379,-6.367990349912117,6.991304792429931,5.871670321748179,0.0,0.0,0.0,0.0,0.0,0.0,0.0,0.0,0.0,0.0,0.0,0.0,0.0,0.0,0.0,4,"1833.8947320822338,1186.0358234376256,2099.659701968131,1358.2658397779571"
45962,459.632999998,world,459.6329999984464,-0.3430399338413984,-0.23479461905143512,3.204722320590479,-0.056392511071843114,0.28486856803024424,0.8633680464780411,-0.4126322817765248,0.1623915807069534,-1.2804836615614397,-0.6206253488729749,2.176749296189574,-4.665668518768404,3.261713625676683,-6.035492281129429,8.024505130182824,5.266702515416943,0.0,0.0,0.0,0.0,0.0,0.0,0.0,0.0,0.0,0.0,0.0,0.0,0.0,0.0,0.0,4,"1787.8009428177688,1236.7880040087337,2069.248860207481,1375.97252579139"
45963,459.641999998,world,459.64199999844635,-0.3418173320697796,-0.24598444298274566,3.1993423138159067,-0.037620881126825434,0.30072449613963664,0.8559390039994169,-0.41894852685895606,0.1098579146526317,-1.205302455258346,-0.5756575315596618,1.265154529811057,-4.452825653585666,3.3054180667033335,-5.667151038603629,8.5948302408827,4.783426192918272,0.0,0.0,0.0,0.0,0.0,0.0,0.0,0.0,0.0,0.0,0.0,0.0,0.0,0.0,0.0,4,"1743.1296180545355,1275.6915611072413,2040.702322787679,1383.6526397644286"
45964,459.650999998,world,459.6509999984463,-0.34105134083316374,-0.2564770407813019,3.194347384775148,-0.017998225233871984,0.3126573865644258,0.8489860105799721,-0.4256103574334601,0.06103190243266651,-1.1257702313784326,-0.5350461874678232,0.4586504296606201,-4.2207030262129805,3.351673032266668,-5.224375439009305,9.01319022058611,4.302788231102639,0.0,0.0,0.0,0.0,0.0,0.0,0.0,0.0,0.0,0.0,0.0,0.0,0.0,0.0,0.0,4,"1690.8757553998114,1316.744781964769,2005.6357345976596,1391.56964176379"
45965,459.662999998,world,459.66299999844625,-0.3406776606525126,-0.2693261072605319,3.188220012863902,0.009030255378856884,0.3232390968925392,0.8403668520312404,-0.43499252261963267,0.0025961526890693363,-1.015057154645367,-0.4874441344961885,-0.42051838017771503,-3.8879889339768057,3.415032262459007,-4.558173288570634,9.372264575295608,3.6830054898893128,0.0,0.0,0.0,0.0,0.0,0.0,0.0,0.0,0.0,0.0,0.0,0.0,0.0,0.0,0.0,4,"1613.2068747717803,1371.8277815169718,1948.8723254744928,1404.069028112654"
45966,459.671999998,world,459.6719999984462,-0.34083048518325726,-0.2780796868545253,3.183974700737435,0.02957420823891278,0.32771700685383365,0.8342769140790929,-0.44239005443214,-0.03575600059261805,-0.9299864647389355,-0.4566416173618161,-0.9558075136465051,-3.6055483924092684,3.462515393372609,-4.024812749228036,9.508380600417809,3.225965222655669,0.0,0.0,0.0,0.0,0.0,0.0,0.0,0.0,0.0,0.0,0.0,0.0,0.0,0.0,0.0,4,"1554.0817697577004,1405.794187132183,1911.0702116889,1398.8904194968015"
45967,459.680999998,world,459.68099999844617,-0.341306832286925,-0.28606336044695124,3.1799887153096362,0.050022817633201,0.32959590704959135,0.8284126627982651,-0.4501074492692614,-0.06930034157685021,-0.8440750254632174,-0.4297531465050376,-1.3960827974461152,-3.292237415248004,3.508905708928307,-3.492003199785626,9.57069990190651,2.809643967229658,0.0,0.0,0.0,0.0,0.0,0.0,0.0,0.0,0.0,0.0,0.0,0.0,0.0,0.0,0.0,4,"1497.3256708707238,1436.2431350636575,1875.7174758692713,1389.3987350614195"
45968,459.692999998,world,459.6929999984461,-0.34237113066597297,-0.2955024883912062,3.1750205898325397,0.07667018756358841,0.3285661958913845,0.8208041647485779,-0.46091914734345524,-0.106699382672707,-0.7291541385335204,-0.3992711054833728,-1.845995937205496,-2.8385923623685803,3.5675477306492747,-2.802395066014568,9.563420483704288,2.3170005742926825,0.0,0.0,0.0,0.0,0.0,0.0,0.0,0.0,0.0,0.0,0.0,0.0,0.0,0.0,0.0,4,"1428.1428131091216,1470.1751605185082,1829.1695364443635,1375.6452760998134"
45969,459.701999998,world,459.70199999844607,-0.3434370425678653,-0.3016785165347368,3.171515533991845,0.09586284014063998,0.3254188660975097,0.8151856108072022,-0.4694521247165357,-0.12943399343320178,-0.6433946549729508,-0.38011692800072056,-2.1120250282015522,-2.456881921295042,3.6085151046439754,-2.3101478256683237,9.499772803739702,1.9893701115352158,0.0,0.0,0.0,0.0,0.0,0.0,0.0,0.0,0.0,0.0,0.0,0.0,0.0,0.0,0.0,4,"1380.6619754432716,1490.6802808368961,1803.707454458046,1354.2233338212473"
45970,459.710999998,world,459.710999998446,-0.3446880603436459,-0.3070859188022969,3.1681702523635633,0.11411494811005214,0.32036894615486894,0.8096220114081842,-0.47838657548140384,-0.14787522189870098,-0.5584086805637204,-0.3637062520770821,-2.3316629520727954,-2.041065875687181,3.646435521702656,-1.8452950972378535,9.395972047008705,1.7018180815984718,0.0,0.0,0.0,0.0,0.0,0.0,0.0,0.0,0.0,0.0,0.0,0.0,0.0,0.0,0.0,4,"1337.8978582446052,1507.3987088586553,1780.9283246722528,1331.063757676615"
45971,459.722999998,world,459.72299999844597,-0.3465795689959255,-0.3131152208483798,3.1639190877683663,0.13667598948527687,0.3108423881551899,0.8022828331158185,-0.4909571664736699,-0.16622205317763145,-0.44692788497505076,-0.34553339530940397,-2.5619830152101812,-1.4554873600338796,3.6916694156726586,-1.2679929166994897,9.183219235066264,1.3564548365621043,0.0,0.0,0.0,0.0,0.0,0.0,0.0,0.0,0.0,0.0,0.0,0.0,0.0,0.0,0.0,4,"1288.1862275277983,1521.5413919654268,1747.493065355296,1303.6946282232452"
45972,459.731999998,world,459.73199999844593,-0.3481204865030592,-0.316769134932234,3.16086011737186,0.15206053913135076,0.301677091517108,0.7968513848591847,-0.5008955932535849,-0.17560601701813472,-0.36539061773136255,-0.33460217058660374,-2.7025837992707613,-0.9824428511316143,3.721476455390626,-0.8675111417104642,8.960100032555706,1.1115901534157202,0.0,0.0,0.0,0.0,0.0,0.0,0.0,0.0,0.0,0.0,0.0,0.0,0.0,0.0,0.0,4,"1249.8866255969276,1529.5687991842085,1725.9796100756266,1276.8816827365054"
45989,459.902999998,world,459.9029999984451,-0.36566023864039626,-0.28115861123312424,3.1120043073521715,0.10676793097837328,-0.037275570053471416,0.6784480702269464,-0.7258921109897245,0.05915401669711633,0.5534784506794981,-0.22694211672787334,1.0221675895895705,4.328416130889409,3.5568237915840264,2.2274061602178126,1.191330722789763,1.0793121714979537,0.0,0.0,0.0,0.0,0.0,0.0,0.0,0.0,0.0,0.0,0.0,0.0,0.0,0.0,0.0,4,"1305.092903570292,1443.0948909270876,913.0629985660703,1452.5893433503513"
45990,459.911999998,world,459.9119999984451,-0.3650387973503092,-0.2761359121383298,3.11000637356947,0.08937179240928603,-0.04909532172022782,0.668885628711467,-0.7363384736722676,0.07882265908981846,0.5620310175136551,-0.2169724752008535,1.3571952661883198,4.093841938295289,3.5302668824520977,2.147817002566346,0.7598454613719774,1.1268715618304725,0.0,0.0,0.0,0.0,0.0,0.0,0.0,0.0,0.0,0.0,0.0,0.0,0.0,0.0,0.0,4,"1346.9413221774964,1415.7525356719127,890.3128022389704,1454.015712742023"
45991,459.920999998,world,459.92099999844504,-0.3642439413210303,-0.2710534295870826,3.108099891129423,0.07165510125103522,-0.05905565940365011,0.6589590160534942,-0.7464254756631199,0.0976551244000162,0.5667927388908099,-0.20663966925945845,1.6563386967140794,3.80989107540401,3.5020542359627598,2.044487559296107,0.3475274234074899,1.1611562502784056,0.0,0.0,0.0,0.0,0.0,0.0,0.0,0.0,0.0,0.0,0.0,0.0,0.0,0.0,0.0,4,"1387.7131952980212,1388.6702267144462,875.0715463397718,1449.7401812979022"
45992,459.932999998,world,459.932999998445,-0.3629293033904456,-0.26424105274748844,3.1057044053346767,0.04796481351290387,-0.06941528069652074,0.6452350409659503,-0.7593106329955904,0.12110617432259968,0.5675795693265498,-0.19256288023359472,1.984924279262678,3.377761376817867,3.461006706723098,1.872893118554736,-0.16615908342731966,1.1812577891633091,0.0,0.0,0.0,0.0,0.0,0.0,0.0,0.0,0.0,0.0,0.0,0.0,0.0,0.0,0.0,4,"1437.1772978994866,1355.2303996234107,871.1340127067787,1432.4277841130527"
45993,459.94199999800003,world,459.94199999844494,-0.3617657811806375,-0.2591452484462229,3.104019312078466,0.030459681816833537,-0.07501213530399678,0.6346405676794415,-0.7685549669322738,0.1372285924525639,0.5642927973204919,-0.18189914021807596,2.1787315469937005,3.014750101286928,3.42685669164865,1.7233688662258717,-0.5200870155032122,1.183952459969606,0.0,0.0,0.0,0.0,0.0,0.0,0.0,0.0,0.0,0.0,0.0,0.0,0.0,0.0,0.0,4,"1472.3609890723126,1331.6802644046136,869.8508502253752,1417.2158715572277"
45994,459.950999998,world,459.9509999984449,-0.3604634697716471,-0.25409289394783435,3.1024300856633413,0.013434070116110275,-0.07877967622648802,0.623847175044249,-0.7774496707588701,0.15192499891800873,0.5579697036581811,-0.17127927284620467,2.3254639215418296,2.6283102578681237,3.389339429209594,1.558224351527887,-0.8437477293192774,1.1732150654787388,0.0,0.0,0.0,0.0,0.0,0.0,0.0,0.0,0.0,0.0,0.0,0.0,0.0,0.0,0.0,4,"1503.644160902668,1311.0003437404519,874.6840080160455,1397.2714351089749"
45995,459.962999998,world,459.96299999844484,-0.35853454341475516,-0.24746865900411036,3.100458259097457,-0.008190809778725324,-0.08109862644619367,0.6092418028663612,-0.7887840953415932,0.16908217685094315,0.5453121739126737,-0.1574262833948196,2.4470218337989667,2.1034589225513516,3.3337647942022093,1.3184449214190819,-1.2245201322722554,1.1372811709786657,0.0,0.0,0.0,0.0,0.0,0.0,0.0,0.0,0.0,0.0,0.0,0.0,0.0,0.0,0.0,4,"1536.088761302782,1290.6324697116559,893.4044332385299,1361.9036726765573"
45996,459.971999998,world,459.9719999984448,-0.35696236773302403,-0.2426144557398255,3.0990869840961133,-0.02338335919326341,-0.08094462102736551,0.5981965872994316,-0.7969077925223774,0.1800046588183875,0.5330327589754439,-0.14735529308088235,2.484060531342134,1.7035696911003027,3.287622889919274,1.1285259896357258,-1.4710025828984508,1.101824114179084,0.0,0.0,0.0,0.0,0.0,0.0,0.0,0.0,0.0,0.0,0.0,0.0,0.0,0.0,0.0,4,"1558.0303643381915,1277.0574713940623,907.7930222739319,1334.186615406768"
45997,459.980999998,world,459.98099999844476,-0.35529968542841256,-0.23788020477110622,3.097804772738991,-0.037528957092392394,-0.07929341414056536,0.5871298853890886,-0.8047251888293828,0.18918616337055572,0.5187082045110784,-0.13764638702539506,2.477122867211415,1.3076011108617653,3.2376847968954374,0.9327215936680566,-1.6827896709744605,1.0582585071880757,0.0,0.0,0.0,0.0,0.0,0.0,0.0,0.0,0.0,0.0,0.0,0.0,0.0,0.0,0.0,4,"1575.2044442480706,1267.274286695635,925.7213717183272,1303.6439097794464"
45998,459.992999998,world,459.9929999984447,-0.3529694555092605,-0.23178342218960904,3.09622734300441,-0.05458753657274885,-0.07501581608962807,0.5724197219984171,-0.8146953357265406,0.19865418623082817,0.49696883144404874,-0.12539319059277382,2.408241899090219,0.8090772520497361,3.165794829753341,0.6671335346516705,-1.9117180012021562,0.9896699774070428,0.0,0.0,0.0,0.0,0.0,0.0,0.0,0.0,0.0,0.0,0.0,0.0,0.0,0.0,0.0,4,"1587.8819128592656,1262.6411373832505,956.2396421828471,1258.5081150711906"
45999,460.001999998,world,460.00199999844466,-0.3511576879661451,-0.22739035296060106,3.0951380621960634,-0.06592967880121847,-0.07045629450654786,0.5614725173958692,-0.8218502298026813,0.20366242746586005,0.47907112379509453,-0.11674950198149962,2.312855800457126,0.4564850615748121,3.1080728507921793,0.4681499714854209,-2.045281895186768,0.9361984966797521,0.0,0.0,0.0,0.0,0.0,0.0,0.0,0.0,0.0,0.0,0.0,0.0,0.0,0.0,0.0,4,"1595.8120253227032,1259.9477999876524,978.2010720509913,1224.5519056041292"
46000,460.010999998,world,460.0109999984446,-0.34930886819147067,-0.22316328606688648,3.094124466649181,-0.07595641369488919,-0.06491555641522655,0.5506363323489559,-0.8287437621190294,0.2068925007009882,0.46012484395126063,-0.10856686233565666,2.184587934596372,0.12834233629150782,3.047514469988548,0.2720276704659408,-2.1484252612242183,0.8872557007698484,0.0,0.0,0.0,0.0,0.0,0.0,0.0,0.0,0.0,0.0,0.0,0.0,0.0,0.0,0.0,4,"1599.8780560887133,1260.9329930989484,1001.5181053251432,1190.4003715310337"
46001,460.022999998,world,460.02299999844456,-0.34681349826345365,-0.217799269289938,3.0928837326930574,-0.08725004815568171,-0.05629906983045445,0.5364063118438125,-0.8375476777158274,0.20849513500408706,0.433698144233231,-0.0983517255266125,1.9763275605536723,-0.2557369141541452,2.963450920842657,0.017982979011454958,-2.2403158495947206,0.8217207831519857,0.0,0.0,0.0,0.0,0.0,0.0,0.0,0.0,0.0,0.0,0.0,0.0,0.0,0.0,0.0,4,"1596.379874201175,1269.3811944518272,1033.8988701939443,1145.175332303589"
46002,460.031999998,world,460.0319999984445,-0.3449392172393926,-0.21398741066353222,3.09203110719099,-0.09416430571054883,-0.04914029556382743,0.5259235519988804,-0.8438736471384986,0.20773870617497672,0.4133268805969541,-0.09119011350163282,1.7920168602758573,-0.5063201684968235,2.8982194649736956,-0.1644722090356765,-2.278194530152433,0.775190624451097,0.0,0.0,0.0,0.0,0.0,0.0,0.0,0.0,0.0,0.0,0.0,0.0,0.0,0.0,0.0,4,"1593.410661597685,1275.405161064183,1056.4273815498022,1112.0145955159492"
46003,460.040999998,world,460.0409999984445,-0.3430789990981984,-0.21036003323910843,3.091241084496302,-0.09975124771313543,-0.041570676097776836,0.5156206066024107,-0.849974680514313,0.20538359741565354,0.3927389060789118,-0.08443640779168354,1.58883201214185,-0.7223043298479972,2.831611151487249,-0.33799243205570595,-2.2915673512117762,0.7310097248622721,0.0,0.0,0.0,0.0,0.0,0.0,0.0,0.0,0.0,0.0,0.0,0.0,0.0,0.0,0.0,4,"1587.4294318102027,1283.6184845634848,1077.844248558994,1080.2908791081554"
46004,460.052999998,world,460.0529999984444,-0.34064466322710135,-0.20581195619657125,3.090278961167107,-0.10521040462851022,-0.031118759628281,0.5021796279461397,-0.8577750374270512,0.19991061958548473,0.36530923328743115,-0.07602599664332822,1.3040745657424975,-0.9498990952709412,2.741683033792987,-0.5529753685787897,-2.2754848824765306,0.6764686609573023,0.0,0.0,0.0,0.0,0.0,0.0,0.0,0.0,0.0,0.0,0.0,0.0,0.0,0.0,0.0,4,"1572.9008288720736,1299.425639986492,1103.7633711507153,1042.5211629768169"
45973,459.740999998,world,459.7409999984459,-0.34973012075351856,-0.3196988815530702,3.1578900453956673,0.16596521926314534,0.29080385118762153,0.7915059212089847,-0.5112798087353935,-0.18153736509968832,-0.286061364683073,-0.32573726903578626,-2.818837921820371,-0.48678167948072365,3.7473804038591045,-0.49701905563453996,8.697001911477042,0.8938444582883842,0.0,0.0,0.0,0.0,0.0,0.0,0.0,0.0,0.0,0.0,0.0,0.0,0.0,0.0,0.0,4,"1215.0131441074213,1536.1923476290212,1701.6708507427702,1251.8486605470737"
45974,459.752999998,world,459.75299999844583,-0.35193191514124117,-0.32251548506975525,3.15403922123635,0.18203594164915898,0.27373270731586824,0.784526679146796,-0.5257862784443212,-0.18453296197181243,-0.18416285855783054,-0.3165234532258171,-2.9328614364810384,0.1804128059323488,3.775121554499001,-0.047457720930121905,8.30878511200811,0.6688858721316526,0.0,0.0,0.0,0.0,0.0,0.0,0.0,0.0,0.0,0.0,0.0,0.0,0.0,0.0,0.0,4,"1178.4740969032625,1542.1897633706812,1661.77135117641,1230.3507946410482"
45975,459.761999998,world,459.7619999984458,-0.3535897027000781,-0.32384153329883913,3.1512153065250987,0.19212254849313687,0.2590791772484149,0.7794008378122431,-0.5371231146528327,-0.18340537765385093,-0.11100370701363291,-0.3112085911006855,-2.985279642034526,0.6926561139621206,3.7902872742345814,0.2598842493665987,7.983689198999805,0.5362093349079999,0.0,0.0,0.0,0.0,0.0,0.0,0.0,0.0,0.0,0.0,0.0,0.0,0.0,0.0,0.0,4,"1149.7724270907247,1550.1832783876139,1631.06857414136,1214.6984371173055"
45976,459.770999998,world,459.77099999844575,-0.3552252732803383,-0.32452266958105397,3.1484344170034295,0.20041680649930183,0.24292115178484747,0.7743555747284816,-0.5488131390328289,-0.17963090797383524,-0.04088362163691473,-0.30691116794152923,-3.004457874979475,1.2064969702600705,3.8003575060543016,0.5437299194212264,7.6355372487411435,0.43778247472420206,0.0,0.0,0.0,0.0,0.0,0.0,0.0,0.0,0.0,0.0,0.0,0.0,0.0,0.0,0.0,4,"1124.1655070895447,1558.1731627997312,1596.0760848627085,1205.7768525822373"
45977,459.782999998,world,459.7829999984457,-0.3573321285671891,-0.3244765860100409,3.1447805820986967,0.208590572362106,0.2192507011179676,0.767695493866501,-0.5648563816387293,-0.17082387705060614,0.0475684397366402,-0.30222183361546934,-2.973021620971322,1.8648771072872885,3.8059603959448003,0.8893053941423923,7.141120878824472,0.35794805935707164,0.0,0.0,0.0,0.0,0.0,0.0,0.0,0.0,0.0,0.0,0.0,0.0,0.0,0.0,0.0,4,"1099.957033971562,1564.794036643035,1540.748324755223,1208.3657769419115"
45978,459.791999998,world,459.79199999844565,-0.35882973464216683,-0.32376535998866796,3.14207456845871,0.21248595581037097,0.2001115105206753,0.7626888555266133,-0.5771575275399184,-0.1616245054605647,0.10989513541149382,-0.2991481679904585,-2.8968654087520394,2.3422605638248077,3.8042176196157422,1.1256574625159999,6.750651228656978,0.33349028749302123,0.0,0.0,0.0,0.0,0.0,0.0,0.0,0.0,0.0,0.0,0.0,0.0,0.0,0.0,0.0,4,"1080.8955591851309,1573.734626328067,1496.670746593451,1214.7461319280112"
45979,459.800999998,world,459.8009999984456,-0.3602352763568851,-0.322509252463743,3.1393956681193056,0.21439328648670708,0.17999451222406654,0.7576113320174164,-0.5896291748865938,-0.15039405109076368,0.16862914017695993,-0.2961579635039733,-2.7718119150485343,2.7964682360053534,3.797632702976338,1.3427361266211135,6.344236416894466,0.33524488895481097,0.0,0.0,0.0,0.0,0.0,0.0,0.0,0.0,0.0,0.0,0.0,0.0,0.0,0.0,0.0,4,"1066.6433466508142,1581.2469287827478,1448.5970345915787,1227.5881710454726"
45980,459.812999998,world,459.81299999844555,-0.36193610167984375,-0.32004400540806205,3.135866652741503,0.2138085764177629,0.15204220995665904,0.7506201795464448,-0.6064143839812575,-0.1325605324782915,0.24111457154466265,-0.29193585595261856,-2.5347846271253447,3.341056507837047,3.782383813774497,1.6022655027168042,5.779887396497624,0.3713851338419949,0.0,0.0,0.0,0.0,0.0,0.0,0.0,0.0,0.0,0.0,0.0,0.0,0.0,0.0,0.0,4,"1060.9363383243438,1583.8052761946894,1379.3042812496763,1254.2151720585991"
45981,459.821999998,world,459.8219999984455,-0.36306147604454764,-0.31764673799386367,3.1332549716912856,0.21101475486655816,0.1305634110599825,0.7451256006457952,-0.6190426545749745,-0.11726698830111065,0.29095421775105723,-0.28836382918516995,-2.296459035329786,3.7033576981636913,3.7665043330109675,1.7738042434624761,5.34223914916615,0.4195064755569966,0.0,0.0,0.0,0.0,0.0,0.0,0.0,0.0,0.0,0.0,0.0,0.0,0.0,0.0,0.0,4,"1058.3708307520833,1587.1107066070558,1324.3871001875737,1277.6619896076786"
45982,459.830999998,world,459.83099999844546,-0.3640425917999194,-0.3148188118765262,3.1306776252971837,0.2061987083094091,0.10895084290597357,0.7393476963849073,-0.6316460958257718,-0.10053529311943499,0.33680042823563033,-0.2842853470917801,-2.0095745962603484,4.018210099980335,3.7475660440614114,1.9239368919912736,4.893802986135398,0.48155444542208325,0.0,0.0,0.0,0.0,0.0,0.0,0.0,0.0,0.0,0.0,0.0,0.0,0.0,0.0,0.0,4,"1062.7792800650016,1586.6404339438473,1268.127419587332,1303.6371841007099"
45983,459.842999998,world,459.8429999984454,-0.36510578865352783,-0.31044131232533123,3.1273033524485623,0.19672363984616445,0.08040108755242655,0.7311100058490042,-0.6483159985636116,-0.07633760412399353,0.3915583078375104,-0.2778962596161855,-1.5730474747433025,4.348724399788475,3.7192049950737522,2.088654654531605,4.281685480088782,0.5783659741411817,0.0,0.0,0.0,0.0,0.0,0.0,0.0,0.0,0.0,0.0,0.0,0.0,0.0,0.0,0.0,4,"1083.3591347913407,1575.793257282074,1195.3612756617085,1338.7687620748043"
45984,459.851999998,world,459.85199999844536,-0.36570663091100597,-0.30675119218381874,3.1248269877839467,0.18743385305345453,0.059550977801417215,0.72447311851296,-0.6606518995087638,-0.05704101167960697,0.42776935174399155,-0.2722841491460385,-1.2035327568493122,4.526967031261721,3.6961108068784547,2.184555845867353,3.815882967586004,0.6597322310735731,0.0,0.0,0.0,0.0,0.0,0.0,0.0,0.0,0.0,0.0,0.0,0.0,0.0,0.0,0.0,4,"1102.586921279205,1566.7475106527154,1139.603831158852,1365.800382339995"
45985,459.860999998,world,459.8609999984453,-0.3661303179137079,-0.3027541047450478,3.1224044865780103,0.17638473575027938,0.03949141765968633,0.717406134094093,-0.6727981061876591,-0.03700841459622711,0.4597678304734951,-0.2659228468596599,-0.8083489825642369,4.641669454671976,3.6721430296417314,2.254776312650142,3.3463388193764043,0.7437807841375044,0.0,0.0,0.0,0.0,0.0,0.0,0.0,0.0,0.0,0.0,0.0,0.0,0.0,0.0,0.0,4,"1128.3569068704778,1553.1413010685653,1086.734327978128,1390.8220924948318"
45986,459.872999998,world,459.87299999844527,-0.366410386225157,-0.297012941736574,3.1192698413180113,0.15918503741778597,0.014381669519597962,0.7072817977574483,-0.6886259870242477,-0.00956898843118308,0.4958376293750158,-0.2562980199258958,-0.2722231158070962,4.694157353733113,3.6398667741490214,2.3065971846613076,2.718278346602321,0.8518547269312227,0.0,0.0,0.0,0.0,0.0,0.0,0.0,0.0,0.0,0.0,0.0,0.0,0.0,0.0,0.0,4,"1173.2985174458179,1525.9213437267933,1027.1108948604667,1416.7308811412872"
45987,459.881999998,world,459.8819999984452,-0.3664028571274871,-0.2924476839192434,3.116998946476922,0.14467768474353349,-0.0029453307341944257,0.699152701654589,-0.700175115476983,0.011251954475365407,0.5179635348123119,-0.24822708266326132,0.1341034046572596,4.655933662766761,3.6153474216979773,2.314600499245896,2.2509729743930285,0.9306434914726214,0.0,0.0,0.0,0.0,0.0,0.0,0.0,0.0,0.0,0.0,0.0,0.0,0.0,0.0,0.0,4,"1209.874906122628,1504.244673473507,983.482722016499,1434.4274462809035"
45988,459.890999998,world,459.8909999984452,-0.3662080443466447,-0.28770213110338644,3.114803785506803,0.12902131993318144,-0.018763011432989928,0.690569084177783,-0.7114181529751143,0.03200859279483255,0.5359130980459351,-0.23947909637186449,0.531975452090866,4.553142480114808,3.5905575632729363,2.295278284307752,1.7900966069478441,1.0023830538821443,0.0,0.0,0.0,0.0,0.0,0.0,0.0,0.0,0.0,0.0,0.0,0.0,0.0,0.0,0.0,4,"1249.5570214128502,1479.6965988230309,946.3031776771948,1447.1653855503068"
46005,460.061999998,world,460.0619999984444,-0.3388702303237765,-0.20261585618065503,3.089621525914571,-0.10788193930865234,-0.023210847029925506,0.49232863478246697,-0.863385927105828,0.19418787362502157,0.3449880945849037,-0.07012583168834523,1.079029219294191,-1.0789877710760332,2.6735575219642143,-0.7002805478345808,-2.24123164544765,0.6394626211469745,0.0,0.0,0.0,0.0,0.0,0.0,0.0,0.0,0.0,0.0,0.0,0.0,0.0,0.0,0.0,4,"1562.6693273843623,1310.2466215246816,1121.1070114856632,1015.4915105390561"
46006,460.070999998,world,460.07099999844434,-0.3371530619471617,-0.1996009882176384,3.0890157433144276,-0.10939286965461481,-0.01540313050363388,0.48267864210416156,-0.8688022053930914,0.18720529192452884,0.32506033911548665,-0.06454300236092265,0.849085277358889,-1.1731729591348348,2.6051726186655277,-0.8342360841196717,-2.1902657743797516,0.6055541792752417,0.0,0.0,0.0,0.0,0.0,0.0,0.0,0.0,0.0,0.0,0.0,0.0,0.0,0.0,0.0,4,"1550.7188486894097,1322.1035433820628,1136.0945574338414,991.418437519264"
46007,460.082999998,world,460.0829999984443,-0.334971053084881,-0.19585567978781884,3.0882836887559764,-0.10973904576177254,-0.005363997693899511,0.4701262367946074,-0.8757339155481969,0.17615209860237982,0.2993398499062034,-0.05754731727135991,0.5491956170515909,-1.245450564290465,2.5142322276254205,-0.9906571333570535,-2.100235533488648,0.5647391844079974,0.0,0.0,0.0,0.0,0.0,0.0,0.0,0.0,0.0,0.0,0.0,0.0,0.0,0.0,0.0,4,"1530.8401887685036,1340.3118089855645,1151.1844825664155,966.6253171085276"
46008,460.091999998,world,460.09199999844424,-0.33342743567238564,-0.19324544106777103,3.0877881916319403,-0.10885685748508998,0.0017425195520628948,0.46094720115059434,-0.880724035073141,0.16672545346570136,0.28083587727300996,-0.05260405209113845,0.3277170080860045,-1.2634496908935273,2.4461406112951587,-1.0905225423027687,-2.019050613037976,0.537262340537116,0.0,0.0,0.0,0.0,0.0,0.0,0.0,0.0,0.0,0.0,0.0,0.0,0.0,0.0,0.0,4,"1517.204129070796,1352.6336759971632,1160.5274435005651,949.4254037665664"
46009,460.100999998,world,460.1009999984442,-0.3319724581662978,-0.1907982922721917,3.0873361088957014,-0.10708507933685346,0.008377025473936142,0.4519693136744948,-0.8855429694397866,0.1564778437635386,0.2631118813329152,-0.047896375061666975,0.11309131838405256,-1.253275690433004,2.3782528143369674,-1.1747497409785312,-1.9282716708612369,0.5120165082584671,0.0,0.0,0.0,0.0,0.0,0.0,0.0,0.0,0.0,0.0,0.0,0.0,0.0,0.0,0.0,4,"1502.9970338238734,1364.9963604317184,1167.1086789416686,935.8318994243424"
46010,460.112999998,world,460.11299999844414,-0.33018185380529413,-0.18777627589972323,3.086797354422128,-0.10350348618602838,0.016362064156708413,0.44031009480363914,-0.8917097799272367,0.14178302352862696,0.2408238155790006,-0.04195727753560643,-0.15138166704389108,-1.2019045439966076,2.288346520860561,-1.2624814657755945,-1.795625547173746,0.4810895536092874,0.0,0.0,0.0,0.0,0.0,0.0,0.0,0.0,0.0,0.0,0.0,0.0,0.0,0.0,0.0,4,"1482.4863133031329,1381.6855558125756,1170.431776886478,925.8529591506666"
46011,460.121999998,world,460.1219999984441,-0.3289577440738849,-0.18567993581570205,3.086438887169234,-0.10002748147453507,0.021629179292862583,0.431798189172918,-0.8961456384873877,0.13017136597695478,0.2251885244347809,-0.03773354364389589,-0.33527003581125175,-1.1381040403879394,2.2211780487775497,-1.3100118319977205,-1.6898944442378938,0.46000720352878943,0.0,0.0,0.0,0.0,0.0,0.0,0.0,0.0,0.0,0.0,0.0,0.0,0.0,0.0,0.0,4,"1468.5873057732636,1392.8566098293197,1171.456289912725,919.4233934692373"
46012,460.130999998,world,460.13099999844405,-0.32783981858386047,-0.1837199689542037,3.0861176020837244,-0.0959746034287851,0.026225369861218376,0.42348551014642805,-0.9004227496950249,0.11820982003280792,0.21052391324078015,-0.03369261847805142,-0.5043531478393407,-1.056390517448701,2.154223783250125,-1.3420022170356483,-1.5805716195088637,0.4402513499882216,0.0,0.0,0.0,0.0,0.0,0.0,0.0,0.0,0.0,0.0,0.0,0.0,0.0,0.0,0.0,4,"1454.9810202668118,1403.3176628213293,1170.0350767569237,916.3491350656138"
46013,460.142999998,world,460.142999998444,-0.32651861424114853,-0.18130347837047958,3.0857442976528455,-0.08983760314674537,0.031272548562981235,0.41271264906347915,-0.9058805120269614,0.10195416746152124,0.19252221391433344,-0.028573624485724883,-0.7000847709439074,-0.9279018540490468,2.0654400927617567,-1.3614280819487095,-1.4318187299707241,0.41549680831913516,0.0,0.0,0.0,0.0,0.0,0.0,0.0,0.0,0.0,0.0,0.0,0.0,0.0,0.0,0.0,4,"1437.1090894124438,1415.802877524053,1163.5059735910347,919.4542963687369"
46014,460.151999998,world,460.15199999844396,-0.3256561869236344,-0.1796270029721464,3.0855036922638606,-0.08480496032300164,0.034235969318367185,0.404867330808703,-0.9097903393382908,0.08970023787547392,0.18019576177412422,-0.02491973397255659,-0.8264200335887472,-0.818853579433816,1.9990240110679864,-1.3596030083815462,-1.31988646516093,0.3984256443832594,0.0,0.0,0.0,0.0,0.0,0.0,0.0,0.0,0.0,0.0,0.0,0.0,0.0,0.0,0.0,4,"1425.0838738111138,1424.0033588559327,1157.8609957829358,922.2130137556321"
46015,460.160999998,world,460.1609999984439,-0.32490375917564307,-0.17805694394399488,3.085295294576402,-0.07949927276851353,0.03649430897131195,0.39722467886545526,-0.913542875590533,0.07752962641689297,0.1688725196857409,-0.021415044327270493,-0.9343941382423121,-0.7025555735127399,1.9327493798556377,-1.3445285075138202,-1.2089636640016665,0.38224100977859304,0.0,0.0,0.0,0.0,0.0,0.0,0.0,0.0,0.0,0.0,0.0,0.0,0.0,0.0,0.0,4,"1413.869101341572,1431.043252366447,1150.5635505590462,927.4460068226626"
46016,460.172999998,world,460.17299999844386,-0.32406928991972467,-0.17611358546539765,3.0850652691445712,-0.07214308928781812,0.03844422506068837,0.38735352145364416,-0.9182998778421755,0.06162808684341643,0.1553092709682101,-0.01696284827001486,-1.04747305488254,-0.5445309156057847,1.8448011599214378,-1.305638739631021,-1.064429291212976,0.36187225614410856,0.0,0.0,0.0,0.0,0.0,0.0,0.0,0.0,0.0,0.0,0.0,0.0,0.0,0.0,0.0,4,"1400.3287949291994,1437.9563220693851,1137.877127944482,939.5904993668318"
46017,460.181999998,world,460.1819999984438,-0.32356689602978306,-0.17475724915333932,3.0849270330521628,-0.06651542847205136,0.039149478937320126,0.38019265562861526,-0.9216813769845721,0.05007845891171981,0.14625551824278032,-0.01377753177809751,-1.1107604247575666,-0.42456210489440777,1.7790353349147208,-1.2639112317870473,-0.9597551104648661,0.34765609500161593,0.0,0.0,0.0,0.0,0.0,0.0,0.0,0.0,0.0,0.0,0.0,0.0,0.0,0.0,0.0,4,"1391.236143730951,1442.2898116007507,1128.3386298405485,948.4698268320368"
46018,460.190999998,world,460.1909999984438,-0.3231666040665444,-0.17347821860110246,3.0848168988522082,-0.06087237260733744,0.03924334146661818,0.3732426517829523,-0.9249023933873876,0.0389529961480685,0.138124050708122,-0.01071703370195703,-1.1561134820722183,-0.30616615360391525,1.7134924887114418,-1.212636165973488,-0.8591471810632245,0.3340793289910368,0.0,0.0,0.0,0.0,0.0,0.0,0.0,0.0,0.0,0.0,0.0,0.0,0.0,0.0,0.0,4,"1383.1367534038661,1445.3143490780685,1118.1271935654036,958.7142495897941"
46019,460.202999998,world,460.2029999984437,-0.3227843755560742,-0.17187910802825662,3.084711877786073,-0.05343240010078809,0.03850043737603937,0.3643089071084402,-0.9289465620490648,0.024914991856084794,0.12864729997714971,-0.006820754622809538,-1.1899362174675623,-0.1574567551643293,1.6267416700637471,-1.1316144382139368,-0.7323426474894479,0.3169300759282628,0.0,0.0,0.0,0.0,0.0,0.0,0.0,0.0,0.0,0.0,0.0,0.0,0.0,0.0,0.0,4,"1374.2101225355061,1446.5125034921487,1103.5244252759653,975.2073343986332"
46020,460.211999998,world,460.2119999984437,-0.32260489338601644,-0.1707495078952256,3.084662950642494,-0.04798881284523912,0.037360662813846854,0.3578618271840593,-0.9317919120491984,0.015075295729983782,0.1225091594747013,-0.004088929565374887,-1.1965853563237816,-0.0525572372169059,1.5621248559363663,-1.0617796227865173,-0.6425994847767957,0.2928283924749295,0.0,0.0,0.0,0.0,0.0,0.0,0.0,0.0,0.0,0.0,0.0,0.0,0.0,0.0,0.0,4,"1367.4371916331859,1446.234117976591,1092.2708377573963,986.0160384966824"
45989,459.902999998,world,459.9029999984451,-0.36566023864039626,-0.28115861123312424,3.1120043073521715,0.10676793097837328,-0.037275570053471416,0.6784480702269464,-0.7258921109897245,0.05915401669711633,0.5534784506794981,-0.22694211672787334,1.0221675895895705,4.328416130889409,3.5568237915840264,2.2274061602178126,1.191330722789763,1.0793121714979537,0.0,0.0,0.0,0.0,0.0,0.0,0.0,0.0,0.0,0.0,0.0,0.0,0.0,0.0,0.0,4,"1305.092903570292,1443.0948909270876,913.0629985660703,1452.5893433503513"
45990,459.911999998,world,459.9119999984451,-0.3650387973503092,-0.2761359121383298,3.11000637356947,0.08937179240928603,-0.04909532172022782,0.668885628711467,-0.7363384736722676,0.07882265908981846,0.5620310175136551,-0.2169724752008535,1.3571952661883198,4.093841938295289,3.5302668824520977,2.147817002566346,0.7598454613719774,1.1268715618304725,0.0,0.0,0.0,0.0,0.0,0.0,0.0,0.0,0.0,0.0,0.0,0.0,0.0,0.0,0.0,4,"1346.9413221774964,1415.7525356719127,890.3128022389704,1454.015712742023"
45991,459.920999998,world,459.92099999844504,-0.3642439413210303,-0.2710534295870826,3.108099891129423,0.07165510125103522,-0.05905565940365011,0.6589590160534942,-0.7464254756631199,0.0976551244000162,0.5667927388908099,-0.20663966925945845,1.6563386967140794,3.80989107540401,3.5020542359627598,2.044487559296107,0.3475274234074899,1.1611562502784056,0.0,0.0,0.0,0.0,0.0,0.0,0.0,0.0,0.0,0.0,0.0,0.0,0.0,0.0,0.0,4,"1387.7131952980212,1388.6702267144462,875.0715463397718,1449.7401812979022"
45992,459.932999998,world,459.932999998445,-0.3629293033904456,-0.26424105274748844,3.1057044053346767,0.04796481351290387,-0.06941528069652074,0.6452350409659503,-0.7593106329955904,0.12110617432259968,0.5675795693265498,-0.19256288023359472,1.984924279262678,3.377761376817867,3.461006706723098,1.872893118554736,-0.16615908342731966,1.1812577891633091,0.0,0.0,0.0,0.0,0.0,0.0,0.0,0.0,0.0,0.0,0.0,0.0,0.0,0.0,0.0,4,"1437.1772978994866,1355.2303996234107,871.1340127067787,1432.4277841130527"
45993,459.94199999800003,world,459.94199999844494,-0.3617657811806375,-0.2591452484462229,3.104019312078466,0.030459681816833537,-0.07501213530399678,0.6346405676794415,-0.7685549669322738,0.1372285924525639,0.5642927973204919,-0.18189914021807596,2.1787315469937005,3.014750101286928,3.42685669164865,1.7233688662258717,-0.5200870155032122,1.183952459969606,0.0,0.0,0.0,0.0,0.0,0.0,0.0,0.0,0.0,0.0,0.0,0.0,0.0,0.0,0.0,4,"1472.3609890723126,1331.6802644046136,869.8508502253752,1417.2158715572277"
45994,459.950999998,world,459.9509999984449,-0.3604634697716471,-0.25409289394783435,3.1024300856633413,0.013434070116110275,-0.07877967622648802,0.623847175044249,-0.7774496707588701,0.15192499891800873,0.5579697036581811,-0.17127927284620467,2.3254639215418296,2.6283102578681237,3.389339429209594,1.558224351527887,-0.8437477293192774,1.1732150654787388,0.0,0.0,0.0,0.0,0.0,0.0,0.0,0.0,0.0,0.0,0.0,0.0,0.0,0.0,0.0,4,"1503.644160902668,1311.0003437404519,874.6840080160455,1397.2714351089749"
45995,459.962999998,world,459.96299999844484,-0.35853454341475516,-0.24746865900411036,3.100458259097457,-0.008190809778725324,-0.08109862644619367,0.6092418028663612,-0.7887840953415932,0.16908217685094315,0.5453121739126737,-0.1574262833948196,2.4470218337989667,2.1034589225513516,3.3337647942022093,1.3184449214190819,-1.2245201322722554,1.1372811709786657,0.0,0.0,0.0,0.0,0.0,0.0,0.0,0.0,0.0,0.0,0.0,0.0,0.0,0.0,0.0,4,"1536.088761302782,1290.6324697116559,893.4044332385299,1361.9036726765573"
45996,459.971999998,world,459.9719999984448,-0.35696236773302403,-0.2426144557398255,3.0990869840961133,-0.02338335919326341,-0.08094462102736551,0.5981965872994316,-0.7969077925223774,0.1800046588183875,0.5330327589754439,-0.14735529308088235,2.484060531342134,1.7035696911003027,3.287622889919274,1.1285259896357258,-1.4710025828984508,1.101824114179084,0.0,0.0,0.0,0.0,0.0,0.0,0.0,0.0,0.0,0.0,0.0,0.0,0.0,0.0,0.0,4,"1558.0303643381915,1277.0574713940623,907.7930222739319,1334.186615406768"
45997,459.980999998,world,459.98099999844476,-0.35529968542841256,-0.23788020477110622,3.097804772738991,-0.037528957092392394,-0.07929341414056536,0.5871298853890886,-0.8047251888293828,0.18918616337055572,0.5187082045110784,-0.13764638702539506,2.477122867211415,1.3076011108617653,3.2376847968954374,0.9327215936680566,-1.6827896709744605,1.0582585071880757,0.0,0.0,0.0,0.0,0.0,0.0,0.0,0.0,0.0,0.0,0.0,0.0,0.0,0.0,0.0,4,"1575.2044442480706,1267.274286695635,925.7213717183272,1303.6439097794464"
45998,459.992999998,world,459.9929999984447,-0.3529694555092605,-0.23178342218960904,3.09622734300441,-0.05458753657274885,-0.07501581608962807,0.5724197219984171,-0.8146953357265406,0.19865418623082817,0.49696883144404874,-0.12539319059277382,2.408241899090219,0.8090772520497361,3.165794829753341,0.6671335346516705,-1.9117180012021562,0.9896699774070428,0.0,0.0,0.0,0.0,0.0,0.0,0.0,0.0,0.0,0.0,0.0,0.0,0.0,0.0,0.0,4,"1587.8819128592656,1262.6411373832505,956.2396421828471,1258.5081150711906"
45999,460.001999998,world,460.00199999844466,-0.3511576879661451,-0.22739035296060106,3.0951380621960634,-0.06592967880121847,-0.07045629450654786,0.5614725173958692,-0.8218502298026813,0.20366242746586005,0.47907112379509453,-0.11674950198149962,2.312855800457126,0.4564850615748121,3.1080728507921793,0.4681499714854209,-2.045281895186768,0.9361984966797521,0.0,0.0,0.0,0.0,0.0,0.0,0.0,0.0,0.0,0.0,0.0,0.0,0.0,0.0,0.0,4,"1595.8120253227032,1259.9477999876524,978.2010720509913,1224.5519056041292"
46000,460.010999998,world,460.0109999984446,-0.34930886819147067,-0.22316328606688648,3.094124466649181,-0.07595641369488919,-0.06491555641522655,0.5506363323489559,-0.8287437621190294,0.2068925007009882,0.46012484395126063,-0.10856686233565666,2.184587934596372,0.12834233629150782,3.047514469988548,0.2720276704659408,-2.1484252612242183,0.8872557007698484,0.0,0.0,0.0,0.0,0.0,0.0,0.0,0.0,0.0,0.0,0.0,0.0,0.0,0.0,0.0,4,"1599.8780560887133,1260.9329930989484,1001.5181053251432,1190.4003715310337"
46001,460.022999998,world,460.02299999844456,-0.34681349826345365,-0.217799269289938,3.0928837326930574,-0.08725004815568171,-0.05629906983045445,0.5364063118438125,-0.8375476777158274,0.20849513500408706,0.433698144233231,-0.0983517255266125,1.9763275605536723,-0.2557369141541452,2.963450920842657,0.017982979011454958,-2.2403158495947206,0.8217207831519857,0.0,0.0,0.0,0.0,0.0,0.0,0.0,0.0,0.0,0.0,0.0,0.0,0.0,0.0,0.0,4,"1596.379874201175,1269.3811944518272,1033.8988701939443,1145.175332303589"
46002,460.031999998,world,460.0319999984445,-0.3449392172393926,-0.21398741066353222,3.09203110719099,-0.09416430571054883,-0.04914029556382743,0.5259235519988804,-0.8438736471384986,0.20773870617497672,0.4133268805969541,-0.09119011350163282,1.7920168602758573,-0.5063201684968235,2.8982194649736956,-0.1644722090356765,-2.278194530152433,0.775190624451097,0.0,0.0,0.0,0.0,0.0,0.0,0.0,0.0,0.0,0.0,0.0,0.0,0.0,0.0,0.0,4,"1593.410661597685,1275.405161064183,1056.4273815498022,1112.0145955159492"
46003,460.040999998,world,460.0409999984445,-0.3430789990981984,-0.21036003323910843,3.091241084496302,-0.09975124771313543,-0.041570676097776836,0.5156206066024107,-0.849974680514313,0.20538359741565354,0.3927389060789118,-0.08443640779168354,1.58883201214185,-0.7223043298479972,2.831611151487249,-0.33799243205570595,-2.2915673512117762,0.7310097248622721,0.0,0.0,0.0,0.0,0.0,0.0,0.0,0.0,0.0,0.0,0.0,0.0,0.0,0.0,0.0,4,"1587.4294318102027,1283.6184845634848,1077.844248558994,1080.2908791081554"
46004,460.052999998,world,460.0529999984444,-0.34064466322710135,-0.20581195619657125,3.090278961167107,-0.10521040462851022,-0.031118759628281,0.5021796279461397,-0.8577750374270512,0.19991061958548473,0.36530923328743115,-0.07602599664332822,1.3040745657424975,-0.9498990952709412,2.741683033792987,-0.5529753685787897,-2.2754848824765306,0.6764686609573023,0.0,0.0,0.0,0.0,0.0,0.0,0.0,0.0,0.0,0.0,0.0,0.0,0.0,0.0,0.0,4,"1572.9008288720736,1299.425639986492,1103.7633711507153,1042.5211629768169"
46005,460.061999998,world,460.0619999984444,-0.3388702303237765,-0.20261585618065503,3.089621525914571,-0.10788193930865234,-0.023210847029925506,0.49232863478246697,-0.863385927105828,0.19418787362502157,0.3449880945849037,-0.07012583168834523,1.079029219294191,-1.0789877710760332,2.6735575219642143,-0.7002805478345808,-2.24123164544765,0.6394626211469745,0.0,0.0,0.0,0.0,0.0,0.0,0.0,0.0,0.0,0.0,0.0,0.0,0.0,0.0,0.0,4,"1562.6693273843623,1310.2466215246816,1121.1070114856632,1015.4915105390561"
46006,460.070999998,world,460.07099999844434,-0.3371530619471617,-0.1996009882176384,3.0890157433144276,-0.10939286965461481,-0.01540313050363388,0.48267864210416156,-0.8688022053930914,0.18720529192452884,0.32506033911548665,-0.06454300236092265,0.849085277358889,-1.1731729591348348,2.6051726186655277,-0.8342360841196717,-2.1902657743797516,0.6055541792752417,0.0,0.0,0.0,0.0,0.0,0.0,0.0,0.0,0.0,0.0,0.0,0.0,0.0,0.0,0.0,4,"1550.7188486894097,1322.1035433820628,1136.0945574338414,991.418437519264"
46007,460.082999998,world,460.0829999984443,-0.334971053084881,-0.19585567978781884,3.0882836887559764,-0.10973904576177254,-0.005363997693899511,0.4701262367946074,-0.8757339155481969,0.17615209860237982,0.2993398499062034,-0.05754731727135991,0.5491956170515909,-1.245450564290465,2.5142322276254205,-0.9906571333570535,-2.100235533488648,0.5647391844079974,0.0,0.0,0.0,0.0,0.0,0.0,0.0,0.0,0.0,0.0,0.0,0.0,0.0,0.0,0.0,4,"1530.8401887685036,1340.3118089855645,1151.1844825664155,966.6253171085276"
46008,460.091999998,world,460.09199999844424,-0.33342743567238564,-0.19324544106777103,3.0877881916319403,-0.10885685748508998,0.0017425195520628948,0.46094720115059434,-0.880724035073141,0.16672545346570136,0.28083587727300996,-0.05260405209113845,0.3277170080860045,-1.2634496908935273,2.4461406112951587,-1.0905225423027687,-2.019050613037976,0.537262340537116,0.0,0.0,0.0,0.0,0.0,0.0,0.0,0.0,0.0,0.0,0.0,0.0,0.0,0.0,0.0,4,"1517.204129070796,1352.6336759971632,1160.5274435005651,949.4254037665664"
46009,460.100999998,world,460.1009999984442,-0.3319724581662978,-0.1907982922721917,3.0873361088957014,-0.10708507933685346,0.008377025473936142,0.4519693136744948,-0.8855429694397866,0.1564778437635386,0.2631118813329152,-0.047896375061666975,0.11309131838405256,-1.253275690433004,2.3782528143369674,-1.1747497409785312,-1.9282716708612369,0.5120165082584671,0.0,0.0,0.0,0.0,0.0,0.0,0.0,0.0,0.0,0.0,0.0,0.0,0.0,0.0,0.0,4,"1502.9970338238734,1364.9963604317184,1167.1086789416686,935.8318994243424"
46010,460.112999998,world,460.11299999844414,-0.33018185380529413,-0.18777627589972323,3.086797354422128,-0.10350348618602838,0.016362064156708413,0.44031009480363914,-0.8917097799272367,0.14178302352862696,0.2408238155790006,-0.04195727753560643,-0.15138166704389108,-1.2019045439966076,2.288346520860561,-1.2624814657755945,-1.795625547173746,0.4810895536092874,0.0,0.0,0.0,0.0,0.0,0.0,0.0,0.0,0.0,0.0,0.0,0.0,0.0,0.0,0.0,4,"1482.4863133031329,1381.6855558125756,1170.431776886478,925.8529591506666"
46011,460.121999998,world,460.1219999984441,-0.3289577440738849,-0.18567993581570205,3.086438887169234,-0.10002748147453507,0.021629179292862583,0.431798189172918,-0.8961456384873877,0.13017136597695478,0.2251885244347809,-0.03773354364389589,-0.33527003581125175,-1.1381040403879394,2.2211780487775497,-1.3100118319977205,-1.6898944442378938,0.46000720352878943,0.0,0.0,0.0,0.0,0.0,0.0,0.0,0.0,0.0,0.0,0.0,0.0,0.0,0.0,0.0,4,"1468.5873057732636,1392.8566098293197,1171.456289912725,919.4233934692373"
46012,460.130999998,world,460.13099999844405,-0.32783981858386047,-0.1837199689542037,3.0861176020837244,-0.0959746034287851,0.026225369861218376,0.42348551014642805,-0.9004227496950249,0.11820982003280792,0.21052391324078015,-0.03369261847805142,-0.5043531478393407,-1.056390517448701,2.154223783250125,-1.3420022170356483,-1.5805716195088637,0.4402513499882216,0.0,0.0,0.0,0.0,0.0,0.0,0.0,0.0,0.0,0.0,0.0,0.0,0.0,0.0,0.0,4,"1454.9810202668118,1403.3176628213293,1170.0350767569237,916.3491350656138"
46013,460.142999998,world,460.142999998444,-0.32651861424114853,-0.18130347837047958,3.0857442976528455,-0.08983760314674537,0.031272548562981235,0.41271264906347915,-0.9058805120269614,0.10195416746152124,0.19252221391433344,-0.028573624485724883,-0.7000847709439074,-0.9279018540490468,2.0654400927617567,-1.3614280819487095,-1.4318187299707241,0.41549680831913516,0.0,0.0,0.0,0.0,0.0,0.0,0.0,0.0,0.0,0.0,0.0,0.0,0.0,0.0,0.0,4,"1437.1090894124438,1415.802877524053,1163.5059735910347,919.4542963687369"
46014,460.151999998,world,460.15199999844396,-0.3256561869236344,-0.1796270029721464,3.0855036922638606,-0.08480496032300164,0.034235969318367185,0.404867330808703,-0.9097903393382908,0.08970023787547392,0.18019576177412422,-0.02491973397255659,-0.8264200335887472,-0.818853579433816,1.9990240110679864,-1.3596030083815462,-1.31988646516093,0.3984256443832594,0.0,0.0,0.0,0.0,0.0,0.0,0.0,0.0,0.0,0.0,0.0,0.0,0.0,0.0,0.0,4,"1425.0838738111138,1424.0033588559327,1157.8609957829358,922.2130137556321"
46015,460.160999998,world,460.1609999984439,-0.32490375917564307,-0.17805694394399488,3.085295294576402,-0.07949927276851353,0.03649430897131195,0.39722467886545526,-0.913542875590533,0.07752962641689297,0.1688725196857409,-0.021415044327270493,-0.9343941382423121,-0.7025555735127399,1.9327493798556377,-1.3445285075138202,-1.2089636640016665,0.38224100977859304,0.0,0.0,0.0,0.0,0.0,0.0,0.0,0.0,0.0,0.0,0.0,0.0,0.0,0.0,0.0,4,"1413.869101341572,1431.043252366447,1150.5635505590462,927.4460068226626"
46016,460.172999998,world,460.17299999844386,-0.32406928991972467,-0.17611358546539765,3.0850652691445712,-0.07214308928781812,0.03844422506068837,0.38735352145364416,-0.9182998778421755,0.06162808684341643,0.1553092709682101,-0.01696284827001486,-1.04747305488254,-0.5445309156057847,1.8448011599214378,-1.305638739631021,-1.064429291212976,0.36187225614410856,0.0,0.0,0.0,0.0,0.0,0.0,0.0,0.0,0.0,0.0,0.0,0.0,0.0,0.0,0.0,4,"1400.3287949291994,1437.9563220693851,1137.877127944482,939.5904993668318"
46017,460.181999998,world,460.1819999984438,-0.32356689602978306,-0.17475724915333932,3.0849270330521628,-0.06651542847205136,0.039149478937320126,0.38019265562861526,-0.9216813769845721,0.05007845891171981,0.14625551824278032,-0.01377753177809751,-1.1107604247575666,-0.42456210489440777,1.7790353349147208,-1.2639112317870473,-0.9597551104648661,0.34765609500161593,0.0,0.0,0.0,0.0,0.0,0.0,0.0,0.0,0.0,0.0,0.0,0.0,0.0,0.0,0.0,4,"1391.236143730951,1442.2898116007507,1128.3386298405485,948.4698268320368"
46018,460.190999998,world,460.1909999984438,-0.3231666040665444,-0.17347821860110246,3.0848168988522082,-0.06087237260733744,0.03924334146661818,0.3732426517829523,-0.9249023933873876,0.0389529961480685,0.138124050708122,-0.01071703370195703,-1.1561134820722183,-0.30616615360391525,1.7134924887114418,-1.212636165973488,-0.8591471810632245,0.3340793289910368,0.0,0.0,0.0,0.0,0.0,0.0,0.0,0.0,0.0,0.0,0.0,0.0,0.0,0.0,0.0,4,"1383.1367534038661,1445.3143490780685,1118.1271935654036,958.7142495897941"
46019,460.202999998,world,460.2029999984437,-0.3227843755560742,-0.17187910802825662,3.084711877786073,-0.05343240010078809,0.03850043737603937,0.3643089071084402,-0.9289465620490648,0.024914991856084794,0.12864729997714971,-0.006820754622809538,-1.1899362174675623,-0.1574567551643293,1.6267416700637471,-1.1316144382139368,-0.7323426474894479,0.3169300759282628,0.0,0.0,0.0,0.0,0.0,0.0,0.0,0.0,0.0,0.0,0.0,0.0,0.0,0.0,0.0,4,"1374.2101225355061,1446.5125034921487,1103.5244252759653,975.2073343986332"
46020,460.211999998,world,460.2119999984437,-0.32260489338601644,-0.1707495078952256,3.084662950642494,-0.04798881284523912,0.037360662813846854,0.3578618271840593,-0.9317919120491984,0.015075295729983782,0.1225091594747013,-0.004088929565374887,-1.1965853563237816,-0.0525572372169059,1.5621248559363663,-1.0617796227865173,-0.6425994847767957,0.2928283924749295,0.0,0.0,0.0,0.0,0.0,0.0,0.0,0.0,0.0,0.0,0.0,0.0,0.0,0.0,0.0,4,"1367.4371916331859,1446.234117976591,1092.2708377573963,986.0160384966824"
46021,460.220999998,world,460.22099999844363,-0.322511053444778,-0.16967160781257618,3.0846376368459834,-0.04271880911671447,0.035780446435262465,0.35163456130834625,-0.9344773931423007,0.0058908387371121845,0.11714938468830406,-0.0015705502692091023,-1.1885871038027316,0.04493712890510188,1.4980049115806315,-0.9868333557454404,-0.5587995387072997,0.26991798940511114,0.0,0.0,0.0,0.0,0.0,0.0,0.0,0.0,0.0,0.0,0.0,0.0,0.0,0.0,0.0,4,"1361.6704518462195,1444.838084245712,1081.3502448197078,997.2926151308277"
46022,460.232999998,world,460.2329999984436,-0.32250859866247644,-0.16830322062735437,3.084637466796466,-0.03602989057846702,0.0330914066023613,0.3436771969974611,-0.9378127691911372,-0.0052697361197713705,0.11111859430168004,0.0014858169811515715,-1.1587907032123979,0.15913822374927514,1.41361755236445,-0.8811545815706365,-0.4566476529768576,0.24202176853711918,0.0,0.0,0.0,0.0,0.0,0.0,0.0,0.0,0.0,0.0,0.0,0.0,0.0,0.0,0.0,4,"1355.899620697255,1440.43637549981,1067.7115116138777,1013.2735550756452"
46023,460.241999998,world,460.24199999844353,-0.32259042558030004,-0.16732053133706298,3.084660317176654,-0.03130944675805749,0.0307159045605766,0.33797067741703474,-0.940134071798805,-0.012790647059368512,0.10736033173048637,0.0035622173737246896,-1.1228969021237398,0.23391091465470512,1.351141666594728,-0.7990166694497383,-0.3872790749771815,0.22206021171387869,0.0,0.0,0.0,0.0,0.0,0.0,0.0,0.0,0.0,0.0,0.0,0.0,0.0,0.0,0.0,4,"1351.8782469440441,1437.0987496159876,1058.3447354511256,1024.3847590857406"
46024,460.250999998,world,460.2509999984435,-0.3227365907382386,-0.16636895637682603,3.084701063406676,-0.026875117029896256,0.028096433289865448,0.3324897674045776,-0.942305084933891,-0.019565342415914715,0.10419482510745622,0.005464143388182943,-1.0771698861215944,0.29876640312707387,1.289473785924124,-0.7156335371651529,-0.3242237544344162,0.20308805614196926,0.0,0.0,0.0,0.0,0.0,0.0,0.0,0.0,0.0,0.0,0.0,0.0,0.0,0.0,0.0,4,"1348.5893728231454,1432.8880358311494,1049.9073454235704,1035.2167859981814"
46025,460.262999998,world,460.26299999844343,-0.3230198897891192,-0.1651398837237109,3.084780615999467,-0.02143693990588838,0.024323174087577563,0.32553402392830466,-0.9449743065686086,-0.0274283374981378,0.10079856496112698,0.007746765311981239,-1.0055884250325322,0.3679842112016434,1.2088133722272703,-0.6042479982000456,-0.2498068005753612,0.17940796595739514,0.0,0.0,0.0,0.0,0.0,0.0,0.0,0.0,0.0,0.0,0.0,0.0,0.0,0.0,0.0,4,"1345.6682301037308,1425.232249508849,1040.7533725519202,1049.1518061946038"
46026,460.271999998,world,460.2719999984434,-0.32328991149097863,-0.1642420231940837,3.0848573255675897,-0.017729378957550074,0.02135360472923447,0.32058149689905946,-0.9468142354933229,-0.032452769110142,0.09879867213054383,0.009274050360543256,-0.9441423667515132,0.4082033182159664,1.1494701374648923,-0.5217046026804658,-0.2010226392235026,0.16218657192147365,0.0,0.0,0.0,0.0,0.0,0.0,0.0,0.0,0.0,0.0,0.0,0.0,0.0,0.0,0.0,4,"1343.4534052269096,1419.7722974873777,1034.7101914814466,1058.7692520587575"
46027,460.280999998,world,460.28099999844335,-0.3236018354802552,-0.16336027933540936,3.0849470938822385,-0.014350499097754394,0.018320266569814316,0.3158551062878725,-0.9485219991335643,-0.036742713202385785,0.09720826172938768,0.01064961912758112,-0.8777423713894695,0.4386490166593618,1.0911998071971547,-0.4409544027327919,-0.15812744556158165,0.14557891071488235,0.0,0.0,0.0,0.0,0.0,0.0,0.0,0.0,0.0,0.0,0.0,0.0,0.0,0.0,0.0,4,"1341.6679531388252,1413.76642826485,1029.879470163856,1067.720449068245"
46028,460.292999998,world,460.2929999984433,-0.3240716648120407,-0.16220379416122574,3.085084799359093,-0.01035498502859075,0.014255848127228639,0.30990312692435185,-0.950604858498914,-0.04135520088102418,0.09563543680265094,0.012258735355016738,-0.7861852624459682,0.4642005647727523,1.0154121044708393,-0.337283983656296,-0.1096376535430349,0.12443416914842582,0.0,0.0,0.0,0.0,0.0,0.0,0.0,0.0,0.0,0.0,0.0,0.0,0.0,0.0,0.0,4,"1340.1872475652267,1404.3585311629008,1026.0789615753185,1078.3434048047513"
46029,460.301999998,world,460.30199999844325,-0.32445634309763083,-0.16134702039426643,3.085199920599135,-0.007734846574941674,0.011246590914825234,0.3056994327713957,-0.952030221760057,-0.04401818027193368,0.09480364619002178,0.013300635862061767,-0.7149161743387528,0.4732752074528435,0.959960425850104,-0.2633040194294223,-0.07940763564343034,0.10898023237626911,0.0,0.0,0.0,0.0,0.0,0.0,0.0,0.0,0.0,0.0,0.0,0.0,0.0,0.0,0.0,4,"1338.8430176644981,1397.7907913443398,1023.8066777186662,1085.6811329253217"
46030,460.310999998,world,460.3109999984432,-0.32486205068268964,-0.16049658782261556,3.0853238010286756,-0.005431860609142876,0.00831209256513596,0.30171656263453206,-0.9533459602051682,-0.046034176659280245,0.09421884421274218,0.01420592251830475,-0.6427759731884837,0.47446776541584423,0.9057509390067906,-0.19316143390005203,-0.05415152440578497,0.09399604089561052,0.0,0.0,0.0,0.0,0.0,0.0,0.0,0.0,0.0,0.0,0.0,0.0,0.0,0.0,0.0,4,"1337.6541968556458,1390.9843189356202,1022.7350182072213,1092.2449215478528"
46031,460.322999998,world,460.32299999844315,-0.3254259717162884,-0.1593690937216033,3.085500518316021,-0.002832165978918406,0.004568026116661409,0.29674481031732325,-0.954941689069548,-0.047779497010609726,0.09374926960121141,0.015208570414995284,-0.5492334910319115,0.465268339517629,0.8355675908698714,-0.10626616824581381,-0.027603214719534863,0.07482443777242186,0.0,0.0,0.0,0.0,0.0,0.0,0.0,0.0,0.0,0.0,0.0,0.0,0.0,0.0,0.0,4,"1336.442886804996,1381.1316460154019,1023.9281251011157,1099.431660649033"
46032,460.331999998,world,460.3319999984431,-0.325859331135503,-0.15852621649222393,3.0856402054919907,-0.0012164373882929927,0.0019198563213057148,0.2932659153825607,-0.9560282094721969,-0.04843325581489006,0.09357900488721578,0.015812313255623097,-0.4803203082590228,0.4511824383259554,0.7844459310612684,-0.04644517161877387,-0.01256130717740278,0.06098313861179622,0.0,0.0,0.0,0.0,0.0,0.0,0.0,0.0,0.0,0.0,0.0,0.0,0.0,0.0,0.0,4,"1335.211720345193,1374.3227820640268,1025.0583711794288,1104.4827842415762"
46033,460.340999998,world,460.34099999844307,-0.32629622748040404,-0.15768432379571548,3.085784774588624,0.00012845513103090886,-0.0005667838867207394,0.28999735994411574,-0.9570272689326822,-0.048572791432944504,0.0935247859520254,0.016294261794536257,-0.41337479083333234,0.4318915712215367,0.7346476482940799,0.00851399902344896,-0.0013365828623046472,0.04768804129212656,0.0,0.0,0.0,0.0,0.0,0.0,0.0,0.0,0.0,0.0,0.0,0.0,0.0,0.0,0.0,4,"1333.9385612489284,1367.5141315444168,1027.1740510739983,1108.855131342414"
46034,460.352999998,world,460.352999998443,-0.32687666111904756,-0.1565618248127575,3.085983278215529,0.0015333618196523738,-0.0036057081710217116,0.28595945967703,-0.9582337058835578,-0.048035781192489226,0.09357722995927266,0.016756218799721882,-0.33016016176291696,0.4001506092806238,0.6704160856161462,0.07406214618068535,0.008336771784467345,0.030896579293539228,0.0,0.0,0.0,0.0,0.0,0.0,0.0,0.0,0.0,0.0,0.0,0.0,0.0,0.0,0.0,4,"1332.2228258008267,1358.1588452486128,1032.215008553712,1113.2587214491502"
46035,460.361999998,world,460.36199999844297,-0.32730528256002817,-0.15571922241342126,3.086135147428057,0.002321075934508075,-0.005663391121189896,0.2831655056365251,-0.9590515288685619,-0.047148853445407715,0.09367315219331837,0.016974837203290107,-0.2712980143835526,0.3723291969834974,0.6238058029489214,0.11739067218361626,0.012100105606038802,0.019085897914938865,0.0,0.0,0.0,0.0,0.0,0.0,0.0,0.0,0.0,0.0,0.0,0.0,0.0,0.0,0.0,4,"1330.6271902321575,1351.715000326294,1035.8951401652487,1116.5192059718524"
46036,460.370999998,world,460.3709999984429,-0.3277242458360771,-0.15487564699896264,3.0862885169809853,0.002900457095560052,-0.0075218314745497256,0.28056748865685616,-0.9598004447324926,-0.04589703359310339,0.09378952884412457,0.01709068322848325,-0.21593374806272825,0.34195293867851784,0.5785430999859371,0.15571092210370924,0.013227813169189306,0.007977500719479058,0.0,0.0,0.0,0.0,0.0,0.0,0.0,0.0,0.0,0.0,0.0,0.0,0.0,0.0,0.0,4,"1328.884717021193,1345.4195673758677,1040.2560190973172,1119.3003403600746"
46021,460.220999998,world,460.22099999844363,-0.322511053444778,-0.16967160781257618,3.0846376368459834,-0.04271880911671447,0.035780446435262465,0.35163456130834625,-0.9344773931423007,0.0058908387371121845,0.11714938468830406,-0.0015705502692091023,-1.1885871038027316,0.04493712890510188,1.4980049115806315,-0.9868333557454404,-0.5587995387072997,0.26991798940511114,0.0,0.0,0.0,0.0,0.0,0.0,0.0,0.0,0.0,0.0,0.0,0.0,0.0,0.0,0.0,4,"1361.6704518462195,1444.838084245712,1081.3502448197078,997.2926151308277"
46022,460.232999998,world,460.2329999984436,-0.32250859866247644,-0.16830322062735437,3.084637466796466,-0.03602989057846702,0.0330914066023613,0.3436771969974611,-0.9378127691911372,-0.0052697361197713705,0.11111859430168004,0.0014858169811515715,-1.1587907032123979,0.15913822374927514,1.41361755236445,-0.8811545815706365,-0.4566476529768576,0.24202176853711918,0.0,0.0,0.0,0.0,0.0,0.0,0.0,0.0,0.0,0.0,0.0,0.0,0.0,0.0,0.0,4,"1355.899620697255,1440.43637549981,1067.7115116138777,1013.2735550756452"
46023,460.241999998,world,460.24199999844353,-0.32259042558030004,-0.16732053133706298,3.084660317176654,-0.03130944675805749,0.0307159045605766,0.33797067741703474,-0.940134071798805,-0.012790647059368512,0.10736033173048637,0.0035622173737246896,-1.1228969021237398,0.23391091465470512,1.351141666594728,-0.7990166694497383,-0.3872790749771815,0.22206021171387869,0.0,0.0,0.0,0.0,0.0,0.0,0.0,0.0,0.0,0.0,0.0,0.0,0.0,0.0,0.0,4,"1351.8782469440441,1437.0987496159876,1058.3447354511256,1024.3847590857406"
46024,460.250999998,world,460.2509999984435,-0.3227365907382386,-0.16636895637682603,3.084701063406676,-0.026875117029896256,0.028096433289865448,0.3324897674045776,-0.942305084933891,-0.019565342415914715,0.10419482510745622,0.005464143388182943,-1.0771698861215944,0.29876640312707387,1.289473785924124,-0.7156335371651529,-0.3242237544344162,0.20308805614196926,0.0,0.0,0.0,0.0,0.0,0.0,0.0,0.0,0.0,0.0,0.0,0.0,0.0,0.0,0.0,4,"1348.5893728231454,1432.8880358311494,1049.9073454235704,1035.2167859981814"
46025,460.262999998,world,460.26299999844343,-0.3230198897891192,-0.1651398837237109,3.084780615999467,-0.02143693990588838,0.024323174087577563,0.32553402392830466,-0.9449743065686086,-0.0274283374981378,0.10079856496112698,0.007746765311981239,-1.0055884250325322,0.3679842112016434,1.2088133722272703,-0.6042479982000456,-0.2498068005753612,0.17940796595739514,0.0,0.0,0.0,0.0,0.0,0.0,0.0,0.0,0.0,0.0,0.0,0.0,0.0,0.0,0.0,4,"1345.6682301037308,1425.232249508849,1040.7533725519202,1049.1518061946038"
46026,460.271999998,world,460.2719999984434,-0.32328991149097863,-0.1642420231940837,3.0848573255675897,-0.017729378957550074,0.02135360472923447,0.32058149689905946,-0.9468142354933229,-0.032452769110142,0.09879867213054383,0.009274050360543256,-0.9441423667515132,0.4082033182159664,1.1494701374648923,-0.5217046026804658,-0.2010226392235026,0.16218657192147365,0.0,0.0,0.0,0.0,0.0,0.0,0.0,0.0,0.0,0.0,0.0,0.0,0.0,0.0,0.0,4,"1343.4534052269096,1419.7722974873777,1034.7101914814466,1058.7692520587575"
46027,460.280999998,world,460.28099999844335,-0.3236018354802552,-0.16336027933540936,3.0849470938822385,-0.014350499097754394,0.018320266569814316,0.3158551062878725,-0.9485219991335643,-0.036742713202385785,0.09720826172938768,0.01064961912758112,-0.8777423713894695,0.4386490166593618,1.0911998071971547,-0.4409544027327919,-0.15812744556158165,0.14557891071488235,0.0,0.0,0.0,0.0,0.0,0.0,0.0,0.0,0.0,0.0,0.0,0.0,0.0,0.0,0.0,4,"1341.6679531388252,1413.76642826485,1029.879470163856,1067.720449068245"
46028,460.292999998,world,460.2929999984433,-0.3240716648120407,-0.16220379416122574,3.085084799359093,-0.01035498502859075,0.014255848127228639,0.30990312692435185,-0.950604858498914,-0.04135520088102418,0.09563543680265094,0.012258735355016738,-0.7861852624459682,0.4642005647727523,1.0154121044708393,-0.337283983656296,-0.1096376535430349,0.12443416914842582,0.0,0.0,0.0,0.0,0.0,0.0,0.0,0.0,0.0,0.0,0.0,0.0,0.0,0.0,0.0,4,"1340.1872475652267,1404.3585311629008,1026.0789615753185,1078.3434048047513"
46029,460.301999998,world,460.30199999844325,-0.32445634309763083,-0.16134702039426643,3.085199920599135,-0.007734846574941674,0.011246590914825234,0.3056994327713957,-0.952030221760057,-0.04401818027193368,0.09480364619002178,0.013300635862061767,-0.7149161743387528,0.4732752074528435,0.959960425850104,-0.2633040194294223,-0.07940763564343034,0.10898023237626911,0.0,0.0,0.0,0.0,0.0,0.0,0.0,0.0,0.0,0.0,0.0,0.0,0.0,0.0,0.0,4,"1338.8430176644981,1397.7907913443398,1023.8066777186662,1085.6811329253217"
46030,460.310999998,world,460.3109999984432,-0.32486205068268964,-0.16049658782261556,3.0853238010286756,-0.005431860609142876,0.00831209256513596,0.30171656263453206,-0.9533459602051682,-0.046034176659280245,0.09421884421274218,0.01420592251830475,-0.6427759731884837,0.47446776541584423,0.9057509390067906,-0.19316143390005203,-0.05415152440578497,0.09399604089561052,0.0,0.0,0.0,0.0,0.0,0.0,0.0,0.0,0.0,0.0,0.0,0.0,0.0,0.0,0.0,4,"1337.6541968556458,1390.9843189356202,1022.7350182072213,1092.2449215478528"
46031,460.322999998,world,460.32299999844315,-0.3254259717162884,-0.1593690937216033,3.085500518316021,-0.002832165978918406,0.004568026116661409,0.29674481031732325,-0.954941689069548,-0.047779497010609726,0.09374926960121141,0.015208570414995284,-0.5492334910319115,0.465268339517629,0.8355675908698714,-0.10626616824581381,-0.027603214719534863,0.07482443777242186,0.0,0.0,0.0,0.0,0.0,0.0,0.0,0.0,0.0,0.0,0.0,0.0,0.0,0.0,0.0,4,"1336.442886804996,1381.1316460154019,1023.9281251011157,1099.431660649033"
46032,460.331999998,world,460.3319999984431,-0.325859331135503,-0.15852621649222393,3.0856402054919907,-0.0012164373882929927,0.0019198563213057148,0.2932659153825607,-0.9560282094721969,-0.04843325581489006,0.09357900488721578,0.015812313255623097,-0.4803203082590228,0.4511824383259554,0.7844459310612684,-0.04644517161877387,-0.01256130717740278,0.06098313861179622,0.0,0.0,0.0,0.0,0.0,0.0,0.0,0.0,0.0,0.0,0.0,0.0,0.0,0.0,0.0,4,"1335.211720345193,1374.3227820640268,1025.0583711794288,1104.4827842415762"
46033,460.340999998,world,460.34099999844307,-0.32629622748040404,-0.15768432379571548,3.085784774588624,0.00012845513103090886,-0.0005667838867207394,0.28999735994411574,-0.9570272689326822,-0.048572791432944504,0.0935247859520254,0.016294261794536257,-0.41337479083333234,0.4318915712215367,0.7346476482940799,0.00851399902344896,-0.0013365828623046472,0.04768804129212656,0.0,0.0,0.0,0.0,0.0,0.0,0.0,0.0,0.0,0.0,0.0,0.0,0.0,0.0,0.0,4,"1333.9385612489284,1367.5141315444168,1027.1740510739983,1108.855131342414"
46034,460.352999998,world,460.352999998443,-0.32687666111904756,-0.1565618248127575,3.085983278215529,0.0015333618196523738,-0.0036057081710217116,0.28595945967703,-0.9582337058835578,-0.048035781192489226,0.09357722995927266,0.016756218799721882,-0.33016016176291696,0.4001506092806238,0.6704160856161462,0.07406214618068535,0.008336771784467345,0.030896579293539228,0.0,0.0,0.0,0.0,0.0,0.0,0.0,0.0,0.0,0.0,0.0,0.0,0.0,0.0,0.0,4,"1332.2228258008267,1358.1588452486128,1032.215008553712,1113.2587214491502"
46035,460.361999998,world,460.36199999844297,-0.32730528256002817,-0.15571922241342126,3.086135147428057,0.002321075934508075,-0.005663391121189896,0.2831655056365251,-0.9590515288685619,-0.047148853445407715,0.09367315219331837,0.016974837203290107,-0.2712980143835526,0.3723291969834974,0.6238058029489214,0.11739067218361626,0.012100105606038802,0.019085897914938865,0.0,0.0,0.0,0.0,0.0,0.0,0.0,0.0,0.0,0.0,0.0,0.0,0.0,0.0,0.0,4,"1330.6271902321575,1351.715000326294,1035.8951401652487,1116.5192059718524"
46036,460.370999998,world,460.3709999984429,-0.3277242458360771,-0.15487564699896264,3.0862885169809853,0.002900457095560052,-0.0075218314745497256,0.28056748865685616,-0.9598004447324926,-0.04589703359310339,0.09378952884412457,0.01709068322848325,-0.21593374806272825,0.34195293867851784,0.5785430999859371,0.15571092210370924,0.013227813169189306,0.007977500719479058,0.0,0.0,0.0,0.0,0.0,0.0,0.0,0.0,0.0,0.0,0.0,0.0,0.0,0.0,0.0,4,"1328.884717021193,1345.4195673758677,1040.2560190973172,1119.3003403600746"
46037,460.382999998,world,460.38299999844287,-0.3282625696954264,-0.15374925070222864,3.086493799758975,0.003384111146372384,-0.009686492553276797,0.27739969993733476,-0.9606998106216328,-0.043737321329919226,0.09393884086230601,0.017095992030589768,-0.14949698732641895,0.29958841816217735,0.5203600520764311,0.19921130533118864,0.011218359114412157,-0.0056994955330604,0.0,0.0,0.0,0.0,0.0,0.0,0.0,0.0,0.0,0.0,0.0,0.0,0.0,0.0,0.0,4,"1326.3172577371995,1337.0815168438942,1047.7166786057423,1121.9234251208447"
46038,460.391999998,world,460.3919999984428,-0.328647692893717,-0.15290339898669952,3.0866472846699264,0.0035557790447151186,-0.01107593930092329,0.27523938543371784,-0.9613053420792255,-0.04180529162367118,0.09402247285473014,0.016997906167423825,-0.10414757725756109,0.26650583698655306,0.4782899125786455,0.22635043636617946,0.0074957355128968395,-0.014982345431954064,0.0,0.0,0.0,0.0,0.0,0.0,0.0,0.0,0.0,0.0,0.0,0.0,0.0,0.0,0.0,4,"1324.1663074977503,1331.320140679543,1052.960371738523,1124.0819455073204"
46039,460.400999998,world,460.4009999984428,-0.32901440074505617,-0.15205697137267568,3.086799523595627,0.003583126787979452,-0.012266617785006812,0.2732580424382552,-0.9618558798143048,-0.0396518083975385,0.09406445925425835,0.016820314515373067,-0.06274607388314629,0.23297484187839956,0.4375619888127595,0.24895606849861113,0.002185090122799882,-0.023460162718341726,0.0,0.0,0.0,0.0,0.0,0.0,0.0,0.0,0.0,0.0,0.0,0.0,0.0,0.0,0.0,4,"1321.844002638762,1325.77068651331,1058.5877214765994,1125.9740097141168"
46040,460.412999998,world,460.41299999844273,-0.32947161592331703,-0.15092827249919247,3.086999394192916,0.003426876024949175,-0.013556426219939122,0.27088521789956577,-0.962510092701556,-0.03650433861548665,0.09403368297120392,0.016471570311810804,-0.014747358155316005,0.1893638876397506,0.3853927302276542,0.2724569600179444,-0.006890517486757286,-0.03354639341459145,0.0,0.0,0.0,0.0,0.0,0.0,0.0,0.0,0.0,0.0,0.0,0.0,0.0,0.0,0.0,4,"1318.422792479879,1318.6038084941483,1067.1630200764127,1127.791556598386"
46041,460.421999998,world,460.4219999984427,-0.32978890160986984,-0.15008237077839093,3.0871461751185234,0.0031874637407093235,-0.014310804921601113,0.2693001491728719,-0.9629446871928141,-0.033984437935972146,0.09393244006083501,0.016136679124739504,0.01682710387836125,0.15724348307999164,0.3478146342962205,0.2854432342888,-0.014864002003220356,-0.040078224149222436,0.0,0.0,0.0,0.0,0.0,0.0,0.0,0.0,0.0,0.0,0.0,0.0,0.0,0.0,0.0,4,"1315.7446566707576,1313.6048611405624,1073.1100935358565,1129.4770236781128"
46042,460.430999998,world,460.43099999844264,-0.3300830417031297,-0.1492377158673767,3.087289690223486,0.0028600183154687373,-0.01489127453747703,0.2678757067482827,-0.9633341455445213,-0.03136642886876631,0.0937554966241702,0.015747030156131527,0.04471507894210487,0.12605048755751713,0.3115580000271559,0.29471245676977037,-0.023594344029292946,-0.04581044314160704,0.0,0.0,0.0,0.0,0.0,0.0,0.0,0.0,0.0,0.0,0.0,0.0,0.0,0.0,0.0,4,"1312.9226921991244,1308.821823725398,1079.2075566794335,1131.0633328748065"
46043,460.442999998,world,460.4429999984426,-0.3304379916191697,-0.14811468038728032,3.0874751690034943,0.0023120585475130584,-0.015413837404510695,0.26621652434732956,-0.9637872328300308,-0.02777823478924648,0.09339206921525368,0.01515340069343636,0.07574048602687969,0.0872412382774734,0.26529904765693385,0.30178491812969666,-0.0360629470242263,-0.05231975187064593,0.0,0.0,0.0,0.0,0.0,0.0,0.0,0.0,0.0,0.0,0.0,0.0,0.0,0.0,0.0,4,"1308.8524480289861,1302.740775523894,1087.9327247065032,1132.790196365442"
46044,460.451999998,world,460.45199999844255,-0.33067573542529444,-0.14727576481737847,3.0876093678256527,0.0018350838342985952,-0.01563204041468664,0.26514484697675295,-0.9640801221379213,-0.025051389616849554,0.09301898329549041,0.01466273831346685,0.0951832189724606,0.05979797556606626,0.23212121091452342,0.30350613995195824,-0.04580081964961069,-0.05623779646793045,0.0,0.0,0.0,0.0,0.0,0.0,0.0,0.0,0.0,0.0,0.0,0.0,0.0,0.0,0.0,4,"1305.7956378588058,1298.4389184137258,1093.9696619246577,1134.4351756051515"
46045,460.460999998,world,460.4609999984425,-0.330888912779406,-0.14644060442630516,3.087739003243607,0.0013145643018852673,-0.015713025524884003,0.26421498412918976,-0.9643349080641862,-0.02232318226112755,0.09255736186725029,0.014140358361726673,0.11155132272170266,0.03399059543944462,0.2002326913280516,0.302440247858235,-0.055695858129298226,-0.05945536255525484,0.0,0.0,0.0,0.0,0.0,0.0,0.0,0.0,0.0,0.0,0.0,0.0,0.0,0.0,0.0,4,"1302.6449348966703,1294.3268379985757,1100.0019095408945,1136.0822409943728"
46046,460.472999998,world,460.47299999844245,-0.33113513104644354,-0.1453342833243522,3.087904305566524,0.0005716116804640403,-0.01562896390354077,0.2631860006690793,-0.9646183378928705,-0.018724083739926893,0.09180307898711626,0.013403631382587527,0.1285798567924552,0.003014953212242406,0.1597302144377174,0.297172451345664,-0.06889982427624175,-0.06281949692764875,0.0,0.0,0.0,0.0,0.0,0.0,0.0,0.0,0.0,0.0,0.0,0.0,0.0,0.0,0.0,4,"1298.2026465806289,1289.1411703548406,1108.2875730973572,1138.1085155705468"
46047,460.481999998,world,460.4819999984424,-0.3312917066844752,-0.14451100047224985,3.088022366801274,-9.649261895484337e-06,-0.01543761646263842,0.2625651226750615,-0.9647907733075988,-0.01608038299760004,0.09113404071813393,0.01282968238191777,0.13831709397350472,-0.018117963689329525,0.1308239377287242,0.2907012127622739,-0.07865896348513424,-0.0645256939793299,0.0,0.0,0.0,0.0,0.0,0.0,0.0,0.0,0.0,0.0,0.0,0.0,0.0,0.0,0.0,4,"1294.9488574963598,1285.4143881964058,1114.0482488967148,1139.9290666673992"
46048,460.490999998,world,460.49099999844236,-0.3314247817962854,-0.14369413081461624,3.088135202281672,-0.0006021186390831922,-0.015148439812998446,0.26206743125341686,-0.9649304760969115,-0.01350456204686746,0.09037828971487043,0.012243174786090402,0.14567954700518204,-0.037391053283955755,0.10316330876811979,0.2823381515319589,-0.088180180328995,-0.06568125539510757,0.0,0.0,0.0,0.0,0.0,0.0,0.0,0.0,0.0,0.0,0.0,0.0,0.0,0.0,0.0,4,"1291.6523241693912,1281.8436078045788,1119.7144256073743,1141.795403796107"
46049,460.502999998,world,460.5029999984423,-0.3315668601754729,-0.14261627340700517,3.0882773588479377,-0.001396732611939488,-0.014630991101580147,0.26158597979909476,-0.9650682661915394,-0.010202715053914874,0.08924029050890708,0.011448167109874955,0.15203068498862868,-0.059681155676394856,0.06821313264729827,0.26867794067050343,-0.10036374244644375,-0.06655608635837071,0.0,0.0,0.0,0.0,0.0,0.0,0.0,0.0,0.0,0.0,0.0,0.0,0.0,0.0,0.0,4,"1287.095993149604,1277.3546573221356,1127.2684612633177,1144.2435631299545"
46050,460.511999998,world,460.51199999844226,-0.3316479845856327,-0.1418173137005239,3.0883776969407233,-0.0019877216005111825,-0.014158509529633564,0.2613544798877022,-0.965136996189332,-0.00784275247715535,0.08829334528646482,0.010849194409864185,0.15453401233529873,-0.074277407095513,0.043411347781478274,0.2568681526121403,-0.1090312658267173,-0.06657077815523486,0.0,0.0,0.0,0.0,0.0,0.0,0.0,0.0,0.0,0.0,0.0,0.0,0.0,0.0,0.0,4,"1283.8064200676447,1274.0827889718628,1132.5700394371352,1146.292376906714"
46051,460.520999998,world,460.5209999984422,-0.33170836584737873,-0.14102722031358994,3.0884726500151363,-0.0025681063815303686,-0.013624825545974804,0.2612281659063919,-0.9651775040352097,-0.005594770263912647,0.08727070913312583,0.010252078291659162,0.15530793811357746,-0.08708368094236726,0.019799617149134308,0.24395084096174702,-0.11722738688164924,-0.06619511685033996,0.0,0.0,0.0,0.0,0.0,0.0,0.0,0.0,0.0,0.0,0.0,0.0,0.0,0.0,0.0,4,"1280.516165548275,1270.9374000251548,1137.7302592830072,1148.393977944316"
46052,460.532999998,world,460.53299999844216,-0.33175843177694764,-0.13998869154057464,3.0885909262466047,-0.003317491226911092,-0.012835518401386027,0.2612143363659488,-0.9651897814400151,-0.0027868464843611835,0.08579724742588446,0.009462772075527528,0.15401083056164583,-0.10114875365461086,-0.009854237633130864,0.22536335399128563,-0.1273497818732039,-0.06528250507817877,0.0,0.0,0.0,0.0,0.0,0.0,0.0,0.0,0.0,0.0,0.0,0.0,0.0,0.0,0.0,4,"1276.0443557238139,1266.9855590914722,1144.4457220755228,1151.2239044760004"
46037,460.382999998,world,460.38299999844287,-0.3282625696954264,-0.15374925070222864,3.086493799758975,0.003384111146372384,-0.009686492553276797,0.27739969993733476,-0.9606998106216328,-0.043737321329919226,0.09393884086230601,0.017095992030589768,-0.14949698732641895,0.29958841816217735,0.5203600520764311,0.19921130533118864,0.011218359114412157,-0.0056994955330604,0.0,0.0,0.0,0.0,0.0,0.0,0.0,0.0,0.0,0.0,0.0,0.0,0.0,0.0,0.0,4,"1326.3172577371995,1337.0815168438942,1047.7166786057423,1121.9234251208447"
46038,460.391999998,world,460.3919999984428,-0.328647692893717,-0.15290339898669952,3.0866472846699264,0.0035557790447151186,-0.01107593930092329,0.27523938543371784,-0.9613053420792255,-0.04180529162367118,0.09402247285473014,0.016997906167423825,-0.10414757725756109,0.26650583698655306,0.4782899125786455,0.22635043636617946,0.0074957355128968395,-0.014982345431954064,0.0,0.0,0.0,0.0,0.0,0.0,0.0,0.0,0.0,0.0,0.0,0.0,0.0,0.0,0.0,4,"1324.1663074977503,1331.320140679543,1052.960371738523,1124.0819455073204"
46039,460.400999998,world,460.4009999984428,-0.32901440074505617,-0.15205697137267568,3.086799523595627,0.003583126787979452,-0.012266617785006812,0.2732580424382552,-0.9618558798143048,-0.0396518083975385,0.09406445925425835,0.016820314515373067,-0.06274607388314629,0.23297484187839956,0.4375619888127595,0.24895606849861113,0.002185090122799882,-0.023460162718341726,0.0,0.0,0.0,0.0,0.0,0.0,0.0,0.0,0.0,0.0,0.0,0.0,0.0,0.0,0.0,4,"1321.844002638762,1325.77068651331,1058.5877214765994,1125.9740097141168"
46040,460.412999998,world,460.41299999844273,-0.32947161592331703,-0.15092827249919247,3.086999394192916,0.003426876024949175,-0.013556426219939122,0.27088521789956577,-0.962510092701556,-0.03650433861548665,0.09403368297120392,0.016471570311810804,-0.014747358155316005,0.1893638876397506,0.3853927302276542,0.2724569600179444,-0.006890517486757286,-0.03354639341459145,0.0,0.0,0.0,0.0,0.0,0.0,0.0,0.0,0.0,0.0,0.0,0.0,0.0,0.0,0.0,4,"1318.422792479879,1318.6038084941483,1067.1630200764127,1127.791556598386"
46041,460.421999998,world,460.4219999984427,-0.32978890160986984,-0.15008237077839093,3.0871461751185234,0.0031874637407093235,-0.014310804921601113,0.2693001491728719,-0.9629446871928141,-0.033984437935972146,0.09393244006083501,0.016136679124739504,0.01682710387836125,0.15724348307999164,0.3478146342962205,0.2854432342888,-0.014864002003220356,-0.040078224149222436,0.0,0.0,0.0,0.0,0.0,0.0,0.0,0.0,0.0,0.0,0.0,0.0,0.0,0.0,0.0,4,"1315.7446566707576,1313.6048611405624,1073.1100935358565,1129.4770236781128"
46042,460.430999998,world,460.43099999844264,-0.3300830417031297,-0.1492377158673767,3.087289690223486,0.0028600183154687373,-0.01489127453747703,0.2678757067482827,-0.9633341455445213,-0.03136642886876631,0.0937554966241702,0.015747030156131527,0.04471507894210487,0.12605048755751713,0.3115580000271559,0.29471245676977037,-0.023594344029292946,-0.04581044314160704,0.0,0.0,0.0,0.0,0.0,0.0,0.0,0.0,0.0,0.0,0.0,0.0,0.0,0.0,0.0,4,"1312.9226921991244,1308.821823725398,1079.2075566794335,1131.0633328748065"
46043,460.442999998,world,460.4429999984426,-0.3304379916191697,-0.14811468038728032,3.0874751690034943,0.0023120585475130584,-0.015413837404510695,0.26621652434732956,-0.9637872328300308,-0.02777823478924648,0.09339206921525368,0.01515340069343636,0.07574048602687969,0.0872412382774734,0.26529904765693385,0.30178491812969666,-0.0360629470242263,-0.05231975187064593,0.0,0.0,0.0,0.0,0.0,0.0,0.0,0.0,0.0,0.0,0.0,0.0,0.0,0.0,0.0,4,"1308.8524480289861,1302.740775523894,1087.9327247065032,1132.790196365442"
46044,460.451999998,world,460.45199999844255,-0.33067573542529444,-0.14727576481737847,3.0876093678256527,0.0018350838342985952,-0.01563204041468664,0.26514484697675295,-0.9640801221379213,-0.025051389616849554,0.09301898329549041,0.01466273831346685,0.0951832189724606,0.05979797556606626,0.23212121091452342,0.30350613995195824,-0.04580081964961069,-0.05623779646793045,0.0,0.0,0.0,0.0,0.0,0.0,0.0,0.0,0.0,0.0,0.0,0.0,0.0,0.0,0.0,4,"1305.7956378588058,1298.4389184137258,1093.9696619246577,1134.4351756051515"
46045,460.460999998,world,460.4609999984425,-0.330888912779406,-0.14644060442630516,3.087739003243607,0.0013145643018852673,-0.015713025524884003,0.26421498412918976,-0.9643349080641862,-0.02232318226112755,0.09255736186725029,0.014140358361726673,0.11155132272170266,0.03399059543944462,0.2002326913280516,0.302440247858235,-0.055695858129298226,-0.05945536255525484,0.0,0.0,0.0,0.0,0.0,0.0,0.0,0.0,0.0,0.0,0.0,0.0,0.0,0.0,0.0,4,"1302.6449348966703,1294.3268379985757,1100.0019095408945,1136.0822409943728"
46046,460.472999998,world,460.47299999844245,-0.33113513104644354,-0.1453342833243522,3.087904305566524,0.0005716116804640403,-0.01562896390354077,0.2631860006690793,-0.9646183378928705,-0.018724083739926893,0.09180307898711626,0.013403631382587527,0.1285798567924552,0.003014953212242406,0.1597302144377174,0.297172451345664,-0.06889982427624175,-0.06281949692764875,0.0,0.0,0.0,0.0,0.0,0.0,0.0,0.0,0.0,0.0,0.0,0.0,0.0,0.0,0.0,4,"1298.2026465806289,1289.1411703548406,1108.2875730973572,1138.1085155705468"
46047,460.481999998,world,460.4819999984424,-0.3312917066844752,-0.14451100047224985,3.088022366801274,-9.649261895484337e-06,-0.01543761646263842,0.2625651226750615,-0.9647907733075988,-0.01608038299760004,0.09113404071813393,0.01282968238191777,0.13831709397350472,-0.018117963689329525,0.1308239377287242,0.2907012127622739,-0.07865896348513424,-0.0645256939793299,0.0,0.0,0.0,0.0,0.0,0.0,0.0,0.0,0.0,0.0,0.0,0.0,0.0,0.0,0.0,4,"1294.9488574963598,1285.4143881964058,1114.0482488967148,1139.9290666673992"
46048,460.490999998,world,460.49099999844236,-0.3314247817962854,-0.14369413081461624,3.088135202281672,-0.0006021186390831922,-0.015148439812998446,0.26206743125341686,-0.9649304760969115,-0.01350456204686746,0.09037828971487043,0.012243174786090402,0.14567954700518204,-0.037391053283955755,0.10316330876811979,0.2823381515319589,-0.088180180328995,-0.06568125539510757,0.0,0.0,0.0,0.0,0.0,0.0,0.0,0.0,0.0,0.0,0.0,0.0,0.0,0.0,0.0,4,"1291.6523241693912,1281.8436078045788,1119.7144256073743,1141.795403796107"
46049,460.502999998,world,460.5029999984423,-0.3315668601754729,-0.14261627340700517,3.0882773588479377,-0.001396732611939488,-0.014630991101580147,0.26158597979909476,-0.9650682661915394,-0.010202715053914874,0.08924029050890708,0.011448167109874955,0.15203068498862868,-0.059681155676394856,0.06821313264729827,0.26867794067050343,-0.10036374244644375,-0.06655608635837071,0.0,0.0,0.0,0.0,0.0,0.0,0.0,0.0,0.0,0.0,0.0,0.0,0.0,0.0,0.0,4,"1287.095993149604,1277.3546573221356,1127.2684612633177,1144.2435631299545"
46050,460.511999998,world,460.51199999844226,-0.3316479845856327,-0.1418173137005239,3.0883776969407233,-0.0019877216005111825,-0.014158509529633564,0.2613544798877022,-0.965136996189332,-0.00784275247715535,0.08829334528646482,0.010849194409864185,0.15453401233529873,-0.074277407095513,0.043411347781478274,0.2568681526121403,-0.1090312658267173,-0.06657077815523486,0.0,0.0,0.0,0.0,0.0,0.0,0.0,0.0,0.0,0.0,0.0,0.0,0.0,0.0,0.0,4,"1283.8064200676447,1274.0827889718628,1132.5700394371352,1146.292376906714"
46051,460.520999998,world,460.5209999984422,-0.33170836584737873,-0.14102722031358994,3.0884726500151363,-0.0025681063815303686,-0.013624825545974804,0.2612281659063919,-0.9651775040352097,-0.005594770263912647,0.08727070913312583,0.010252078291659162,0.15530793811357746,-0.08708368094236726,0.019799617149134308,0.24395084096174702,-0.11722738688164924,-0.06619511685033996,0.0,0.0,0.0,0.0,0.0,0.0,0.0,0.0,0.0,0.0,0.0,0.0,0.0,0.0,0.0,4,"1280.516165548275,1270.9374000251548,1137.7302592830072,1148.393977944316"
46052,460.532999998,world,460.53299999844216,-0.33175843177694764,-0.13998869154057464,3.0885909262466047,-0.003317491226911092,-0.012835518401386027,0.2612143363659488,-0.9651897814400151,-0.0027868464843611835,0.08579724742588446,0.009462772075527528,0.15401083056164583,-0.10114875365461086,-0.009854237633130864,0.22536335399128563,-0.1273497818732039,-0.06528250507817877,0.0,0.0,0.0,0.0,0.0,0.0,0.0,0.0,0.0,0.0,0.0,0.0,0.0,0.0,0.0,4,"1276.0443557238139,1266.9855590914722,1144.4457220755228,1151.2239044760004"
46053,460.541999998,world,460.5419999984421,-0.3317746156827747,-0.13922178557378004,3.08867346639279,-0.0038560015831914426,-0.012197533198042836,0.2613132581864736,-0.9651692766202427,-0.0008316839618059762,0.08461592470078041,0.008881233846385006,0.15144495743897424,-0.10978017342464334,-0.030757142828773176,0.21065867276353115,-0.1342985619609549,-0.0641266082816519,0.0,0.0,0.0,0.0,0.0,0.0,0.0,0.0,0.0,0.0,0.0,0.0,0.0,0.0,0.0,4,"1272.8396945187023,1264.0753561134525,1149.213284651271,1153.4636879226603"
46054,460.550999998,world,460.5509999984421,-0.331773806588055,-0.13846578380824376,3.0887508235065724,-0.004370389979998396,-0.01152956094607974,0.2615002914533095,-0.9651246377984801,0.0009886958547065193,0.08337497201167597,0.008311352576836946,0.1476913716418187,-0.11684401001378636,-0.0505368808074017,0.19549108790108008,-0.1406618849435909,-0.06272508478348017,0.0,0.0,0.0,0.0,0.0,0.0,0.0,0.0,0.0,0.0,0.0,0.0,0.0,0.0,0.0,4,"1269.6652193629684,1261.2697756065427,1153.8164492642366,1155.7460428378422"
46055,460.562999998,world,460.562999998442,-0.33174842256954895,-0.1374756224887179,3.0888460934587556,-0.005014375314435731,-0.01060629063470317,0.26187826660554125,-0.9650296037525766,0.003200611969141457,0.08163689789882397,0.007571404209399327,0.1412672933258752,-0.12381234733233654,-0.07519929303986499,0.1748276113322884,-0.14821209414266068,-0.06065940115530712,0.0,0.0,0.0,0.0,0.0,0.0,0.0,0.0,0.0,0.0,0.0,0.0,0.0,0.0,0.0,4,"1265.4133098557797,1257.7438799691079,1159.6795958578002,1158.8486739753755"
46056,460.571999998,world,460.571999998442,-0.3317127825366262,-0.13674697337531103,3.088911810242742,-0.005463237354964395,-0.009899079207902605,0.26225199171501085,-0.9649331863450179,0.00469594769714082,0.08027774257506294,0.00703514403878284,0.1354022175064989,-0.12743305841454025,-0.09244403827529024,0.15919958498113954,-0.15316921445635012,-0.058785446494805105,0.0,0.0,0.0,0.0,0.0,0.0,0.0,0.0,0.0,0.0,0.0,0.0,0.0,0.0,0.0,4,"1262.3752437066903,1255.1313862943755,1163.8909362582956,1161.2097156153463"
46057,460.580999998,world,460.58099999844194,-0.3316643173080691,-0.13603074775838403,3.088972778680072,-0.005880696775507101,-0.00918672878116031,0.2626978814661547,-0.9648164822871395,0.006050723324942866,0.07887704299537661,0.006516407014082105,0.12878836288293724,-0.12977663832699257,-0.10864215726173554,0.1436094050688199,-0.15751188987510323,-0.056782739380496945,0.0,0.0,0.0,0.0,0.0,0.0,0.0,0.0,0.0,0.0,0.0,0.0,0.0,0.0,0.0,4,"1259.3888309159613,1252.608386210336,1167.92746254005,1163.5978331917486"
46058,460.592999998,world,460.5929999984419,-0.3315819255310308,-0.13509570171045396,3.0890469556656353,-0.006386770925371606,-0.008239384535342351,0.26339683759374494,-0.9646312392024425,0.007640222686599055,0.07695435980866379,0.005852106470249649,0.11925846683423508,-0.13105620686842426,-0.12865962596659705,0.12308635817776403,-0.16235668787051294,-0.05407790280007995,0.0,0.0,0.0,0.0,0.0,0.0,0.0,0.0,0.0,0.0,0.0,0.0,0.0,0.0,0.0,4,"1255.4419384345438,1249.4366307824782,1172.9648663450007,1166.8517827617477"
46059,460.601999998,world,460.60199999844184,-0.3315084168768346,-0.13440973648671511,3.0890974712417583,-0.00672749540908473,-0.007537857874234741,0.26399367178176864,-0.9644714940128446,0.008672483419856323,0.07547799204394326,0.0053769318554580175,0.11150459183189006,-0.13076444008896726,-0.14251568797360828,0.10803470271904779,-0.1652993432487565,-0.051841671043093875,0.0,0.0,0.0,0.0,0.0,0.0,0.0,0.0,0.0,0.0,0.0,0.0,0.0,0.0,0.0,4,"1252.6225535378126,1247.0802122510138,1176.6225359153023,1169.262391936295"
46060,460.610999998,world,460.6109999984418,-0.3314262215047019,-0.13373716850064127,3.089143801504957,-0.007034133466462642,-0.006849581616760016,0.26464798406507,-0.9642951045859073,0.009571213448467064,0.07397807190753022,0.0049220992464085855,0.10335410443542274,-0.12950789172290886,-0.15540904347361345,0.09338372110668201,-0.16765742150720575,-0.04956294014000443,0.0,0.0,0.0,0.0,0.0,0.0,0.0,0.0,0.0,0.0,0.0,0.0,0.0,0.0,0.0,4,"1249.8693402479207,1244.802910818132,1180.1031697213866,1171.6840371419669"
46061,460.622999998,world,460.62299999844174,-0.3313051562862215,-0.13286157042461855,3.089199374643503,-0.00739017860423699,-0.005959572970486391,0.26560268324104247,-0.9640358309758851,0.010568845861649022,0.07195048360542695,0.004346255806103847,0.09231659469017292,-0.1265743015637653,-0.17115964457658475,0.07460815888336164,-0.16992498955208102,-0.046600780984075094,0.0,0.0,0.0,0.0,0.0,0.0,0.0,0.0,0.0,0.0,0.0,0.0,0.0,0.0,0.0,4,"1246.2771539080466,1241.94027072127,1184.3612290416438,1174.978046274777"
46062,460.631999998,world,460.6319999984417,-0.33120722867128644,-0.13222091696626942,3.089236642100439,-0.007617977322007005,-0.00531755091162934,0.2663752334697117,-0.9638246339805704,0.011172762802910949,0.07041538195051278,0.003938908997241888,0.08378417252876723,-0.12348095540057816,-0.18191727473199046,0.06118644738271721,-0.1710010026625547,-0.04425943607576886,0.0,0.0,0.0,0.0,0.0,0.0,0.0,0.0,0.0,0.0,0.0,0.0,0.0,0.0,0.0,4,"1243.7077625414165,1239.813101765645,1187.4837576711557,1177.3739624635714"
46063,460.640999998,world,460.64099999844166,-0.3311043995809769,-0.13159411479322689,3.089270337993433,-0.007812335640295265,-0.0047010653016335115,0.2671919144870401,-0.9636002014474797,0.011659021973039444,0.06887319277742199,0.0035525501685369676,0.07513372277921096,-0.11972862395566886,-0.1918009488654773,0.048400920965833635,-0.17156085359099071,-0.04193405210757171,0.0,0.0,0.0,0.0,0.0,0.0,0.0,0.0,0.0,0.0,0.0,0.0,0.0,0.0,0.0,4,"1241.2138334008582,1237.7579251986908,1190.4340767312603,1179.765146069874"
46064,460.652999998,world,460.6529999984416,-0.33096144604355054,-0.13077999389985392,3.0893100265762614,-0.008021002740721941,-0.003922869825857839,0.2683430578890102,-0.9632820344479275,0.012134701977604762,0.06681371041454132,0.0030683355650838176,0.06383028352121664,-0.11399764548093766,-0.20368311808611558,0.032417492145929774,-0.17155058055096095,-0.03897659188097655,0.0,0.0,0.0,0.0,0.0,0.0,0.0,0.0,0.0,0.0,0.0,0.0,0.0,0.0,0.0,4,"1238.0011939088856,1235.1767391793082,1193.9745576096998,1183.0017008694897"
46065,460.661999998,world,460.66199999844156,-0.33085109910366667,-0.130185611539496,3.089336100430235,-0.008140908068645782,-0.0033746260383170127,0.2692484426018137,-0.9630304323703469,0.012370184675793514,0.06527209770100757,0.0027292597463827875,0.05537212761211378,-0.10914109813230423,-0.21164484532529101,0.02127293876111845,-0.1710159424542501,-0.03670152561242087,0.0,0.0,0.0,0.0,0.0,0.0,0.0,0.0,0.0,0.0,0.0,0.0,0.0,0.0,0.0,4,"1235.6979404776623,1233.2617838239214,1196.5950904441895,1185.3260139055124"
46066,460.670999998,world,460.6709999984415,-0.3307390723223128,-0.1296050752397131,3.089359213881291,-0.008230334870831954,-0.0028587598475380786,0.27018598499606905,-0.9627687274687271,0.012509141218645336,0.06373744428904987,0.0024103897284475026,0.04700802646878402,-0.10390292146151951,-0.21882366682211113,0.010887463242551312,-0.17005573137011953,-0.034478561814257555,0.0,0.0,0.0,0.0,0.0,0.0,0.0,0.0,0.0,0.0,0.0,0.0,0.0,0.0,0.0,4,"1233.4751971013186,1231.4140534431483,1199.0545072359407,1187.6300418227413"
46067,460.682999998,world,460.68299999844146,-0.33058852899426394,-0.12885242312065007,3.0893857294447273,-0.008304546182013222,-0.002222823250592256,0.27148037044545786,-0.9624055808401698,0.0125562388929827,0.06170840953038531,0.00201461830606923,0.03636347545105979,-0.09663659535115549,-0.22724507958408235,-0.001756484446927345,-0.16816565889633123,-0.03169147287354363,0.0,0.0,0.0,0.0,0.0,0.0,0.0,0.0,0.0,0.0,0.0,0.0,0.0,0.0,0.0,4,"1230.648481405834,1229.0982015381562,1201.9526765383566,1190.7241104899601"
46053,460.541999998,world,460.5419999984421,-0.3317746156827747,-0.13922178557378004,3.08867346639279,-0.0038560015831914426,-0.012197533198042836,0.2613132581864736,-0.9651692766202427,-0.0008316839618059762,0.08461592470078041,0.008881233846385006,0.15144495743897424,-0.10978017342464334,-0.030757142828773176,0.21065867276353115,-0.1342985619609549,-0.0641266082816519,0.0,0.0,0.0,0.0,0.0,0.0,0.0,0.0,0.0,0.0,0.0,0.0,0.0,0.0,0.0,4,"1272.8396945187023,1264.0753561134525,1149.213284651271,1153.4636879226603"
46054,460.550999998,world,460.5509999984421,-0.331773806588055,-0.13846578380824376,3.0887508235065724,-0.004370389979998396,-0.01152956094607974,0.2615002914533095,-0.9651246377984801,0.0009886958547065193,0.08337497201167597,0.008311352576836946,0.1476913716418187,-0.11684401001378636,-0.0505368808074017,0.19549108790108008,-0.1406618849435909,-0.06272508478348017,0.0,0.0,0.0,0.0,0.0,0.0,0.0,0.0,0.0,0.0,0.0,0.0,0.0,0.0,0.0,4,"1269.6652193629684,1261.2697756065427,1153.8164492642366,1155.7460428378422"
46055,460.562999998,world,460.562999998442,-0.33174842256954895,-0.1374756224887179,3.0888460934587556,-0.005014375314435731,-0.01060629063470317,0.26187826660554125,-0.9650296037525766,0.003200611969141457,0.08163689789882397,0.007571404209399327,0.1412672933258752,-0.12381234733233654,-0.07519929303986499,0.1748276113322884,-0.14821209414266068,-0.06065940115530712,0.0,0.0,0.0,0.0,0.0,0.0,0.0,0.0,0.0,0.0,0.0,0.0,0.0,0.0,0.0,4,"1265.4133098557797,1257.7438799691079,1159.6795958578002,1158.8486739753755"
46056,460.571999998,world,460.571999998442,-0.3317127825366262,-0.13674697337531103,3.088911810242742,-0.005463237354964395,-0.009899079207902605,0.26225199171501085,-0.9649331863450179,0.00469594769714082,0.08027774257506294,0.00703514403878284,0.1354022175064989,-0.12743305841454025,-0.09244403827529024,0.15919958498113954,-0.15316921445635012,-0.058785446494805105,0.0,0.0,0.0,0.0,0.0,0.0,0.0,0.0,0.0,0.0,0.0,0.0,0.0,0.0,0.0,4,"1262.3752437066903,1255.1313862943755,1163.8909362582956,1161.2097156153463"
46057,460.580999998,world,460.58099999844194,-0.3316643173080691,-0.13603074775838403,3.088972778680072,-0.005880696775507101,-0.00918672878116031,0.2626978814661547,-0.9648164822871395,0.006050723324942866,0.07887704299537661,0.006516407014082105,0.12878836288293724,-0.12977663832699257,-0.10864215726173554,0.1436094050688199,-0.15751188987510323,-0.056782739380496945,0.0,0.0,0.0,0.0,0.0,0.0,0.0,0.0,0.0,0.0,0.0,0.0,0.0,0.0,0.0,4,"1259.3888309159613,1252.608386210336,1167.92746254005,1163.5978331917486"
46058,460.592999998,world,460.5929999984419,-0.3315819255310308,-0.13509570171045396,3.0890469556656353,-0.006386770925371606,-0.008239384535342351,0.26339683759374494,-0.9646312392024425,0.007640222686599055,0.07695435980866379,0.005852106470249649,0.11925846683423508,-0.13105620686842426,-0.12865962596659705,0.12308635817776403,-0.16235668787051294,-0.05407790280007995,0.0,0.0,0.0,0.0,0.0,0.0,0.0,0.0,0.0,0.0,0.0,0.0,0.0,0.0,0.0,4,"1255.4419384345438,1249.4366307824782,1172.9648663450007,1166.8517827617477"
46059,460.601999998,world,460.60199999844184,-0.3315084168768346,-0.13440973648671511,3.0890974712417583,-0.00672749540908473,-0.007537857874234741,0.26399367178176864,-0.9644714940128446,0.008672483419856323,0.07547799204394326,0.0053769318554580175,0.11150459183189006,-0.13076444008896726,-0.14251568797360828,0.10803470271904779,-0.1652993432487565,-0.051841671043093875,0.0,0.0,0.0,0.0,0.0,0.0,0.0,0.0,0.0,0.0,0.0,0.0,0.0,0.0,0.0,4,"1252.6225535378126,1247.0802122510138,1176.6225359153023,1169.262391936295"
46060,460.610999998,world,460.6109999984418,-0.3314262215047019,-0.13373716850064127,3.089143801504957,-0.007034133466462642,-0.006849581616760016,0.26464798406507,-0.9642951045859073,0.009571213448467064,0.07397807190753022,0.0049220992464085855,0.10335410443542274,-0.12950789172290886,-0.15540904347361345,0.09338372110668201,-0.16765742150720575,-0.04956294014000443,0.0,0.0,0.0,0.0,0.0,0.0,0.0,0.0,0.0,0.0,0.0,0.0,0.0,0.0,0.0,4,"1249.8693402479207,1244.802910818132,1180.1031697213866,1171.6840371419669"
46061,460.622999998,world,460.62299999844174,-0.3313051562862215,-0.13286157042461855,3.089199374643503,-0.00739017860423699,-0.005959572970486391,0.26560268324104247,-0.9640358309758851,0.010568845861649022,0.07195048360542695,0.004346255806103847,0.09231659469017292,-0.1265743015637653,-0.17115964457658475,0.07460815888336164,-0.16992498955208102,-0.046600780984075094,0.0,0.0,0.0,0.0,0.0,0.0,0.0,0.0,0.0,0.0,0.0,0.0,0.0,0.0,0.0,4,"1246.2771539080466,1241.94027072127,1184.3612290416438,1174.978046274777"
46062,460.631999998,world,460.6319999984417,-0.33120722867128644,-0.13222091696626942,3.089236642100439,-0.007617977322007005,-0.00531755091162934,0.2663752334697117,-0.9638246339805704,0.011172762802910949,0.07041538195051278,0.003938908997241888,0.08378417252876723,-0.12348095540057816,-0.18191727473199046,0.06118644738271721,-0.1710010026625547,-0.04425943607576886,0.0,0.0,0.0,0.0,0.0,0.0,0.0,0.0,0.0,0.0,0.0,0.0,0.0,0.0,0.0,4,"1243.7077625414165,1239.813101765645,1187.4837576711557,1177.3739624635714"
46063,460.640999998,world,460.64099999844166,-0.3311043995809769,-0.13159411479322689,3.089270337993433,-0.007812335640295265,-0.0047010653016335115,0.2671919144870401,-0.9636002014474797,0.011659021973039444,0.06887319277742199,0.0035525501685369676,0.07513372277921096,-0.11972862395566886,-0.1918009488654773,0.048400920965833635,-0.17156085359099071,-0.04193405210757171,0.0,0.0,0.0,0.0,0.0,0.0,0.0,0.0,0.0,0.0,0.0,0.0,0.0,0.0,0.0,4,"1241.2138334008582,1237.7579251986908,1190.4340767312603,1179.765146069874"
46064,460.652999998,world,460.6529999984416,-0.33096144604355054,-0.13077999389985392,3.0893100265762614,-0.008021002740721941,-0.003922869825857839,0.2683430578890102,-0.9632820344479275,0.012134701977604762,0.06681371041454132,0.0030683355650838176,0.06383028352121664,-0.11399764548093766,-0.20368311808611558,0.032417492145929774,-0.17155058055096095,-0.03897659188097655,0.0,0.0,0.0,0.0,0.0,0.0,0.0,0.0,0.0,0.0,0.0,0.0,0.0,0.0,0.0,4,"1238.0011939088856,1235.1767391793082,1193.9745576096998,1183.0017008694897"
46065,460.661999998,world,460.66199999844156,-0.33085109910366667,-0.130185611539496,3.089336100430235,-0.008140908068645782,-0.0033746260383170127,0.2692484426018137,-0.9630304323703469,0.012370184675793514,0.06527209770100757,0.0027292597463827875,0.05537212761211378,-0.10914109813230423,-0.21164484532529101,0.02127293876111845,-0.1710159424542501,-0.03670152561242087,0.0,0.0,0.0,0.0,0.0,0.0,0.0,0.0,0.0,0.0,0.0,0.0,0.0,0.0,0.0,4,"1235.6979404776623,1233.2617838239214,1196.5950904441895,1185.3260139055124"
46066,460.670999998,world,460.6709999984415,-0.3307390723223128,-0.1296050752397131,3.089359213881291,-0.008230334870831954,-0.0028587598475380786,0.27018598499606905,-0.9627687274687271,0.012509141218645336,0.06373744428904987,0.0024103897284475026,0.04700802646878402,-0.10390292146151951,-0.21882366682211113,0.010887463242551312,-0.17005573137011953,-0.034478561814257555,0.0,0.0,0.0,0.0,0.0,0.0,0.0,0.0,0.0,0.0,0.0,0.0,0.0,0.0,0.0,4,"1233.4751971013186,1231.4140534431483,1199.0545072359407,1187.6300418227413"
46067,460.682999998,world,460.68299999844146,-0.33058852899426394,-0.12885242312065007,3.0893857294447273,-0.008304546182013222,-0.002222823250592256,0.27148037044545786,-0.9624055808401698,0.0125562388929827,0.06170840953038531,0.00201461830606923,0.03636347545105979,-0.09663659535115549,-0.22724507958408235,-0.001756484446927345,-0.16816565889633123,-0.03169147287354363,0.0,0.0,0.0,0.0,0.0,0.0,0.0,0.0,0.0,0.0,0.0,0.0,0.0,0.0,0.0,4,"1230.648481405834,1229.0982015381562,1201.9526765383566,1190.7241104899601"
46068,460.69199999800003,world,460.6919999984414,-0.3304757319250882,-0.12830383057948055,3.0894026120718476,-0.00832825936344826,-0.00178556474840884,0.2724802927235601,-0.9621236624944776,0.012496982663132887,0.06020382067290352,0.0017402245595895868,0.028600033028009952,-0.09091768746753082,-0.23271756726252849,-0.010329283604388131,-0.1663339291554239,-0.02958724613204961,0.0,0.0,0.0,0.0,0.0,0.0,0.0,0.0,0.0,0.0,0.0,0.0,0.0,0.0,0.0,4,"1228.6156326338396,1227.3851628910006,1204.117100723235,1192.9262160731864"
46069,460.700999998,world,460.7009999984414,-0.33036380295507206,-0.12776869991330955,3.08941710919005,-0.008325928465127778,-0.0013829828806767336,0.27350177279585197,-0.9618344694130438,0.012364510880586389,0.0587173684803115,0.0014843972034781837,0.021080724775572948,-0.08504907702974783,-0.23749820199634133,-0.018113748915943306,-0.16417617722316868,-0.027554981250620635,0.0,0.0,0.0,0.0,0.0,0.0,0.0,0.0,0.0,0.0,0.0,0.0,0.0,0.0,0.0,4,"1226.664824898908,1225.736268792094,1206.136157879369,1195.0931994403938"
46070,460.712999998,world,460.7129999984413,-0.33021698940010874,-0.12707582532963768,3.08943300474189,-0.008285145198516222,-0.0008996928600491336,0.2748922925212712,-0.9614389083213749,0.012086186809512605,0.05676843189689789,0.00117004624298907,0.011730424441708302,-0.07728590137009035,-0.242865694732291,-0.02728442672748216,-0.1608445680896936,-0.025033345915531503,0.0,0.0,0.0,0.0,0.0,0.0,0.0,0.0,0.0,0.0,0.0,0.0,0.0,0.0,0.0,4,"1224.2163875248607,1223.6770841463565,1208.4758380866413,1197.9727269444134"
46071,460.721999998,world,460.7219999984413,-0.3301094159160059,-0.12657138049423675,3.0894425521244693,-0.00822840846333571,-0.0005767627174038815,0.275953002502848,-0.9611357349763829,0.011810106929083903,0.055334638050111025,0.0009544003728372488,0.0050705707631101314,-0.07142295796719539,-0.24615256872414099,-0.033276460176232675,-0.15804665166348209,-0.023156798013583144,0.0,0.0,0.0,0.0,0.0,0.0,0.0,0.0,0.0,0.0,0.0,0.0,0.0,0.0,0.0,4,"1222.4489423947077,1222.1599645781425,1210.238142861354,1200.009331077686"
46072,460.730999998,world,460.73099999844123,-0.3300045580196104,-0.1260797228019404,3.0894502333641,-0.008150835487677739,-0.00028732680994660026,0.2770260143745783,-0.9608278038670056,0.011483840808677329,0.053927183632611564,0.0007552266842398071,-0.001251359025919926,-0.06558705127863253,-0.2488367161847406,-0.038522424064098976,-0.15502116893487822,-0.02136107764183991,0.0,0.0,0.0,0.0,0.0,0.0,0.0,0.0,0.0,0.0,0.0,0.0,0.0,0.0,0.0,4,"1220.7623487754104,1220.7048810329543,1211.8732520516814,1201.9977396604065"
46073,460.742999998,world,460.7429999984412,-0.3298696922971914,-0.1254436430022046,3.089457816844149,-0.00801796707763704,4.832187962664176e-05,0.27847152697714717,-0.9604110154157719,0.010982124045195146,0.052094821045321406,0.0005132179111916664,-0.008930027988763259,-0.05810474820906463,-0.251547832683746,-0.04440225336054676,-0.15068203637685212,-0.019151900719347328,0.0,0.0,0.0,0.0,0.0,0.0,0.0,0.0,0.0,0.0,0.0,0.0,0.0,0.0,0.0,4,"1218.6746318073162,1218.8974141232409,1213.739422959751,1204.6061996420087"
46074,460.751999998,world,460.75199999844114,-0.3297727108669624,-0.1249808385375438,3.089461686816344,-0.007898411329613053,0.0002638577247659132,0.2795636982880257,-0.9600946224602506,0.01056394174115442,0.050755796883870205,0.00034920318611117223,-0.014262596531935245,-0.052615479009943025,-0.2529438062555392,-0.04801524841237248,-0.14723651704483948,-0.017527991386314064,0.0,0.0,0.0,0.0,0.0,0.0,0.0,0.0,0.0,0.0,0.0,0.0,0.0,0.0,0.0,4,"1217.161003116971,1217.5719777747286,1215.1557856675313,1206.4436288068289"
46075,460.760999998,world,460.7609999984411,-0.3296796289825917,-0.12452994349532835,3.0894641450663785,-0.007763445617653721,0.00044947126519436317,0.28066020881822923,-0.9597756894576106,0.010116538753731275,0.04944848629612846,0.00019937810199366704,-0.019211559898311546,-0.04727364192436061,-0.2538227065862246,-0.050973126769496974,-0.14365390811572898,-0.01598674204903125,0.0,0.0,0.0,0.0,0.0,0.0,0.0,0.0,0.0,0.0,0.0,0.0,0.0,0.0,0.0,4,"1215.7251063199144,1216.3066138259628,1216.4635054439384,1208.2226523486793"
46076,460.772999998,world,460.77299999844104,-0.3295619880227964,-0.12394677224248907,3.0894654368039216,-0.007562395729250311,0.0006530722197292576,0.28212531504330834,-0.959347533628572,0.009484402801164492,0.047756631681081095,1.976140235903599e-05,-0.02505810611248196,-0.04058948614942412,-0.2542589145864839,-0.05396025457722782,-0.13870650538484047,-0.014105776424301846,0.0,0.0,0.0,0.0,0.0,0.0,0.0,0.0,0.0,0.0,0.0,0.0,0.0,0.0,0.0,4,"1213.9743606811608,1214.7458630279102,1217.9356785710554,1210.5216540786341"
46077,460.781999998,world,460.781999998441,-0.3294788406134468,-0.12352252048941109,3.089465065816407,-0.007397866241465007,0.0007748855216138316,0.2832238552660421,-0.9590249834783982,0.008990487755353292,0.046527251437756025,-0.00010016089640892417,-0.028991669598296025,-0.03580057330696961,-0.2540450893552865,-0.055532532514076735,-0.1349001914668982,-0.012738955399176058,0.0,0.0,0.0,0.0,0.0,0.0,0.0,0.0,0.0,0.0,0.0,0.0,0.0,0.0,0.0,4,"1212.698924934276,1213.6071721202495,1219.0595602999433,1212.1377046177615"
46078,460.790999998,world,460.79099999844095,-0.32940019354065253,-0.12310917799949027,3.089463669571469,-0.0072231579204396,0.000871740542317168,0.28431999768129784,-0.958701833197679,0.008485129883024157,0.04533243719590142,-0.00020819341671531443,-0.03253433653250791,-0.031229233986658167,-0.2533951954429768,-0.05656836569315968,-0.13103521096706483,-0.011452203697460034,0.0,0.0,0.0,0.0,0.0,0.0,0.0,0.0,0.0,0.0,0.0,0.0,0.0,0.0,0.0,4,"1211.4970763232332,1212.5262639076886,1220.092127258896,1213.6884076072215"
46079,460.802999998,world,460.8029999984409,-0.32930246689993126,-0.12257448291128689,3.08946038845893,-0.006976992985634714,0.0009650801982590623,0.28577474159164995,-0.9582709362478417,0.00780148302320829,0.04379383353534585,-0.00033547741614213923,-0.03655834780611899,-0.025631531362228326,-0.25191680361309,-0.057184256750500255,-0.12582589169662928,-0.00989505746695231,0.0,0.0,0.0,0.0,0.0,0.0,0.0,0.0,0.0,0.0,0.0,0.0,0.0,0.0,0.0,4,"1210.0571395126317,1211.205007156478,1221.2396290110678,1215.657561264989"
46080,460.811999998,world,460.81199999844085,-0.3292345701691336,-0.12218537259037061,3.089456986787409,-0.006784328359793791,0.0010104646013560149,0.2868585526438087,-0.9579483924643828,0.007286804447130536,0.04268101175370863,-0.00041877922823420284,-0.03913744030282956,-0.021708388996255854,-0.2503574437723386,-0.057125067595940014,-0.12190294997883183,-0.008776597727403107,0.0,0.0,0.0,0.0,0.0,0.0,0.0,0.0,0.0,0.0,0.0,0.0,0.0,0.0,0.0,4,"1209.002856571652,1210.2462946669075,1222.1183808918865,1217.0411486236467"
46081,460.820999998,world,460.8209999984408,-0.3291712965975854,-0.12180611881237476,3.089452879474606,-0.006586232505931267,0.0010364278676812963,0.2879343756829436,-0.95762693292259,0.006774722414195364,0.04160348055766057,-0.000492398311253981,-0.04134704264616781,-0.018032868837692628,-0.2484376802413208,-0.05665847894173286,-0.11798576938985839,-0.0077328130233474705,0.0,0.0,0.0,0.0,0.0,0.0,0.0,0.0,0.0,0.0,0.0,0.0,0.0,0.0,0.0,4,"1208.0175503495104,1209.342468165013,1222.921164182182,1218.3556587321796"
46082,460.832999998,world,460.83299999844076,-0.3290940511920307,-0.12131523161533674,3.08944644762321,-0.0063159024691302485,0.0010438687463096804,0.28935389538136075,-0.9572007850715929,0.006101938693273422,0.04022142100413832,-0.0005770252950745844,-0.04368238119797451,-0.01362951048265583,-0.245380798911614,-0.055471322456808296,-0.11279927679244683,-0.006481859222902593,0.0,0.0,0.0,0.0,0.0,0.0,0.0,0.0,0.0,0.0,0.0,0.0,0.0,0.0,0.0,4,"1206.8621591838778,1208.2502002565423,1223.801660532496,1219.9905081734114"
46068,460.69199999800003,world,460.6919999984414,-0.3304757319250882,-0.12830383057948055,3.0894026120718476,-0.00832825936344826,-0.00178556474840884,0.2724802927235601,-0.9621236624944776,0.012496982663132887,0.06020382067290352,0.0017402245595895868,0.028600033028009952,-0.09091768746753082,-0.23271756726252849,-0.010329283604388131,-0.1663339291554239,-0.02958724613204961,0.0,0.0,0.0,0.0,0.0,0.0,0.0,0.0,0.0,0.0,0.0,0.0,0.0,0.0,0.0,4,"1228.6156326338396,1227.3851628910006,1204.117100723235,1192.9262160731864"
46069,460.700999998,world,460.7009999984414,-0.33036380295507206,-0.12776869991330955,3.08941710919005,-0.008325928465127778,-0.0013829828806767336,0.27350177279585197,-0.9618344694130438,0.012364510880586389,0.0587173684803115,0.0014843972034781837,0.021080724775572948,-0.08504907702974783,-0.23749820199634133,-0.018113748915943306,-0.16417617722316868,-0.027554981250620635,0.0,0.0,0.0,0.0,0.0,0.0,0.0,0.0,0.0,0.0,0.0,0.0,0.0,0.0,0.0,4,"1226.664824898908,1225.736268792094,1206.136157879369,1195.0931994403938"
46070,460.712999998,world,460.7129999984413,-0.33021698940010874,-0.12707582532963768,3.08943300474189,-0.008285145198516222,-0.0008996928600491336,0.2748922925212712,-0.9614389083213749,0.012086186809512605,0.05676843189689789,0.00117004624298907,0.011730424441708302,-0.07728590137009035,-0.242865694732291,-0.02728442672748216,-0.1608445680896936,-0.025033345915531503,0.0,0.0,0.0,0.0,0.0,0.0,0.0,0.0,0.0,0.0,0.0,0.0,0.0,0.0,0.0,4,"1224.2163875248607,1223.6770841463565,1208.4758380866413,1197.9727269444134"
46071,460.721999998,world,460.7219999984413,-0.3301094159160059,-0.12657138049423675,3.0894425521244693,-0.00822840846333571,-0.0005767627174038815,0.275953002502848,-0.9611357349763829,0.011810106929083903,0.055334638050111025,0.0009544003728372488,0.0050705707631101314,-0.07142295796719539,-0.24615256872414099,-0.033276460176232675,-0.15804665166348209,-0.023156798013583144,0.0,0.0,0.0,0.0,0.0,0.0,0.0,0.0,0.0,0.0,0.0,0.0,0.0,0.0,0.0,4,"1222.4489423947077,1222.1599645781425,1210.238142861354,1200.009331077686"
46072,460.730999998,world,460.73099999844123,-0.3300045580196104,-0.1260797228019404,3.0894502333641,-0.008150835487677739,-0.00028732680994660026,0.2770260143745783,-0.9608278038670056,0.011483840808677329,0.053927183632611564,0.0007552266842398071,-0.001251359025919926,-0.06558705127863253,-0.2488367161847406,-0.038522424064098976,-0.15502116893487822,-0.02136107764183991,0.0,0.0,0.0,0.0,0.0,0.0,0.0,0.0,0.0,0.0,0.0,0.0,0.0,0.0,0.0,4,"1220.7623487754104,1220.7048810329543,1211.8732520516814,1201.9977396604065"
46073,460.742999998,world,460.7429999984412,-0.3298696922971914,-0.1254436430022046,3.089457816844149,-0.00801796707763704,4.832187962664176e-05,0.27847152697714717,-0.9604110154157719,0.010982124045195146,0.052094821045321406,0.0005132179111916664,-0.008930027988763259,-0.05810474820906463,-0.251547832683746,-0.04440225336054676,-0.15068203637685212,-0.019151900719347328,0.0,0.0,0.0,0.0,0.0,0.0,0.0,0.0,0.0,0.0,0.0,0.0,0.0,0.0,0.0,4,"1218.6746318073162,1218.8974141232409,1213.739422959751,1204.6061996420087"
46074,460.751999998,world,460.75199999844114,-0.3297727108669624,-0.1249808385375438,3.089461686816344,-0.007898411329613053,0.0002638577247659132,0.2795636982880257,-0.9600946224602506,0.01056394174115442,0.050755796883870205,0.00034920318611117223,-0.014262596531935245,-0.052615479009943025,-0.2529438062555392,-0.04801524841237248,-0.14723651704483948,-0.017527991386314064,0.0,0.0,0.0,0.0,0.0,0.0,0.0,0.0,0.0,0.0,0.0,0.0,0.0,0.0,0.0,4,"1217.161003116971,1217.5719777747286,1215.1557856675313,1206.4436288068289"
46075,460.760999998,world,460.7609999984411,-0.3296796289825917,-0.12452994349532835,3.0894641450663785,-0.007763445617653721,0.00044947126519436317,0.28066020881822923,-0.9597756894576106,0.010116538753731275,0.04944848629612846,0.00019937810199366704,-0.019211559898311546,-0.04727364192436061,-0.2538227065862246,-0.050973126769496974,-0.14365390811572898,-0.01598674204903125,0.0,0.0,0.0,0.0,0.0,0.0,0.0,0.0,0.0,0.0,0.0,0.0,0.0,0.0,0.0,4,"1215.7251063199144,1216.3066138259628,1216.4635054439384,1208.2226523486793"
46076,460.772999998,world,460.77299999844104,-0.3295619880227964,-0.12394677224248907,3.0894654368039216,-0.007562395729250311,0.0006530722197292576,0.28212531504330834,-0.959347533628572,0.009484402801164492,0.047756631681081095,1.976140235903599e-05,-0.02505810611248196,-0.04058948614942412,-0.2542589145864839,-0.05396025457722782,-0.13870650538484047,-0.014105776424301846,0.0,0.0,0.0,0.0,0.0,0.0,0.0,0.0,0.0,0.0,0.0,0.0,0.0,0.0,0.0,4,"1213.9743606811608,1214.7458630279102,1217.9356785710554,1210.5216540786341"
46077,460.781999998,world,460.781999998441,-0.3294788406134468,-0.12352252048941109,3.089465065816407,-0.007397866241465007,0.0007748855216138316,0.2832238552660421,-0.9590249834783982,0.008990487755353292,0.046527251437756025,-0.00010016089640892417,-0.028991669598296025,-0.03580057330696961,-0.2540450893552865,-0.055532532514076735,-0.1349001914668982,-0.012738955399176058,0.0,0.0,0.0,0.0,0.0,0.0,0.0,0.0,0.0,0.0,0.0,0.0,0.0,0.0,0.0,4,"1212.698924934276,1213.6071721202495,1219.0595602999433,1212.1377046177615"
46078,460.790999998,world,460.79099999844095,-0.32940019354065253,-0.12310917799949027,3.089463669571469,-0.0072231579204396,0.000871740542317168,0.28431999768129784,-0.958701833197679,0.008485129883024157,0.04533243719590142,-0.00020819341671531443,-0.03253433653250791,-0.031229233986658167,-0.2533951954429768,-0.05656836569315968,-0.13103521096706483,-0.011452203697460034,0.0,0.0,0.0,0.0,0.0,0.0,0.0,0.0,0.0,0.0,0.0,0.0,0.0,0.0,0.0,4,"1211.4970763232332,1212.5262639076886,1220.092127258896,1213.6884076072215"
46079,460.802999998,world,460.8029999984409,-0.32930246689993126,-0.12257448291128689,3.08946038845893,-0.006976992985634714,0.0009650801982590623,0.28577474159164995,-0.9582709362478417,0.00780148302320829,0.04379383353534585,-0.00033547741614213923,-0.03655834780611899,-0.025631531362228326,-0.25191680361309,-0.057184256750500255,-0.12582589169662928,-0.00989505746695231,0.0,0.0,0.0,0.0,0.0,0.0,0.0,0.0,0.0,0.0,0.0,0.0,0.0,0.0,0.0,4,"1210.0571395126317,1211.205007156478,1221.2396290110678,1215.657561264989"
46080,460.811999998,world,460.81199999844085,-0.3292345701691336,-0.12218537259037061,3.089456986787409,-0.006784328359793791,0.0010104646013560149,0.2868585526438087,-0.9579483924643828,0.007286804447130536,0.04268101175370863,-0.00041877922823420284,-0.03913744030282956,-0.021708388996255854,-0.2503574437723386,-0.057125067595940014,-0.12190294997883183,-0.008776597727403107,0.0,0.0,0.0,0.0,0.0,0.0,0.0,0.0,0.0,0.0,0.0,0.0,0.0,0.0,0.0,4,"1209.002856571652,1210.2462946669075,1222.1183808918865,1217.0411486236467"
46081,460.820999998,world,460.8209999984408,-0.3291712965975854,-0.12180611881237476,3.089452879474606,-0.006586232505931267,0.0010364278676812963,0.2879343756829436,-0.95762693292259,0.006774722414195364,0.04160348055766057,-0.000492398311253981,-0.04134704264616781,-0.018032868837692628,-0.2484376802413208,-0.05665847894173286,-0.11798576938985839,-0.0077328130233474705,0.0,0.0,0.0,0.0,0.0,0.0,0.0,0.0,0.0,0.0,0.0,0.0,0.0,0.0,0.0,4,"1208.0175503495104,1209.342468165013,1222.921164182182,1218.3556587321796"
46082,460.832999998,world,460.83299999844076,-0.3290940511920307,-0.12131523161533674,3.08944644762321,-0.0063159024691302485,0.0010438687463096804,0.28935389538136075,-0.9572007850715929,0.006101938693273422,0.04022142100413832,-0.0005770252950745844,-0.04368238119797451,-0.01362951048265583,-0.245380798911614,-0.055471322456808296,-0.11279927679244683,-0.006481859222902593,0.0,0.0,0.0,0.0,0.0,0.0,0.0,0.0,0.0,0.0,0.0,0.0,0.0,0.0,0.0,4,"1206.8621591838778,1208.2502002565423,1223.801660532496,1219.9905081734114"
46083,460.841999998,world,460.8419999984407,-0.32904136155194474,-0.12095774649833484,3.089441006476163,-0.006110101848360603,0.0010312626641758272,0.2904056019733371,-0.956883581996903,0.005608790570222371,0.03922547637718414,-0.0006307938034790757,-0.04503432169258899,-0.010614903056805835,-0.24272140466582431,-0.05420820635873482,-0.10895659764393467,-0.005594402522392087,0.0,0.0,0.0,0.0,0.0,0.0,0.0,0.0,0.0,0.0,0.0,0.0,0.0,0.0,0.0,4,"1206.0117772046913,1207.4622222447074,1224.4757025466145,1221.1404039724605"
46084,460.850999998,world,460.85099999844067,-0.3289930545331762,-0.12060907008162008,3.0894351162512046,-0.005902947106804556,0.0010047344784731118,0.2914447910933778,-0.9565689099425192,0.005128441539041777,0.03826384740192622,-0.0006769212855750238,-0.04605824469796691,-0.007848873647415001,-0.23977147518617034,-0.05266403285106736,-0.10516959472911536,-0.004774410980702194,0.0,0.0,0.0,0.0,0.0,0.0,0.0,0.0,0.0,0.0,0.0,0.0,0.0,0.0,0.0,4,"1205.2255143940881,1206.725579178124,1225.0869934934494,1222.2203456678324"
46085,460.862999998,world,460.8629999984406,-0.32893524188092244,-0.1201573418115661,3.0894266757077156,-0.005626454867066064,0.0009505094090935048,0.29280893683883674,-0.956153944741537,0.0045119015634819465,0.03703407286406201,-0.0007278573693409096,-0.04692272791658465,-0.004618760518231183,-0.23544606411595637,-0.05023087083193007,-0.10022668278742569,-0.003803078541582015,0.0,0.0,0.0,0.0,0.0,0.0,0.0,0.0,0.0,0.0,0.0,0.0,0.0,0.0,0.0,4,"1204.3290165519861,1205.848417578064,1225.7474117710808,1223.5293786407458"
46086,460.871999998,world,460.8719999984406,-0.3288966373558941,-0.11982803710738832,3.0894199821643373,-0.005420154650885561,0.0008977008546015072,0.2938145932355936,-0.9558466408679475,0.004069987339883904,0.036150163367269846,-0.0007585829773385824,-0.04722883703696118,-0.0024706003528027535,-0.2319121270053822,-0.04817109550836127,-0.09661330519755706,-0.003123515052719716,0.0,0.0,0.0,0.0,0.0,0.0,0.0,0.0,0.0,0.0,0.0,0.0,0.0,0.0,0.0,4,"1203.6654122605223,1205.219645663072,1226.2506964378467,1224.452289215094"
46087,460.880999998,world,460.88099999844053,-0.328861923901413,-0.1195065426521839,3.0894130386466196,-0.005215799586263194,0.0008360147469629028,0.2948041722355966,-0.9555430898428934,0.003647466265990093,0.03529832397221507,-0.0007834955890131814,-0.0472611366240999,-0.0005526196092242563,-0.22815144766641626,-0.04594488713310484,-0.09309139122855997,-0.002503060136763678,0.0,0.0,0.0,0.0,0.0,0.0,0.0,0.0,0.0,0.0,0.0,0.0,0.0,0.0,0.0,4,"1203.0608671836733,1204.6381741648293,1226.7024237924318,1225.306718348003"
46088,460.892999998,world,460.8929999984405,-0.3288213779837429,-0.11908954155775259,3.0894034761542852,-0.004947723626749923,0.0007423792808078892,0.2960971016988363,-0.9551447404814968,0.0031165521386954807,0.03421092533832556,-0.0008087794629688685,-0.04692273739097302,0.0016092450233584719,-0.22284014690171364,-0.04277163112872788,-0.0885504749025337,-0.0017788150809877525,0.0,0.0,0.0,0.0,0.0,0.0,0.0,0.0,0.0,0.0,0.0,0.0,0.0,0.0,0.0,4,"1202.3981852721836,1203.959701886884,1227.1806176457371,1226.3080920471702"
46089,460.901999998,world,460.90199999844043,-0.3287950222747909,-0.11878517743991271,3.0893961333343753,-0.004750919058260149,0.0006653211905185202,0.2970458838059825,-0.9548511554319542,0.0027440223208673154,0.03343045747063253,-0.0008222153565931768,-0.04639432437826415,0.0029862457114880783,-0.2186364573723747,-0.040276444492063926,-0.08526961642576353,-0.0012803851532694,0.0,0.0,0.0,0.0,0.0,0.0,0.0,0.0,0.0,0.0,0.0,0.0,0.0,0.0,0.0,4,"1201.9042701990134,1203.4770537681773,1227.541480364929,1227.0166861260661"
46090,460.910999998,world,460.9109999984404,-0.3287719170944814,-0.11848770643367224,3.0893886889580036,-0.0045585385121403536,0.0005837210856614361,0.2979759039105752,-0.95456232886334,0.002394313878169401,0.032678951065796755,-0.0008314225010930447,-0.045652811604804555,0.004163117598158971,-0.21426361200680394,-0.03771216912437907,-0.08210287879440586,-0.0008321021384505647,0.0,0.0,0.0,0.0,0.0,0.0,0.0,0.0,0.0,0.0,0.0,0.0,0.0,0.0,0.0,4,"1201.4641320775816,1203.0374323246224,1227.8601333631864,1227.6601377191505"
46091,460.922999998,world,460.92299999844033,-0.3287458068849484,-0.11810136001913257,3.0893786659893796,-0.004309842666210302,0.00046982118993141607,0.2991856640591953,-0.9541850674505972,0.001964360132877269,0.031720177449363236,-0.0008380288762908447,-0.044401445799181906,0.00541022824449494,-0.20822122354591951,-0.03422887037141759,-0.07806441684059945,-0.000318919466996484,0.0,0.0,0.0,0.0,0.0,0.0,0.0,0.0,0.0,0.0,0.0,0.0,0.0,0.0,0.0,4,"1201.0104726821176,1202.5398362663766,1228.1865312732689,1228.3788177494953"
46092,460.931999998,world,460.9319999984403,-0.328729472493318,-0.11781899410143601,3.089371116556404,-0.004129812363511011,0.00038194136536931066,0.3000695539992217,-0.9539083087662795,0.0016694510216352886,0.031032124626867694,-0.0008391078709486496,-0.043259707575222385,0.00614033373987042,-0.20353163385434075,-0.031598413799502775,-0.07517734949645527,2.69821740603738e-05,0.0,0.0,0.0,0.0,0.0,0.0,0.0,0.0,0.0,0.0,0.0,0.0,0.0,0.0,0.0,4,"1200.669010179889,1202.1895041577548,1228.4285026609655,1228.8900663016848"
46083,460.841999998,world,460.8419999984407,-0.32904136155194474,-0.12095774649833484,3.089441006476163,-0.006110101848360603,0.0010312626641758272,0.2904056019733371,-0.956883581996903,0.005608790570222371,0.03922547637718414,-0.0006307938034790757,-0.04503432169258899,-0.010614903056805835,-0.24272140466582431,-0.05420820635873482,-0.10895659764393467,-0.005594402522392087,0.0,0.0,0.0,0.0,0.0,0.0,0.0,0.0,0.0,0.0,0.0,0.0,0.0,0.0,0.0,4,"1206.0117772046913,1207.4622222447074,1224.4757025466145,1221.1404039724605"
46084,460.850999998,world,460.85099999844067,-0.3289930545331762,-0.12060907008162008,3.0894351162512046,-0.005902947106804556,0.0010047344784731118,0.2914447910933778,-0.9565689099425192,0.005128441539041777,0.03826384740192622,-0.0006769212855750238,-0.04605824469796691,-0.007848873647415001,-0.23977147518617034,-0.05266403285106736,-0.10516959472911536,-0.004774410980702194,0.0,0.0,0.0,0.0,0.0,0.0,0.0,0.0,0.0,0.0,0.0,0.0,0.0,0.0,0.0,4,"1205.2255143940881,1206.725579178124,1225.0869934934494,1222.2203456678324"
46085,460.862999998,world,460.8629999984406,-0.32893524188092244,-0.1201573418115661,3.0894266757077156,-0.005626454867066064,0.0009505094090935048,0.29280893683883674,-0.956153944741537,0.0045119015634819465,0.03703407286406201,-0.0007278573693409096,-0.04692272791658465,-0.004618760518231183,-0.23544606411595637,-0.05023087083193007,-0.10022668278742569,-0.003803078541582015,0.0,0.0,0.0,0.0,0.0,0.0,0.0,0.0,0.0,0.0,0.0,0.0,0.0,0.0,0.0,4,"1204.3290165519861,1205.848417578064,1225.7474117710808,1223.5293786407458"
46086,460.871999998,world,460.8719999984406,-0.3288966373558941,-0.11982803710738832,3.0894199821643373,-0.005420154650885561,0.0008977008546015072,0.2938145932355936,-0.9558466408679475,0.004069987339883904,0.036150163367269846,-0.0007585829773385824,-0.04722883703696118,-0.0024706003528027535,-0.2319121270053822,-0.04817109550836127,-0.09661330519755706,-0.003123515052719716,0.0,0.0,0.0,0.0,0.0,0.0,0.0,0.0,0.0,0.0,0.0,0.0,0.0,0.0,0.0,4,"1203.6654122605223,1205.219645663072,1226.2506964378467,1224.452289215094"
46087,460.880999998,world,460.88099999844053,-0.328861923901413,-0.1195065426521839,3.0894130386466196,-0.005215799586263194,0.0008360147469629028,0.2948041722355966,-0.9555430898428934,0.003647466265990093,0.03529832397221507,-0.0007834955890131814,-0.0472611366240999,-0.0005526196092242563,-0.22815144766641626,-0.04594488713310484,-0.09309139122855997,-0.002503060136763678,0.0,0.0,0.0,0.0,0.0,0.0,0.0,0.0,0.0,0.0,0.0,0.0,0.0,0.0,0.0,4,"1203.0608671836733,1204.6381741648293,1226.7024237924318,1225.306718348003"
46088,460.892999998,world,460.8929999984405,-0.3288213779837429,-0.11908954155775259,3.0894034761542852,-0.004947723626749923,0.0007423792808078892,0.2960971016988363,-0.9551447404814968,0.0031165521386954807,0.03421092533832556,-0.0008087794629688685,-0.04692273739097302,0.0016092450233584719,-0.22284014690171364,-0.04277163112872788,-0.0885504749025337,-0.0017788150809877525,0.0,0.0,0.0,0.0,0.0,0.0,0.0,0.0,0.0,0.0,0.0,0.0,0.0,0.0,0.0,4,"1202.3981852721836,1203.959701886884,1227.1806176457371,1226.3080920471702"
46089,460.901999998,world,460.90199999844043,-0.3287950222747909,-0.11878517743991271,3.0893961333343753,-0.004750919058260149,0.0006653211905185202,0.2970458838059825,-0.9548511554319542,0.0027440223208673154,0.03343045747063253,-0.0008222153565931768,-0.04639432437826415,0.0029862457114880783,-0.2186364573723747,-0.040276444492063926,-0.08526961642576353,-0.0012803851532694,0.0,0.0,0.0,0.0,0.0,0.0,0.0,0.0,0.0,0.0,0.0,0.0,0.0,0.0,0.0,4,"1201.9042701990134,1203.4770537681773,1227.541480364929,1227.0166861260661"
46090,460.910999998,world,460.9109999984404,-0.3287719170944814,-0.11848770643367224,3.0893886889580036,-0.0045585385121403536,0.0005837210856614361,0.2979759039105752,-0.95456232886334,0.002394313878169401,0.032678951065796755,-0.0008314225010930447,-0.045652811604804555,0.004163117598158971,-0.21426361200680394,-0.03771216912437907,-0.08210287879440586,-0.0008321021384505647,0.0,0.0,0.0,0.0,0.0,0.0,0.0,0.0,0.0,0.0,0.0,0.0,0.0,0.0,0.0,4,"1201.4641320775816,1203.0374323246224,1227.8601333631864,1227.6601377191505"
46091,460.922999998,world,460.92299999844033,-0.3287458068849484,-0.11810136001913257,3.0893786659893796,-0.004309842666210302,0.00046982118993141607,0.2991856640591953,-0.9541850674505972,0.001964360132877269,0.031720177449363236,-0.0008380288762908447,-0.044401445799181906,0.00541022824449494,-0.20822122354591951,-0.03422887037141759,-0.07806441684059945,-0.000318919466996484,0.0,0.0,0.0,0.0,0.0,0.0,0.0,0.0,0.0,0.0,0.0,0.0,0.0,0.0,0.0,4,"1201.0104726821176,1202.5398362663766,1228.1865312732689,1228.3788177494953"
46092,460.931999998,world,460.9319999984403,-0.328729472493318,-0.11781899410143601,3.089371116556404,-0.004129812363511011,0.00038194136536931066,0.3000695539992217,-0.9539083087662795,0.0016694510216352886,0.031032124626867694,-0.0008391078709486496,-0.043259707575222385,0.00614033373987042,-0.20353163385434075,-0.031598413799502775,-0.07517734949645527,2.69821740603738e-05,0.0,0.0,0.0,0.0,0.0,0.0,0.0,0.0,0.0,0.0,0.0,0.0,0.0,0.0,0.0,4,"1200.669010179889,1202.1895041577548,1228.4285026609655,1228.8900663016848"
46093,460.940999998,world,460.94099999844025,-0.3287156858038036,-0.11754270569349964,3.0893635707494456,-0.003955877469173985,0.000293017665070364,0.3009327775769389,-0.9536371052732404,0.0013981900883308662,0.030369431801158565,-0.0008372844384872476,-0.04196673461482944,0.00670624684555408,-0.19872425832665658,-0.02897615020026065,-0.07241539974199226,0.00033181083240545715,0.0,0.0,0.0,0.0,0.0,0.0,0.0,0.0,0.0,0.0,0.0,0.0,0.0,0.0,0.0,4,"1200.3758222427987,1201.877897633227,1228.6359490592354,1229.3409594044517"
46094,460.952999998,world,460.9529999984402,-0.32870090018199616,-0.11718339083372409,3.0893535565525756,-0.0037339660254731696,0.000174316120717522,0.30205088270406233,-0.9532844755734291,0.0010729790224496979,0.029523333721180454,-0.0008310586228398787,-0.04009061933765343,0.007214370417656358,-0.1921777621608481,-0.025524573642065566,-0.06892836963287227,0.0006711708104419024,0.0,0.0,0.0,0.0,0.0,0.0,0.0,0.0,0.0,0.0,0.0,0.0,0.0,0.0,0.0,4,"1200.1065047158972,1201.5429463074456,1228.834931577223,1229.8064317496444"
46095,460.961999998,world,460.96199999844015,-0.32869223700530015,-0.11692043308015117,3.0893461079247366,-0.003575371423213022,8.620852261274797e-05,0.30286435292488667,-0.953026963424785,0.0008559668355093294,0.028915415057026304,-0.0008238617662646658,-0.038549876886677714,0.007433071921853668,-0.18716532372166045,-0.022991301619938426,-0.06645974519980252,0.0008933331685388388,0.0,0.0,0.0,0.0,0.0,0.0,0.0,0.0,0.0,0.0,0.0,0.0,0.0,0.0,0.0,4,"1199.9000619808985,1201.3110496303998,1228.9774208850126,1230.140279646197"
46096,460.970999998,world,460.9709999984401,-0.32868542530743616,-0.11666284860423097,3.08933873253626,-0.003423796632729659,-3.1495487522392867e-07,0.3036559387574708,-0.9527756023712183,0.0006614408080792296,0.02832908255587228,-0.0008148314747886223,-0.03691644726671928,0.007525165196561728,-0.18208034395269695,-0.020522842881231098,-0.06411741469658852,0.0010831588949668756,0.0,0.0,0.0,0.0,0.0,0.0,0.0,0.0,0.0,0.0,0.0,0.0,0.0,0.0,0.0,4,"1199.736231040017,1201.1136849661102,1229.091598383952,1230.4196328952623"
46097,460.982999998,world,460.98299999844005,-0.3286788791337819,-0.11632743555341786,3.0893290381470293,-0.00323277936811388,-0.00011218827223314273,0.304676953600724,-0.9524502561792563,0.00043591484345956806,0.027578934366361822,-0.0008004894817148999,-0.03468283630251111,0.007473380234453789,-0.1752293564394667,-0.017353710517942884,-0.06118741985169235,0.0012850621323456674,0.0,0.0,0.0,0.0,0.0,0.0,0.0,0.0,0.0,0.0,0.0,0.0,0.0,0.0,0.0,4,"1199.62678082995,1200.9233623792857,1229.1826581782984,1230.6640517905619"
46098,460.991999998,world,460.99199999844,-0.3286756225931529,-0.1160816704086547,3.0893218879251667,-0.0030979112982271687,-0.0001927848924863361,0.30541665696386305,-0.9522137530137819,0.00029115989585071813,0.027038615750411873,-0.0007882621037772668,-0.03293718280484308,0.0073146390104054685,-0.17003676850884492,-0.015082440220687136,-0.059131686237733766,0.001410971378406939,0.0,0.0,0.0,0.0,0.0,0.0,0.0,0.0,0.0,0.0,0.0,0.0,0.0,0.0,0.0,4,"1199.5378752740814,1200.7963433289142,1229.2415764543948,1230.8422972572257"
46099,461.000999998,world,461.00099999843997,-0.32867357843030837,-0.1158406867674912,3.0893148524495615,-0.002970338752738676,-0.00027000133882059866,0.30613385324530334,-0.9519838066291644,0.0001663439924864905,0.026516198563005702,-0.0007750265816674461,-0.03115061315927335,0.007065451172810014,-0.16481093371416028,-0.012913009127960517,-0.057195685319373635,0.0015125629924704143,0.0,0.0,0.0,0.0,0.0,0.0,0.0,0.0,0.0,0.0,0.0,0.0,0.0,0.0,0.0,4,"1199.4858682409506,1200.69983209405,1229.277139466731,1230.9726240177563"
46100,461.012999998,world,461.0129999984399,-0.32867243725197465,-0.1155265443363743,3.0893056638098075,-0.002811462576761958,-0.0003670848948852668,0.3070549889552479,-0.9516875509769749,2.9281154005883336e-05,0.025845659491950907,-0.0007562131549925427,-0.028791368146732523,0.006622728755717938,-0.15782853631818358,-0.010190616822162048,-0.05479413074822512,0.0016107289534525926,0.0,0.0,0.0,0.0,0.0,0.0,0.0,0.0,0.0,0.0,0.0,0.0,0.0,0.0,0.0,4,"1199.512333958071,1200.6366546050672,1229.2759385639006,1231.0292249291992"
46101,461.021999998,world,461.02199999843987,-0.3286725559630565,-0.11529612583011374,3.0892989240917847,-0.0027005994203037086,-0.00043509807103919067,0.30771946022526736,-0.9514732004902239,-5.281059563040482e-05,0.025360951159828976,-0.0007414216280274042,-0.027005135290501334,0.006210074451621345,-0.15257885598713036,-0.008283545579096564,-0.05312257538256024,0.0016653596789355934,0.0,0.0,0.0,0.0,0.0,0.0,0.0,0.0,0.0,0.0,0.0,0.0,0.0,0.0,0.0,4,"1199.523720786524,1200.601462767803,1229.2643281595992,1231.0745052943048"
46102,461.030999998,world,461.0309999984398,-0.3286733381605986,-0.11507000370840792,3.0892923194249273,-0.0025967824892335614,-0.0004986788244180644,0.3083613103466045,-0.951265636045715,-0.00011834298424184775,0.024890746244497466,-0.0007262275534128582,-0.025220675800044483,0.005739591844248169,-0.14732951987688025,-0.006498000116708811,-0.051558620053709925,0.0017026955294176076,0.0,0.0,0.0,0.0,0.0,0.0,0.0,0.0,0.0,0.0,0.0,0.0,0.0,0.0,0.0,4,"1199.5663757636705,1200.5929388175575,1229.233299512949,1231.0788092729526"
46103,461.042999998,world,461.04299999843977,-0.32867516563662086,-0.11477497382620953,3.08928372803496,-0.002468975212100092,-0.000576293659043809,0.3091820394518392,-0.9509994944937784,-0.00018187866610127208,0.024284738594448057,-0.0007056203610972504,-0.022923140460719655,0.005055822812869461,-0.14036339862889247,-0.00431009449001647,-0.04963225729542192,0.001726878340924695,0.0,0.0,0.0,0.0,0.0,0.0,0.0,0.0,0.0,0.0,0.0,0.0,0.0,0.0,0.0,4,"1199.7057500379863,1200.6400733121006,1229.1526642220279,1230.9805139773052"
46104,461.051999998,world,461.0519999984397,-0.32867695308985184,-0.11455839995440753,3.089277447535727,-0.002380809628768052,-0.000628984874457033,0.30977141234183514,-0.9508078713490357,-0.0002131013697502057,0.023844778713374915,-0.0006900397521624111,-0.02122543138051468,0.004496616601269578,-0.13516096932195576,-0.0028152297710377057,-0.0483001358015378,0.0017318527205738808,0.0,0.0,0.0,0.0,0.0,0.0,0.0,0.0,0.0,0.0,0.0,0.0,0.0,0.0,0.0,4,"1199.8007623075873,1200.6842281529068,1229.0813348596967,1230.915378492192"
46105,461.060999998,world,461.0609999984397,-0.3286789630006836,-0.11434573323543022,3.0892713072739673,-0.002299051409927309,-0.0006768159583038523,0.3103384772245899,-0.9506231039884818,-0.0002315040751293079,0.023416344790418615,-0.0006744734824314232,-0.019561975579411882,0.003907355005513911,-0.12998707763548217,-0.001447228471985405,-0.04705999653463119,0.0017253981464424115,0.0,0.0,0.0,0.0,0.0,0.0,0.0,0.0,0.0,0.0,0.0,0.0,0.0,0.0,0.0,4,"1199.921626296164,1200.7513895704092,1228.9937446589672,1230.8162519643834"
