header_seq,header_stamp,header_frame_id,t,is_single_rotor_thrust,collective_thrust,bodyrates_x,bodyrates_y,bodyrates_z,thrusts_0,thrusts_1,thrusts_2,thrusts_3
20607,206.082,,206.08199999963782,False,8.361814469277235,0.0006012638084788866,-0.000347077528824435,-0.0007437810001068364,nan,nan,nan,nan
20608,206.091,,206.09099999963777,False,8.36181446927723,0.0006011645454870375,-0.00034702023026436554,-0.0007436582517473398,nan,nan,nan,nan
20609,206.1,,206.09999999963773,False,8.361814469277228,0.0006010653530819997,-0.0003469629713734393,-0.0007435355257478423,nan,nan,nan,nan
20610,206.112,,206.11199999963767,False,8.361814469277226,0.0006009331081776317,-0.000346886633179854,-0.0007433719219426288,nan,nan,nan,nan
20611,206.121,,206.12099999963763,False,8.361814469277228,0.0006008338997820138,-0.00034682936613457377,-0.0007432492410975433,nan,nan,nan,nan
20612,206.13,,206.1299999996376,False,8.361814469277233,0.0006007347619344695,-0.00034677213873738613,-0.0007431265825998002,nan,nan,nan,nan
20613,206.142,,206.14199999963753,False,8.361814469277242,0.0006006025897662315,-0.0003466958425315227,-0.0007429630687795647,nan,nan,nan,nan
20614,206.151,,206.1509999996375,False,8.361814469277236,0.0006005034359366743,-0.0003466386069841208,-0.0007428404554105877,nan,nan,nan,nan
20615,206.16,,206.15999999963745,False,8.36181446927723,0.0006004043526161263,-0.00034658141106213436,-0.0007427178643762548,nan,nan,nan,nan
20616,206.172,,206.1719999996374,False,8.361814469277222,0.0006002722531441607,-0.0003465051568191522,-0.000742554440489997,nan,nan,nan,nan
20617,206.181,,206.18099999963735,False,8.361814469277217,0.0006001731538499532,-0.00034644795275189886,-0.0007424318945591172,nan,nan,nan,nan
20618,206.19,,206.1899999996373,False,8.361814469277217,0.0006000741250260435,-0.0003463907882883766,-0.0007423093709503913,nan,nan,nan,nan
20619,206.202,,206.20199999963725,False,8.361814469277219,0.0005999420982100111,-0.0003463145759859628,-0.000742146036947318,nan,nan,nan,nan
20620,206.211,,206.2109999996372,False,8.361814469277224,0.0005998430534209607,-0.00034625740338068534,-0.0007420235584163992,nan,nan,nan,nan
20621,206.22,,206.21999999963717,False,8.36181446927723,0.0005997440790636405,-0.0003462002703575379,-0.0007419011021952695,nan,nan,nan,nan
20622,206.232,,206.2319999996371,False,8.361814469277226,0.0005996121248627947,-0.0003461240999718366,-0.0007417378580250045,nan,nan,nan,nan
20623,206.241,,206.24099999963707,False,8.361814469277219,0.000599513134548853,-0.0003460669588115172,-0.0007416154468564933,nan,nan,nan,nan
20624,206.25,,206.24999999963703,False,8.361814469277213,0.0005994142146275691,-0.0003460098572106869,-0.0007414930579850315,nan,nan,nan,nan
20625,206.262,,206.26199999963697,False,8.361814469277208,0.0005992823330019497,-0.0003459337287186188,-0.0007413299035972816,nan,nan,nan,nan
20626,206.271,,206.27099999963693,False,8.361814469277208,0.0005991833971329841,-0.00034587661898634965,-0.0007412075597533335,nan,nan,nan,nan
20627,206.28,,206.27999999963689,False,8.36181446927721,0.0005990845316179898,-0.00034581954879203246,-0.0007410852381941524,nan,nan,nan,nan
20628,206.292,,206.29199999963683,False,8.361814469277217,0.0005989527225276134,-0.000345743462170816,-0.0007409221735389166,nan,nan,nan,nan
20629,206.301,,206.3009999996368,False,8.361814469277224,0.0005988538410734883,-0.0003456863838488639,-0.0007407998969821031,nan,nan,nan,nan
20630,206.31,,206.30999999963674,False,8.361814469277224,0.0005987550299348998,-0.0003456293450433615,-0.0007406776426977747,nan,nan,nan,nan
20631,206.322,,206.3219999996367,False,8.361814469277213,0.0005986232933399078,-0.00034555330026992396,-0.0007405146677250921,nan,nan,nan,nan
20632,206.331,,206.33099999963665,False,8.361814469277206,0.0005985244662713999,-0.0003454962533409194,-0.0007403924584181097,nan,nan,nan,nan
20633,206.34,,206.3399999996366,False,8.361814469277203,0.0005984257094792229,-0.00034543924590713185,-0.0007402702713712057,nan,nan,nan,nan
20634,206.352,,206.35199999963655,False,8.361814469277203,0.0005982940453400587,-0.0003453632429586707,-0.0007401073860313665,nan,nan,nan,nan
20635,206.361,,206.3609999996365,False,8.361814469277203,0.0005981952726268116,-0.0003453062274060769,-0.0007399852439370363,nan,nan,nan,nan
20636,206.37,,206.36999999963646,False,8.361814469277208,0.0005980965701515117,-0.00034524925132651255,-0.0007398631240902948,nan,nan,nan,nan
20637,206.382,,206.3819999996364,False,8.361814469277217,0.0005979649784277728,-0.00034517329017940947,-0.0007397003283337555,nan,nan,nan,nan
20638,206.391,,206.39099999963636,False,8.361814469277217,0.0005978662600397984,-0.0003451163059857237,-0.0007395782534146494,nan,nan,nan,nan
20639,206.4,,206.39999999963632,False,8.361814469277206,0.0005977676118511804,-0.00034505936124352965,-0.0007394562007309751,nan,nan,nan,nan
20640,206.412,,206.41199999963627,False,8.3618144692772,0.0005976360925035881,-0.0003449834418755799,-0.0007392934945082745,nan,nan,nan,nan
20641,206.421,,206.42099999963622,False,8.361814469277197,0.000597537428411033,-0.0003449264890229972,-0.0007391714867273389,nan,nan,nan,nan
20642,206.43,,206.42999999963618,False,8.361814469277196,0.0005974388344790637,-0.0003448695755998074,-0.0007390495011698028,nan,nan,nan,nan
20643,206.442,,206.44199999963612,False,8.361814469277197,0.0005973073874682617,-0.00034479369798816355,-0.0007388868844316478,nan,nan,nan,nan
20644,206.451,,206.45099999963608,False,8.361814469277201,0.0005972087776410553,-0.0003447367764610705,-0.0007387649437520367,nan,nan,nan,nan
20645,206.46,,206.45999999963604,False,8.361814469277206,0.000597110237936573,-0.0003446798943408959,-0.0007386430252836688,nan,nan,nan,nan
20646,206.472,,206.47199999963598,False,8.36181446927721,0.0005969788632220677,-0.000344604058462301,-0.000738480497980765,nan,nan,nan,nan
20647,206.481,,206.48099999963594,False,8.361814469277201,0.0005968803076315122,-0.00034454716824225244,-0.0007383586243658,nan,nan,nan,nan
20648,206.49,,206.4899999996359,False,8.361814469277196,0.0005967818221244599,-0.0003444903174079509,-0.0007382367729496296,nan,nan,nan,nan
20649,206.502,,206.50199999963584,False,8.361814469277189,0.0005966505196668564,-0.0003444145232399603,-0.000738074335032933,nan,nan,nan,nan
20650,206.511,,206.5109999996358,False,8.361814469277187,0.000596552018282402,-0.0003443576643094463,-0.0007379525284455185,nan,nan,nan,nan
20651,206.52,,206.51999999963576,False,8.361814469277187,0.0005964535869430856,-0.00034430084474352184,-0.000737830744044825,nan,nan,nan,nan
20652,206.532,,206.5319999996357,False,8.361814469277192,0.0005963223567024759,-0.0003442250922621858,-0.0007376683954652082,nan,nan,nan,nan
20653,206.541,,206.54099999963566,False,8.361814469277197,0.0005962239094943221,-0.0003441682646043386,-0.0007375466558687068,nan,nan,nan,nan
20654,206.55,,206.54999999963562,False,8.361814469277205,0.0005961255322925232,-0.00034411147628960495,-0.0007374249384467691,nan,nan,nan,nan
20655,206.562,,206.56199999963556,False,8.361814469277194,0.0005959943742290912,-0.0003440357654721423,-0.000737262679155438,nan,nan,nan,nan
20656,206.571,,206.57099999963552,False,8.361814469277187,0.0005958959811672158,-0.00034397896907023795,-0.0007371410065129212,nan,nan,nan,nan
20657,206.58,,206.57999999963548,False,8.361814469277183,0.00059579765807349,-0.00034392221198967346,-0.0007370193560330194,nan,nan,nan,nan
20658,206.592,,206.59199999963542,False,8.361814469277181,0.0005956665721478503,-0.00034384654281463366,-0.0007368571859808881,nan,nan,nan,nan
20659,206.601,,206.60099999963538,False,8.361814469277181,0.0005955682332026148,-0.00034378977765084145,-0.0007367355802559681,nan,nan,nan,nan
20660,206.61,,206.60999999963533,False,8.361814469277183,0.0005954699641873615,-0.00034373305178665123,-0.0007366139966813811,nan,nan,nan,nan
20661,206.622,,206.62199999963528,False,8.361814469277192,0.0005953389503599864,-0.0003436574242309199,-0.0007364519158196138,nan,nan,nan,nan
20662,206.631,,206.63099999963524,False,8.361814469277201,0.0005952406655021716,-0.0003436006902885659,-0.0007363303769756115,nan,nan,nan,nan
20663,206.64,,206.6399999996352,False,8.36181446927719,0.0005951424505357859,-0.0003435439956247118,-0.0007362088602697438,nan,nan,nan,nan
20664,206.652,,206.65199999963514,False,8.361814469277181,0.0005950115087674535,-0.0003434684096645335,-0.0007360468685496291,nan,nan,nan,nan
20665,206.661,,206.6609999996351,False,8.361814469277176,0.0005949132779675122,-0.0003434117069258288,-0.0007359253965498242,nan,nan,nan,nan
20666,206.67,,206.66999999963505,False,8.361814469277173,0.0005948151170204756,-0.00034335504344415755,-0.0007358039466759137,nan,nan,nan,nan
20667,206.682,,206.681999999635,False,8.361814469277173,0.0005946842472716375,-0.0003432794990562716,-0.0007356420440486577,nan,nan,nan,nan
20668,206.691,,206.69099999963495,False,8.361814469277174,0.000594586070499819,-0.0003432228275043279,-0.000735520638856579,nan,nan,nan,nan
20669,206.7,,206.6999999996349,False,8.36181446927718,0.0005944879635421378,-0.0003431661951879856,-0.0007353992557781962,nan,nan,nan,nan
20670,206.712,,206.71199999963486,False,8.361814469277192,0.0005943571657722934,-0.0003430906923508476,-0.0007352374421950044,nan,nan,nan,nan
20671,206.721,,206.7209999996348,False,8.361814469277183,0.0005942590429982741,-0.00034303405196956313,-0.0007351161037740154,nan,nan,nan,nan
20672,206.73,,206.72999999963477,False,8.361814469277174,0.0005941609900002232,-0.00034297745080151017,-0.0007349947874547724,nan,nan,nan,nan
20673,206.742,,206.74199999963471,False,8.361814469277167,0.000594030264170377,-0.00034290198949182344,-0.0007348330628668089,nan,nan,nan,nan
20674,206.751,,206.75099999963467,False,8.361814469277164,0.0005939321953645735,-0.00034284538026287814,-0.0007347117911804795,nan,nan,nan,nan
20675,206.76,,206.75999999963463,False,8.361814469277164,0.0005938341962962171,-0.000342788810226128,-0.0007345905415837396,nan,nan,nan,nan
20676,206.772,,206.77199999963457,False,8.361814469277167,0.0005937035423668418,-0.00034271339042022563,-0.0007344289059423347,nan,nan,nan,nan
20677,206.781,,206.78099999963453,False,8.361814469277173,0.0005936055274996261,-0.00034265681232757526,-0.0007343077009539444,nan,nan,nan,nan
20678,206.79,,206.7899999996345,False,8.36181446927718,0.0005935075823319911,-0.0003426002734047659,-0.0007341865180431117,nan,nan,nan,nan
20679,206.802,,206.80199999963443,False,8.361814469277178,0.00059337700026306,-0.00034252489508047103,-0.0007340249712997633,nan,nan,nan,nan
20680,206.811,,206.8109999996344,False,8.36181446927717,0.0005932790393048777,-0.0003424683481066199,-0.0007339038329729243,nan,nan,nan,nan
20681,206.82,,206.81999999963435,False,8.361814469277164,0.0005931811480074658,-0.0003424118402805027,-0.0007337827167114864,nan,nan,nan,nan
20682,206.832,,206.8319999996343,False,8.361814469277158,0.000593050637759959,-0.0003423365034148983,-0.0007336212588173995,nan,nan,nan,nan
20683,206.841,,206.84099999963425,False,8.361814469277158,0.0005929527306809934,-0.00034227998754160824,-0.0007335001871156002,nan,nan,nan,nan
20684,206.85,,206.8499999996342,False,8.36181446927716,0.0005928548932246576,-0.00034222351079562504,-0.0007333791374671693,nan,nan,nan,nan
20685,206.862,,206.86199999963415,False,8.361814469277164,0.0005927244547587567,-0.00034214821536632,-0.00073321776837355,nan,nan,nan,nan
20686,206.871,,206.8709999996341,False,8.36181446927717,0.0005926266015295486,-0.0003420917305773566,-0.0007330967632602352,nan,nan,nan,nan
20687,206.88,,206.87999999963407,False,8.361814469277176,0.0005925288178846415,-0.000342035284893701,-0.000732975780188299,nan,nan,nan,nan
20688,206.892,,206.891999999634,False,8.361814469277164,0.0005923984511613234,-0.0003419600308773427,-0.0007328144998464782,nan,nan,nan,nan
20689,206.901,,206.90099999963397,False,8.361814469277158,0.0005923006517525316,-0.0003419035771554034,-0.0007326935612853855,nan,nan,nan,nan
20690,206.91,,206.90999999963392,False,8.361814469277155,0.0005922029218894499,-0.0003418471625177004,-0.0007325726447532652,nan,nan,nan,nan
20691,206.922,,206.92199999963387,False,8.361814469277151,0.0005920726268693335,-0.00034177194989145097,-0.0007324114531149891,nan,nan,nan,nan
20692,206.931,,206.93099999963383,False,8.36296567378702,-4.216458213855327e-05,-0.001904503233116923,-0.0007327608975621219,nan,nan,nan,nan
20693,206.94,,206.93999999963378,False,8.366391849542214,-0.0019277599027651654,-0.006551110750788013,-0.0007359810820696884,nan,nan,nan,nan
20694,206.952,,206.95199999963373,False,8.374428686754662,-0.00634015572456875,-0.01742472611344883,-0.0007498012863744051,nan,nan,nan,nan
20695,206.961,,206.96099999963369,False,8.382997108837502,-0.011031643881963638,-0.028986343727764947,-0.0007711941213630491,nan,nan,nan,nan
20696,206.97,,206.96999999963364,False,8.39366611569438,-0.01686085000504798,-0.04335261475553576,-0.0008054644627801927,nan,nan,nan,nan
20697,206.982,,206.9819999996336,False,8.411009462980859,-0.026294792859268765,-0.06660741916541348,-0.0008766965965195158,nan,nan,nan,nan
20698,206.991,,206.99099999963354,False,8.42618217104138,-0.034494136085654,-0.08682706130608686,-0.0009535198704813488,nan,nan,nan,nan
20699,207.0,,206.9999999996335,False,8.44306207910759,-0.043511782102358336,-0.10907764391163384,-0.001054108915980073,nan,nan,nan,nan
20700,207.012,,207.01199999963345,False,8.468021376253512,-0.056539784687611415,-0.1412539153744675,-0.0012309967566527284,nan,nan,nan,nan
20701,207.021,,207.0209999996334,False,8.488336503399143,-0.06682705428459394,-0.16669213548483908,-0.0014000281747592982,nan,nan,nan,nan
20702,207.03,,207.02999999963336,False,8.509843756118915,-0.07732595894927471,-0.1926877327006015,-0.0016037631254753157,nan,nan,nan,nan
20703,207.042,,207.0419999996333,False,8.540170073818981,-0.09130147658383776,-0.2273524867776491,-0.0019344868736001159,nan,nan,nan,nan
20704,207.051,,207.05099999963326,False,8.563875907067775,-0.10150085263467352,-0.2527012866441652,-0.0022302703287599775,nan,nan,nan,nan
20705,207.06,,207.05999999963322,False,8.587905637241459,-0.11123485056061123,-0.2769400964288455,-0.0025695187696284944,nan,nan,nan,nan
20706,207.072,,207.07199999963316,False,8.619999298731894,-0.12319917005069388,-0.3068042253939724,-0.0030925982375900906,nan,nan,nan,nan
20707,207.081,,207.08099999963312,False,8.644090729313556,-0.1312165101886283,-0.3268680059917069,-0.0035396230913624467,nan,nan,nan,nan
20708,207.09,,207.08999999963308,False,8.668193905092984,-0.1382646699159573,-0.3445490162158518,-0.004034329923455736,nan,nan,nan,nan
20709,207.102,,207.10199999963302,False,8.70036745574565,-0.14599889720676876,-0.36400956996808925,-0.004768285010485974,nan,nan,nan,nan
20710,207.111,,207.11099999963298,False,8.724392549322491,-0.15047318343436863,-0.37530669214084633,-0.005373949250433361,nan,nan,nan,nan
20711,207.12,,207.11999999963294,False,8.748256441244962,-0.1537631078968626,-0.3836453406027543,-0.006025835731331373,nan,nan,nan,nan
20712,207.132,,207.13199999963288,False,8.77976768620116,-0.15629776069192197,-0.3901176523318634,-0.006964369625010021,nan,nan,nan,nan
20713,207.141,,207.14099999963284,False,8.802996252187842,-0.15683322518113704,-0.3915331625289952,-0.007717892458741839,nan,nan,nan,nan
20714,207.15,,207.1499999996328,False,8.825780459466623,-0.15623155480963463,-0.3900765167331496,-0.008511504392140124,nan,nan,nan,nan
20715,207.162,,207.16199999963274,False,8.855384305298077,-0.1537468451849098,-0.3838747080228549,-0.009627797177253181,nan,nan,nan,nan
20716,207.171,,207.1709999996327,False,8.876823662602979,-0.1507033444959782,-0.37623117188596433,-0.010505305801548613,nan,nan,nan,nan
20717,207.18,,207.17999999963266,False,8.897510002653574,-0.146723843945432,-0.36621274546370536,-0.011414381951995924,nan,nan,nan,nan
20718,207.192,,207.1919999996326,False,8.923840486738376,-0.1400846372134736,-0.34947447966684414,-0.01267102055436103,nan,nan,nan,nan
20719,207.201,,207.20099999963256,False,8.94248350212432,-0.13420353707627322,-0.3346386749522419,-0.013643600813486869,nan,nan,nan,nan
20720,207.21,,207.20999999963252,False,8.960095007897209,-0.12763487712298596,-0.31806804792439936,-0.014639246081672762,nan,nan,nan,nan
20721,207.222,,207.22199999963246,False,8.981912733828102,-0.11792579516453955,-0.2935864663718767,-0.0159987650483552,nan,nan,nan,nan
20722,207.231,,207.23099999963242,False,8.996890505167125,-0.11002058008661927,-0.27366995720799564,-0.01703976433296179,nan,nan,nan,nan
20723,207.24,,207.23999999963237,False,9.010617191461696,-0.10165952946388503,-0.2526250343231292,-0.018097020864762083,nan,nan,nan,nan
20724,207.252,,207.25199999963232,False,9.026938451144968,-0.08990081941511956,-0.22306839345535046,-0.01952931315342556,nan,nan,nan,nan
20725,207.261,,207.26099999963228,False,9.037591059657661,-0.08069739990967731,-0.19996972670017005,-0.020618810246366907,nan,nan,nan,nan
20726,207.27,,207.26999999963223,False,9.046841181264396,-0.07123203114811141,-0.17624572954153386,-0.021720189470191543,nan,nan,nan,nan
20727,207.282,,207.28199999963218,False,9.056980976418622,-0.05828191071264407,-0.14384026411955034,-0.02320582567361488,nan,nan,nan,nan
20728,207.291,,207.29099999963213,False,9.062873935045792,-0.04838104201897231,-0.11910440242914926,-0.02433216601043932,nan,nan,nan,nan
20729,207.3,,207.2999999996321,False,9.06727956514778,-0.03837672507219465,-0.09414159013234907,-0.02546845916709033,nan,nan,nan,nan
20730,207.312,,207.31199999963204,False,9.070846039093661,-0.024938512224995938,-0.060656074515671406,-0.026998797145226676,nan,nan,nan,nan
20731,207.321,,207.320999999632,False,9.071758421390921,-0.014833095705548116,-0.035505306311465264,-0.028158059951216317,nan,nan,nan,nan
20732,207.33,,207.32999999963195,False,9.071158599081876,-0.004754782175302921,-0.01044259437010247,-0.029327366799420725,nan,nan,nan,nan
20733,207.342,,207.3419999996319,False,9.068024914002772,0.008591918256423008,0.022722603606213882,-0.030902696534096052,nan,nan,nan,nan
20734,207.351,,207.35099999963185,False,9.063925077768884,0.018495698437980178,0.04731919977133203,-0.032096960180973556,nan,nan,nan,nan
20735,207.36,,207.3599999996318,False,9.058339598766027,0.028266009530232523,0.0715788652228477,-0.03330271621538403,nan,nan,nan,nan
20736,207.372,,207.37199999963175,False,9.048606947226371,0.041048724623842715,0.10331674347235636,-0.03492933460664528,nan,nan,nan,nan
20737,207.381,,207.3809999996317,False,9.039623851141021,0.05042387100199429,0.1265981323826004,-0.03616431000715504,nan,nan,nan,nan
20738,207.39,,207.38999999963167,False,9.029224195496337,0.05958314192226838,0.14935223074039297,-0.03741281045190004,nan,nan,nan,nan
20739,207.402,,207.4019999996316,False,9.013182903445033,0.07143503770259395,0.17881465947456462,-0.0390996077133842,nan,nan,nan,nan
20740,207.411,,207.41099999963157,False,8.999577236174941,0.08003408719683366,0.20020928960547862,-0.04038203473777217,nan,nan,nan,nan
20741,207.42,,207.41999999963153,False,8.984658201342235,0.08835865575648563,0.22094106759053872,-0.041679828858625055,nan,nan,nan,nan
20742,207.432,,207.43199999963147,False,8.962750912805614,0.09901755384871354,0.24752148543958355,-0.04343486449305833,nan,nan,nan,nan
20743,207.441,,207.44099999963143,False,8.944888494506461,0.10666974046419031,0.2666334536650796,-0.044770019019209434,nan,nan,nan,nan
20744,207.45,,207.4499999996314,False,8.925842577482223,0.1140101301614805,0.2849956025775866,-0.046121511870781014,nan,nan,nan,nan
20745,207.462,,207.46199999963133,False,8.898631645058034,0.12330752899207219,0.3083014751611817,-0.04794900608443863,nan,nan,nan,nan
20746,207.471,,207.4709999996313,False,8.876960239893826,0.1299075227312805,0.3248847830583924,-0.04933861180293707,nan,nan,nan,nan
20747,207.48,,207.47999999963125,False,8.854255532623409,0.13617481723668914,0.3406692113894708,-0.05074413876949597,nan,nan,nan,nan
20748,207.492,,207.4919999996312,False,8.822395090722523,0.14401467035468682,0.3604752742497145,-0.05264217871582171,nan,nan,nan,nan
20749,207.501,,207.50099999963115,False,8.797424620600205,0.14950497902257023,0.3743947524564578,-0.0540829020173779,nan,nan,nan,nan
20750,207.51,,207.5099999996311,False,8.771585939760657,0.15465236659729167,0.38749105420404345,-0.05553741236314804,nan,nan,nan,nan
20751,207.522,,207.52199999963105,False,8.735797956873613,0.16098602400100417,0.4036817962144586,-0.0574964895300853,nan,nan,nan,nan
20752,207.531,,207.530999999631,False,8.708083411359162,0.1653384885085255,0.4148696816636276,-0.05897905830509845,nan,nan,nan,nan
20753,207.54,,207.53999999963096,False,8.679675866990161,0.16934349482648542,0.4252225917026806,-0.06047141293103768,nan,nan,nan,nan
20754,207.552,,207.5519999996309,False,8.64072906815217,0.1741477328192175,0.4377383530164213,-0.06247375207567019,nan,nan,nan,nan
20755,207.561,,207.56099999963087,False,8.610855302428918,0.17734866176752317,0.4461568991796807,-0.0639826412365668,nan,nan,nan,nan
20756,207.57,,207.56999999963082,False,8.580469560245605,0.1801998713635616,0.45373216363646734,-0.06549545059842476,nan,nan,nan,nan
20757,207.582,,207.58199999963077,False,8.539160375313658,0.18346178695037696,0.4625293122683228,-0.06751501545356207,nan,nan,nan,nan
20758,207.591,,207.59099999963072,False,8.507728297145547,0.18550258751399082,0.4681454353965518,-0.06902860776584062,nan,nan,nan,nan
20759,207.6,,207.59999999963068,False,8.475967161277728,0.18719192607451193,0.4729084361228319,-0.07053851891977074,nan,nan,nan,nan
20760,207.612,,207.61199999963063,False,8.433102399240838,0.1889010690892227,0.4779369341416538,-0.07254157993493292,nan,nan,nan,nan
20761,207.621,,207.62099999963058,False,8.40071646008412,0.18977401738674254,0.48070972412069046,-0.07403272421759363,nan,nan,nan,nan
20762,207.63,,207.62999999963054,False,8.368573396539828,0.19028469522894395,0.48259332581665626,-0.07551101320209833,nan,nan,nan,nan
20763,207.642,,207.64199999963049,False,8.326560055329947,0.19039140891528364,0.48368918845622155,-0.07745680940833145,nan,nan,nan,nan
20764,207.651,,207.65099999963044,False,8.295814171246304,0.1900375891352295,0.4834364498227521,-0.07889313199118134,nan,nan,nan,nan
20765,207.66,,207.6599999996304,False,8.265744031106042,0.18930991518473383,0.482252647875435,-0.08030608131322273,nan,nan,nan,nan
20766,207.672,,207.67199999963034,False,8.2266063062801,0.18776030276525843,0.4792243466202626,-0.08214802509088438,nan,nan,nan,nan
20767,207.681,,207.6809999996303,False,8.198108130036594,0.18616167514623103,0.4758547787615039,-0.08349361977037237,nan,nan,nan,nan
20768,207.69,,207.68999999963026,False,8.170358965667136,0.18419055626697736,0.4715414605649191,-0.08480466295453407,nan,nan,nan,nan
20769,207.702,,207.7019999996302,False,8.134427744826569,0.18098856248664735,0.4643277908330912,-0.08649318683569955,nan,nan,nan,nan
20770,207.711,,207.71099999963016,False,8.108403820516104,0.1781588212687671,0.45781861302582677,-0.0877105095387685,nan,nan,nan,nan
20771,207.72,,207.71999999963012,False,8.083184059301319,0.1749686235131509,0.450376790431433,-0.08888199983353944,nan,nan,nan,nan
20772,207.732,,207.73199999963006,False,8.050715898947368,0.1701644632338569,0.439019426824532,-0.09036708673837664,nan,nan,nan,nan
20773,207.741,,207.74099999963002,False,8.027345104114843,0.16615491577721256,0.42943352145583163,-0.0914190276331287,nan,nan,nan,nan
20774,207.75,,207.74999999962998,False,8.004824422599986,0.16180844156189494,0.41895322219500847,-0.09241443487668327,nan,nan,nan,nan
20775,207.762,,207.76199999962992,False,7.976035100860369,0.15550291064414146,0.40361310269326417,-0.09364864074585982,nan,nan,nan,nan
20776,207.771,,207.77099999962988,False,7.955472633839544,0.15040114911841,0.3911004484020776,-0.09450084130767197,nan,nan,nan,nan
20777,207.78,,207.77999999962984,False,7.935801870729415,0.14499539358575766,0.37775511263399625,-0.09528708978658705,nan,nan,nan,nan
20778,207.792,,207.79199999962978,False,7.910887986557474,0.13733121144182295,0.3586975511596686,-0.09622865570313897,nan,nan,nan,nan
20779,207.801,,207.80099999962974,False,7.893278280104259,0.13125346672583177,0.3434810481590981,-0.0968518097975835,nan,nan,nan,nan
20780,207.81,,207.8099999996297,False,7.876599894061852,0.12491179960456729,0.32751270441913594,-0.09740152685812829,nan,nan,nan,nan
20781,207.822,,207.82199999962964,False,7.855749547232873,0.11606389903300889,0.3050890072315344,-0.09801726065585892,nan,nan,nan,nan
20782,207.831,,207.8309999996296,False,7.841232092842094,0.10914881772784137,0.28745304765486773,-0.09838916325488743,nan,nan,nan,nan
20783,207.84,,207.83999999962955,False,7.827684350770497,0.10201594071323014,0.269163634423574,-0.09868261214337187,nan,nan,nan,nan
20784,207.852,,207.8519999996295,False,7.811080524580242,0.09218670049908385,0.24380425369427028,-0.0989502584638409,nan,nan,nan,nan
20785,207.861,,207.86099999962946,False,7.79979092319352,0.0845931634858173,0.22409307172824022,-0.09905740910315612,nan,nan,nan,nan
20786,207.87,,207.8699999996294,False,7.789507811121573,0.07683395901414432,0.2038454670393806,-0.09908392870414427,nan,nan,nan,nan
20787,207.882,,207.88199999962936,False,7.777326651161975,0.06625287513317296,0.17606470695444507,-0.09899381372487419,nan,nan,nan,nan
20788,207.891,,207.89099999962932,False,7.769394198033372,0.05816031266362089,0.15468763780085498,-0.09883242962902608,nan,nan,nan,nan
20789,207.9,,207.89999999962927,False,7.762502093039435,0.049960338200352006,0.13291168654098978,-0.09859124748752612,nan,nan,nan,nan
20790,207.912,,207.91199999962922,False,7.754907089194511,0.03888450783320423,0.10331582055517288,-0.0981470359387069,nan,nan,nan,nan
20791,207.921,,207.92099999962917,False,7.750449391232826,0.030492832162483375,0.08075267071437102,-0.09772336407398938,nan,nan,nan,nan
20792,207.93,,207.92999999962913,False,7.747060802405306,0.022057671279962755,0.057949345280441926,-0.09722368152011872,nan,nan,nan,nan
20793,207.942,,207.94199999962908,False,7.744193043123254,0.010769774905416618,0.027239529158519123,-0.09644212745486351,nan,nan,nan,nan
20794,207.951,,207.95099999962903,False,7.743307652858141,0.002296885131798507,0.0040403606232602115,-0.09577198093048633,nan,nan,nan,nan
20795,207.96,,207.959999999629,False,7.74351192864622,-0.006151241174549127,-0.019220777179403858,-0.09503227038900482,nan,nan,nan,nan
20796,207.972,,207.97199999962893,False,7.745476211802436,-0.017348860321564824,-0.050255742826747454,-0.0939419090982266,nan,nan,nan,nan
20797,207.981,,207.9809999996289,False,7.748229094567054,-0.025672523889401198,-0.07347897913087344,-0.09304941246844087,nan,nan,nan,nan
20798,207.99,,207.98999999962885,False,7.7520799252494035,-0.033900995708559076,-0.09657063593281624,-0.09209593512073165,nan,nan,nan,nan
20799,208.002,,208.0019999996288,False,7.758926559605278,-0.044695754565486565,-0.12707253185701595,-0.09073476819081487,nan,nan,nan,nan
20800,208.011,,208.01099999962875,False,7.765337342488382,-0.05263497760772078,-0.14966228851593644,-0.08965038411643375,nan,nan,nan,nan
20801,208.02,,208.0199999996287,False,7.772837088380389,-0.06040902441094763,-0.17191778757490164,-0.08851503073317597,nan,nan,nan,nan
20802,208.032,,208.03199999962865,False,7.784539578129241,-0.07048967992389284,-0.2009863430658021,-0.0869273900574505,nan,nan,nan,nan
20803,208.041,,208.0409999996286,False,7.794563850809478,-0.07781345360092433,-0.22226188961493404,-0.08568540319956214,nan,nan,nan,nan
20804,208.05,,208.04999999962857,False,7.805645081260549,-0.08490526614016082,-0.24299894508356207,-0.08440306449794557,nan,nan,nan,nan
20805,208.062,,208.0619999996285,False,7.822074391169096,-0.09397412069797867,-0.26972530765764896,-0.08263597522186783,nan,nan,nan,nan
88,206.892,,206.891999999634,False,8.361814469277164,0.0005923984511613234,-0.0003419600308773427,-0.0007328144998464782,nan,nan,nan,nan
20689,206.901,,206.90099999963397,False,8.361814469277158,0.0005923006517525316,-0.0003419035771554034,-0.0007326935612853855,nan,nan,nan,nan
20690,206.91,,206.90999999963392,False,8.361814469277155,0.0005922029218894499,-0.0003418471625177004,-0.0007325726447532652,nan,nan,nan,nan
20691,206.922,,206.92199999963387,False,8.361814469277151,0.0005920726268693335,-0.00034177194989145097,-0.0007324114531149891,nan,nan,nan,nan
20692,206.931,,206.93099999963383,False,8.36296567378702,-4.216458213855327e-05,-0.001904503233116923,-0.0007327608975621219,nan,nan,nan,nan
20693,206.94,,206.93999999963378,False,8.366391849542214,-0.0019277599027651654,-0.006551110750788013,-0.0007359810820696884,nan,nan,nan,nan
20694,206.952,,206.95199999963373,False,8.374428686754662,-0.00634015572456875,-0.01742472611344883,-0.0007498012863744051,nan,nan,nan,nan
20695,206.961,,206.96099999963369,False,8.382997108837502,-0.011031643881963638,-0.028986343727764947,-0.0007711941213630491,nan,nan,nan,nan
20696,206.97,,206.96999999963364,False,8.39366611569438,-0.01686085000504798,-0.04335261475553576,-0.0008054644627801927,nan,nan,nan,nan
20697,206.982,,206.9819999996336,False,8.411009462980859,-0.026294792859268765,-0.06660741916541348,-0.0008766965965195158,nan,nan,nan,nan
20698,206.991,,206.99099999963354,False,8.42618217104138,-0.034494136085654,-0.08682706130608686,-0.0009535198704813488,nan,nan,nan,nan
20699,207.0,,206.9999999996335,False,8.44306207910759,-0.043511782102358336,-0.10907764391163384,-0.001054108915980073,nan,nan,nan,nan
20700,207.012,,207.01199999963345,False,8.468021376253512,-0.056539784687611415,-0.1412539153744675,-0.0012309967566527284,nan,nan,nan,nan
20701,207.021,,207.0209999996334,False,8.488336503399143,-0.06682705428459394,-0.16669213548483908,-0.0014000281747592982,nan,nan,nan,nan
20702,207.03,,207.02999999963336,False,8.509843756118915,-0.07732595894927471,-0.1926877327006015,-0.0016037631254753157,nan,nan,nan,nan
20703,207.042,,207.0419999996333,False,8.540170073818981,-0.09130147658383776,-0.2273524867776491,-0.0019344868736001159,nan,nan,nan,nan
20704,207.051,,207.05099999963326,False,8.563875907067775,-0.10150085263467352,-0.2527012866441652,-0.0022302703287599775,nan,nan,nan,nan
20705,207.06,,207.05999999963322,False,8.587905637241459,-0.11123485056061123,-0.2769400964288455,-0.0025695187696284944,nan,nan,nan,nan
20706,207.072,,207.07199999963316,False,8.619999298731894,-0.12319917005069388,-0.3068042253939724,-0.0030925982375900906,nan,nan,nan,nan
20707,207.081,,207.08099999963312,False,8.644090729313556,-0.1312165101886283,-0.3268680059917069,-0.0035396230913624467,nan,nan,nan,nan
20708,207.09,,207.08999999963308,False,8.668193905092984,-0.1382646699159573,-0.3445490162158518,-0.004034329923455736,nan,nan,nan,nan
20709,207.102,,207.10199999963302,False,8.70036745574565,-0.14599889720676876,-0.36400956996808925,-0.004768285010485974,nan,nan,nan,nan
20710,207.111,,207.11099999963298,False,8.724392549322491,-0.15047318343436863,-0.37530669214084633,-0.005373949250433361,nan,nan,nan,nan
20711,207.12,,207.11999999963294,False,8.748256441244962,-0.1537631078968626,-0.3836453406027543,-0.006025835731331373,nan,nan,nan,nan
20712,207.132,,207.13199999963288,False,8.77976768620116,-0.15629776069192197,-0.3901176523318634,-0.006964369625010021,nan,nan,nan,nan
20713,207.141,,207.14099999963284,False,8.802996252187842,-0.15683322518113704,-0.3915331625289952,-0.007717892458741839,nan,nan,nan,nan
20714,207.15,,207.1499999996328,False,8.825780459466623,-0.15623155480963463,-0.3900765167331496,-0.008511504392140124,nan,nan,nan,nan
20715,207.162,,207.16199999963274,False,8.855384305298077,-0.1537468451849098,-0.3838747080228549,-0.009627797177253181,nan,nan,nan,nan
20716,207.171,,207.1709999996327,False,8.876823662602979,-0.1507033444959782,-0.37623117188596433,-0.010505305801548613,nan,nan,nan,nan
20717,207.18,,207.17999999963266,False,8.897510002653574,-0.146723843945432,-0.36621274546370536,-0.011414381951995924,nan,nan,nan,nan
20718,207.192,,207.1919999996326,False,8.923840486738376,-0.1400846372134736,-0.34947447966684414,-0.01267102055436103,nan,nan,nan,nan
20719,207.201,,207.20099999963256,False,8.94248350212432,-0.13420353707627322,-0.3346386749522419,-0.013643600813486869,nan,nan,nan,nan
20720,207.21,,207.20999999963252,False,8.960095007897209,-0.12763487712298596,-0.31806804792439936,-0.014639246081672762,nan,nan,nan,nan
20721,207.222,,207.22199999963246,False,8.981912733828102,-0.11792579516453955,-0.2935864663718767,-0.0159987650483552,nan,nan,nan,nan
20722,207.231,,207.23099999963242,False,8.996890505167125,-0.11002058008661927,-0.27366995720799564,-0.01703976433296179,nan,nan,nan,nan
20723,207.24,,207.23999999963237,False,9.010617191461696,-0.10165952946388503,-0.2526250343231292,-0.018097020864762083,nan,nan,nan,nan
20724,207.252,,207.25199999963232,False,9.026938451144968,-0.08990081941511956,-0.22306839345535046,-0.01952931315342556,nan,nan,nan,nan
20725,207.261,,207.26099999963228,False,9.037591059657661,-0.08069739990967731,-0.19996972670017005,-0.020618810246366907,nan,nan,nan,nan
20726,207.27,,207.26999999963223,False,9.046841181264396,-0.07123203114811141,-0.17624572954153386,-0.021720189470191543,nan,nan,nan,nan
20727,207.282,,207.28199999963218,False,9.056980976418622,-0.05828191071264407,-0.14384026411955034,-0.02320582567361488,nan,nan,nan,nan
20728,207.291,,207.29099999963213,False,9.062873935045792,-0.04838104201897231,-0.11910440242914926,-0.02433216601043932,nan,nan,nan,nan
20729,207.3,,207.2999999996321,False,9.06727956514778,-0.03837672507219465,-0.09414159013234907,-0.02546845916709033,nan,nan,nan,nan
20730,207.312,,207.31199999963204,False,9.070846039093661,-0.024938512224995938,-0.060656074515671406,-0.026998797145226676,nan,nan,nan,nan
20731,207.321,,207.320999999632,False,9.071758421390921,-0.014833095705548116,-0.035505306311465264,-0.028158059951216317,nan,nan,nan,nan
20732,207.33,,207.32999999963195,False,9.071158599081876,-0.004754782175302921,-0.01044259437010247,-0.029327366799420725,nan,nan,nan,nan
20733,207.342,,207.3419999996319,False,9.068024914002772,0.008591918256423008,0.022722603606213882,-0.030902696534096052,nan,nan,nan,nan
20734,207.351,,207.35099999963185,False,9.063925077768884,0.018495698437980178,0.04731919977133203,-0.032096960180973556,nan,nan,nan,nan
20735,207.36,,207.3599999996318,False,9.058339598766027,0.028266009530232523,0.0715788652228477,-0.03330271621538403,nan,nan,nan,nan
20736,207.372,,207.37199999963175,False,9.048606947226371,0.041048724623842715,0.10331674347235636,-0.03492933460664528,nan,nan,nan,nan
20737,207.381,,207.3809999996317,False,9.039623851141021,0.05042387100199429,0.1265981323826004,-0.03616431000715504,nan,nan,nan,nan
20738,207.39,,207.38999999963167,False,9.029224195496337,0.05958314192226838,0.14935223074039297,-0.03741281045190004,nan,nan,nan,nan
20739,207.402,,207.4019999996316,False,9.013182903445033,0.07143503770259395,0.17881465947456462,-0.0390996077133842,nan,nan,nan,nan
20740,207.411,,207.41099999963157,False,8.999577236174941,0.08003408719683366,0.20020928960547862,-0.04038203473777217,nan,nan,nan,nan
20741,207.42,,207.41999999963153,False,8.984658201342235,0.08835865575648563,0.22094106759053872,-0.041679828858625055,nan,nan,nan,nan
20742,207.432,,207.43199999963147,False,8.962750912805614,0.09901755384871354,0.24752148543958355,-0.04343486449305833,nan,nan,nan,nan
20743,207.441,,207.44099999963143,False,8.944888494506461,0.10666974046419031,0.2666334536650796,-0.044770019019209434,nan,nan,nan,nan
20744,207.45,,207.4499999996314,False,8.925842577482223,0.1140101301614805,0.2849956025775866,-0.046121511870781014,nan,nan,nan,nan
20745,207.462,,207.46199999963133,False,8.898631645058034,0.12330752899207219,0.3083014751611817,-0.04794900608443863,nan,nan,nan,nan
20746,207.471,,207.4709999996313,False,8.876960239893826,0.1299075227312805,0.3248847830583924,-0.04933861180293707,nan,nan,nan,nan
20747,207.48,,207.47999999963125,False,8.854255532623409,0.13617481723668914,0.3406692113894708,-0.05074413876949597,nan,nan,nan,nan
20748,207.492,,207.4919999996312,False,8.822395090722523,0.14401467035468682,0.3604752742497145,-0.05264217871582171,nan,nan,nan,nan
20749,207.501,,207.50099999963115,False,8.797424620600205,0.14950497902257023,0.3743947524564578,-0.0540829020173779,nan,nan,nan,nan
20750,207.51,,207.5099999996311,False,8.771585939760657,0.15465236659729167,0.38749105420404345,-0.05553741236314804,nan,nan,nan,nan
20751,207.522,,207.52199999963105,False,8.735797956873613,0.16098602400100417,0.4036817962144586,-0.0574964895300853,nan,nan,nan,nan
20752,207.531,,207.530999999631,False,8.708083411359162,0.1653384885085255,0.4148696816636276,-0.05897905830509845,nan,nan,nan,nan
20753,207.54,,207.53999999963096,False,8.679675866990161,0.16934349482648542,0.4252225917026806,-0.06047141293103768,nan,nan,nan,nan
20754,207.552,,207.5519999996309,False,8.64072906815217,0.1741477328192175,0.4377383530164213,-0.06247375207567019,nan,nan,nan,nan
20755,207.561,,207.56099999963087,False,8.610855302428918,0.17734866176752317,0.4461568991796807,-0.0639826412365668,nan,nan,nan,nan
20756,207.57,,207.56999999963082,False,8.580469560245605,0.1801998713635616,0.45373216363646734,-0.06549545059842476,nan,nan,nan,nan
20757,207.582,,207.58199999963077,False,8.539160375313658,0.18346178695037696,0.4625293122683228,-0.06751501545356207,nan,nan,nan,nan
20758,207.591,,207.59099999963072,False,8.507728297145547,0.18550258751399082,0.4681454353965518,-0.06902860776584062,nan,nan,nan,nan
20759,207.6,,207.59999999963068,False,8.475967161277728,0.18719192607451193,0.4729084361228319,-0.07053851891977074,nan,nan,nan,nan
20760,207.612,,207.61199999963063,False,8.433102399240838,0.1889010690892227,0.4779369341416538,-0.07254157993493292,nan,nan,nan,nan
20761,207.621,,207.62099999963058,False,8.40071646008412,0.18977401738674254,0.48070972412069046,-0.07403272421759363,nan,nan,nan,nan
20762,207.63,,207.62999999963054,False,8.368573396539828,0.19028469522894395,0.48259332581665626,-0.07551101320209833,nan,nan,nan,nan
20763,207.642,,207.64199999963049,False,8.326560055329947,0.19039140891528364,0.48368918845622155,-0.07745680940833145,nan,nan,nan,nan
20764,207.651,,207.65099999963044,False,8.295814171246304,0.1900375891352295,0.4834364498227521,-0.07889313199118134,nan,nan,nan,nan
20765,207.66,,207.6599999996304,False,8.265744031106042,0.18930991518473383,0.482252647875435,-0.08030608131322273,nan,nan,nan,nan
20766,207.672,,207.67199999963034,False,8.2266063062801,0.18776030276525843,0.4792243466202626,-0.08214802509088438,nan,nan,nan,nan
20767,207.681,,207.6809999996303,False,8.198108130036594,0.18616167514623103,0.4758547787615039,-0.08349361977037237,nan,nan,nan,nan
20768,207.69,,207.68999999963026,False,8.170358965667136,0.18419055626697736,0.4715414605649191,-0.08480466295453407,nan,nan,nan,nan
20769,207.702,,207.7019999996302,False,8.134427744826569,0.18098856248664735,0.4643277908330912,-0.08649318683569955,nan,nan,nan,nan
20770,207.711,,207.71099999963016,False,8.108403820516104,0.1781588212687671,0.45781861302582677,-0.0877105095387685,nan,nan,nan,nan
20771,207.72,,207.71999999963012,False,8.083184059301319,0.1749686235131509,0.450376790431433,-0.08888199983353944,nan,nan,nan,nan
20772,207.732,,207.73199999963006,False,8.050715898947368,0.1701644632338569,0.439019426824532,-0.09036708673837664,nan,nan,nan,nan
20773,207.741,,207.74099999963002,False,8.027345104114843,0.16615491577721256,0.42943352145583163,-0.0914190276331287,nan,nan,nan,nan
20774,207.75,,207.74999999962998,False,8.004824422599986,0.16180844156189494,0.41895322219500847,-0.09241443487668327,nan,nan,nan,nan
20775,207.762,,207.76199999962992,False,7.976035100860369,0.15550291064414146,0.40361310269326417,-0.09364864074585982,nan,nan,nan,nan
20776,207.771,,207.77099999962988,False,7.955472633839544,0.15040114911841,0.3911004484020776,-0.09450084130767197,nan,nan,nan,nan
20777,207.78,,207.77999999962984,False,7.935801870729415,0.14499539358575766,0.37775511263399625,-0.09528708978658705,nan,nan,nan,nan
20778,207.792,,207.79199999962978,False,7.910887986557474,0.13733121144182295,0.3586975511596686,-0.09622865570313897,nan,nan,nan,nan
20779,207.801,,207.80099999962974,False,7.893278280104259,0.13125346672583177,0.3434810481590981,-0.0968518097975835,nan,nan,nan,nan
20780,207.81,,207.8099999996297,False,7.876599894061852,0.12491179960456729,0.32751270441913594,-0.09740152685812829,nan,nan,nan,nan
20781,207.822,,207.82199999962964,False,7.855749547232873,0.11606389903300889,0.3050890072315344,-0.09801726065585892,nan,nan,nan,nan
20782,207.831,,207.8309999996296,False,7.841232092842094,0.10914881772784137,0.28745304765486773,-0.09838916325488743,nan,nan,nan,nan
20783,207.84,,207.83999999962955,False,7.827684350770497,0.10201594071323014,0.269163634423574,-0.09868261214337187,nan,nan,nan,nan
20784,207.852,,207.8519999996295,False,7.811080524580242,0.09218670049908385,0.24380425369427028,-0.0989502584638409,nan,nan,nan,nan
20785,207.861,,207.86099999962946,False,7.79979092319352,0.0845931634858173,0.22409307172824022,-0.09905740910315612,nan,nan,nan,nan
20786,207.87,,207.8699999996294,False,7.789507811121573,0.07683395901414432,0.2038454670393806,-0.09908392870414427,nan,nan,nan,nan
20787,207.882,,207.88199999962936,False,7.777326651161975,0.06625287513317296,0.17606470695444507,-0.09899381372487419,nan,nan,nan,nan
20788,207.891,,207.89099999962932,False,7.769394198033372,0.05816031266362089,0.15468763780085498,-0.09883242962902608,nan,nan,nan,nan
20789,207.9,,207.89999999962927,False,7.762502093039435,0.049960338200352006,0.13291168654098978,-0.09859124748752612,nan,nan,nan,nan
20790,207.912,,207.91199999962922,False,7.754907089194511,0.03888450783320423,0.10331582055517288,-0.0981470359387069,nan,nan,nan,nan
20791,207.921,,207.92099999962917,False,7.750449391232826,0.030492832162483375,0.08075267071437102,-0.09772336407398938,nan,nan,nan,nan
20792,207.93,,207.92999999962913,False,7.747060802405306,0.022057671279962755,0.057949345280441926,-0.09722368152011872,nan,nan,nan,nan
20793,207.942,,207.94199999962908,False,7.744193043123254,0.010769774905416618,0.027239529158519123,-0.09644212745486351,nan,nan,nan,nan
20794,207.951,,207.95099999962903,False,7.743307652858141,0.002296885131798507,0.0040403606232602115,-0.09577198093048633,nan,nan,nan,nan
20795,207.96,,207.959999999629,False,7.74351192864622,-0.006151241174549127,-0.019220777179403858,-0.09503227038900482,nan,nan,nan,nan
20796,207.972,,207.97199999962893,False,7.745476211802436,-0.017348860321564824,-0.050255742826747454,-0.0939419090982266,nan,nan,nan,nan
20797,207.981,,207.9809999996289,False,7.748229094567054,-0.025672523889401198,-0.07347897913087344,-0.09304941246844087,nan,nan,nan,nan
20798,207.99,,207.98999999962885,False,7.7520799252494035,-0.033900995708559076,-0.09657063593281624,-0.09209593512073165,nan,nan,nan,nan
20799,208.002,,208.0019999996288,False,7.758926559605278,-0.044695754565486565,-0.12707253185701595,-0.09073476819081487,nan,nan,nan,nan
20800,208.011,,208.01099999962875,False,7.765337342488382,-0.05263497760772078,-0.14966228851593644,-0.08965038411643375,nan,nan,nan,nan
20801,208.02,,208.0199999996287,False,7.772837088380389,-0.06040902441094763,-0.17191778757490164,-0.08851503073317597,nan,nan,nan,nan
20802,208.032,,208.03199999962865,False,7.784539578129241,-0.07048967992389284,-0.2009863430658021,-0.0869273900574505,nan,nan,nan,nan
20803,208.041,,208.0409999996286,False,7.794563850809478,-0.07781345360092433,-0.22226188961493404,-0.08568540319956214,nan,nan,nan,nan
20804,208.05,,208.04999999962857,False,7.805645081260549,-0.08490526614016082,-0.24299894508356207,-0.08440306449794557,nan,nan,nan,nan
20805,208.062,,208.0619999996285,False,7.822074391169096,-0.09397412069797867,-0.26972530765764896,-0.08263597522186783,nan,nan,nan,nan
20807,208.08,,208.07999999962843,False,7.850088737430886,-0.10666233626113017,-0.30755624101621903,-0.07987746362239502,nan,nan,nan,nan
20808,208.092,,208.09199999962837,False,7.870985341552606,-0.11444669555689145,-0.3310590827200602,-0.07797692612513105,nan,nan,nan,nan
20809,208.101,,208.10099999962833,False,7.887746010506094,-0.11990783247673756,-0.3477028445652569,-0.07652399272994753,nan,nan,nan,nan
20810,208.11,,208.1099999996283,False,7.905405473526217,-0.12502290975433258,-0.3634273182201231,-0.07505048364716721,nan,nan,nan,nan
20811,208.122,,208.12199999962823,False,7.930350787358072,-0.13128460190576002,-0.3828878098963947,-0.0730581325885783,nan,nan,nan,nan
20812,208.131,,208.1309999996282,False,7.950002553521679,-0.1355479122700042,-0.3962993309487821,-0.07154613370392915,nan,nan,nan,nan
20813,208.14,,208.13999999962815,False,7.970414509459109,-0.13942143649800368,-0.40862956687234575,-0.07002138735628899,nan,nan,nan,nan
20814,208.152,,208.1519999996281,False,7.998803525266917,-0.1439633186171974,-0.42332110706197046,-0.06797194723386128,nan,nan,nan,nan
20815,208.161,,208.16099999962805,False,8.020839757427106,-0.14689224867311976,-0.43298337055029706,-0.06642481366108038,nan,nan,nan,nan
20816,208.17,,208.169999999628,False,8.043450491674072,-0.1493975862899738,-0.44142803927985885,-0.06487087066495238,nan,nan,nan,nan
20817,208.182,,208.18199999962795,False,8.07446745479532,-0.15206608662856858,-0.4507364522828089,-0.06279071591985151,nan,nan,nan,nan
20818,208.191,,208.1909999996279,False,8.098218017635425,-0.15355662864622668,-0.4562198276391115,-0.0612259550436617,nan,nan,nan,nan
20819,208.2,,208.19999999962786,False,8.122306018738843,-0.15459918494171973,-0.46037645181365566,-0.059658390247676364,nan,nan,nan,nan
20820,208.212,,208.2119999996278,False,8.154904825727392,-0.15528214362908468,-0.4638066647946229,-0.05756535608160777,nan,nan,nan,nan
20821,208.221,,208.22099999962776,False,8.179522901929797,-0.15525989745880117,-0.4647697840970333,-0.05599423945005791,nan,nan,nan,nan
20822,208.23,,208.22999999962772,False,8.20418708709987,-0.1547730249810594,-0.46432185813783017,-0.05442262556048072,nan,nan,nan,nan
20823,208.242,,208.24199999962767,False,8.237077837815042,-0.153392415716074,-0.46148793626509493,-0.052327040218817074,nan,nan,nan,nan
20824,208.251,,208.25099999962762,False,8.261531697290813,-0.15180576306933696,-0.45766548279132585,-0.050755671949418726,nan,nan,nan,nan
20825,208.26,,208.25999999962758,False,8.285684856201941,-0.14974276913982723,-0.45236609249902987,-0.04918488395546356,nan,nan,nan,nan
20826,208.272,,208.27199999962752,False,8.317327784667134,-0.14624222341861406,-0.4429627567355651,-0.0470916471079175,nan,nan,nan,nan
20827,208.281,,208.28099999962748,False,8.340398392541118,-0.1430516294557704,-0.43413909319141564,-0.045522753860260244,nan,nan,nan,nan
20828,208.29,,208.28999999962744,False,8.36276673781321,-0.13937394747445478,-0.4237802320760801,-0.04395493712873191,nan,nan,nan,nan
20829,208.302,,208.30199999962738,False,8.391374747341466,-0.13370121927672504,-0.4075351531060171,-0.04186639047720724,nan,nan,nan,nan
20830,208.311,,208.31099999962734,False,8.411660188707724,-0.12886477964028756,-0.39350347539729774,-0.0403016378143701,nan,nan,nan,nan
20831,208.32,,208.3199999996273,False,8.430790075792077,-0.12352641154363553,-0.37787086747150406,-0.03873864820320421,nan,nan,nan,nan
20832,208.332,,208.33199999962724,False,8.454341497818012,-0.1156108680302456,-0.3544775556068001,-0.03665800070611225,nan,nan,nan,nan
20833,208.341,,208.3409999996272,False,8.470269630788392,-0.10906608866555532,-0.3349843882083133,-0.035100680964012414,nan,nan,nan,nan
20834,208.35,,208.34999999962716,False,8.484543078770281,-0.10199420947318387,-0.3137974927739856,-0.033546870849373175,nan,nan,nan,nan
20835,208.362,,208.3619999996271,False,8.500807274985414,-0.09171900165238289,-0.2828279605349497,-0.03148206964720683,nan,nan,nan,nan
20836,208.371,,208.37099999962706,False,8.51065897797393,-0.08336036231652474,-0.25750194519615766,-0.02994013552086795,nan,nan,nan,nan
20837,208.38,,208.37999999962702,False,8.518320777061941,-0.07443144049982574,-0.23033760102541753,-0.02840551851102415,nan,nan,nan,nan
20838,208.392,,208.39199999962696,False,8.524901103748455,-0.061599127807936006,-0.1911317618575822,-0.026373719047973913,nan,nan,nan,nan
20839,208.401,,208.40099999962692,False,8.526528089066108,-0.05125225457456665,-0.159399965744527,-0.024863403550770893,nan,nan,nan,nan
20840,208.41,,208.40999999962688,False,8.524881102711706,-0.04026660665687906,-0.12560945534197016,-0.02336757521718498,nan,nan,nan,nan
20841,208.422,,208.42199999962682,False,8.517561219073885,-0.02456150799839282,-0.07715243212509271,-0.02140091434123196,nan,nan,nan,nan
20842,208.431,,208.43099999962678,False,8.509386377365859,-0.01246552340668824,-0.0397001150153478,-0.019956876437990233,nan,nan,nan,nan
20843,208.44,,208.43999999962674,False,8.500447830810792,-0.0007538043289298731,-0.00329713163096083,-0.01854828684044778,nan,nan,nan,nan
20844,208.452,,208.45199999962668,False,8.48765372323593,0.01409984146852541,0.043086641157201934,-0.01672764310160066,nan,nan,nan,nan
20845,208.461,,208.46099999962664,False,8.477636216549486,0.02453048810747485,0.0758208720255848,-0.015407017817276597,nan,nan,nan,nan
20846,208.47,,208.4699999996266,False,8.467764356370747,0.03421641408376559,0.10636196740733213,-0.014126348161203232,nan,nan,nan,nan
20847,208.482,,208.48199999962654,False,8.455379431173771,0.04580190039803814,0.14311886309766578,-0.012483000307175047,nan,nan,nan,nan
20848,208.491,,208.4909999996265,False,8.446710498895683,0.05338648474368602,0.16735565333397895,-0.011299991403968637,nan,nan,nan,nan
20849,208.5,,208.49999999962645,False,8.438579211996553,0.05994563984967957,0.18846941336438483,-0.010160391318505336,nan,nan,nan,nan
20850,208.512,,208.5119999996264,False,8.428537393141728,0.06704861906763447,0.21157105361330908,-0.00870945562605784,nan,nan,nan,nan
20851,208.521,,208.52099999962635,False,8.421626958525321,0.07114188715552139,0.2250667095151742,-0.007673086983906242,nan,nan,nan,nan
20852,208.53,,208.5299999996263,False,8.41523180088179,0.07419484801107197,0.2353009021279042,-0.00668126392091697,nan,nan,nan,nan
20853,208.542,,208.54199999962626,False,8.407440524254778,0.07673293247253551,0.24409168511600426,-0.00542774454040109,nan,nan,nan,nan
20854,208.551,,208.5509999996262,False,8.402143105711012,0.07757380729885667,0.24728048832314545,-0.004538696172204642,nan,nan,nan,nan
20855,208.56,,208.55999999962617,False,8.397283180603159,0.07758692800210783,0.24778591239328804,-0.0036927248085845657,nan,nan,nan,nan
20856,208.572,,208.57199999962612,False,8.391409795585004,0.07646915865773951,0.24473301312074727,-0.002630246805414095,nan,nan,nan,nan
20857,208.581,,208.58099999962607,False,8.387443281396665,0.07489824651634,0.24000534441961766,-0.0018811827350668044,nan,nan,nan,nan
20858,208.59,,208.58999999962603,False,8.383820885929179,0.07279874545524517,0.23349226568466186,-0.0011718702824229468,nan,nan,nan,nan
20859,208.602,,208.60199999962597,False,8.379460748794836,0.06932496086558812,0.22249511125273558,-0.0002858788139472976,nan,nan,nan,nan
20860,208.611,,208.61099999962593,False,8.376526505170458,0.06631755609481248,0.2128451660219654,0.0003353867386923304,nan,nan,nan,nan
20861,208.62,,208.6199999996259,False,8.373853900204217,0.06304708915069288,0.20225996799839185,0.0009209428850284395,nan,nan,nan,nan
20862,208.632,,208.63199999962583,False,8.370646606587659,0.05838349117307487,0.18704840181565954,0.001648251429256683,nan,nan,nan,nan
20863,208.641,,208.6409999996258,False,8.36849530461679,0.05472853485040432,0.17505642813763655,0.0021551972077095394,nan,nan,nan,nan
20864,208.65,,208.64999999962575,False,8.366542191443367,0.05099290808854267,0.1627531089208889,0.0026303649116898075,nan,nan,nan,nan
20865,208.662,,208.6619999996257,False,8.36420901730252,0.04594923982318046,0.14609048526037435,0.003216398410482776,nan,nan,nan,nan
20866,208.671,,208.67099999962565,False,8.362652597981075,0.04215963074892916,0.13354748562801977,0.003621647088595072,nan,nan,nan,nan
20867,208.68,,208.6799999996256,False,8.36124752151188,0.03839697553921954,0.12108480469401897,0.003998617864504608,nan,nan,nan,nan
20868,208.692,,208.69199999962555,False,8.359582239785222,0.03345618292095439,0.10472199538178424,0.004458927050038134,nan,nan,nan,nan
20869,208.701,,208.7009999996255,False,8.358481797568999,0.02983050047173814,0.09272593299015665,0.004773616722057906,nan,nan,nan,nan
20870,208.71,,208.70999999962547,False,8.357497821792258,0.02629466645273907,0.08104302733539227,0.00506309828504516,nan,nan,nan,nan
20871,208.722,,208.7219999996254,False,8.356346847482326,0.021740606483493182,0.06602772568493488,0.005411339607058751,nan,nan,nan,nan
20872,208.731,,208.73099999962537,False,8.355598162634168,0.018460343278530612,0.055239757127496854,0.005645289758969723,nan,nan,nan,nan
20873,208.74,,208.73999999962533,False,8.35493934008619,0.01531203497823825,0.04491054472603694,0.005856777109322916,nan,nan,nan,nan
20874,208.752,,208.75199999962527,False,8.354185517989325,0.011333922235630836,0.03189798299402903,0.006105165492857776,nan,nan,nan,nan
20875,208.761,,208.76099999962523,False,8.353708281352057,0.00852570152957852,0.022741166716601646,0.006267246192507451,nan,nan,nan,nan
20876,208.77,,208.76999999962518,False,8.353300002065957,0.005879772103947953,0.0141373571717159,0.006409393831960132,nan,nan,nan,nan
20877,208.782,,208.78199999962513,False,8.35285126729101,0.0026130280779134967,0.0035502849728292134,0.00656918249874789,nan,nan,nan,nan
20878,208.791,,208.7909999996251,False,8.352581656450427,0.0003646094078831168,-0.0037108769229106772,0.006667652335769785,nan,nan,nan,nan
20879,208.8,,208.79999999962504,False,8.3523640639777,-0.0017041022550022108,-0.010370429651010584,0.00674858844281804,nan,nan,nan,nan
20880,208.812,,208.811999999625,False,8.352145809706558,-0.004181484829722285,-0.0183129638635496,0.006830445975025153,nan,nan,nan,nan
20881,208.821,,208.82099999962495,False,8.352031617037108,-0.005829154970128173,-0.023570486973323992,0.006873200621916241,nan,nan,nan,nan
20882,208.83,,208.8299999996249,False,8.351955421155422,-0.007295628857420727,-0.028227632188653692,0.0069007440818490825,nan,nan,nan,nan
20883,208.842,,208.84199999962485,False,8.351905880018675,-0.008975599774534082,-0.03352634826125017,0.006914991791563626,nan,nan,nan,nan
20884,208.851,,208.8509999996248,False,8.351903746839405,-0.010035339896422099,-0.03683885747451279,0.006909701294407984,nan,nan,nan,nan
20885,208.86,,208.85999999962476,False,8.35192800116586,-0.010928047401797158,-0.039600536001535146,0.0068914632468383705,nan,nan,nan,nan
20886,208.872,,208.8719999996247,False,8.351996012097574,-0.011871335155876954,-0.042468843977784984,0.0068481552321108495,nan,nan,nan,nan
20887,208.881,,208.88099999962466,False,8.352070231821989,-0.012404135149811054,-0.04404498994598169,0.0068022839834861295,nan,nan,nan,nan
20888,208.89,,208.88999999962462,False,8.352161469195412,-0.012795627646621748,-0.045156746697266714,0.00674565577491724,nan,nan,nan,nan
20889,208.902,,208.90199999962456,False,8.352305704155146,-0.013114103034411038,-0.04597119986226442,0.006654518398213439,nan,nan,nan,nan
20890,208.911,,208.91099999962452,False,8.352427841375976,-0.013212944481723016,-0.046123517630283,0.006575251384890584,nan,nan,nan,nan
20891,208.92,,208.91999999962448,False,8.352559786976673,-0.013201980451864988,-0.04591756913220299,0.006487311365519706,nan,nan,nan,nan
20892,208.932,,208.93199999962442,False,8.352748398796292,-0.01303349093621175,-0.04514288256532876,0.006357596827024495,nan,nan,nan,nan
20893,208.941,,208.94099999962438,False,8.35289698867263,-0.01280438807477214,-0.04422974965339298,0.006251719271453552,nan,nan,nan,nan
20894,208.95,,208.94999999962434,False,8.353050182932453,-0.012497598111607217,-0.04306743965601387,0.006139108371305237,nan,nan,nan,nan
20895,208.962,,208.96199999962428,False,8.353260129016553,-0.011983306283191043,-0.04118316706559864,0.005979429472199747,nan,nan,nan,nan
20896,208.971,,208.97099999962424,False,8.353420026682878,-0.011530094518977236,-0.039557971494319645,0.005853207913904588,nan,nan,nan,nan
20897,208.98,,208.9799999996242,False,8.353581046734826,-0.011028556255722606,-0.03778358060173656,0.005722018186834482,nan,nan,nan,nan
20898,208.992,,208.99199999962414,False,8.353796857673395,-0.010297948009398046,-0.03523067068887111,0.005540215034417849,nan,nan,nan,nan
20899,209.001,,209.0009999996241,False,8.353958190710875,-0.009713190827254867,-0.033208149995563215,0.00539931078358939,nan,nan,nan,nan
20900,209.01,,209.00999999962406,False,8.35411851646433,-0.009105083580273026,-0.031120775245904328,0.0052550113786078165,nan,nan,nan,nan
20901,209.022,,209.021999999624,False,8.35433068410061,-0.008268606450647017,-0.028272248261083936,0.005058072754025872,nan,nan,nan,nan
20902,209.031,,209.03099999962396,False,8.354487599847685,-0.0076296430668643936,-0.02611209669853981,0.0049074978703599744,nan,nan,nan,nan
20903,209.04,,209.03999999962392,False,8.354642348013343,-0.006987420486344799,-0.023953539242099715,0.004754903371335745,nan,nan,nan,nan
20904,209.052,,209.05199999962386,False,8.354845649414147,-0.0061341120224850595,-0.02110402979530582,0.004548942551538854,nan,nan,nan,nan
20905,209.061,,209.06099999962382,False,8.354995091940626,-0.005502086290900586,-0.019006596106367936,0.004393054125527164,nan,nan,nan,nan
20906,209.07,,209.06999999962378,False,8.355141838779891,-0.004882025978546462,-0.016959525423220424,0.004236328407571055,nan,nan,nan,nan
20907,209.082,,209.08199999962372,False,8.35533385537659,-0.004079505192807557,-0.014325856167431027,0.0040266014328499055,nan,nan,nan,nan
20908,209.091,,209.09099999962368,False,8.355474535378567,-0.0034996794118885696,-0.012434314779172435,0.0038691237980189998,nan,nan,nan,nan
20909,209.1,,209.09999999962363,False,8.355612362489587,-0.0029423997663356196,-0.010625573048037143,0.003711808422189326,nan,nan,nan,nan
20910,209.112,,209.11199999962358,False,8.355792328758776,-0.0022378066339367514,-0.00835249560311055,0.003502759920976965,nan,nan,nan,nan
20911,209.121,,209.12099999962354,False,8.355923955284334,-0.001740430303912818,-0.006757916646278991,0.003346823844359316,nan,nan,nan,nan
20912,209.13,,209.1299999996235,False,8.356052762440903,-0.001271895969958114,-0.005264103700503462,0.0031918804786335085,nan,nan,nan,nan
20913,209.142,,209.14199999962344,False,8.356220769273667,-0.0006934562368289565,-0.0034324191771158154,0.002987204001033396,nan,nan,nan,nan
20914,209.151,,209.1509999996234,False,8.356343540248497,-0.000295120952049216,-0.0021803077680777,0.0028353939363948352,nan,nan,nan,nan
20915,209.16,,209.15999999962335,False,8.356463606649394,7.183667039156832e-05,-0.0010346744873137642,0.0026852527139402623,nan,nan,nan,nan
20916,209.172,,209.1719999996233,False,8.356620115312072,0.0005125144724384471,0.0003290410075976673,0.0024879561377633007,nan,nan,nan,nan
20917,209.181,,209.18099999962325,False,8.356734422264447,0.0008069487391007028,0.0012310639618183935,0.0023423594905077403,nan,nan,nan,nan
20918,209.19,,209.1899999996232,False,8.35684616424903,0.0010705382773610367,0.0020306282453338865,0.002198968122600266,nan,nan,nan,nan
20919,209.202,,209.20199999962315,False,8.356991753904387,0.0013754325174845153,0.0029429364341121704,0.002011438519957494,nan,nan,nan,nan
20920,209.211,,209.2109999996231,False,8.357098039546909,0.0015704091239973402,0.0035165383722072815,0.001873693629591416,nan,nan,nan,nan
20921,209.22,,209.21999999962307,False,8.357201902176419,0.0017373457525697849,0.0039987313474188725,0.001738564699274573,nan,nan,nan,nan
20922,209.232,,209.231999999623,False,8.357337167911982,0.0019185253703085947,0.004507450211496017,0.0015626302326990466,nan,nan,nan,nan
20923,209.241,,209.24099999962297,False,8.35743587621933,0.002025117560846639,0.004794624109917247,0.001433971902012408,nan,nan,nan,nan
20924,209.25,,209.24999999962293,False,8.35753230114249,0.0021079411454541447,0.005005811106000519,0.0013082276386894903,nan,nan,nan,nan
20925,209.262,,209.26199999962287,False,8.357657831314434,0.0021840240604916695,0.005178308229059375,0.0011452161463825876,nan,nan,nan,nan
20926,209.271,,209.27099999962283,False,8.357749401796541,0.0022173383164522976,0.005232821886682317,0.0010265188044470458,nan,nan,nan,nan
20927,209.28,,209.2799999996228,False,8.357838827933078,0.0022318967260719883,0.005228764059467854,0.0009109336377231082,nan,nan,nan,nan
20928,209.292,,209.29199999962273,False,8.357955210638869,0.002224850559976519,0.005141455892267183,0.0007617285179282087,nan,nan,nan,nan
20929,209.301,,209.3009999996227,False,8.358040085194746,0.0022017643839487093,0.005021435650329942,0.0006535475572228132,nan,nan,nan,nan
20930,209.31,,209.30999999962265,False,8.35812295568821,0.002165084973475635,0.004860320934372201,0.0005485890060545741,nan,nan,nan,nan
20931,209.322,,209.3219999996226,False,8.358230786326981,0.002097609031234303,0.0045901217432016365,0.00041368309811252535,nan,nan,nan,nan
20932,209.331,,209.33099999962255,False,8.358309412850979,0.002034977957997501,0.0043522187142420645,0.00031629483713072667,nan,nan,nan,nan
20933,209.34,,209.3399999996225,False,8.358386176474262,0.001963625111931648,0.004089343844383778,0.0002221631006118766,nan,nan,nan,nan
20934,209.352,,209.35199999962245,False,8.358486055982528,0.0018571917049599411,0.003707374927312454,0.00010171089743190688,nan,nan,nan,nan
20935,209.361,,209.3609999996224,False,8.358558884386493,0.0017705496896003247,0.003402637282545244,1.5151297513580488e-05,nan,nan,nan,nan
20936,209.37,,209.36999999962237,False,8.358629989502829,0.00167946766574869,0.003086778519315403,-6.818242841025641e-05,nan,nan,nan,nan
20937,209.382,,209.3819999996223,False,8.358722513649408,0.0015529906421093717,0.0026542710743301546,-0.0001743143571702931,nan,nan,nan,nan
20938,209.391,,209.39099999962227,False,8.358789986271624,0.0014557018987722246,0.0023255989577944266,-0.0002502124147027971,nan,nan,nan,nan
20939,209.4,,209.39999999962222,False,8.358855870325543,0.0013574899845065983,0.0019968973379647058,-0.0003229691647371609,nan,nan,nan,nan
20940,209.412,,209.41199999962217,False,8.358941614961005,0.0012265381664891728,0.0015629962940063517,-0.0004151539953887158,nan,nan,nan,nan
20941,209.421,,209.42099999962213,False,8.359004155387744,0.0011293333996890247,0.0012439273726425478,-0.00048072526918087625,nan,nan,nan,nan
20942,209.43,,209.42999999962208,False,8.35906523398947,0.0010338840072995719,0.0009330184248742973,-0.000543283510042866,nan,nan,nan,nan
20943,209.442,,209.44199999962203,False,8.359144741394372,0.0009103457468608843,0.0005341112735245792,-0.0006220888342706677,nan,nan,nan,nan
20944,209.451,,209.45099999962198,False,8.359202745180013,0.0008211725868226344,0.0002486504823094477,-0.0006778025760995115,nan,nan,nan,nan
20945,209.46,,209.45999999962194,False,8.359259403842897,0.0007356028209979782,-2.3246759872280736e-05,-0.0007306658307440063,nan,nan,nan,nan
20946,209.472,,209.4719999996219,False,8.359333173497323,0.0006277103796721737,-0.0003630493607553717,-0.0007968117433552481,nan,nan,nan,nan
20947,209.481,,209.48099999962184,False,8.359387002672513,0.0005518304919913185,-0.0005998280189639285,-0.0008432412429775119,nan,nan,nan,nan
20948,209.49,,209.4899999996218,False,8.359439592576669,0.0004806403948567422,-0.0008201265991889918,-0.0008870085033076291,nan,nan,nan,nan
20949,209.502,,209.50199999962175,False,8.359508077425497,0.00039326591852603004,-0.001087696810807512,-0.0009413295367378889,nan,nan,nan,nan
20950,209.511,,209.5109999996217,False,8.359558059072912,0.00033353308095417523,-0.0012685199677198967,-0.0009791246312811678,nan,nan,nan,nan
20951,209.52,,209.51999999962166,False,8.35960689673625,0.00027892527802997905,-0.0014320198274142863,-0.001014463788566024,nan,nan,nan,nan
20952,209.532,,209.5319999996216,False,8.359670504274888,0.0002140620632849977,-0.0016234047081955896,-0.001057874930847296,nan,nan,nan,nan
20953,209.541,,209.54099999962156,False,8.359716932347103,0.00017131722996706523,-0.0017473557001515018,-0.0010877376051197233,nan,nan,nan,nan
20954,209.55,,209.54999999962152,False,8.35976230216966,0.00013361498581587,-0.001854744048706188,-0.0011153619820629126,nan,nan,nan,nan
20955,209.562,,209.56199999962146,False,8.359821398749068,9.09620948888852e-05,-0.0019731055181963155,-0.0011488288277283416,nan,nan,nan,nan
20956,209.571,,209.57099999962142,False,8.359864537825008,6.448598668579881e-05,-0.0020440529658401294,-0.001171491899070807,nan,nan,nan,nan
20957,209.58,,209.57999999962138,False,8.359906696167759,4.259241367939732e-05,-0.0021003270037766716,-0.0011921398431770974,nan,nan,nan,nan
20958,209.592,,209.59199999962132,False,8.359961612750721,2.0170325727224505e-05,-0.0021538503132910026,-0.0012166527760557636,nan,nan,nan,nan
20959,209.601,,209.60099999962128,False,8.360001702461012,8.142767835212063e-06,-0.0021789027810821316,-0.0012328615568568875,nan,nan,nan,nan
20960,209.61,,209.60999999962124,False,8.360040882068718,-6.2372943496526745e-09,-0.0021918574493160732,-0.0012472789652758535,nan,nan,nan,nan
20961,209.622,,209.62199999962118,False,8.360091920007601,-5.266599569874091e-06,-0.002191800854037932,-0.0012638311700081662,nan,nan,nan,nan
20962,209.631,,209.63099999962114,False,8.360129179194072,-5.339462336977177e-06,-0.002179903579136513,-0.001274327936926556,nan,nan,nan,nan
20963,209.64,,209.6399999996211,False,8.360165593154582,-2.363517989949325e-06,-0.00215878833403654,-0.0012832535290495163,nan,nan,nan,nan
20964,209.652,,209.65199999962104,False,8.360213029114275,5.901068316153014e-06,-0.0021177939540038882,-0.0012928225709087022,nan,nan,nan,nan
20965,209.661,,209.660999999621,False,8.360247659216558,1.498453293885525e-05,-0.002078543751975675,-0.0012983336368320533,nan,nan,nan,nan
20966,209.67,,209.66999999962096,False,8.36028150407265,2.6258605426508794e-05,-0.0020329526887848718,-0.0013024867654314117,nan,nan,nan,nan
20967,209.682,,209.6819999996209,False,8.360325593761496,4.4274403184218735e-05,-0.0019636866608660373,-0.0013060194541805411,nan,nan,nan,nan
20968,209.688,,209.688,False,2.5396983575820924,-0.4607764482498169,0.11686131358146667,-0.507258951663971,nan,nan,nan,nan
20969,209.688,,209.688,False,2.5396983575820924,-0.4607764482498169,0.11686131358146667,-0.507258951663971,nan,nan,nan,nan
20970,209.703,,209.703,False,6.076976144313813,0.26491814851760864,0.19431562721729279,-0.1830977499485016,nan,nan,nan,nan
20971,209.715,,209.715,False,6.850566283464432,0.1167072057723999,0.2099369913339615,-0.3665724992752075,nan,nan,nan,nan
20972,209.727,,209.727,False,7.479037885665894,0.06350843608379364,-0.12907809019088745,-0.2993674874305725,nan,nan,nan,nan
20973,209.736,,209.736,False,7.017581473588944,0.16230352222919464,-0.4068836569786072,-0.24520066380500793,nan,nan,nan,nan
20974,209.736,,209.736,False,7.017581473588944,0.16230352222919464,-0.4068836569786072,-0.24520066380500793,nan,nan,nan,nan
20975,209.751,,209.751,False,8.671313223838807,-0.0015965551137924194,0.16601285338401794,-0.2563265264034271,nan,nan,nan,nan
20976,209.766,,209.766,False,8.795487034320832,-0.18074966967105865,0.03976355493068695,-0.21295420825481415,nan,nan,nan,nan
20977,209.778,,209.778,False,8.90920836210251,-0.2028021514415741,0.1629885584115982,-0.22072646021842957,nan,nan,nan,nan
20978,209.778,,209.778,False,8.90920836210251,-0.2028021514415741,0.1629885584115982,-0.22072646021842957,nan,nan,nan,nan
20979,209.799,,209.799,False,9.876565287709237,-0.2160319685935974,0.1749493032693863,-0.2096511572599411,nan,nan,nan,nan
20980,209.799,,209.799,False,9.876565287709237,-0.2160319685935974,0.1749493032693863,-0.2096511572599411,nan,nan,nan,nan
20981,209.814,,209.814,False,9.680588253736497,-0.17928200960159302,0.15321244299411774,-0.19061283767223358,nan,nan,nan,nan
20982,209.826,,209.826,False,9.768489446640015,-0.12225990742444992,0.14932042360305786,-0.17273078858852386,nan,nan,nan,nan
20983,209.838,,209.838,False,9.735764919519426,-0.12781380116939545,0.12423497438430786,-0.1519608348608017,nan,nan,nan,nan
20984,209.85,,209.85,False,9.55157411813736,-0.08481962978839874,0.09396249800920486,-0.14182321727275848,nan,nan,nan,nan
20985,209.859,,209.859,False,9.423967992067338,0.0016747266054153442,0.035622432827949524,-0.10318639874458313,nan,nan,nan,nan
20986,209.868,,209.868,False,9.346131026744843,0.03644722327589989,-0.017475785687565804,-0.09049839526414871,nan,nan,nan,nan
20987,209.868,,209.868,False,9.346131026744843,0.03644722327589989,-0.017475785687565804,-0.09049839526414871,nan,nan,nan,nan
20988,209.88,,209.88,False,9.323340919017792,0.04597119241952896,-0.05001145601272583,-0.07271809130907059,nan,nan,nan,nan
20989,209.892,,209.892,False,9.360379521846772,0.040389981120824814,-0.0645628347992897,-0.04662482440471649,nan,nan,nan,nan
20990,209.901,,209.901,False,9.354344025850297,0.02742835320532322,-0.07289877533912659,-0.03317662701010704,nan,nan,nan,nan
20991,209.922,,209.922,False,9.573664898872376,-0.035971563309431076,-0.07203823328018188,0.019389759749174118,nan,nan,nan,nan
20992,209.931,,209.931,False,9.588533198833465,-0.058140840381383896,-0.07298976927995682,0.02504335343837738,nan,nan,nan,nan
20993,209.931,,209.931,False,9.588533198833465,-0.058140840381383896,-0.07298976927995682,0.02504335343837738,nan,nan,nan,nan
20994,209.949,,209.949,False,9.872025509476662,-0.0971403494477272,-0.08206780254840851,0.09052164107561111,nan,nan,nan,nan
20995,209.949,,209.949,False,9.872025509476662,-0.0971403494477272,-0.08206780254840851,0.09052164107561111,nan,nan,nan,nan
20996,209.961,,209.961,False,9.80577597141266,-0.09086008369922638,-0.08036310970783234,0.10529877245426178,nan,nan,nan,nan
20997,209.973,,209.973,False,9.682098004817963,-0.07344543188810349,-0.07499246299266815,0.10783256590366364,nan,nan,nan,nan
20998,209.982,,209.982,False,9.87184249162674,-0.06677667051553726,-0.09947255998849869,0.1496138572692871,nan,nan,nan,nan
20999,209.991,,209.991,False,9.741270657777786,-0.0415964350104332,-0.13496504724025726,0.1682671755552292,nan,nan,nan,nan
21000,210.003,,210.003,False,9.490404056310654,0.0036025787703692913,-0.1302904635667801,0.17399798333644867,nan,nan,nan,nan
21001,210.012,,210.012,False,9.409418950080871,0.02094956673681736,-0.1299619972705841,0.19004769623279572,nan,nan,nan,nan
21002,210.024,,210.024,False,9.3216768014431,0.048625119030475616,-0.1590370535850525,0.20764051377773285,nan,nan,nan,nan
21003,210.033,,210.033,False,9.155949168205261,0.07633717358112335,-0.18435899913311005,0.22220420837402344,nan,nan,nan,nan
21004,210.045,,210.045,False,8.881308957338334,0.09614398330450058,-0.16644416749477386,0.22633618116378784,nan,nan,nan,nan
21005,210.054,,210.054,False,8.621449338197708,0.10047688335180283,-0.14640648663043976,0.23795045912265778,nan,nan,nan,nan
21006,210.063,,210.063,False,8.415610975027084,0.08217243105173111,-0.1353147178888321,0.2507229447364807,nan,nan,nan,nan
21007,210.075,,210.075,False,8.121334644556047,0.05807584151625633,-0.12029924988746643,0.2592248320579529,nan,nan,nan,nan
21008,210.09,,210.09,False,7.642655843496323,0.03750840201973915,-0.07630687206983566,0.26000696420669556,nan,nan,nan,nan
21009,210.099,,210.099,False,6.8541880488395694,-0.07035965472459793,0.04374902695417404,0.266573429107666,nan,nan,nan,nan
21010,210.099,,210.099,False,6.8541880488395694,-0.07035965472459793,0.04374902695417404,0.266573429107666,nan,nan,nan,nan
21011,210.111,,210.111,False,6.207246261835099,-0.12333527207374573,0.12106311321258545,0.26556873321533203,nan,nan,nan,nan
21012,210.132,,210.132,False,5.371385614871979,-0.09692857414484024,0.08057054877281189,0.25892356038093567,nan,nan,nan,nan
21013,210.138,,210.138,False,4.80656797170639,-0.06227210909128189,0.06744792312383652,0.25919049978256226,nan,nan,nan,nan
21014,210.138,,210.138,False,4.80656797170639,-0.06227210909128189,0.06744792312383652,0.25919049978256226,nan,nan,nan,nan
21015,210.162,,210.162,False,4.304245369434357,0.16180197894573212,0.07716404646635056,0.29699429869651794,nan,nan,nan,nan
21016,210.162,,210.162,False,4.304245369434357,0.16180197894573212,0.07716404646635056,0.29699429869651794,nan,nan,nan,nan
21017,210.174,,210.174,False,4.516964735984803,0.4705832898616791,0.016839493066072464,0.313960999250412,nan,nan,nan,nan
21018,210.186,,210.186,False,4.8615095794200895,0.5769356489181519,-0.16066235303878784,0.24963004887104034,nan,nan,nan,nan
21019,210.195,,210.195,False,5.318814468383789,0.460469514131546,-0.3511256277561188,0.11018688231706619,nan,nan,nan,nan
21020,210.207,,210.207,False,6.252545810937882,0.2718016505241394,-0.4409419596195221,-0.03516450524330139,nan,nan,nan,nan
21021,210.216,,210.216,False,8.121555669307709,-0.05587216466665268,-0.4559924006462097,-0.18711888790130615,nan,nan,nan,nan
21022,210.216,,210.216,False,8.121555669307709,-0.05587216466665268,-0.4559924006462097,-0.18711888790130615,nan,nan,nan,nan
21023,210.231,,210.231,False,9.041471210718155,-0.29250821471214294,-0.18625332415103912,-0.21493245661258698,nan,nan,nan,nan
21024,210.249,,210.249,False,10.665885021686554,-0.49403101205825806,0.17359985411167145,-0.2452169805765152,nan,nan,nan,nan
21025,210.249,,210.249,False,10.665885021686554,-0.49403101205825806,0.17359985411167145,-0.2452169805765152,nan,nan,nan,nan
21026,210.27,,210.27,False,11.818320356011391,-0.37314513325691223,0.1495046615600586,-0.18433122336864471,nan,nan,nan,nan
21027,210.279,,210.279,False,11.646591725349428,-0.2286226451396942,0.1204715222120285,-0.13896559178829193,nan,nan,nan,nan
21028,210.279,,210.279,False,11.646591725349428,-0.2286226451396942,0.1204715222120285,-0.13896559178829193,nan,nan,nan,nan
21029,210.291,,210.291,False,11.347206097841264,-0.2019301950931549,0.0390511155128479,-0.10302169620990753,nan,nan,nan,nan
21030,210.303,,210.303,False,11.021090508699418,-0.2565334141254425,-0.045658014714717865,-0.08747774362564087,nan,nan,nan,nan
21031,210.312,,210.312,False,10.655443063974381,-0.2689443528652191,-0.09851769357919693,-0.07741427421569824,nan,nan,nan,nan
21032,210.324,,210.324,False,10.236088943481446,-0.11216480284929276,-0.10747544467449188,-0.06718109548091888,nan,nan,nan,nan
21033,210.333,,210.333,False,10.045093737244606,-0.02527649886906147,-0.16920118033885956,-0.08221514523029327,nan,nan,nan,nan
21034,210.342,,210.342,False,9.850815904140473,0.06835277378559113,-0.21117140352725983,-0.09859558939933777,nan,nan,nan,nan
21035,210.354,,210.354,False,9.600288441181183,0.21423956751823425,-0.2296421378850937,-0.10706769675016403,nan,nan,nan,nan
21036,210.366,,210.366,False,9.544919986724855,0.19153587520122528,-0.30951300263404846,-0.12067793309688568,nan,nan,nan,nan
21037,210.375,,210.375,False,9.443330461978913,0.1858902871608734,-0.2822662591934204,-0.1380585879087448,nan,nan,nan,nan
21038,210.387,,210.387,False,9.419225900173188,0.21529249846935272,-0.18622314929962158,-0.1436639130115509,nan,nan,nan,nan
21039,210.396,,210.396,False,9.473833047151565,0.12833811342716217,-0.07268580049276352,-0.14285720884799957,nan,nan,nan,nan
21040,210.396,,210.396,False,9.473833047151565,0.12833811342716217,-0.07268580049276352,-0.14285720884799957,nan,nan,nan,nan
21041,210.411,,210.411,False,9.447265638113022,0.06140619143843651,0.02645597606897354,-0.14506115019321442,nan,nan,nan,nan
21042,210.426,,210.426,False,9.506696738004685,0.015648536384105682,0.05809229239821434,-0.14074203372001648,nan,nan,nan,nan
21043,210.435,,210.435,False,9.488082711696626,-0.03156613931059837,0.05806484818458557,-0.13472439348697662,nan,nan,nan,nan
21044,210.444,,210.444,False,9.322105987071991,-0.07666941732168198,0.06403927505016327,-0.12894408404827118,nan,nan,nan,nan
21045,210.456,,210.456,False,9.180737854242325,-0.1370452493429184,0.03223990276455879,-0.11958593130111694,nan,nan,nan,nan
21046,210.462,,210.462,False,8.994210505485535,-0.10741747915744781,0.051146477460861206,-0.1144542545080185,nan,nan,nan,nan
21047,210.471,,210.471,False,8.667897280454635,0.0022668391466140747,0.07537911832332611,-0.10497663170099258,nan,nan,nan,nan
21048,210.489,,210.489,False,8.227905997037888,0.18311668932437897,0.04177220165729523,-0.09142585843801498,nan,nan,nan,nan
21049,210.489,,210.489,False,8.227905997037888,0.18311668932437897,0.04177220165729523,-0.09142585843801498,nan,nan,nan,nan
21050,210.504,,210.504,False,7.932545592784882,0.21559874713420868,-0.039632752537727356,-0.07339798659086227,nan,nan,nan,nan
21051,210.513,,210.513,False,7.76946674823761,0.1950899362564087,-0.09467130899429321,-0.06326643377542496,nan,nan,nan,nan
21052,210.525,,210.525,False,7.62479259967804,0.16790860891342163,-0.10272001475095749,-0.05952506884932518,nan,nan,nan,nan
21053,210.537,,210.537,False,7.6237938952445985,0.19419626891613007,-0.052528709173202515,-0.053947318345308304,nan,nan,nan,nan
21054,210.546,,210.546,False,7.539665325880051,0.0870485007762909,-0.04269813746213913,-0.03441690653562546,nan,nan,nan,nan
21055,210.555,,210.555,False,7.671472091674805,0.10485174506902695,0.033633165061473846,-0.03820137679576874,nan,nan,nan,nan
21056,210.564,,210.564,False,7.838489620685578,0.1041274294257164,0.11045767366886139,-0.031650908291339874,nan,nan,nan,nan
21057,210.576,,210.576,False,7.925673944950105,0.024614209309220314,0.1293523907661438,-0.002677693497389555,nan,nan,nan,nan
21058,210.585,,210.585,False,7.937551978826523,-0.05036839842796326,0.1532357931137085,0.014541427604854107,nan,nan,nan,nan
21059,210.597,,210.597,False,8.079440513849258,-0.12550435960292816,0.20098577439785004,0.04487494006752968,nan,nan,nan,nan
21060,210.606,,210.606,False,8.091278786659242,-0.15202470123767853,0.23627009987831116,0.06459179520606995,nan,nan,nan,nan
21061,210.618,,210.618,False,8.083907786607742,-0.0950596034526825,0.2774733901023865,0.07291419059038162,nan,nan,nan,nan
21062,210.627,,210.627,False,8.053398184776306,-0.02643532305955887,0.2854097783565521,0.09455210715532303,nan,nan,nan,nan
21063,210.636,,210.636,False,7.985344780683518,0.02255619689822197,0.250593364238739,0.11250048875808716,nan,nan,nan,nan
21064,210.645,,210.645,False,7.8924196600914005,0.07432503253221512,0.21378521621227264,0.12522149085998535,nan,nan,nan,nan
21065,210.645,,210.645,False,7.8924196600914005,0.07432503253221512,0.21378521621227264,0.12522149085998535,nan,nan,nan,nan
21066,210.669,,210.669,False,7.675938194990159,0.14980967342853546,0.09998272359371185,0.1967875063419342,nan,nan,nan,nan
21067,210.681,,210.681,False,7.7118728435039525,0.19994355738162994,0.08481006324291229,0.20163585245609283,nan,nan,nan,nan
21068,210.681,,210.681,False,7.7118728435039525,0.19994355738162994,0.08481006324291229,0.20163585245609283,nan,nan,nan,nan
21069,210.699,,210.699,False,7.896627316474915,0.15662474930286407,0.08926327526569366,0.24451489746570587,nan,nan,nan,nan
21070,210.708,,210.708,False,8.089502402544023,0.12741757929325104,0.10777796059846878,0.26278194785118103,nan,nan,nan,nan
21071,210.717,,210.717,False,8.272294549942018,0.06287463754415512,0.11919844150543213,0.2938472032546997,nan,nan,nan,nan
21072,210.717,,210.717,False,8.272294549942018,0.06287463754415512,0.11919844150543213,0.2938472032546997,nan,nan,nan,nan
21073,210.732,,210.732,False,8.452415689229966,0.01671915128827095,0.14129900932312012,0.3151925802230835,nan,nan,nan,nan
21074,210.744,,210.744,False,8.743444476127625,-0.04124358668923378,0.1617526262998581,0.3552032709121704,nan,nan,nan,nan
21075,210.753,,210.753,False,8.915025172233582,-0.08717648684978485,0.16877581179141998,0.3990394175052643,nan,nan,nan,nan
21076,210.762,,210.762,False,8.995513265132905,-0.05646973475813866,0.18690772354602814,0.4091382324695587,nan,nan,nan,nan
21077,210.774,,210.774,False,9.162422035932542,-0.03435630351305008,0.1841827929019928,0.4453504681587219,nan,nan,nan,nan
21078,210.792,,210.792,False,9.245367128849031,0.036052051931619644,0.12722451984882355,0.5019011497497559,nan,nan,nan,nan
21079,210.792,,210.792,False,9.245367128849031,0.036052051931619644,0.12722451984882355,0.5019011497497559,nan,nan,nan,nan
21080,210.801,,210.801,False,9.260558195114136,0.07049396634101868,0.09756924957036972,0.5349816083908081,nan,nan,nan,nan
21081,210.819,,210.819,False,9.237191551923752,0.14403456449508667,0.060522809624671936,0.5481968522071838,nan,nan,nan,nan
21082,210.831,,210.831,False,9.278561772108079,0.16392779350280762,0.011370664462447166,0.568223774433136,nan,nan,nan,nan
21083,210.831,,210.831,False,9.278561772108079,0.16392779350280762,0.011370664462447166,0.568223774433136,nan,nan,nan,nan
21084,210.849,,210.849,False,9.355127552747726,0.15260502696037292,-0.01790730468928814,0.6060135960578918,nan,nan,nan,nan
21085,210.861,,210.861,False,9.350517607927323,0.13424882292747498,-0.020274341106414795,0.6025875806808472,nan,nan,nan,nan
21086,210.861,,210.861,False,9.350517607927323,0.13424882292747498,-0.020274341106414795,0.6025875806808472,nan,nan,nan,nan
21087,210.879,,210.879,False,9.379220420122147,0.08833878487348557,-0.004266931675374508,0.6146790981292725,nan,nan,nan,nan
21088,210.891,,210.891,False,9.350308277606965,0.006929230876266956,0.00047613680362701416,0.6335356831550598,nan,nan,nan,nan
21089,210.891,,210.891,False,9.350308277606965,0.006929230876266956,0.00047613680362701416,0.6335356831550598,nan,nan,nan,nan
21090,210.912,,210.912,False,9.045284764766693,-0.05805763974785805,0.06369081884622574,0.6295356750488281,nan,nan,nan,nan
21091,210.921,,210.921,False,8.729852038621903,-0.08901350945234299,0.10479406267404556,0.6175634264945984,nan,nan,nan,nan
21092,210.921,,210.921,False,8.729852038621903,-0.08901350945234299,0.10479406267404556,0.6175634264945984,nan,nan,nan,nan
21093,210.939,,210.939,False,8.041514303684234,0.014950212091207504,0.08000972867012024,0.6020517349243164,nan,nan,nan,nan
21094,210.948,,210.948,False,7.423434373140336,0.022472575306892395,0.09884951263666153,0.5884934067726135,nan,nan,nan,nan
21095,210.957,,210.957,False,6.900520216226578,0.027325505390763283,0.10898691415786743,0.5818043351173401,nan,nan,nan,nan
21096,210.966,,210.966,False,6.447886083126068,0.03096757084131241,0.12590447068214417,0.5650882720947266,nan,nan,nan,nan
21097,210.966,,210.966,False,6.447886083126068,0.03096757084131241,0.12590447068214417,0.5650882720947266,nan,nan,nan,nan
21098,210.981,,210.981,False,5.917583384513855,0.08947096019983292,0.12302841991186142,0.5489556789398193,nan,nan,nan,nan
21099,210.993,,210.993,False,5.368036329746246,0.052627112716436386,0.13958969712257385,0.5470740795135498,nan,nan,nan,nan
21100,211.008,,211.008,False,5.126983695030213,0.18736892938613892,0.12814976274967194,0.5649299025535583,nan,nan,nan,nan
21101,211.017,,211.017,False,6.025968543291092,0.623365581035614,-0.13894250988960266,0.4584997594356537,nan,nan,nan,nan
21102,211.026,,211.026,False,6.591867921352387,0.7638643980026245,-0.2771929204463959,0.3529495894908905,nan,nan,nan,nan
21103,211.038,,211.038,False,7.03575929760933,0.9038744568824768,-0.2876419126987457,0.2460649460554123,nan,nan,nan,nan
21104,211.05,,211.05,False,7.500241059064866,0.8438637852668762,-0.27707019448280334,0.17044483125209808,nan,nan,nan,nan
21105,211.059,,211.059,False,8.165511528253555,0.7156552076339722,-0.17357592284679413,0.10039124637842178,nan,nan,nan,nan
21106,211.059,,211.059,False,8.165511528253555,0.7156552076339722,-0.17357592284679413,0.10039124637842178,nan,nan,nan,nan
21107,211.071,,211.071,False,8.7759690284729,0.50664222240448,0.01714867539703846,0.061225827783346176,nan,nan,nan,nan
21108,211.083,,211.083,False,9.326235290765762,0.2915933430194855,0.21870571374893188,0.05151664465665817,nan,nan,nan,nan
21109,211.092,,211.092,False,9.831877357363702,0.11803741753101349,0.36336275935173035,0.0256018228828907,nan,nan,nan,nan
21110,211.104,,211.104,False,10.526020792722703,-0.03897150978446007,0.4824524223804474,0.012354378588497639,nan,nan,nan,nan
21111,211.113,,211.113,False,10.799068222045898,-0.0887286365032196,0.504028856754303,0.016015874221920967,nan,nan,nan,nan
21112,211.122,,211.122,False,10.865318344831467,-0.11493096500635147,0.4820946156978607,0.03798675537109375,nan,nan,nan,nan
21113,211.131,,211.131,False,10.698556923866272,-0.13237904012203217,0.38518643379211426,0.046040091663599014,nan,nan,nan,nan
21114,211.143,,211.143,False,10.511745985150338,-0.1309291422367096,0.2760760486125946,0.05825192108750343,nan,nan,nan,nan
21115,211.152,,211.152,False,10.23383601129055,-0.10357256233692169,0.15280365943908691,0.06568840146064758,nan,nan,nan,nan
21116,211.164,,211.164,False,9.815371252298355,-0.0173046737909317,-0.042848456650972366,0.05665842071175575,nan,nan,nan,nan
21117,211.182,,211.182,False,9.410823451280594,0.16947755217552185,-0.3034277558326721,0.014267307706177235,nan,nan,nan,nan
21118,211.188,,211.188,False,9.171204553842545,0.24098263680934906,-0.4033122658729553,-0.0005998164415359497,nan,nan,nan,nan
21119,211.2,,211.2,False,9.064168932437898,0.24680082499980927,-0.383413165807724,-0.0023371123243123293,nan,nan,nan,nan
21120,211.209,,211.209,False,9.034987818002701,0.2072250247001648,-0.3052137494087219,-0.004369986709207296,nan,nan,nan,nan
21121,211.221,,211.221,False,9.061078094244003,0.0930279940366745,-0.17784413695335388,0.0018395330989733338,nan,nan,nan,nan
21122,211.221,,211.221,False,9.061078094244003,0.0930279940366745,-0.17784413695335388,0.0018395330989733338,nan,nan,nan,nan
21123,211.23,,211.23,False,9.151846761703492,-0.0406675785779953,-0.02868073433637619,0.008613497018814087,nan,nan,nan,nan
21124,211.242,,211.242,False,9.342303439378739,-0.1830475628376007,0.10753770917654037,0.021585684269666672,nan,nan,nan,nan
21125,211.251,,211.251,False,9.559811675548554,-0.36147844791412354,0.2542608380317688,0.04004780948162079,nan,nan,nan,nan
21126,211.269,,211.269,False,9.566290390491487,-0.49767589569091797,0.3117050230503082,0.07403893768787384,nan,nan,nan,nan
21127,211.278,,211.278,False,9.355984754562378,-0.5127738118171692,0.26913586258888245,0.08898273855447769,nan,nan,nan,nan
21128,211.287,,211.287,False,9.111827248334885,-0.464213490486145,0.1795085221529007,0.09554360061883926,nan,nan,nan,nan
21129,211.287,,211.287,False,9.111827248334885,-0.464213490486145,0.1795085221529007,0.09554360061883926,nan,nan,nan,nan
21130,211.302,,211.302,False,8.79951693534851,-0.3969646692276001,0.06868379563093185,0.09824401885271072,nan,nan,nan,nan
21131,211.311,,211.311,False,8.333947591781616,-0.28930991888046265,-0.07817887514829636,0.09676040709018707,nan,nan,nan,nan
21132,211.329,,211.329,False,7.866067428588868,-0.08317483961582184,-0.2732560336589813,0.08767580986022949,nan,nan,nan,nan
21133,211.338,,211.338,False,7.619277505874634,0.024225709959864616,-0.360177606344223,0.08987604081630707,nan,nan,nan,nan
21134,211.35,,211.35,False,7.520319228172303,0.06770491600036621,-0.34729066491127014,0.08706911653280258,nan,nan,nan,nan
21135,211.359,,211.359,False,7.526144224405289,0.0637538731098175,-0.3010374903678894,0.09344758093357086,nan,nan,nan,nan
21136,211.368,,211.368,False,7.636527961492539,-0.017445342615246773,-0.2109837830066681,0.11182638257741928,nan,nan,nan,nan
21137,211.368,,211.368,False,7.636527961492539,-0.017445342615246773,-0.2109837830066681,0.11182638257741928,nan,nan,nan,nan
21138,211.389,,211.389,False,7.978098911046982,-0.2842177748680115,0.03475263714790344,0.14335250854492188,nan,nan,nan,nan
21139,211.398,,211.398,False,8.330532817840577,-0.4537668526172638,0.15316909551620483,0.16153253614902496,nan,nan,nan,nan
21140,211.398,,211.398,False,8.330532817840577,-0.4537668526172638,0.15316909551620483,0.16153253614902496,nan,nan,nan,nan
21141,211.41,,211.41,False,8.50388054251671,-0.5531386733055115,0.2111789584159851,0.1807417869567871,nan,nan,nan,nan
21142,211.422,,211.422,False,8.654095512628556,-0.5900687575340271,0.21357780694961548,0.1993112862110138,nan,nan,nan,nan
21143,211.431,,211.431,False,8.738466156721115,-0.5871977806091309,0.1934707760810852,0.2154548615217209,nan,nan,nan,nan
21144,211.449,,211.449,False,8.510772070884705,-0.4098350703716278,0.0029629021883010864,0.23815815150737762,nan,nan,nan,nan
21145,211.461,,211.461,False,8.270930979251862,-0.2794604003429413,-0.11319705843925476,0.25067010521888733,nan,nan,nan,nan
21146,211.467,,211.467,False,8.138997913599015,-0.17471708357334137,-0.19466447830200195,0.26002243161201477,nan,nan,nan,nan
21147,211.467,,211.467,False,8.138997913599015,-0.17471708357334137,-0.19466447830200195,0.26002243161201477,nan,nan,nan,nan
21148,211.485,,211.485,False,8.003664107322694,-0.08204582333564758,-0.24478864669799805,0.26891300082206726,nan,nan,nan,nan
21149,211.494,,211.494,False,7.907033021450043,0.028125479817390442,-0.30251824855804443,0.28180304169654846,nan,nan,nan,nan
21150,211.512,,211.512,False,7.895445009469986,0.09231819212436676,-0.2564616799354553,0.29235580563545227,nan,nan,nan,nan
21151,211.521,,211.521,False,8.145542117357255,0.05148597061634064,-0.21917416155338287,0.32292795181274414,nan,nan,nan,nan
21152,211.527,,211.527,False,8.319973915815353,-0.028414888307452202,-0.14409226179122925,0.3453502953052521,nan,nan,nan,nan
21153,211.536,,211.536,False,8.567048013210297,-0.11179294437170029,-0.06755171716213226,0.3731503188610077,nan,nan,nan,nan
21154,211.536,,211.536,False,8.567048013210297,-0.11179294437170029,-0.06755171716213226,0.3731503188610077,nan,nan,nan,nan
21155,211.554,,211.554,False,8.937148697376252,-0.2149684578180313,0.02231086790561676,0.40557461977005005,nan,nan,nan,nan
21156,211.563,,211.563,False,9.131809523105622,-0.2590329051017761,0.052610721439123154,0.42497241497039795,nan,nan,nan,nan
21157,211.572,,211.572,False,9.284245265722275,-0.25045913457870483,0.03371139243245125,0.4432414472103119,nan,nan,nan,nan
21158,211.584,,211.584,False,9.296078860759735,-0.21434590220451355,0.016842173412442207,0.4472014605998993,nan,nan,nan,nan
21159,211.593,,211.593,False,9.306937140226365,-0.14962315559387207,-0.04640656337141991,0.45728573203086853,nan,nan,nan,nan
21160,211.605,,211.605,False,9.276162074804306,-0.08938349783420563,-0.10814780741930008,0.46350613236427307,nan,nan,nan,nan
21161,211.617,,211.617,False,9.144155334234238,-0.006473226472735405,-0.1548432856798172,0.460333913564682,nan,nan,nan,nan
21162,211.626,,211.626,False,9.084741775989533,0.05869892239570618,-0.1810263693332672,0.46425074338912964,nan,nan,nan,nan
21163,211.635,,211.635,False,8.958839528560638,0.11098524928092957,-0.18797369301319122,0.4597648084163666,nan,nan,nan,nan
21164,211.644,,211.644,False,8.711314026117325,0.18288475275039673,-0.2120361179113388,0.4527759552001953,nan,nan,nan,nan
21165,211.653,,211.653,False,8.534359738826753,0.21533340215682983,-0.2080306112766266,0.45428094267845154,nan,nan,nan,nan
21166,211.668,,211.668,False,8.437611708641052,0.2474644035100937,-0.1849418431520462,0.4678378403186798,nan,nan,nan,nan
21167,211.677,,211.677,False,7.931691899299622,0.22474214434623718,-0.07335353642702103,0.48475906252861023,nan,nan,nan,nan
21168,211.689,,211.689,False,7.680086209774018,0.14289283752441406,0.038559507578611374,0.4985421895980835,nan,nan,nan,nan
21169,211.689,,211.689,False,7.680086209774018,0.14289283752441406,0.038559507578611374,0.4985421895980835,nan,nan,nan,nan
21170,211.707,,211.707,False,7.272044112682343,0.010192045010626316,0.19737794995307922,0.5126510262489319,nan,nan,nan,nan
21171,211.716,,211.716,False,6.847524561882019,-0.1146429032087326,0.28466254472732544,0.505544126033783,nan,nan,nan,nan
21172,211.728,,211.728,False,6.319428602457047,-0.2314772605895996,0.3082801103591919,0.4838920831680298,nan,nan,nan,nan
21173,211.737,,211.737,False,5.366949917078019,-0.408977746963501,0.3968454897403717,0.42648249864578247,nan,nan,nan,nan
21174,211.749,,211.749,False,4.8609646189212805,-0.4321448504924774,0.34825143218040466,0.40046271681785583,nan,nan,nan,nan
21175,211.761,,211.761,False,4.647168195247651,-0.3563435673713684,0.16781282424926758,0.37134698033332825,nan,nan,nan,nan
21176,211.767,,211.767,False,4.750144679546357,-0.05286051705479622,0.004054739139974117,0.3788517117500305,nan,nan,nan,nan
21177,211.779,,211.779,False,5.039180735349656,0.2848852276802063,-0.2290072739124298,0.3740311563014984,nan,nan,nan,nan
21178,211.791,,211.791,False,5.507188367843629,0.49857333302497864,-0.49825337529182434,0.3114165663719177,nan,nan,nan,nan
21179,211.791,,211.791,False,5.507188367843629,0.49857333302497864,-0.49825337529182434,0.3114165663719177,nan,nan,nan,nan
21180,211.803,,211.803,False,5.997643461227417,0.4878876805305481,-0.620974063873291,0.20963458716869354,nan,nan,nan,nan
21181,211.815,,211.815,False,6.684762636423112,0.3787376284599304,-0.5961549878120422,0.1363590806722641,nan,nan,nan,nan
21182,211.824,,211.824,False,7.553232035636902,0.1427774876356125,-0.39372336864471436,0.07751881331205368,nan,nan,nan,nan
21183,211.836,,211.836,False,8.220905710458755,-0.16900315880775452,-0.11332884430885315,0.030782250687479973,nan,nan,nan,nan
21184,211.845,,211.845,False,8.894593831300735,-0.45748263597488403,0.17073506116867065,0.021865282207727432,nan,nan,nan,nan
21185,211.854,,211.854,False,9.911657352447511,-0.7270258069038391,0.4668829143047333,0.04372456669807434,nan,nan,nan,nan
21186,211.863,,211.863,False,10.519394143223764,-0.800895094871521,0.6111856698989868,0.10887778550386429,nan,nan,nan,nan
21187,211.878,,211.878,False,11.02211494088173,-0.7893211245536804,0.5556728839874268,0.15131327509880066,nan,nan,nan,nan
21188,211.887,,211.887,False,11.404308251738549,-0.7569952607154846,0.44356757402420044,0.16668175160884857,nan,nan,nan,nan
21189,211.896,,211.896,False,11.053315683603287,-0.5836593508720398,0.2483997642993927,0.20306575298309326,nan,nan,nan,nan
21190,211.896,,211.896,False,11.053315683603287,-0.5836593508720398,0.2483997642993927,0.20306575298309326,nan,nan,nan,nan
21191,211.92,,211.92,False,10.019018663764001,-0.17365030944347382,-0.24224814772605896,0.22835078835487366,nan,nan,nan,nan
21192,211.929,,211.929,False,9.667951251268388,-0.08282977342605591,-0.3904505670070648,0.2134028524160385,nan,nan,nan,nan
21193,211.941,,211.941,False,9.215839859247207,0.09828497469425201,-0.5395503640174866,0.20563624799251556,nan,nan,nan,nan
21194,211.941,,211.941,False,9.215839859247207,0.09828497469425201,-0.5395503640174866,0.20563624799251556,nan,nan,nan,nan
21195,211.95,,211.95,False,9.01852907538414,0.19774560630321503,-0.566238284111023,0.17937609553337097,nan,nan,nan,nan
21196,211.962,,211.962,False,8.895490794181825,0.2818739414215088,-0.5523644089698792,0.15958543121814728,nan,nan,nan,nan
21197,211.971,,211.971,False,8.948844298124314,0.3339599668979645,-0.46867644786834717,0.1724945604801178,nan,nan,nan,nan
21198,211.983,,211.983,False,9.000369962453842,0.2484792172908783,-0.34977081418037415,0.18616817891597748,nan,nan,nan,nan
21199,211.992,,211.992,False,9.20842325091362,0.11839890480041504,-0.1886770874261856,0.2006462961435318,nan,nan,nan,nan
21200,212.004,,212.004,False,9.665350409746171,0.016515422612428665,0.05965486541390419,0.24246513843536377,nan,nan,nan,nan
21201,212.013,,212.013,False,9.989289080500603,-0.13487161695957184,0.22671009600162506,0.27506792545318604,nan,nan,nan,nan
21202,212.025,,212.025,False,9.975037661790848,-0.18269868195056915,0.20082245767116547,0.298932284116745,nan,nan,nan,nan
21203,212.031,,212.031,False,10.1642155534029,-0.16699275374412537,0.2295357882976532,0.3181298077106476,nan,nan,nan,nan
21204,212.043,,212.043,False,10.085870465040207,-0.13455437123775482,0.16928282380104065,0.3408367335796356,nan,nan,nan,nan
21205,212.052,,212.052,False,9.855543962717057,-0.09079689532518387,0.10665154457092285,0.3548237085342407,nan,nan,nan,nan
21206,212.064,,212.064,False,9.292206834554673,-0.04118684306740761,0.011428899131715298,0.35870030522346497,nan,nan,nan,nan
21207,212.073,,212.073,False,8.974574385881425,-0.010954774916172028,-0.08193857222795486,0.3562571704387665,nan,nan,nan,nan
21208,212.085,,212.085,False,8.6272170317173,0.06568422168493271,-0.17742732167243958,0.34410181641578674,nan,nan,nan,nan
21209,212.097,,212.097,False,8.23611548781395,0.17914392054080963,-0.3176839351654053,0.3378014862537384,nan,nan,nan,nan
21210,212.097,,212.097,False,8.23611548781395,0.17914392054080963,-0.3176839351654053,0.3378014862537384,nan,nan,nan,nan
21211,212.115,,212.115,False,7.8546326136589055,0.3446594774723053,-0.4629826545715332,0.34610819816589355,nan,nan,nan,nan
21212,212.127,,212.127,False,7.867256752252579,0.42423757910728455,-0.4149457812309265,0.36216306686401367,nan,nan,nan,nan
21213,212.139,,212.139,False,7.9927415084838875,0.40424296259880066,-0.23148232698440552,0.43300336599349976,nan,nan,nan,nan
21214,212.148,,212.148,False,8.092636510133744,0.3006553649902344,0.008944522589445114,0.4827722907066345,nan,nan,nan,nan
21215,212.148,,212.148,False,8.092636510133744,0.3006553649902344,0.008944522589445114,0.4827722907066345,nan,nan,nan,nan
21216,212.16,,212.16,False,8.084085541963578,0.167213574051857,0.17762579023838043,0.5173042416572571,nan,nan,nan,nan
21217,212.175,,212.175,False,8.20886746287346,0.06237506493926048,0.25184160470962524,0.5466711521148682,nan,nan,nan,nan
21218,212.184,,212.184,False,8.49263985514641,0.010632461868226528,0.29898226261138916,0.5692911148071289,nan,nan,nan,nan
21219,212.193,,212.193,False,8.632127523422241,-0.007116598077118397,0.25150883197784424,0.6112202405929565,nan,nan,nan,nan
21220,212.211,,212.211,False,8.613906430006027,0.07523036003112793,0.14992918074131012,0.6243582367897034,nan,nan,nan,nan
21221,212.211,,212.211,False,8.613906430006027,0.07523036003112793,0.14992918074131012,0.6243582367897034,nan,nan,nan,nan
21222,212.22,,212.22,False,8.584752212762833,0.10120490193367004,0.07554340362548828,0.6372483968734741,nan,nan,nan,nan
21223,212.235,,212.235,False,8.480412157773973,0.1348988115787506,0.003756000893190503,0.6347460150718689,nan,nan,nan,nan
21224,212.241,,212.241,False,8.346438413858413,0.1887606978416443,-0.10428259521722794,0.6405776143074036,nan,nan,nan,nan
21225,212.25,,212.25,False,8.26592342376709,0.24720919132232666,-0.15140007436275482,0.6254833936691284,nan,nan,nan,nan
21226,212.268,,212.268,False,8.340211129188537,0.3295435905456543,-0.15521232783794403,0.6741646528244019,nan,nan,nan,nan
21227,212.268,,212.268,False,8.340211129188537,0.3295435905456543,-0.15521232783794403,0.6741646528244019,nan,nan,nan,nan
21228,212.289,,212.289,False,8.418674916028976,0.3156812787055969,-0.023175036534667015,0.7090343832969666,nan,nan,nan,nan
21229,212.289,,212.289,False,8.418674916028976,0.3156812787055969,-0.023175036534667015,0.7090343832969666,nan,nan,nan,nan
21230,212.304,,212.304,False,8.578837169408798,0.26198917627334595,0.0793236792087555,0.7399642467498779,nan,nan,nan,nan
21231,212.313,,212.313,False,8.739530349969865,0.19845889508724213,0.1765390783548355,0.7899556756019592,nan,nan,nan,nan
21232,212.322,,212.322,False,8.80266624569893,0.14969711005687714,0.24962174892425537,0.8121731877326965,nan,nan,nan,nan
21233,212.334,,212.334,False,8.865089950561524,0.10568535327911377,0.31502699851989746,0.8227631449699402,nan,nan,nan,nan
21234,212.343,,212.343,False,8.898119702339173,0.08849713206291199,0.31550025939941406,0.8365108370780945,nan,nan,nan,nan
21235,212.355,,212.355,False,8.90349797129631,0.08231940120458603,0.2777007520198822,0.8464338779449463,nan,nan,nan,nan
21236,212.364,,212.364,False,8.799509918689727,0.0742732509970665,0.2354794442653656,0.8455035090446472,nan,nan,nan,nan
21237,212.376,,212.376,False,8.690473380088807,0.08477722853422165,0.15958605706691742,0.8317121863365173,nan,nan,nan,nan
21238,212.385,,212.385,False,8.610501011610031,0.08533590286970139,0.11624548584222794,0.8247506022453308,nan,nan,nan,nan
21239,212.394,,212.394,False,8.4229480612278,0.11058229207992554,0.027888914570212364,0.8002197742462158,nan,nan,nan,nan
21240,212.412,,212.412,False,8.119033180475235,0.19870580732822418,-0.06217680871486664,0.7689361572265625,nan,nan,nan,nan
21241,212.412,,212.412,False,8.119033180475235,0.19870580732822418,-0.06217680871486664,0.7689361572265625,nan,nan,nan,nan
21242,212.424,,212.424,False,7.88011127114296,0.23422729969024658,-0.05634397268295288,0.7621343731880188,nan,nan,nan,nan
21243,212.433,,212.433,False,7.631606944799423,0.23161400854587555,0.007418942637741566,0.7575792074203491,nan,nan,nan,nan
21244,212.445,,212.445,False,7.28368007183075,0.2093227207660675,0.11691059172153473,0.7477515339851379,nan,nan,nan,nan
21245,212.457,,212.457,False,6.843730888366699,0.17696544528007507,0.2251250296831131,0.7369937300682068,nan,nan,nan,nan
21246,212.463,,212.463,False,6.418164685964585,0.10643817484378815,0.3374880254268646,0.725181519985199,nan,nan,nan,nan
21247,212.475,,212.475,False,5.915462014675141,0.013080361299216747,0.45987629890441895,0.7064102292060852,nan,nan,nan,nan
21248,212.484,,212.484,False,5.833163623809814,-0.0025112777948379517,0.43530207872390747,0.702014148235321,nan,nan,nan,nan
21249,212.493,,212.493,False,5.837357246875763,-0.039484694600105286,0.35253605246543884,0.6799203753471375,nan,nan,nan,nan
21250,212.505,,212.505,False,6.089997893571854,0.0038457654882222414,0.15776579082012177,0.6455053091049194,nan,nan,nan,nan
21251,212.514,,212.514,False,6.8742358124256135,0.06108768284320831,-0.2510826885700226,0.5077757239341736,nan,nan,nan,nan
21252,212.526,,212.526,False,7.309972661733628,0.12285739183425903,-0.3605627715587616,0.4442919194698334,nan,nan,nan,nan
21253,212.535,,212.535,False,7.585922648906708,0.1612696796655655,-0.36531880497932434,0.45523861050605774,nan,nan,nan,nan
21254,212.547,,212.547,False,8.159422237873077,0.16369222104549408,-0.4712599515914917,0.38527190685272217,nan,nan,nan,nan
21255,212.559,,212.559,False,8.748777136802675,0.1404622197151184,-0.41063985228538513,0.34963729977607727,nan,nan,nan,nan
21256,212.559,,212.559,False,8.748777136802675,0.1404622197151184,-0.41063985228538513,0.34963729977607727,nan,nan,nan,nan
21257,212.574,,212.574,False,9.222002824544907,0.10468856990337372,-0.205669105052948,0.3615500330924988,nan,nan,nan,nan
21258,212.583,,212.583,False,9.48723720431328,-0.010860122740268707,-0.0098805520683527,0.38643625378608704,nan,nan,nan,nan
21259,212.595,,212.595,False,9.711553938388825,-0.13321341574192047,0.1730324625968933,0.419794499874115,nan,nan,nan,nan
21260,212.604,,212.604,False,10.053624824881554,-0.23655088245868683,0.32118669152259827,0.4386957585811615,nan,nan,nan,nan
21261,212.613,,212.613,False,10.251897475719453,-0.27461183071136475,0.3421349823474884,0.4721434712409973,nan,nan,nan,nan
21262,212.625,,212.625,False,10.317128428816796,-0.2576241195201874,0.3149544894695282,0.49575188755989075,nan,nan,nan,nan
21263,212.634,,212.634,False,10.306920359730722,-0.21354658901691437,0.25846442580223083,0.5131403803825378,nan,nan,nan,nan
21264,212.643,,212.643,False,10.216758048534393,-0.17877942323684692,0.14797823131084442,0.5219985842704773,nan,nan,nan,nan
21265,212.655,,212.655,False,10.028067814707757,-0.14870232343673706,0.040135353803634644,0.5207297801971436,nan,nan,nan,nan
21266,212.664,,212.664,False,9.740609922409059,-0.06927977502346039,-0.1277851015329361,0.523536741733551,nan,nan,nan,nan
21267,212.673,,212.673,False,9.54630694627762,-0.01962125673890114,-0.23657304048538208,0.506114661693573,nan,nan,nan,nan
21268,212.685,,212.685,False,9.33692400097847,0.020737791433930397,-0.3133170008659363,0.48467913269996643,nan,nan,nan,nan
21269,212.694,,212.694,False,9.151284259557725,0.08092277497053146,-0.40221983194351196,0.4778938293457031,nan,nan,nan,nan
21270,212.703,,212.703,False,9.062714145183564,0.11697347462177277,-0.3837692439556122,0.47485610842704773,nan,nan,nan,nan
21271,212.715,,212.715,False,8.989252066612243,0.1163911521434784,-0.32230913639068604,0.4819488823413849,nan,nan,nan,nan
21272,212.73,,212.73,False,8.959191530942917,0.05432981625199318,-0.2073177695274353,0.5053878426551819,nan,nan,nan,nan
21273,212.73,,212.73,False,8.959191530942917,0.05432981625199318,-0.2073177695274353,0.5053878426551819,nan,nan,nan,nan
21274,212.742,,212.742,False,9.06865959405899,-0.06784244626760483,0.07136188447475433,0.5517538785934448,nan,nan,nan,nan
21275,212.751,,212.751,False,9.066725335121156,-0.1893046796321869,0.25178563594818115,0.5905371308326721,nan,nan,nan,nan
21276,212.769,,212.769,False,8.958039629459382,-0.24929723143577576,0.3012673556804657,0.6363898515701294,nan,nan,nan,nan
21277,212.778,,212.778,False,8.958176454305649,-0.20054763555526733,0.23623983561992645,0.66438889503479,nan,nan,nan,nan
21278,212.787,,212.787,False,8.880461111068726,-0.13229133188724518,0.1212274581193924,0.6790909767150879,nan,nan,nan,nan
21279,212.799,,212.799,False,8.75391683936119,-0.061344292014837265,0.023830177262425423,0.6831414103507996,nan,nan,nan,nan
21280,212.799,,212.799,False,8.75391683936119,-0.061344292014837265,0.023830177262425423,0.6831414103507996,nan,nan,nan,nan
21281,212.814,,212.814,False,8.51092409849167,0.0015168935060501099,-0.10374743491411209,0.6848528981208801,nan,nan,nan,nan
21282,212.823,,212.823,False,8.383280550241471,0.06987865269184113,-0.18084964156150818,0.6677738428115845,nan,nan,nan,nan
21283,212.835,,212.835,False,8.271983478069306,0.10371080040931702,-0.2299382984638214,0.6661827564239502,nan,nan,nan,nan
21284,212.844,,212.844,False,8.181729365587234,0.12566427886486053,-0.2759894132614136,0.6759753227233887,nan,nan,nan,nan
21285,212.853,,212.853,False,8.119841265678406,0.13785845041275024,-0.2513326108455658,0.6689025163650513,nan,nan,nan,nan
21286,212.862,,212.862,False,8.14218932390213,0.12063018232584,-0.19522583484649658,0.6827818155288696,nan,nan,nan,nan
21287,212.874,,212.874,False,8.25062710762024,0.05967191606760025,-0.0982113927602768,0.7090667486190796,nan,nan,nan,nan
21288,212.883,,212.883,False,8.34154078602791,-0.017268314957618713,0.011568731628358364,0.7378162741661072,nan,nan,nan,nan
21289,212.895,,212.895,False,8.428995251655579,-0.0818651095032692,0.10638777911663055,0.7624725103378296,nan,nan,nan,nan
21290,212.904,,212.904,False,8.513813792467118,-0.11928905546665192,0.21134261786937714,0.7691014409065247,nan,nan,nan,nan
21291,212.916,,212.916,False,8.615445417165757,-0.13344353437423706,0.2363726645708084,0.7973565459251404,nan,nan,nan,nan
21292,212.925,,212.925,False,8.668483171463013,-0.11653543263673782,0.21937549114227295,0.8144513964653015,nan,nan,nan,nan
21293,212.937,,212.937,False,8.831083713769914,-0.10758786648511887,0.21274197101593018,0.8637181520462036,nan,nan,nan,nan
21294,212.946,,212.946,False,8.841382999420166,-0.06296937167644501,0.16084468364715576,0.8786557912826538,nan,nan,nan,nan
21295,212.958,,212.958,False,8.853968546390535,-0.0178652536123991,0.09015244990587234,0.8830875754356384,nan,nan,nan,nan
21296,212.958,,212.958,False,8.853968546390535,-0.0178652536123991,0.09015244990587234,0.8830875754356384,nan,nan,nan,nan
21297,212.979,,212.979,False,8.713604965209962,0.17132726311683655,-0.20028769969940186,0.8535701632499695,nan,nan,nan,nan
21298,212.988,,212.988,False,8.66103031039238,0.2226104885339737,-0.24769996106624603,0.8506266474723816,nan,nan,nan,nan
21299,213.0,,213.0,False,8.763901544809341,0.20411643385887146,-0.20743000507354736,0.8646410703659058,nan,nan,nan,nan
21300,213.009,,213.009,False,8.733460940122605,0.147208109498024,-0.10720186680555344,0.8654030561447144,nan,nan,nan,nan
21301,213.009,,213.009,False,8.733460940122605,0.147208109498024,-0.10720186680555344,0.8654030561447144,nan,nan,nan,nan
21302,213.021,,213.021,False,8.663872057199479,0.08239616453647614,-0.010598874650895596,0.8708028197288513,nan,nan,nan,nan
21303,213.033,,213.033,False,8.53290495157242,0.011231965385377407,0.0632365420460701,0.8710469603538513,nan,nan,nan,nan
21304,213.045,,213.045,False,8.39603566646576,-0.028287870809435844,0.15947189927101135,0.8818743824958801,nan,nan,nan,nan
21305,213.051,,213.051,False,8.091745394468308,-0.07031859457492828,0.3023965358734131,0.895355224609375,nan,nan,nan,nan
21306,213.069,,213.069,False,7.484355343580247,-0.09529441595077515,0.41023916006088257,0.8901785016059875,nan,nan,nan,nan
21307,213.078,,213.078,False,6.976062734127045,-0.08504801243543625,0.46152928471565247,0.8685077428817749,nan,nan,nan,nan
21308,213.087,,213.087,False,6.592625720500946,-0.048894431442022324,0.4008009135723114,0.8549661040306091,nan,nan,nan,nan
21309,213.099,,213.099,False,6.410339941978455,0.014005421660840511,0.23817488551139832,0.8335029482841492,nan,nan,nan,nan
21310,213.108,,213.108,False,5.99266981959343,0.10490906238555908,0.15736207365989685,0.7982239723205566,nan,nan,nan,nan
21311,213.12,,213.12,False,5.69684982419014,0.21062494814395905,0.10111706703901291,0.7945589423179626,nan,nan,nan,nan
21312,213.129,,213.129,False,5.512579500675201,0.2727390229701996,0.0484742633998394,0.7878139019012451,nan,nan,nan,nan
21313,213.129,,213.129,False,5.512579500675201,0.2727390229701996,0.0484742633998394,0.7878139019012451,nan,nan,nan,nan
21314,213.141,,213.141,False,5.619737913608551,0.3968082666397095,-0.11945641785860062,0.7823686003684998,nan,nan,nan,nan
21315,213.162,,213.162,False,6.237214411497116,0.4823061227798462,-0.5474328398704529,0.6961383819580078,nan,nan,nan,nan
21316,213.162,,213.162,False,6.237214411497116,0.4823061227798462,-0.5474328398704529,0.6961383819580078,nan,nan,nan,nan
21317,213.18,,213.18,False,7.1984545648098,0.24677792191505432,-0.3845130205154419,0.5612450242042542,nan,nan,nan,nan
21318,213.189,,213.189,False,7.701778210401535,0.05149097740650177,-0.17510302364826202,0.5019782185554504,nan,nan,nan,nan
21319,213.201,,213.201,False,8.296588561534882,-0.16582036018371582,0.05959556624293327,0.45283299684524536,nan,nan,nan,nan
21320,213.201,,213.201,False,8.296588561534882,-0.16582036018371582,0.05959556624293327,0.45283299684524536,nan,nan,nan,nan
21321,213.219,,213.219,False,9.32696268439293,-0.46753785014152527,0.40516266226768494,0.43969759345054626,nan,nan,nan,nan
21322,213.219,,213.219,False,9.32696268439293,-0.46753785014152527,0.40516266226768494,0.43969759345054626,nan,nan,nan,nan
21323,213.234,,213.234,False,9.889515116214753,-0.5010188817977905,0.4481602609157562,0.43743380904197693,nan,nan,nan,nan
21324,213.243,,213.243,False,10.192096831798555,-0.4382503628730774,0.35821691155433655,0.4519755244255066,nan,nan,nan,nan
21325,213.252,,213.252,False,10.34812919676304,-0.3747977912425995,0.27629104256629944,0.5012353658676147,nan,nan,nan,nan
21326,213.264,,213.264,False,10.338166710734368,-0.21490530669689178,0.02631375938653946,0.5009590983390808,nan,nan,nan,nan
21327,213.276,,213.276,False,10.315339180827142,-0.09883452206850052,-0.17107534408569336,0.5113654732704163,nan,nan,nan,nan
21328,213.285,,213.285,False,10.14182773411274,-0.0030711740255355835,-0.30437853932380676,0.5167655348777771,nan,nan,nan,nan
21329,213.294,,213.294,False,9.9001190418005,0.1097438633441925,-0.4791242480278015,0.5130802989006042,nan,nan,nan,nan
21330,213.303,,213.303,False,9.72100420832634,0.16638465225696564,-0.5074263215065002,0.5009473562240601,nan,nan,nan,nan
21331,213.312,,213.312,False,9.566599123477936,0.21530310809612274,-0.5139514803886414,0.48538893461227417,nan,nan,nan,nan
21332,213.324,,213.324,False,9.519389873743057,0.2089139223098755,-0.4706117510795593,0.49288347363471985,nan,nan,nan,nan
21333,213.333,,213.333,False,9.4208677983284,0.15969109535217285,-0.3799956440925598,0.4807155728340149,nan,nan,nan,nan
21334,213.342,,213.342,False,9.459476963281633,0.08311980962753296,-0.24740120768547058,0.48763975501060486,nan,nan,nan,nan
21335,213.351,,213.351,False,9.600924618244171,-0.06382929533720016,-0.012229119427502155,0.508448600769043,nan,nan,nan,nan
21336,213.363,,213.363,False,9.664604305028917,-0.1809866726398468,0.1507958322763443,0.5290457606315613,nan,nan,nan,nan
21337,213.372,,213.372,False,9.683578519821168,-0.2596782147884369,0.24377039074897766,0.548815906047821,nan,nan,nan,nan
21338,213.381,,213.381,False,9.673253506422043,-0.30272531509399414,0.32674241065979004,0.5684351921081543,nan,nan,nan,nan
21339,213.39,,213.39,False,9.659629493951797,-0.29419800639152527,0.29949209094047546,0.6039278507232666,nan,nan,nan,nan
21340,213.411,,213.411,False,9.260896164178849,-0.1555369794368744,0.023171907290816307,0.6289988160133362,nan,nan,nan,nan
21341,213.417,,213.417,False,9.080173931121827,-0.07445458322763443,-0.11441759020090103,0.6347348093986511,nan,nan,nan,nan
21342,213.426,,213.426,False,8.907144294977188,-0.005549951456487179,-0.22339121997356415,0.6358211040496826,nan,nan,nan,nan
21343,213.441,,213.441,False,8.623520421981812,0.08739005029201508,-0.362689733505249,0.6335957050323486,nan,nan,nan,nan
21344,213.441,,213.441,False,8.623520421981812,0.08739005029201508,-0.362689733505249,0.6335957050323486,nan,nan,nan,nan
21345,213.453,,213.453,False,8.46942991733551,0.1489940881729126,-0.40413573384284973,0.6266241073608398,nan,nan,nan,nan
21346,213.462,,213.462,False,8.382802248001099,0.1796194463968277,-0.3712398409843445,0.6283169388771057,nan,nan,nan,nan
21347,213.477,,213.477,False,8.323220289945603,0.08956040441989899,-0.1602952927350998,0.6570115685462952,nan,nan,nan,nan
21348,213.486,,213.486,False,8.318167126178741,0.010607666335999966,-0.02056175284087658,0.6751381754875183,nan,nan,nan,nan
21349,213.501,,213.501,False,8.407912530899049,-0.08856016397476196,0.15457917749881744,0.707714855670929,nan,nan,nan,nan
21350,213.501,,213.501,False,8.407912530899049,-0.08856016397476196,0.15457917749881744,0.707714855670929,nan,nan,nan,nan
21351,213.513,,213.513,False,8.443575868606567,-0.15375761687755585,0.26575136184692383,0.7318329811096191,nan,nan,nan,nan
21352,213.525,,213.525,False,8.461749014854432,-0.18509292602539062,0.3316675126552582,0.7481621503829956,nan,nan,nan,nan
21353,213.531,,213.531,False,8.462069442272186,-0.1765897423028946,0.35722315311431885,0.7735332250595093,nan,nan,nan,nan
21354,213.552,,213.552,False,8.422311884164811,-0.06921569257974625,0.17992089688777924,0.7993177175521851,nan,nan,nan,nan
21355,213.552,,213.552,False,8.422311884164811,-0.06921569257974625,0.17992089688777924,0.7993177175521851,nan,nan,nan,nan
21356,213.564,,213.564,False,8.35622080564499,0.0026200562715530396,0.054484784603118896,0.8058478236198425,nan,nan,nan,nan
21357,213.573,,213.573,False,8.33198994398117,0.05760863050818443,-0.04164084047079086,0.8069362044334412,nan,nan,nan,nan
21358,213.585,,213.585,False,8.303253217935563,0.0943181961774826,-0.10217787325382233,0.8025083541870117,nan,nan,nan,nan
21359,213.594,,213.594,False,8.29943030834198,0.1423761248588562,-0.18964844942092896,0.8001375198364258,nan,nan,nan,nan
21360,213.606,,213.606,False,8.300652376413346,0.15985387563705444,-0.1985139548778534,0.7959777116775513,nan,nan,nan,nan
21361,213.615,,213.615,False,8.25807061314583,0.1518995314836502,-0.18236888945102692,0.788260817527771,nan,nan,nan,nan
21362,213.627,,213.627,False,8.328010329008103,0.13703076541423798,-0.11355903744697571,0.8061448335647583,nan,nan,nan,nan
21363,213.639,,213.639,False,8.335764906406403,0.08970516920089722,0.014311430044472218,0.818719744682312,nan,nan,nan,nan
21364,213.648,,213.648,False,8.26205490589142,0.03272831812500954,0.13042505085468292,0.8273581266403198,nan,nan,nan,nan
21365,213.648,,213.648,False,8.26205490589142,0.03272831812500954,0.13042505085468292,0.8273581266403198,nan,nan,nan,nan
21366,213.669,,213.669,False,7.6128525853157045,-0.15994255244731903,0.6607910990715027,0.8533796668052673,nan,nan,nan,nan
21367,213.669,,213.669,False,7.6128525853157045,-0.15994255244731903,0.6607910990715027,0.8533796668052673,nan,nan,nan,nan
21368,213.681,,213.681,False,7.3326844167709355,-0.21588490903377533,0.6766263246536255,0.839325487613678,nan,nan,nan,nan
21369,213.702,,213.702,False,6.673689179420472,-0.08929887413978577,0.4372376501560211,0.8025420308113098,nan,nan,nan,nan
21370,213.702,,213.702,False,6.673689179420472,-0.08929887413978577,0.4372376501560211,0.8025420308113098,nan,nan,nan,nan
21371,213.714,,213.714,False,6.441758201122284,0.0068358005955815315,0.30419301986694336,0.7776911854743958,nan,nan,nan,nan
21372,213.723,,213.723,False,6.2785168039798736,0.12029478698968887,0.20903953909873962,0.7678954005241394,nan,nan,nan,nan
21373,213.732,,213.732,False,6.190368858575821,0.22414050996303558,0.08791320025920868,0.766794741153717,nan,nan,nan,nan
21374,213.744,,213.744,False,6.386690293550491,0.3922678232192993,-0.220974862575531,0.7702299356460571,nan,nan,nan,nan
21375,213.753,,213.753,False,6.601497116088868,0.5362704992294312,-0.5107000470161438,0.7767760157585144,nan,nan,nan,nan
21376,213.768,,213.768,False,6.8165705716609954,0.5776168704032898,-0.7779785990715027,0.7435238361358643,nan,nan,nan,nan
21377,213.777,,213.777,False,7.029799815416337,0.5176963806152344,-0.8284859657287598,0.6887192726135254,nan,nan,nan,nan
21378,213.786,,213.786,False,7.281456960439682,0.37345951795578003,-0.7117690443992615,0.6116966605186462,nan,nan,nan,nan
21379,213.798,,213.798,False,7.5669917035102845,0.17817549407482147,-0.46035534143447876,0.547604501247406,nan,nan,nan,nan
21380,213.807,,213.807,False,8.263114421367646,-0.1972150057554245,0.15523312985897064,0.4654781222343445,nan,nan,nan,nan
21381,213.819,,213.819,False,8.516626303195954,-0.5004423260688782,0.5227404236793518,0.4560779333114624,nan,nan,nan,nan
21382,213.831,,213.831,False,8.874353109598161,-0.6999016404151917,0.7200438976287842,0.4192647933959961,nan,nan,nan,nan
21383,213.831,,213.831,False,8.874353109598161,-0.6999016404151917,0.7200438976287842,0.4192647933959961,nan,nan,nan,nan
21384,213.843,,213.843,False,9.096201149225235,-0.6970478892326355,0.7395110130310059,0.4164600670337677,nan,nan,nan,nan
21385,213.852,,213.852,False,9.521168596744538,-0.5617908239364624,0.48448702692985535,0.4362024664878845,nan,nan,nan,nan
21386,213.861,,213.861,False,9.864615333080293,-0.3516063690185547,0.2428935021162033,0.47349295020103455,nan,nan,nan,nan
21387,213.879,,213.879,False,10.011981539726257,0.012715461663901806,-0.33685585856437683,0.5212768912315369,nan,nan,nan,nan
21388,213.879,,213.879,False,10.011981539726257,0.012715461663901806,-0.33685585856437683,0.5212768912315369,nan,nan,nan,nan
21389,213.891,,213.891,False,9.782453767061234,0.18058988451957703,-0.6414266228675842,0.52635657787323,nan,nan,nan,nan
21390,213.909,,213.909,False,9.592032172679902,0.3161947727203369,-0.6993066072463989,0.5191307663917542,nan,nan,nan,nan
21391,213.909,,213.909,False,9.592032172679902,0.3161947727203369,-0.6993066072463989,0.5191307663917542,nan,nan,nan,nan
21392,213.921,,213.921,False,9.491741899251938,0.3420545160770416,-0.685774564743042,0.5116392374038696,nan,nan,nan,nan
21393,213.939,,213.939,False,9.373824609518051,0.20379948616027832,-0.3382294476032257,0.5143614411354065,nan,nan,nan,nan
21394,213.948,,213.948,False,9.490082459449768,0.03792991489171982,-0.05663179233670235,0.5331539511680603,nan,nan,nan,nan
21395,213.948,,213.948,False,9.490082459449768,0.03792991489171982,-0.05663179233670235,0.5331539511680603,nan,nan,nan,nan
21396,213.963,,213.963,False,9.53642281293869,-0.10027233511209488,0.16095955669879913,0.5487903952598572,nan,nan,nan,nan
21397,213.975,,213.975,False,9.521913532018662,-0.1839543730020523,0.2883591651916504,0.559099555015564,nan,nan,nan,nan
21398,213.984,,213.984,False,9.5156944334507,-0.23875726759433746,0.41891780495643616,0.5715001225471497,nan,nan,nan,nan
21399,213.993,,213.993,False,9.4649253988266,-0.227372944355011,0.38255465030670166,0.5943161845207214,nan,nan,nan,nan
21400,214.002,,214.002,False,9.42824230670929,-0.20566000044345856,0.33532193303108215,0.6204578280448914,nan,nan,nan,nan
21401,214.011,,214.011,False,9.185966434478761,-0.16862906515598297,0.19551990926265717,0.6431260108947754,nan,nan,nan,nan
21402,214.02,,214.02,False,9.012821023464204,-0.1185864731669426,0.04590104520320892,0.6614117622375488,nan,nan,nan,nan
21403,214.035,,214.035,False,8.849156287908555,-0.05416100099682808,-0.0756058618426323,0.6750560402870178,nan,nan,nan,nan
21404,214.044,,214.044,False,8.717196325063705,0.04036452993750572,-0.2235669046640396,0.6897969841957092,nan,nan,nan,nan
21405,214.056,,214.056,False,8.655248583555222,0.1132713258266449,-0.2852981686592102,0.6942012906074524,nan,nan,nan,nan
21406,214.065,,214.065,False,8.621105521917343,0.1690146028995514,-0.2879980504512787,0.7001941800117493,nan,nan,nan,nan
21407,214.074,,214.074,False,8.602305554151535,0.1978534311056137,-0.2579076588153839,0.7091183066368103,nan,nan,nan,nan
21408,214.083,,214.083,False,8.583573414087295,0.17173700034618378,-0.15569522976875305,0.7150154113769531,nan,nan,nan,nan
21409,214.092,,214.092,False,8.53162558078766,0.1379375159740448,-0.07150242477655411,0.7366872429847717,nan,nan,nan,nan
21410,214.104,,214.104,False,8.495072296857835,0.08393028378486633,0.07999351620674133,0.7656538486480713,nan,nan,nan,nan
21411,214.119,,214.119,False,8.459024212360383,0.02946886420249939,0.2119068056344986,0.785652220249176,nan,nan,nan,nan
21412,214.119,,214.119,False,8.459024212360383,0.02946886420249939,0.2119068056344986,0.785652220249176,nan,nan,nan,nan
21413,214.131,,214.131,False,8.349261449575424,-0.11240389198064804,0.5709472894668579,0.8246046304702759,nan,nan,nan,nan
21414,214.143,,214.143,False,8.170425528287888,-0.14461597800254822,0.5995911955833435,0.8557628989219666,nan,nan,nan,nan
21415,214.152,,214.152,False,8.054478750228883,-0.13585874438285828,0.5203048586845398,0.86455237865448,nan,nan,nan,nan
21416,214.167,,214.167,False,7.865150585174561,-0.07477713376283646,0.411933571100235,0.8679572939872742,nan,nan,nan,nan
21417,214.179,,214.179,False,7.771324993371964,-0.00041966140270233154,0.10134954005479813,0.8765931725502014,nan,nan,nan,nan
21418,214.188,,214.188,False,7.790659396648407,0.112099289894104,-0.12123869359493256,0.8683319091796875,nan,nan,nan,nan
21419,214.197,,214.197,False,7.862174352407456,0.19388964772224426,-0.15146493911743164,0.8748112916946411,nan,nan,nan,nan
21420,214.209,,214.209,False,7.963025958538056,0.22243767976760864,-0.12001019716262817,0.8921578526496887,nan,nan,nan,nan
21421,214.221,,214.221,False,8.10234873533249,0.224172905087471,-0.10708199441432953,0.8816933035850525,nan,nan,nan,nan
21422,214.221,,214.221,False,8.10234873533249,0.224172905087471,-0.10708199441432953,0.8816933035850525,nan,nan,nan,nan
21423,214.233,,214.233,False,8.05060789346695,0.211946040391922,-0.003689839970320463,0.8719669580459595,nan,nan,nan,nan
21424,214.233,,214.233,False,8.05060789346695,0.211946040391922,-0.003689839970320463,0.8719669580459595,nan,nan,nan,nan
21425,214.251,,214.251,False,7.917714715003967,0.1702486127614975,0.08389387279748917,0.86924147605896,nan,nan,nan,nan
21426,214.263,,214.263,False,7.367746660709382,0.05321269854903221,0.42504915595054626,0.8612005114555359,nan,nan,nan,nan
21427,214.275,,214.275,False,7.0863353741168975,-0.06326594948768616,0.6063032150268555,0.8591021299362183,nan,nan,nan,nan
21428,214.275,,214.275,False,7.0863353741168975,-0.06326594948768616,0.6063032150268555,0.8591021299362183,nan,nan,nan,nan
21429,214.296,,214.296,False,6.733474620580673,-0.21188507974147797,0.7436838746070862,0.8402323126792908,nan,nan,nan,nan
21430,214.305,,214.305,False,6.895928982496262,-0.297036737203598,0.5444453358650208,0.8269419074058533,nan,nan,nan,nan
21431,214.314,,214.314,False,6.981260908842087,-0.2136070728302002,0.136640727519989,0.7834023833274841,nan,nan,nan,nan
21432,214.314,,214.314,False,6.981260908842087,-0.2136070728302002,0.136640727519989,0.7834023833274841,nan,nan,nan,nan
21433,214.335,,214.335,False,7.216797280311585,-0.035739049315452576,-0.03069288469851017,0.7534084320068359,nan,nan,nan,nan
21434,214.347,,214.347,False,8.006639170646668,0.15312038362026215,-0.7207081913948059,0.6954311728477478,nan,nan,nan,nan
21435,214.356,,214.356,False,8.31133173108101,0.22072932124137878,-0.7491384744644165,0.6568126678466797,nan,nan,nan,nan
21436,214.368,,214.368,False,8.577994000911714,0.2124384343624115,-0.5405400395393372,0.6553345918655396,nan,nan,nan,nan
21437,214.377,,214.377,False,8.9507306098938,0.0974809005856514,-0.45250824093818665,0.621867835521698,nan,nan,nan,nan
21438,214.377,,214.377,False,8.9507306098938,0.0974809005856514,-0.45250824093818665,0.621867835521698,nan,nan,nan,nan
21439,214.392,,214.392,False,9.14413779258728,0.019544456154108047,-0.1370515674352646,0.598943829536438,nan,nan,nan,nan
21440,214.404,,214.404,False,9.189929677248001,-0.09199581295251846,0.11953961104154587,0.6108413338661194,nan,nan,nan,nan
21441,214.416,,214.416,False,9.281231610774995,-0.16727152466773987,0.2095886617898941,0.6280978322029114,nan,nan,nan,nan
21442,214.425,,214.425,False,9.327659672498703,-0.1736016422510147,0.2606702446937561,0.6341629028320312,nan,nan,nan,nan
21443,214.437,,214.437,False,9.407994568347931,-0.16682098805904388,0.2913867235183716,0.648128092288971,nan,nan,nan,nan
21444,214.449,,214.449,False,9.454451866149903,-0.1955898553133011,0.3038676083087921,0.6810025572776794,nan,nan,nan,nan
21445,214.449,,214.449,False,9.454451866149903,-0.1955898553133011,0.3038676083087921,0.6810025572776794,nan,nan,nan,nan
21446,214.467,,214.467,False,9.398757137060166,-0.17162230610847473,0.17864833772182465,0.7137697339057922,nan,nan,nan,nan
21447,214.476,,214.476,False,9.277179490327836,-0.12968571484088898,-0.022622566670179367,0.7244496941566467,nan,nan,nan,nan
21448,214.488,,214.488,False,9.21347290635109,-0.07796241343021393,-0.19315096735954285,0.729544997215271,nan,nan,nan,nan
21449,214.497,,214.497,False,9.187818832397461,-0.02197490818798542,-0.3723610043525696,0.7364258766174316,nan,nan,nan,nan
21450,214.509,,214.509,False,9.17989585518837,0.07360803335905075,-0.5196962952613831,0.742633581161499,nan,nan,nan,nan
21451,214.509,,214.509,False,9.17989585518837,0.07360803335905075,-0.5196962952613831,0.742633581161499,nan,nan,nan,nan
21452,214.527,,214.527,False,9.187038813829423,0.10351526737213135,-0.44918543100357056,0.7404565215110779,nan,nan,nan,nan
21453,214.539,,214.539,False,9.17925500035286,0.1117677092552185,-0.23228956758975983,0.7602120041847229,nan,nan,nan,nan
21454,214.539,,214.539,False,9.17925500035286,0.1117677092552185,-0.23228956758975983,0.7602120041847229,nan,nan,nan,nan
21455,214.554,,214.554,False,9.157149016857147,0.05297229811549187,0.03534712642431259,0.7852935194969177,nan,nan,nan,nan
21456,214.566,,214.566,False,9.027690492868423,-0.0025969594717025757,0.19105230271816254,0.8097691535949707,nan,nan,nan,nan
21457,214.575,,214.575,False,8.930992748737335,-0.020437536761164665,0.2900473475456238,0.8250677585601807,nan,nan,nan,nan
21458,214.59,,214.59,False,8.728027707338333,-0.0022667497396469116,0.31978535652160645,0.8702272176742554,nan,nan,nan,nan
21459,214.596,,214.596,False,8.582885781526565,-0.023264029994606972,0.37770795822143555,0.9125436544418335,nan,nan,nan,nan
21460,214.611,,214.611,False,8.482643455266953,-0.016140541061758995,0.2652721703052521,0.9456318616867065,nan,nan,nan,nan
21461,214.611,,214.611,False,8.482643455266953,-0.016140541061758995,0.2652721703052521,0.9456318616867065,nan,nan,nan,nan
21462,214.629,,214.629,False,8.38809163928032,0.01645030453801155,0.0516975000500679,0.9576743245124817,nan,nan,nan,nan
21463,214.638,,214.638,False,8.381616432666778,0.02704739384353161,-0.0910678580403328,0.9675006866455078,nan,nan,nan,nan
21464,214.65,,214.65,False,8.384210257530214,0.03820790722966194,-0.13643057644367218,0.9629766345024109,nan,nan,nan,nan
21465,214.662,,214.662,False,8.422705986499787,0.05743173882365227,-0.15219032764434814,0.9688825011253357,nan,nan,nan,nan
21466,214.671,,214.671,False,8.47448074221611,0.08011121302843094,-0.18230299651622772,0.9713647365570068,nan,nan,nan,nan
21467,214.671,,214.671,False,8.47448074221611,0.08011121302843094,-0.18230299651622772,0.9713647365570068,nan,nan,nan,nan
21468,214.689,,214.689,False,8.499355967044831,0.11667938530445099,-0.0905553549528122,0.9606009125709534,nan,nan,nan,nan
21469,214.698,,214.698,False,8.434614425897598,0.13009825348854065,0.013429015874862671,0.9677109718322754,nan,nan,nan,nan
21470,214.698,,214.698,False,8.434614425897598,0.13009825348854065,0.013429015874862671,0.9677109718322754,nan,nan,nan,nan
21471,214.71,,214.71,False,8.393007978200913,0.11441244184970856,0.09862888604402542,0.9668636918067932,nan,nan,nan,nan
21472,214.725,,214.725,False,8.209811203479767,0.11363683640956879,0.19468998908996582,0.9780005216598511,nan,nan,nan,nan
21473,214.737,,214.737,False,7.968508307933808,0.09540809690952301,0.3279746472835541,0.9851056337356567,nan,nan,nan,nan
21474,214.749,,214.749,False,7.522254656553269,0.05219833925366402,0.4951077103614807,0.9916505813598633,nan,nan,nan,nan
21475,214.749,,214.749,False,7.522254656553269,0.05219833925366402,0.4951077103614807,0.9916505813598633,nan,nan,nan,nan
21410,214.104,,214.104,False,8.495072296857835,0.08393028378486633,0.07999351620674133,0.7656538486480713,nan,nan,nan,nan
21411,214.119,,214.119,False,8.459024212360383,0.02946886420249939,0.2119068056344986,0.785652220249176,nan,nan,nan,nan
21412,214.119,,214.119,False,8.459024212360383,0.02946886420249939,0.2119068056344986,0.785652220249176,nan,nan,nan,nan
21413,214.131,,214.131,False,8.349261449575424,-0.11240389198064804,0.5709472894668579,0.8246046304702759,nan,nan,nan,nan
21414,214.143,,214.143,False,8.170425528287888,-0.14461597800254822,0.5995911955833435,0.8557628989219666,nan,nan,nan,nan
21415,214.152,,214.152,False,8.054478750228883,-0.13585874438285828,0.5203048586845398,0.86455237865448,nan,nan,nan,nan
21416,214.167,,214.167,False,7.865150585174561,-0.07477713376283646,0.411933571100235,0.8679572939872742,nan,nan,nan,nan
21417,214.179,,214.179,False,7.771324993371964,-0.00041966140270233154,0.10134954005479813,0.8765931725502014,nan,nan,nan,nan
21418,214.188,,214.188,False,7.790659396648407,0.112099289894104,-0.12123869359493256,0.8683319091796875,nan,nan,nan,nan
21419,214.197,,214.197,False,7.862174352407456,0.19388964772224426,-0.15146493911743164,0.8748112916946411,nan,nan,nan,nan
21420,214.209,,214.209,False,7.963025958538056,0.22243767976760864,-0.12001019716262817,0.8921578526496887,nan,nan,nan,nan
21421,214.221,,214.221,False,8.10234873533249,0.224172905087471,-0.10708199441432953,0.8816933035850525,nan,nan,nan,nan
21422,214.221,,214.221,False,8.10234873533249,0.224172905087471,-0.10708199441432953,0.8816933035850525,nan,nan,nan,nan
21423,214.233,,214.233,False,8.05060789346695,0.211946040391922,-0.003689839970320463,0.8719669580459595,nan,nan,nan,nan
21424,214.233,,214.233,False,8.05060789346695,0.211946040391922,-0.003689839970320463,0.8719669580459595,nan,nan,nan,nan
21425,214.251,,214.251,False,7.917714715003967,0.1702486127614975,0.08389387279748917,0.86924147605896,nan,nan,nan,nan
21426,214.263,,214.263,False,7.367746660709382,0.05321269854903221,0.42504915595054626,0.8612005114555359,nan,nan,nan,nan
21427,214.275,,214.275,False,7.0863353741168975,-0.06326594948768616,0.6063032150268555,0.8591021299362183,nan,nan,nan,nan
21428,214.275,,214.275,False,7.0863353741168975,-0.06326594948768616,0.6063032150268555,0.8591021299362183,nan,nan,nan,nan
21429,214.296,,214.296,False,6.733474620580673,-0.21188507974147797,0.7436838746070862,0.8402323126792908,nan,nan,nan,nan
21430,214.305,,214.305,False,6.895928982496262,-0.297036737203598,0.5444453358650208,0.8269419074058533,nan,nan,nan,nan
21431,214.314,,214.314,False,6.981260908842087,-0.2136070728302002,0.136640727519989,0.7834023833274841,nan,nan,nan,nan
21432,214.314,,214.314,False,6.981260908842087,-0.2136070728302002,0.136640727519989,0.7834023833274841,nan,nan,nan,nan
21433,214.335,,214.335,False,7.216797280311585,-0.035739049315452576,-0.03069288469851017,0.7534084320068359,nan,nan,nan,nan
21434,214.347,,214.347,False,8.006639170646668,0.15312038362026215,-0.7207081913948059,0.6954311728477478,nan,nan,nan,nan
21435,214.356,,214.356,False,8.31133173108101,0.22072932124137878,-0.7491384744644165,0.6568126678466797,nan,nan,nan,nan
21436,214.368,,214.368,False,8.577994000911714,0.2124384343624115,-0.5405400395393372,0.6553345918655396,nan,nan,nan,nan
21437,214.377,,214.377,False,8.9507306098938,0.0974809005856514,-0.45250824093818665,0.621867835521698,nan,nan,nan,nan
21438,214.377,,214.377,False,8.9507306098938,0.0974809005856514,-0.45250824093818665,0.621867835521698,nan,nan,nan,nan
21439,214.392,,214.392,False,9.14413779258728,0.019544456154108047,-0.1370515674352646,0.598943829536438,nan,nan,nan,nan
21440,214.404,,214.404,False,9.189929677248001,-0.09199581295251846,0.11953961104154587,0.6108413338661194,nan,nan,nan,nan
21441,214.416,,214.416,False,9.281231610774995,-0.16727152466773987,0.2095886617898941,0.6280978322029114,nan,nan,nan,nan
21442,214.425,,214.425,False,9.327659672498703,-0.1736016422510147,0.2606702446937561,0.6341629028320312,nan,nan,nan,nan
21443,214.437,,214.437,False,9.407994568347931,-0.16682098805904388,0.2913867235183716,0.648128092288971,nan,nan,nan,nan
21444,214.449,,214.449,False,9.454451866149903,-0.1955898553133011,0.3038676083087921,0.6810025572776794,nan,nan,nan,nan
21445,214.449,,214.449,False,9.454451866149903,-0.1955898553133011,0.3038676083087921,0.6810025572776794,nan,nan,nan,nan
21446,214.467,,214.467,False,9.398757137060166,-0.17162230610847473,0.17864833772182465,0.7137697339057922,nan,nan,nan,nan
21447,214.476,,214.476,False,9.277179490327836,-0.12968571484088898,-0.022622566670179367,0.7244496941566467,nan,nan,nan,nan
21448,214.488,,214.488,False,9.21347290635109,-0.07796241343021393,-0.19315096735954285,0.729544997215271,nan,nan,nan,nan
21449,214.497,,214.497,False,9.187818832397461,-0.02197490818798542,-0.3723610043525696,0.7364258766174316,nan,nan,nan,nan
21450,214.509,,214.509,False,9.17989585518837,0.07360803335905075,-0.5196962952613831,0.742633581161499,nan,nan,nan,nan
21451,214.509,,214.509,False,9.17989585518837,0.07360803335905075,-0.5196962952613831,0.742633581161499,nan,nan,nan,nan
21452,214.527,,214.527,False,9.187038813829423,0.10351526737213135,-0.44918543100357056,0.7404565215110779,nan,nan,nan,nan
21453,214.539,,214.539,False,9.17925500035286,0.1117677092552185,-0.23228956758975983,0.7602120041847229,nan,nan,nan,nan
21454,214.539,,214.539,False,9.17925500035286,0.1117677092552185,-0.23228956758975983,0.7602120041847229,nan,nan,nan,nan
21455,214.554,,214.554,False,9.157149016857147,0.05297229811549187,0.03534712642431259,0.7852935194969177,nan,nan,nan,nan
21456,214.566,,214.566,False,9.027690492868423,-0.0025969594717025757,0.19105230271816254,0.8097691535949707,nan,nan,nan,nan
21457,214.575,,214.575,False,8.930992748737335,-0.020437536761164665,0.2900473475456238,0.8250677585601807,nan,nan,nan,nan
21458,214.59,,214.59,False,8.728027707338333,-0.0022667497396469116,0.31978535652160645,0.8702272176742554,nan,nan,nan,nan
21459,214.596,,214.596,False,8.582885781526565,-0.023264029994606972,0.37770795822143555,0.9125436544418335,nan,nan,nan,nan
21460,214.611,,214.611,False,8.482643455266953,-0.016140541061758995,0.2652721703052521,0.9456318616867065,nan,nan,nan,nan
21461,214.611,,214.611,False,8.482643455266953,-0.016140541061758995,0.2652721703052521,0.9456318616867065,nan,nan,nan,nan
21462,214.629,,214.629,False,8.38809163928032,0.01645030453801155,0.0516975000500679,0.9576743245124817,nan,nan,nan,nan
21463,214.638,,214.638,False,8.381616432666778,0.02704739384353161,-0.0910678580403328,0.9675006866455078,nan,nan,nan,nan
21464,214.65,,214.65,False,8.384210257530214,0.03820790722966194,-0.13643057644367218,0.9629766345024109,nan,nan,nan,nan
21465,214.662,,214.662,False,8.422705986499787,0.05743173882365227,-0.15219032764434814,0.9688825011253357,nan,nan,nan,nan
21466,214.671,,214.671,False,8.47448074221611,0.08011121302843094,-0.18230299651622772,0.9713647365570068,nan,nan,nan,nan
21467,214.671,,214.671,False,8.47448074221611,0.08011121302843094,-0.18230299651622772,0.9713647365570068,nan,nan,nan,nan
21468,214.689,,214.689,False,8.499355967044831,0.11667938530445099,-0.0905553549528122,0.9606009125709534,nan,nan,nan,nan
21469,214.698,,214.698,False,8.434614425897598,0.13009825348854065,0.013429015874862671,0.9677109718322754,nan,nan,nan,nan
21470,214.698,,214.698,False,8.434614425897598,0.13009825348854065,0.013429015874862671,0.9677109718322754,nan,nan,nan,nan
21471,214.71,,214.71,False,8.393007978200913,0.11441244184970856,0.09862888604402542,0.9668636918067932,nan,nan,nan,nan
21472,214.725,,214.725,False,8.209811203479767,0.11363683640956879,0.19468998908996582,0.9780005216598511,nan,nan,nan,nan
21473,214.737,,214.737,False,7.968508307933808,0.09540809690952301,0.3279746472835541,0.9851056337356567,nan,nan,nan,nan
21474,214.749,,214.749,False,7.522254656553269,0.05219833925366402,0.4951077103614807,0.9916505813598633,nan,nan,nan,nan
21475,214.749,,214.749,False,7.522254656553269,0.05219833925366402,0.4951077103614807,0.9916505813598633,nan,nan,nan,nan
21476,214.761,,214.761,False,7.303814374208451,-0.005678160581737757,0.4698290526866913,0.9875909090042114,nan,nan,nan,nan
21477,214.77,,214.77,False,7.178628995418549,-0.033464040607213974,0.32982274889945984,0.9749991297721863,nan,nan,nan,nan
21478,214.782,,214.782,False,7.005577139854432,-0.030364708974957466,0.1901109367609024,0.9621880054473877,nan,nan,nan,nan
21479,214.791,,214.791,False,6.8973884475231175,-0.014315095730125904,0.018416622653603554,0.9543779492378235,nan,nan,nan,nan
21480,214.806,,214.806,False,6.8329755198955535,0.02172519639134407,-0.054300710558891296,0.9493875503540039,nan,nan,nan,nan
21481,214.812,,214.812,False,7.0450680649280555,0.10953320562839508,-0.09250804781913757,0.9706461429595947,nan,nan,nan,nan
21482,214.821,,214.821,False,7.683716161251069,0.1751461774110794,-0.2967221140861511,0.9571729898452759,nan,nan,nan,nan
21483,214.839,,214.839,False,8.051481467485429,0.1357273906469345,-0.26244115829467773,0.8753121495246887,nan,nan,nan,nan
21484,214.851,,214.851,False,8.223458604812622,0.050999078899621964,-0.19710032641887665,0.7869036197662354,nan,nan,nan,nan
21485,214.86,,214.86,False,8.32556151509285,-0.013407708145678043,-0.07195568829774857,0.7731085419654846,nan,nan,nan,nan
21486,214.869,,214.869,False,8.423607627153396,-0.08768195658922195,-0.027157694101333618,0.7316562533378601,nan,nan,nan,nan
21487,214.878,,214.878,False,8.603348697423936,-0.12461599707603455,0.10971687734127045,0.7206966876983643,nan,nan,nan,nan
21488,214.887,,214.887,False,8.708157699108124,-0.15713289380073547,0.14726470410823822,0.717189610004425,nan,nan,nan,nan
21489,214.896,,214.896,False,8.785771300792694,-0.1679556518793106,0.1618523746728897,0.7274941205978394,nan,nan,nan,nan
21490,214.911,,214.911,False,8.874833750724793,-0.16317950189113617,0.16311196982860565,0.7390849590301514,nan,nan,nan,nan
21491,214.911,,214.911,False,8.874833750724793,-0.16317950189113617,0.16311196982860565,0.7390849590301514,nan,nan,nan,nan
21492,214.929,,214.929,False,9.013916791677476,-0.11154584586620331,-0.006309015676379204,0.7687628269195557,nan,nan,nan,nan
21493,214.929,,214.929,False,9.013916791677476,-0.11154584586620331,-0.006309015676379204,0.7687628269195557,nan,nan,nan,nan
21494,214.941,,214.941,False,9.062317703962327,-0.06924546509981155,-0.1492006480693817,0.7734160423278809,nan,nan,nan,nan
21495,214.959,,214.959,False,9.20436645269394,-0.018589207902550697,-0.21480223536491394,0.786557674407959,nan,nan,nan,nan
21496,214.971,,214.971,False,9.205229501724244,-0.01979014277458191,-0.2791889011859894,0.7824482321739197,nan,nan,nan,nan
21497,214.971,,214.971,False,9.205229501724244,-0.01979014277458191,-0.2791889011859894,0.7824482321739197,nan,nan,nan,nan
21498,214.983,,214.983,False,9.13697495341301,-0.024736545979976654,-0.27265793085098267,0.771098256111145,nan,nan,nan,nan
21499,214.992,,214.992,False,9.112925355434419,-0.017599746584892273,-0.23416768014431,0.7726985216140747,nan,nan,nan,nan
21500,215.004,,215.004,False,9.082240337133408,-0.013896762393414974,-0.1824532151222229,0.7819799184799194,nan,nan,nan,nan
21501,215.013,,215.013,False,9.04992511510849,-0.02025732398033142,-0.12197695672512054,0.789873480796814,nan,nan,nan,nan
21502,215.025,,215.025,False,8.9988917863369,-0.021903350949287415,-0.04276036471128464,0.8012881278991699,nan,nan,nan,nan
21503,215.034,,215.034,False,8.890682044029237,-0.029161423444747925,0.05251053348183632,0.8215062618255615,nan,nan,nan,nan
21504,215.043,,215.043,False,8.824392160177231,-0.03128257766366005,0.09873747825622559,0.8411731719970703,nan,nan,nan,nan
21505,215.055,,215.055,False,8.740485785007477,-0.02441340498626232,0.11259343475103378,0.8606701493263245,nan,nan,nan,nan
21506,215.064,,215.064,False,8.653863962888718,-0.01726721227169037,0.1296224296092987,0.8806552290916443,nan,nan,nan,nan
21507,215.076,,215.076,False,8.598249925374985,-0.007676643319427967,0.10289674252271652,0.8997976779937744,nan,nan,nan,nan
21508,215.088,,215.088,False,8.554082397222519,0.002725645899772644,0.07318573445081711,0.9164848923683167,nan,nan,nan,nan
21509,215.097,,215.097,False,8.510422407388688,0.004306956194341183,-0.043176449835300446,0.9349514245986938,nan,nan,nan,nan
21510,215.109,,215.109,False,8.469259178638458,0.01692580059170723,-0.08258631825447083,0.9417463541030884,nan,nan,nan,nan
21511,215.121,,215.121,False,8.476310920715333,0.028791138902306557,-0.11375930905342102,0.9454595446586609,nan,nan,nan,nan
21512,215.127,,215.127,False,8.45517674446106,0.03565455600619316,-0.09376568347215652,0.9487680196762085,nan,nan,nan,nan
21513,215.139,,215.139,False,8.447827963829042,0.04336262121796608,-0.05999942123889923,0.9506961107254028,nan,nan,nan,nan
21514,215.139,,215.139,False,8.447827963829042,0.04336262121796608,-0.05999942123889923,0.9506961107254028,nan,nan,nan,nan
21515,215.154,,215.154,False,8.40561691403389,0.05329388007521629,-0.029026780277490616,0.9486926794052124,nan,nan,nan,nan
21516,215.166,,215.166,False,8.356832424402237,0.062225766479969025,0.0020341426134109497,0.9516618251800537,nan,nan,nan,nan
21517,215.175,,215.175,False,8.27348621249199,0.07116749882698059,0.0332542359828949,0.9566842317581177,nan,nan,nan,nan
21518,215.187,,215.187,False,8.110589801073075,0.09088990092277527,0.10805690288543701,0.967064619064331,nan,nan,nan,nan
21519,215.196,,215.196,False,8.027949932813645,0.09050007909536362,0.1469188928604126,0.9729366898536682,nan,nan,nan,nan
21520,215.208,,215.208,False,7.925112612247467,0.08460796624422073,0.16981667280197144,0.9758189916610718,nan,nan,nan,nan
21521,215.208,,215.208,False,7.925112612247467,0.08460796624422073,0.16981667280197144,0.9758189916610718,nan,nan,nan,nan
21522,215.229,,215.229,False,7.504281485080719,0.05229632183909416,0.2157544642686844,0.9757205247879028,nan,nan,nan,nan
21523,215.238,,215.238,False,7.320953732728959,0.03467634320259094,0.1655360907316208,0.9684647917747498,nan,nan,nan,nan
21524,215.247,,215.247,False,7.288047941923142,0.030027080327272415,0.09641443192958832,0.9621095061302185,nan,nan,nan,nan
21525,215.256,,215.256,False,7.096338790655136,0.0337970145046711,0.06093345582485199,0.9517785906791687,nan,nan,nan,nan
21526,215.256,,215.256,False,7.096338790655136,0.0337970145046711,0.06093345582485199,0.9517785906791687,nan,nan,nan,nan
21527,215.274,,215.274,False,6.93320147395134,0.03513505309820175,0.03586048632860184,0.9375903010368347,nan,nan,nan,nan
21528,215.292,,215.292,False,7.204035147428513,0.09860917180776596,0.022372618317604065,0.947190523147583,nan,nan,nan,nan
21529,215.292,,215.292,False,7.204035147428513,0.09860917180776596,0.022372618317604065,0.947190523147583,nan,nan,nan,nan
21530,215.304,,215.304,False,7.737671928405762,0.09320482611656189,-0.06984924525022507,0.9233183264732361,nan,nan,nan,nan
21531,215.319,,215.319,False,8.111482086181642,-0.020301401615142822,-0.1560254544019699,0.8194223642349243,nan,nan,nan,nan
21532,215.319,,215.319,False,8.111482086181642,-0.020301401615142822,-0.1560254544019699,0.8194223642349243,nan,nan,nan,nan
21533,215.331,,215.331,False,8.35954202413559,-0.08926757425069809,-0.11240825057029724,0.7693279385566711,nan,nan,nan,nan
21534,215.343,,215.343,False,8.54884212255478,-0.1472160965204239,-0.07635535299777985,0.7367316484451294,nan,nan,nan,nan
21535,215.352,,215.352,False,8.690283930301666,-0.19333142042160034,-0.08370596170425415,0.6990481019020081,nan,nan,nan,nan
21536,215.361,,215.361,False,8.849452157020568,-0.2163136750459671,-0.11098188161849976,0.6589673757553101,nan,nan,nan,nan
21537,215.379,,215.379,False,9.04945032119751,-0.1883937567472458,0.01919696480035782,0.6700899004936218,nan,nan,nan,nan
21538,215.379,,215.379,False,9.04945032119751,-0.1883937567472458,0.01919696480035782,0.6700899004936218,nan,nan,nan,nan
21539,215.394,,215.394,False,9.216046850681305,-0.17088627815246582,0.005061044357717037,0.6623315811157227,nan,nan,nan,nan
21540,215.403,,215.403,False,9.256619510650635,-0.14210699498653412,-0.004361613653600216,0.665718138217926,nan,nan,nan,nan
21541,215.412,,215.412,False,9.278626091480255,-0.11640800535678864,-0.048751745373010635,0.6704801917076111,nan,nan,nan,nan
21542,215.424,,215.424,False,9.339590331315994,-0.06972888112068176,-0.061170052736997604,0.6874666810035706,nan,nan,nan,nan
21543,215.433,,215.433,False,9.410871398448945,-0.04932890459895134,-0.08071503788232803,0.6977038383483887,nan,nan,nan,nan
21544,215.445,,215.445,False,9.398759475946427,-0.04531029239296913,-0.09311431646347046,0.7013691067695618,nan,nan,nan,nan
21545,215.454,,215.454,False,9.36009066939354,-0.041851241141557693,-0.12159840762615204,0.7042897939682007,nan,nan,nan,nan
21546,215.466,,215.466,False,9.292003351449967,-0.04479231312870979,-0.12525734305381775,0.7076631784439087,nan,nan,nan,nan
21547,215.475,,215.475,False,9.239609960317612,-0.048410311341285706,-0.1073165237903595,0.715916633605957,nan,nan,nan,nan
21548,215.484,,215.484,False,9.13472377538681,-0.05642935633659363,-0.08980582654476166,0.7231683135032654,nan,nan,nan,nan
21549,215.496,,215.496,False,9.05360067486763,-0.059653230011463165,-0.06632373481988907,0.7292578220367432,nan,nan,nan,nan
21550,215.505,,215.505,False,8.964998985528947,-0.057629045099020004,-0.046709705144166946,0.7378301620483398,nan,nan,nan,nan
21551,215.514,,215.514,False,8.8396124625206,-0.0559074804186821,-0.006697637960314751,0.7498380541801453,nan,nan,nan,nan
21552,215.529,,215.529,False,8.76930086374283,-0.04608294740319252,0.01369592547416687,0.7610225081443787,nan,nan,nan,nan
21553,215.541,,215.541,False,8.565746423006058,-0.012241934426128864,0.09230678528547287,0.78133225440979,nan,nan,nan,nan
21554,215.541,,215.541,False,8.565746423006058,-0.012241934426128864,0.09230678528547287,0.78133225440979,nan,nan,nan,nan
21555,215.559,,215.559,False,8.517842524051666,0.03591499850153923,0.06209416687488556,0.807117760181427,nan,nan,nan,nan
21556,215.559,,215.559,False,8.517842524051666,0.03591499850153923,0.06209416687488556,0.807117760181427,nan,nan,nan,nan
21557,215.559,,215.559,False,8.517842524051666,0.03591499850153923,0.06209416687488556,0.807117760181427,nan,nan,nan,nan
21558,215.583,,215.583,False,8.46544328570366,0.06121412664651871,0.036157164722681046,0.8175482749938965,nan,nan,nan,nan
21559,215.598,,215.598,False,8.354463132619859,0.07903634756803513,0.0010743588209152222,0.8274413347244263,nan,nan,nan,nan
21560,215.598,,215.598,False,8.354463132619859,0.07903634756803513,0.0010743588209152222,0.8274413347244263,nan,nan,nan,nan
21561,215.616,,215.616,False,8.19556387782097,0.09749850630760193,-0.014721659943461418,0.8412048816680908,nan,nan,nan,nan
21562,215.616,,215.616,False,8.19556387782097,0.09749850630760193,-0.014721659943461418,0.8412048816680908,nan,nan,nan,nan
21563,215.631,,215.631,False,8.104892274141312,0.09141715615987778,-0.003027603030204773,0.8462480902671814,nan,nan,nan,nan
21564,215.649,,215.649,False,7.846662858724595,0.05741596594452858,0.020917678251862526,0.8462772965431213,nan,nan,nan,nan
21565,215.649,,215.649,False,7.846662858724595,0.05741596594452858,0.020917678251862526,0.8462772965431213,nan,nan,nan,nan
21566,215.667,,215.667,False,7.5027471756935125,0.028693297877907753,0.10303763300180435,0.8435549139976501,nan,nan,nan,nan
21567,215.667,,215.667,False,7.5027471756935125,0.028693297877907753,0.10303763300180435,0.8435549139976501,nan,nan,nan,nan
21568,215.685,,215.685,False,7.166035262346268,0.02888992801308632,0.19883054494857788,0.8410475254058838,nan,nan,nan,nan
21569,215.7,,215.7,False,7.036975518465042,0.04632443189620972,0.2180759161710739,0.8398209810256958,nan,nan,nan,nan
21570,215.7,,215.7,False,7.036975518465042,0.04632443189620972,0.2180759161710739,0.8398209810256958,nan,nan,nan,nan
21571,215.7,,215.7,False,7.036975518465042,0.04632443189620972,0.2180759161710739,0.8398209810256958,nan,nan,nan,nan
21572,215.724,,215.724,False,6.781946868896485,0.08303624391555786,0.20726235210895538,0.8237037658691406,nan,nan,nan,nan
21573,215.736,,215.736,False,7.06132449388504,0.12377044558525085,0.04728147014975548,0.8260167837142944,nan,nan,nan,nan
21574,215.751,,215.751,False,7.041563243865967,0.14303447306156158,-0.05962920933961868,0.8247470259666443,nan,nan,nan,nan
21575,215.751,,215.751,False,7.041563243865967,0.14303447306156158,-0.05962920933961868,0.8247470259666443,nan,nan,nan,nan
21576,215.763,,215.763,False,8.31149896144867,-0.03699367120862007,-0.5589196085929871,0.7341485619544983,nan,nan,nan,nan
21577,215.775,,215.775,False,8.047432855367662,-0.12070044875144958,-0.46999359130859375,0.7071155309677124,nan,nan,nan,nan
21578,215.775,,215.775,False,8.047432855367662,-0.12070044875144958,-0.46999359130859375,0.7071155309677124,nan,nan,nan,nan
21579,215.79,,215.79,False,8.571716430187227,-0.2644789218902588,-0.3972090184688568,0.6332825422286987,nan,nan,nan,nan
21580,215.802,,215.802,False,8.867235878705978,-0.38032180070877075,-0.17821650207042694,0.5826256275177002,nan,nan,nan,nan
21581,215.817,,215.817,False,9.116437193155289,-0.4073863625526428,0.048862751573324203,0.5337421894073486,nan,nan,nan,nan
21582,215.817,,215.817,False,9.116437193155289,-0.4073863625526428,0.048862751573324203,0.5337421894073486,nan,nan,nan,nan
21583,215.832,,215.832,False,9.13863205432892,-0.3308556377887726,0.25500616431236267,0.5011313557624817,nan,nan,nan,nan
21584,215.844,,215.844,False,9.353802573680879,-0.21198584139347076,0.2602647542953491,0.5050240755081177,nan,nan,nan,nan
21585,215.853,,215.853,False,9.307664533853531,-0.09526011347770691,0.23004205524921417,0.538267195224762,nan,nan,nan,nan
21586,215.865,,215.865,False,9.40628484249115,-0.026272930204868317,0.09017428755760193,0.5568413734436035,nan,nan,nan,nan
21587,215.88,,215.88,False,9.451865057945252,0.06077719107270241,0.057623740285634995,0.5892412662506104,nan,nan,nan,nan
21588,215.88,,215.88,False,9.451865057945252,0.06077719107270241,0.057623740285634995,0.5892412662506104,nan,nan,nan,nan
21589,215.895,,215.895,False,9.698194220066071,0.11573740839958191,-0.10878148674964905,0.6181222200393677,nan,nan,nan,nan
21590,215.907,,215.907,False,9.677886840105057,0.061050012707710266,-0.2159988135099411,0.6231376528739929,nan,nan,nan,nan
21591,215.919,,215.919,False,9.548374521732331,-0.02555002272129059,-0.349956750869751,0.6232680082321167,nan,nan,nan,nan
21592,215.919,,215.919,False,9.548374521732331,-0.02555002272129059,-0.349956750869751,0.6232680082321167,nan,nan,nan,nan
21593,215.934,,215.934,False,9.250436664819718,-0.10523637384176254,-0.3017842769622803,0.6182997226715088,nan,nan,nan,nan
21594,215.946,,215.946,False,9.160256227254868,-0.12828344106674194,-0.19115975499153137,0.6196608543395996,nan,nan,nan,nan
21595,215.946,,215.946,False,9.160256227254868,-0.12828344106674194,-0.19115975499153137,0.6196608543395996,nan,nan,nan,nan
21596,215.961,,215.961,False,9.044910542964935,-0.12677215039730072,-0.0456634983420372,0.6248953342437744,nan,nan,nan,nan
21597,215.973,,215.973,False,8.661372957229615,-0.08179457485675812,0.23476722836494446,0.6410243511199951,nan,nan,nan,nan
21598,215.985,,215.985,False,8.607615995407105,-0.011035718023777008,0.28866711258888245,0.6592760682106018,nan,nan,nan,nan
21599,215.985,,215.985,False,8.607615995407105,-0.011035718023777008,0.28866711258888245,0.6592760682106018,nan,nan,nan,nan
21600,216.003,,216.003,False,8.254989130496979,0.15967141091823578,0.4728846549987793,0.6915773153305054,nan,nan,nan,nan
21601,216.015,,216.015,False,8.337278165817262,0.21809227764606476,0.3076375424861908,0.7288151979446411,nan,nan,nan,nan
21602,216.03,,216.03,False,8.196661984920501,0.2570684850215912,0.13278385996818542,0.7429406642913818,nan,nan,nan,nan
21603,216.039,,216.039,False,8.225971738100052,0.24694932997226715,-0.04186096787452698,0.7618951797485352,nan,nan,nan,nan
21604,216.048,,216.048,False,8.105343679189682,0.17425671219825745,-0.3151673972606659,0.7747549414634705,nan,nan,nan,nan
21605,216.048,,216.048,False,8.105343679189682,0.17425671219825745,-0.3151673972606659,0.7747549414634705,nan,nan,nan,nan
21606,216.063,,216.063,False,7.973810563087464,0.08150361478328705,-0.3352227509021759,0.780169665813446,nan,nan,nan,nan
21607,216.075,,216.075,False,7.820726948976517,0.03741539269685745,-0.2415812611579895,0.7878903746604919,nan,nan,nan,nan
21476,214.761,,214.761,False,7.303814374208451,-0.005678160581737757,0.4698290526866913,0.9875909090042114,nan,nan,nan,nan
21477,214.77,,214.77,False,7.178628995418549,-0.033464040607213974,0.32982274889945984,0.9749991297721863,nan,nan,nan,nan
21478,214.782,,214.782,False,7.005577139854432,-0.030364708974957466,0.1901109367609024,0.9621880054473877,nan,nan,nan,nan
21479,214.791,,214.791,False,6.8973884475231175,-0.014315095730125904,0.018416622653603554,0.9543779492378235,nan,nan,nan,nan
21480,214.806,,214.806,False,6.8329755198955535,0.02172519639134407,-0.054300710558891296,0.9493875503540039,nan,nan,nan,nan
21481,214.812,,214.812,False,7.0450680649280555,0.10953320562839508,-0.09250804781913757,0.9706461429595947,nan,nan,nan,nan
21482,214.821,,214.821,False,7.683716161251069,0.1751461774110794,-0.2967221140861511,0.9571729898452759,nan,nan,nan,nan
21483,214.839,,214.839,False,8.051481467485429,0.1357273906469345,-0.26244115829467773,0.8753121495246887,nan,nan,nan,nan
21484,214.851,,214.851,False,8.223458604812622,0.050999078899621964,-0.19710032641887665,0.7869036197662354,nan,nan,nan,nan
21485,214.86,,214.86,False,8.32556151509285,-0.013407708145678043,-0.07195568829774857,0.7731085419654846,nan,nan,nan,nan
21486,214.869,,214.869,False,8.423607627153396,-0.08768195658922195,-0.027157694101333618,0.7316562533378601,nan,nan,nan,nan
21487,214.878,,214.878,False,8.603348697423936,-0.12461599707603455,0.10971687734127045,0.7206966876983643,nan,nan,nan,nan
21488,214.887,,214.887,False,8.708157699108124,-0.15713289380073547,0.14726470410823822,0.717189610004425,nan,nan,nan,nan
21489,214.896,,214.896,False,8.785771300792694,-0.1679556518793106,0.1618523746728897,0.7274941205978394,nan,nan,nan,nan
21490,214.911,,214.911,False,8.874833750724793,-0.16317950189113617,0.16311196982860565,0.7390849590301514,nan,nan,nan,nan
21491,214.911,,214.911,False,8.874833750724793,-0.16317950189113617,0.16311196982860565,0.7390849590301514,nan,nan,nan,nan
21492,214.929,,214.929,False,9.013916791677476,-0.11154584586620331,-0.006309015676379204,0.7687628269195557,nan,nan,nan,nan
21493,214.929,,214.929,False,9.013916791677476,-0.11154584586620331,-0.006309015676379204,0.7687628269195557,nan,nan,nan,nan
21494,214.941,,214.941,False,9.062317703962327,-0.06924546509981155,-0.1492006480693817,0.7734160423278809,nan,nan,nan,nan
21495,214.959,,214.959,False,9.20436645269394,-0.018589207902550697,-0.21480223536491394,0.786557674407959,nan,nan,nan,nan
21496,214.971,,214.971,False,9.205229501724244,-0.01979014277458191,-0.2791889011859894,0.7824482321739197,nan,nan,nan,nan
21497,214.971,,214.971,False,9.205229501724244,-0.01979014277458191,-0.2791889011859894,0.7824482321739197,nan,nan,nan,nan
21498,214.983,,214.983,False,9.13697495341301,-0.024736545979976654,-0.27265793085098267,0.771098256111145,nan,nan,nan,nan
21499,214.992,,214.992,False,9.112925355434419,-0.017599746584892273,-0.23416768014431,0.7726985216140747,nan,nan,nan,nan
21500,215.004,,215.004,False,9.082240337133408,-0.013896762393414974,-0.1824532151222229,0.7819799184799194,nan,nan,nan,nan
21501,215.013,,215.013,False,9.04992511510849,-0.02025732398033142,-0.12197695672512054,0.789873480796814,nan,nan,nan,nan
21502,215.025,,215.025,False,8.9988917863369,-0.021903350949287415,-0.04276036471128464,0.8012881278991699,nan,nan,nan,nan
21503,215.034,,215.034,False,8.890682044029237,-0.029161423444747925,0.05251053348183632,0.8215062618255615,nan,nan,nan,nan
21504,215.043,,215.043,False,8.824392160177231,-0.03128257766366005,0.09873747825622559,0.8411731719970703,nan,nan,nan,nan
21505,215.055,,215.055,False,8.740485785007477,-0.02441340498626232,0.11259343475103378,0.8606701493263245,nan,nan,nan,nan
21506,215.064,,215.064,False,8.653863962888718,-0.01726721227169037,0.1296224296092987,0.8806552290916443,nan,nan,nan,nan
21507,215.076,,215.076,False,8.598249925374985,-0.007676643319427967,0.10289674252271652,0.8997976779937744,nan,nan,nan,nan
21508,215.088,,215.088,False,8.554082397222519,0.002725645899772644,0.07318573445081711,0.9164848923683167,nan,nan,nan,nan
21509,215.097,,215.097,False,8.510422407388688,0.004306956194341183,-0.043176449835300446,0.9349514245986938,nan,nan,nan,nan
21510,215.109,,215.109,False,8.469259178638458,0.01692580059170723,-0.08258631825447083,0.9417463541030884,nan,nan,nan,nan
21511,215.121,,215.121,False,8.476310920715333,0.028791138902306557,-0.11375930905342102,0.9454595446586609,nan,nan,nan,nan
21512,215.127,,215.127,False,8.45517674446106,0.03565455600619316,-0.09376568347215652,0.9487680196762085,nan,nan,nan,nan
21513,215.139,,215.139,False,8.447827963829042,0.04336262121796608,-0.05999942123889923,0.9506961107254028,nan,nan,nan,nan
21514,215.139,,215.139,False,8.447827963829042,0.04336262121796608,-0.05999942123889923,0.9506961107254028,nan,nan,nan,nan
21515,215.154,,215.154,False,8.40561691403389,0.05329388007521629,-0.029026780277490616,0.9486926794052124,nan,nan,nan,nan
21516,215.166,,215.166,False,8.356832424402237,0.062225766479969025,0.0020341426134109497,0.9516618251800537,nan,nan,nan,nan
21517,215.175,,215.175,False,8.27348621249199,0.07116749882698059,0.0332542359828949,0.9566842317581177,nan,nan,nan,nan
21518,215.187,,215.187,False,8.110589801073075,0.09088990092277527,0.10805690288543701,0.967064619064331,nan,nan,nan,nan
21519,215.196,,215.196,False,8.027949932813645,0.09050007909536362,0.1469188928604126,0.9729366898536682,nan,nan,nan,nan
21520,215.208,,215.208,False,7.925112612247467,0.08460796624422073,0.16981667280197144,0.9758189916610718,nan,nan,nan,nan
21521,215.208,,215.208,False,7.925112612247467,0.08460796624422073,0.16981667280197144,0.9758189916610718,nan,nan,nan,nan
21522,215.229,,215.229,False,7.504281485080719,0.05229632183909416,0.2157544642686844,0.9757205247879028,nan,nan,nan,nan
21523,215.238,,215.238,False,7.320953732728959,0.03467634320259094,0.1655360907316208,0.9684647917747498,nan,nan,nan,nan
21524,215.247,,215.247,False,7.288047941923142,0.030027080327272415,0.09641443192958832,0.9621095061302185,nan,nan,nan,nan
21525,215.256,,215.256,False,7.096338790655136,0.0337970145046711,0.06093345582485199,0.9517785906791687,nan,nan,nan,nan
21526,215.256,,215.256,False,7.096338790655136,0.0337970145046711,0.06093345582485199,0.9517785906791687,nan,nan,nan,nan
21527,215.274,,215.274,False,6.93320147395134,0.03513505309820175,0.03586048632860184,0.9375903010368347,nan,nan,nan,nan
21528,215.292,,215.292,False,7.204035147428513,0.09860917180776596,0.022372618317604065,0.947190523147583,nan,nan,nan,nan
21529,215.292,,215.292,False,7.204035147428513,0.09860917180776596,0.022372618317604065,0.947190523147583,nan,nan,nan,nan
21530,215.304,,215.304,False,7.737671928405762,0.09320482611656189,-0.06984924525022507,0.9233183264732361,nan,nan,nan,nan
21531,215.319,,215.319,False,8.111482086181642,-0.020301401615142822,-0.1560254544019699,0.8194223642349243,nan,nan,nan,nan
21532,215.319,,215.319,False,8.111482086181642,-0.020301401615142822,-0.1560254544019699,0.8194223642349243,nan,nan,nan,nan
21533,215.331,,215.331,False,8.35954202413559,-0.08926757425069809,-0.11240825057029724,0.7693279385566711,nan,nan,nan,nan
21534,215.343,,215.343,False,8.54884212255478,-0.1472160965204239,-0.07635535299777985,0.7367316484451294,nan,nan,nan,nan
21535,215.352,,215.352,False,8.690283930301666,-0.19333142042160034,-0.08370596170425415,0.6990481019020081,nan,nan,nan,nan
21536,215.361,,215.361,False,8.849452157020568,-0.2163136750459671,-0.11098188161849976,0.6589673757553101,nan,nan,nan,nan
21537,215.379,,215.379,False,9.04945032119751,-0.1883937567472458,0.01919696480035782,0.6700899004936218,nan,nan,nan,nan
21538,215.379,,215.379,False,9.04945032119751,-0.1883937567472458,0.01919696480035782,0.6700899004936218,nan,nan,nan,nan
21539,215.394,,215.394,False,9.216046850681305,-0.17088627815246582,0.005061044357717037,0.6623315811157227,nan,nan,nan,nan
21540,215.403,,215.403,False,9.256619510650635,-0.14210699498653412,-0.004361613653600216,0.665718138217926,nan,nan,nan,nan
21541,215.412,,215.412,False,9.278626091480255,-0.11640800535678864,-0.048751745373010635,0.6704801917076111,nan,nan,nan,nan
21542,215.424,,215.424,False,9.339590331315994,-0.06972888112068176,-0.061170052736997604,0.6874666810035706,nan,nan,nan,nan
21543,215.433,,215.433,False,9.410871398448945,-0.04932890459895134,-0.08071503788232803,0.6977038383483887,nan,nan,nan,nan
21544,215.445,,215.445,False,9.398759475946427,-0.04531029239296913,-0.09311431646347046,0.7013691067695618,nan,nan,nan,nan
21545,215.454,,215.454,False,9.36009066939354,-0.041851241141557693,-0.12159840762615204,0.7042897939682007,nan,nan,nan,nan
21546,215.466,,215.466,False,9.292003351449967,-0.04479231312870979,-0.12525734305381775,0.7076631784439087,nan,nan,nan,nan
21547,215.475,,215.475,False,9.239609960317612,-0.048410311341285706,-0.1073165237903595,0.715916633605957,nan,nan,nan,nan
21548,215.484,,215.484,False,9.13472377538681,-0.05642935633659363,-0.08980582654476166,0.7231683135032654,nan,nan,nan,nan
21549,215.496,,215.496,False,9.05360067486763,-0.059653230011463165,-0.06632373481988907,0.7292578220367432,nan,nan,nan,nan
21550,215.505,,215.505,False,8.964998985528947,-0.057629045099020004,-0.046709705144166946,0.7378301620483398,nan,nan,nan,nan
21551,215.514,,215.514,False,8.8396124625206,-0.0559074804186821,-0.006697637960314751,0.7498380541801453,nan,nan,nan,nan
21552,215.529,,215.529,False,8.76930086374283,-0.04608294740319252,0.01369592547416687,0.7610225081443787,nan,nan,nan,nan
21553,215.541,,215.541,False,8.565746423006058,-0.012241934426128864,0.09230678528547287,0.78133225440979,nan,nan,nan,nan
21554,215.541,,215.541,False,8.565746423006058,-0.012241934426128864,0.09230678528547287,0.78133225440979,nan,nan,nan,nan
21555,215.559,,215.559,False,8.517842524051666,0.03591499850153923,0.06209416687488556,0.807117760181427,nan,nan,nan,nan
21556,215.559,,215.559,False,8.517842524051666,0.03591499850153923,0.06209416687488556,0.807117760181427,nan,nan,nan,nan
21557,215.559,,215.559,False,8.517842524051666,0.03591499850153923,0.06209416687488556,0.807117760181427,nan,nan,nan,nan
21558,215.583,,215.583,False,8.46544328570366,0.06121412664651871,0.036157164722681046,0.8175482749938965,nan,nan,nan,nan
21559,215.598,,215.598,False,8.354463132619859,0.07903634756803513,0.0010743588209152222,0.8274413347244263,nan,nan,nan,nan
21560,215.598,,215.598,False,8.354463132619859,0.07903634756803513,0.0010743588209152222,0.8274413347244263,nan,nan,nan,nan
21561,215.616,,215.616,False,8.19556387782097,0.09749850630760193,-0.014721659943461418,0.8412048816680908,nan,nan,nan,nan
21562,215.616,,215.616,False,8.19556387782097,0.09749850630760193,-0.014721659943461418,0.8412048816680908,nan,nan,nan,nan
21563,215.631,,215.631,False,8.104892274141312,0.09141715615987778,-0.003027603030204773,0.8462480902671814,nan,nan,nan,nan
21564,215.649,,215.649,False,7.846662858724595,0.05741596594452858,0.020917678251862526,0.8462772965431213,nan,nan,nan,nan
21565,215.649,,215.649,False,7.846662858724595,0.05741596594452858,0.020917678251862526,0.8462772965431213,nan,nan,nan,nan
21566,215.667,,215.667,False,7.5027471756935125,0.028693297877907753,0.10303763300180435,0.8435549139976501,nan,nan,nan,nan
21567,215.667,,215.667,False,7.5027471756935125,0.028693297877907753,0.10303763300180435,0.8435549139976501,nan,nan,nan,nan
21568,215.685,,215.685,False,7.166035262346268,0.02888992801308632,0.19883054494857788,0.8410475254058838,nan,nan,nan,nan
21569,215.7,,215.7,False,7.036975518465042,0.04632443189620972,0.2180759161710739,0.8398209810256958,nan,nan,nan,nan
21570,215.7,,215.7,False,7.036975518465042,0.04632443189620972,0.2180759161710739,0.8398209810256958,nan,nan,nan,nan
21571,215.7,,215.7,False,7.036975518465042,0.04632443189620972,0.2180759161710739,0.8398209810256958,nan,nan,nan,nan
21572,215.724,,215.724,False,6.781946868896485,0.08303624391555786,0.20726235210895538,0.8237037658691406,nan,nan,nan,nan
21573,215.736,,215.736,False,7.06132449388504,0.12377044558525085,0.04728147014975548,0.8260167837142944,nan,nan,nan,nan
21574,215.751,,215.751,False,7.041563243865967,0.14303447306156158,-0.05962920933961868,0.8247470259666443,nan,nan,nan,nan
21575,215.751,,215.751,False,7.041563243865967,0.14303447306156158,-0.05962920933961868,0.8247470259666443,nan,nan,nan,nan
21576,215.763,,215.763,False,8.31149896144867,-0.03699367120862007,-0.5589196085929871,0.7341485619544983,nan,nan,nan,nan
21577,215.775,,215.775,False,8.047432855367662,-0.12070044875144958,-0.46999359130859375,0.7071155309677124,nan,nan,nan,nan
21578,215.775,,215.775,False,8.047432855367662,-0.12070044875144958,-0.46999359130859375,0.7071155309677124,nan,nan,nan,nan
21579,215.79,,215.79,False,8.571716430187227,-0.2644789218902588,-0.3972090184688568,0.6332825422286987,nan,nan,nan,nan
21580,215.802,,215.802,False,8.867235878705978,-0.38032180070877075,-0.17821650207042694,0.5826256275177002,nan,nan,nan,nan
21581,215.817,,215.817,False,9.116437193155289,-0.4073863625526428,0.048862751573324203,0.5337421894073486,nan,nan,nan,nan
21582,215.817,,215.817,False,9.116437193155289,-0.4073863625526428,0.048862751573324203,0.5337421894073486,nan,nan,nan,nan
21583,215.832,,215.832,False,9.13863205432892,-0.3308556377887726,0.25500616431236267,0.5011313557624817,nan,nan,nan,nan
21584,215.844,,215.844,False,9.353802573680879,-0.21198584139347076,0.2602647542953491,0.5050240755081177,nan,nan,nan,nan
21585,215.853,,215.853,False,9.307664533853531,-0.09526011347770691,0.23004205524921417,0.538267195224762,nan,nan,nan,nan
21586,215.865,,215.865,False,9.40628484249115,-0.026272930204868317,0.09017428755760193,0.5568413734436035,nan,nan,nan,nan
21587,215.88,,215.88,False,9.451865057945252,0.06077719107270241,0.057623740285634995,0.5892412662506104,nan,nan,nan,nan
21588,215.88,,215.88,False,9.451865057945252,0.06077719107270241,0.057623740285634995,0.5892412662506104,nan,nan,nan,nan
21589,215.895,,215.895,False,9.698194220066071,0.11573740839958191,-0.10878148674964905,0.6181222200393677,nan,nan,nan,nan
21590,215.907,,215.907,False,9.677886840105057,0.061050012707710266,-0.2159988135099411,0.6231376528739929,nan,nan,nan,nan
21591,215.919,,215.919,False,9.548374521732331,-0.02555002272129059,-0.349956750869751,0.6232680082321167,nan,nan,nan,nan
21592,215.919,,215.919,False,9.548374521732331,-0.02555002272129059,-0.349956750869751,0.6232680082321167,nan,nan,nan,nan
21593,215.934,,215.934,False,9.250436664819718,-0.10523637384176254,-0.3017842769622803,0.6182997226715088,nan,nan,nan,nan
21594,215.946,,215.946,False,9.160256227254868,-0.12828344106674194,-0.19115975499153137,0.6196608543395996,nan,nan,nan,nan
21595,215.946,,215.946,False,9.160256227254868,-0.12828344106674194,-0.19115975499153137,0.6196608543395996,nan,nan,nan,nan
21596,215.961,,215.961,False,9.044910542964935,-0.12677215039730072,-0.0456634983420372,0.6248953342437744,nan,nan,nan,nan
21597,215.973,,215.973,False,8.661372957229615,-0.08179457485675812,0.23476722836494446,0.6410243511199951,nan,nan,nan,nan
21598,215.985,,215.985,False,8.607615995407105,-0.011035718023777008,0.28866711258888245,0.6592760682106018,nan,nan,nan,nan
21599,215.985,,215.985,False,8.607615995407105,-0.011035718023777008,0.28866711258888245,0.6592760682106018,nan,nan,nan,nan
21600,216.003,,216.003,False,8.254989130496979,0.15967141091823578,0.4728846549987793,0.6915773153305054,nan,nan,nan,nan
21601,216.015,,216.015,False,8.337278165817262,0.21809227764606476,0.3076375424861908,0.7288151979446411,nan,nan,nan,nan
21602,216.03,,216.03,False,8.196661984920501,0.2570684850215912,0.13278385996818542,0.7429406642913818,nan,nan,nan,nan
21603,216.039,,216.039,False,8.225971738100052,0.24694932997226715,-0.04186096787452698,0.7618951797485352,nan,nan,nan,nan
21604,216.048,,216.048,False,8.105343679189682,0.17425671219825745,-0.3151673972606659,0.7747549414634705,nan,nan,nan,nan
21605,216.048,,216.048,False,8.105343679189682,0.17425671219825745,-0.3151673972606659,0.7747549414634705,nan,nan,nan,nan
21606,216.063,,216.063,False,7.973810563087464,0.08150361478328705,-0.3352227509021759,0.780169665813446,nan,nan,nan,nan
21607,216.075,,216.075,False,7.820726948976517,0.03741539269685745,-0.2415812611579895,0.7878903746604919,nan,nan,nan,nan
21608,216.084,,216.084,False,7.7792970871925355,-0.0455949530005455,-0.16978159546852112,0.7791177034378052,nan,nan,nan,nan
21609,216.099,,216.099,False,7.4324624741077425,-0.08736930787563324,0.01529722847044468,0.7586134672164917,nan,nan,nan,nan
21610,216.108,,216.108,False,7.142213705778122,-0.010263420641422272,0.23681983351707458,0.7452377080917358,nan,nan,nan,nan
21608,216.084,,216.084,False,7.7792970871925355,-0.0455949530005455,-0.16978159546852112,0.7791177034378052,nan,nan,nan,nan
21609,216.099,,216.099,False,7.4324624741077425,-0.08736930787563324,0.01529722847044468,0.7586134672164917,nan,nan,nan,nan
21610,216.108,,216.108,False,7.142213705778122,-0.010263420641422272,0.23681983351707458,0.7452377080917358,nan,nan,nan,nan
21611,216.108,,216.108,False,7.142213705778122,-0.010263420641422272,0.23681983351707458,0.7452377080917358,nan,nan,nan,nan
21612,216.123,,216.123,False,6.997739531993866,0.08513728529214859,0.3301485776901245,0.7506440281867981,nan,nan,nan,nan
21613,216.123,,216.123,False,6.997739531993866,0.08513728529214859,0.3301485776901245,0.7506440281867981,nan,nan,nan,nan
21614,216.123,,216.123,False,6.997739531993866,0.08513728529214859,0.3301485776901245,0.7506440281867981,nan,nan,nan,nan
21615,216.15,,216.15,False,6.5516998887062075,0.2775858938694,0.6009488105773926,0.7523406744003296,nan,nan,nan,nan
21616,216.162,,216.162,False,7.355375121831894,0.3336889445781708,0.3323412835597992,0.7820929288864136,nan,nan,nan,nan
21617,216.174,,216.174,False,7.839449733495712,0.21681630611419678,-0.15016186237335205,0.7653278112411499,nan,nan,nan,nan
21618,216.186,,216.186,False,8.174994542598725,-0.050132136791944504,-0.49586865305900574,0.7038959860801697,nan,nan,nan,nan
21619,216.186,,216.186,False,8.174994542598725,-0.050132136791944504,-0.49586865305900574,0.7038959860801697,nan,nan,nan,nan
21620,216.204,,216.204,False,8.193661193847657,-0.2535078525543213,-0.5051121115684509,0.6590360999107361,nan,nan,nan,nan
21621,216.216,,216.216,False,8.878901073932647,-0.6036638021469116,-0.6479553580284119,0.5914211869239807,nan,nan,nan,nan
21622,216.225,,216.225,False,8.843528927564622,-0.7087844610214233,-0.37965863943099976,0.5246818661689758,nan,nan,nan,nan
21623,216.234,,216.234,False,9.211322300434112,-0.6537747979164124,-0.10557720065116882,0.46535825729370117,nan,nan,nan,nan
21624,216.243,,216.243,False,9.257327023744583,-0.41974717378616333,0.19351136684417725,0.4606940746307373,nan,nan,nan,nan
21625,216.255,,216.255,False,9.455901975631715,-0.25665321946144104,0.2732424736022949,0.4591798484325409,nan,nan,nan,nan
21626,216.267,,216.267,False,9.204812010526657,-0.062415383756160736,0.3404732346534729,0.4796708822250366,nan,nan,nan,nan
21627,216.276,,216.276,False,9.232113829851151,0.028169171884655952,0.22316452860832214,0.5171868205070496,nan,nan,nan,nan
21628,216.285,,216.285,False,9.189946049451828,0.10401303321123123,0.16097576916217804,0.5553399324417114,nan,nan,nan,nan
21629,216.297,,216.297,False,9.422198624610902,0.2258634865283966,0.20636530220508575,0.6059842705726624,nan,nan,nan,nan
21630,216.297,,216.297,False,9.422198624610902,0.2258634865283966,0.20636530220508575,0.6059842705726624,nan,nan,nan,nan
21631,216.312,,216.312,False,9.597235025167466,0.3498062789440155,0.19334451854228973,0.6552271246910095,nan,nan,nan,nan
21632,216.327,,216.327,False,9.704504535198213,0.25469067692756653,0.01774546504020691,0.6785215139389038,nan,nan,nan,nan
21633,216.336,,216.336,False,9.534376287460328,0.13237810134887695,-0.15505391359329224,0.6768622994422913,nan,nan,nan,nan
21634,216.345,,216.345,False,9.391192009449005,0.010453411377966404,-0.28738540410995483,0.6751520037651062,nan,nan,nan,nan
21635,216.354,,216.354,False,9.251583888530732,-0.15414272248744965,-0.36810633540153503,0.6785061955451965,nan,nan,nan,nan
21636,216.366,,216.366,False,9.193785331249238,-0.25329703092575073,-0.3038308322429657,0.6716004610061646,nan,nan,nan,nan
21637,216.378,,216.378,False,9.12006714463234,-0.2684643268585205,-0.20181888341903687,0.6691752076148987,nan,nan,nan,nan
21638,216.387,,216.387,False,8.78860369205475,-0.2532894015312195,0.016064710915088654,0.6730862259864807,nan,nan,nan,nan
21639,216.399,,216.399,False,8.765879073143006,-0.08187160640954971,0.1711578518152237,0.6739194393157959,nan,nan,nan,nan
21640,216.408,,216.408,False,8.625924797058106,0.15133166313171387,0.316468209028244,0.6874938011169434,nan,nan,nan,nan
21641,216.408,,216.408,False,8.625924797058106,0.15133166313171387,0.316468209028244,0.6874938011169434,nan,nan,nan,nan
21642,216.432,,216.432,False,8.3780391061306,0.37376052141189575,0.20189696550369263,0.7319276928901672,nan,nan,nan,nan
21643,216.438,,216.438,False,8.243925029039383,0.46318602561950684,0.1362423300743103,0.7537969350814819,nan,nan,nan,nan
21644,216.438,,216.438,False,8.243925029039383,0.46318602561950684,0.1362423300743103,0.7537969350814819,nan,nan,nan,nan
21645,216.45,,216.45,False,8.195264500379563,0.43714606761932373,0.07957428693771362,0.7870875597000122,nan,nan,nan,nan
21646,216.462,,216.462,False,8.164482418298721,0.3650561571121216,0.048901598900556564,0.8123884201049805,nan,nan,nan,nan
21647,216.471,,216.471,False,8.147241318225861,0.2407807856798172,-0.09238730370998383,0.8274956345558167,nan,nan,nan,nan
21648,216.489,,216.489,False,7.89168408036232,-0.02806045114994049,-0.28003090620040894,0.8292810916900635,nan,nan,nan,nan
21649,216.489,,216.489,False,7.89168408036232,-0.02806045114994049,-0.28003090620040894,0.8292810916900635,nan,nan,nan,nan
21650,216.501,,216.501,False,7.591089248657227,-0.19596293568611145,-0.3225225806236267,0.8280423879623413,nan,nan,nan,nan
21651,216.522,,216.522,False,7.204752016067506,-0.235783189535141,-0.1385427713394165,0.7998087406158447,nan,nan,nan,nan
21652,216.522,,216.522,False,7.204752016067506,-0.235783189535141,-0.1385427713394165,0.7998087406158447,nan,nan,nan,nan
21653,216.534,,216.534,False,6.91600832104683,-0.14680925011634827,0.01075682695955038,0.7849810719490051,nan,nan,nan,nan
21654,216.549,,216.549,False,6.812571076154709,0.004948391579091549,0.10073740780353546,0.7716138958930969,nan,nan,nan,nan
21655,216.549,,216.549,False,6.812571076154709,0.004948391579091549,0.10073740780353546,0.7716138958930969,nan,nan,nan,nan
21656,216.561,,216.561,False,7.439040591716767,0.2716695964336395,0.460309773683548,0.7427395582199097,nan,nan,nan,nan
21657,216.57,,216.57,False,8.169520379304887,0.23031067848205566,0.3633995056152344,0.7488391399383545,nan,nan,nan,nan
21658,216.582,,216.582,False,8.19312325000763,0.1402032971382141,0.19091758131980896,0.7196962833404541,nan,nan,nan,nan
21659,216.594,,216.594,False,8.522624377012253,0.048351455479860306,-0.03791344165802002,0.701132595539093,nan,nan,nan,nan
